order_id,order_date,product_id,product_name,customer_id,quantity,unit_price
ORD00001,2025-12-11,PROD002,Smartphone,CUST0094,1.0,25000
ORD00002,2025-06-23,PROD013,Bookshelf,CUST0008,1.0,7000
ORD00003,2025-04-08,PROD007,Headphones,CUST0032,5.0,2200
ORD00004,2025-08-05,PROD005,Keyboard,CUST0058,2.0,1800
ORD00005,2025-05-08,PROD015,Storage Cabinet,CUST0036,1.0,9500
ORD00006,2025-10-09,PROD026,Coffee Maker,CUST0057,1.0,6500
ORD00007,2025-10-04,PROD021,Notebook,CUST0007,1.0,120
ORD00008,2025-05-02,PROD030,Vacuum Cleaner,CUST0012,2.0,9000
ORD00009,2025-09-04,PROD016,Printer,CUST0053,2.0,15000
ORD00010,2025-01-31,PROD029,Air Purifier,CUST0052,2.0,15000
ORD00011,2025-07-19,PROD001,Laptop,,3.0,55000
ORD00012,2025-08-05,PROD010,Power Bank,CUST0059,5.0,1800
ORD00013,2025-09-07,PROD023,Marker Pack,CUST0085,2.0,250
ORD00014,2025-04-22,PROD010,Power Bank,CUST0025,1.0,1800
ORD00015,2025-10-05,PROD024,File Folder,CUST0075,1.0,100
ORD00016,2025-01-30,PROD011,Office Chair,CUST0096,1.0,8500
ORD00017,2025-09-15,PROD016,Printer,CUST0075,5.0,15000
ORD00018,2025-09-18,PROD002,Smartphone,CUST0021,1.0,25000
ORD00019,2025-11-01,PROD003,Tablet,CUST0024,1.0,18000
ORD00020,2025-05-01,PROD028,Microwave,CUST0087,4.0,11000
ORD00021,2025-10-19,PROD029,Air Purifier,CUST0016,2.0,15000
ORD00022,2025-01-21,PROD020,WiFi Extender,CUST0075,5.0,2800
ORD00023,2025-12-03,PROD014,Desk Lamp,CUST0011,5.0,1800
ORD00024,2025-06-11,PROD017,Scanner,CUST0073,3.0,11000
ORD00025,2025-06-10,PROD022,Pen Pack,CUST0027,2.0,150
ORD00026,2025-03-09,PROD013,Bookshelf,CUST0034,,7000
ORD00027,2025-02-07,PROD011,Office Chair,CUST0059,1.0,8500
ORD00028,2025-10-16,PROD020,WiFi Extender,CUST0059,1.0,2800
ORD00029,2025-04-20,PROD018,Projector,CUST0010,5.0,30000
ORD00030,2025-06-28,PROD005,Keyboard,CUST0034,1.0,1800
ORD00031,2025-05-26,PROD012,Office Table,CUST0032,2.0,12000
ORD00032,2025-10-06,PROD027,Electric Kettle,CUST0057,3.0,2200
ORD00033,2025-12-01,PROD026,Coffee Maker,CUST0079,5.0,6500
ORD00034,2025-10-11,PROD022,Pen Pack,CUST0002,3.0,150
ORD00035,2025-03-10,PROD004,Monitor,CUST0085,3.0,12000
ORD00036,2025-02-24,PROD029,Air Purifier,CUST0015,5.0,15000
ORD00037,2025-05-25,PROD009,USB Hub,CUST0020,5.0,1200
ORD00038,2025-06-25,PROD023,Marker Pack,CUST0027,2.0,250
ORD00039,2025-05-16,PROD021,Notebook,CUST0088,5.0,120
ORD00040,2025-01-27,PROD009,USB Hub,CUST0063,1.0,1200
ORD00041,2025-05-22,PROD014,Desk Lamp,CUST0082,1.0,1800
ORD00042,2025-03-08,PROD011,Office Chair,CUST0001,3.0,8500
ORD00043,2025-08-15,PROD024,File Folder,CUST0021,5.0,100
ORD00044,2025-10-15,PROD014,Desk Lamp,CUST0091,1.0,1800
ORD00045,2025-12-20,PROD003,Tablet,CUST0015,2.0,18000
ORD00046,2025-07-09,PROD002,Smartphone,CUST0070,5.0,25000
ORD00047,2025-08-09,PROD005,Keyboard,CUST0071,2.0,1800
ORD00048,2025-07-06,PROD010,Power Bank,CUST0006,1.0,1800
ORD00049,2025-12-16,PROD007,Headphones,CUST0046,2.0,2200
ORD00050,2025-07-01,PROD004,Monitor,CUST0086,5.0,12000
ORD00051,2025-03-21,PROD020,WiFi Extender,CUST0053,2.0,2800
ORD00052,2025-04-01,PROD026,Coffee Maker,CUST0021,4.0,6500
ORD00053,2025-06-20,PROD006,Mouse,CUST0004,4.0,900
ORD00054,2025-05-08,PROD028,Microwave,CUST0086,3.0,11000
ORD00055,2025-12-26,PROD026,Coffee Maker,CUST0021,1.0,6500
ORD00056,2025-01-20,PROD028,Microwave,CUST0049,4.0,11000
ORD00057,2025-08-24,PROD007,Headphones,CUST0029,3.0,2200
ORD00058,2025-04-27,PROD027,Electric Kettle,CUST0040,2.0,2200
ORD00059,2025-04-09,PROD022,Pen Pack,CUST0004,4.0,150
ORD00060,2025-02-05,PROD009,USB Hub,CUST0043,3.0,1200
ORD00061,2025-09-18,PROD021,Notebook,CUST0045,4.0,120
ORD00062,2025-10-02,PROD027,Electric Kettle,CUST0087,3.0,2200
ORD00063,2025-05-14,PROD004,Monitor,CUST0004,2.0,12000
ORD00064,2025-01-20,PROD009,USB Hub,CUST0075,1.0,1200
ORD00065,2025-06-26,PROD014,Desk Lamp,CUST0077,3.0,1800
ORD00066,2025-09-19,PROD020,WiFi Extender,CUST0056,1.0,2800
ORD00067,2025-10-23,PROD029,Air Purifier,CUST0050,2.0,15000
ORD00068,2025-12-29,PROD002,Smartphone,CUST0033,4.0,25000
ORD00069,2025-10-03,PROD017,Scanner,CUST0001,2.0,11000
ORD00070,2025-02-05,PROD014,Desk Lamp,CUST0047,3.0,1800
ORD00071,2025-12-06,PROD011,Office Chair,CUST0080,1.0,8500
ORD00072,2025-06-03,PROD029,Air Purifier,CUST0093,5.0,15000
ORD00073,2025-07-29,PROD022,Pen Pack,CUST0040,3.0,150
ORD00074,2025-06-01,PROD023,Marker Pack,CUST0052,5.0,250
ORD00075,2025-08-04,PROD007,Headphones,CUST0017,4.0,2200
ORD00076,2025-03-31,PROD024,File Folder,CUST0087,5.0,100
ORD00077,2025-07-27,PROD010,Power Bank,CUST0073,5.0,1800
ORD00078,2025-05-27,PROD010,Power Bank,CUST0001,2.0,1800
ORD00079,2025-10-24,PROD026,Coffee Maker,CUST0056,5.0,6500
ORD00080,2025-08-27,PROD011,Office Chair,CUST0084,4.0,8500
ORD00081,2025-04-20,PROD022,Pen Pack,CUST0057,5.0,150
ORD00082,2025-03-28,PROD026,Coffee Maker,CUST0061,1.0,6500
ORD00083,2025-12-06,PROD017,Scanner,CUST0037,5.0,11000
ORD00084,2025-05-01,PROD003,Tablet,CUST0043,3.0,18000
ORD00085,2025-04-12,PROD026,Coffee Maker,CUST0029,2.0,6500
ORD00086,2025-05-06,PROD002,Smartphone,CUST0004,4.0,25000
ORD00087,2025-02-07,PROD028,Microwave,CUST0079,4.0,11000
ORD00088,2025-11-19,PROD029,Air Purifier,CUST0054,5.0,15000
ORD00089,2025-12-23,PROD023,Marker Pack,CUST0025,4.0,250
ORD00090,2025-05-05,PROD013,Bookshelf,CUST0064,2.0,7000
ORD00091,2025-01-03,PROD023,Marker Pack,CUST0084,1.0,250
ORD00092,2025-04-23,PROD014,Desk Lamp,CUST0100,2.0,1800
ORD00093,2025-08-26,PROD017,Scanner,CUST0090,1.0,11000
ORD00094,2025-03-04,PROD008,Webcam,CUST0072,4.0,3500
ORD00095,2025-08-26,PROD026,Coffee Maker,CUST0018,5.0,6500
ORD00096,2025-06-12,PROD020,WiFi Extender,CUST0072,4.0,2800
ORD00097,2025-09-16,PROD027,Electric Kettle,CUST0079,4.0,2200
ORD00098,2025-03-23,PROD015,Storage Cabinet,CUST0071,4.0,9500
ORD00099,2025-05-07,PROD009,USB Hub,CUST0058,3.0,1200
ORD00100,2025-09-24,PROD025,Calculator,CUST0099,4.0,700
ORD00101,2025-05-21,PROD008,Webcam,CUST0081,4.0,3500
ORD00102,2025-05-27,PROD023,Marker Pack,CUST0010,2.0,250
ORD00103,2025-06-13,PROD011,Office Chair,CUST0035,5.0,8500
ORD00104,2025-03-19,PROD005,Keyboard,CUST0011,2.0,1800
ORD00105,2025-03-20,PROD023,Marker Pack,CUST0050,2.0,250
ORD00106,2025-07-28,PROD014,Desk Lamp,CUST0009,3.0,1800
ORD00107,2025-08-01,PROD015,Storage Cabinet,CUST0070,1.0,9500
ORD00108,2025-08-04,PROD027,Electric Kettle,CUST0027,4.0,2200
ORD00109,2025-12-23,PROD019,Router,CUST0099,1.0,4500
ORD00110,2025-07-14,PROD019,Router,CUST0098,4.0,4500
ORD00111,2025-06-02,PROD012,Office Table,CUST0001,4.0,12000
ORD00112,2025-10-07,PROD018,Projector,CUST0054,5.0,30000
ORD00113,2025-04-23,PROD016,Printer,CUST0029,3.0,15000
ORD00114,2025-01-15,PROD016,Printer,CUST0056,4.0,15000
ORD00115,2025-12-14,PROD022,Pen Pack,CUST0044,4.0,150
ORD00116,2025-08-28,PROD006,Mouse,CUST0093,2.0,900
ORD00117,2025-01-14,PROD018,Projector,CUST0080,4.0,30000
ORD00118,2025-12-06,PROD019,Router,CUST0076,1.0,4500
ORD00119,2025-08-08,PROD021,Notebook,CUST0011,2.0,120
ORD00120,2025-01-26,PROD006,Mouse,CUST0060,3.0,900
ORD00121,2025-04-19,PROD011,Office Chair,CUST0049,4.0,8500
ORD00122,2025-07-14,PROD011,Office Chair,CUST0042,3.0,8500
ORD00123,2025-08-04,PROD027,Electric Kettle,CUST0097,3.0,2200
ORD00124,2025-01-10,PROD016,Printer,CUST0011,5.0,15000
ORD00125,2025-04-25,PROD012,Office Table,CUST0007,1.0,12000
ORD00126,2025-01-21,PROD021,Notebook,CUST0100,1.0,120
ORD00127,2025-01-11,PROD007,Headphones,CUST0032,5.0,2200
ORD00128,2025-03-06,PROD008,Webcam,CUST0020,4.0,3500
ORD00129,2025-10-16,PROD004,Monitor,CUST0086,2.0,12000
ORD00130,2025-05-12,PROD023,Marker Pack,CUST0060,3.0,250
ORD00131,2025-11-07,PROD020,WiFi Extender,CUST0022,1.0,2800
ORD00132,2025-03-25,PROD027,Electric Kettle,CUST0100,3.0,2200
ORD00133,2025-01-14,PROD019,Router,CUST0014,3.0,4500
ORD00134,2025-07-12,PROD022,Pen Pack,CUST0074,4.0,150
ORD00135,2025-02-08,PROD007,Headphones,CUST0092,5.0,2200
ORD00136,2025-11-18,PROD027,Electric Kettle,CUST0089,2.0,2200
ORD00137,2025-06-04,PROD023,Marker Pack,CUST0014,5.0,250
ORD00138,2025-10-17,PROD026,Coffee Maker,CUST0016,1.0,6500
ORD00139,2025-08-08,PROD018,Projector,CUST0045,3.0,30000
ORD00140,2025-11-28,PROD017,Scanner,CUST0009,3.0,11000
ORD00141,2025-08-04,PROD028,Microwave,CUST0002,4.0,11000
ORD00142,2025-07-05,PROD014,Desk Lamp,CUST0014,4.0,1800
ORD00143,2025-08-11,PROD005,Keyboard,CUST0091,2.0,1800
ORD00144,2025-11-30,PROD017,Scanner,CUST0094,3.0,11000
ORD00145,2025-10-03,PROD026,Coffee Maker,CUST0079,4.0,6500
ORD00146,2025-10-31,PROD014,Desk Lamp,CUST0060,3.0,1800
ORD00147,2025-05-06,PROD028,Microwave,CUST0042,1.0,11000
ORD00148,2025-08-19,PROD029,Air Purifier,CUST0036,2.0,15000
ORD00149,2025-10-19,PROD015,Storage Cabinet,CUST0097,5.0,9500
ORD00150,2025-06-22,PROD013,Bookshelf,CUST0086,1.0,7000
ORD00151,2025-06-16,PROD028,Microwave,CUST0064,2.0,11000
ORD00152,2025-07-01,PROD007,Headphones,CUST0063,3.0,2200
ORD00153,2025-11-02,PROD009,USB Hub,CUST0044,3.0,1200
ORD00154,2025-09-22,PROD001,Laptop,CUST0072,2.0,55000
ORD00155,2025-07-28,PROD008,Webcam,CUST0011,4.0,3500
ORD00156,2025-05-04,PROD025,Calculator,CUST0072,4.0,700
ORD00157,2025-09-09,PROD023,Marker Pack,CUST0083,4.0,250
ORD00158,2025-05-31,PROD003,Tablet,CUST0003,2.0,18000
ORD00159,2025-05-05,PROD023,Marker Pack,CUST0052,3.0,250
ORD00160,2025-07-08,PROD019,Router,CUST0085,4.0,4500
ORD00161,2025-06-26,PROD017,Scanner,CUST0071,4.0,11000
ORD00162,2025-06-19,PROD018,Projector,CUST0096,3.0,30000
ORD00163,2025-05-19,PROD015,Storage Cabinet,CUST0090,3.0,9500
ORD00164,2025-03-03,PROD008,Webcam,CUST0033,2.0,3500
ORD00165,2025-10-02,PROD004,Monitor,CUST0041,2.0,12000
ORD00166,2025-09-05,PROD007,Headphones,CUST0025,3.0,2200
ORD00167,2025-09-26,PROD019,Router,CUST0093,5.0,4500
ORD00168,2025-04-10,PROD004,Monitor,CUST0037,3.0,12000
ORD00169,2025-04-02,PROD012,Office Table,CUST0030,3.0,12000
ORD00170,2025-10-01,PROD023,Marker Pack,CUST0002,2.0,250
ORD00171,2025-01-28,PROD002,Smartphone,CUST0036,5.0,25000
ORD00172,2025-03-06,PROD023,Marker Pack,CUST0038,4.0,250
ORD00173,2025-01-07,PROD028,Microwave,CUST0014,5.0,11000
ORD00174,2025-09-03,PROD016,Printer,CUST0037,4.0,15000
ORD00175,2025-01-27,PROD006,Mouse,CUST0044,3.0,900
ORD00176,2025-02-03,PROD004,Monitor,CUST0062,4.0,12000
ORD00177,2025-10-23,PROD003,Tablet,CUST0063,1.0,18000
ORD00178,2025-10-16,PROD005,Keyboard,CUST0020,3.0,1800
ORD00179,2025-03-02,PROD008,Webcam,CUST0011,5.0,3500
ORD00180,2025-11-07,PROD014,Desk Lamp,CUST0098,5.0,1800
ORD00181,2025-09-25,PROD008,Webcam,CUST0080,4.0,3500
ORD00182,2025-08-15,PROD030,Vacuum Cleaner,CUST0058,3.0,9000
ORD00183,2025-06-06,PROD014,Desk Lamp,CUST0076,5.0,1800
ORD00184,2025-11-09,PROD002,Smartphone,CUST0080,1.0,25000
ORD00185,2025-11-17,PROD007,Headphones,CUST0098,2.0,2200
ORD00186,2025-02-11,PROD022,Pen Pack,CUST0034,2.0,150
ORD00187,2025-10-10,PROD006,Mouse,CUST0031,1.0,900
ORD00188,2025-07-29,PROD001,Laptop,CUST0021,4.0,55000
ORD00189,2025-08-29,PROD020,WiFi Extender,CUST0089,3.0,2800
ORD00190,2025-05-28,PROD008,Webcam,CUST0005,3.0,3500
ORD00191,2025-08-21,PROD028,Microwave,CUST0090,1.0,11000
ORD00192,2025-05-16,PROD008,Webcam,CUST0088,5.0,3500
ORD00193,2025-04-12,PROD026,Coffee Maker,CUST0085,4.0,6500
ORD00194,2025-04-26,PROD018,Projector,CUST0015,2.0,30000
ORD00195,2025-03-14,PROD027,Electric Kettle,CUST0035,1.0,2200
ORD00196,2025-06-07,PROD006,Mouse,CUST0008,5.0,900
ORD00197,2025-10-19,PROD027,Electric Kettle,CUST0096,3.0,2200
ORD00198,2025-08-28,PROD004,Monitor,CUST0057,3.0,12000
ORD00199,2025-05-20,PROD013,Bookshelf,CUST0090,5.0,7000
ORD00200,2025-08-13,PROD016,Printer,CUST0070,1.0,15000
ORD00201,2025-08-10,PROD002,Smartphone,CUST0077,3.0,25000
ORD00202,2025-01-14,PROD009,USB Hub,CUST0078,1.0,1200
ORD00203,2025-10-22,PROD022,Pen Pack,CUST0030,5.0,150
ORD00204,2025-12-11,PROD025,Calculator,CUST0003,3.0,700
ORD00205,2025-03-31,PROD002,Smartphone,CUST0074,4.0,25000
ORD00206,2025-08-15,PROD021,Notebook,CUST0067,3.0,120
ORD00207,2025-08-12,PROD019,Router,CUST0024,4.0,4500
ORD00208,2025-06-28,PROD016,Printer,CUST0012,4.0,15000
ORD00209,2025-12-10,PROD011,Office Chair,CUST0043,1.0,8500
ORD00210,2025-07-30,PROD011,Office Chair,CUST0021,4.0,8500
ORD00211,2025-07-25,PROD022,Pen Pack,CUST0037,5.0,150
ORD00212,2025-02-15,PROD015,Storage Cabinet,CUST0005,3.0,9500
ORD00213,2025-03-01,PROD011,Office Chair,CUST0033,4.0,8500
ORD00214,2025-01-01,PROD027,Electric Kettle,CUST0066,5.0,2200
ORD00215,2025-01-28,PROD014,Desk Lamp,CUST0060,2.0,1800
ORD00216,2025-11-15,PROD012,Office Table,CUST0067,4.0,12000
ORD00217,2025-01-27,PROD015,Storage Cabinet,CUST0081,2.0,9500
ORD00218,2025-03-09,PROD018,Projector,CUST0035,3.0,30000
ORD00219,2025-12-24,PROD029,Air Purifier,CUST0057,4.0,15000
ORD00220,2025-11-19,PROD001,Laptop,CUST0016,5.0,55000
ORD00221,2025-03-23,PROD023,Marker Pack,CUST0031,3.0,250
ORD00222,2025-10-10,PROD001,Laptop,CUST0071,4.0,55000
ORD00223,2025-02-28,PROD008,Webcam,CUST0012,4.0,3500
ORD00224,2025-03-20,PROD021,Notebook,CUST0016,4.0,120
ORD00225,2025-09-18,PROD010,Power Bank,CUST0092,3.0,1800
ORD00226,2025-09-05,PROD027,Electric Kettle,CUST0054,4.0,2200
ORD00227,2025-10-10,PROD015,Storage Cabinet,CUST0032,2.0,9500
ORD00228,2025-11-03,PROD007,Headphones,CUST0050,5.0,2200
ORD00229,2025-03-11,PROD029,Air Purifier,CUST0096,1.0,15000
ORD00230,2025-08-01,PROD025,Calculator,CUST0036,3.0,700
ORD00231,2025-01-02,PROD009,USB Hub,CUST0065,3.0,1200
ORD00232,2025-10-28,PROD010,Power Bank,CUST0093,5.0,1800
ORD00233,2025-03-18,PROD016,Printer,CUST0085,4.0,15000
ORD00234,2025-06-26,PROD016,Printer,CUST0069,3.0,15000
ORD00235,2025-10-06,PROD025,Calculator,CUST0071,4.0,700
ORD00236,2025-06-14,PROD030,Vacuum Cleaner,CUST0059,2.0,9000
ORD00237,2025-10-20,PROD008,Webcam,CUST0090,4.0,3500
ORD00238,2025-07-30,PROD028,Microwave,CUST0030,1.0,11000
ORD00239,2025-08-31,PROD024,File Folder,CUST0041,4.0,100
ORD00240,2025-11-30,PROD022,Pen Pack,CUST0050,2.0,150
ORD00241,2025-03-06,PROD002,Smartphone,CUST0064,5.0,25000
ORD00242,2025-02-21,PROD011,Office Chair,CUST0076,4.0,8500
ORD00243,2025-08-22,PROD017,Scanner,CUST0013,1.0,11000
ORD00244,2025-07-29,PROD005,Keyboard,CUST0093,2.0,1800
ORD00245,2025-05-16,PROD016,Printer,CUST0010,3.0,15000
ORD00246,2025-07-23,PROD023,Marker Pack,CUST0080,1.0,250
ORD00247,2025-12-12,PROD028,Microwave,CUST0043,5.0,11000
ORD00248,2025-11-17,PROD011,Office Chair,CUST0049,4.0,8500
ORD00249,2025-11-13,PROD002,Smartphone,CUST0070,1.0,25000
ORD00250,2025-12-17,PROD021,Notebook,CUST0031,3.0,120
ORD00251,2025-02-16,PROD024,File Folder,CUST0030,4.0,100
ORD00252,2025-11-21,PROD025,Calculator,CUST0013,1.0,700
ORD00253,2025-12-22,PROD006,Mouse,CUST0057,3.0,900
ORD00254,2025-06-16,PROD002,Smartphone,CUST0004,1.0,25000
ORD00255,2025-07-11,PROD012,Office Table,CUST0038,4.0,12000
ORD00256,2025-09-29,PROD008,Webcam,CUST0019,4.0,3500
ORD00257,2025-04-03,PROD022,Pen Pack,CUST0073,2.0,150
ORD00258,2025-11-09,PROD003,Tablet,CUST0023,4.0,18000
ORD00259,2025-05-04,PROD022,Pen Pack,CUST0080,4.0,150
ORD00260,2025-04-29,PROD005,Keyboard,CUST0075,4.0,1800
ORD00261,2025-08-24,PROD009,USB Hub,CUST0082,3.0,1200
ORD00262,2025-08-27,PROD001,Laptop,CUST0086,3.0,55000
ORD00263,2025-03-22,PROD018,Projector,CUST0087,1.0,30000
ORD00264,2025-10-28,PROD012,Office Table,CUST0057,3.0,12000
ORD00265,2025-12-20,PROD014,Desk Lamp,CUST0082,3.0,1800
ORD00266,2025-06-04,PROD028,Microwave,CUST0059,2.0,11000
ORD00267,2025-09-05,PROD028,Microwave,CUST0050,1.0,11000
ORD00268,2025-10-20,PROD013,Bookshelf,CUST0031,3.0,7000
ORD00269,2025-12-25,PROD010,Power Bank,CUST0074,3.0,1800
ORD00270,2025-12-04,PROD027,Electric Kettle,CUST0003,4.0,2200
ORD00271,2025-10-17,PROD001,Laptop,CUST0036,1.0,55000
ORD00272,2025-09-12,PROD024,File Folder,CUST0078,3.0,100
ORD00273,2025-04-28,PROD026,Coffee Maker,CUST0100,5.0,6500
ORD00274,2025-11-22,PROD008,Webcam,CUST0046,2.0,3500
ORD00275,2025-12-14,PROD009,USB Hub,CUST0080,2.0,1200
ORD00276,2025-11-18,PROD004,Monitor,CUST0081,1.0,12000
ORD00277,2025-08-14,PROD026,Coffee Maker,CUST0040,1.0,6500
ORD00278,2025-03-09,PROD012,Office Table,CUST0075,1.0,12000
ORD00279,2025-08-01,PROD011,Office Chair,CUST0038,2.0,8500
ORD00280,2025-10-04,PROD005,Keyboard,CUST0026,3.0,1800
ORD00281,2025-05-20,PROD017,Scanner,CUST0068,2.0,11000
ORD00282,2025-09-04,PROD030,Vacuum Cleaner,CUST0033,3.0,9000
ORD00283,2025-06-23,PROD028,Microwave,CUST0096,1.0,11000
ORD00284,2025-03-14,PROD003,Tablet,CUST0060,2.0,18000
ORD00285,2025-12-12,PROD024,File Folder,CUST0087,4.0,100
ORD00286,2025-02-16,PROD012,Office Table,CUST0072,4.0,12000
ORD00287,2025-10-02,PROD009,USB Hub,CUST0002,1.0,1200
ORD00288,2025-12-11,PROD012,Office Table,CUST0059,3.0,12000
ORD00289,2025-11-23,PROD013,Bookshelf,CUST0075,3.0,7000
ORD00290,2025-04-30,PROD022,Pen Pack,CUST0014,4.0,150
ORD00291,2025-10-15,PROD020,WiFi Extender,CUST0004,3.0,2800
ORD00292,2025-11-28,PROD008,Webcam,CUST0079,1.0,3500
ORD00293,2025-08-26,PROD027,Electric Kettle,CUST0082,3.0,2200
ORD00294,2025-03-01,PROD014,Desk Lamp,CUST0084,2.0,1800
ORD00295,2025-06-05,PROD002,Smartphone,CUST0006,4.0,25000
ORD00296,2025-05-01,PROD004,Monitor,CUST0015,5.0,12000
ORD00297,2025-08-21,PROD013,Bookshelf,CUST0018,3.0,7000
ORD00298,2025-12-23,PROD024,File Folder,CUST0086,5.0,100
ORD00299,2025-03-21,PROD019,Router,CUST0054,4.0,4500
ORD00300,2025-09-08,PROD004,Monitor,CUST0084,5.0,12000
ORD00301,2025-01-17,PROD009,USB Hub,CUST0053,3.0,1200
ORD00302,2025-08-16,PROD015,Storage Cabinet,CUST0028,2.0,9500
ORD00303,2025-12-18,PROD004,Monitor,CUST0047,3.0,12000
ORD00304,2025-11-27,PROD029,Air Purifier,CUST0070,3.0,15000
ORD00305,2025-05-22,PROD013,Bookshelf,CUST0008,2.0,7000
ORD00306,2025-08-21,PROD028,Microwave,CUST0016,1.0,11000
ORD00307,2025-11-25,PROD007,Headphones,CUST0085,5.0,2200
ORD00308,2025-06-20,PROD002,Smartphone,CUST0003,2.0,25000
ORD00309,2025-10-17,PROD026,Coffee Maker,CUST0017,2.0,6500
ORD00310,2025-10-11,PROD027,Electric Kettle,CUST0009,2.0,2200
ORD00311,2025-04-30,PROD007,Headphones,CUST0076,3.0,2200
ORD00312,2025-11-02,PROD005,Keyboard,CUST0100,1.0,1800
ORD00313,2025-03-16,PROD028,Microwave,CUST0036,2.0,11000
ORD00314,2025-03-31,PROD009,USB Hub,CUST0070,1.0,1200
ORD00315,2025-01-14,PROD028,Microwave,CUST0085,2.0,11000
ORD00316,2025-05-02,PROD012,Office Table,CUST0002,5.0,12000
ORD00317,2025-03-31,PROD001,Laptop,CUST0042,3.0,55000
ORD00318,2025-08-04,PROD005,Keyboard,CUST0007,5.0,1800
ORD00319,2025-02-02,PROD024,File Folder,CUST0015,4.0,100
ORD00320,2025-07-05,PROD025,Calculator,CUST0058,5.0,700
ORD00321,2025-08-20,PROD004,Monitor,CUST0076,5.0,12000
ORD00322,2025-01-23,PROD020,WiFi Extender,CUST0029,5.0,2800
ORD00323,2025-11-26,PROD015,Storage Cabinet,CUST0039,1.0,9500
ORD00324,2025-07-25,PROD016,Printer,CUST0008,4.0,15000
ORD00325,2025-09-09,PROD004,Monitor,CUST0088,4.0,12000
ORD00326,2025-02-11,PROD029,Air Purifier,CUST0010,3.0,15000
ORD00327,2025-02-03,PROD005,Keyboard,CUST0078,2.0,1800
ORD00328,2025-11-21,PROD020,WiFi Extender,CUST0036,5.0,2800
ORD00329,2025-06-16,PROD023,Marker Pack,CUST0071,4.0,250
ORD00330,2025-05-31,PROD017,Scanner,CUST0077,4.0,11000
ORD00331,2025-08-09,PROD020,WiFi Extender,CUST0065,1.0,2800
ORD00332,2025-12-02,PROD004,Monitor,CUST0090,5.0,12000
ORD00333,2025-04-21,PROD028,Microwave,CUST0093,4.0,11000
ORD00334,2025-04-27,PROD029,Air Purifier,CUST0058,4.0,15000
ORD00335,2025-08-21,PROD027,Electric Kettle,CUST0044,4.0,2200
ORD00336,2025-02-18,PROD024,File Folder,CUST0054,3.0,100
ORD00337,2025-12-07,PROD011,Office Chair,CUST0055,3.0,8500
ORD00338,2025-12-18,PROD005,Keyboard,CUST0048,4.0,1800
ORD00339,2025-02-13,PROD003,Tablet,CUST0009,1.0,18000
ORD00340,2025-07-10,PROD004,Monitor,CUST0056,2.0,12000
ORD00341,2025-10-28,PROD002,Smartphone,CUST0072,5.0,25000
ORD00342,2025-12-10,PROD011,Office Chair,CUST0072,1.0,8500
ORD00343,2025-12-07,PROD012,Office Table,CUST0053,4.0,12000
ORD00344,2025-05-28,PROD002,Smartphone,CUST0093,5.0,25000
ORD00345,2025-02-23,PROD012,Office Table,CUST0040,5.0,12000
ORD00346,2025-03-21,PROD007,Headphones,CUST0065,4.0,2200
ORD00347,2025-02-25,PROD028,Microwave,CUST0029,3.0,11000
ORD00348,2025-02-28,PROD012,Office Table,CUST0072,3.0,12000
ORD00349,2025-08-08,PROD008,Webcam,CUST0074,5.0,3500
ORD00350,2025-11-15,PROD027,Electric Kettle,CUST0099,5.0,2200
ORD00351,2025-10-13,PROD021,Notebook,CUST0087,1.0,120
ORD00352,2025-12-03,PROD030,Vacuum Cleaner,CUST0078,3.0,9000
ORD00353,2025-05-20,PROD006,Mouse,CUST0004,3.0,900
ORD00354,2025-01-04,PROD012,Office Table,CUST0044,2.0,12000
ORD00355,2025-12-03,PROD019,Router,CUST0019,4.0,4500
ORD00356,2025-11-21,PROD005,Keyboard,CUST0009,1.0,1800
ORD00357,2025-09-29,PROD024,File Folder,CUST0012,2.0,100
ORD00358,2025-08-21,PROD014,Desk Lamp,CUST0049,3.0,1800
ORD00359,2025-06-09,PROD012,Office Table,CUST0021,3.0,12000
ORD00360,2025-11-02,PROD019,Router,CUST0100,1.0,4500
ORD00361,2025-03-22,PROD005,Keyboard,CUST0007,5.0,1800
ORD00362,2025-02-11,PROD022,Pen Pack,CUST0007,3.0,150
ORD00363,2025-08-06,PROD022,Pen Pack,CUST0057,4.0,150
ORD00364,2025-08-01,PROD015,Storage Cabinet,CUST0078,3.0,9500
ORD00365,2025-09-20,PROD025,Calculator,CUST0028,1.0,700
ORD00366,2025-02-26,PROD014,Desk Lamp,CUST0045,3.0,1800
ORD00367,2025-10-31,PROD022,Pen Pack,CUST0087,4.0,150
ORD00368,2025-06-07,PROD022,Pen Pack,CUST0068,1.0,150
ORD00369,2025-11-03,PROD013,Bookshelf,CUST0029,1.0,7000
ORD00370,2025-06-04,PROD007,Headphones,CUST0001,2.0,2200
ORD00371,2025-05-11,PROD005,Keyboard,CUST0099,3.0,1800
ORD00372,2025-01-04,PROD004,Monitor,CUST0042,4.0,12000
ORD00373,2025-03-31,PROD014,Desk Lamp,CUST0096,2.0,1800
ORD00374,2025-12-27,PROD018,Projector,CUST0049,2.0,30000
ORD00375,2025-12-09,PROD018,Projector,CUST0065,3.0,30000
ORD00376,2025-01-22,PROD013,Bookshelf,CUST0010,4.0,7000
ORD00377,2025-02-09,PROD015,Storage Cabinet,CUST0003,3.0,9500
ORD00378,2025-10-21,PROD014,Desk Lamp,CUST0074,4.0,1800
ORD00379,2025-08-02,PROD021,Notebook,CUST0091,3.0,120
ORD00380,2025-01-11,PROD013,Bookshelf,CUST0015,3.0,7000
ORD00381,2025-11-13,PROD026,Coffee Maker,CUST0022,4.0,6500
ORD00382,2025-07-05,PROD030,Vacuum Cleaner,CUST0089,1.0,9000
ORD00383,2025-02-24,PROD028,Microwave,CUST0056,2.0,11000
ORD00384,2025-07-25,PROD019,Router,CUST0056,5.0,4500
ORD00385,2025-06-08,PROD013,Bookshelf,CUST0011,3.0,7000
ORD00386,2025-03-28,PROD011,Office Chair,CUST0029,1.0,8500
ORD00387,2025-02-28,PROD021,Notebook,CUST0066,5.0,120
ORD00388,2025-06-28,PROD007,Headphones,CUST0066,3.0,2200
ORD00389,2025-11-27,PROD027,Electric Kettle,CUST0094,2.0,2200
ORD00390,2025-03-16,PROD004,Monitor,CUST0031,3.0,12000
ORD00391,2025-11-05,PROD006,Mouse,CUST0026,2.0,900
ORD00392,2025-12-02,PROD025,Calculator,CUST0098,1.0,700
ORD00393,2025-11-18,PROD025,Calculator,CUST0023,4.0,700
ORD00394,2025-10-16,PROD025,Calculator,CUST0060,5.0,700
ORD00395,2025-10-17,PROD022,Pen Pack,CUST0058,5.0,150
ORD00396,2025-11-18,PROD028,Microwave,CUST0042,3.0,11000
ORD00397,2025-02-04,PROD015,Storage Cabinet,CUST0020,4.0,9500
ORD00398,2025-06-05,PROD021,Notebook,CUST0057,3.0,120
ORD00399,2025-06-30,PROD002,Smartphone,CUST0076,5.0,25000
ORD00400,2025-08-25,PROD010,Power Bank,CUST0010,4.0,1800
ORD00401,2025-07-08,PROD002,Smartphone,CUST0005,3.0,25000
ORD00402,2025-02-16,PROD021,Notebook,CUST0010,5.0,120
ORD00403,2025-07-16,PROD017,Scanner,CUST0077,4.0,11000
ORD00404,2025-01-22,PROD018,Projector,CUST0075,4.0,30000
ORD00405,2025-04-07,PROD021,Notebook,CUST0074,3.0,120
ORD00406,2025-09-14,PROD016,Printer,CUST0078,2.0,15000
ORD00407,2025-02-22,PROD015,Storage Cabinet,CUST0008,3.0,9500
ORD00408,2025-09-16,PROD003,Tablet,CUST0092,2.0,18000
ORD00409,2025-12-29,PROD008,Webcam,CUST0006,4.0,3500
ORD00410,2025-09-25,PROD017,Scanner,CUST0057,5.0,11000
ORD00411,2025-07-10,PROD012,Office Table,CUST0021,3.0,12000
ORD00412,2025-06-23,PROD014,Desk Lamp,CUST0050,5.0,1800
ORD00413,2025-11-20,PROD026,Coffee Maker,CUST0007,3.0,6500
ORD00414,2025-02-18,PROD011,Office Chair,CUST0009,5.0,8500
ORD00415,2025-05-26,PROD013,Bookshelf,CUST0087,3.0,7000
ORD00416,2025-12-03,PROD028,Microwave,CUST0093,5.0,11000
ORD00417,2025-02-11,PROD011,Office Chair,CUST0020,5.0,8500
ORD00418,2025-06-29,PROD005,Keyboard,CUST0085,3.0,1800
ORD00419,2025-12-06,PROD023,Marker Pack,CUST0084,4.0,250
ORD00420,2025-12-29,PROD020,WiFi Extender,CUST0017,1.0,2800
ORD00421,2025-07-12,PROD018,Projector,CUST0040,3.0,30000
ORD00422,2025-12-26,PROD022,Pen Pack,CUST0017,5.0,150
ORD00423,2025-12-10,PROD021,Notebook,CUST0012,4.0,120
ORD00424,2025-01-10,PROD012,Office Table,CUST0066,3.0,12000
ORD00425,2025-04-20,PROD006,Mouse,CUST0040,3.0,900
ORD00426,2025-04-09,PROD016,Printer,CUST0099,2.0,15000
ORD00427,2025-02-09,PROD005,Keyboard,CUST0018,3.0,1800
ORD00428,2025-10-04,PROD017,Scanner,CUST0013,5.0,11000
ORD00429,2025-06-22,PROD022,Pen Pack,CUST0005,5.0,150
ORD00430,2025-07-12,PROD020,WiFi Extender,CUST0017,2.0,2800
ORD00431,2025-12-21,PROD006,Mouse,CUST0021,5.0,900
ORD00432,2025-08-13,PROD024,File Folder,CUST0022,1.0,100
ORD00433,2025-12-13,PROD012,Office Table,CUST0053,2.0,12000
ORD00434,2025-05-26,PROD020,WiFi Extender,CUST0057,4.0,2800
ORD00435,2025-05-03,PROD018,Projector,CUST0030,3.0,30000
ORD00436,2025-04-10,PROD029,Air Purifier,CUST0061,3.0,15000
ORD00437,2025-08-14,PROD019,Router,CUST0087,4.0,4500
ORD00438,2025-07-15,PROD010,Power Bank,CUST0099,5.0,1800
ORD00439,2025-03-24,PROD014,Desk Lamp,CUST0068,2.0,1800
ORD00440,2025-05-09,PROD005,Keyboard,CUST0078,1.0,1800
ORD00441,2025-07-10,PROD016,Printer,CUST0083,5.0,15000
ORD00442,2025-09-22,PROD023,Marker Pack,CUST0014,1.0,250
ORD00443,2025-03-24,PROD003,Tablet,CUST0037,3.0,18000
ORD00444,2025-09-20,PROD029,Air Purifier,CUST0058,2.0,15000
ORD00445,2025-04-24,PROD003,Tablet,CUST0056,4.0,18000
ORD00446,2025-01-14,PROD030,Vacuum Cleaner,CUST0045,4.0,9000
ORD00447,2025-09-15,PROD013,Bookshelf,CUST0007,3.0,7000
ORD00448,2025-02-11,PROD013,Bookshelf,CUST0031,3.0,7000
ORD00449,2025-06-13,PROD001,Laptop,CUST0029,1.0,55000
ORD00450,2025-06-21,PROD021,Notebook,CUST0092,2.0,120
ORD00451,2025-05-27,PROD002,Smartphone,CUST0018,4.0,25000
ORD00452,2025-03-13,PROD027,Electric Kettle,CUST0090,4.0,2200
ORD00453,2025-01-03,PROD020,WiFi Extender,CUST0058,1.0,2800
ORD00454,2025-04-21,PROD009,USB Hub,CUST0003,2.0,1200
ORD00455,2025-11-08,PROD024,File Folder,CUST0071,5.0,100
ORD00456,2025-05-28,PROD004,Monitor,CUST0055,2.0,12000
ORD00457,2025-01-25,PROD004,Monitor,CUST0039,2.0,12000
ORD00458,2025-11-15,PROD021,Notebook,CUST0054,4.0,120
ORD00459,2025-09-13,PROD004,Monitor,CUST0009,5.0,12000
ORD00460,2025-11-20,PROD001,Laptop,CUST0069,5.0,55000
ORD00461,2025-03-15,PROD008,Webcam,CUST0074,3.0,3500
ORD00462,2025-11-11,PROD001,Laptop,CUST0055,3.0,55000
ORD00463,2025-08-02,PROD019,Router,CUST0031,2.0,4500
ORD00464,2025-02-13,PROD022,Pen Pack,CUST0086,5.0,150
ORD00465,2025-09-27,PROD003,Tablet,CUST0047,5.0,18000
ORD00466,2025-09-17,PROD026,Coffee Maker,CUST0065,5.0,6500
ORD00467,2025-08-29,PROD013,Bookshelf,CUST0003,1.0,7000
ORD00468,2025-07-11,PROD013,Bookshelf,CUST0082,3.0,7000
ORD00469,2025-07-02,PROD001,Laptop,CUST0096,1.0,55000
ORD00470,2025-12-03,PROD008,Webcam,CUST0045,1.0,3500
ORD00471,2025-06-20,PROD019,Router,CUST0099,2.0,4500
ORD00472,2025-10-07,PROD012,Office Table,CUST0006,3.0,12000
ORD00473,2025-12-17,PROD006,Mouse,CUST0083,4.0,900
ORD00474,2025-11-20,PROD016,Printer,CUST0090,2.0,15000
ORD00475,2025-08-23,PROD003,Tablet,CUST0018,1.0,18000
ORD00476,2025-01-23,PROD007,Headphones,CUST0038,2.0,2200
ORD00477,2025-06-08,PROD011,Office Chair,CUST0006,5.0,8500
ORD00478,2025-10-06,PROD027,Electric Kettle,CUST0051,4.0,2200
ORD00479,2025-11-28,PROD002,Smartphone,CUST0033,2.0,25000
ORD00480,2025-01-25,PROD012,Office Table,CUST0037,3.0,12000
ORD00481,2025-07-08,PROD004,Monitor,CUST0035,4.0,12000
ORD00482,2025-08-14,PROD024,File Folder,CUST0052,4.0,100
ORD00483,2025-09-12,PROD006,Mouse,CUST0044,4.0,900
ORD00484,2025-09-23,PROD030,Vacuum Cleaner,CUST0048,3.0,9000
ORD00485,2025-08-06,PROD024,File Folder,CUST0011,1.0,100
ORD00486,2025-04-03,PROD020,WiFi Extender,CUST0056,5.0,2800
ORD00487,2025-02-22,PROD011,Office Chair,CUST0038,1.0,8500
ORD00488,2025-06-01,PROD022,Pen Pack,CUST0042,3.0,150
ORD00489,2025-08-07,PROD020,WiFi Extender,CUST0058,2.0,2800
ORD00490,2025-06-29,PROD015,Storage Cabinet,CUST0089,4.0,9500
ORD00491,2025-06-30,PROD024,File Folder,CUST0006,5.0,100
ORD00492,2025-11-24,PROD009,USB Hub,CUST0056,1.0,1200
ORD00493,2025-11-23,PROD022,Pen Pack,CUST0010,4.0,150
ORD00494,2025-12-14,PROD017,Scanner,CUST0047,2.0,11000
ORD00495,2025-11-08,PROD005,Keyboard,CUST0004,4.0,1800
ORD00496,2025-02-04,PROD005,Keyboard,CUST0005,2.0,1800
ORD00497,2025-07-07,PROD021,Notebook,CUST0100,3.0,120
ORD00498,2025-01-17,PROD019,Router,CUST0050,5.0,4500
ORD00499,2025-08-19,PROD022,Pen Pack,CUST0020,3.0,150
ORD00500,2025-02-09,PROD015,Storage Cabinet,CUST0048,5.0,9500
ORD00501,2025-07-07,PROD017,Scanner,CUST0018,4.0,11000
ORD00502,2025-05-23,PROD021,Notebook,CUST0041,2.0,120
ORD00503,2025-04-06,PROD001,Laptop,CUST0015,4.0,55000
ORD00504,2025-10-15,PROD013,Bookshelf,CUST0067,1.0,7000
ORD00505,2025-05-14,PROD025,Calculator,CUST0034,4.0,700
ORD00506,2025-05-27,PROD020,WiFi Extender,CUST0028,4.0,2800
ORD00507,2025-03-11,PROD004,Monitor,CUST0026,1.0,12000
ORD00508,2025-08-16,PROD006,Mouse,CUST0058,1.0,900
ORD00509,2025-06-13,PROD028,Microwave,CUST0088,3.0,11000
ORD00510,2025-10-09,PROD003,Tablet,CUST0091,5.0,18000
ORD00511,2025-06-03,PROD029,Air Purifier,CUST0038,2.0,15000
ORD00512,2025-12-25,PROD023,Marker Pack,CUST0092,2.0,250
ORD00513,2025-04-25,PROD017,Scanner,CUST0047,1.0,11000
ORD00514,2025-03-13,PROD026,Coffee Maker,CUST0026,2.0,6500
ORD00515,2025-07-04,PROD001,Laptop,CUST0064,5.0,55000
ORD00516,2025-08-28,PROD012,Office Table,CUST0074,5.0,12000
ORD00517,2025-02-14,PROD020,WiFi Extender,CUST0017,1.0,2800
ORD00518,2025-09-03,PROD013,Bookshelf,CUST0040,5.0,7000
ORD00519,2025-07-29,PROD025,Calculator,CUST0053,5.0,700
ORD00520,2025-06-12,PROD005,Keyboard,CUST0010,1.0,1800
ORD00521,2025-12-15,PROD015,Storage Cabinet,CUST0058,5.0,9500
ORD00522,2025-10-10,PROD005,Keyboard,CUST0045,5.0,1800
ORD00523,2025-03-08,PROD025,Calculator,CUST0024,4.0,700
ORD00524,2025-01-29,PROD030,Vacuum Cleaner,CUST0065,1.0,9000
ORD00525,2025-06-05,PROD005,Keyboard,CUST0067,2.0,1800
ORD00526,2025-12-30,PROD011,Office Chair,CUST0021,2.0,8500
ORD00527,2025-05-26,PROD017,Scanner,CUST0045,1.0,11000
ORD00528,2025-11-22,PROD007,Headphones,CUST0033,5.0,2200
ORD00529,2025-11-17,PROD005,Keyboard,CUST0036,3.0,1800
ORD00530,2025-02-17,PROD018,Projector,CUST0079,5.0,30000
ORD00531,2025-10-31,PROD006,Mouse,CUST0083,5.0,900
ORD00532,2025-12-04,PROD006,Mouse,CUST0020,5.0,900
ORD00533,2025-11-06,PROD029,Air Purifier,CUST0093,3.0,15000
ORD00534,2025-01-15,PROD002,Smartphone,CUST0073,1.0,25000
ORD00535,2025-10-23,PROD021,Notebook,CUST0006,3.0,120
ORD00536,2025-10-20,PROD007,Headphones,CUST0084,4.0,2200
ORD00537,2025-01-16,PROD021,Notebook,CUST0080,4.0,120
ORD00538,2025-05-29,PROD018,Projector,CUST0081,3.0,30000
ORD00539,2025-12-17,PROD008,Webcam,CUST0062,4.0,3500
ORD00540,2025-02-07,PROD015,Storage Cabinet,CUST0039,1.0,9500
ORD00541,2025-08-01,PROD015,Storage Cabinet,CUST0021,4.0,9500
ORD00542,2025-06-24,PROD007,Headphones,CUST0060,5.0,2200
ORD00543,2025-06-13,PROD011,Office Chair,CUST0019,3.0,8500
ORD00544,2025-07-09,PROD005,Keyboard,CUST0052,5.0,1800
ORD00545,2025-06-13,PROD004,Monitor,CUST0072,2.0,12000
ORD00546,2025-05-17,PROD004,Monitor,CUST0060,4.0,12000
ORD00547,2025-02-19,PROD005,Keyboard,CUST0032,1.0,1800
ORD00548,2025-11-12,PROD013,Bookshelf,CUST0038,4.0,7000
ORD00549,2025-03-23,PROD028,Microwave,CUST0032,3.0,11000
ORD00550,2025-06-10,PROD024,File Folder,CUST0074,2.0,100
ORD00551,2025-09-13,PROD006,Mouse,CUST0098,5.0,900
ORD00552,2025-06-07,PROD016,Printer,CUST0060,4.0,15000
ORD00553,2025-07-21,PROD003,Tablet,CUST0003,5.0,18000
ORD00554,2025-04-21,PROD008,Webcam,CUST0059,5.0,3500
ORD00555,2025-01-26,PROD002,Smartphone,CUST0046,3.0,25000
ORD00556,2025-12-01,PROD020,WiFi Extender,CUST0064,4.0,2800
ORD00557,2025-01-05,PROD018,Projector,CUST0037,1.0,30000
ORD00558,2025-05-16,PROD005,Keyboard,CUST0056,3.0,1800
ORD00559,2025-07-07,PROD013,Bookshelf,CUST0098,1.0,7000
ORD00560,2025-10-19,PROD002,Smartphone,CUST0052,5.0,25000
ORD00561,2025-10-11,PROD012,Office Table,CUST0025,3.0,12000
ORD00562,2025-09-16,PROD013,Bookshelf,CUST0010,4.0,7000
ORD00563,2025-05-24,PROD018,Projector,CUST0098,5.0,30000
ORD00564,2025-03-02,PROD020,WiFi Extender,CUST0088,2.0,2800
ORD00565,2025-07-11,PROD013,Bookshelf,CUST0013,3.0,7000
ORD00566,2025-03-15,PROD012,Office Table,CUST0072,2.0,12000
ORD00567,2025-07-25,PROD017,Scanner,CUST0078,5.0,11000
ORD00568,2025-01-20,PROD002,Smartphone,CUST0006,2.0,25000
ORD00569,2025-08-31,PROD011,Office Chair,CUST0092,5.0,8500
ORD00570,2025-11-07,PROD005,Keyboard,CUST0059,5.0,1800
ORD00571,2025-11-10,PROD011,Office Chair,CUST0018,3.0,8500
ORD00572,2025-11-12,PROD013,Bookshelf,CUST0021,3.0,7000
ORD00573,2025-09-17,PROD011,Office Chair,CUST0076,5.0,8500
ORD00574,2025-12-29,PROD016,Printer,CUST0069,5.0,15000
ORD00575,2025-01-09,PROD016,Printer,CUST0039,3.0,15000
ORD00576,2025-02-26,PROD022,Pen Pack,CUST0043,4.0,150
ORD00577,2025-12-19,PROD010,Power Bank,CUST0075,1.0,1800
ORD00578,2025-05-16,PROD016,Printer,CUST0077,5.0,15000
ORD00579,2025-01-27,PROD008,Webcam,CUST0074,5.0,3500
ORD00580,2025-09-26,PROD006,Mouse,CUST0062,5.0,900
ORD00581,2025-07-14,PROD027,Electric Kettle,CUST0100,2.0,2200
ORD00582,2025-01-17,PROD008,Webcam,CUST0088,5.0,3500
ORD00583,2025-04-08,PROD004,Monitor,CUST0090,1.0,12000
ORD00584,2025-08-03,PROD011,Office Chair,CUST0057,2.0,8500
ORD00585,2025-04-15,PROD023,Marker Pack,CUST0053,4.0,250
ORD00586,2025-11-10,PROD025,Calculator,CUST0065,4.0,700
ORD00587,2025-02-01,PROD024,File Folder,CUST0095,2.0,100
ORD00588,2025-10-15,PROD007,Headphones,CUST0067,3.0,2200
ORD00589,2025-09-27,PROD016,Printer,CUST0085,4.0,15000
ORD00590,2025-08-24,PROD006,Mouse,CUST0041,5.0,900
ORD00591,2025-07-01,PROD018,Projector,CUST0044,3.0,30000
ORD00592,2025-04-09,PROD016,Printer,CUST0079,2.0,15000
ORD00593,2025-06-02,PROD018,Projector,CUST0036,2.0,30000
ORD00594,2025-05-28,PROD025,Calculator,CUST0039,2.0,700
ORD00595,2025-09-08,PROD023,Marker Pack,CUST0089,3.0,250
ORD00596,2025-10-14,PROD012,Office Table,CUST0062,3.0,12000
ORD00597,2025-10-21,PROD004,Monitor,CUST0037,5.0,12000
ORD00598,2025-07-22,PROD029,Air Purifier,CUST0049,3.0,15000
ORD00599,2025-03-16,PROD026,Coffee Maker,CUST0099,3.0,6500
ORD00600,2025-02-10,PROD010,Power Bank,CUST0006,3.0,1800
ORD00601,2025-05-12,PROD021,Notebook,CUST0057,4.0,120
ORD00602,2025-10-03,PROD007,Headphones,CUST0028,3.0,2200
ORD00603,2025-05-20,PROD023,Marker Pack,CUST0072,2.0,250
ORD00604,2025-10-28,PROD020,WiFi Extender,CUST0014,2.0,2800
ORD00605,2025-12-09,PROD002,Smartphone,CUST0032,5.0,25000
ORD00606,2025-04-30,PROD021,Notebook,CUST0029,1.0,120
ORD00607,2025-06-19,PROD014,Desk Lamp,CUST0013,4.0,1800
ORD00608,2025-03-12,PROD022,Pen Pack,CUST0013,1.0,150
ORD00609,2025-03-22,PROD030,Vacuum Cleaner,CUST0071,4.0,9000
ORD00610,2025-09-01,PROD030,Vacuum Cleaner,CUST0084,4.0,9000
ORD00611,2025-05-28,PROD007,Headphones,CUST0084,3.0,2200
ORD00612,2025-01-31,PROD021,Notebook,CUST0037,1.0,120
ORD00613,2025-04-29,PROD019,Router,CUST0084,5.0,4500
ORD00614,2025-01-20,PROD024,File Folder,CUST0095,2.0,100
ORD00615,2025-04-01,PROD029,Air Purifier,CUST0054,1.0,15000
ORD00616,2025-09-11,PROD026,Coffee Maker,CUST0051,2.0,6500
ORD00617,2025-05-29,PROD028,Microwave,CUST0096,1.0,11000
ORD00618,2025-10-18,PROD010,Power Bank,CUST0002,5.0,1800
ORD00619,2025-06-21,PROD030,Vacuum Cleaner,CUST0014,3.0,9000
ORD00620,2025-10-06,PROD021,Notebook,CUST0059,5.0,120
ORD00621,2025-03-10,PROD029,Air Purifier,CUST0064,5.0,15000
ORD00622,2025-04-09,PROD009,USB Hub,CUST0060,1.0,1200
ORD00623,2025-08-23,PROD006,Mouse,CUST0043,3.0,900
ORD00624,2025-01-08,PROD006,Mouse,CUST0092,3.0,900
ORD00625,2025-12-12,PROD019,Router,CUST0038,2.0,4500
ORD00626,2025-11-24,PROD020,WiFi Extender,CUST0023,4.0,2800
ORD00627,2025-06-17,PROD017,Scanner,CUST0055,1.0,11000
ORD00628,2025-02-18,PROD022,Pen Pack,CUST0052,2.0,150
ORD00629,2025-06-15,PROD016,Printer,CUST0018,2.0,15000
ORD00630,2025-07-16,PROD009,USB Hub,CUST0001,2.0,1200
ORD00631,2025-05-17,PROD025,Calculator,CUST0058,3.0,700
ORD00632,2025-10-21,PROD019,Router,CUST0039,1.0,4500
ORD00633,2025-07-04,PROD021,Notebook,CUST0034,2.0,120
ORD00634,2025-03-02,PROD022,Pen Pack,CUST0008,4.0,150
ORD00635,2025-07-27,PROD006,Mouse,CUST0040,5.0,900
ORD00636,2025-06-09,PROD025,Calculator,CUST0091,1.0,700
ORD00637,2025-06-01,PROD030,Vacuum Cleaner,CUST0082,3.0,9000
ORD00638,2025-04-23,PROD008,Webcam,CUST0079,2.0,3500
ORD00639,2025-08-21,PROD005,Keyboard,CUST0062,5.0,1800
ORD00640,2025-12-26,PROD014,Desk Lamp,CUST0048,5.0,1800
ORD00641,2025-10-03,PROD025,Calculator,CUST0061,2.0,700
ORD00642,2025-12-15,PROD008,Webcam,CUST0098,5.0,3500
ORD00643,2025-08-17,PROD017,Scanner,CUST0011,5.0,11000
ORD00644,2025-02-09,PROD012,Office Table,CUST0091,5.0,12000
ORD00645,2025-10-08,PROD002,Smartphone,CUST0015,5.0,25000
ORD00646,2025-10-02,PROD019,Router,CUST0026,2.0,4500
ORD00647,2025-09-24,PROD011,Office Chair,CUST0022,4.0,8500
ORD00648,2025-04-16,PROD022,Pen Pack,CUST0015,5.0,150
ORD00649,2025-09-19,PROD003,Tablet,CUST0063,4.0,18000
ORD00650,2025-03-09,PROD015,Storage Cabinet,CUST0008,5.0,9500
ORD00651,2025-10-16,PROD015,Storage Cabinet,CUST0054,1.0,9500
ORD00652,2025-12-11,PROD015,Storage Cabinet,CUST0072,3.0,9500
ORD00653,2025-07-22,PROD001,Laptop,CUST0093,3.0,55000
ORD00654,2025-04-22,PROD024,File Folder,CUST0001,5.0,100
ORD00655,2025-08-05,PROD002,Smartphone,CUST0010,3.0,25000
ORD00656,2025-10-05,PROD003,Tablet,CUST0090,1.0,18000
ORD00657,2025-08-30,PROD030,Vacuum Cleaner,CUST0009,1.0,9000
ORD00658,2025-04-03,PROD014,Desk Lamp,CUST0037,2.0,1800
ORD00659,2025-11-27,PROD021,Notebook,CUST0099,4.0,120
ORD00660,2025-07-15,PROD029,Air Purifier,CUST0048,4.0,15000
ORD00661,2025-02-11,PROD013,Bookshelf,CUST0049,5.0,7000
ORD00662,2025-06-28,PROD021,Notebook,CUST0018,1.0,120
ORD00663,2025-07-21,PROD018,Projector,CUST0023,5.0,30000
ORD00664,2025-04-25,PROD024,File Folder,CUST0017,1.0,100
ORD00665,2025-06-02,PROD001,Laptop,CUST0097,4.0,55000
ORD00666,2025-10-06,PROD024,File Folder,CUST0087,4.0,100
ORD00667,2025-04-28,PROD013,Bookshelf,CUST0069,2.0,7000
ORD00668,2025-03-21,PROD012,Office Table,CUST0059,3.0,12000
ORD00669,2025-02-27,PROD030,Vacuum Cleaner,CUST0025,1.0,9000
ORD00670,2025-11-11,PROD014,Desk Lamp,CUST0085,1.0,1800
ORD00671,2025-02-04,PROD007,Headphones,CUST0031,1.0,2200
ORD00672,2025-08-17,PROD002,Smartphone,CUST0077,5.0,25000
ORD00673,2025-01-25,PROD023,Marker Pack,CUST0087,2.0,250
ORD00674,2025-07-25,PROD002,Smartphone,CUST0095,4.0,25000
ORD00675,2025-04-22,PROD018,Projector,CUST0030,1.0,30000
ORD00676,2025-05-29,PROD017,Scanner,CUST0018,2.0,11000
ORD00677,2025-06-13,PROD019,Router,CUST0094,5.0,4500
ORD00678,2025-12-11,PROD025,Calculator,CUST0077,3.0,700
ORD00679,2025-03-15,PROD010,Power Bank,CUST0031,5.0,1800
ORD00680,2025-06-03,PROD014,Desk Lamp,CUST0029,3.0,1800
ORD00681,2025-10-30,PROD018,Projector,CUST0008,2.0,30000
ORD00682,2025-08-07,PROD022,Pen Pack,CUST0081,5.0,150
ORD00683,2025-06-26,PROD002,Smartphone,CUST0064,4.0,25000
ORD00684,2025-12-23,PROD011,Office Chair,CUST0068,4.0,8500
ORD00685,2025-06-03,PROD005,Keyboard,CUST0053,4.0,1800
ORD00686,2025-10-03,PROD025,Calculator,CUST0024,4.0,700
ORD00687,2025-04-26,PROD028,Microwave,CUST0031,3.0,11000
ORD00688,2025-08-26,PROD005,Keyboard,CUST0091,1.0,1800
ORD00689,2025-08-02,PROD014,Desk Lamp,CUST0072,5.0,1800
ORD00690,2025-07-18,PROD005,Keyboard,CUST0068,2.0,1800
ORD00691,2025-06-19,PROD007,Headphones,CUST0033,1.0,2200
ORD00692,2025-07-09,PROD028,Microwave,CUST0058,1.0,11000
ORD00693,2025-04-08,PROD024,File Folder,CUST0069,1.0,100
ORD00694,2025-12-11,PROD013,Bookshelf,CUST0035,5.0,7000
ORD00695,2025-02-07,PROD002,Smartphone,CUST0078,2.0,25000
ORD00696,2025-12-10,PROD019,Router,CUST0098,5.0,4500
ORD00697,2025-04-17,PROD016,Printer,CUST0028,3.0,15000
ORD00698,2025-01-08,PROD030,Vacuum Cleaner,CUST0039,2.0,9000
ORD00699,2025-03-02,PROD024,File Folder,CUST0025,4.0,100
ORD00700,2025-11-06,PROD023,Marker Pack,CUST0032,2.0,250
ORD00701,2025-05-03,PROD030,Vacuum Cleaner,CUST0051,5.0,9000
ORD00702,2025-05-25,PROD025,Calculator,CUST0042,4.0,700
ORD00703,2025-11-29,PROD018,Projector,CUST0060,3.0,30000
ORD00704,2025-07-04,PROD009,USB Hub,CUST0040,5.0,1200
ORD00705,2025-02-20,PROD015,Storage Cabinet,CUST0064,4.0,9500
ORD00706,2025-06-13,PROD027,Electric Kettle,CUST0098,2.0,2200
ORD00707,2025-07-31,PROD011,Office Chair,CUST0048,1.0,8500
ORD00708,2025-04-24,PROD028,Microwave,CUST0073,2.0,11000
ORD00709,2025-10-11,PROD009,USB Hub,CUST0003,5.0,1200
ORD00710,2025-08-02,PROD024,File Folder,CUST0075,3.0,100
ORD00711,2025-06-18,PROD007,Headphones,CUST0020,2.0,2200
ORD00712,2025-05-06,PROD019,Router,CUST0049,4.0,4500
ORD00713,2025-12-17,PROD021,Notebook,CUST0071,3.0,120
ORD00714,2025-09-08,PROD025,Calculator,CUST0033,4.0,700
ORD00715,2025-06-30,PROD006,Mouse,CUST0059,2.0,900
ORD00716,2025-10-07,PROD024,File Folder,CUST0018,4.0,100
ORD00717,2025-10-05,PROD030,Vacuum Cleaner,CUST0024,1.0,9000
ORD00718,2025-02-08,PROD002,Smartphone,CUST0068,1.0,25000
ORD00719,2025-07-31,PROD001,Laptop,CUST0098,2.0,55000
ORD00720,2025-02-04,PROD008,Webcam,CUST0081,2.0,3500
ORD00721,2025-09-16,PROD007,Headphones,CUST0002,4.0,2200
ORD00722,2025-11-13,PROD002,Smartphone,CUST0048,5.0,25000
ORD00723,2025-09-07,PROD022,Pen Pack,CUST0062,1.0,150
ORD00724,2025-10-10,PROD018,Projector,CUST0001,4.0,30000
ORD00725,2025-09-29,PROD001,Laptop,CUST0002,3.0,55000
ORD00726,2025-01-09,PROD010,Power Bank,CUST0069,5.0,1800
ORD00727,2025-08-09,PROD022,Pen Pack,CUST0090,2.0,150
ORD00728,2025-02-19,PROD030,Vacuum Cleaner,CUST0014,5.0,9000
ORD00729,2025-04-09,PROD008,Webcam,CUST0020,5.0,3500
ORD00730,2025-07-01,PROD009,USB Hub,CUST0068,3.0,1200
ORD00731,2025-07-11,PROD003,Tablet,CUST0051,4.0,18000
ORD00732,2025-05-05,PROD019,Router,CUST0059,2.0,4500
ORD00733,2025-02-11,PROD022,Pen Pack,CUST0039,1.0,150
ORD00734,2025-07-14,PROD013,Bookshelf,CUST0012,4.0,7000
ORD00735,2025-01-29,PROD016,Printer,CUST0071,1.0,15000
ORD00736,2025-02-12,PROD006,Mouse,CUST0090,4.0,900
ORD00737,2025-06-19,PROD021,Notebook,CUST0056,5.0,120
ORD00738,2025-09-28,PROD029,Air Purifier,CUST0013,1.0,15000
ORD00739,2025-12-21,PROD007,Headphones,CUST0030,5.0,2200
ORD00740,2025-01-24,PROD009,USB Hub,CUST0061,1.0,1200
ORD00741,2025-05-24,PROD030,Vacuum Cleaner,CUST0088,5.0,9000
ORD00742,2025-01-17,PROD022,Pen Pack,CUST0073,2.0,150
ORD00743,2025-04-17,PROD001,Laptop,CUST0041,5.0,55000
ORD00744,2025-12-31,PROD025,Calculator,CUST0019,4.0,700
ORD00745,2025-03-25,PROD010,Power Bank,CUST0010,5.0,1800
ORD00746,2025-07-19,PROD019,Router,CUST0031,5.0,4500
ORD00747,2025-03-13,PROD013,Bookshelf,CUST0043,1.0,7000
ORD00748,2025-06-27,PROD024,File Folder,CUST0065,1.0,100
ORD00749,2025-04-29,PROD014,Desk Lamp,CUST0013,1.0,1800
ORD00750,2025-11-11,PROD020,WiFi Extender,CUST0044,5.0,2800
ORD00751,2025-06-17,PROD025,Calculator,CUST0051,1.0,700
ORD00752,2025-08-19,PROD009,USB Hub,CUST0082,4.0,1200
ORD00753,2025-10-11,PROD012,Office Table,CUST0030,4.0,12000
ORD00754,2025-12-15,PROD006,Mouse,CUST0056,5.0,900
ORD00755,2025-02-13,PROD013,Bookshelf,CUST0085,5.0,7000
ORD00756,2025-05-07,PROD026,Coffee Maker,CUST0038,1.0,6500
ORD00757,2025-03-20,PROD009,USB Hub,CUST0011,4.0,1200
ORD00758,2025-11-21,PROD026,Coffee Maker,CUST0092,2.0,6500
ORD00759,2025-06-12,PROD013,Bookshelf,CUST0095,3.0,7000
ORD00760,2025-01-03,PROD003,Tablet,CUST0014,3.0,18000
ORD00761,2025-05-19,PROD012,Office Table,CUST0057,1.0,12000
ORD00762,2025-04-06,PROD003,Tablet,CUST0017,4.0,18000
ORD00763,2025-10-12,PROD018,Projector,CUST0058,5.0,30000
ORD00764,2025-01-14,PROD004,Monitor,CUST0053,1.0,12000
ORD00765,2025-02-17,PROD018,Projector,CUST0046,5.0,30000
ORD00766,2025-06-16,PROD026,Coffee Maker,CUST0077,4.0,6500
ORD00767,2025-07-31,PROD010,Power Bank,CUST0002,4.0,1800
ORD00768,2025-10-14,PROD003,Tablet,CUST0100,2.0,18000
ORD00769,2025-03-28,PROD017,Scanner,CUST0074,4.0,11000
ORD00770,2025-05-18,PROD005,Keyboard,CUST0022,3.0,1800
ORD00771,2025-03-16,PROD016,Printer,CUST0035,1.0,15000
ORD00772,2025-05-22,PROD014,Desk Lamp,CUST0022,4.0,1800
ORD00773,2025-02-09,PROD016,Printer,CUST0039,3.0,15000
ORD00774,2025-11-17,PROD008,Webcam,CUST0033,4.0,3500
ORD00775,2025-04-11,PROD020,WiFi Extender,CUST0077,4.0,2800
ORD00776,2025-06-05,PROD005,Keyboard,CUST0014,1.0,1800
ORD00777,2025-11-14,PROD011,Office Chair,CUST0051,4.0,8500
ORD00778,2025-06-21,PROD015,Storage Cabinet,CUST0043,4.0,9500
ORD00779,2025-03-11,PROD020,WiFi Extender,CUST0084,3.0,2800
ORD00780,2025-12-22,PROD020,WiFi Extender,CUST0042,2.0,2800
ORD00781,2025-04-01,PROD011,Office Chair,CUST0062,4.0,8500
ORD00782,2025-12-22,PROD010,Power Bank,CUST0041,4.0,1800
ORD00783,2025-05-05,PROD026,Coffee Maker,CUST0074,3.0,6500
ORD00784,2025-07-21,PROD009,USB Hub,CUST0049,3.0,1200
ORD00785,2025-10-16,PROD030,Vacuum Cleaner,CUST0015,2.0,9000
ORD00786,2025-04-03,PROD018,Projector,CUST0076,5.0,30000
ORD00787,2025-08-25,PROD024,File Folder,CUST0004,2.0,100
ORD00788,2025-05-30,PROD026,Coffee Maker,CUST0057,1.0,6500
ORD00789,2025-09-13,PROD022,Pen Pack,CUST0053,2.0,150
ORD00790,2025-05-04,PROD010,Power Bank,CUST0082,3.0,1800
ORD00791,2025-08-05,PROD005,Keyboard,CUST0085,4.0,1800
ORD00792,2025-11-03,PROD015,Storage Cabinet,CUST0010,4.0,9500
ORD00793,2025-10-01,PROD013,Bookshelf,CUST0075,5.0,7000
ORD00794,2025-10-06,PROD014,Desk Lamp,CUST0089,1.0,1800
ORD00795,2025-10-02,PROD023,Marker Pack,CUST0047,5.0,250
ORD00796,2025-02-13,PROD030,Vacuum Cleaner,CUST0082,1.0,9000
ORD00797,2025-12-03,PROD008,Webcam,CUST0099,3.0,3500
ORD00798,2025-11-10,PROD021,Notebook,CUST0022,1.0,120
ORD00799,2025-12-13,PROD021,Notebook,CUST0073,4.0,120
ORD00800,2025-08-09,PROD011,Office Chair,CUST0097,1.0,8500
ORD00801,2025-05-13,PROD004,Monitor,CUST0002,2.0,12000
ORD00802,2025-09-23,PROD024,File Folder,CUST0066,5.0,100
ORD00803,2025-10-22,PROD023,Marker Pack,CUST0075,2.0,250
ORD00804,2025-07-20,PROD012,Office Table,CUST0058,4.0,12000
ORD00805,2025-10-29,PROD022,Pen Pack,CUST0099,5.0,150
ORD00806,2025-01-13,PROD012,Office Table,CUST0020,4.0,12000
ORD00807,2025-08-01,PROD010,Power Bank,CUST0014,1.0,1800
ORD00808,2025-03-14,PROD027,Electric Kettle,CUST0015,3.0,2200
ORD00809,2025-08-22,PROD011,Office Chair,CUST0040,2.0,8500
ORD00810,2025-06-28,PROD016,Printer,CUST0067,4.0,15000
ORD00811,2025-12-23,PROD015,Storage Cabinet,CUST0013,4.0,9500
ORD00812,2025-06-03,PROD003,Tablet,CUST0041,1.0,18000
ORD00813,2025-01-12,PROD004,Monitor,CUST0091,3.0,12000
ORD00814,2025-12-13,PROD004,Monitor,CUST0083,2.0,12000
ORD00815,2025-09-22,PROD008,Webcam,CUST0095,2.0,3500
ORD00816,2025-06-19,PROD006,Mouse,CUST0071,5.0,900
ORD00817,2025-04-29,PROD015,Storage Cabinet,CUST0055,4.0,9500
ORD00818,2025-04-06,PROD006,Mouse,CUST0081,4.0,900
ORD00819,2025-11-11,PROD001,Laptop,CUST0051,2.0,55000
ORD00820,2025-08-08,PROD019,Router,CUST0058,4.0,4500
ORD00821,2025-04-20,PROD023,Marker Pack,CUST0001,2.0,250
ORD00822,2025-12-27,PROD025,Calculator,CUST0036,1.0,700
ORD00823,2025-10-02,PROD004,Monitor,CUST0074,2.0,12000
ORD00824,2025-04-11,PROD011,Office Chair,CUST0047,4.0,8500
ORD00825,2025-12-10,PROD009,USB Hub,CUST0015,4.0,1200
ORD00826,2025-06-10,PROD021,Notebook,CUST0068,5.0,120
ORD00827,2025-07-20,PROD020,WiFi Extender,CUST0050,5.0,2800
ORD00828,2025-06-30,PROD012,Office Table,CUST0015,4.0,12000
ORD00829,2025-12-11,PROD006,Mouse,CUST0080,3.0,900
ORD00830,2025-02-13,PROD019,Router,CUST0079,2.0,4500
ORD00831,2025-05-03,PROD004,Monitor,CUST0041,3.0,12000
ORD00832,2025-07-11,PROD006,Mouse,CUST0015,2.0,900
ORD00833,2025-08-03,PROD013,Bookshelf,CUST0066,5.0,7000
ORD00834,2025-07-16,PROD019,Router,CUST0018,4.0,4500
ORD00835,2025-11-22,PROD016,Printer,CUST0024,5.0,15000
ORD00836,2025-11-27,PROD030,Vacuum Cleaner,CUST0089,2.0,9000
ORD00837,2025-09-08,PROD006,Mouse,CUST0072,3.0,900
ORD00838,2025-06-11,PROD006,Mouse,CUST0018,4.0,900
ORD00839,2025-07-03,PROD002,Smartphone,CUST0080,1.0,25000
ORD00840,2025-04-10,PROD005,Keyboard,CUST0063,4.0,1800
ORD00841,2025-12-01,PROD017,Scanner,CUST0072,4.0,11000
ORD00842,2025-09-09,PROD022,Pen Pack,CUST0053,4.0,150
ORD00843,2025-08-16,PROD027,Electric Kettle,CUST0091,4.0,2200
ORD00844,2025-10-17,PROD003,Tablet,CUST0022,1.0,18000
ORD00845,2025-05-30,PROD008,Webcam,CUST0098,1.0,3500
ORD00846,2025-10-03,PROD008,Webcam,CUST0036,3.0,3500
ORD00847,2025-08-23,PROD025,Calculator,CUST0022,5.0,700
ORD00848,2025-09-11,PROD025,Calculator,CUST0096,5.0,700
ORD00849,2025-10-21,PROD004,Monitor,CUST0066,1.0,12000
ORD00850,2025-10-06,PROD025,Calculator,CUST0035,3.0,700
ORD00851,2025-01-22,PROD027,Electric Kettle,CUST0070,4.0,2200
ORD00852,2025-08-06,PROD007,Headphones,CUST0070,1.0,2200
ORD00853,2025-12-01,PROD027,Electric Kettle,CUST0095,2.0,2200
ORD00854,2025-01-17,PROD028,Microwave,CUST0039,4.0,11000
ORD00855,2025-02-14,PROD012,Office Table,CUST0034,4.0,12000
ORD00856,2025-05-02,PROD025,Calculator,CUST0016,2.0,700
ORD00857,2025-12-19,PROD019,Router,CUST0095,3.0,4500
ORD00858,2025-11-20,PROD020,WiFi Extender,CUST0091,4.0,2800
ORD00859,2025-03-13,PROD020,WiFi Extender,CUST0022,2.0,2800
ORD00860,2025-01-31,PROD026,Coffee Maker,CUST0027,5.0,6500
ORD00861,2025-05-24,PROD018,Projector,CUST0045,5.0,30000
ORD00862,2025-06-15,PROD006,Mouse,CUST0069,3.0,900
ORD00863,2025-05-17,PROD019,Router,CUST0038,5.0,4500
ORD00864,2025-02-18,PROD027,Electric Kettle,CUST0087,2.0,2200
ORD00865,2025-07-30,PROD026,Coffee Maker,CUST0097,1.0,6500
ORD00866,2025-12-02,PROD028,Microwave,CUST0036,2.0,11000
ORD00867,2025-03-09,PROD028,Microwave,CUST0090,2.0,11000
ORD00868,2025-06-14,PROD023,Marker Pack,CUST0019,2.0,250
ORD00869,2025-12-13,PROD027,Electric Kettle,CUST0098,4.0,2200
ORD00870,2025-10-23,PROD005,Keyboard,CUST0063,3.0,1800
ORD00871,2025-07-12,PROD014,Desk Lamp,CUST0081,4.0,1800
ORD00872,2025-02-17,PROD021,Notebook,CUST0010,4.0,120
ORD00873,2025-05-23,PROD024,File Folder,CUST0066,3.0,100
ORD00874,2025-06-17,PROD016,Printer,CUST0059,5.0,15000
ORD00875,2025-02-17,PROD028,Microwave,CUST0001,4.0,11000
ORD00876,2025-12-24,PROD022,Pen Pack,CUST0082,3.0,150
ORD00877,2025-10-01,PROD026,Coffee Maker,CUST0009,4.0,6500
ORD00878,2025-04-19,PROD014,Desk Lamp,CUST0028,4.0,1800
ORD00879,2025-05-26,PROD011,Office Chair,CUST0035,3.0,8500
ORD00880,2025-03-08,PROD019,Router,CUST0071,5.0,4500
ORD00881,2025-06-25,PROD026,Coffee Maker,CUST0063,1.0,6500
ORD00882,2025-11-17,PROD004,Monitor,CUST0006,4.0,12000
ORD00883,2025-03-22,PROD004,Monitor,CUST0003,4.0,12000
ORD00884,2025-08-08,PROD001,Laptop,CUST0059,2.0,55000
ORD00885,2025-03-09,PROD030,Vacuum Cleaner,CUST0089,3.0,9000
ORD00886,2025-05-21,PROD028,Microwave,CUST0021,1.0,11000
ORD00887,2025-05-09,PROD012,Office Table,CUST0084,1.0,12000
ORD00888,2025-11-29,PROD022,Pen Pack,CUST0048,2.0,150
ORD00889,2025-11-17,PROD013,Bookshelf,CUST0007,3.0,7000
ORD00890,2025-04-30,PROD023,Marker Pack,CUST0093,4.0,250
ORD00891,2025-12-27,PROD003,Tablet,CUST0084,1.0,18000
ORD00892,2025-09-02,PROD007,Headphones,CUST0001,1.0,2200
ORD00893,2025-04-26,PROD019,Router,CUST0017,5.0,4500
ORD00894,2025-01-05,PROD015,Storage Cabinet,CUST0088,1.0,9500
ORD00895,2025-03-03,PROD011,Office Chair,CUST0090,4.0,8500
ORD00896,2025-09-02,PROD005,Keyboard,CUST0089,1.0,1800
ORD00897,2025-02-15,PROD013,Bookshelf,CUST0030,1.0,7000
ORD00898,2025-07-08,PROD011,Office Chair,CUST0014,3.0,8500
ORD00899,2025-03-10,PROD013,Bookshelf,CUST0018,2.0,7000
ORD00900,2025-10-16,PROD017,Scanner,CUST0009,1.0,11000
ORD00901,2025-03-26,PROD021,Notebook,CUST0079,4.0,120
ORD00902,2025-04-20,PROD024,File Folder,CUST0045,2.0,100
ORD00903,2025-12-18,PROD020,WiFi Extender,CUST0053,4.0,2800
ORD00904,2025-02-21,PROD003,Tablet,CUST0028,2.0,18000
ORD00905,2025-10-29,PROD004,Monitor,CUST0097,4.0,12000
ORD00906,2025-06-11,PROD014,Desk Lamp,CUST0045,2.0,1800
ORD00907,2025-11-27,PROD009,USB Hub,CUST0032,1.0,1200
ORD00908,2025-11-04,PROD018,Projector,CUST0032,5.0,30000
ORD00909,2025-05-26,PROD020,WiFi Extender,CUST0093,1.0,2800
ORD00910,2025-06-04,PROD029,Air Purifier,CUST0085,2.0,15000
ORD00911,2025-09-18,PROD020,WiFi Extender,CUST0067,2.0,2800
ORD00912,2025-06-01,PROD013,Bookshelf,CUST0096,1.0,7000
ORD00913,2025-07-17,PROD016,Printer,CUST0031,1.0,15000
ORD00914,2025-11-23,PROD016,Printer,CUST0031,5.0,15000
ORD00915,2025-01-07,PROD017,Scanner,CUST0010,3.0,11000
ORD00916,2025-07-18,PROD005,Keyboard,CUST0041,5.0,1800
ORD00917,2025-10-07,PROD012,Office Table,CUST0054,2.0,12000
ORD00918,2025-02-07,PROD016,Printer,CUST0098,1.0,15000
ORD00919,2025-01-08,PROD003,Tablet,CUST0076,3.0,18000
ORD00920,2025-01-31,PROD002,Smartphone,CUST0028,4.0,25000
ORD00921,2025-11-18,PROD010,Power Bank,CUST0065,5.0,1800
ORD00922,2025-08-05,PROD014,Desk Lamp,CUST0099,4.0,1800
ORD00923,2025-10-02,PROD021,Notebook,CUST0011,5.0,120
ORD00924,2025-05-23,PROD005,Keyboard,CUST0079,1.0,1800
ORD00925,2025-09-19,PROD003,Tablet,CUST0040,2.0,18000
ORD00926,2025-06-17,PROD018,Projector,CUST0020,4.0,30000
ORD00927,2025-11-29,PROD021,Notebook,CUST0076,1.0,120
ORD00928,2025-08-12,PROD023,Marker Pack,CUST0040,2.0,250
ORD00929,2025-02-14,PROD008,Webcam,CUST0008,4.0,3500
ORD00930,2025-11-10,PROD015,Storage Cabinet,CUST0015,5.0,9500
ORD00931,2025-12-08,PROD010,Power Bank,CUST0008,2.0,1800
ORD00932,2025-12-29,PROD001,Laptop,CUST0016,2.0,55000
ORD00933,2025-03-25,PROD001,Laptop,CUST0090,4.0,55000
ORD00934,2025-09-22,PROD017,Scanner,CUST0045,3.0,11000
ORD00935,2025-03-06,PROD012,Office Table,CUST0022,3.0,12000
ORD00936,2025-03-02,PROD029,Air Purifier,CUST0094,1.0,15000
ORD00937,2025-08-08,PROD026,Coffee Maker,CUST0043,3.0,6500
ORD00938,2025-05-15,PROD003,Tablet,CUST0068,5.0,18000
ORD00939,2025-09-12,PROD003,Tablet,CUST0081,4.0,18000
ORD00940,2025-01-29,PROD012,Office Table,CUST0066,4.0,12000
ORD00941,2025-07-08,PROD006,Mouse,CUST0073,2.0,900
ORD00942,2025-02-22,PROD025,Calculator,CUST0033,5.0,700
ORD00943,2025-03-01,PROD024,File Folder,CUST0087,2.0,100
ORD00944,2025-01-02,PROD017,Scanner,CUST0095,1.0,11000
ORD00945,2025-01-24,PROD008,Webcam,CUST0002,4.0,3500
ORD00946,2025-03-18,PROD013,Bookshelf,CUST0047,2.0,7000
ORD00947,2025-12-02,PROD018,Projector,CUST0005,4.0,30000
ORD00948,2025-05-08,PROD011,Office Chair,CUST0029,4.0,8500
ORD00949,2025-05-19,PROD011,Office Chair,CUST0093,1.0,8500
ORD00950,2025-03-03,PROD012,Office Table,CUST0074,5.0,12000
ORD00951,2025-01-27,PROD029,Air Purifier,CUST0087,2.0,15000
ORD00952,2025-09-22,PROD026,Coffee Maker,CUST0029,1.0,6500
ORD00953,2025-08-27,PROD003,Tablet,CUST0052,3.0,18000
ORD00954,2025-06-09,PROD028,Microwave,CUST0100,3.0,11000
ORD00955,2025-08-22,PROD018,Projector,CUST0012,1.0,30000
ORD00956,2025-05-30,PROD007,Headphones,CUST0048,5.0,2200
ORD00957,2025-11-15,PROD024,File Folder,CUST0039,2.0,100
ORD00958,2025-10-30,PROD012,Office Table,CUST0060,4.0,12000
ORD00959,2025-04-11,PROD025,Calculator,CUST0099,5.0,700
ORD00960,2025-05-06,PROD026,Coffee Maker,CUST0098,2.0,6500
ORD00961,2025-07-29,PROD030,Vacuum Cleaner,CUST0001,1.0,9000
ORD00962,2025-06-27,PROD018,Projector,CUST0030,1.0,30000
ORD00963,2025-12-03,PROD001,Laptop,CUST0043,4.0,55000
ORD00964,2025-06-07,PROD024,File Folder,CUST0095,1.0,100
ORD00965,2025-05-02,PROD017,Scanner,CUST0027,4.0,11000
ORD00966,2025-03-14,PROD002,Smartphone,CUST0063,3.0,25000
ORD00967,2025-04-29,PROD002,Smartphone,CUST0012,5.0,25000
ORD00968,2025-07-10,PROD023,Marker Pack,CUST0053,4.0,250
ORD00969,2025-10-25,PROD003,Tablet,CUST0096,1.0,18000
ORD00970,2025-11-23,PROD005,Keyboard,CUST0065,4.0,1800
ORD00971,2025-10-18,PROD019,Router,CUST0010,1.0,4500
ORD00972,2025-03-08,PROD022,Pen Pack,CUST0056,2.0,150
ORD00973,2025-06-11,PROD009,USB Hub,CUST0038,4.0,1200
ORD00974,2025-06-17,PROD027,Electric Kettle,CUST0090,3.0,2200
ORD00975,2025-04-30,PROD009,USB Hub,CUST0058,1.0,1200
ORD00976,2025-10-27,PROD005,Keyboard,CUST0026,1.0,1800
ORD00977,2025-03-26,PROD004,Monitor,CUST0020,4.0,12000
ORD00978,2025-07-28,PROD011,Office Chair,CUST0060,1.0,8500
ORD00979,2025-04-17,PROD012,Office Table,CUST0069,4.0,12000
ORD00980,2025-05-16,PROD015,Storage Cabinet,CUST0040,1.0,9500
ORD00981,2025-12-18,PROD006,Mouse,CUST0012,3.0,900
ORD00982,2025-11-05,PROD023,Marker Pack,CUST0091,1.0,250
ORD00983,2025-06-17,PROD027,Electric Kettle,CUST0028,2.0,2200
ORD00984,2025-05-08,PROD023,Marker Pack,CUST0012,3.0,250
ORD00985,2025-01-26,PROD017,Scanner,CUST0051,3.0,11000
ORD00986,2025-03-31,PROD027,Electric Kettle,CUST0034,1.0,2200
ORD00987,2025-08-20,PROD028,Microwave,CUST0052,5.0,11000
ORD00988,2025-05-08,PROD018,Projector,CUST0096,1.0,30000
ORD00989,2025-03-13,PROD004,Monitor,CUST0060,1.0,12000
ORD00990,2025-04-24,PROD002,Smartphone,CUST0002,2.0,25000
ORD00991,2025-07-25,PROD027,Electric Kettle,CUST0026,3.0,2200
ORD00992,2025-11-27,PROD021,Notebook,CUST0088,1.0,120
ORD00993,2025-05-13,PROD019,Router,CUST0075,1.0,4500
ORD00994,2025-04-12,PROD003,Tablet,CUST0003,4.0,18000
ORD00995,2025-06-19,PROD003,Tablet,CUST0017,1.0,18000
ORD00996,2025-01-26,PROD015,Storage Cabinet,CUST0006,2.0,9500
ORD00997,2025-07-22,PROD014,Desk Lamp,CUST0074,4.0,1800
ORD00998,2025-12-16,PROD013,Bookshelf,CUST0004,4.0,7000
ORD00999,2025-04-20,PROD012,Office Table,CUST0023,2.0,12000
ORD01000,2025-08-17,PROD009,USB Hub,CUST0036,2.0,1200
ORD01001,2025-11-14,PROD020,WiFi Extender,CUST0005,5.0,2800
ORD01002,2025-06-01,PROD021,Notebook,CUST0032,4.0,120
ORD01003,2025-10-09,PROD029,Air Purifier,CUST0053,4.0,15000
ORD01004,2025-05-24,PROD003,Tablet,CUST0008,4.0,18000
ORD01005,2025-04-13,PROD014,Desk Lamp,CUST0018,5.0,1800
ORD01006,2025-10-06,PROD021,Notebook,CUST0032,1.0,120
ORD01007,2025-07-03,PROD026,Coffee Maker,CUST0049,4.0,6500
ORD01008,2025-09-06,PROD026,Coffee Maker,CUST0070,3.0,6500
ORD01009,2025-06-14,PROD017,Scanner,CUST0073,4.0,11000
ORD01010,2025-01-14,PROD006,Mouse,CUST0035,3.0,900
ORD01011,2025-01-16,PROD008,Webcam,CUST0077,3.0,3500
ORD01012,2025-08-30,PROD026,Coffee Maker,CUST0008,5.0,6500
ORD01013,2025-10-27,PROD025,Calculator,CUST0046,2.0,700
ORD01014,2025-05-07,PROD004,Monitor,CUST0021,2.0,12000
ORD01015,2025-01-29,PROD018,Projector,CUST0035,2.0,30000
ORD01016,2025-07-18,PROD028,Microwave,CUST0074,3.0,11000
ORD01017,2025-05-02,PROD006,Mouse,CUST0023,5.0,900
ORD01018,2025-12-24,PROD026,Coffee Maker,CUST0041,3.0,6500
ORD01019,2025-12-27,PROD001,Laptop,CUST0076,3.0,55000
ORD01020,2025-03-14,PROD019,Router,CUST0073,5.0,4500
ORD01021,2025-09-10,PROD027,Electric Kettle,CUST0025,5.0,2200
ORD01022,2025-09-09,PROD006,Mouse,CUST0040,1.0,900
ORD01023,2025-04-30,PROD002,Smartphone,CUST0012,5.0,25000
ORD01024,2025-09-27,PROD001,Laptop,CUST0029,4.0,55000
ORD01025,2025-11-11,PROD011,Office Chair,CUST0001,2.0,8500
ORD01026,2025-04-01,PROD011,Office Chair,CUST0017,3.0,8500
ORD01027,2025-03-17,PROD001,Laptop,CUST0008,5.0,55000
ORD01028,2025-03-14,PROD030,Vacuum Cleaner,CUST0091,1.0,9000
ORD01029,2025-07-06,PROD028,Microwave,CUST0068,1.0,11000
ORD01030,2025-12-06,PROD023,Marker Pack,CUST0048,4.0,250
ORD01031,2025-06-22,PROD004,Monitor,CUST0076,3.0,12000
ORD01032,2025-03-22,PROD005,Keyboard,CUST0042,4.0,1800
ORD01033,2025-11-29,PROD016,Printer,CUST0082,3.0,15000
ORD01034,2025-10-15,PROD023,Marker Pack,CUST0023,5.0,250
ORD01035,2025-12-07,PROD008,Webcam,CUST0046,5.0,3500
ORD01036,2025-06-07,PROD013,Bookshelf,CUST0023,3.0,7000
ORD01037,2025-01-01,PROD006,Mouse,CUST0017,5.0,900
ORD01038,2025-10-18,PROD028,Microwave,CUST0051,1.0,11000
ORD01039,2025-06-12,PROD020,WiFi Extender,CUST0024,5.0,2800
ORD01040,2025-10-17,PROD021,Notebook,CUST0029,1.0,120
ORD01041,2025-06-19,PROD005,Keyboard,CUST0064,1.0,1800
ORD01042,2025-06-13,PROD012,Office Table,CUST0031,2.0,12000
ORD01043,2025-02-15,PROD029,Air Purifier,CUST0082,3.0,15000
ORD01044,2025-05-16,PROD001,Laptop,CUST0058,2.0,55000
ORD01045,2025-02-04,PROD023,Marker Pack,CUST0032,3.0,250
ORD01046,2025-02-25,PROD026,Coffee Maker,CUST0033,1.0,6500
ORD01047,2025-08-13,PROD013,Bookshelf,CUST0007,4.0,7000
ORD01048,2025-07-31,PROD029,Air Purifier,CUST0022,4.0,15000
ORD01049,2025-10-07,PROD012,Office Table,CUST0049,4.0,12000
ORD01050,2025-09-03,PROD027,Electric Kettle,CUST0013,5.0,2200
ORD01051,2025-12-18,PROD025,Calculator,CUST0084,2.0,700
ORD01052,2025-02-07,PROD015,Storage Cabinet,CUST0021,1.0,9500
ORD01053,2025-06-13,PROD001,Laptop,CUST0038,3.0,55000
ORD01054,2025-06-25,PROD003,Tablet,CUST0014,2.0,18000
ORD01055,2025-02-08,PROD006,Mouse,CUST0049,5.0,900
ORD01056,2025-11-01,PROD011,Office Chair,CUST0012,5.0,8500
ORD01057,2025-01-16,PROD023,Marker Pack,CUST0062,4.0,250
ORD01058,2025-11-07,PROD006,Mouse,CUST0084,4.0,900
ORD01059,2025-02-21,PROD002,Smartphone,CUST0021,3.0,25000
ORD01060,2025-07-29,PROD007,Headphones,CUST0027,5.0,2200
ORD01061,2025-10-04,PROD030,Vacuum Cleaner,CUST0093,3.0,9000
ORD01062,2025-06-02,PROD010,Power Bank,CUST0085,2.0,1800
ORD01063,2025-07-21,PROD002,Smartphone,CUST0013,5.0,25000
ORD01064,2025-09-09,PROD027,Electric Kettle,CUST0071,2.0,2200
ORD01065,2025-01-02,PROD012,Office Table,CUST0007,4.0,12000
ORD01066,2025-12-05,PROD010,Power Bank,CUST0012,5.0,1800
ORD01067,2025-02-19,PROD007,Headphones,CUST0062,1.0,2200
ORD01068,2025-11-23,PROD006,Mouse,CUST0027,3.0,900
ORD01069,2025-03-01,PROD016,Printer,CUST0011,3.0,15000
ORD01070,2025-09-08,PROD016,Printer,CUST0051,3.0,15000
ORD01071,2025-10-06,PROD021,Notebook,CUST0012,4.0,120
ORD01072,2025-07-15,PROD012,Office Table,CUST0024,3.0,12000
ORD01073,2025-01-23,PROD015,Storage Cabinet,CUST0024,3.0,9500
ORD01074,2025-05-15,PROD015,Storage Cabinet,CUST0057,2.0,9500
ORD01075,2025-02-01,PROD019,Router,CUST0035,2.0,4500
ORD01076,2025-12-08,PROD023,Marker Pack,CUST0097,1.0,250
ORD01077,2025-06-26,PROD022,Pen Pack,CUST0011,5.0,150
ORD01078,2025-10-29,PROD025,Calculator,CUST0053,2.0,700
ORD01079,2025-07-18,PROD002,Smartphone,CUST0071,5.0,25000
ORD01080,2025-12-18,PROD018,Projector,CUST0054,4.0,30000
ORD01081,2025-05-01,PROD029,Air Purifier,CUST0074,4.0,15000
ORD01082,2025-07-22,PROD003,Tablet,CUST0039,1.0,18000
ORD01083,2025-09-22,PROD019,Router,CUST0065,5.0,4500
ORD01084,2025-03-17,PROD020,WiFi Extender,CUST0087,1.0,2800
ORD01085,2025-03-30,PROD015,Storage Cabinet,CUST0097,2.0,9500
ORD01086,2025-04-09,PROD026,Coffee Maker,CUST0028,2.0,6500
ORD01087,2025-02-10,PROD014,Desk Lamp,CUST0006,4.0,1800
ORD01088,2025-11-18,PROD027,Electric Kettle,CUST0026,2.0,2200
ORD01089,2025-06-13,PROD009,USB Hub,CUST0077,1.0,1200
ORD01090,2025-10-12,PROD013,Bookshelf,CUST0012,4.0,7000
ORD01091,2025-05-22,PROD011,Office Chair,CUST0071,5.0,8500
ORD01092,2025-01-07,PROD030,Vacuum Cleaner,CUST0059,5.0,9000
ORD01093,2025-08-03,PROD017,Scanner,CUST0076,1.0,11000
ORD01094,2025-03-17,PROD005,Keyboard,CUST0054,5.0,1800
ORD01095,2025-02-21,PROD019,Router,CUST0076,1.0,4500
ORD01096,2025-02-21,PROD025,Calculator,CUST0073,3.0,700
ORD01097,2025-06-26,PROD029,Air Purifier,CUST0069,4.0,15000
ORD01098,2025-12-02,PROD013,Bookshelf,CUST0034,4.0,7000
ORD01099,2025-08-31,PROD020,WiFi Extender,CUST0074,1.0,2800
ORD01100,2025-07-26,PROD009,USB Hub,CUST0023,2.0,1200
ORD01101,2025-12-15,PROD020,WiFi Extender,CUST0080,4.0,2800
ORD01102,2025-06-19,PROD013,Bookshelf,CUST0005,2.0,7000
ORD01103,2025-09-01,PROD024,File Folder,CUST0007,3.0,100
ORD01104,2025-06-22,PROD001,Laptop,CUST0048,3.0,55000
ORD01105,2025-09-09,PROD009,USB Hub,CUST0040,1.0,1200
ORD01106,2025-06-03,PROD005,Keyboard,CUST0030,4.0,1800
ORD01107,2025-06-14,PROD027,Electric Kettle,CUST0100,3.0,2200
ORD01108,2025-11-06,PROD014,Desk Lamp,CUST0094,1.0,1800
ORD01109,2025-04-19,PROD015,Storage Cabinet,CUST0025,4.0,9500
ORD01110,2025-09-22,PROD016,Printer,CUST0095,3.0,15000
ORD01111,2025-03-23,PROD017,Scanner,CUST0008,1.0,11000
ORD01112,2025-09-17,PROD023,Marker Pack,CUST0040,4.0,250
ORD01113,2025-09-26,PROD025,Calculator,CUST0018,5.0,700
ORD01114,2025-04-09,PROD006,Mouse,CUST0004,2.0,900
ORD01115,2025-01-17,PROD008,Webcam,CUST0008,4.0,3500
ORD01116,2025-07-04,PROD030,Vacuum Cleaner,CUST0007,2.0,9000
ORD01117,2025-08-26,PROD012,Office Table,CUST0036,5.0,12000
ORD01118,2025-03-05,PROD021,Notebook,CUST0051,1.0,120
ORD01119,2025-09-08,PROD012,Office Table,CUST0031,5.0,12000
ORD01120,2025-08-31,PROD006,Mouse,CUST0058,5.0,900
ORD01121,2025-06-26,PROD012,Office Table,CUST0071,2.0,12000
ORD01122,2025-12-19,PROD024,File Folder,CUST0034,1.0,100
ORD01123,2025-07-17,PROD001,Laptop,CUST0037,1.0,55000
ORD01124,2025-10-20,PROD028,Microwave,CUST0021,2.0,11000
ORD01125,2025-04-26,PROD021,Notebook,CUST0029,2.0,120
ORD01126,2025-07-29,PROD021,Notebook,CUST0035,5.0,120
ORD01127,2025-12-16,PROD028,Microwave,CUST0003,1.0,11000
ORD01128,2025-03-09,PROD030,Vacuum Cleaner,CUST0061,2.0,9000
ORD01129,2025-01-05,PROD026,Coffee Maker,CUST0077,2.0,6500
ORD01130,2025-06-06,PROD020,WiFi Extender,CUST0033,3.0,2800
ORD01131,2025-07-12,PROD029,Air Purifier,CUST0055,3.0,15000
ORD01132,2025-04-22,PROD009,USB Hub,CUST0059,4.0,1200
ORD01133,2025-09-24,PROD022,Pen Pack,CUST0039,5.0,150
ORD01134,2025-02-22,PROD019,Router,CUST0051,1.0,4500
ORD01135,2025-07-11,PROD022,Pen Pack,CUST0066,5.0,150
ORD01136,2025-11-08,PROD020,WiFi Extender,CUST0083,3.0,2800
ORD01137,2025-02-25,PROD022,Pen Pack,CUST0039,4.0,150
ORD01138,2025-05-22,PROD011,Office Chair,CUST0009,3.0,8500
ORD01139,2025-12-02,PROD009,USB Hub,CUST0036,3.0,1200
ORD01140,2025-09-22,PROD005,Keyboard,CUST0025,2.0,1800
ORD01141,2025-11-04,PROD026,Coffee Maker,CUST0008,4.0,6500
ORD01142,2025-12-15,PROD011,Office Chair,CUST0085,2.0,8500
ORD01143,2025-12-02,PROD001,Laptop,CUST0093,4.0,55000
ORD01144,2025-08-03,PROD009,USB Hub,CUST0038,4.0,1200
ORD01145,2025-01-19,PROD024,File Folder,CUST0050,5.0,100
ORD01146,2025-04-08,PROD019,Router,CUST0091,3.0,4500
ORD01147,2025-04-24,PROD023,Marker Pack,CUST0093,5.0,250
ORD01148,2025-09-01,PROD026,Coffee Maker,CUST0082,3.0,6500
ORD01149,2025-03-29,PROD010,Power Bank,CUST0065,5.0,1800
ORD01150,2025-02-19,PROD010,Power Bank,CUST0024,4.0,1800
ORD01151,2025-05-13,PROD024,File Folder,CUST0017,5.0,100
ORD01152,2025-04-04,PROD030,Vacuum Cleaner,CUST0098,3.0,9000
ORD01153,2025-04-24,PROD003,Tablet,CUST0084,3.0,18000
ORD01154,2025-06-07,PROD024,File Folder,CUST0029,4.0,100
ORD01155,2025-05-14,PROD012,Office Table,CUST0043,5.0,12000
ORD01156,2025-03-02,PROD015,Storage Cabinet,CUST0038,4.0,9500
ORD01157,2025-11-21,PROD028,Microwave,CUST0007,5.0,11000
ORD01158,2025-02-06,PROD020,WiFi Extender,CUST0075,4.0,2800
ORD01159,2025-03-03,PROD017,Scanner,CUST0025,4.0,11000
ORD01160,2025-07-31,PROD010,Power Bank,CUST0068,1.0,1800
ORD01161,2025-04-13,PROD005,Keyboard,CUST0020,3.0,1800
ORD01162,2025-08-23,PROD019,Router,CUST0053,2.0,4500
ORD01163,2025-04-03,PROD028,Microwave,CUST0041,1.0,11000
ORD01164,2025-11-20,PROD011,Office Chair,CUST0063,2.0,8500
ORD01165,2025-01-30,PROD021,Notebook,CUST0041,1.0,120
ORD01166,2025-04-18,PROD009,USB Hub,CUST0058,2.0,1200
ORD01167,2025-03-23,PROD025,Calculator,CUST0074,4.0,700
ORD01168,2025-02-15,PROD025,Calculator,CUST0098,2.0,700
ORD01169,2025-11-21,PROD014,Desk Lamp,CUST0079,4.0,1800
ORD01170,2025-09-02,PROD014,Desk Lamp,CUST0052,4.0,1800
ORD01171,2025-10-01,PROD002,Smartphone,CUST0001,2.0,25000
ORD01172,2025-01-08,PROD012,Office Table,CUST0094,3.0,12000
ORD01173,2025-09-29,PROD027,Electric Kettle,CUST0097,2.0,2200
ORD01174,2025-01-03,PROD022,Pen Pack,CUST0003,2.0,150
ORD01175,2025-06-26,PROD023,Marker Pack,CUST0029,3.0,250
ORD01176,2025-07-16,PROD004,Monitor,CUST0017,5.0,12000
ORD01177,2025-03-27,PROD010,Power Bank,CUST0076,1.0,1800
ORD01178,2025-05-29,PROD010,Power Bank,CUST0006,4.0,1800
ORD01179,2025-11-02,PROD017,Scanner,CUST0094,5.0,11000
ORD01180,2025-12-18,PROD014,Desk Lamp,CUST0044,2.0,1800
ORD01181,2025-09-08,PROD029,Air Purifier,CUST0044,3.0,15000
ORD01182,2025-03-26,PROD007,Headphones,CUST0097,4.0,2200
ORD01183,2025-04-25,PROD008,Webcam,CUST0003,2.0,3500
ORD01184,2025-01-12,PROD024,File Folder,CUST0028,5.0,100
ORD01185,2025-03-05,PROD006,Mouse,CUST0065,3.0,900
ORD01186,2025-01-20,PROD021,Notebook,CUST0092,4.0,120
ORD01187,2025-10-01,PROD009,USB Hub,CUST0082,5.0,1200
ORD01188,2025-01-25,PROD020,WiFi Extender,CUST0007,1.0,2800
ORD01189,2025-01-11,PROD027,Electric Kettle,CUST0084,1.0,2200
ORD01190,2025-08-02,PROD004,Monitor,CUST0089,4.0,12000
ORD01191,2025-10-08,PROD004,Monitor,CUST0049,3.0,12000
ORD01192,2025-03-20,PROD023,Marker Pack,CUST0061,2.0,250
ORD01193,2025-11-19,PROD022,Pen Pack,CUST0089,1.0,150
ORD01194,2025-12-05,PROD014,Desk Lamp,CUST0039,1.0,1800
ORD01195,2025-05-19,PROD017,Scanner,CUST0085,5.0,11000
ORD01196,2025-03-12,PROD023,Marker Pack,CUST0078,4.0,250
ORD01197,2025-11-13,PROD017,Scanner,CUST0014,1.0,11000
ORD01198,2025-02-24,PROD004,Monitor,CUST0037,4.0,12000
ORD01199,2025-04-13,PROD020,WiFi Extender,CUST0026,3.0,2800
ORD01200,2025-07-03,PROD007,Headphones,CUST0067,4.0,2200
ORD01201,2025-01-21,PROD006,Mouse,CUST0038,5.0,900
ORD01202,2025-04-17,PROD030,Vacuum Cleaner,CUST0064,4.0,9000
ORD01203,2025-01-02,PROD008,Webcam,CUST0043,1.0,3500
ORD01204,2025-02-26,PROD003,Tablet,CUST0086,5.0,18000
ORD01205,2025-03-18,PROD016,Printer,CUST0086,1.0,15000
ORD01206,2025-02-08,PROD017,Scanner,CUST0100,1.0,11000
ORD01207,2025-04-29,PROD021,Notebook,CUST0033,4.0,120
ORD01208,2025-08-26,PROD009,USB Hub,CUST0038,1.0,1200
ORD01209,2025-03-31,PROD027,Electric Kettle,CUST0013,1.0,2200
ORD01210,2025-12-13,PROD012,Office Table,CUST0038,3.0,12000
ORD01211,2025-03-01,PROD024,File Folder,CUST0055,1.0,100
ORD01212,2025-01-24,PROD029,Air Purifier,CUST0098,1.0,15000
ORD01213,2025-11-28,PROD022,Pen Pack,CUST0018,2.0,150
ORD01214,2025-08-13,PROD012,Office Table,CUST0043,5.0,12000
ORD01215,2025-02-17,PROD029,Air Purifier,CUST0035,3.0,15000
ORD01216,2025-02-28,PROD006,Mouse,CUST0044,4.0,900
ORD01217,2025-05-20,PROD015,Storage Cabinet,CUST0052,4.0,9500
ORD01218,2025-09-02,PROD028,Microwave,CUST0089,4.0,11000
ORD01219,2025-03-27,PROD029,Air Purifier,CUST0084,1.0,15000
ORD01220,2025-01-31,PROD023,Marker Pack,CUST0017,2.0,250
ORD01221,2025-10-30,PROD014,Desk Lamp,CUST0014,4.0,1800
ORD01222,2025-08-13,PROD022,Pen Pack,CUST0073,2.0,150
ORD01223,2025-07-03,PROD013,Bookshelf,CUST0079,5.0,7000
ORD01224,2025-12-17,PROD028,Microwave,CUST0004,2.0,11000
ORD01225,2025-09-07,PROD030,Vacuum Cleaner,CUST0062,1.0,9000
ORD01226,2025-01-24,PROD015,Storage Cabinet,CUST0053,1.0,9500
ORD01227,2025-06-10,PROD021,Notebook,CUST0034,1.0,120
ORD01228,2025-12-14,PROD028,Microwave,CUST0091,5.0,11000
ORD01229,2025-10-23,PROD024,File Folder,CUST0099,5.0,100
ORD01230,2025-06-23,PROD022,Pen Pack,CUST0029,5.0,150
ORD01231,2025-12-25,PROD023,Marker Pack,CUST0067,5.0,250
ORD01232,2025-12-05,PROD014,Desk Lamp,CUST0013,2.0,1800
ORD01233,2025-12-06,PROD012,Office Table,CUST0062,4.0,12000
ORD01234,2025-10-13,PROD027,Electric Kettle,CUST0020,5.0,2200
ORD01235,2025-11-26,PROD001,Laptop,CUST0007,2.0,55000
ORD01236,2025-08-29,PROD028,Microwave,CUST0065,4.0,11000
ORD01237,2025-09-09,PROD003,Tablet,CUST0022,3.0,18000
ORD01238,2025-05-23,PROD011,Office Chair,CUST0031,1.0,8500
ORD01239,2025-10-09,PROD008,Webcam,CUST0065,4.0,3500
ORD01240,2025-05-01,PROD027,Electric Kettle,CUST0052,1.0,2200
ORD01241,2025-10-21,PROD015,Storage Cabinet,CUST0059,4.0,9500
ORD01242,2025-09-13,PROD028,Microwave,CUST0012,4.0,11000
ORD01243,2025-09-12,PROD004,Monitor,CUST0041,1.0,12000
ORD01244,2025-07-31,PROD013,Bookshelf,CUST0014,1.0,7000
ORD01245,2025-01-01,PROD018,Projector,CUST0072,1.0,30000
ORD01246,2025-11-23,PROD020,WiFi Extender,CUST0078,3.0,2800
ORD01247,2025-04-16,PROD018,Projector,CUST0066,4.0,30000
ORD01248,2025-01-28,PROD012,Office Table,CUST0044,2.0,12000
ORD01249,2025-10-14,PROD011,Office Chair,CUST0059,5.0,8500
ORD01250,2025-12-03,PROD016,Printer,CUST0077,3.0,15000
ORD01251,2025-02-28,PROD015,Storage Cabinet,CUST0092,1.0,9500
ORD01252,2025-04-24,PROD022,Pen Pack,CUST0098,1.0,150
ORD01253,2025-11-21,PROD012,Office Table,CUST0044,3.0,12000
ORD01254,2025-07-11,PROD017,Scanner,CUST0071,1.0,11000
ORD01255,2025-03-26,PROD029,Air Purifier,CUST0006,4.0,15000
ORD01256,2025-07-29,PROD027,Electric Kettle,CUST0018,1.0,2200
ORD01257,2025-04-11,PROD020,WiFi Extender,CUST0033,2.0,2800
ORD01258,2025-07-21,PROD030,Vacuum Cleaner,CUST0016,2.0,9000
ORD01259,2025-04-08,PROD027,Electric Kettle,CUST0059,3.0,2200
ORD01260,2025-08-01,PROD025,Calculator,CUST0014,1.0,700
ORD01261,2025-12-11,PROD027,Electric Kettle,CUST0082,5.0,2200
ORD01262,2025-08-19,PROD025,Calculator,CUST0016,4.0,700
ORD01263,2025-09-16,PROD019,Router,CUST0085,2.0,4500
ORD01264,2025-09-29,PROD001,Laptop,CUST0064,1.0,55000
ORD01265,2025-08-10,PROD030,Vacuum Cleaner,CUST0071,5.0,9000
ORD01266,2025-09-18,PROD030,Vacuum Cleaner,CUST0062,2.0,9000
ORD01267,2025-03-30,PROD019,Router,CUST0089,2.0,4500
ORD01268,2025-12-03,PROD013,Bookshelf,CUST0014,5.0,7000
ORD01269,2025-06-14,PROD029,Air Purifier,CUST0078,5.0,15000
ORD01270,2025-11-08,PROD014,Desk Lamp,CUST0050,2.0,1800
ORD01271,2025-06-25,PROD013,Bookshelf,CUST0036,3.0,7000
ORD01272,2025-03-10,PROD026,Coffee Maker,CUST0058,2.0,6500
ORD01273,2025-12-25,PROD020,WiFi Extender,CUST0053,5.0,2800
ORD01274,2025-12-26,PROD027,Electric Kettle,CUST0039,5.0,2200
ORD01275,2025-10-11,PROD023,Marker Pack,CUST0041,2.0,250
ORD01276,2025-11-16,PROD007,Headphones,CUST0026,3.0,2200
ORD01277,2025-12-11,PROD012,Office Table,CUST0088,2.0,12000
ORD01278,2025-04-02,PROD021,Notebook,CUST0091,5.0,120
ORD01279,2025-11-23,PROD023,Marker Pack,CUST0070,3.0,250
ORD01280,2025-06-30,PROD004,Monitor,CUST0091,5.0,12000
ORD01281,2025-10-20,PROD019,Router,CUST0062,4.0,4500
ORD01282,2025-10-01,PROD024,File Folder,CUST0087,3.0,100
ORD01283,2025-01-07,PROD026,Coffee Maker,CUST0055,5.0,6500
ORD01284,2025-07-15,PROD001,Laptop,CUST0014,2.0,55000
ORD01285,2025-01-29,PROD022,Pen Pack,CUST0007,2.0,150
ORD01286,2025-03-24,PROD025,Calculator,CUST0035,3.0,700
ORD01287,2025-03-16,PROD009,USB Hub,CUST0088,1.0,1200
ORD01288,2025-06-01,PROD026,Coffee Maker,CUST0089,2.0,6500
ORD01289,2025-01-17,PROD018,Projector,CUST0097,3.0,30000
ORD01290,2025-11-12,PROD004,Monitor,CUST0058,5.0,12000
ORD01291,2025-11-28,PROD024,File Folder,CUST0029,5.0,100
ORD01292,2025-09-19,PROD008,Webcam,CUST0050,3.0,3500
ORD01293,2025-01-25,PROD022,Pen Pack,CUST0089,4.0,150
ORD01294,2025-12-17,PROD014,Desk Lamp,CUST0050,3.0,1800
ORD01295,2025-01-07,PROD002,Smartphone,CUST0071,3.0,25000
ORD01296,2025-08-15,PROD020,WiFi Extender,CUST0026,2.0,2800
ORD01297,2025-12-30,PROD023,Marker Pack,CUST0082,3.0,250
ORD01298,2025-10-07,PROD019,Router,CUST0097,5.0,4500
ORD01299,2025-04-10,PROD025,Calculator,CUST0026,3.0,700
ORD01300,2025-12-16,PROD006,Mouse,CUST0058,1.0,900
ORD01301,2025-09-21,PROD006,Mouse,CUST0024,1.0,900
ORD01302,2025-08-08,PROD002,Smartphone,CUST0049,3.0,25000
ORD01303,2025-03-08,PROD009,USB Hub,CUST0072,2.0,1200
ORD01304,2025-05-11,PROD028,Microwave,CUST0075,1.0,11000
ORD01305,2025-12-30,PROD015,Storage Cabinet,CUST0043,2.0,9500
ORD01306,2025-06-15,PROD005,Keyboard,CUST0006,5.0,1800
ORD01307,2025-11-17,PROD025,Calculator,CUST0007,5.0,700
ORD01308,2025-09-09,PROD010,Power Bank,CUST0085,5.0,1800
ORD01309,2025-02-07,PROD012,Office Table,CUST0071,3.0,12000
ORD01310,2025-04-05,PROD008,Webcam,CUST0068,5.0,3500
ORD01311,2025-09-16,PROD026,Coffee Maker,CUST0009,2.0,6500
ORD01312,2025-10-02,PROD018,Projector,CUST0054,4.0,30000
ORD01313,2025-04-24,PROD012,Office Table,CUST0012,2.0,12000
ORD01314,2025-06-19,PROD011,Office Chair,CUST0085,3.0,8500
ORD01315,2025-11-13,PROD007,Headphones,CUST0038,5.0,2200
ORD01316,2025-11-29,PROD018,Projector,CUST0061,1.0,30000
ORD01317,2025-06-27,PROD022,Pen Pack,CUST0015,4.0,150
ORD01318,2025-11-25,PROD029,Air Purifier,CUST0031,5.0,15000
ORD01319,2025-01-21,PROD008,Webcam,CUST0080,3.0,3500
ORD01320,2025-02-28,PROD030,Vacuum Cleaner,CUST0049,4.0,9000
ORD01321,2025-05-25,PROD018,Projector,CUST0033,1.0,30000
ORD01322,2025-07-11,PROD027,Electric Kettle,CUST0067,5.0,2200
ORD01323,2025-09-07,PROD015,Storage Cabinet,CUST0066,1.0,9500
ORD01324,2025-11-30,PROD029,Air Purifier,CUST0038,2.0,15000
ORD01325,2025-02-12,PROD017,Scanner,CUST0042,1.0,11000
ORD01326,2025-10-03,PROD025,Calculator,CUST0022,5.0,700
ORD01327,2025-02-03,PROD021,Notebook,CUST0001,2.0,120
ORD01328,2025-04-20,PROD021,Notebook,CUST0086,4.0,120
ORD01329,2025-10-03,PROD007,Headphones,CUST0014,4.0,2200
ORD01330,2025-02-06,PROD027,Electric Kettle,CUST0083,2.0,2200
ORD01331,2025-06-19,PROD015,Storage Cabinet,CUST0004,1.0,9500
ORD01332,2025-01-28,PROD003,Tablet,CUST0012,2.0,18000
ORD01333,2025-02-06,PROD018,Projector,CUST0033,5.0,30000
ORD01334,2025-05-13,PROD030,Vacuum Cleaner,CUST0030,4.0,9000
ORD01335,2025-11-19,PROD015,Storage Cabinet,CUST0050,4.0,9500
ORD01336,2025-01-09,PROD011,Office Chair,CUST0056,4.0,8500
ORD01337,2025-10-01,PROD004,Monitor,CUST0087,1.0,12000
ORD01338,2025-11-13,PROD024,File Folder,CUST0083,1.0,100
ORD01339,2025-10-27,PROD024,File Folder,CUST0097,1.0,100
ORD01340,2025-02-07,PROD028,Microwave,CUST0090,3.0,11000
ORD01341,2025-05-29,PROD004,Monitor,CUST0065,3.0,12000
ORD01342,2025-05-25,PROD003,Tablet,CUST0078,4.0,18000
ORD01343,2025-12-05,PROD013,Bookshelf,CUST0049,1.0,7000
ORD01344,2025-10-01,PROD006,Mouse,CUST0061,2.0,900
ORD01345,2025-07-20,PROD024,File Folder,CUST0018,5.0,100
ORD01346,2025-03-15,PROD021,Notebook,CUST0038,3.0,120
ORD01347,2025-11-28,PROD029,Air Purifier,CUST0087,3.0,15000
ORD01348,2025-10-12,PROD018,Projector,CUST0002,2.0,30000
ORD01349,2025-01-03,PROD002,Smartphone,CUST0016,5.0,25000
ORD01350,2025-10-03,PROD013,Bookshelf,CUST0077,5.0,7000
ORD01351,2025-04-18,PROD010,Power Bank,CUST0011,3.0,1800
ORD01352,2025-11-27,PROD014,Desk Lamp,CUST0028,5.0,1800
ORD01353,2025-04-05,PROD006,Mouse,CUST0019,2.0,900
ORD01354,2025-05-10,PROD027,Electric Kettle,CUST0079,2.0,2200
ORD01355,2025-12-10,PROD006,Mouse,CUST0015,5.0,900
ORD01356,2025-10-09,PROD028,Microwave,CUST0007,4.0,11000
ORD01357,2025-02-07,PROD018,Projector,CUST0083,3.0,30000
ORD01358,2025-05-09,PROD003,Tablet,CUST0086,1.0,18000
ORD01359,2025-10-25,PROD024,File Folder,CUST0026,4.0,100
ORD01360,2025-03-07,PROD012,Office Table,CUST0043,2.0,12000
ORD01361,2025-11-14,PROD010,Power Bank,CUST0013,1.0,1800
ORD01362,2025-09-06,PROD011,Office Chair,CUST0025,4.0,8500
ORD01363,2025-12-04,PROD020,WiFi Extender,CUST0043,3.0,2800
ORD01364,2025-03-20,PROD019,Router,CUST0089,5.0,4500
ORD01365,2025-06-11,PROD012,Office Table,CUST0073,4.0,12000
ORD01366,2025-06-10,PROD001,Laptop,CUST0022,2.0,55000
ORD01367,2025-11-25,PROD023,Marker Pack,CUST0029,4.0,250
ORD01368,2025-07-04,PROD027,Electric Kettle,CUST0036,2.0,2200
ORD01369,2025-06-19,PROD024,File Folder,CUST0087,4.0,100
ORD01370,2025-07-03,PROD015,Storage Cabinet,CUST0060,3.0,9500
ORD01371,2025-02-25,PROD018,Projector,CUST0063,2.0,30000
ORD01372,2025-02-11,PROD020,WiFi Extender,CUST0083,3.0,2800
ORD01373,2025-10-03,PROD029,Air Purifier,CUST0018,2.0,15000
ORD01374,2025-11-17,PROD024,File Folder,CUST0034,1.0,100
ORD01375,2025-01-10,PROD003,Tablet,CUST0094,5.0,18000
ORD01376,2025-10-25,PROD001,Laptop,CUST0081,5.0,55000
ORD01377,2025-10-30,PROD025,Calculator,CUST0052,2.0,700
ORD01378,2025-05-14,PROD018,Projector,CUST0005,5.0,30000
ORD01379,2025-12-01,PROD016,Printer,CUST0070,2.0,15000
ORD01380,2025-04-25,PROD013,Bookshelf,CUST0047,5.0,7000
ORD01381,2025-05-29,PROD028,Microwave,CUST0094,2.0,11000
ORD01382,2025-09-19,PROD017,Scanner,CUST0060,1.0,11000
ORD01383,2025-09-15,PROD012,Office Table,CUST0051,1.0,12000
ORD01384,2025-11-11,PROD008,Webcam,CUST0085,2.0,3500
ORD01385,2025-03-13,PROD017,Scanner,CUST0097,4.0,11000
ORD01386,2025-10-17,PROD006,Mouse,CUST0021,5.0,900
ORD01387,2025-03-16,PROD028,Microwave,CUST0085,4.0,11000
ORD01388,2025-04-23,PROD002,Smartphone,CUST0046,4.0,25000
ORD01389,2025-05-16,PROD003,Tablet,CUST0030,3.0,18000
ORD01390,2025-12-09,PROD002,Smartphone,CUST0030,2.0,25000
ORD01391,2025-07-04,PROD030,Vacuum Cleaner,CUST0067,4.0,9000
ORD01392,2025-08-21,PROD030,Vacuum Cleaner,CUST0061,1.0,9000
ORD01393,2025-06-15,PROD021,Notebook,CUST0006,1.0,120
ORD01394,2025-11-21,PROD017,Scanner,CUST0091,3.0,11000
ORD01395,2025-10-24,PROD009,USB Hub,CUST0095,5.0,1200
ORD01396,2025-07-12,PROD006,Mouse,CUST0073,4.0,900
ORD01397,2025-12-01,PROD019,Router,CUST0047,1.0,4500
ORD01398,2025-07-12,PROD009,USB Hub,CUST0067,2.0,1200
ORD01399,2025-06-30,PROD013,Bookshelf,CUST0067,3.0,7000
ORD01400,2025-09-04,PROD026,Coffee Maker,CUST0063,5.0,6500
ORD01401,2025-03-13,PROD017,Scanner,CUST0001,4.0,11000
ORD01402,2025-02-09,PROD008,Webcam,CUST0022,5.0,3500
ORD01403,2025-04-19,PROD009,USB Hub,CUST0083,2.0,1200
ORD01404,2025-07-05,PROD006,Mouse,CUST0024,5.0,900
ORD01405,2025-03-02,PROD027,Electric Kettle,CUST0092,2.0,2200
ORD01406,2025-06-19,PROD026,Coffee Maker,CUST0054,1.0,6500
ORD01407,2025-09-03,PROD022,Pen Pack,CUST0062,4.0,150
ORD01408,2025-03-24,PROD019,Router,CUST0027,4.0,4500
ORD01409,2025-01-23,PROD008,Webcam,CUST0003,2.0,3500
ORD01410,2025-03-24,PROD019,Router,CUST0074,2.0,4500
ORD01411,2025-01-21,PROD017,Scanner,CUST0081,5.0,11000
ORD01412,2025-03-27,PROD002,Smartphone,CUST0019,3.0,25000
ORD01413,2025-07-27,PROD017,Scanner,CUST0024,5.0,11000
ORD01414,2025-01-10,PROD021,Notebook,CUST0073,3.0,120
ORD01415,2025-08-18,PROD007,Headphones,CUST0011,5.0,2200
ORD01416,2025-09-04,PROD028,Microwave,CUST0061,2.0,11000
ORD01417,2025-07-30,PROD027,Electric Kettle,CUST0029,5.0,2200
ORD01418,2025-10-26,PROD026,Coffee Maker,CUST0019,2.0,6500
ORD01419,2025-09-19,PROD022,Pen Pack,CUST0080,3.0,150
ORD01420,2025-12-18,PROD024,File Folder,CUST0022,3.0,100
ORD01421,2025-10-30,PROD020,WiFi Extender,CUST0059,1.0,2800
ORD01422,2025-07-17,PROD013,Bookshelf,CUST0030,2.0,7000
ORD01423,2025-04-14,PROD001,Laptop,CUST0014,5.0,55000
ORD01424,2025-08-03,PROD022,Pen Pack,CUST0065,2.0,150
ORD01425,2025-04-01,PROD004,Monitor,CUST0078,4.0,12000
ORD01426,2025-01-20,PROD020,WiFi Extender,CUST0079,5.0,2800
ORD01427,2025-03-02,PROD025,Calculator,CUST0065,1.0,700
ORD01428,2025-03-08,PROD022,Pen Pack,CUST0062,5.0,150
ORD01429,2025-01-01,PROD027,Electric Kettle,CUST0070,4.0,2200
ORD01430,2025-07-09,PROD014,Desk Lamp,CUST0067,1.0,1800
ORD01431,2025-08-08,PROD017,Scanner,CUST0090,2.0,11000
ORD01432,2025-07-15,PROD026,Coffee Maker,CUST0062,3.0,6500
ORD01433,2025-12-23,PROD026,Coffee Maker,CUST0076,5.0,6500
ORD01434,2025-03-10,PROD014,Desk Lamp,CUST0013,3.0,1800
ORD01435,2025-04-30,PROD025,Calculator,CUST0062,1.0,700
ORD01436,2025-10-06,PROD020,WiFi Extender,CUST0037,4.0,2800
ORD01437,2025-01-03,PROD007,Headphones,CUST0033,1.0,2200
ORD01438,2025-03-02,PROD017,Scanner,CUST0074,5.0,11000
ORD01439,2025-12-02,PROD013,Bookshelf,CUST0001,2.0,7000
ORD01440,2025-06-11,PROD026,Coffee Maker,CUST0089,4.0,6500
ORD01441,2025-03-21,PROD004,Monitor,CUST0047,4.0,12000
ORD01442,2025-05-10,PROD019,Router,CUST0084,3.0,4500
ORD01443,2025-10-17,PROD014,Desk Lamp,CUST0069,3.0,1800
ORD01444,2025-12-15,PROD009,USB Hub,CUST0079,4.0,1200
ORD01445,2025-07-31,PROD007,Headphones,CUST0097,5.0,2200
ORD01446,2025-04-02,PROD016,Printer,CUST0072,3.0,15000
ORD01447,2025-09-05,PROD018,Projector,CUST0072,3.0,30000
ORD01448,2025-06-26,PROD019,Router,CUST0040,4.0,4500
ORD01449,2025-12-04,PROD005,Keyboard,CUST0095,1.0,1800
ORD01450,2025-08-17,PROD008,Webcam,CUST0096,2.0,3500
ORD01451,2025-09-18,PROD007,Headphones,CUST0013,4.0,2200
ORD01452,2025-10-09,PROD026,Coffee Maker,CUST0044,5.0,6500
ORD01453,2025-12-28,PROD022,Pen Pack,CUST0090,1.0,150
ORD01454,2025-11-22,PROD013,Bookshelf,CUST0021,1.0,7000
ORD01455,2025-03-16,PROD027,Electric Kettle,CUST0012,4.0,2200
ORD01456,2025-02-15,PROD014,Desk Lamp,CUST0077,1.0,1800
ORD01457,2025-07-09,PROD008,Webcam,CUST0034,1.0,3500
ORD01458,2025-07-16,PROD002,Smartphone,CUST0078,4.0,25000
ORD01459,2025-09-24,PROD021,Notebook,CUST0079,3.0,120
ORD01460,2025-01-30,PROD020,WiFi Extender,CUST0092,2.0,2800
ORD01461,2025-08-13,PROD016,Printer,CUST0082,1.0,15000
ORD01462,2025-12-03,PROD028,Microwave,CUST0026,5.0,11000
ORD01463,2025-01-18,PROD007,Headphones,CUST0037,5.0,2200
ORD01464,2025-12-24,PROD017,Scanner,CUST0066,2.0,11000
ORD01465,2025-12-12,PROD006,Mouse,CUST0079,1.0,900
ORD01466,2025-12-02,PROD008,Webcam,CUST0047,1.0,3500
ORD01467,2025-05-22,PROD003,Tablet,CUST0021,4.0,18000
ORD01468,2025-07-22,PROD022,Pen Pack,CUST0046,4.0,150
ORD01469,2025-09-23,PROD007,Headphones,CUST0076,1.0,2200
ORD01470,2025-02-05,PROD023,Marker Pack,CUST0095,1.0,250
ORD01471,2025-10-14,PROD010,Power Bank,CUST0071,5.0,1800
ORD01472,2025-05-22,PROD012,Office Table,CUST0045,2.0,12000
ORD01473,2025-08-21,PROD007,Headphones,CUST0078,4.0,2200
ORD01474,2025-05-14,PROD001,Laptop,CUST0074,2.0,55000
ORD01475,2025-02-24,PROD017,Scanner,CUST0053,5.0,11000
ORD01476,2025-05-31,PROD017,Scanner,CUST0010,3.0,11000
ORD01477,2025-09-20,PROD026,Coffee Maker,CUST0015,3.0,6500
ORD01478,2025-10-22,PROD027,Electric Kettle,CUST0069,3.0,2200
ORD01479,2025-07-13,PROD015,Storage Cabinet,CUST0089,5.0,9500
ORD01480,2025-05-05,PROD025,Calculator,CUST0062,3.0,700
ORD01481,2025-12-15,PROD015,Storage Cabinet,CUST0100,4.0,9500
ORD01482,2025-01-15,PROD028,Microwave,CUST0076,4.0,11000
ORD01483,2025-02-04,PROD009,USB Hub,CUST0015,4.0,1200
ORD01484,2025-04-23,PROD026,Coffee Maker,CUST0082,2.0,6500
ORD01485,2025-06-30,PROD014,Desk Lamp,CUST0041,5.0,1800
ORD01486,2025-12-25,PROD001,Laptop,CUST0069,3.0,55000
ORD01487,2025-02-17,PROD010,Power Bank,CUST0032,4.0,1800
ORD01488,2025-06-25,PROD024,File Folder,CUST0087,1.0,100
ORD01489,2025-04-02,PROD030,Vacuum Cleaner,CUST0071,4.0,9000
ORD01490,2025-04-22,PROD012,Office Table,CUST0041,5.0,12000
ORD01491,2025-12-16,PROD006,Mouse,CUST0035,2.0,900
ORD01492,2025-04-13,PROD024,File Folder,CUST0064,2.0,100
ORD01493,2025-05-16,PROD008,Webcam,CUST0095,2.0,3500
ORD01494,2025-05-08,PROD007,Headphones,CUST0030,5.0,2200
ORD01495,2025-02-24,PROD005,Keyboard,CUST0046,1.0,1800
ORD01496,2025-12-06,PROD022,Pen Pack,CUST0011,4.0,150
ORD01497,2025-10-05,PROD001,Laptop,CUST0079,1.0,55000
ORD01498,2025-11-14,PROD012,Office Table,CUST0062,3.0,12000
ORD01499,2025-10-22,PROD029,Air Purifier,CUST0064,3.0,15000
ORD01500,2025-09-19,PROD006,Mouse,CUST0063,3.0,900
ORD01501,2025-10-23,PROD008,Webcam,CUST0051,2.0,3500
ORD01502,2025-08-05,PROD017,Scanner,CUST0007,4.0,11000
ORD01503,2025-09-15,PROD002,Smartphone,CUST0070,3.0,25000
ORD01504,2025-12-18,PROD028,Microwave,CUST0051,2.0,11000
ORD01505,2025-12-24,PROD004,Monitor,CUST0059,5.0,12000
ORD01506,2025-12-19,PROD011,Office Chair,CUST0059,1.0,8500
ORD01507,2025-04-18,PROD022,Pen Pack,CUST0002,4.0,150
ORD01508,2025-06-16,PROD004,Monitor,CUST0075,3.0,12000
ORD01509,2025-05-13,PROD028,Microwave,CUST0079,2.0,11000
ORD01510,2025-05-02,PROD009,USB Hub,CUST0071,3.0,1200
ORD01511,2025-06-25,PROD020,WiFi Extender,CUST0061,3.0,2800
ORD01512,2025-08-06,PROD016,Printer,CUST0024,2.0,15000
ORD01513,2025-07-10,PROD023,Marker Pack,CUST0054,3.0,250
ORD01514,2025-08-19,PROD009,USB Hub,CUST0052,2.0,1200
ORD01515,2025-10-22,PROD005,Keyboard,CUST0074,2.0,1800
ORD01516,2025-05-19,PROD024,File Folder,CUST0013,2.0,100
ORD01517,2025-07-15,PROD014,Desk Lamp,CUST0072,2.0,1800
ORD01518,2025-03-18,PROD026,Coffee Maker,CUST0019,4.0,6500
ORD01519,2025-08-04,PROD006,Mouse,CUST0002,4.0,900
ORD01520,2025-11-19,PROD029,Air Purifier,CUST0018,5.0,15000
ORD01521,2025-06-11,PROD024,File Folder,CUST0069,4.0,100
ORD01522,2025-10-15,PROD009,USB Hub,CUST0039,5.0,1200
ORD01523,2025-02-20,PROD013,Bookshelf,CUST0007,2.0,7000
ORD01524,2025-05-11,PROD007,Headphones,CUST0008,4.0,2200
ORD01525,2025-08-19,PROD004,Monitor,CUST0081,3.0,12000
ORD01526,2025-07-04,PROD012,Office Table,CUST0034,5.0,12000
ORD01527,2025-05-12,PROD030,Vacuum Cleaner,CUST0072,3.0,9000
ORD01528,2025-03-04,PROD014,Desk Lamp,CUST0003,3.0,1800
ORD01529,2025-04-12,PROD020,WiFi Extender,CUST0087,5.0,2800
ORD01530,2025-11-29,PROD021,Notebook,CUST0074,5.0,120
ORD01531,2025-05-26,PROD025,Calculator,CUST0023,3.0,700
ORD01532,2025-09-19,PROD022,Pen Pack,CUST0042,4.0,150
ORD01533,2025-08-17,PROD024,File Folder,CUST0100,1.0,100
ORD01534,2025-05-27,PROD020,WiFi Extender,CUST0049,4.0,2800
ORD01535,2025-03-27,PROD005,Keyboard,CUST0081,3.0,1800
ORD01536,2025-11-10,PROD021,Notebook,CUST0054,5.0,120
ORD01537,2025-02-06,PROD028,Microwave,CUST0052,1.0,11000
ORD01538,2025-04-27,PROD011,Office Chair,CUST0021,3.0,8500
ORD01539,2025-05-30,PROD021,Notebook,CUST0041,3.0,120
ORD01540,2025-07-22,PROD021,Notebook,CUST0078,3.0,120
ORD01541,2025-07-05,PROD025,Calculator,CUST0057,5.0,700
ORD01542,2025-07-31,PROD015,Storage Cabinet,CUST0067,2.0,9500
ORD01543,2025-01-12,PROD028,Microwave,CUST0024,2.0,11000
ORD01544,2025-12-05,PROD008,Webcam,CUST0094,3.0,3500
ORD01545,2025-02-10,PROD023,Marker Pack,CUST0096,2.0,250
ORD01546,2025-02-22,PROD013,Bookshelf,CUST0022,1.0,7000
ORD01547,2025-08-31,PROD030,Vacuum Cleaner,CUST0009,5.0,9000
ORD01548,2025-07-23,PROD001,Laptop,CUST0007,5.0,55000
ORD01549,2025-02-23,PROD003,Tablet,CUST0098,3.0,18000
ORD01550,2025-02-13,PROD005,Keyboard,CUST0080,4.0,1800
ORD01551,2025-05-07,PROD008,Webcam,CUST0040,3.0,3500
ORD01552,2025-03-06,PROD021,Notebook,CUST0057,2.0,120
ORD01553,2025-03-29,PROD027,Electric Kettle,CUST0068,1.0,2200
ORD01554,2025-07-02,PROD022,Pen Pack,CUST0005,3.0,150
ORD01555,2025-10-04,PROD015,Storage Cabinet,CUST0061,3.0,9500
ORD01556,2025-03-11,PROD015,Storage Cabinet,CUST0071,5.0,9500
ORD01557,2025-11-02,PROD019,Router,CUST0023,4.0,4500
ORD01558,2025-11-22,PROD024,File Folder,CUST0081,5.0,100
ORD01559,2025-11-24,PROD017,Scanner,CUST0056,5.0,11000
ORD01560,2025-06-27,PROD030,Vacuum Cleaner,CUST0040,4.0,9000
ORD01561,2025-02-15,PROD008,Webcam,CUST0070,4.0,3500
ORD01562,2025-07-31,PROD012,Office Table,CUST0040,3.0,12000
ORD01563,2025-01-06,PROD010,Power Bank,CUST0020,1.0,1800
ORD01564,2025-03-11,PROD027,Electric Kettle,CUST0067,3.0,2200
ORD01565,2025-10-01,PROD016,Printer,CUST0037,1.0,15000
ORD01566,2025-09-09,PROD030,Vacuum Cleaner,CUST0089,4.0,9000
ORD01567,2025-08-09,PROD001,Laptop,CUST0039,3.0,55000
ORD01568,2025-01-04,PROD008,Webcam,CUST0077,5.0,3500
ORD01569,2025-07-30,PROD007,Headphones,CUST0048,5.0,2200
ORD01570,2025-05-08,PROD013,Bookshelf,CUST0056,2.0,7000
ORD01571,2025-11-27,PROD024,File Folder,CUST0092,4.0,100
ORD01572,2025-05-15,PROD008,Webcam,CUST0049,1.0,3500
ORD01573,2025-05-03,PROD021,Notebook,CUST0055,5.0,120
ORD01574,2025-11-10,PROD026,Coffee Maker,CUST0098,3.0,6500
ORD01575,2025-09-30,PROD021,Notebook,CUST0037,3.0,120
ORD01576,2025-02-05,PROD007,Headphones,CUST0053,2.0,2200
ORD01577,2025-02-26,PROD010,Power Bank,CUST0018,4.0,1800
ORD01578,2025-05-20,PROD015,Storage Cabinet,CUST0080,5.0,9500
ORD01579,2025-06-14,PROD007,Headphones,CUST0063,1.0,2200
ORD01580,2025-10-01,PROD002,Smartphone,CUST0020,1.0,25000
ORD01581,2025-05-25,PROD004,Monitor,CUST0024,3.0,12000
ORD01582,2025-08-13,PROD023,Marker Pack,CUST0017,1.0,250
ORD01583,2025-03-19,PROD003,Tablet,CUST0030,1.0,18000
ORD01584,2025-06-25,PROD007,Headphones,CUST0064,4.0,2200
ORD01585,2025-09-13,PROD026,Coffee Maker,CUST0040,3.0,6500
ORD01586,2025-01-17,PROD023,Marker Pack,CUST0060,3.0,250
ORD01587,2025-03-16,PROD027,Electric Kettle,CUST0011,1.0,2200
ORD01588,2025-07-20,PROD025,Calculator,CUST0035,1.0,700
ORD01589,2025-04-03,PROD016,Printer,CUST0070,2.0,15000
ORD01590,2025-07-15,PROD027,Electric Kettle,CUST0033,1.0,2200
ORD01591,2025-05-08,PROD025,Calculator,CUST0016,4.0,700
ORD01592,2025-05-07,PROD015,Storage Cabinet,CUST0099,1.0,9500
ORD01593,2025-02-18,PROD015,Storage Cabinet,CUST0026,5.0,9500
ORD01594,2025-08-31,PROD007,Headphones,CUST0086,4.0,2200
ORD01595,2025-06-15,PROD010,Power Bank,CUST0088,2.0,1800
ORD01596,2025-01-22,PROD024,File Folder,CUST0081,5.0,100
ORD01597,2025-05-10,PROD004,Monitor,CUST0067,4.0,12000
ORD01598,2025-04-12,PROD010,Power Bank,CUST0082,3.0,1800
ORD01599,2025-12-08,PROD028,Microwave,CUST0007,2.0,11000
ORD01600,2025-11-21,PROD008,Webcam,CUST0015,4.0,3500
ORD01601,2025-03-27,PROD001,Laptop,CUST0042,3.0,55000
ORD01602,2025-07-22,PROD004,Monitor,CUST0075,2.0,12000
ORD01603,2025-10-25,PROD002,Smartphone,CUST0002,4.0,25000
ORD01604,2025-03-21,PROD020,WiFi Extender,CUST0089,3.0,2800
ORD01605,2025-05-08,PROD003,Tablet,CUST0099,2.0,18000
ORD01606,2025-12-18,PROD003,Tablet,CUST0064,5.0,18000
ORD01607,2025-11-17,PROD030,Vacuum Cleaner,CUST0044,1.0,9000
ORD01608,2025-11-27,PROD012,Office Table,CUST0008,2.0,12000
ORD01609,2025-02-24,PROD018,Projector,CUST0090,2.0,30000
ORD01610,2025-06-12,PROD008,Webcam,CUST0063,5.0,3500
ORD01611,2025-06-27,PROD025,Calculator,CUST0083,4.0,700
ORD01612,2025-01-11,PROD007,Headphones,CUST0094,4.0,2200
ORD01613,2025-03-10,PROD024,File Folder,CUST0046,3.0,100
ORD01614,2025-12-28,PROD016,Printer,CUST0006,4.0,15000
ORD01615,2025-10-05,PROD010,Power Bank,CUST0072,4.0,1800
ORD01616,2025-04-06,PROD019,Router,CUST0025,5.0,4500
ORD01617,2025-08-28,PROD011,Office Chair,CUST0045,3.0,8500
ORD01618,2025-10-11,PROD030,Vacuum Cleaner,CUST0077,2.0,9000
ORD01619,2025-03-21,PROD017,Scanner,CUST0009,4.0,11000
ORD01620,2025-05-15,PROD027,Electric Kettle,CUST0038,5.0,2200
ORD01621,2025-01-01,PROD015,Storage Cabinet,CUST0047,5.0,9500
ORD01622,2025-04-05,PROD024,File Folder,CUST0049,1.0,100
ORD01623,2025-07-06,PROD028,Microwave,CUST0080,5.0,11000
ORD01624,2025-02-02,PROD011,Office Chair,CUST0031,5.0,8500
ORD01625,2025-09-26,PROD007,Headphones,CUST0050,4.0,2200
ORD01626,2025-03-20,PROD018,Projector,CUST0099,5.0,30000
ORD01627,2025-07-29,PROD011,Office Chair,CUST0037,3.0,8500
ORD01628,2025-09-25,PROD004,Monitor,CUST0015,1.0,12000
ORD01629,2025-03-08,PROD027,Electric Kettle,CUST0006,2.0,2200
ORD01630,2025-02-24,PROD007,Headphones,CUST0005,4.0,2200
ORD01631,2025-01-17,PROD004,Monitor,CUST0025,5.0,12000
ORD01632,2025-07-18,PROD027,Electric Kettle,CUST0083,4.0,2200
ORD01633,2025-12-26,PROD020,WiFi Extender,CUST0068,5.0,2800
ORD01634,2025-07-07,PROD002,Smartphone,CUST0033,2.0,25000
ORD01635,2025-02-06,PROD023,Marker Pack,CUST0078,1.0,250
ORD01636,2025-09-09,PROD021,Notebook,CUST0027,1.0,120
ORD01637,2025-11-24,PROD026,Coffee Maker,CUST0060,1.0,6500
ORD01638,2025-08-01,PROD018,Projector,CUST0047,3.0,30000
ORD01639,2025-11-12,PROD002,Smartphone,CUST0091,3.0,25000
ORD01640,2025-02-06,PROD002,Smartphone,CUST0068,3.0,25000
ORD01641,2025-09-23,PROD007,Headphones,CUST0010,1.0,2200
ORD01642,2025-04-29,PROD024,File Folder,CUST0013,5.0,100
ORD01643,2025-04-09,PROD007,Headphones,CUST0050,5.0,2200
ORD01644,2025-10-19,PROD008,Webcam,CUST0085,2.0,3500
ORD01645,2025-10-13,PROD024,File Folder,CUST0072,4.0,100
ORD01646,2025-11-23,PROD004,Monitor,CUST0096,5.0,12000
ORD01647,2025-08-23,PROD022,Pen Pack,CUST0046,4.0,150
ORD01648,2025-04-03,PROD006,Mouse,CUST0014,5.0,900
ORD01649,2025-06-22,PROD017,Scanner,CUST0052,2.0,11000
ORD01650,2025-08-15,PROD020,WiFi Extender,CUST0069,3.0,2800
ORD01651,2025-06-16,PROD018,Projector,CUST0041,3.0,30000
ORD01652,2025-11-21,PROD025,Calculator,CUST0053,4.0,700
ORD01653,2025-11-08,PROD011,Office Chair,CUST0093,2.0,8500
ORD01654,2025-04-20,PROD018,Projector,CUST0073,4.0,30000
ORD01655,2025-05-11,PROD018,Projector,CUST0099,3.0,30000
ORD01656,2025-07-23,PROD015,Storage Cabinet,CUST0058,1.0,9500
ORD01657,2025-05-26,PROD002,Smartphone,CUST0093,5.0,25000
ORD01658,2025-03-11,PROD017,Scanner,CUST0003,3.0,11000
ORD01659,2025-04-24,PROD010,Power Bank,CUST0001,2.0,1800
ORD01660,2025-12-20,PROD001,Laptop,CUST0041,3.0,55000
ORD01661,2025-10-12,PROD017,Scanner,CUST0071,5.0,11000
ORD01662,2025-02-18,PROD005,Keyboard,CUST0074,1.0,1800
ORD01663,2025-03-21,PROD012,Office Table,CUST0059,2.0,12000
ORD01664,2025-10-26,PROD012,Office Table,CUST0034,2.0,12000
ORD01665,2025-06-03,PROD009,USB Hub,CUST0030,1.0,1200
ORD01666,2025-10-19,PROD013,Bookshelf,CUST0074,2.0,7000
ORD01667,2025-06-16,PROD003,Tablet,CUST0094,4.0,18000
ORD01668,2025-12-20,PROD016,Printer,CUST0023,5.0,15000
ORD01669,2025-11-25,PROD020,WiFi Extender,CUST0013,3.0,2800
ORD01670,2025-10-23,PROD024,File Folder,CUST0005,4.0,100
ORD01671,2025-01-29,PROD025,Calculator,CUST0011,3.0,700
ORD01672,2025-08-11,PROD029,Air Purifier,CUST0045,4.0,15000
ORD01673,2025-04-27,PROD028,Microwave,CUST0016,5.0,11000
ORD01674,2025-11-20,PROD021,Notebook,CUST0002,4.0,120
ORD01675,2025-09-26,PROD010,Power Bank,CUST0007,1.0,1800
ORD01676,2025-10-17,PROD018,Projector,CUST0041,2.0,30000
ORD01677,2025-12-24,PROD017,Scanner,CUST0042,2.0,11000
ORD01678,2025-12-11,PROD002,Smartphone,CUST0020,4.0,25000
ORD01679,2025-11-01,PROD025,Calculator,CUST0058,5.0,700
ORD01680,2025-04-24,PROD003,Tablet,CUST0065,4.0,18000
ORD01681,2025-07-21,PROD026,Coffee Maker,CUST0038,2.0,6500
ORD01682,2025-02-12,PROD011,Office Chair,CUST0017,4.0,8500
ORD01683,2025-01-26,PROD024,File Folder,CUST0074,5.0,100
ORD01684,2025-02-13,PROD009,USB Hub,CUST0052,4.0,1200
ORD01685,2025-12-24,PROD014,Desk Lamp,CUST0065,2.0,1800
ORD01686,2025-09-04,PROD005,Keyboard,CUST0098,5.0,1800
ORD01687,2025-07-22,PROD016,Printer,CUST0026,5.0,15000
ORD01688,2025-11-12,PROD018,Projector,CUST0026,5.0,30000
ORD01689,2025-02-06,PROD008,Webcam,CUST0032,3.0,3500
ORD01690,2025-06-15,PROD014,Desk Lamp,CUST0100,5.0,1800
ORD01691,2025-12-10,PROD004,Monitor,CUST0012,4.0,12000
ORD01692,2025-06-28,PROD012,Office Table,CUST0055,2.0,12000
ORD01693,2025-11-01,PROD012,Office Table,CUST0042,1.0,12000
ORD01694,2025-03-28,PROD010,Power Bank,CUST0099,3.0,1800
ORD01695,2025-08-15,PROD027,Electric Kettle,CUST0079,5.0,2200
ORD01696,2025-01-23,PROD015,Storage Cabinet,CUST0019,2.0,9500
ORD01697,2025-07-11,PROD022,Pen Pack,CUST0026,2.0,150
ORD01698,2025-02-13,PROD024,File Folder,CUST0097,1.0,100
ORD01699,2025-05-05,PROD002,Smartphone,CUST0095,5.0,25000
ORD01700,2025-05-28,PROD028,Microwave,CUST0019,1.0,11000
ORD01701,2025-02-26,PROD023,Marker Pack,CUST0044,3.0,250
ORD01702,2025-01-12,PROD016,Printer,CUST0058,3.0,15000
ORD01703,2025-10-03,PROD024,File Folder,CUST0027,2.0,100
ORD01704,2025-09-25,PROD018,Projector,CUST0027,3.0,30000
ORD01705,2025-11-15,PROD016,Printer,CUST0071,2.0,15000
ORD01706,2025-12-09,PROD023,Marker Pack,CUST0089,1.0,250
ORD01707,2025-12-06,PROD019,Router,CUST0049,5.0,4500
ORD01708,2025-03-29,PROD009,USB Hub,CUST0006,1.0,1200
ORD01709,2025-12-23,PROD007,Headphones,CUST0037,5.0,2200
ORD01710,2025-08-27,PROD002,Smartphone,CUST0035,1.0,25000
ORD01711,2025-12-05,PROD013,Bookshelf,CUST0009,3.0,7000
ORD01712,2025-12-04,PROD028,Microwave,CUST0085,3.0,11000
ORD01713,2025-05-30,PROD001,Laptop,CUST0014,4.0,55000
ORD01714,2025-09-18,PROD013,Bookshelf,CUST0030,1.0,7000
ORD01715,2025-11-02,PROD016,Printer,CUST0041,5.0,15000
ORD01716,2025-04-12,PROD006,Mouse,CUST0012,5.0,900
ORD01717,2025-12-31,PROD018,Projector,CUST0059,1.0,30000
ORD01718,2025-09-29,PROD008,Webcam,CUST0006,3.0,3500
ORD01719,2025-07-21,PROD016,Printer,CUST0043,2.0,15000
ORD01720,2025-12-17,PROD012,Office Table,CUST0003,3.0,12000
ORD01721,2025-06-04,PROD021,Notebook,CUST0046,2.0,120
ORD01722,2025-02-01,PROD009,USB Hub,CUST0065,3.0,1200
ORD01723,2025-01-16,PROD029,Air Purifier,CUST0050,5.0,15000
ORD01724,2025-03-19,PROD008,Webcam,CUST0036,3.0,3500
ORD01725,2025-03-12,PROD022,Pen Pack,CUST0051,1.0,150
ORD01726,2025-09-24,PROD013,Bookshelf,CUST0094,5.0,7000
ORD01727,2025-04-27,PROD022,Pen Pack,CUST0081,4.0,150
ORD01728,2025-03-20,PROD019,Router,CUST0031,4.0,4500
ORD01729,2025-11-06,PROD030,Vacuum Cleaner,CUST0040,3.0,9000
ORD01730,2025-03-09,PROD018,Projector,CUST0058,2.0,30000
ORD01731,2025-10-25,PROD005,Keyboard,CUST0084,5.0,1800
ORD01732,2025-04-14,PROD026,Coffee Maker,CUST0088,2.0,6500
ORD01733,2025-12-28,PROD023,Marker Pack,CUST0040,5.0,250
ORD01734,2025-03-16,PROD014,Desk Lamp,CUST0018,5.0,1800
ORD01735,2025-02-04,PROD011,Office Chair,CUST0021,5.0,8500
ORD01736,2025-03-02,PROD024,File Folder,CUST0069,2.0,100
ORD01737,2025-03-16,PROD027,Electric Kettle,CUST0041,1.0,2200
ORD01738,2025-07-31,PROD011,Office Chair,CUST0098,4.0,8500
ORD01739,2025-11-23,PROD015,Storage Cabinet,CUST0039,3.0,9500
ORD01740,2025-04-07,PROD025,Calculator,CUST0020,1.0,700
ORD01741,2025-01-14,PROD006,Mouse,CUST0017,5.0,900
ORD01742,2025-11-07,PROD009,USB Hub,CUST0079,5.0,1200
ORD01743,2025-11-02,PROD008,Webcam,CUST0079,2.0,3500
ORD01744,2025-01-14,PROD022,Pen Pack,CUST0030,3.0,150
ORD01745,2025-09-02,PROD023,Marker Pack,CUST0011,2.0,250
ORD01746,2025-11-06,PROD028,Microwave,CUST0065,4.0,11000
ORD01747,2025-07-11,PROD021,Notebook,CUST0092,2.0,120
ORD01748,2025-08-31,PROD016,Printer,CUST0050,2.0,15000
ORD01749,2025-04-26,PROD007,Headphones,CUST0021,1.0,2200
ORD01750,2025-01-08,PROD025,Calculator,CUST0053,3.0,700
ORD01751,2025-12-10,PROD008,Webcam,CUST0053,2.0,3500
ORD01752,2025-02-03,PROD007,Headphones,CUST0097,2.0,2200
ORD01753,2025-11-12,PROD028,Microwave,CUST0057,4.0,11000
ORD01754,2025-08-23,PROD011,Office Chair,CUST0089,2.0,8500
ORD01755,2025-01-22,PROD013,Bookshelf,CUST0055,5.0,7000
ORD01756,2025-07-14,PROD027,Electric Kettle,CUST0095,3.0,2200
ORD01757,2025-10-20,PROD020,WiFi Extender,CUST0051,5.0,2800
ORD01758,2025-11-25,PROD017,Scanner,CUST0069,1.0,11000
ORD01759,2025-08-20,PROD004,Monitor,CUST0067,4.0,12000
ORD01760,2025-05-06,PROD029,Air Purifier,CUST0006,5.0,15000
ORD01761,2025-01-21,PROD013,Bookshelf,CUST0069,5.0,7000
ORD01762,2025-11-19,PROD017,Scanner,CUST0050,1.0,11000
ORD01763,2025-08-14,PROD010,Power Bank,CUST0025,4.0,1800
ORD01764,2025-05-27,PROD025,Calculator,CUST0039,4.0,700
ORD01765,2025-05-31,PROD014,Desk Lamp,CUST0022,5.0,1800
ORD01766,2025-09-22,PROD023,Marker Pack,CUST0007,2.0,250
ORD01767,2025-11-27,PROD027,Electric Kettle,CUST0060,4.0,2200
ORD01768,2025-09-14,PROD024,File Folder,CUST0012,1.0,100
ORD01769,2025-10-27,PROD025,Calculator,CUST0024,5.0,700
ORD01770,2025-07-31,PROD013,Bookshelf,CUST0018,3.0,7000
ORD01771,2025-04-02,PROD001,Laptop,CUST0058,4.0,55000
ORD01772,2025-12-31,PROD029,Air Purifier,CUST0076,2.0,15000
ORD01773,2025-05-09,PROD003,Tablet,CUST0059,3.0,18000
ORD01774,2025-12-31,PROD021,Notebook,CUST0089,2.0,120
ORD01775,2025-03-05,PROD024,File Folder,CUST0092,1.0,100
ORD01776,2025-08-19,PROD023,Marker Pack,CUST0015,3.0,250
ORD01777,2025-12-29,PROD017,Scanner,CUST0011,4.0,11000
ORD01778,2025-09-19,PROD026,Coffee Maker,CUST0094,5.0,6500
ORD01779,2025-10-09,PROD013,Bookshelf,CUST0021,4.0,7000
ORD01780,2025-03-29,PROD025,Calculator,CUST0006,3.0,700
ORD01781,2025-12-04,PROD028,Microwave,CUST0073,2.0,11000
ORD01782,2025-03-16,PROD028,Microwave,CUST0021,2.0,11000
ORD01783,2025-01-27,PROD023,Marker Pack,CUST0099,4.0,250
ORD01784,2025-08-17,PROD010,Power Bank,CUST0040,3.0,1800
ORD01785,2025-03-02,PROD006,Mouse,CUST0081,2.0,900
ORD01786,2025-11-15,PROD001,Laptop,CUST0026,3.0,55000
ORD01787,2025-09-12,PROD015,Storage Cabinet,CUST0002,4.0,9500
ORD01788,2025-01-03,PROD026,Coffee Maker,CUST0070,5.0,6500
ORD01789,2025-04-22,PROD008,Webcam,CUST0064,5.0,3500
ORD01790,2025-08-21,PROD016,Printer,CUST0085,4.0,15000
ORD01791,2025-11-04,PROD003,Tablet,CUST0057,5.0,18000
ORD01792,2025-10-08,PROD008,Webcam,CUST0001,3.0,3500
ORD01793,2025-10-13,PROD021,Notebook,CUST0080,2.0,120
ORD01794,2025-03-17,PROD006,Mouse,CUST0007,1.0,900
ORD01795,2025-01-19,PROD012,Office Table,CUST0084,2.0,12000
ORD01796,2025-10-23,PROD022,Pen Pack,CUST0005,5.0,150
ORD01797,2025-02-14,PROD011,Office Chair,CUST0039,1.0,8500
ORD01798,2025-04-02,PROD014,Desk Lamp,CUST0014,2.0,1800
ORD01799,2025-11-09,PROD010,Power Bank,CUST0087,5.0,1800
ORD01800,2025-10-15,PROD026,Coffee Maker,CUST0074,2.0,6500
ORD01801,2025-10-24,PROD024,File Folder,CUST0059,3.0,100
ORD01802,2025-06-03,PROD003,Tablet,CUST0005,3.0,18000
ORD01803,2025-07-14,PROD029,Air Purifier,CUST0048,1.0,15000
ORD01804,2025-10-09,PROD014,Desk Lamp,CUST0098,1.0,1800
ORD01805,2025-03-10,PROD016,Printer,CUST0038,1.0,15000
ORD01806,2025-05-21,PROD028,Microwave,CUST0089,3.0,11000
ORD01807,2025-09-26,PROD014,Desk Lamp,CUST0068,2.0,1800
ORD01808,2025-11-10,PROD007,Headphones,CUST0090,1.0,2200
ORD01809,2025-11-19,PROD019,Router,CUST0014,5.0,4500
ORD01810,2025-12-19,PROD016,Printer,CUST0012,5.0,15000
ORD01811,2025-08-07,PROD010,Power Bank,CUST0091,5.0,1800
ORD01812,2025-09-27,PROD009,USB Hub,CUST0041,5.0,1200
ORD01813,2025-03-08,PROD012,Office Table,CUST0080,5.0,12000
ORD01814,2025-09-24,PROD016,Printer,CUST0073,4.0,15000
ORD01815,2025-04-03,PROD026,Coffee Maker,CUST0064,5.0,6500
ORD01816,2025-05-29,PROD023,Marker Pack,CUST0030,2.0,250
ORD01817,2025-01-13,PROD004,Monitor,CUST0001,4.0,12000
ORD01818,2025-03-02,PROD026,Coffee Maker,CUST0081,2.0,6500
ORD01819,2025-07-31,PROD014,Desk Lamp,CUST0079,1.0,1800
ORD01820,2025-10-14,PROD012,Office Table,CUST0043,2.0,12000
ORD01821,2025-04-14,PROD021,Notebook,CUST0002,3.0,120
ORD01822,2025-02-04,PROD026,Coffee Maker,CUST0033,3.0,6500
ORD01823,2025-10-09,PROD017,Scanner,CUST0039,3.0,11000
ORD01824,2025-02-28,PROD001,Laptop,CUST0099,3.0,55000
ORD01825,2025-10-19,PROD013,Bookshelf,CUST0044,5.0,7000
ORD01826,2025-03-31,PROD027,Electric Kettle,CUST0004,2.0,2200
ORD01827,2025-06-23,PROD027,Electric Kettle,CUST0043,4.0,2200
ORD01828,2025-01-19,PROD026,Coffee Maker,CUST0061,2.0,6500
ORD01829,2025-11-18,PROD005,Keyboard,CUST0062,4.0,1800
ORD01830,2025-06-21,PROD029,Air Purifier,CUST0069,4.0,15000
ORD01831,2025-01-29,PROD030,Vacuum Cleaner,CUST0053,5.0,9000
ORD01832,2025-12-14,PROD019,Router,CUST0039,3.0,4500
ORD01833,2025-01-10,PROD018,Projector,CUST0072,2.0,30000
ORD01834,2025-06-19,PROD022,Pen Pack,CUST0074,3.0,150
ORD01835,2025-05-24,PROD005,Keyboard,CUST0009,1.0,1800
ORD01836,2025-11-17,PROD013,Bookshelf,CUST0044,5.0,7000
ORD01837,2025-11-07,PROD019,Router,CUST0022,4.0,4500
ORD01838,2025-03-01,PROD020,WiFi Extender,CUST0024,3.0,2800
ORD01839,2025-06-11,PROD028,Microwave,CUST0091,1.0,11000
ORD01840,2025-02-14,PROD014,Desk Lamp,CUST0035,4.0,1800
ORD01841,2025-08-20,PROD012,Office Table,CUST0031,3.0,12000
ORD01842,2025-06-04,PROD017,Scanner,CUST0028,2.0,11000
ORD01843,2025-01-20,PROD012,Office Table,CUST0015,2.0,12000
ORD01844,2025-09-17,PROD015,Storage Cabinet,CUST0012,1.0,9500
ORD01845,2025-09-14,PROD029,Air Purifier,CUST0062,2.0,15000
ORD01846,2025-09-05,PROD011,Office Chair,CUST0025,5.0,8500
ORD01847,2025-06-17,PROD025,Calculator,CUST0040,2.0,700
ORD01848,2025-02-20,PROD028,Microwave,CUST0099,5.0,11000
ORD01849,2025-04-16,PROD005,Keyboard,CUST0087,1.0,1800
ORD01850,2025-09-25,PROD013,Bookshelf,CUST0059,1.0,7000
ORD01851,2025-01-23,PROD010,Power Bank,CUST0001,5.0,1800
ORD01852,2025-08-28,PROD011,Office Chair,CUST0012,1.0,8500
ORD01853,2025-12-04,PROD017,Scanner,CUST0014,3.0,11000
ORD01854,2025-06-09,PROD019,Router,CUST0003,2.0,4500
ORD01855,2025-04-09,PROD007,Headphones,CUST0042,3.0,2200
ORD01856,2025-06-13,PROD018,Projector,CUST0036,4.0,30000
ORD01857,2025-05-20,PROD004,Monitor,CUST0086,2.0,12000
ORD01858,2025-02-28,PROD009,USB Hub,CUST0021,1.0,1200
ORD01859,2025-09-21,PROD018,Projector,CUST0080,1.0,30000
ORD01860,2025-06-29,PROD018,Projector,CUST0027,5.0,30000
ORD01861,2025-03-14,PROD009,USB Hub,CUST0041,3.0,1200
ORD01862,2025-03-29,PROD008,Webcam,CUST0074,1.0,3500
ORD01863,2025-06-23,PROD020,WiFi Extender,CUST0040,5.0,2800
ORD01864,2025-03-08,PROD002,Smartphone,CUST0057,1.0,25000
ORD01865,2025-12-12,PROD029,Air Purifier,CUST0061,1.0,15000
ORD01866,2025-01-28,PROD013,Bookshelf,CUST0014,1.0,7000
ORD01867,2025-04-02,PROD013,Bookshelf,CUST0055,5.0,7000
ORD01868,2025-12-20,PROD021,Notebook,CUST0076,4.0,120
ORD01869,2025-06-09,PROD012,Office Table,CUST0079,3.0,12000
ORD01870,2025-12-10,PROD023,Marker Pack,CUST0026,5.0,250
ORD01871,2025-08-27,PROD030,Vacuum Cleaner,CUST0011,5.0,9000
ORD01872,2025-12-24,PROD003,Tablet,CUST0017,4.0,18000
ORD01873,2025-06-08,PROD015,Storage Cabinet,CUST0013,4.0,9500
ORD01874,2025-04-25,PROD008,Webcam,CUST0061,2.0,3500
ORD01875,2025-07-06,PROD009,USB Hub,CUST0079,4.0,1200
ORD01876,2025-12-07,PROD023,Marker Pack,CUST0024,3.0,250
ORD01877,2025-09-07,PROD015,Storage Cabinet,CUST0042,1.0,9500
ORD01878,2025-02-27,PROD016,Printer,CUST0009,3.0,15000
ORD01879,2025-03-29,PROD015,Storage Cabinet,CUST0062,3.0,9500
ORD01880,2025-11-06,PROD012,Office Table,CUST0099,5.0,12000
ORD01881,2025-02-22,PROD017,Scanner,CUST0017,4.0,11000
ORD01882,2025-02-24,PROD026,Coffee Maker,CUST0092,3.0,6500
ORD01883,2025-02-06,PROD021,Notebook,CUST0072,3.0,120
ORD01884,2025-07-25,PROD015,Storage Cabinet,CUST0069,5.0,9500
ORD01885,2025-11-14,PROD008,Webcam,CUST0053,2.0,3500
ORD01886,2025-09-04,PROD006,Mouse,CUST0071,4.0,900
ORD01887,2025-04-17,PROD011,Office Chair,CUST0009,5.0,8500
ORD01888,2025-08-11,PROD026,Coffee Maker,CUST0056,5.0,6500
ORD01889,2025-12-22,PROD018,Projector,CUST0044,2.0,30000
ORD01890,2025-12-09,PROD022,Pen Pack,CUST0023,1.0,150
ORD01891,2025-12-31,PROD030,Vacuum Cleaner,CUST0095,5.0,9000
ORD01892,2025-10-31,PROD004,Monitor,CUST0063,5.0,12000
ORD01893,2025-10-12,PROD011,Office Chair,CUST0060,1.0,8500
ORD01894,2025-06-07,PROD006,Mouse,CUST0057,4.0,900
ORD01895,2025-02-25,PROD020,WiFi Extender,CUST0009,5.0,2800
ORD01896,2025-07-14,PROD027,Electric Kettle,CUST0099,3.0,2200
ORD01897,2025-12-05,PROD021,Notebook,CUST0064,1.0,120
ORD01898,2025-03-13,PROD007,Headphones,CUST0012,5.0,2200
ORD01899,2025-01-01,PROD021,Notebook,CUST0097,2.0,120
ORD01900,2025-08-20,PROD005,Keyboard,CUST0085,5.0,1800
ORD01901,2025-11-12,PROD013,Bookshelf,CUST0038,5.0,7000
ORD01902,2025-04-16,PROD007,Headphones,CUST0058,3.0,2200
ORD01903,2025-12-14,PROD019,Router,CUST0039,3.0,4500
ORD01904,2025-06-26,PROD023,Marker Pack,CUST0056,1.0,250
ORD01905,2025-11-10,PROD001,Laptop,CUST0075,5.0,55000
ORD01906,2025-03-07,PROD028,Microwave,CUST0052,3.0,11000
ORD01907,2025-10-09,PROD012,Office Table,CUST0008,1.0,12000
ORD01908,2025-10-14,PROD023,Marker Pack,CUST0001,3.0,250
ORD01909,2025-05-25,PROD028,Microwave,CUST0015,1.0,11000
ORD01910,2025-12-26,PROD014,Desk Lamp,CUST0031,5.0,1800
ORD01911,2025-06-12,PROD021,Notebook,CUST0051,4.0,120
ORD01912,2025-08-11,PROD013,Bookshelf,CUST0052,5.0,7000
ORD01913,2025-03-30,PROD022,Pen Pack,CUST0028,4.0,150
ORD01914,2025-10-12,PROD007,Headphones,CUST0018,4.0,2200
ORD01915,2025-08-02,PROD027,Electric Kettle,CUST0047,2.0,2200
ORD01916,2025-12-10,PROD028,Microwave,CUST0037,2.0,11000
ORD01917,2025-02-06,PROD001,Laptop,CUST0018,1.0,55000
ORD01918,2025-09-07,PROD024,File Folder,CUST0019,4.0,100
ORD01919,2025-03-12,PROD003,Tablet,CUST0018,4.0,18000
ORD01920,2025-12-23,PROD029,Air Purifier,CUST0059,5.0,15000
ORD01921,2025-04-03,PROD020,WiFi Extender,CUST0055,4.0,2800
ORD01922,2025-10-10,PROD014,Desk Lamp,CUST0066,4.0,1800
ORD01923,2025-04-26,PROD012,Office Table,CUST0050,2.0,12000
ORD01924,2025-01-04,PROD020,WiFi Extender,CUST0055,5.0,2800
ORD01925,2025-05-02,PROD028,Microwave,CUST0064,5.0,11000
ORD01926,2025-10-07,PROD014,Desk Lamp,CUST0035,5.0,1800
ORD01927,2025-01-20,PROD002,Smartphone,CUST0047,5.0,25000
ORD01928,2025-07-08,PROD023,Marker Pack,CUST0062,1.0,250
ORD01929,2025-12-20,PROD016,Printer,CUST0075,1.0,15000
ORD01930,2025-09-27,PROD024,File Folder,CUST0019,3.0,100
ORD01931,2025-02-10,PROD017,Scanner,CUST0060,5.0,11000
ORD01932,2025-05-06,PROD003,Tablet,CUST0079,4.0,18000
ORD01933,2025-12-06,PROD024,File Folder,CUST0081,1.0,100
ORD01934,2025-10-04,PROD021,Notebook,CUST0088,5.0,120
ORD01935,2025-01-28,PROD020,WiFi Extender,CUST0040,3.0,2800
ORD01936,2025-01-06,PROD025,Calculator,CUST0069,4.0,700
ORD01937,2025-08-29,PROD017,Scanner,CUST0059,5.0,11000
ORD01938,2025-08-04,PROD011,Office Chair,CUST0094,3.0,8500
ORD01939,2025-03-27,PROD010,Power Bank,CUST0038,1.0,1800
ORD01940,2025-11-02,PROD030,Vacuum Cleaner,CUST0089,3.0,9000
ORD01941,2025-10-16,PROD026,Coffee Maker,CUST0094,3.0,6500
ORD01942,2025-08-31,PROD021,Notebook,CUST0008,5.0,120
ORD01943,2025-01-27,PROD019,Router,CUST0022,3.0,4500
ORD01944,2025-01-14,PROD020,WiFi Extender,CUST0095,3.0,2800
ORD01945,2025-03-06,PROD003,Tablet,CUST0063,5.0,18000
ORD01946,2025-05-23,PROD028,Microwave,CUST0010,3.0,11000
ORD01947,2025-05-24,PROD020,WiFi Extender,CUST0017,3.0,2800
ORD01948,2025-02-27,PROD001,Laptop,CUST0033,5.0,55000
ORD01949,2025-10-30,PROD030,Vacuum Cleaner,CUST0023,2.0,9000
ORD01950,2025-07-09,PROD015,Storage Cabinet,CUST0085,2.0,9500
ORD01951,2025-12-25,PROD026,Coffee Maker,CUST0034,2.0,6500
ORD01952,2025-09-28,PROD006,Mouse,CUST0063,1.0,900
ORD01953,2025-03-16,PROD003,Tablet,CUST0044,5.0,18000
ORD01954,2025-09-11,PROD027,Electric Kettle,CUST0020,4.0,2200
ORD01955,2025-05-02,PROD013,Bookshelf,CUST0099,4.0,7000
ORD01956,2025-03-27,PROD021,Notebook,CUST0093,2.0,120
ORD01957,2025-06-26,PROD024,File Folder,CUST0074,1.0,100
ORD01958,2025-03-01,PROD009,USB Hub,CUST0083,1.0,1200
ORD01959,2025-07-24,PROD015,Storage Cabinet,CUST0022,4.0,9500
ORD01960,2025-09-30,PROD016,Printer,CUST0039,2.0,15000
ORD01961,2025-12-28,PROD022,Pen Pack,CUST0049,4.0,150
ORD01962,2025-03-16,PROD009,USB Hub,CUST0061,5.0,1200
ORD01963,2025-05-28,PROD001,Laptop,CUST0056,4.0,55000
ORD01964,2025-06-11,PROD022,Pen Pack,CUST0049,5.0,150
ORD01965,2025-02-19,PROD002,Smartphone,CUST0088,5.0,25000
ORD01966,2025-08-10,PROD012,Office Table,CUST0082,5.0,12000
ORD01967,2025-05-20,PROD028,Microwave,CUST0084,3.0,11000
ORD01968,2025-02-20,PROD009,USB Hub,CUST0035,3.0,1200
ORD01969,2025-07-20,PROD019,Router,CUST0084,4.0,4500
ORD01970,2025-05-04,PROD022,Pen Pack,CUST0099,5.0,150
ORD01971,2025-09-24,PROD007,Headphones,CUST0099,3.0,2200
ORD01972,2025-04-03,PROD023,Marker Pack,CUST0087,3.0,250
ORD01973,2025-12-11,PROD001,Laptop,CUST0071,1.0,55000
ORD01974,2025-07-30,PROD001,Laptop,CUST0009,1.0,55000
ORD01975,2025-12-17,PROD004,Monitor,CUST0068,4.0,12000
ORD01976,2025-05-26,PROD008,Webcam,CUST0045,3.0,3500
ORD01977,2025-01-13,PROD002,Smartphone,CUST0025,5.0,25000
ORD01978,2025-11-01,PROD002,Smartphone,CUST0012,2.0,25000
ORD01979,2025-03-04,PROD021,Notebook,CUST0077,1.0,120
ORD01980,2025-11-06,PROD028,Microwave,CUST0012,2.0,11000
ORD01981,2025-11-28,PROD022,Pen Pack,CUST0049,5.0,150
ORD01982,2025-02-26,PROD029,Air Purifier,CUST0024,2.0,15000
ORD01983,2025-08-28,PROD010,Power Bank,CUST0033,1.0,1800
ORD01984,2025-05-22,PROD015,Storage Cabinet,CUST0082,4.0,9500
ORD01985,2025-12-08,PROD029,Air Purifier,CUST0089,3.0,15000
ORD01986,2025-02-07,PROD006,Mouse,CUST0033,3.0,900
ORD01987,2025-07-15,PROD002,Smartphone,CUST0100,4.0,25000
ORD01988,2025-05-13,PROD002,Smartphone,CUST0043,3.0,25000
ORD01989,2025-02-05,PROD015,Storage Cabinet,CUST0023,4.0,9500
ORD01990,2025-07-21,PROD020,WiFi Extender,CUST0026,2.0,2800
ORD01991,2025-02-25,PROD016,Printer,CUST0083,2.0,15000
ORD01992,2025-08-09,PROD025,Calculator,CUST0070,2.0,700
ORD01993,2025-02-24,PROD021,Notebook,CUST0079,4.0,120
ORD01994,2025-02-22,PROD009,USB Hub,CUST0092,1.0,1200
ORD01995,2025-10-20,PROD003,Tablet,CUST0010,3.0,18000
ORD01996,2025-01-10,PROD015,Storage Cabinet,CUST0100,4.0,9500
ORD01997,2025-11-24,PROD021,Notebook,CUST0020,1.0,120
ORD01998,2025-07-19,PROD022,Pen Pack,CUST0005,3.0,150
ORD01999,2025-06-18,PROD023,Marker Pack,CUST0020,4.0,250
ORD02000,2025-09-21,PROD001,Laptop,CUST0074,4.0,55000
ORD00051,2025-03-21,PROD020,WiFi Extender,CUST0053,2.0,2800
