row_id,date,store_id,product_id,alert_type,severity,detected_by,z_score,iso_score,message
16254,2022-06-12,S003,P0015,unusual_sales_activity,high,both,13.43,0.753,"S003/P0015 on 2022-06-12: units_sold=426, inventory=1000, amount=Rs 69859.74 - revenue Rs 69859.74 is >5x the average"
61530,2023-09-08,S002,P0011,unusual_sales_activity,high,both,7.41,0.741,"S002/P0011 on 2023-09-08: units_sold=319, inventory=319, amount=Rs 41246.70 - revenue Rs 41246.70 is >5x the average; 100% of stock sold at once"
15754,2022-06-07,S003,P0015,unusual_sales_activity,high,both,6.68,0.736,"S003/P0015 on 2022-06-07: units_sold=286, inventory=879, amount=Rs 37746.28 - revenue Rs 37746.28 is >5x the average"
59654,2023-08-20,S003,P0015,unusual_sales_activity,high,both,5.51,0.734,"S003/P0015 on 2023-08-20: units_sold=244, inventory=1155, amount=Rs 32181.16 - revenue Rs 32181.16 is >5x the average"
21885,2022-08-07,S005,P0006,unusual_sales_activity,high,both,5.51,0.733,"S005/P0006 on 2022-08-07: units_sold=299, inventory=299, amount=Rs 32196.32 - revenue Rs 32196.32 is >5x the average; 100% of stock sold at once"
22730,2022-08-16,S002,P0011,unusual_sales_activity,high,both,8.05,0.733,"S002/P0011 on 2022-08-16: units_sold=335, inventory=708, amount=Rs 44293.70 - revenue Rs 44293.70 is >5x the average"
57052,2023-07-25,S003,P0013,unusual_sales_activity,high,both,6.51,0.729,"S003/P0013 on 2023-07-25: units_sold=299, inventory=382, amount=Rs 36944.44 - revenue Rs 36944.44 is >5x the average"
23354,2022-08-22,S003,P0015,unusual_sales_activity,high,both,5.87,0.728,"S003/P0015 on 2022-08-22: units_sold=260, inventory=878, amount=Rs 33930.00 - revenue Rs 33930.00 is >5x the average"
52888,2023-06-13,S005,P0009,unusual_sales_activity,high,both,7.74,0.728,"S005/P0009 on 2023-06-13: units_sold=276, inventory=633, amount=Rs 42793.80 - revenue Rs 42793.80 is >5x the average"
53154,2023-06-16,S003,P0015,unusual_sales_activity,high,both,7.94,0.726,"S003/P0015 on 2023-06-16: units_sold=326, inventory=509, amount=Rs 43739.42 - revenue Rs 43739.42 is >5x the average"
23188,2022-08-20,S005,P0009,unusual_sales_activity,high,both,6.6,0.723,"S005/P0009 on 2022-08-20: units_sold=243, inventory=293, amount=Rs 37383.12 - revenue Rs 37383.12 is >5x the average"
60754,2023-08-31,S003,P0015,unusual_sales_activity,high,both,6.02,0.722,"S003/P0015 on 2023-08-31: units_sold=245, inventory=770, amount=Rs 34608.70 - revenue Rs 34608.70 is >5x the average"
54053,2023-06-25,S003,P0014,unusual_sales_activity,high,both,6.61,0.721,"S003/P0014 on 2023-06-25: units_sold=284, inventory=389, amount=Rs 37428.36 - revenue Rs 37428.36 is >5x the average"
63068,2023-09-23,S004,P0009,unusual_sales_activity,high,both,6.95,0.72,"S004/P0009 on 2023-09-23: units_sold=246, inventory=246, amount=Rs 39042.66 - revenue Rs 39042.66 is >5x the average; 100% of stock sold at once"
35268,2022-12-19,S004,P0009,unusual_sales_activity,high,both,6.74,0.719,"S004/P0009 on 2022-12-19: units_sold=223, inventory=297, amount=Rs 38066.10 - revenue Rs 38066.10 is >5x the average"
38738,2023-01-23,S002,P0019,unusual_sales_activity,high,both,4.64,0.718,"S002/P0019 on 2023-01-23: units_sold=245, inventory=1001, amount=Rs 28052.50 - unusual combination of units, price and stock"
6752,2022-03-09,S003,P0013,unusual_sales_activity,high,both,4.41,0.717,"S003/P0013 on 2022-03-09: units_sold=280, inventory=1015, amount=Rs 26980.80 - unusual combination of units, price and stock"
56163,2023-07-16,S004,P0004,unusual_sales_activity,high,both,4.72,0.717,"S004/P0004 on 2023-07-16: units_sold=358, inventory=411, amount=Rs 28461.00 - unusual combination of units, price and stock"
20652,2022-07-26,S003,P0013,unusual_sales_activity,high,both,4.76,0.716,"S003/P0013 on 2022-07-26: units_sold=295, inventory=313, amount=Rs 28632.70 - 94% of stock sold at once"
26841,2022-09-26,S003,P0002,unusual_sales_activity,high,both,4.01,0.716,"S003/P0002 on 2022-09-26: units_sold=301, inventory=301, amount=Rs 25064.27 - 100% of stock sold at once"
31355,2022-11-10,S003,P0016,unusual_sales_activity,high,both,5.78,0.716,"S003/P0016 on 2022-11-10: units_sold=278, inventory=278, amount=Rs 33471.20 - revenue Rs 33471.20 is >5x the average; 100% of stock sold at once"
17454,2022-06-24,S003,P0015,unusual_sales_activity,high,both,5.56,0.715,"S003/P0015 on 2022-06-24: units_sold=249, inventory=724, amount=Rs 32429.76 - revenue Rs 32429.76 is >5x the average"
21492,2022-08-03,S005,P0013,unusual_sales_activity,high,both,5.73,0.715,"S005/P0013 on 2022-08-03: units_sold=306, inventory=676, amount=Rs 33265.26 - revenue Rs 33265.26 is >5x the average"
22854,2022-08-17,S003,P0015,unusual_sales_activity,high,both,6.45,0.715,"S003/P0015 on 2022-08-17: units_sold=268, inventory=436, amount=Rs 36667.76 - revenue Rs 36667.76 is >5x the average"
23330,2022-08-22,S002,P0011,unusual_sales_activity,high,both,6.23,0.715,"S002/P0011 on 2022-08-22: units_sold=308, inventory=520, amount=Rs 35610.96 - revenue Rs 35610.96 is >5x the average"
45554,2023-04-01,S003,P0015,unusual_sales_activity,high,both,6.36,0.715,"S003/P0015 on 2023-04-01: units_sold=259, inventory=464, amount=Rs 36260.00 - revenue Rs 36260.00 is >5x the average"
52913,2023-06-14,S001,P0014,unusual_sales_activity,high,both,5.11,0.715,"S001/P0014 on 2023-06-14: units_sold=288, inventory=789, amount=Rs 30288.96 - revenue Rs 30288.96 is >5x the average"
38602,2023-01-22,S001,P0003,unusual_sales_activity,high,both,4.11,0.714,"S001/P0003 on 2023-01-22: units_sold=352, inventory=403, amount=Rs 25537.60 - unusual combination of units, price and stock"
1033,2022-01-11,S002,P0014,unusual_sales_activity,high,both,4.82,0.713,"S002/P0014 on 2022-01-11: units_sold=203, inventory=939, amount=Rs 28919.38 - unusual combination of units, price and stock"
73459,2024-01-05,S003,P0020,unusual_sales_activity,high,both,4.1,0.713,"S003/P0020 on 2024-01-05: units_sold=270, inventory=1018, amount=Rs 25482.60 - unusual combination of units, price and stock"
7886,2022-03-20,S005,P0007,unusual_sales_activity,high,both,7.46,0.712,"S005/P0007 on 2022-03-20: units_sold=340, inventory=389, amount=Rs 41490.20 - revenue Rs 41490.20 is >5x the average"
26652,2022-09-24,S003,P0013,unusual_sales_activity,high,both,5.01,0.712,"S003/P0013 on 2022-09-24: units_sold=289, inventory=697, amount=Rs 29801.68 - unusual combination of units, price and stock"
59530,2023-08-19,S002,P0011,unusual_sales_activity,high,both,6.06,0.712,"S002/P0011 on 2023-08-19: units_sold=264, inventory=401, amount=Rs 34834.80 - revenue Rs 34834.80 is >5x the average"
65438,2023-10-17,S002,P0019,unusual_sales_activity,high,both,4.45,0.711,"S002/P0019 on 2023-10-17: units_sold=250, inventory=905, amount=Rs 27142.50 - unusual combination of units, price and stock"
24731,2022-09-05,S002,P0012,unusual_sales_activity,high,both,4.01,0.71,"S002/P0012 on 2022-09-05: units_sold=263, inventory=989, amount=Rs 25042.86 - unusual combination of units, price and stock"
55389,2023-07-08,S005,P0010,unusual_sales_activity,high,both,4.47,0.708,"S005/P0010 on 2023-07-08: units_sold=362, inventory=605, amount=Rs 27269.46 - unusual combination of units, price and stock"
58954,2023-08-13,S003,P0015,unusual_sales_activity,high,both,4.35,0.708,"S003/P0015 on 2023-08-13: units_sold=201, inventory=1021, amount=Rs 26688.78 - unusual combination of units, price and stock"
3902,2022-02-09,S001,P0003,unusual_sales_activity,high,both,3.52,0.707,"S001/P0003 on 2022-02-09: units_sold=316, inventory=327, amount=Rs 22717.24 - 97% of stock sold at once"
52250,2023-06-07,S003,P0011,unusual_sales_activity,high,both,8.5,0.707,"S003/P0011 on 2023-06-07: units_sold=305, inventory=421, amount=Rs 46439.30 - revenue Rs 46439.30 is >5x the average"
70468,2023-12-06,S004,P0009,unusual_sales_activity,high,both,6.16,0.707,"S004/P0009 on 2023-12-06: units_sold=227, inventory=369, amount=Rs 35280.34 - revenue Rs 35280.34 is >5x the average"
74070,2024-01-11,S004,P0011,unusual_sales_activity,high,both,3.75,0.706,"S004/P0011 on 2024-01-11: units_sold=305, inventory=671, amount=Rs 23823.55 - unusual combination of units, price and stock"
16788,2022-06-17,S005,P0009,unusual_sales_activity,high,both,4.71,0.705,"S005/P0009 on 2022-06-17: units_sold=240, inventory=240, amount=Rs 28392.00 - 100% of stock sold at once"
24502,2022-09-03,S001,P0003,unusual_sales_activity,high,both,3.62,0.705,"S001/P0003 on 2022-09-03: units_sold=341, inventory=583, amount=Rs 23194.82 - unusual combination of units, price and stock"
57054,2023-07-25,S003,P0015,unusual_sales_activity,high,both,5.39,0.705,"S003/P0015 on 2023-07-25: units_sold=267, inventory=1490, amount=Rs 31604.79 - revenue Rs 31604.79 is >5x the average"
3385,2022-02-03,S005,P0006,unusual_sales_activity,high,both,4.05,0.704,"S005/P0006 on 2022-02-03: units_sold=302, inventory=790, amount=Rs 25235.12 - unusual combination of units, price and stock"
23754,2022-08-26,S003,P0015,unusual_sales_activity,high,both,5.49,0.704,"S003/P0015 on 2022-08-26: units_sold=265, inventory=1281, amount=Rs 32080.90 - revenue Rs 32080.90 is >5x the average"
51011,2023-05-26,S001,P0012,unusual_sales_activity,high,both,5.21,0.704,"S001/P0012 on 2023-05-26: units_sold=257, inventory=257, amount=Rs 30770.61 - revenue Rs 30770.61 is >5x the average; 100% of stock sold at once"
53415,2023-06-19,S001,P0016,unusual_sales_activity,high,both,3.36,0.703,"S001/P0016 on 2023-06-19: units_sold=397, inventory=619, amount=Rs 21993.80 - unusual combination of units, price and stock"
56454,2023-07-19,S003,P0015,unusual_sales_activity,high,both,4.24,0.703,"S003/P0015 on 2023-07-19: units_sold=190, inventory=190, amount=Rs 26157.30 - 100% of stock sold at once"
57388,2023-07-28,S005,P0009,unusual_sales_activity,high,both,5.54,0.703,"S005/P0009 on 2023-07-28: units_sold=232, inventory=645, amount=Rs 32333.84 - revenue Rs 32333.84 is >5x the average"
61813,2023-09-11,S001,P0014,unusual_sales_activity,high,both,4.92,0.703,"S001/P0014 on 2023-09-11: units_sold=336, inventory=411, amount=Rs 29376.48 - unusual combination of units, price and stock"
17186,2022-06-21,S005,P0007,unusual_sales_activity,high,both,6.18,0.702,"S005/P0007 on 2022-06-21: units_sold=320, inventory=444, amount=Rs 35385.60 - revenue Rs 35385.60 is >5x the average"
56753,2023-07-22,S003,P0014,unusual_sales_activity,high,both,4.96,0.702,"S003/P0014 on 2023-07-22: units_sold=255, inventory=557, amount=Rs 29569.80 - unusual combination of units, price and stock"
31893,2022-11-15,S005,P0014,unusual_sales_activity,high,both,5.23,0.701,"S005/P0014 on 2022-11-15: units_sold=169, inventory=169, amount=Rs 30864.47 - revenue Rs 30864.47 is >5x the average; 100% of stock sold at once"
50922,2023-05-25,S002,P0003,unusual_sales_activity,high,both,4.93,0.701,"S002/P0003 on 2023-05-25: units_sold=260, inventory=533, amount=Rs 29450.20 - unusual combination of units, price and stock"
54889,2023-07-03,S005,P0010,unusual_sales_activity,high,both,4.8,0.701,"S005/P0010 on 2023-07-03: units_sold=333, inventory=512, amount=Rs 28821.15 - unusual combination of units, price and stock"
59152,2023-08-15,S003,P0013,unusual_sales_activity,high,both,3.97,0.701,"S003/P0013 on 2023-08-15: units_sold=255, inventory=866, amount=Rs 24872.70 - unusual combination of units, price and stock"
43793,2023-03-14,S005,P0014,unusual_sales_activity,high,both,5.89,0.699,"S005/P0014 on 2023-03-14: units_sold=178, inventory=178, amount=Rs 34005.12 - revenue Rs 34005.12 is >5x the average; 100% of stock sold at once"
52263,2023-06-07,S004,P0004,unusual_sales_activity,high,both,4.1,0.699,"S004/P0004 on 2023-06-07: units_sold=308, inventory=691, amount=Rs 25474.68 - unusual combination of units, price and stock"
25753,2022-09-15,S003,P0014,unusual_sales_activity,high,both,4.57,0.698,"S003/P0014 on 2022-09-15: units_sold=260, inventory=1196, amount=Rs 27744.60 - unusual combination of units, price and stock"
59722,2023-08-21,S002,P0003,unusual_sales_activity,high,both,5.12,0.698,"S002/P0003 on 2023-08-21: units_sold=278, inventory=686, amount=Rs 30363.16 - revenue Rs 30363.16 is >5x the average"
8020,2022-03-22,S002,P0001,unusual_sales_activity,high,both,4.56,0.697,"S002/P0001 on 2022-03-22: units_sold=287, inventory=368, amount=Rs 27661.06 - unusual combination of units, price and stock"
71188,2023-12-13,S005,P0009,unusual_sales_activity,high,both,4.75,0.697,"S005/P0009 on 2023-12-13: units_sold=209, inventory=209, amount=Rs 28574.48 - 100% of stock sold at once"
16289,2022-06-12,S005,P0010,unusual_sales_activity,high,both,3.75,0.696,"S005/P0010 on 2022-06-12: units_sold=286, inventory=740, amount=Rs 23806.64 - unusual combination of units, price and stock"
25353,2022-09-11,S003,P0014,unusual_sales_activity,high,both,3.78,0.696,"S003/P0014 on 2022-09-11: units_sold=224, inventory=224, amount=Rs 23990.40 - 100% of stock sold at once"
53852,2023-06-23,S003,P0013,unusual_sales_activity,high,both,3.69,0.696,"S003/P0013 on 2023-06-23: units_sold=238, inventory=771, amount=Rs 23528.68 - unusual combination of units, price and stock"
54247,2023-06-27,S003,P0008,unusual_sales_activity,high,both,5.18,0.696,"S003/P0008 on 2023-06-27: units_sold=187, inventory=187, amount=Rs 30645.56 - revenue Rs 30645.56 is >5x the average; 100% of stock sold at once"
68362,2023-11-15,S004,P0003,unusual_sales_activity,high,both,7.5,0.696,"S004/P0003 on 2023-11-15: units_sold=232, inventory=298, amount=Rs 41648.64 - revenue Rs 41648.64 is >5x the average"
16154,2022-06-11,S003,P0015,unusual_sales_activity,high,both,4.83,0.695,"S003/P0015 on 2022-06-11: units_sold=233, inventory=1233, amount=Rs 28985.20 - unusual combination of units, price and stock"
34913,2022-12-16,S001,P0014,unusual_sales_activity,high,both,4.13,0.695,"S001/P0014 on 2022-12-16: units_sold=283, inventory=605, amount=Rs 25653.95 - unusual combination of units, price and stock"
43888,2023-03-15,S005,P0009,unusual_sales_activity,high,both,5.63,0.695,"S005/P0009 on 2023-03-15: units_sold=278, inventory=418, amount=Rs 32778.98 - revenue Rs 32778.98 is >5x the average"
16522,2022-06-15,S002,P0003,unusual_sales_activity,high,both,4.88,0.694,"S002/P0003 on 2022-06-15: units_sold=246, inventory=504, amount=Rs 29210.04 - unusual combination of units, price and stock"
21854,2022-08-07,S003,P0015,unusual_sales_activity,high,both,4.09,0.694,"S003/P0015 on 2022-08-07: units_sold=242, inventory=263, amount=Rs 25460.82 - 92% of stock sold at once"
31986,2022-11-16,S005,P0007,unusual_sales_activity,high,both,4.99,0.694,"S005/P0007 on 2022-11-16: units_sold=263, inventory=301, amount=Rs 29742.67 - unusual combination of units, price and stock"
74820,2024-01-19,S002,P0001,unusual_sales_activity,high,both,4.36,0.694,"S002/P0001 on 2024-01-19: units_sold=269, inventory=461, amount=Rs 26709.01 - unusual combination of units, price and stock"
23788,2022-08-26,S005,P0009,unusual_sales_activity,high,both,6.54,0.693,"S005/P0009 on 2022-08-26: units_sold=312, inventory=1042, amount=Rs 37078.08 - revenue Rs 37078.08 is >5x the average"
25354,2022-09-11,S003,P0015,unusual_sales_activity,high,both,3.93,0.693,"S003/P0015 on 2022-09-11: units_sold=234, inventory=273, amount=Rs 24684.66 - unusual combination of units, price and stock"
75328,2024-01-24,S002,P0009,unusual_sales_activity,high,both,4.16,0.693,"S002/P0009 on 2024-01-24: units_sold=320, inventory=320, amount=Rs 25795.20 - 100% of stock sold at once"
22853,2022-08-17,S003,P0014,unusual_sales_activity,high,both,4.94,0.692,"S003/P0014 on 2022-08-17: units_sold=198, inventory=581, amount=Rs 29494.08 - unusual combination of units, price and stock"
35124,2022-12-18,S002,P0005,unusual_sales_activity,high,both,4.39,0.692,"S002/P0005 on 2022-12-18: units_sold=248, inventory=423, amount=Rs 26885.68 - unusual combination of units, price and stock"
37708,2023-01-13,S001,P0009,unusual_sales_activity,high,both,6.84,0.692,"S001/P0009 on 2023-01-13: units_sold=299, inventory=332, amount=Rs 38535.12 - revenue Rs 38535.12 is >5x the average; 90% of stock sold at once"
54820,2023-07-03,S002,P0001,unusual_sales_activity,high,both,5.2,0.692,"S002/P0001 on 2023-07-03: units_sold=252, inventory=521, amount=Rs 30728.88 - revenue Rs 30728.88 is >5x the average"
71688,2023-12-18,S005,P0009,unusual_sales_activity,high,both,4.33,0.692,"S005/P0009 on 2023-12-18: units_sold=201, inventory=799, amount=Rs 26604.36 - unusual combination of units, price and stock"
7320,2022-03-15,S002,P0001,unusual_sales_activity,high,both,4.36,0.691,"S002/P0001 on 2022-03-15: units_sold=253, inventory=253, amount=Rs 26711.74 - 100% of stock sold at once"
50130,2023-05-17,S002,P0011,unusual_sales_activity,high,both,5.0,0.691,"S002/P0011 on 2023-05-17: units_sold=230, inventory=663, amount=Rs 29757.40 - unusual combination of units, price and stock"
52188,2023-06-06,S005,P0009,unusual_sales_activity,high,both,3.7,0.691,"S005/P0009 on 2023-06-06: units_sold=198, inventory=198, amount=Rs 23607.54 - 100% of stock sold at once"
56238,2023-07-17,S002,P0019,unusual_sales_activity,high,both,3.48,0.691,"S002/P0019 on 2023-07-17: units_sold=207, inventory=207, amount=Rs 22560.93 - 100% of stock sold at once"
59854,2023-08-22,S003,P0015,unusual_sales_activity,high,both,6.73,0.691,"S003/P0015 on 2023-08-22: units_sold=279, inventory=827, amount=Rs 38019.33 - revenue Rs 38019.33 is >5x the average"
6291,2022-03-04,S005,P0012,unusual_sales_activity,high,both,4.61,0.69,"S005/P0012 on 2022-03-04: units_sold=186, inventory=702, amount=Rs 27922.32 - unusual combination of units, price and stock"
16711,2022-06-17,S001,P0012,unusual_sales_activity,high,both,5.71,0.69,"S001/P0012 on 2022-06-17: units_sold=283, inventory=527, amount=Rs 33142.13 - revenue Rs 33142.13 is >5x the average"
56820,2023-07-23,S002,P0001,unusual_sales_activity,high,both,4.04,0.69,"S002/P0001 on 2023-07-23: units_sold=263, inventory=286, amount=Rs 25192.77 - 92% of stock sold at once"
1493,2022-01-15,S005,P0014,unusual_sales_activity,high,both,6.51,0.689,"S005/P0014 on 2022-01-15: units_sold=162, inventory=212, amount=Rs 36940.86 - revenue Rs 36940.86 is >5x the average"
50288,2023-05-18,S005,P0009,unusual_sales_activity,high,both,5.42,0.689,"S005/P0009 on 2023-05-18: units_sold=229, inventory=572, amount=Rs 31785.20 - revenue Rs 31785.20 is >5x the average"
50493,2023-05-20,S005,P0014,unusual_sales_activity,high,both,5.78,0.689,"S005/P0014 on 2023-05-20: units_sold=183, inventory=351, amount=Rs 33467.04 - revenue Rs 33467.04 is >5x the average"
57750,2023-08-01,S003,P0011,unusual_sales_activity,high,both,5.6,0.689,"S003/P0011 on 2023-08-01: units_sold=208, inventory=296, amount=Rs 32637.28 - revenue Rs 32637.28 is >5x the average"
71659,2023-12-18,S003,P0020,unusual_sales_activity,high,both,3.72,0.688,"S003/P0020 on 2023-12-18: units_sold=255, inventory=666, amount=Rs 23692.05 - unusual combination of units, price and stock"
73634,2024-01-07,S002,P0015,unusual_sales_activity,high,both,3.4,0.688,"S002/P0015 on 2024-01-07: units_sold=248, inventory=815, amount=Rs 22173.68 - unusual combination of units, price and stock"
5255,2022-02-22,S003,P0016,unusual_sales_activity,high,both,4.47,0.687,"S003/P0016 on 2022-02-22: units_sold=225, inventory=225, amount=Rs 27247.50 - 100% of stock sold at once"
25750,2022-09-15,S003,P0011,unusual_sales_activity,high,both,5.82,0.687,"S003/P0011 on 2022-09-15: units_sold=213, inventory=275, amount=Rs 33664.65 - revenue Rs 33664.65 is >5x the average"
35019,2022-12-17,S001,P0020,unusual_sales_activity,high,both,4.0,0.687,"S001/P0020 on 2022-12-17: units_sold=205, inventory=240, amount=Rs 25007.95 - unusual combination of units, price and stock"
38324,2023-01-19,S002,P0005,unusual_sales_activity,high,both,4.3,0.687,"S002/P0005 on 2023-01-19: units_sold=210, inventory=358, amount=Rs 26457.90 - unusual combination of units, price and stock"
72273,2023-12-24,S004,P0014,unusual_sales_activity,high,both,5.29,0.687,"S004/P0014 on 2023-12-24: units_sold=163, inventory=178, amount=Rs 31170.49 - revenue Rs 31170.49 is >5x the average; 92% of stock sold at once"
72455,2023-12-26,S003,P0016,unusual_sales_activity,high,both,5.12,0.687,"S003/P0016 on 2023-12-26: units_sold=252, inventory=308, amount=Rs 30350.88 - revenue Rs 30350.88 is >5x the average"
15804,2022-06-08,S001,P0005,unusual_sales_activity,high,both,3.28,0.686,"S001/P0005 on 2022-06-08: units_sold=270, inventory=719, amount=Rs 21578.40 - unusual combination of units, price and stock"
16141,2022-06-11,S003,P0002,unusual_sales_activity,high,both,3.74,0.686,"S003/P0002 on 2022-06-11: units_sold=290, inventory=787, amount=Rs 23785.80 - unusual combination of units, price and stock"
30955,2022-11-06,S003,P0016,unusual_sales_activity,high,both,5.51,0.686,"S003/P0016 on 2022-11-06: units_sold=237, inventory=271, amount=Rs 32205.93 - revenue Rs 32205.93 is >5x the average"
42654,2023-03-03,S003,P0015,unusual_sales_activity,high,both,3.73,0.686,"S003/P0015 on 2023-03-03: units_sold=229, inventory=229, amount=Rs 23708.37 - 100% of stock sold at once"
52120,2023-06-06,S002,P0001,unusual_sales_activity,high,both,4.21,0.686,"S002/P0001 on 2023-06-06: units_sold=248, inventory=498, amount=Rs 26007.76 - unusual combination of units, price and stock"
54954,2023-07-04,S003,P0015,unusual_sales_activity,high,both,8.39,0.686,"S003/P0015 on 2023-07-04: units_sold=339, inventory=666, amount=Rs 45900.60 - revenue Rs 45900.60 is >5x the average"
55330,2023-07-08,S002,P0011,unusual_sales_activity,high,both,5.19,0.686,"S002/P0011 on 2023-07-08: units_sold=233, inventory=1129, amount=Rs 30674.45 - revenue Rs 30674.45 is >5x the average"
70450,2023-12-06,S003,P0011,unusual_sales_activity,high,both,5.98,0.686,"S003/P0011 on 2023-12-06: units_sold=234, inventory=292, amount=Rs 34451.82 - revenue Rs 34451.82 is >5x the average"
819,2022-01-09,S001,P0020,unusual_sales_activity,high,both,4.75,0.685,"S001/P0020 on 2022-01-09: units_sold=217, inventory=507, amount=Rs 28578.90 - unusual combination of units, price and stock"
9550,2022-04-06,S003,P0011,unusual_sales_activity,high,both,5.41,0.685,"S003/P0011 on 2022-04-06: units_sold=226, inventory=279, amount=Rs 31719.10 - revenue Rs 31719.10 is >5x the average"
26173,2022-09-19,S004,P0014,unusual_sales_activity,high,both,6.31,0.685,"S004/P0014 on 2022-09-19: units_sold=177, inventory=233, amount=Rs 35984.10 - revenue Rs 35984.10 is >5x the average"
22739,2022-08-16,S002,P0020,unusual_sales_activity,high,both,5.35,0.684,"S002/P0020 on 2022-08-16: units_sold=198, inventory=287, amount=Rs 31450.32 - revenue Rs 31450.32 is >5x the average"
55188,2023-07-06,S005,P0009,unusual_sales_activity,high,both,4.94,0.684,"S005/P0009 on 2023-07-06: units_sold=269, inventory=1030, amount=Rs 29468.95 - unusual combination of units, price and stock"
59733,2023-08-21,S002,P0014,unusual_sales_activity,high,both,4.66,0.684,"S002/P0014 on 2023-08-21: units_sold=227, inventory=418, amount=Rs 28166.16 - unusual combination of units, price and stock"
70608,2023-12-08,S001,P0009,unusual_sales_activity,high,both,5.71,0.684,"S001/P0009 on 2023-12-08: units_sold=198, inventory=198, amount=Rs 33133.32 - revenue Rs 33133.32 is >5x the average; 100% of stock sold at once"
23892,2022-08-27,S005,P0013,unusual_sales_activity,high,both,3.26,0.683,"S005/P0013 on 2022-08-27: units_sold=205, inventory=205, amount=Rs 21475.80 - 100% of stock sold at once"
35919,2022-12-26,S001,P0020,unusual_sales_activity,high,both,4.84,0.683,"S001/P0020 on 2022-12-26: units_sold=209, inventory=660, amount=Rs 29005.02 - unusual combination of units, price and stock"
42693,2023-03-03,S005,P0014,unusual_sales_activity,high,both,5.81,0.683,"S005/P0014 on 2023-03-03: units_sold=180, inventory=375, amount=Rs 33604.20 - revenue Rs 33604.20 is >5x the average"
58454,2023-08-08,S003,P0015,unusual_sales_activity,high,both,3.68,0.683,"S003/P0015 on 2023-08-08: units_sold=184, inventory=197, amount=Rs 23515.20 - 93% of stock sold at once"
1455,2022-01-15,S003,P0016,unusual_sales_activity,high,both,4.28,0.682,"S003/P0016 on 2022-01-15: units_sold=223, inventory=232, amount=Rs 26329.61 - 96% of stock sold at once"
24354,2022-09-01,S003,P0015,unusual_sales_activity,high,both,4.23,0.682,"S003/P0015 on 2022-09-01: units_sold=209, inventory=428, amount=Rs 26125.00 - unusual combination of units, price and stock"
43886,2023-03-15,S005,P0007,unusual_sales_activity,high,both,4.66,0.682,"S005/P0007 on 2023-03-15: units_sold=263, inventory=335, amount=Rs 28167.30 - unusual combination of units, price and stock"
46247,2023-04-08,S003,P0008,unusual_sales_activity,high,both,4.94,0.682,"S003/P0008 on 2023-04-08: units_sold=226, inventory=226, amount=Rs 29481.70 - 100% of stock sold at once"
54711,2023-07-02,S001,P0012,unusual_sales_activity,high,both,4.55,0.682,"S001/P0012 on 2023-07-02: units_sold=240, inventory=306, amount=Rs 27614.40 - unusual combination of units, price and stock"
55552,2023-07-10,S003,P0013,unusual_sales_activity,high,both,3.12,0.682,"S003/P0013 on 2023-07-10: units_sold=238, inventory=861, amount=Rs 20810.72 - unusual combination of units, price and stock"
56553,2023-07-20,S003,P0014,unusual_sales_activity,high,both,6.26,0.682,"S003/P0014 on 2023-07-20: units_sold=259, inventory=259, amount=Rs 35775.67 - revenue Rs 35775.67 is >5x the average; 100% of stock sold at once"
56830,2023-07-23,S002,P0011,unusual_sales_activity,high,both,5.16,0.682,"S002/P0011 on 2023-07-23: units_sold=266, inventory=948, amount=Rs 30515.52 - revenue Rs 30515.52 is >5x the average"
74952,2024-01-20,S003,P0013,unusual_sales_activity,high,both,3.56,0.682,"S003/P0013 on 2024-01-20: units_sold=232, inventory=286, amount=Rs 22912.32 - unusual combination of units, price and stock"
15339,2022-06-03,S002,P0020,unusual_sales_activity,high,both,4.72,0.681,"S002/P0020 on 2022-06-03: units_sold=167, inventory=615, amount=Rs 28418.39 - unusual combination of units, price and stock"
25852,2022-09-16,S003,P0013,unusual_sales_activity,high,both,3.73,0.681,"S003/P0013 on 2022-09-16: units_sold=237, inventory=325, amount=Rs 23730.81 - unusual combination of units, price and stock"
54810,2023-07-03,S001,P0011,unusual_sales_activity,high,both,5.91,0.681,"S001/P0011 on 2023-07-03: units_sold=165, inventory=165, amount=Rs 34110.45 - revenue Rs 34110.45 is >5x the average; 100% of stock sold at once"
67086,2023-11-02,S005,P0007,unusual_sales_activity,high,both,4.75,0.681,"S005/P0007 on 2023-11-02: units_sold=255, inventory=382, amount=Rs 28585.50 - unusual combination of units, price and stock"
69562,2023-11-27,S004,P0003,unusual_sales_activity,high,both,5.38,0.681,"S004/P0003 on 2023-11-27: units_sold=205, inventory=477, amount=Rs 31598.70 - revenue Rs 31598.70 is >5x the average"
10459,2022-04-15,S003,P0020,unusual_sales_activity,high,both,3.35,0.68,"S003/P0020 on 2022-04-15: units_sold=213, inventory=218, amount=Rs 21915.57 - 98% of stock sold at once"
32053,2022-11-17,S003,P0014,unusual_sales_activity,high,both,7.35,0.68,"S003/P0014 on 2022-11-17: units_sold=337, inventory=520, amount=Rs 40938.76 - revenue Rs 40938.76 is >5x the average"
50013,2023-05-16,S001,P0014,unusual_sales_activity,high,both,3.32,0.68,"S001/P0014 on 2023-05-16: units_sold=265, inventory=698, amount=Rs 21796.25 - unusual combination of units, price and stock"
57594,2023-07-30,S005,P0015,unusual_sales_activity,high,both,3.82,0.68,"S005/P0015 on 2023-07-30: units_sold=291, inventory=297, amount=Rs 24173.37 - 98% of stock sold at once"
59528,2023-08-19,S002,P0009,unusual_sales_activity,high,both,3.64,0.68,"S002/P0009 on 2023-08-19: units_sold=244, inventory=244, amount=Rs 23314.20 - 100% of stock sold at once"
69910,2023-12-01,S001,P0011,unusual_sales_activity,high,both,5.59,0.68,"S001/P0011 on 2023-12-01: units_sold=175, inventory=245, amount=Rs 32576.25 - revenue Rs 32576.25 is >5x the average"
71473,2023-12-16,S004,P0014,unusual_sales_activity,high,both,5.54,0.68,"S004/P0014 on 2023-12-16: units_sold=188, inventory=243, amount=Rs 32324.72 - revenue Rs 32324.72 is >5x the average"
3720,2022-02-07,S002,P0001,unusual_sales_activity,high,both,4.5,0.679,"S002/P0001 on 2022-02-07: units_sold=237, inventory=546, amount=Rs 27404.31 - unusual combination of units, price and stock"
7353,2022-03-15,S003,P0014,unusual_sales_activity,high,both,4.42,0.679,"S003/P0014 on 2022-03-15: units_sold=216, inventory=634, amount=Rs 27008.64 - unusual combination of units, price and stock"
23322,2022-08-22,S002,P0003,unusual_sales_activity,high,both,4.57,0.679,"S002/P0003 on 2022-08-22: units_sold=245, inventory=591, amount=Rs 27704.60 - unusual combination of units, price and stock"
34757,2022-12-14,S003,P0018,unusual_sales_activity,high,both,4.75,0.679,"S003/P0018 on 2022-12-14: units_sold=162, inventory=546, amount=Rs 28573.56 - unusual combination of units, price and stock"
5152,2022-02-21,S003,P0013,unusual_sales_activity,high,both,3.06,0.678,"S003/P0013 on 2022-02-21: units_sold=220, inventory=220, amount=Rs 20567.80 - 100% of stock sold at once"
6133,2022-03-03,S002,P0014,unusual_sales_activity,high,both,4.4,0.678,"S002/P0014 on 2022-03-03: units_sold=193, inventory=616, amount=Rs 26906.13 - unusual combination of units, price and stock"
14554,2022-05-26,S003,P0015,unusual_sales_activity,high,both,4.1,0.678,"S003/P0015 on 2022-05-26: units_sold=225, inventory=529, amount=Rs 25499.25 - unusual combination of units, price and stock"
15259,2022-06-02,S003,P0020,unusual_sales_activity,high,both,3.29,0.678,"S003/P0020 on 2022-06-02: units_sold=260, inventory=680, amount=Rs 21619.00 - unusual combination of units, price and stock"
20788,2022-07-27,S005,P0009,unusual_sales_activity,high,both,3.71,0.678,"S005/P0009 on 2022-07-27: units_sold=191, inventory=684, amount=Rs 23620.97 - unusual combination of units, price and stock"
8157,2022-03-23,S003,P0018,unusual_sales_activity,high,both,4.97,0.677,"S003/P0018 on 2022-03-23: units_sold=180, inventory=334, amount=Rs 29610.00 - unusual combination of units, price and stock"
23730,2022-08-26,S002,P0011,unusual_sales_activity,high,both,3.82,0.677,"S002/P0011 on 2022-08-26: units_sold=209, inventory=789, amount=Rs 24141.59 - unusual combination of units, price and stock"
42589,2023-03-02,S005,P0010,unusual_sales_activity,high,both,3.52,0.677,"S005/P0010 on 2023-03-02: units_sold=322, inventory=519, amount=Rs 22739.64 - unusual combination of units, price and stock"
51852,2023-06-03,S003,P0013,unusual_sales_activity,high,both,3.66,0.677,"S003/P0013 on 2023-06-03: units_sold=240, inventory=1199, amount=Rs 23409.60 - unusual combination of units, price and stock"
53729,2023-06-22,S002,P0010,unusual_sales_activity,high,both,5.46,0.677,"S002/P0010 on 2023-06-22: units_sold=247, inventory=258, amount=Rs 31959.33 - revenue Rs 31959.33 is >5x the average; 96% of stock sold at once"
54719,2023-07-02,S001,P0020,unusual_sales_activity,high,both,5.29,0.677,"S001/P0020 on 2023-07-02: units_sold=195, inventory=386, amount=Rs 31127.85 - revenue Rs 31127.85 is >5x the average"
56262,2023-07-17,S004,P0003,unusual_sales_activity,high,both,5.27,0.677,"S004/P0003 on 2023-07-17: units_sold=201, inventory=527, amount=Rs 31056.51 - revenue Rs 31056.51 is >5x the average"
58589,2023-08-09,S005,P0010,unusual_sales_activity,high,both,3.56,0.677,"S005/P0010 on 2023-08-09: units_sold=307, inventory=652, amount=Rs 22905.27 - unusual combination of units, price and stock"
15413,2022-06-04,S001,P0014,unusual_sales_activity,high,both,3.39,0.676,"S001/P0014 on 2022-06-04: units_sold=225, inventory=319, amount=Rs 22113.00 - unusual combination of units, price and stock"
21419,2022-08-03,S001,P0020,unusual_sales_activity,high,both,4.19,0.676,"S001/P0020 on 2022-08-03: units_sold=186, inventory=686, amount=Rs 25932.12 - unusual combination of units, price and stock"
21888,2022-08-07,S005,P0009,unusual_sales_activity,high,both,4.16,0.676,"S005/P0009 on 2022-08-07: units_sold=205, inventory=618, amount=Rs 25762.35 - unusual combination of units, price and stock"
23710,2022-08-26,S001,P0011,unusual_sales_activity,high,both,6.56,0.676,"S001/P0011 on 2022-08-26: units_sold=190, inventory=254, amount=Rs 37183.00 - revenue Rs 37183.00 is >5x the average"
23962,2022-08-28,S004,P0003,unusual_sales_activity,high,both,4.64,0.676,"S004/P0003 on 2022-08-28: units_sold=183, inventory=288, amount=Rs 28077.69 - unusual combination of units, price and stock"
28224,2022-10-10,S002,P0005,unusual_sales_activity,high,both,3.41,0.676,"S002/P0005 on 2022-10-10: units_sold=179, inventory=183, amount=Rs 22222.85 - 98% of stock sold at once"
60088,2023-08-24,S005,P0009,unusual_sales_activity,high,both,4.17,0.676,"S005/P0009 on 2023-08-24: units_sold=238, inventory=685, amount=Rs 25808.72 - unusual combination of units, price and stock"
67893,2023-11-10,S005,P0014,unusual_sales_activity,high,both,5.09,0.676,"S005/P0014 on 2023-11-10: units_sold=167, inventory=217, amount=Rs 30180.24 - revenue Rs 30180.24 is >5x the average"
3450,2022-02-04,S003,P0011,unusual_sales_activity,high,both,7.43,0.675,"S003/P0011 on 2022-02-04: units_sold=244, inventory=518, amount=Rs 41314.08 - revenue Rs 41314.08 is >5x the average"
3970,2022-02-09,S004,P0011,unusual_sales_activity,high,both,3.17,0.675,"S004/P0011 on 2022-02-09: units_sold=255, inventory=1471, amount=Rs 21088.50 - unusual combination of units, price and stock"
5303,2022-02-23,S001,P0004,unusual_sales_activity,high,both,4.53,0.675,"S001/P0004 on 2022-02-23: units_sold=209, inventory=209, amount=Rs 27523.21 - 100% of stock sold at once"
6720,2022-03-09,S002,P0001,unusual_sales_activity,high,both,3.81,0.675,"S002/P0001 on 2022-03-09: units_sold=253, inventory=406, amount=Rs 24118.49 - unusual combination of units, price and stock"
24190,2022-08-30,S005,P0011,unusual_sales_activity,high,both,3.78,0.675,"S005/P0011 on 2022-08-30: units_sold=219, inventory=628, amount=Rs 23947.65 - unusual combination of units, price and stock"
53124,2023-06-16,S002,P0005,unusual_sales_activity,high,both,3.55,0.675,"S002/P0005 on 2023-06-16: units_sold=214, inventory=635, amount=Rs 22870.18 - unusual combination of units, price and stock"
74733,2024-01-18,S002,P0014,unusual_sales_activity,high,both,4.77,0.675,"S002/P0014 on 2024-01-18: units_sold=187, inventory=455, amount=Rs 28695.15 - unusual combination of units, price and stock"
4354,2022-02-13,S003,P0015,unusual_sales_activity,high,both,4.41,0.674,"S003/P0015 on 2022-02-13: units_sold=246, inventory=1012, amount=Rs 26951.76 - unusual combination of units, price and stock"
6252,2022-03-04,S003,P0013,unusual_sales_activity,high,both,3.23,0.674,"S003/P0013 on 2022-03-04: units_sold=243, inventory=423, amount=Rs 21330.54 - unusual combination of units, price and stock"
50162,2023-05-17,S004,P0003,unusual_sales_activity,high,both,4.19,0.674,"S004/P0003 on 2023-05-17: units_sold=145, inventory=145, amount=Rs 25918.75 - 100% of stock sold at once"
52287,2023-06-07,S005,P0008,unusual_sales_activity,high,both,4.6,0.674,"S005/P0008 on 2023-06-07: units_sold=288, inventory=309, amount=Rs 27872.64 - 93% of stock sold at once"
57554,2023-07-30,S003,P0015,unusual_sales_activity,high,both,3.6,0.674,"S003/P0015 on 2023-07-30: units_sold=208, inventory=636, amount=Rs 23100.48 - unusual combination of units, price and stock"
4610,2022-02-16,S001,P0011,unusual_sales_activity,high,both,5.73,0.673,"S001/P0011 on 2022-02-16: units_sold=153, inventory=204, amount=Rs 33251.49 - revenue Rs 33251.49 is >5x the average"
21588,2022-08-04,S005,P0009,unusual_sales_activity,high,both,4.72,0.673,"S005/P0009 on 2022-08-04: units_sold=227, inventory=508, amount=Rs 28445.37 - unusual combination of units, price and stock"
26809,2022-09-26,S001,P0010,unusual_sales_activity,high,both,4.62,0.673,"S001/P0010 on 2022-09-26: units_sold=197, inventory=519, amount=Rs 27985.82 - unusual combination of units, price and stock"
35954,2022-12-26,S003,P0015,unusual_sales_activity,high,both,3.48,0.673,"S003/P0015 on 2022-12-26: units_sold=183, inventory=752, amount=Rs 22532.79 - unusual combination of units, price and stock"
53488,2023-06-19,S005,P0009,unusual_sales_activity,high,both,4.48,0.673,"S005/P0009 on 2023-06-19: units_sold=220, inventory=646, amount=Rs 27321.80 - unusual combination of units, price and stock"
53585,2023-06-20,S005,P0006,unusual_sales_activity,high,both,3.06,0.673,"S005/P0006 on 2023-06-20: units_sold=252, inventory=366, amount=Rs 20527.92 - unusual combination of units, price and stock"
57798,2023-08-01,S005,P0019,unusual_sales_activity,high,both,4.86,0.673,"S005/P0019 on 2023-08-01: units_sold=156, inventory=201, amount=Rs 29114.28 - unusual combination of units, price and stock"
59422,2023-08-18,S002,P0003,unusual_sales_activity,high,both,3.69,0.673,"S002/P0003 on 2023-08-18: units_sold=248, inventory=306, amount=Rs 23562.48 - unusual combination of units, price and stock"
71293,2023-12-14,S005,P0014,unusual_sales_activity,high,both,4.07,0.673,"S005/P0014 on 2023-12-14: units_sold=138, inventory=156, amount=Rs 25360.26 - unusual combination of units, price and stock"
73468,2024-01-05,S004,P0009,unusual_sales_activity,high,both,5.0,0.673,"S004/P0009 on 2024-01-05: units_sold=197, inventory=319, amount=Rs 29792.31 - unusual combination of units, price and stock"
74988,2024-01-20,S005,P0009,unusual_sales_activity,high,both,4.2,0.673,"S005/P0009 on 2024-01-20: units_sold=212, inventory=328, amount=Rs 25978.48 - unusual combination of units, price and stock"
17254,2022-06-22,S003,P0015,unusual_sales_activity,high,both,4.71,0.672,"S003/P0015 on 2022-06-22: units_sold=217, inventory=1045, amount=Rs 28413.98 - unusual combination of units, price and stock"
55713,2023-07-12,S001,P0014,unusual_sales_activity,high,both,3.88,0.672,"S001/P0014 on 2023-07-12: units_sold=233, inventory=411, amount=Rs 24465.00 - unusual combination of units, price and stock"
568,2022-01-06,S004,P0009,unusual_sales_activity,high,both,4.84,0.671,"S004/P0009 on 2022-01-06: units_sold=220, inventory=477, amount=Rs 28991.60 - unusual combination of units, price and stock"
22953,2022-08-18,S003,P0014,unusual_sales_activity,high,both,5.86,0.671,"S003/P0014 on 2022-08-18: units_sold=275, inventory=383, amount=Rs 33869.00 - revenue Rs 33869.00 is >5x the average"
35147,2022-12-18,S003,P0008,unusual_sales_activity,high,both,4.5,0.671,"S003/P0008 on 2022-12-18: units_sold=191, inventory=253, amount=Rs 27397.04 - unusual combination of units, price and stock"
52411,2023-06-09,S001,P0012,unusual_sales_activity,high,both,4.33,0.671,"S001/P0012 on 2023-06-09: units_sold=251, inventory=400, amount=Rs 26603.49 - unusual combination of units, price and stock"
56257,2023-07-17,S003,P0018,unusual_sales_activity,high,both,3.82,0.671,"S003/P0018 on 2023-07-17: units_sold=143, inventory=691, amount=Rs 24152.70 - unusual combination of units, price and stock"
58638,2023-08-10,S002,P0019,unusual_sales_activity,high,both,3.56,0.671,"S002/P0019 on 2023-08-10: units_sold=217, inventory=367, amount=Rs 22919.54 - unusual combination of units, price and stock"
59086,2023-08-14,S005,P0007,unusual_sales_activity,high,both,4.95,0.671,"S005/P0007 on 2023-08-14: units_sold=258, inventory=851, amount=Rs 29533.26 - unusual combination of units, price and stock"
24473,2022-09-02,S004,P0014,unusual_sales_activity,high,both,5.14,0.67,"S004/P0014 on 2022-09-02: units_sold=155, inventory=172, amount=Rs 30451.30 - revenue Rs 30451.30 is >5x the average; 90% of stock sold at once"
30488,2022-11-01,S005,P0009,unusual_sales_activity,high,both,3.98,0.67,"S005/P0009 on 2022-11-01: units_sold=233, inventory=357, amount=Rs 24903.04 - unusual combination of units, price and stock"
32433,2022-11-21,S002,P0014,unusual_sales_activity,high,both,3.72,0.67,"S002/P0014 on 2022-11-21: units_sold=165, inventory=1187, amount=Rs 23697.30 - unusual combination of units, price and stock"
54387,2023-06-28,S005,P0008,unusual_sales_activity,high,both,4.03,0.67,"S005/P0008 on 2023-06-28: units_sold=227, inventory=227, amount=Rs 25165.22 - 100% of stock sold at once"
54854,2023-07-03,S003,P0015,unusual_sales_activity,high,both,3.08,0.67,"S003/P0015 on 2023-07-03: units_sold=156, inventory=822, amount=Rs 20631.00 - unusual combination of units, price and stock"
58941,2023-08-13,S003,P0002,unusual_sales_activity,high,both,3.41,0.67,"S003/P0002 on 2023-08-13: units_sold=314, inventory=1050, amount=Rs 22212.36 - unusual combination of units, price and stock"
59253,2023-08-16,S003,P0014,unusual_sales_activity,high,both,4.11,0.67,"S003/P0014 on 2023-08-16: units_sold=222, inventory=1121, amount=Rs 25536.66 - unusual combination of units, price and stock"
59753,2023-08-21,S003,P0014,unusual_sales_activity,high,both,4.33,0.67,"S003/P0014 on 2023-08-21: units_sold=196, inventory=573, amount=Rs 26583.48 - unusual combination of units, price and stock"
24850,2022-09-06,S003,P0011,unusual_sales_activity,high,both,4.64,0.669,"S003/P0011 on 2022-09-06: units_sold=190, inventory=190, amount=Rs 28082.00 - 100% of stock sold at once"
49268,2023-05-08,S004,P0009,unusual_sales_activity,high,both,4.07,0.669,"S004/P0009 on 2023-05-08: units_sold=200, inventory=648, amount=Rs 25368.00 - unusual combination of units, price and stock"
56653,2023-07-21,S003,P0014,unusual_sales_activity,high,both,4.96,0.669,"S003/P0014 on 2023-07-21: units_sold=259, inventory=816, amount=Rs 29603.70 - unusual combination of units, price and stock"
57192,2023-07-26,S005,P0013,unusual_sales_activity,high,both,4.13,0.669,"S005/P0013 on 2023-07-26: units_sold=264, inventory=973, amount=Rs 25621.20 - unusual combination of units, price and stock"
57373,2023-07-28,S004,P0014,unusual_sales_activity,high,both,5.36,0.669,"S004/P0014 on 2023-07-28: units_sold=156, inventory=156, amount=Rs 31507.32 - revenue Rs 31507.32 is >5x the average; 100% of stock sold at once"
58286,2023-08-06,S005,P0007,unusual_sales_activity,high,both,4.53,0.669,"S005/P0007 on 2023-08-06: units_sold=254, inventory=526, amount=Rs 27546.30 - unusual combination of units, price and stock"
4001,2022-02-10,S001,P0002,unusual_sales_activity,high,both,4.33,0.668,"S001/P0002 on 2022-02-10: units_sold=279, inventory=338, amount=Rs 26594.28 - unusual combination of units, price and stock"
7085,2022-03-12,S005,P0006,unusual_sales_activity,high,both,3.17,0.668,"S005/P0006 on 2022-03-12: units_sold=234, inventory=664, amount=Rs 21045.96 - unusual combination of units, price and stock"
27493,2022-10-02,S005,P0014,unusual_sales_activity,high,both,5.32,0.668,"S005/P0014 on 2022-10-02: units_sold=149, inventory=368, amount=Rs 31276.59 - revenue Rs 31276.59 is >5x the average"
34047,2022-12-07,S003,P0008,unusual_sales_activity,high,both,5.02,0.668,"S003/P0008 on 2022-12-07: units_sold=194, inventory=311, amount=Rs 29868.24 - unusual combination of units, price and stock"
34159,2022-12-08,S003,P0020,unusual_sales_activity,high,both,3.42,0.668,"S003/P0020 on 2022-12-08: units_sold=231, inventory=652, amount=Rs 22256.85 - unusual combination of units, price and stock"
38039,2023-01-16,S002,P0020,unusual_sales_activity,high,both,3.82,0.668,"S002/P0020 on 2023-01-16: units_sold=149, inventory=149, amount=Rs 24167.80 - 100% of stock sold at once"
58713,2023-08-11,S001,P0014,unusual_sales_activity,high,both,3.98,0.668,"S001/P0014 on 2023-08-11: units_sold=235, inventory=1007, amount=Rs 24921.75 - unusual combination of units, price and stock"
59111,2023-08-15,S001,P0012,unusual_sales_activity,high,both,3.5,0.668,"S001/P0012 on 2023-08-15: units_sold=209, inventory=209, amount=Rs 22636.79 - 100% of stock sold at once"
60530,2023-08-29,S002,P0011,unusual_sales_activity,high,both,3.92,0.668,"S002/P0011 on 2023-08-29: units_sold=200, inventory=627, amount=Rs 24652.00 - unusual combination of units, price and stock"
67586,2023-11-07,S005,P0007,unusual_sales_activity,high,both,3.59,0.668,"S005/P0007 on 2023-11-07: units_sold=258, inventory=266, amount=Rs 23085.84 - 97% of stock sold at once"
15886,2022-06-08,S005,P0007,unusual_sales_activity,high,both,4.13,0.667,"S005/P0007 on 2022-06-08: units_sold=236, inventory=355, amount=Rs 25613.08 - unusual combination of units, price and stock"
16954,2022-06-19,S003,P0015,unusual_sales_activity,high,both,3.32,0.667,"S003/P0015 on 2022-06-19: units_sold=193, inventory=1458, amount=Rs 21793.56 - unusual combination of units, price and stock"
27755,2022-10-05,S003,P0016,unusual_sales_activity,high,both,4.24,0.667,"S003/P0016 on 2022-10-05: units_sold=239, inventory=268, amount=Rs 26141.82 - unusual combination of units, price and stock"
32909,2022-11-26,S001,P0010,unusual_sales_activity,high,both,3.7,0.667,"S001/P0010 on 2022-11-26: units_sold=133, inventory=133, amount=Rs 23602.18 - 100% of stock sold at once"
58411,2023-08-08,S001,P0012,unusual_sales_activity,high,both,4.48,0.667,"S001/P0012 on 2023-08-08: units_sold=241, inventory=295, amount=Rs 27319.76 - unusual combination of units, price and stock"
59191,2023-08-15,S005,P0012,unusual_sales_activity,high,both,3.98,0.667,"S005/P0012 on 2023-08-15: units_sold=167, inventory=669, amount=Rs 24926.42 - unusual combination of units, price and stock"
653,2022-01-07,S003,P0014,unusual_sales_activity,high,both,4.4,0.666,"S003/P0014 on 2022-01-07: units_sold=266, inventory=821, amount=Rs 26908.56 - unusual combination of units, price and stock"
4455,2022-02-14,S003,P0016,unusual_sales_activity,high,both,4.42,0.666,"S003/P0016 on 2022-02-14: units_sold=216, inventory=495, amount=Rs 27036.72 - unusual combination of units, price and stock"
29691,2022-10-24,S005,P0012,unusual_sales_activity,high,both,4.03,0.666,"S005/P0012 on 2022-10-24: units_sold=186, inventory=446, amount=Rs 25160.22 - unusual combination of units, price and stock"
39759,2023-02-02,S003,P0020,unusual_sales_activity,high,both,3.39,0.666,"S003/P0020 on 2023-02-02: units_sold=232, inventory=615, amount=Rs 22100.32 - unusual combination of units, price and stock"
43910,2023-03-16,S001,P0011,unusual_sales_activity,high,both,5.11,0.666,"S001/P0011 on 2023-03-16: units_sold=165, inventory=227, amount=Rs 30290.70 - revenue Rs 30290.70 is >5x the average"
57189,2023-07-26,S005,P0010,unusual_sales_activity,high,both,3.17,0.666,"S005/P0010 on 2023-07-26: units_sold=254, inventory=572, amount=Rs 21066.76 - unusual combination of units, price and stock"
58654,2023-08-10,S003,P0015,unusual_sales_activity,high,both,5.68,0.666,"S003/P0015 on 2023-08-10: units_sold=256, inventory=594, amount=Rs 33016.32 - revenue Rs 33016.32 is >5x the average"
75210,2024-01-23,S001,P0011,unusual_sales_activity,high,both,5.3,0.666,"S001/P0011 on 2024-01-23: units_sold=162, inventory=324, amount=Rs 31186.62 - revenue Rs 31186.62 is >5x the average"
15811,2022-06-08,S001,P0012,unusual_sales_activity,high,both,4.43,0.665,"S001/P0012 on 2022-06-08: units_sold=214, inventory=298, amount=Rs 27066.72 - unusual combination of units, price and stock"
21613,2022-08-05,S001,P0014,unusual_sales_activity,high,both,3.96,0.665,"S001/P0014 on 2022-08-05: units_sold=241, inventory=533, amount=Rs 24813.36 - unusual combination of units, price and stock"
30468,2022-11-01,S004,P0009,unusual_sales_activity,high,both,4.48,0.665,"S004/P0009 on 2022-11-01: units_sold=200, inventory=371, amount=Rs 27306.00 - unusual combination of units, price and stock"
32573,2022-11-22,S004,P0014,unusual_sales_activity,high,both,4.98,0.665,"S004/P0014 on 2022-11-22: units_sold=159, inventory=226, amount=Rs 29698.02 - unusual combination of units, price and stock"
33173,2022-11-28,S004,P0014,unusual_sales_activity,high,both,5.03,0.665,"S004/P0014 on 2022-11-28: units_sold=162, inventory=223, amount=Rs 29931.12 - unusual combination of units, price and stock"
50156,2023-05-17,S003,P0017,unusual_sales_activity,high,both,3.64,0.665,"S003/P0017 on 2023-05-17: units_sold=155, inventory=155, amount=Rs 23282.55 - 100% of stock sold at once"
55820,2023-07-13,S002,P0001,unusual_sales_activity,high,both,3.74,0.665,"S002/P0001 on 2023-07-13: units_sold=258, inventory=427, amount=Rs 23769.54 - unusual combination of units, price and stock"
62410,2023-09-17,S001,P0011,unusual_sales_activity,high,both,4.6,0.665,"S001/P0011 on 2023-09-17: units_sold=145, inventory=145, amount=Rs 27874.80 - 100% of stock sold at once"
75368,2024-01-24,S004,P0009,unusual_sales_activity,high,both,3.98,0.665,"S004/P0009 on 2024-01-24: units_sold=202, inventory=238, amount=Rs 24918.72 - unusual combination of units, price and stock"
3610,2022-02-06,S001,P0011,unusual_sales_activity,high,both,4.69,0.664,"S001/P0011 on 2022-02-06: units_sold=160, inventory=174, amount=Rs 28281.60 - 92% of stock sold at once"
17288,2022-06-22,S005,P0009,unusual_sales_activity,high,both,4.05,0.664,"S005/P0009 on 2022-06-22: units_sold=213, inventory=580, amount=Rs 25266.06 - unusual combination of units, price and stock"
28439,2022-10-12,S002,P0020,unusual_sales_activity,high,both,4.83,0.664,"S002/P0020 on 2022-10-12: units_sold=190, inventory=362, amount=Rs 28965.50 - unusual combination of units, price and stock"
38935,2023-01-25,S002,P0016,unusual_sales_activity,high,both,5.45,0.664,"S002/P0016 on 2023-01-25: units_sold=256, inventory=592, amount=Rs 31905.28 - revenue Rs 31905.28 is >5x the average"
49991,2023-05-15,S005,P0012,unusual_sales_activity,high,both,4.33,0.664,"S005/P0012 on 2023-05-15: units_sold=165, inventory=256, amount=Rs 26569.95 - unusual combination of units, price and stock"
53486,2023-06-19,S005,P0007,unusual_sales_activity,high,both,5.23,0.664,"S005/P0007 on 2023-06-19: units_sold=253, inventory=350, amount=Rs 30866.00 - revenue Rs 30866.00 is >5x the average"
57155,2023-07-26,S003,P0016,unusual_sales_activity,high,both,4.29,0.664,"S003/P0016 on 2023-07-26: units_sold=189, inventory=222, amount=Rs 26388.18 - unusual combination of units, price and stock"
60353,2023-08-27,S003,P0014,unusual_sales_activity,high,both,4.19,0.664,"S003/P0014 on 2023-08-27: units_sold=210, inventory=475, amount=Rs 25932.90 - unusual combination of units, price and stock"
71630,2023-12-18,S002,P0011,unusual_sales_activity,high,both,4.22,0.664,"S002/P0011 on 2023-12-18: units_sold=202, inventory=459, amount=Rs 26039.82 - unusual combination of units, price and stock"
3850,2022-02-08,S003,P0011,unusual_sales_activity,high,both,5.0,0.663,"S003/P0011 on 2022-02-08: units_sold=206, inventory=206, amount=Rs 29787.60 - 100% of stock sold at once"
15293,2022-06-02,S005,P0014,unusual_sales_activity,high,both,4.66,0.663,"S005/P0014 on 2022-06-02: units_sold=151, inventory=335, amount=Rs 28141.87 - unusual combination of units, price and stock"
20468,2022-07-24,S004,P0009,unusual_sales_activity,high,both,3.36,0.663,"S004/P0009 on 2022-07-24: units_sold=174, inventory=174, amount=Rs 21969.24 - 100% of stock sold at once"
21738,2022-08-06,S002,P0019,unusual_sales_activity,high,both,3.21,0.663,"S002/P0019 on 2022-08-06: units_sold=195, inventory=711, amount=Rs 21239.40 - unusual combination of units, price and stock"
54887,2023-07-03,S005,P0008,unusual_sales_activity,high,both,4.0,0.663,"S005/P0008 on 2023-07-03: units_sold=271, inventory=271, amount=Rs 25002.46 - 100% of stock sold at once"
67653,2023-11-08,S003,P0014,unusual_sales_activity,high,both,3.58,0.663,"S003/P0014 on 2023-11-08: units_sold=222, inventory=686, amount=Rs 23019.18 - unusual combination of units, price and stock"
72430,2023-12-26,S002,P0011,unusual_sales_activity,high,both,4.06,0.663,"S002/P0011 on 2023-12-26: units_sold=225, inventory=372, amount=Rs 25303.50 - unusual combination of units, price and stock"
9610,2022-04-07,S001,P0011,unusual_sales_activity,high,both,4.84,0.662,"S001/P0011 on 2022-04-07: units_sold=151, inventory=151, amount=Rs 29031.26 - 100% of stock sold at once"
21622,2022-08-05,S002,P0003,unusual_sales_activity,high,both,3.6,0.662,"S002/P0003 on 2022-08-05: units_sold=238, inventory=463, amount=Rs 23133.60 - unusual combination of units, price and stock"
26853,2022-09-26,S003,P0014,unusual_sales_activity,high,both,3.27,0.662,"S003/P0014 on 2022-09-26: units_sold=192, inventory=192, amount=Rs 21561.60 - 100% of stock sold at once"
42919,2023-03-06,S001,P0020,unusual_sales_activity,high,both,3.73,0.662,"S001/P0020 on 2023-03-06: units_sold=191, inventory=406, amount=Rs 23750.85 - unusual combination of units, price and stock"
46198,2023-04-07,S005,P0019,unusual_sales_activity,high,both,4.66,0.662,"S005/P0019 on 2023-04-07: units_sold=182, inventory=194, amount=Rs 28151.76 - 94% of stock sold at once"
51368,2023-05-29,S004,P0009,unusual_sales_activity,high,both,4.57,0.662,"S004/P0009 on 2023-05-29: units_sold=188, inventory=425, amount=Rs 27733.76 - unusual combination of units, price and stock"
58730,2023-08-11,S002,P0011,unusual_sales_activity,high,both,5.12,0.662,"S002/P0011 on 2023-08-11: units_sold=231, inventory=767, amount=Rs 30339.54 - revenue Rs 30339.54 is >5x the average"
60454,2023-08-28,S003,P0015,unusual_sales_activity,high,both,3.51,0.662,"S003/P0015 on 2023-08-28: units_sold=192, inventory=1182, amount=Rs 22665.60 - unusual combination of units, price and stock"
75154,2024-01-22,S003,P0015,unusual_sales_activity,high,both,3.05,0.662,"S003/P0015 on 2024-01-22: units_sold=161, inventory=750, amount=Rs 20488.86 - unusual combination of units, price and stock"
15893,2022-06-08,S005,P0014,unusual_sales_activity,high,both,4.32,0.661,"S005/P0014 on 2022-06-08: units_sold=140, inventory=292, amount=Rs 26525.80 - unusual combination of units, price and stock"
22089,2022-08-09,S005,P0010,unusual_sales_activity,high,both,3.09,0.661,"S005/P0010 on 2022-08-09: units_sold=256, inventory=500, amount=Rs 20710.40 - unusual combination of units, price and stock"
22792,2022-08-16,S005,P0013,unusual_sales_activity,high,both,3.3,0.661,"S005/P0013 on 2022-08-16: units_sold=222, inventory=577, amount=Rs 21669.42 - unusual combination of units, price and stock"
29254,2022-10-20,S003,P0015,unusual_sales_activity,high,both,3.49,0.661,"S003/P0015 on 2022-10-20: units_sold=184, inventory=662, amount=Rs 22595.20 - unusual combination of units, price and stock"
34911,2022-12-16,S001,P0012,unusual_sales_activity,high,both,3.64,0.661,"S001/P0012 on 2022-12-16: units_sold=219, inventory=219, amount=Rs 23284.08 - 100% of stock sold at once"
54042,2023-06-25,S003,P0003,unusual_sales_activity,high,both,4.42,0.661,"S003/P0003 on 2023-06-25: units_sold=241, inventory=241, amount=Rs 27035.38 - 100% of stock sold at once"
57793,2023-08-01,S005,P0014,unusual_sales_activity,high,both,4.04,0.661,"S005/P0014 on 2023-08-01: units_sold=139, inventory=281, amount=Rs 25190.97 - unusual combination of units, price and stock"
10568,2022-04-16,S004,P0009,unusual_sales_activity,high,both,4.1,0.66,"S004/P0009 on 2022-04-16: units_sold=215, inventory=580, amount=Rs 25488.25 - unusual combination of units, price and stock"
16003,2022-06-10,S001,P0004,unusual_sales_activity,high,both,4.42,0.66,"S001/P0004 on 2022-06-10: units_sold=226, inventory=307, amount=Rs 27029.60 - unusual combination of units, price and stock"
22488,2022-08-13,S005,P0009,unusual_sales_activity,high,both,5.16,0.66,"S005/P0009 on 2022-08-13: units_sold=252, inventory=330, amount=Rs 30514.68 - revenue Rs 30514.68 is >5x the average"
32992,2022-11-26,S005,P0013,unusual_sales_activity,high,both,3.62,0.66,"S005/P0013 on 2022-11-26: units_sold=238, inventory=431, amount=Rs 23195.48 - unusual combination of units, price and stock"
43930,2023-03-16,S002,P0011,unusual_sales_activity,high,both,3.95,0.66,"S002/P0011 on 2023-03-16: units_sold=244, inventory=912, amount=Rs 24800.16 - unusual combination of units, price and stock"
60388,2023-08-27,S005,P0009,unusual_sales_activity,high,both,4.34,0.66,"S005/P0009 on 2023-08-27: units_sold=214, inventory=913, amount=Rs 26653.70 - unusual combination of units, price and stock"
3353,2022-02-03,S003,P0014,unusual_sales_activity,high,both,4.2,0.659,"S003/P0014 on 2022-02-03: units_sold=202, inventory=518, amount=Rs 25961.04 - unusual combination of units, price and stock"
4473,2022-02-14,S004,P0014,unusual_sales_activity,high,both,4.39,0.659,"S004/P0014 on 2022-02-14: units_sold=146, inventory=146, amount=Rs 26852.32 - 100% of stock sold at once"
17122,2022-06-21,S002,P0003,unusual_sales_activity,high,both,3.64,0.659,"S002/P0003 on 2022-06-21: units_sold=218, inventory=436, amount=Rs 23304.20 - unusual combination of units, price and stock"
23690,2022-08-25,S005,P0011,unusual_sales_activity,high,both,3.19,0.659,"S005/P0011 on 2022-08-25: units_sold=215, inventory=734, amount=Rs 21166.75 - unusual combination of units, price and stock"
37111,2023-01-07,S001,P0012,unusual_sales_activity,high,both,4.0,0.659,"S001/P0012 on 2023-01-07: units_sold=234, inventory=333, amount=Rs 24993.54 - unusual combination of units, price and stock"
38030,2023-01-16,S002,P0011,unusual_sales_activity,high,both,3.7,0.659,"S002/P0011 on 2023-01-16: units_sold=195, inventory=214, amount=Rs 23591.10 - 91% of stock sold at once"
38833,2023-01-24,S002,P0014,unusual_sales_activity,high,both,4.33,0.659,"S002/P0014 on 2023-01-24: units_sold=191, inventory=504, amount=Rs 26577.65 - unusual combination of units, price and stock"
56228,2023-07-17,S002,P0009,unusual_sales_activity,high,both,3.52,0.659,"S002/P0009 on 2023-07-17: units_sold=232, inventory=437, amount=Rs 22717.44 - unusual combination of units, price and stock"
67633,2023-11-08,S002,P0014,unusual_sales_activity,high,both,3.53,0.659,"S002/P0014 on 2023-11-08: units_sold=177, inventory=590, amount=Rs 22762.20 - unusual combination of units, price and stock"
69585,2023-11-27,S005,P0006,unusual_sales_activity,high,both,3.09,0.659,"S005/P0006 on 2023-11-27: units_sold=241, inventory=474, amount=Rs 20665.75 - unusual combination of units, price and stock"
74430,2024-01-15,S002,P0011,unusual_sales_activity,high,both,3.7,0.659,"S002/P0011 on 2024-01-15: units_sold=233, inventory=344, amount=Rs 23605.23 - unusual combination of units, price and stock"
8290,2022-03-24,S005,P0011,unusual_sales_activity,high,both,3.23,0.658,"S005/P0011 on 2022-03-24: units_sold=202, inventory=694, amount=Rs 21333.22 - unusual combination of units, price and stock"
10693,2022-04-17,S005,P0014,unusual_sales_activity,high,both,4.86,0.658,"S005/P0014 on 2022-04-17: units_sold=144, inventory=336, amount=Rs 29089.44 - unusual combination of units, price and stock"
24153,2022-08-30,S003,P0014,unusual_sales_activity,high,both,4.31,0.658,"S003/P0014 on 2022-08-30: units_sold=231, inventory=883, amount=Rs 26481.84 - unusual combination of units, price and stock"
54020,2023-06-25,S002,P0001,unusual_sales_activity,high,both,4.52,0.658,"S002/P0001 on 2023-06-25: units_sold=233, inventory=880, amount=Rs 27480.02 - unusual combination of units, price and stock"
55362,2023-07-08,S004,P0003,unusual_sales_activity,high,both,4.38,0.658,"S004/P0003 on 2023-07-08: units_sold=173, inventory=315, amount=Rs 26799.43 - unusual combination of units, price and stock"
57788,2023-08-01,S005,P0009,unusual_sales_activity,high,both,3.85,0.658,"S005/P0009 on 2023-08-01: units_sold=221, inventory=1045, amount=Rs 24292.32 - unusual combination of units, price and stock"
60950,2023-09-02,S003,P0011,unusual_sales_activity,high,both,4.88,0.658,"S003/P0011 on 2023-09-02: units_sold=201, inventory=407, amount=Rs 29181.18 - unusual combination of units, price and stock"
430,2022-01-05,S002,P0011,unusual_sales_activity,high,both,3.98,0.657,"S002/P0011 on 2022-01-05: units_sold=206, inventory=559, amount=Rs 24913.64 - unusual combination of units, price and stock"
4268,2022-02-12,S004,P0009,unusual_sales_activity,high,both,3.28,0.657,"S004/P0009 on 2022-02-12: units_sold=164, inventory=679, amount=Rs 21611.92 - unusual combination of units, price and stock"
9273,2022-04-03,S004,P0014,unusual_sales_activity,high,both,4.98,0.657,"S004/P0014 on 2022-04-03: units_sold=153, inventory=153, amount=Rs 29686.59 - 100% of stock sold at once"
10063,2022-04-11,S004,P0004,unusual_sales_activity,high,both,3.96,0.657,"S004/P0004 on 2022-04-11: units_sold=326, inventory=444, amount=Rs 24831.42 - unusual combination of units, price and stock"
15039,2022-05-31,S002,P0020,unusual_sales_activity,high,both,4.31,0.657,"S002/P0020 on 2022-05-31: units_sold=163, inventory=373, amount=Rs 26467.94 - unusual combination of units, price and stock"
17854,2022-06-28,S003,P0015,unusual_sales_activity,high,both,3.43,0.657,"S003/P0015 on 2022-06-28: units_sold=204, inventory=1128, amount=Rs 22291.08 - unusual combination of units, price and stock"
22592,2022-08-14,S005,P0013,unusual_sales_activity,high,both,4.49,0.657,"S005/P0013 on 2022-08-14: units_sold=242, inventory=242, amount=Rs 27331.48 - 100% of stock sold at once"
41447,2023-02-19,S003,P0008,unusual_sales_activity,high,both,4.06,0.657,"S003/P0008 on 2023-02-19: units_sold=162, inventory=162, amount=Rs 25302.78 - 100% of stock sold at once"
43310,2023-03-10,S001,P0011,unusual_sales_activity,high,both,4.66,0.657,"S001/P0011 on 2023-03-10: units_sold=143, inventory=147, amount=Rs 28132.39 - 97% of stock sold at once"
49824,2023-05-14,S002,P0005,unusual_sales_activity,high,both,3.3,0.657,"S002/P0005 on 2023-05-14: units_sold=211, inventory=302, amount=Rs 21684.47 - unusual combination of units, price and stock"
52553,2023-06-10,S003,P0014,unusual_sales_activity,high,both,3.27,0.657,"S003/P0014 on 2023-06-10: units_sold=186, inventory=649, amount=Rs 21564.84 - unusual combination of units, price and stock"
56252,2023-07-17,S003,P0013,unusual_sales_activity,high,both,3.11,0.657,"S003/P0013 on 2023-07-17: units_sold=214, inventory=677, amount=Rs 20796.52 - unusual combination of units, price and stock"
57454,2023-07-29,S003,P0015,unusual_sales_activity,high,both,4.68,0.657,"S003/P0015 on 2023-07-29: units_sold=216, inventory=852, amount=Rs 28226.88 - unusual combination of units, price and stock"
73547,2024-01-06,S003,P0008,unusual_sales_activity,high,both,5.41,0.657,"S003/P0008 on 2024-01-06: units_sold=209, inventory=276, amount=Rs 31709.48 - revenue Rs 31709.48 is >5x the average"
3268,2022-02-02,S004,P0009,unusual_sales_activity,high,both,3.36,0.656,"S004/P0009 on 2022-02-02: units_sold=163, inventory=163, amount=Rs 21983.81 - 100% of stock sold at once"
14919,2022-05-30,S001,P0020,unusual_sales_activity,high,both,3.92,0.656,"S001/P0020 on 2022-05-30: units_sold=173, inventory=209, amount=Rs 24647.31 - unusual combination of units, price and stock"
17054,2022-06-20,S003,P0015,unusual_sales_activity,high,both,3.01,0.656,"S003/P0015 on 2022-06-20: units_sold=162, inventory=1265, amount=Rs 20324.52 - unusual combination of units, price and stock"
17688,2022-06-26,S005,P0009,unusual_sales_activity,high,both,3.83,0.656,"S005/P0009 on 2022-06-26: units_sold=204, inventory=585, amount=Rs 24190.32 - unusual combination of units, price and stock"
31957,2022-11-16,S003,P0018,unusual_sales_activity,high,both,4.37,0.656,"S003/P0018 on 2022-11-16: units_sold=181, inventory=412, amount=Rs 26768.09 - unusual combination of units, price and stock"
51017,2023-05-26,S001,P0018,unusual_sales_activity,high,both,3.87,0.656,"S001/P0018 on 2023-05-26: units_sold=282, inventory=282, amount=Rs 24401.46 - 100% of stock sold at once"
63039,2023-09-23,S002,P0020,unusual_sales_activity,high,both,4.24,0.656,"S002/P0020 on 2023-09-23: units_sold=165, inventory=165, amount=Rs 26144.25 - 100% of stock sold at once"
1830,2022-01-19,S002,P0011,unusual_sales_activity,high,both,4.12,0.655,"S002/P0011 on 2022-01-19: units_sold=217, inventory=519, amount=Rs 25599.49 - unusual combination of units, price and stock"
4286,2022-02-12,S005,P0007,unusual_sales_activity,high,both,3.51,0.655,"S005/P0007 on 2022-02-12: units_sold=211, inventory=298, amount=Rs 22661.40 - unusual combination of units, price and stock"
17055,2022-06-20,S003,P0016,unusual_sales_activity,high,both,4.2,0.655,"S003/P0016 on 2022-06-20: units_sold=227, inventory=392, amount=Rs 25975.61 - unusual combination of units, price and stock"
19538,2022-07-15,S002,P0019,unusual_sales_activity,high,both,3.13,0.655,"S002/P0019 on 2022-07-15: units_sold=209, inventory=715, amount=Rs 20858.20 - unusual combination of units, price and stock"
35668,2022-12-23,S004,P0009,unusual_sales_activity,high,both,4.3,0.655,"S004/P0009 on 2022-12-23: units_sold=190, inventory=974, amount=Rs 26423.30 - unusual combination of units, price and stock"
53153,2023-06-16,S003,P0014,unusual_sales_activity,high,both,3.77,0.655,"S003/P0014 on 2023-06-16: units_sold=200, inventory=640, amount=Rs 23932.00 - unusual combination of units, price and stock"
57138,2023-07-26,S002,P0019,unusual_sales_activity,high,both,3.67,0.655,"S002/P0019 on 2023-07-26: units_sold=203, inventory=627, amount=Rs 23440.41 - unusual combination of units, price and stock"
58854,2023-08-12,S003,P0015,unusual_sales_activity,high,both,3.24,0.655,"S003/P0015 on 2023-08-12: units_sold=189, inventory=1210, amount=Rs 21411.81 - unusual combination of units, price and stock"
58928,2023-08-13,S002,P0009,unusual_sales_activity,high,both,3.64,0.655,"S002/P0009 on 2023-08-13: units_sold=251, inventory=426, amount=Rs 23280.25 - unusual combination of units, price and stock"
61820,2023-09-11,S002,P0001,unusual_sales_activity,high,both,3.58,0.655,"S002/P0001 on 2023-09-11: units_sold=237, inventory=471, amount=Rs 22996.11 - unusual combination of units, price and stock"
6550,2022-03-07,S003,P0011,unusual_sales_activity,high,both,4.53,0.654,"S003/P0011 on 2022-03-07: units_sold=213, inventory=343, amount=Rs 27521.73 - unusual combination of units, price and stock"
24553,2022-09-03,S003,P0014,unusual_sales_activity,high,both,4.27,0.654,"S003/P0014 on 2022-09-03: units_sold=214, inventory=399, amount=Rs 26319.86 - unusual combination of units, price and stock"
30019,2022-10-28,S001,P0020,unusual_sales_activity,high,both,3.77,0.654,"S001/P0020 on 2022-10-28: units_sold=154, inventory=507, amount=Rs 23940.84 - unusual combination of units, price and stock"
42820,2023-03-05,S002,P0001,unusual_sales_activity,high,both,3.31,0.654,"S002/P0001 on 2023-03-05: units_sold=212, inventory=217, amount=Rs 21723.64 - 98% of stock sold at once"
50555,2023-05-21,S003,P0016,unusual_sales_activity,high,both,4.07,0.654,"S003/P0016 on 2023-05-21: units_sold=204, inventory=459, amount=Rs 25326.60 - unusual combination of units, price and stock"
53392,2023-06-18,S005,P0013,unusual_sales_activity,high,both,4.02,0.654,"S005/P0013 on 2023-06-18: units_sold=229, inventory=891, amount=Rs 25091.53 - unusual combination of units, price and stock"
53586,2023-06-20,S005,P0007,unusual_sales_activity,high,both,3.82,0.654,"S005/P0007 on 2023-06-20: units_sold=229, inventory=486, amount=Rs 24164.08 - unusual combination of units, price and stock"
53703,2023-06-22,S001,P0004,unusual_sales_activity,high,both,3.74,0.654,"S001/P0004 on 2023-06-22: units_sold=194, inventory=203, amount=Rs 23757.24 - 96% of stock sold at once"
55047,2023-07-05,S003,P0008,unusual_sales_activity,high,both,4.03,0.654,"S003/P0008 on 2023-07-05: units_sold=165, inventory=173, amount=Rs 25142.70 - 95% of stock sold at once"
58652,2023-08-10,S003,P0013,unusual_sales_activity,high,both,4.21,0.654,"S003/P0013 on 2023-08-10: units_sold=269, inventory=315, amount=Rs 26031.13 - unusual combination of units, price and stock"
63886,2023-10-01,S005,P0007,unusual_sales_activity,high,both,3.52,0.654,"S005/P0007 on 2023-10-01: units_sold=262, inventory=311, amount=Rs 22728.50 - unusual combination of units, price and stock"
66868,2023-10-31,S004,P0009,unusual_sales_activity,high,both,4.1,0.654,"S004/P0009 on 2023-10-31: units_sold=184, inventory=280, amount=Rs 25487.68 - unusual combination of units, price and stock"
70462,2023-12-06,S004,P0003,unusual_sales_activity,high,both,4.06,0.654,"S004/P0003 on 2023-12-06: units_sold=161, inventory=274, amount=Rs 25304.37 - unusual combination of units, price and stock"
74210,2024-01-13,S001,P0011,unusual_sales_activity,high,both,4.67,0.654,"S001/P0011 on 2024-01-13: units_sold=147, inventory=337, amount=Rs 28181.37 - unusual combination of units, price and stock"
450,2022-01-05,S003,P0011,unusual_sales_activity,high,both,5.4,0.653,"S003/P0011 on 2022-01-05: units_sold=243, inventory=503, amount=Rs 31665.33 - revenue Rs 31665.33 is >5x the average"
16054,2022-06-10,S003,P0015,unusual_sales_activity,high,both,5.07,0.653,"S003/P0015 on 2022-06-10: units_sold=226, inventory=312, amount=Rs 30107.72 - revenue Rs 30107.72 is >5x the average"
22111,2022-08-10,S001,P0012,unusual_sales_activity,high,both,3.36,0.653,"S001/P0012 on 2022-08-10: units_sold=177, inventory=177, amount=Rs 21979.86 - 100% of stock sold at once"
23610,2022-08-25,S001,P0011,unusual_sales_activity,high,both,4.94,0.653,"S001/P0011 on 2022-08-25: units_sold=133, inventory=387, amount=Rs 29490.09 - unusual combination of units, price and stock"
28191,2022-10-09,S005,P0012,unusual_sales_activity,high,both,3.67,0.653,"S005/P0012 on 2022-10-09: units_sold=154, inventory=185, amount=Rs 23441.88 - unusual combination of units, price and stock"
54154,2023-06-26,S003,P0015,unusual_sales_activity,high,both,4.1,0.653,"S003/P0015 on 2023-06-26: units_sold=217, inventory=955, amount=Rs 25484.48 - unusual combination of units, price and stock"
58933,2023-08-13,S002,P0014,unusual_sales_activity,high,both,3.76,0.653,"S002/P0014 on 2023-08-13: units_sold=190, inventory=413, amount=Rs 23865.90 - unusual combination of units, price and stock"
66588,2023-10-28,S005,P0009,unusual_sales_activity,high,both,3.7,0.653,"S005/P0009 on 2023-10-28: units_sold=222, inventory=524, amount=Rs 23571.96 - unusual combination of units, price and stock"
72293,2023-12-24,S005,P0014,unusual_sales_activity,high,both,4.44,0.653,"S005/P0014 on 2023-12-24: units_sold=149, inventory=268, amount=Rs 27125.45 - unusual combination of units, price and stock"
72947,2023-12-31,S003,P0008,unusual_sales_activity,high,both,4.17,0.653,"S003/P0008 on 2023-12-31: units_sold=185, inventory=234, amount=Rs 25814.90 - unusual combination of units, price and stock"
73747,2024-01-08,S003,P0008,unusual_sales_activity,high,both,4.79,0.653,"S003/P0008 on 2024-01-08: units_sold=189, inventory=385, amount=Rs 28780.92 - unusual combination of units, price and stock"
110,2022-01-02,S001,P0011,unusual_sales_activity,high,both,4.34,0.652,"S001/P0011 on 2022-01-02: units_sold=152, inventory=164, amount=Rs 26628.88 - 93% of stock sold at once"
428,2022-01-05,S002,P0009,unusual_sales_activity,high,both,3.14,0.652,"S002/P0009 on 2022-01-05: units_sold=243, inventory=279, amount=Rs 20917.44 - unusual combination of units, price and stock"
30954,2022-11-06,S003,P0015,unusual_sales_activity,high,both,3.31,0.652,"S003/P0015 on 2022-11-06: units_sold=193, inventory=395, amount=Rs 21729.87 - unusual combination of units, price and stock"
53720,2023-06-22,S002,P0001,unusual_sales_activity,high,both,3.03,0.652,"S002/P0001 on 2023-06-22: units_sold=226, inventory=631, amount=Rs 20391.98 - unusual combination of units, price and stock"
72433,2023-12-26,S002,P0014,unusual_sales_activity,high,both,5.34,0.652,"S002/P0014 on 2023-12-26: units_sold=202, inventory=300, amount=Rs 31376.66 - revenue Rs 31376.66 is >5x the average"
75347,2024-01-24,S003,P0008,unusual_sales_activity,high,both,4.27,0.652,"S003/P0008 on 2024-01-24: units_sold=218, inventory=374, amount=Rs 26312.60 - unusual combination of units, price and stock"
1150,2022-01-12,S003,P0011,unusual_sales_activity,high,both,4.78,0.651,"S003/P0011 on 2022-01-12: units_sold=162, inventory=162, amount=Rs 28732.32 - 100% of stock sold at once"
11568,2022-04-26,S004,P0009,unusual_sales_activity,high,both,3.33,0.651,"S004/P0009 on 2022-04-26: units_sold=158, inventory=158, amount=Rs 21834.02 - 100% of stock sold at once"
49850,2023-05-14,S003,P0011,unusual_sales_activity,high,both,4.77,0.651,"S003/P0011 on 2023-05-14: units_sold=171, inventory=345, amount=Rs 28688.67 - unusual combination of units, price and stock"
53157,2023-06-16,S003,P0018,unusual_sales_activity,high,both,4.48,0.651,"S003/P0018 on 2023-06-16: units_sold=154, inventory=735, amount=Rs 27279.56 - unusual combination of units, price and stock"
57047,2023-07-25,S003,P0008,unusual_sales_activity,high,both,3.85,0.651,"S003/P0008 on 2023-07-25: units_sold=165, inventory=165, amount=Rs 24306.15 - 100% of stock sold at once"
62857,2023-09-21,S003,P0018,unusual_sales_activity,high,both,3.71,0.651,"S003/P0018 on 2023-09-21: units_sold=149, inventory=571, amount=Rs 23613.52 - unusual combination of units, price and stock"
1854,2022-01-19,S003,P0015,unusual_sales_activity,high,both,3.46,0.65,"S003/P0015 on 2022-01-19: units_sold=175, inventory=545, amount=Rs 22450.75 - unusual combination of units, price and stock"
2330,2022-01-24,S002,P0011,unusual_sales_activity,high,both,3.58,0.65,"S002/P0011 on 2022-01-24: units_sold=214, inventory=431, amount=Rs 23019.98 - unusual combination of units, price and stock"
23854,2022-08-27,S003,P0015,unusual_sales_activity,high,both,3.73,0.65,"S003/P0015 on 2022-08-27: units_sold=206, inventory=1016, amount=Rs 23720.90 - unusual combination of units, price and stock"
28353,2022-10-11,S003,P0014,unusual_sales_activity,high,both,3.82,0.65,"S003/P0014 on 2022-10-11: units_sold=207, inventory=316, amount=Rs 24169.32 - unusual combination of units, price and stock"
44786,2023-03-24,S005,P0007,unusual_sales_activity,high,both,3.59,0.65,"S005/P0007 on 2023-03-24: units_sold=225, inventory=327, amount=Rs 23044.50 - unusual combination of units, price and stock"
69054,2023-11-22,S003,P0015,unusual_sales_activity,high,both,3.37,0.65,"S003/P0015 on 2023-11-22: units_sold=191, inventory=546, amount=Rs 22003.20 - unusual combination of units, price and stock"
856,2022-01-09,S003,P0017,unusual_sales_activity,high,both,3.25,0.649,"S003/P0017 on 2022-01-09: units_sold=179, inventory=621, amount=Rs 21431.67 - unusual combination of units, price and stock"
3330,2022-02-03,S002,P0011,unusual_sales_activity,high,both,3.91,0.649,"S002/P0011 on 2022-02-03: units_sold=205, inventory=392, amount=Rs 24567.20 - unusual combination of units, price and stock"
9013,2022-04-01,S001,P0014,unusual_sales_activity,high,both,3.16,0.649,"S001/P0014 on 2022-04-01: units_sold=217, inventory=466, amount=Rs 21033.81 - unusual combination of units, price and stock"
10193,2022-04-12,S005,P0014,unusual_sales_activity,high,both,4.12,0.649,"S005/P0014 on 2022-04-12: units_sold=154, inventory=325, amount=Rs 25599.42 - unusual combination of units, price and stock"
31733,2022-11-14,S002,P0014,unusual_sales_activity,high,both,3.29,0.649,"S002/P0014 on 2022-11-14: units_sold=146, inventory=1101, amount=Rs 21654.72 - unusual combination of units, price and stock"
56650,2023-07-21,S003,P0011,unusual_sales_activity,high,both,4.37,0.649,"S003/P0011 on 2023-07-21: units_sold=212, inventory=336, amount=Rs 26788.32 - unusual combination of units, price and stock"
58724,2023-08-11,S002,P0005,unusual_sales_activity,high,both,3.21,0.649,"S002/P0005 on 2023-08-11: units_sold=207, inventory=557, amount=Rs 21238.20 - unusual combination of units, price and stock"
59154,2023-08-15,S003,P0015,unusual_sales_activity,high,both,4.75,0.649,"S003/P0015 on 2023-08-15: units_sold=212, inventory=765, amount=Rs 28586.08 - unusual combination of units, price and stock"
61355,2023-09-06,S003,P0016,unusual_sales_activity,high,both,4.06,0.649,"S003/P0016 on 2023-09-06: units_sold=207, inventory=325, amount=Rs 25318.17 - unusual combination of units, price and stock"
71108,2023-12-13,S001,P0009,unusual_sales_activity,high,both,4.35,0.649,"S001/P0009 on 2023-12-13: units_sold=234, inventory=367, amount=Rs 26692.38 - unusual combination of units, price and stock"
7330,2022-03-15,S002,P0011,unusual_sales_activity,high,both,3.81,0.648,"S002/P0011 on 2022-03-15: units_sold=190, inventory=385, amount=Rs 24114.80 - unusual combination of units, price and stock"
9503,2022-04-06,S001,P0004,unusual_sales_activity,high,both,4.02,0.648,"S001/P0004 on 2022-04-06: units_sold=219, inventory=322, amount=Rs 25106.16 - unusual combination of units, price and stock"
10324,2022-04-14,S002,P0005,unusual_sales_activity,high,both,3.22,0.648,"S002/P0005 on 2022-04-14: units_sold=198, inventory=514, amount=Rs 21292.92 - unusual combination of units, price and stock"
25773,2022-09-15,S004,P0014,unusual_sales_activity,high,both,4.0,0.648,"S004/P0014 on 2022-09-15: units_sold=132, inventory=132, amount=Rs 25031.16 - 100% of stock sold at once"
28438,2022-10-12,S002,P0019,unusual_sales_activity,high,both,3.39,0.648,"S002/P0019 on 2022-10-12: units_sold=176, inventory=290, amount=Rs 22126.72 - unusual combination of units, price and stock"
34847,2022-12-15,S003,P0008,unusual_sales_activity,high,both,4.4,0.648,"S003/P0008 on 2022-12-15: units_sold=194, inventory=288, amount=Rs 26936.90 - unusual combination of units, price and stock"
35788,2022-12-24,S005,P0009,unusual_sales_activity,high,both,4.05,0.648,"S005/P0009 on 2022-12-24: units_sold=232, inventory=232, amount=Rs 25246.24 - 100% of stock sold at once"
57133,2023-07-26,S002,P0014,unusual_sales_activity,high,both,3.7,0.648,"S002/P0014 on 2023-07-26: units_sold=181, inventory=518, amount=Rs 23566.20 - unusual combination of units, price and stock"
59252,2023-08-16,S003,P0013,unusual_sales_activity,high,both,4.13,0.648,"S003/P0013 on 2023-08-16: units_sold=252, inventory=611, amount=Rs 25618.32 - unusual combination of units, price and stock"
62255,2023-09-15,S003,P0016,unusual_sales_activity,high,both,4.05,0.648,"S003/P0016 on 2023-09-15: units_sold=209, inventory=298, amount=Rs 25274.37 - unusual combination of units, price and stock"
3276,2022-02-02,S004,P0017,unusual_sales_activity,high,both,4.25,0.647,"S004/P0017 on 2022-02-02: units_sold=202, inventory=202, amount=Rs 26193.34 - 100% of stock sold at once"
21188,2022-07-31,S005,P0009,unusual_sales_activity,high,both,3.83,0.647,"S005/P0009 on 2022-07-31: units_sold=212, inventory=953, amount=Rs 24193.44 - unusual combination of units, price and stock"
22013,2022-08-09,S001,P0014,unusual_sales_activity,high,both,3.26,0.647,"S001/P0014 on 2022-08-09: units_sold=204, inventory=568, amount=Rs 21473.04 - unusual combination of units, price and stock"
30920,2022-11-06,S002,P0001,unusual_sales_activity,high,both,3.37,0.647,"S002/P0001 on 2022-11-06: units_sold=222, inventory=521, amount=Rs 22017.96 - unusual combination of units, price and stock"
35450,2022-12-21,S003,P0011,unusual_sales_activity,high,both,4.58,0.647,"S003/P0011 on 2022-12-21: units_sold=184, inventory=302, amount=Rs 27774.80 - unusual combination of units, price and stock"
39947,2023-02-04,S003,P0008,unusual_sales_activity,high,both,3.28,0.647,"S003/P0008 on 2023-02-04: units_sold=152, inventory=152, amount=Rs 21612.88 - 100% of stock sold at once"
42473,2023-03-01,S004,P0014,unusual_sales_activity,high,both,4.14,0.647,"S004/P0014 on 2023-03-01: units_sold=140, inventory=140, amount=Rs 25691.40 - 100% of stock sold at once"
44693,2023-03-23,S005,P0014,unusual_sales_activity,high,both,4.52,0.647,"S005/P0014 on 2023-03-23: units_sold=137, inventory=263, amount=Rs 27504.12 - unusual combination of units, price and stock"
53653,2023-06-21,S003,P0014,unusual_sales_activity,high,both,3.57,0.647,"S003/P0014 on 2023-06-21: units_sold=228, inventory=439, amount=Rs 22989.24 - unusual combination of units, price and stock"
60130,2023-08-25,S002,P0011,unusual_sales_activity,high,both,3.75,0.647,"S002/P0011 on 2023-08-25: units_sold=180, inventory=483, amount=Rs 23835.60 - unusual combination of units, price and stock"
62956,2023-09-22,S003,P0017,unusual_sales_activity,high,both,3.81,0.647,"S003/P0017 on 2023-09-22: units_sold=164, inventory=537, amount=Rs 24112.92 - unusual combination of units, price and stock"
8489,2022-03-26,S005,P0010,unusual_sales_activity,high,both,3.1,0.646,"S005/P0010 on 2022-03-26: units_sold=266, inventory=911, amount=Rs 20721.40 - unusual combination of units, price and stock"
9157,2022-04-02,S003,P0018,unusual_sales_activity,high,both,3.7,0.646,"S003/P0018 on 2022-04-02: units_sold=175, inventory=573, amount=Rs 23584.75 - unusual combination of units, price and stock"
28086,2022-10-08,S005,P0007,unusual_sales_activity,high,both,3.83,0.646,"S005/P0007 on 2022-10-08: units_sold=230, inventory=364, amount=Rs 24223.60 - unusual combination of units, price and stock"
31020,2022-11-07,S002,P0001,unusual_sales_activity,high,both,4.06,0.646,"S002/P0001 on 2022-11-07: units_sold=244, inventory=299, amount=Rs 25285.72 - unusual combination of units, price and stock"
34130,2022-12-08,S002,P0011,unusual_sales_activity,high,both,4.24,0.646,"S002/P0011 on 2022-12-08: units_sold=212, inventory=784, amount=Rs 26156.56 - unusual combination of units, price and stock"
37950,2023-01-15,S003,P0011,unusual_sales_activity,high,both,4.24,0.646,"S003/P0011 on 2023-01-15: units_sold=198, inventory=290, amount=Rs 26171.64 - unusual combination of units, price and stock"
52247,2023-06-07,S003,P0008,unusual_sales_activity,high,both,3.8,0.646,"S003/P0008 on 2023-06-07: units_sold=198, inventory=198, amount=Rs 24066.90 - 100% of stock sold at once"
52275,2023-06-07,S004,P0016,unusual_sales_activity,high,both,3.33,0.646,"S004/P0016 on 2023-06-07: units_sold=184, inventory=193, amount=Rs 21822.40 - 95% of stock sold at once"
55128,2023-07-06,S002,P0009,unusual_sales_activity,high,both,3.26,0.646,"S002/P0009 on 2023-07-06: units_sold=238, inventory=599, amount=Rs 21498.54 - unusual combination of units, price and stock"
70135,2023-12-03,S002,P0016,unusual_sales_activity,high,both,4.36,0.646,"S002/P0016 on 2023-12-03: units_sold=245, inventory=454, amount=Rs 26707.45 - unusual combination of units, price and stock"
2820,2022-01-29,S002,P0001,unusual_sales_activity,high,both,3.56,0.645,"S002/P0001 on 2022-01-29: units_sold=211, inventory=533, amount=Rs 22925.15 - unusual combination of units, price and stock"
4059,2022-02-10,S003,P0020,unusual_sales_activity,high,both,3.13,0.645,"S003/P0020 on 2022-02-10: units_sold=217, inventory=466, amount=Rs 20868.89 - unusual combination of units, price and stock"
6553,2022-03-07,S003,P0014,unusual_sales_activity,high,both,3.63,0.645,"S003/P0014 on 2022-03-07: units_sold=199, inventory=303, amount=Rs 23233.25 - unusual combination of units, price and stock"
25192,2022-09-09,S005,P0013,unusual_sales_activity,high,both,3.21,0.645,"S005/P0013 on 2022-09-09: units_sold=237, inventory=510, amount=Rs 21273.12 - unusual combination of units, price and stock"
39150,2023-01-27,S003,P0011,unusual_sales_activity,high,both,4.27,0.645,"S003/P0011 on 2023-01-27: units_sold=194, inventory=376, amount=Rs 26277.30 - unusual combination of units, price and stock"
54922,2023-07-04,S002,P0003,unusual_sales_activity,high,both,3.4,0.645,"S002/P0003 on 2023-07-04: units_sold=192, inventory=586, amount=Rs 22172.16 - unusual combination of units, price and stock"
55213,2023-07-07,S001,P0014,unusual_sales_activity,high,both,4.17,0.645,"S001/P0014 on 2023-07-07: units_sold=252, inventory=428, amount=Rs 25830.00 - unusual combination of units, price and stock"
72538,2023-12-27,S002,P0019,unusual_sales_activity,high,both,3.32,0.645,"S002/P0019 on 2023-12-27: units_sold=176, inventory=420, amount=Rs 21771.20 - unusual combination of units, price and stock"
3374,2022-02-03,S004,P0015,unusual_sales_activity,high,both,3.11,0.644,"S004/P0015 on 2022-02-03: units_sold=195, inventory=202, amount=Rs 20804.55 - 97% of stock sold at once"
6088,2022-03-02,S005,P0009,unusual_sales_activity,high,both,3.7,0.644,"S005/P0009 on 2022-03-02: units_sold=194, inventory=519, amount=Rs 23582.64 - unusual combination of units, price and stock"
57210,2023-07-27,S001,P0011,unusual_sales_activity,high,both,4.13,0.644,"S001/P0011 on 2023-07-27: units_sold=137, inventory=290, amount=Rs 25646.40 - unusual combination of units, price and stock"
67020,2023-11-02,S002,P0001,unusual_sales_activity,high,both,4.58,0.644,"S002/P0001 on 2023-11-02: units_sold=244, inventory=468, amount=Rs 27774.52 - unusual combination of units, price and stock"
2286,2022-01-23,S005,P0007,unusual_sales_activity,high,both,3.41,0.643,"S005/P0007 on 2022-01-23: units_sold=208, inventory=360, amount=Rs 22220.64 - unusual combination of units, price and stock"
2850,2022-01-29,S003,P0011,unusual_sales_activity,high,both,4.48,0.643,"S003/P0011 on 2022-01-29: units_sold=166, inventory=405, amount=Rs 27313.64 - unusual combination of units, price and stock"
5147,2022-02-21,S003,P0008,unusual_sales_activity,high,both,3.95,0.643,"S003/P0008 on 2022-02-21: units_sold=202, inventory=225, amount=Rs 24775.30 - unusual combination of units, price and stock"
7333,2022-03-15,S002,P0014,unusual_sales_activity,high,both,3.3,0.643,"S002/P0014 on 2022-03-15: units_sold=148, inventory=246, amount=Rs 21707.16 - unusual combination of units, price and stock"
20693,2022-07-26,S005,P0014,unusual_sales_activity,high,both,4.34,0.643,"S005/P0014 on 2022-07-26: units_sold=144, inventory=273, amount=Rs 26652.96 - unusual combination of units, price and stock"
21073,2022-07-30,S004,P0014,unusual_sales_activity,high,both,4.33,0.643,"S004/P0014 on 2022-07-30: units_sold=142, inventory=142, amount=Rs 26569.62 - 100% of stock sold at once"
26268,2022-09-20,S004,P0009,unusual_sales_activity,high,both,3.5,0.643,"S004/P0009 on 2022-09-20: units_sold=144, inventory=547, amount=Rs 22632.48 - unusual combination of units, price and stock"
32388,2022-11-20,S005,P0009,unusual_sales_activity,high,both,3.44,0.643,"S005/P0009 on 2022-11-20: units_sold=191, inventory=554, amount=Rs 22348.91 - unusual combination of units, price and stock"
35933,2022-12-26,S002,P0014,unusual_sales_activity,high,both,3.58,0.643,"S002/P0014 on 2022-12-26: units_sold=160, inventory=521, amount=Rs 23035.20 - unusual combination of units, price and stock"
52854,2023-06-13,S003,P0015,unusual_sales_activity,high,both,5.25,0.643,"S003/P0015 on 2023-06-13: units_sold=231, inventory=462, amount=Rs 30958.62 - revenue Rs 30958.62 is >5x the average"
61288,2023-09-05,S005,P0009,unusual_sales_activity,high,both,3.54,0.643,"S005/P0009 on 2023-09-05: units_sold=209, inventory=502, amount=Rs 22814.44 - unusual combination of units, price and stock"
64273,2023-10-05,S004,P0014,unusual_sales_activity,high,both,4.08,0.643,"S004/P0014 on 2023-10-05: units_sold=121, inventory=304, amount=Rs 25397.90 - unusual combination of units, price and stock"
70422,2023-12-06,S002,P0003,unusual_sales_activity,high,both,3.0,0.643,"S002/P0003 on 2023-12-06: units_sold=213, inventory=610, amount=Rs 20271.21 - unusual combination of units, price and stock"
368,2022-01-04,S004,P0009,unusual_sales_activity,high,both,4.82,0.642,"S004/P0009 on 2022-01-04: units_sold=201, inventory=299, amount=Rs 28901.79 - unusual combination of units, price and stock"
3233,2022-02-02,S002,P0014,unusual_sales_activity,high,both,3.5,0.642,"S002/P0014 on 2022-02-02: units_sold=156, inventory=575, amount=Rs 22640.28 - unusual combination of units, price and stock"
15533,2022-06-05,S002,P0014,unusual_sales_activity,high,both,4.09,0.642,"S002/P0014 on 2022-06-05: units_sold=181, inventory=807, amount=Rs 25466.70 - unusual combination of units, price and stock"
16910,2022-06-19,S001,P0011,unusual_sales_activity,high,both,4.31,0.642,"S001/P0011 on 2022-06-19: units_sold=149, inventory=342, amount=Rs 26508.59 - unusual combination of units, price and stock"
23913,2022-08-28,S001,P0014,unusual_sales_activity,high,both,3.29,0.642,"S001/P0014 on 2022-08-28: units_sold=233, inventory=364, amount=Rs 21622.40 - unusual combination of units, price and stock"
24647,2022-09-04,S003,P0008,unusual_sales_activity,high,both,4.1,0.642,"S003/P0008 on 2022-09-04: units_sold=183, inventory=212, amount=Rs 25479.09 - unusual combination of units, price and stock"
27430,2022-10-02,S002,P0011,unusual_sales_activity,high,both,3.44,0.642,"S002/P0011 on 2022-10-02: units_sold=223, inventory=494, amount=Rs 22328.99 - unusual combination of units, price and stock"
28733,2022-10-15,S002,P0014,unusual_sales_activity,high,both,3.37,0.642,"S002/P0014 on 2022-10-15: units_sold=156, inventory=581, amount=Rs 22014.72 - unusual combination of units, price and stock"
35433,2022-12-21,S002,P0014,unusual_sales_activity,high,both,3.84,0.642,"S002/P0014 on 2022-12-21: units_sold=180, inventory=513, amount=Rs 24255.00 - unusual combination of units, price and stock"
37513,2023-01-11,S001,P0014,unusual_sales_activity,high,both,3.27,0.642,"S001/P0014 on 2023-01-11: units_sold=223, inventory=587, amount=Rs 21535.11 - unusual combination of units, price and stock"
37557,2023-01-11,S003,P0018,unusual_sales_activity,high,both,3.75,0.642,"S003/P0018 on 2023-01-11: units_sold=156, inventory=229, amount=Rs 23844.60 - unusual combination of units, price and stock"
61888,2023-09-11,S005,P0009,unusual_sales_activity,high,both,3.45,0.642,"S005/P0009 on 2023-09-11: units_sold=198, inventory=342, amount=Rs 22383.90 - unusual combination of units, price and stock"
63010,2023-09-23,S001,P0011,unusual_sales_activity,high,both,4.02,0.642,"S001/P0011 on 2023-09-23: units_sold=131, inventory=319, amount=Rs 25103.53 - unusual combination of units, price and stock"
71711,2023-12-19,S001,P0012,unusual_sales_activity,high,both,3.49,0.642,"S001/P0012 on 2023-12-19: units_sold=208, inventory=440, amount=Rs 22568.00 - unusual combination of units, price and stock"
74954,2024-01-20,S003,P0015,unusual_sales_activity,high,both,3.59,0.642,"S003/P0015 on 2024-01-20: units_sold=179, inventory=999, amount=Rs 23058.78 - unusual combination of units, price and stock"
1953,2022-01-20,S003,P0014,unusual_sales_activity,high,both,3.53,0.641,"S003/P0014 on 2022-01-20: units_sold=203, inventory=522, amount=Rs 22770.51 - unusual combination of units, price and stock"
3308,2022-02-03,S001,P0009,unusual_sales_activity,high,both,3.87,0.641,"S001/P0009 on 2022-02-03: units_sold=216, inventory=216, amount=Rs 24379.92 - 100% of stock sold at once"
3547,2022-02-05,S003,P0008,unusual_sales_activity,high,both,4.32,0.641,"S003/P0008 on 2022-02-05: units_sold=183, inventory=386, amount=Rs 26553.30 - unusual combination of units, price and stock"
4210,2022-02-12,S001,P0011,unusual_sales_activity,high,both,5.37,0.641,"S001/P0011 on 2022-02-12: units_sold=160, inventory=407, amount=Rs 31534.40 - revenue Rs 31534.40 is >5x the average"
5924,2022-03-01,S002,P0005,unusual_sales_activity,high,both,3.47,0.641,"S002/P0005 on 2022-03-01: units_sold=204, inventory=541, amount=Rs 22499.16 - unusual combination of units, price and stock"
5993,2022-03-01,S005,P0014,unusual_sales_activity,high,both,3.63,0.641,"S005/P0014 on 2022-03-01: units_sold=124, inventory=395, amount=Rs 23274.80 - unusual combination of units, price and stock"
8033,2022-03-22,S002,P0014,unusual_sales_activity,high,both,3.88,0.641,"S002/P0014 on 2022-03-22: units_sold=188, inventory=954, amount=Rs 24436.24 - unusual combination of units, price and stock"
8922,2022-03-31,S002,P0003,unusual_sales_activity,high,both,3.37,0.641,"S002/P0003 on 2022-03-31: units_sold=213, inventory=359, amount=Rs 22024.20 - unusual combination of units, price and stock"
15720,2022-06-07,S002,P0001,unusual_sales_activity,high,both,3.43,0.641,"S002/P0001 on 2022-06-07: units_sold=216, inventory=554, amount=Rs 22293.36 - unusual combination of units, price and stock"
21068,2022-07-30,S004,P0009,unusual_sales_activity,high,both,3.14,0.641,"S004/P0009 on 2022-07-30: units_sold=135, inventory=646, amount=Rs 20939.85 - unusual combination of units, price and stock"
22922,2022-08-18,S002,P0003,unusual_sales_activity,high,both,3.21,0.641,"S002/P0003 on 2022-08-18: units_sold=197, inventory=598, amount=Rs 21246.45 - unusual combination of units, price and stock"
22971,2022-08-18,S004,P0012,unusual_sales_activity,high,both,4.32,0.641,"S004/P0012 on 2022-08-18: units_sold=191, inventory=194, amount=Rs 26514.62 - 98% of stock sold at once"
23930,2022-08-28,S002,P0011,unusual_sales_activity,high,both,5.28,0.641,"S002/P0011 on 2022-08-28: units_sold=226, inventory=459, amount=Rs 31102.12 - revenue Rs 31102.12 is >5x the average"
32271,2022-11-19,S004,P0012,unusual_sales_activity,high,both,4.27,0.641,"S004/P0012 on 2022-11-19: units_sold=198, inventory=206, amount=Rs 26294.40 - 96% of stock sold at once"
43586,2023-03-12,S005,P0007,unusual_sales_activity,high,both,3.38,0.641,"S005/P0007 on 2023-03-12: units_sold=241, inventory=272, amount=Rs 22087.65 - unusual combination of units, price and stock"
52688,2023-06-11,S005,P0009,unusual_sales_activity,high,both,3.89,0.641,"S005/P0009 on 2023-06-11: units_sold=189, inventory=951, amount=Rs 24507.63 - unusual combination of units, price and stock"
55386,2023-07-08,S005,P0007,unusual_sales_activity,high,both,3.1,0.641,"S005/P0007 on 2023-07-08: units_sold=185, inventory=185, amount=Rs 20716.30 - 100% of stock sold at once"
68854,2023-11-20,S003,P0015,unusual_sales_activity,high,both,4.21,0.641,"S003/P0015 on 2023-11-20: units_sold=236, inventory=352, amount=Rs 26026.08 - unusual combination of units, price and stock"
13268,2022-05-13,S004,P0009,unusual_sales_activity,high,both,3.1,0.64,"S004/P0009 on 2022-05-13: units_sold=177, inventory=177, amount=Rs 20716.08 - 100% of stock sold at once"
26447,2022-09-22,S003,P0008,unusual_sales_activity,high,both,3.81,0.64,"S003/P0008 on 2022-09-22: units_sold=198, inventory=237, amount=Rs 24134.22 - unusual combination of units, price and stock"
31673,2022-11-13,S004,P0014,unusual_sales_activity,high,both,4.04,0.64,"S004/P0014 on 2022-11-13: units_sold=140, inventory=249, amount=Rs 25193.00 - unusual combination of units, price and stock"
34710,2022-12-14,S001,P0011,unusual_sales_activity,high,both,4.04,0.64,"S001/P0011 on 2022-12-14: units_sold=152, inventory=167, amount=Rs 25206.16 - 91% of stock sold at once"
36220,2022-12-29,S002,P0001,unusual_sales_activity,high,both,3.51,0.64,"S002/P0001 on 2022-12-29: units_sold=223, inventory=816, amount=Rs 22694.71 - unusual combination of units, price and stock"
37254,2023-01-08,S003,P0015,unusual_sales_activity,high,both,3.24,0.64,"S003/P0015 on 2023-01-08: units_sold=178, inventory=558, amount=Rs 21399.16 - unusual combination of units, price and stock"
53086,2023-06-15,S005,P0007,unusual_sales_activity,high,both,3.53,0.64,"S005/P0007 on 2023-06-15: units_sold=217, inventory=324, amount=Rs 22798.02 - unusual combination of units, price and stock"
58810,2023-08-12,S001,P0011,unusual_sales_activity,high,both,4.6,0.64,"S001/P0011 on 2023-08-12: units_sold=143, inventory=285, amount=Rs 27885.00 - unusual combination of units, price and stock"
59247,2023-08-16,S003,P0008,unusual_sales_activity,high,both,4.13,0.64,"S003/P0008 on 2023-08-16: units_sold=195, inventory=375, amount=Rs 25646.40 - unusual combination of units, price and stock"
64239,2023-10-05,S002,P0020,unusual_sales_activity,high,both,3.92,0.64,"S002/P0020 on 2023-10-05: units_sold=170, inventory=198, amount=Rs 24629.60 - unusual combination of units, price and stock"
69593,2023-11-27,S005,P0014,unusual_sales_activity,high,both,4.02,0.64,"S005/P0014 on 2023-11-27: units_sold=132, inventory=267, amount=Rs 25131.48 - unusual combination of units, price and stock"
75053,2024-01-21,S003,P0014,unusual_sales_activity,high,both,3.31,0.64,"S003/P0014 on 2024-01-21: units_sold=182, inventory=590, amount=Rs 21747.18 - unusual combination of units, price and stock"
20611,2022-07-26,S001,P0012,unusual_sales_activity,high,both,3.07,0.639,"S001/P0012 on 2022-07-26: units_sold=171, inventory=171, amount=Rs 20602.08 - 100% of stock sold at once"
22320,2022-08-12,S002,P0001,unusual_sales_activity,high,both,3.59,0.639,"S002/P0001 on 2022-08-12: units_sold=248, inventory=281, amount=Rs 23073.92 - unusual combination of units, price and stock"
30530,2022-11-02,S002,P0011,unusual_sales_activity,high,both,3.58,0.639,"S002/P0011 on 2022-11-02: units_sold=186, inventory=299, amount=Rs 23023.08 - unusual combination of units, price and stock"
31955,2022-11-16,S003,P0016,unusual_sales_activity,high,both,4.16,0.639,"S003/P0016 on 2022-11-16: units_sold=202, inventory=202, amount=Rs 25761.06 - 100% of stock sold at once"
32274,2022-11-19,S004,P0015,unusual_sales_activity,high,both,3.42,0.639,"S004/P0015 on 2022-11-19: units_sold=192, inventory=277, amount=Rs 22241.28 - unusual combination of units, price and stock"
36847,2023-01-04,S003,P0008,unusual_sales_activity,high,both,3.77,0.639,"S003/P0008 on 2023-01-04: units_sold=196, inventory=316, amount=Rs 23912.00 - unusual combination of units, price and stock"
45539,2023-04-01,S002,P0020,unusual_sales_activity,high,both,3.7,0.639,"S002/P0020 on 2023-04-01: units_sold=169, inventory=348, amount=Rs 23607.61 - unusual combination of units, price and stock"
57198,2023-07-26,S005,P0019,unusual_sales_activity,high,both,4.07,0.639,"S005/P0019 on 2023-07-26: units_sold=140, inventory=210, amount=Rs 25340.00 - unusual combination of units, price and stock"
67256,2023-11-04,S003,P0017,unusual_sales_activity,high,both,3.38,0.639,"S003/P0017 on 2023-11-04: units_sold=175, inventory=289, amount=Rs 22048.25 - unusual combination of units, price and stock"
71454,2023-12-16,S003,P0015,unusual_sales_activity,high,both,3.11,0.639,"S003/P0015 on 2023-12-16: units_sold=181, inventory=335, amount=Rs 20786.04 - unusual combination of units, price and stock"
74992,2024-01-20,S005,P0013,unusual_sales_activity,high,both,3.47,0.639,"S005/P0013 on 2024-01-20: units_sold=223, inventory=857, amount=Rs 22491.78 - unusual combination of units, price and stock"
4655,2022-02-16,S003,P0016,unusual_sales_activity,high,both,3.76,0.638,"S003/P0016 on 2022-02-16: units_sold=196, inventory=803, amount=Rs 23874.76 - unusual combination of units, price and stock"
6388,2022-03-05,S005,P0009,unusual_sales_activity,high,both,3.86,0.638,"S005/P0009 on 2022-03-05: units_sold=205, inventory=817, amount=Rs 24329.40 - unusual combination of units, price and stock"
7888,2022-03-20,S005,P0009,unusual_sales_activity,high,both,3.66,0.638,"S005/P0009 on 2022-03-20: units_sold=202, inventory=474, amount=Rs 23415.84 - unusual combination of units, price and stock"
10350,2022-04-14,S003,P0011,unusual_sales_activity,high,both,5.09,0.638,"S003/P0011 on 2022-04-14: units_sold=211, inventory=509, amount=Rs 30198.32 - revenue Rs 30198.32 is >5x the average"
17750,2022-06-27,S003,P0011,unusual_sales_activity,high,both,4.05,0.638,"S003/P0011 on 2022-06-27: units_sold=182, inventory=326, amount=Rs 25241.58 - unusual combination of units, price and stock"
26720,2022-09-25,S002,P0001,unusual_sales_activity,high,both,3.07,0.638,"S002/P0001 on 2022-09-25: units_sold=228, inventory=444, amount=Rs 20581.56 - unusual combination of units, price and stock"
53773,2023-06-22,S004,P0014,unusual_sales_activity,high,both,3.97,0.638,"S004/P0014 on 2023-06-22: units_sold=138, inventory=227, amount=Rs 24856.56 - unusual combination of units, price and stock"
60052,2023-08-24,S003,P0013,unusual_sales_activity,high,both,3.93,0.638,"S003/P0013 on 2023-08-24: units_sold=236, inventory=339, amount=Rs 24680.88 - unusual combination of units, price and stock"
3868,2022-02-08,S004,P0009,unusual_sales_activity,high,both,3.2,0.637,"S004/P0009 on 2022-02-08: units_sold=133, inventory=565, amount=Rs 21224.14 - unusual combination of units, price and stock"
23950,2022-08-28,S003,P0011,unusual_sales_activity,high,both,3.97,0.637,"S003/P0011 on 2022-08-28: units_sold=162, inventory=237, amount=Rs 24860.52 - unusual combination of units, price and stock"
36853,2023-01-04,S003,P0014,unusual_sales_activity,high,both,3.57,0.637,"S003/P0014 on 2023-01-04: units_sold=206, inventory=396, amount=Rs 22993.72 - unusual combination of units, price and stock"
51050,2023-05-26,S003,P0011,unusual_sales_activity,high,both,3.39,0.637,"S003/P0011 on 2023-05-26: units_sold=156, inventory=156, amount=Rs 22095.84 - 100% of stock sold at once"
55354,2023-07-08,S003,P0015,unusual_sales_activity,high,both,3.7,0.637,"S003/P0015 on 2023-07-08: units_sold=206, inventory=824, amount=Rs 23605.54 - unusual combination of units, price and stock"
70368,2023-12-05,S004,P0009,unusual_sales_activity,high,both,3.07,0.637,"S004/P0009 on 2023-12-05: units_sold=141, inventory=141, amount=Rs 20614.20 - 100% of stock sold at once"
2333,2022-01-24,S002,P0014,unusual_sales_activity,high,both,3.83,0.636,"S002/P0014 on 2022-01-24: units_sold=175, inventory=855, amount=Rs 24213.00 - unusual combination of units, price and stock"
5755,2022-02-27,S003,P0016,unusual_sales_activity,high,both,3.52,0.636,"S003/P0016 on 2022-02-27: units_sold=214, inventory=330, amount=Rs 22739.64 - unusual combination of units, price and stock"
43530,2023-03-12,S002,P0011,unusual_sales_activity,high,both,3.13,0.636,"S002/P0011 on 2023-03-12: units_sold=188, inventory=296, amount=Rs 20877.40 - unusual combination of units, price and stock"
50010,2023-05-16,S001,P0011,unusual_sales_activity,high,both,4.37,0.636,"S001/P0011 on 2023-05-16: units_sold=141, inventory=175, amount=Rs 26771.67 - unusual combination of units, price and stock"
60073,2023-08-24,S004,P0014,unusual_sales_activity,high,both,5.59,0.636,"S004/P0014 on 2023-08-24: units_sold=151, inventory=386, amount=Rs 32597.88 - revenue Rs 32597.88 is >5x the average"
62533,2023-09-18,S002,P0014,unusual_sales_activity,high,both,3.33,0.636,"S002/P0014 on 2023-09-18: units_sold=170, inventory=322, amount=Rs 21851.80 - unusual combination of units, price and stock"
64373,2023-10-06,S004,P0014,unusual_sales_activity,high,both,4.45,0.636,"S004/P0014 on 2023-10-06: units_sold=150, inventory=183, amount=Rs 27166.50 - unusual combination of units, price and stock"
71159,2023-12-13,S003,P0020,unusual_sales_activity,high,both,3.01,0.636,"S003/P0020 on 2023-12-13: units_sold=203, inventory=544, amount=Rs 20316.24 - unusual combination of units, price and stock"
1155,2022-01-12,S003,P0016,unusual_sales_activity,high,both,4.14,0.635,"S003/P0016 on 2022-01-12: units_sold=213, inventory=250, amount=Rs 25700.58 - unusual combination of units, price and stock"
2076,2022-01-21,S004,P0017,unusual_sales_activity,high,both,3.42,0.635,"S004/P0017 on 2022-01-21: units_sold=220, inventory=220, amount=Rs 22250.80 - 100% of stock sold at once"
14879,2022-05-29,S004,P0020,unusual_sales_activity,high,both,4.45,0.635,"S004/P0020 on 2022-05-29: units_sold=165, inventory=351, amount=Rs 27172.20 - unusual combination of units, price and stock"
16853,2022-06-18,S003,P0014,unusual_sales_activity,high,both,3.37,0.635,"S003/P0014 on 2022-06-18: units_sold=199, inventory=607, amount=Rs 22017.36 - unusual combination of units, price and stock"
32193,2022-11-18,S005,P0014,unusual_sales_activity,high,both,3.79,0.635,"S005/P0014 on 2022-11-18: units_sold=125, inventory=685, amount=Rs 24007.50 - unusual combination of units, price and stock"
54424,2023-06-29,S002,P0005,unusual_sales_activity,high,both,3.09,0.635,"S002/P0005 on 2023-06-29: units_sold=185, inventory=699, amount=Rs 20701.50 - unusual combination of units, price and stock"
70308,2023-12-05,S001,P0009,unusual_sales_activity,high,both,3.85,0.635,"S001/P0009 on 2023-12-05: units_sold=212, inventory=226, amount=Rs 24297.32 - 94% of stock sold at once"
7942,2022-03-21,S003,P0003,unusual_sales_activity,high,both,3.37,0.634,"S003/P0003 on 2022-03-21: units_sold=212, inventory=212, amount=Rs 21999.24 - 100% of stock sold at once"
10650,2022-04-17,S003,P0011,unusual_sales_activity,high,both,4.17,0.634,"S003/P0011 on 2022-04-17: units_sold=179, inventory=311, amount=Rs 25817.17 - unusual combination of units, price and stock"
15033,2022-05-31,S002,P0014,unusual_sales_activity,high,both,3.04,0.634,"S002/P0014 on 2022-05-31: units_sold=142, inventory=185, amount=Rs 20453.68 - unusual combination of units, price and stock"
31293,2022-11-09,S005,P0014,unusual_sales_activity,high,both,3.94,0.634,"S005/P0014 on 2022-11-09: units_sold=127, inventory=427, amount=Rs 24712.93 - unusual combination of units, price and stock"
31473,2022-11-11,S004,P0014,unusual_sales_activity,high,both,3.58,0.634,"S004/P0014 on 2022-11-11: units_sold=129, inventory=132, amount=Rs 23021.34 - 98% of stock sold at once"
37133,2023-01-07,S002,P0014,unusual_sales_activity,high,both,3.55,0.634,"S002/P0014 on 2023-01-07: units_sold=173, inventory=492, amount=Rs 22870.60 - unusual combination of units, price and stock"
61193,2023-09-04,S005,P0014,unusual_sales_activity,high,both,4.36,0.634,"S005/P0014 on 2023-09-04: units_sold=157, inventory=382, amount=Rs 26729.25 - unusual combination of units, price and stock"
14468,2022-05-25,S004,P0009,unusual_sales_activity,high,both,3.43,0.633,"S004/P0009 on 2022-05-25: units_sold=201, inventory=394, amount=Rs 22288.89 - unusual combination of units, price and stock"
20675,2022-07-26,S004,P0016,unusual_sales_activity,high,both,3.67,0.633,"S004/P0016 on 2022-07-26: units_sold=169, inventory=188, amount=Rs 23436.92 - unusual combination of units, price and stock"
21730,2022-08-06,S002,P0011,unusual_sales_activity,high,both,3.93,0.633,"S002/P0011 on 2022-08-06: units_sold=190, inventory=764, amount=Rs 24673.40 - unusual combination of units, price and stock"
37547,2023-01-11,S003,P0008,unusual_sales_activity,high,both,3.66,0.633,"S003/P0008 on 2023-01-11: units_sold=165, inventory=165, amount=Rs 23392.05 - 100% of stock sold at once"
52673,2023-06-11,S004,P0014,unusual_sales_activity,high,both,4.3,0.633,"S004/P0014 on 2023-06-11: units_sold=132, inventory=148, amount=Rs 26454.12 - unusual combination of units, price and stock"
52909,2023-06-14,S001,P0010,unusual_sales_activity,high,both,3.62,0.633,"S001/P0010 on 2023-06-14: units_sold=144, inventory=499, amount=Rs 23198.40 - unusual combination of units, price and stock"
53254,2023-06-17,S003,P0015,unusual_sales_activity,high,both,4.14,0.633,"S003/P0015 on 2023-06-17: units_sold=183, inventory=183, amount=Rs 25687.71 - 100% of stock sold at once"
55788,2023-07-12,S005,P0009,unusual_sales_activity,high,both,3.83,0.633,"S005/P0009 on 2023-07-12: units_sold=200, inventory=770, amount=Rs 24204.00 - unusual combination of units, price and stock"
71968,2023-12-21,S004,P0009,unusual_sales_activity,high,both,4.0,0.633,"S004/P0009 on 2023-12-21: units_sold=187, inventory=402, amount=Rs 24992.55 - unusual combination of units, price and stock"
5304,2022-02-23,S001,P0005,unusual_sales_activity,high,both,3.19,0.632,"S001/P0005 on 2022-02-23: units_sold=277, inventory=525, amount=Rs 21173.88 - unusual combination of units, price and stock"
22009,2022-08-09,S001,P0010,unusual_sales_activity,high,both,3.65,0.632,"S001/P0010 on 2022-08-09: units_sold=161, inventory=428, amount=Rs 23338.56 - unusual combination of units, price and stock"
30539,2022-11-02,S002,P0020,unusual_sales_activity,high,both,4.29,0.632,"S002/P0020 on 2022-11-02: units_sold=183, inventory=206, amount=Rs 26386.77 - unusual combination of units, price and stock"
39568,2023-01-31,S004,P0009,unusual_sales_activity,high,both,3.54,0.632,"S004/P0009 on 2023-01-31: units_sold=154, inventory=367, amount=Rs 22838.20 - unusual combination of units, price and stock"
39668,2023-02-01,S004,P0009,unusual_sales_activity,high,both,4.56,0.632,"S004/P0009 on 2023-02-01: units_sold=180, inventory=213, amount=Rs 27658.80 - unusual combination of units, price and stock"
46276,2023-04-08,S004,P0017,unusual_sales_activity,high,both,3.97,0.632,"S004/P0017 on 2023-04-08: units_sold=198, inventory=216, amount=Rs 24892.56 - 92% of stock sold at once"
51920,2023-06-04,S002,P0001,unusual_sales_activity,high,both,3.66,0.632,"S002/P0001 on 2023-06-04: units_sold=243, inventory=419, amount=Rs 23391.18 - unusual combination of units, price and stock"
61862,2023-09-11,S004,P0003,unusual_sales_activity,high,both,3.91,0.632,"S004/P0003 on 2023-09-11: units_sold=170, inventory=440, amount=Rs 24610.90 - unusual combination of units, price and stock"
66510,2023-10-28,S001,P0011,unusual_sales_activity,high,both,4.09,0.632,"S001/P0011 on 2023-10-28: units_sold=136, inventory=187, amount=Rs 25438.80 - unusual combination of units, price and stock"
673,2022-01-07,S004,P0014,unusual_sales_activity,high,both,3.39,0.631,"S004/P0014 on 2022-01-07: units_sold=111, inventory=121, amount=Rs 22137.84 - 92% of stock sold at once"
3730,2022-02-07,S002,P0011,unusual_sales_activity,high,both,4.16,0.631,"S002/P0011 on 2022-02-07: units_sold=225, inventory=420, amount=Rs 25782.75 - unusual combination of units, price and stock"
6250,2022-03-04,S003,P0011,unusual_sales_activity,high,both,3.49,0.631,"S003/P0011 on 2022-03-04: units_sold=148, inventory=148, amount=Rs 22571.48 - 100% of stock sold at once"
7293,2022-03-14,S005,P0014,unusual_sales_activity,high,both,3.73,0.631,"S005/P0014 on 2022-03-14: units_sold=125, inventory=285, amount=Rs 23715.00 - unusual combination of units, price and stock"
17509,2022-06-25,S001,P0010,unusual_sales_activity,high,both,3.42,0.631,"S001/P0010 on 2022-06-25: units_sold=160, inventory=371, amount=Rs 22265.60 - unusual combination of units, price and stock"
22130,2022-08-10,S002,P0011,unusual_sales_activity,high,both,3.27,0.631,"S002/P0011 on 2022-08-10: units_sold=196, inventory=346, amount=Rs 21556.08 - unusual combination of units, price and stock"
24130,2022-08-30,S002,P0011,unusual_sales_activity,high,both,4.29,0.631,"S002/P0011 on 2022-08-30: units_sold=195, inventory=721, amount=Rs 26406.90 - unusual combination of units, price and stock"
25910,2022-09-17,S001,P0011,unusual_sales_activity,high,both,3.65,0.631,"S001/P0011 on 2022-09-17: units_sold=128, inventory=194, amount=Rs 23361.28 - unusual combination of units, price and stock"
31993,2022-11-16,S005,P0014,unusual_sales_activity,high,both,4.66,0.631,"S005/P0014 on 2022-11-16: units_sold=150, inventory=376, amount=Rs 28161.00 - unusual combination of units, price and stock"
36762,2023-01-03,S004,P0003,unusual_sales_activity,high,both,3.98,0.631,"S004/P0003 on 2023-01-03: units_sold=144, inventory=421, amount=Rs 24897.60 - unusual combination of units, price and stock"
44792,2023-03-24,S005,P0013,unusual_sales_activity,high,both,3.19,0.631,"S005/P0013 on 2023-03-24: units_sold=221, inventory=324, amount=Rs 21178.43 - unusual combination of units, price and stock"
52653,2023-06-11,S003,P0014,unusual_sales_activity,high,both,4.3,0.631,"S003/P0014 on 2023-06-11: units_sold=226, inventory=463, amount=Rs 26455.56 - unusual combination of units, price and stock"
55054,2023-07-05,S003,P0015,unusual_sales_activity,high,both,4.73,0.631,"S003/P0015 on 2023-07-05: units_sold=196, inventory=327, amount=Rs 28469.00 - unusual combination of units, price and stock"
58992,2023-08-13,S005,P0013,unusual_sales_activity,high,both,3.19,0.631,"S005/P0013 on 2023-08-13: units_sold=245, inventory=753, amount=Rs 21182.70 - unusual combination of units, price and stock"
59692,2023-08-20,S005,P0013,unusual_sales_activity,high,both,3.3,0.631,"S005/P0013 on 2023-08-20: units_sold=240, inventory=245, amount=Rs 21667.20 - 98% of stock sold at once"
66486,2023-10-27,S005,P0007,unusual_sales_activity,high,both,3.48,0.631,"S005/P0007 on 2023-10-27: units_sold=197, inventory=255, amount=Rs 22564.38 - unusual combination of units, price and stock"
968,2022-01-10,S004,P0009,unusual_sales_activity,high,both,3.57,0.63,"S004/P0009 on 2022-01-10: units_sold=170, inventory=460, amount=Rs 22968.70 - unusual combination of units, price and stock"
1701,2022-01-18,S001,P0002,unusual_sales_activity,high,both,3.16,0.63,"S001/P0002 on 2022-01-18: units_sold=260, inventory=276, amount=Rs 21005.40 - 94% of stock sold at once"
2098,2022-01-21,S005,P0019,unusual_sales_activity,high,both,3.84,0.63,"S005/P0019 on 2022-01-21: units_sold=171, inventory=171, amount=Rs 24275.16 - 100% of stock sold at once"
5393,2022-02-23,S005,P0014,unusual_sales_activity,high,both,3.12,0.63,"S005/P0014 on 2022-02-23: units_sold=116, inventory=342, amount=Rs 20834.76 - unusual combination of units, price and stock"
15888,2022-06-08,S005,P0009,unusual_sales_activity,high,both,3.4,0.63,"S005/P0009 on 2022-06-08: units_sold=191, inventory=872, amount=Rs 22156.00 - unusual combination of units, price and stock"
23822,2022-08-27,S002,P0003,unusual_sales_activity,high,both,3.0,0.63,"S002/P0003 on 2022-08-27: units_sold=198, inventory=565, amount=Rs 20265.30 - unusual combination of units, price and stock"
37630,2023-01-12,S002,P0011,unusual_sales_activity,high,both,3.71,0.63,"S002/P0011 on 2023-01-12: units_sold=221, inventory=330, amount=Rs 23647.00 - unusual combination of units, price and stock"
43362,2023-03-10,S004,P0003,unusual_sales_activity,high,both,4.25,0.63,"S004/P0003 on 2023-03-10: units_sold=191, inventory=247, amount=Rs 26218.57 - unusual combination of units, price and stock"
51985,2023-06-04,S005,P0006,unusual_sales_activity,high,both,3.35,0.63,"S005/P0006 on 2023-06-04: units_sold=260, inventory=605, amount=Rs 21918.00 - unusual combination of units, price and stock"
56329,2023-07-18,S002,P0010,unusual_sales_activity,high,both,3.72,0.63,"S002/P0010 on 2023-07-18: units_sold=196, inventory=266, amount=Rs 23674.84 - unusual combination of units, price and stock"
59956,2023-08-23,S003,P0017,unusual_sales_activity,high,both,3.12,0.63,"S003/P0017 on 2023-08-23: units_sold=133, inventory=185, amount=Rs 20806.52 - unusual combination of units, price and stock"
67273,2023-11-04,S004,P0014,unusual_sales_activity,high,both,4.04,0.63,"S004/P0014 on 2023-11-04: units_sold=143, inventory=257, amount=Rs 25202.32 - unusual combination of units, price and stock"
15553,2022-06-05,S003,P0014,unusual_sales_activity,high,both,4.34,0.629,"S003/P0014 on 2022-06-05: units_sold=220, inventory=356, amount=Rs 26617.80 - unusual combination of units, price and stock"
21592,2022-08-04,S005,P0013,unusual_sales_activity,high,both,3.62,0.629,"S005/P0013 on 2022-08-04: units_sold=249, inventory=370, amount=Rs 23204.31 - unusual combination of units, price and stock"
26177,2022-09-19,S004,P0018,unusual_sales_activity,high,both,4.05,0.629,"S004/P0018 on 2022-09-19: units_sold=140, inventory=140, amount=Rs 25249.00 - 100% of stock sold at once"
34793,2022-12-14,S005,P0014,unusual_sales_activity,high,both,4.33,0.629,"S005/P0014 on 2022-12-14: units_sold=136, inventory=213, amount=Rs 26577.12 - unusual combination of units, price and stock"
38110,2023-01-17,S001,P0011,unusual_sales_activity,high,both,3.17,0.629,"S001/P0011 on 2023-01-17: units_sold=118, inventory=139, amount=Rs 21071.26 - unusual combination of units, price and stock"
46255,2023-04-08,S003,P0016,unusual_sales_activity,high,both,3.56,0.629,"S003/P0016 on 2023-04-08: units_sold=190, inventory=420, amount=Rs 22925.40 - unusual combination of units, price and stock"
54808,2023-07-03,S001,P0009,unusual_sales_activity,high,both,3.39,0.629,"S001/P0009 on 2023-07-03: units_sold=215, inventory=220, amount=Rs 22127.80 - 98% of stock sold at once"
58173,2023-08-05,S004,P0014,unusual_sales_activity,high,both,3.8,0.629,"S004/P0014 on 2023-08-05: units_sold=143, inventory=157, amount=Rs 24085.49 - 91% of stock sold at once"
62638,2023-09-19,S002,P0019,unusual_sales_activity,high,both,3.82,0.629,"S002/P0019 on 2023-09-19: units_sold=216, inventory=280, amount=Rs 24135.84 - unusual combination of units, price and stock"
69755,2023-11-29,S003,P0016,unusual_sales_activity,high,both,3.49,0.629,"S003/P0016 on 2023-11-29: units_sold=183, inventory=199, amount=Rs 22585.86 - 92% of stock sold at once"
4030,2022-02-10,S002,P0011,unusual_sales_activity,high,both,3.41,0.628,"S002/P0011 on 2022-02-10: units_sold=187, inventory=431, amount=Rs 22200.64 - unusual combination of units, price and stock"
5791,2022-02-27,S005,P0012,unusual_sales_activity,high,both,3.18,0.628,"S005/P0012 on 2022-02-27: units_sold=135, inventory=460, amount=Rs 21095.10 - unusual combination of units, price and stock"
8488,2022-03-26,S005,P0009,unusual_sales_activity,high,both,3.87,0.628,"S005/P0009 on 2022-03-26: units_sold=216, inventory=259, amount=Rs 24408.00 - unusual combination of units, price and stock"
37420,2023-01-10,S002,P0001,unusual_sales_activity,high,both,3.25,0.628,"S002/P0001 on 2023-01-10: units_sold=193, inventory=904, amount=Rs 21440.37 - unusual combination of units, price and stock"
57654,2023-07-31,S003,P0015,unusual_sales_activity,high,both,4.85,0.628,"S003/P0015 on 2023-07-31: units_sold=193, inventory=428, amount=Rs 29073.52 - unusual combination of units, price and stock"
639,2022-01-07,S002,P0020,unusual_sales_activity,high,both,3.56,0.627,"S002/P0020 on 2022-01-07: units_sold=150, inventory=344, amount=Rs 22903.50 - unusual combination of units, price and stock"
20688,2022-07-26,S005,P0009,unusual_sales_activity,high,both,4.31,0.627,"S005/P0009 on 2022-07-26: units_sold=211, inventory=339, amount=Rs 26488.94 - unusual combination of units, price and stock"
29510,2022-10-23,S001,P0011,unusual_sales_activity,high,both,3.9,0.627,"S001/P0011 on 2022-10-23: units_sold=125, inventory=359, amount=Rs 24541.25 - unusual combination of units, price and stock"
43898,2023-03-15,S005,P0019,unusual_sales_activity,high,both,3.66,0.627,"S005/P0019 on 2023-03-15: units_sold=147, inventory=147, amount=Rs 23421.51 - 100% of stock sold at once"
51993,2023-06-04,S005,P0014,unusual_sales_activity,high,both,3.1,0.627,"S005/P0014 on 2023-06-04: units_sold=105, inventory=259, amount=Rs 20746.95 - unusual combination of units, price and stock"
52792,2023-06-12,S005,P0013,unusual_sales_activity,high,both,3.75,0.627,"S005/P0013 on 2023-06-12: units_sold=230, inventory=636, amount=Rs 23807.30 - unusual combination of units, price and stock"
61388,2023-09-06,S005,P0009,unusual_sales_activity,high,both,4.36,0.627,"S005/P0009 on 2023-09-06: units_sold=196, inventory=293, amount=Rs 26726.56 - unusual combination of units, price and stock"
62719,2023-09-20,S001,P0020,unusual_sales_activity,high,both,3.58,0.627,"S001/P0020 on 2023-09-20: units_sold=166, inventory=309, amount=Rs 23019.22 - unusual combination of units, price and stock"
62873,2023-09-21,S004,P0014,unusual_sales_activity,high,both,3.59,0.627,"S004/P0014 on 2023-09-21: units_sold=123, inventory=123, amount=Rs 23044.05 - 100% of stock sold at once"
63088,2023-09-23,S005,P0009,unusual_sales_activity,high,both,3.07,0.627,"S005/P0009 on 2023-09-23: units_sold=200, inventory=534, amount=Rs 20606.00 - unusual combination of units, price and stock"
67953,2023-11-11,S003,P0014,unusual_sales_activity,high,both,3.71,0.627,"S003/P0014 on 2023-11-11: units_sold=219, inventory=688, amount=Rs 23649.81 - unusual combination of units, price and stock"
1259,2022-01-13,S003,P0020,unusual_sales_activity,high,both,3.63,0.626,"S003/P0020 on 2022-01-13: units_sold=219, inventory=710, amount=Rs 23238.09 - unusual combination of units, price and stock"
9168,2022-04-02,S004,P0009,unusual_sales_activity,high,both,3.18,0.626,"S004/P0009 on 2022-04-02: units_sold=168, inventory=236, amount=Rs 21092.40 - unusual combination of units, price and stock"
10555,2022-04-16,S003,P0016,unusual_sales_activity,high,both,3.53,0.626,"S003/P0016 on 2022-04-16: units_sold=181, inventory=333, amount=Rs 22767.99 - unusual combination of units, price and stock"
16562,2022-06-15,S004,P0003,unusual_sales_activity,high,both,3.61,0.626,"S004/P0003 on 2022-06-15: units_sold=160, inventory=240, amount=Rs 23182.40 - unusual combination of units, price and stock"
21939,2022-08-08,S002,P0020,unusual_sales_activity,high,both,3.25,0.626,"S002/P0020 on 2022-08-08: units_sold=129, inventory=538, amount=Rs 21433.35 - unusual combination of units, price and stock"
23310,2022-08-22,S001,P0011,unusual_sales_activity,high,both,3.35,0.626,"S001/P0011 on 2022-08-22: units_sold=127, inventory=138, amount=Rs 21913.85 - 92% of stock sold at once"
25829,2022-09-16,S002,P0010,unusual_sales_activity,high,both,3.82,0.626,"S002/P0010 on 2022-09-16: units_sold=201, inventory=241, amount=Rs 24144.12 - unusual combination of units, price and stock"
32273,2022-11-19,S004,P0014,unusual_sales_activity,high,both,3.8,0.626,"S004/P0014 on 2022-11-19: units_sold=130, inventory=257, amount=Rs 24073.40 - unusual combination of units, price and stock"
34547,2022-12-12,S003,P0008,unusual_sales_activity,high,both,3.81,0.626,"S003/P0008 on 2022-12-12: units_sold=165, inventory=290, amount=Rs 24119.70 - unusual combination of units, price and stock"
43211,2023-03-09,S001,P0012,unusual_sales_activity,high,both,3.13,0.626,"S001/P0012 on 2023-03-09: units_sold=230, inventory=335, amount=Rs 20881.70 - unusual combination of units, price and stock"
53755,2023-06-22,S003,P0016,unusual_sales_activity,high,both,3.21,0.626,"S003/P0016 on 2023-06-22: units_sold=203, inventory=214, amount=Rs 21239.89 - 95% of stock sold at once"
58653,2023-08-10,S003,P0014,unusual_sales_activity,high,both,3.4,0.626,"S003/P0014 on 2023-08-10: units_sold=189, inventory=476, amount=Rs 22169.70 - unusual combination of units, price and stock"
67879,2023-11-10,S004,P0020,unusual_sales_activity,high,both,3.59,0.626,"S004/P0020 on 2023-11-10: units_sold=160, inventory=160, amount=Rs 23080.00 - 100% of stock sold at once"
74353,2024-01-14,S003,P0014,unusual_sales_activity,high,both,3.19,0.626,"S003/P0014 on 2024-01-14: units_sold=193, inventory=374, amount=Rs 21166.31 - unusual combination of units, price and stock"
75100,2024-01-22,S001,P0001,unusual_sales_activity,high,both,3.26,0.626,"S001/P0001 on 2024-01-22: units_sold=237, inventory=372, amount=Rs 21479.31 - unusual combination of units, price and stock"
8510,2022-03-27,S001,P0011,unusual_sales_activity,high,both,4.12,0.625,"S001/P0011 on 2022-03-27: units_sold=156, inventory=229, amount=Rs 25571.52 - unusual combination of units, price and stock"
10891,2022-04-19,S005,P0012,unusual_sales_activity,high,both,3.35,0.625,"S005/P0012 on 2022-04-19: units_sold=152, inventory=286, amount=Rs 21916.88 - unusual combination of units, price and stock"
30555,2022-11-02,S003,P0016,unusual_sales_activity,high,both,3.32,0.625,"S003/P0016 on 2022-11-02: units_sold=203, inventory=270, amount=Rs 21785.96 - unusual combination of units, price and stock"
36488,2022-12-31,S005,P0009,unusual_sales_activity,high,both,3.53,0.625,"S005/P0009 on 2022-12-31: units_sold=182, inventory=392, amount=Rs 22800.96 - unusual combination of units, price and stock"
36533,2023-01-01,S002,P0014,unusual_sales_activity,high,both,3.28,0.625,"S002/P0014 on 2023-01-01: units_sold=160, inventory=450, amount=Rs 21590.40 - unusual combination of units, price and stock"
66262,2023-10-25,S004,P0003,unusual_sales_activity,high,both,3.32,0.625,"S004/P0003 on 2023-10-25: units_sold=151, inventory=173, amount=Rs 21786.28 - unusual combination of units, price and stock"
70808,2023-12-10,S001,P0009,unusual_sales_activity,high,both,3.67,0.625,"S001/P0009 on 2023-12-10: units_sold=196, inventory=285, amount=Rs 23447.48 - unusual combination of units, price and stock"
71808,2023-12-20,S001,P0009,unusual_sales_activity,high,both,3.65,0.625,"S001/P0009 on 2023-12-20: units_sold=207, inventory=218, amount=Rs 23335.11 - 95% of stock sold at once"
74247,2024-01-13,S003,P0008,unusual_sales_activity,high,both,3.9,0.625,"S003/P0008 on 2024-01-13: units_sold=180, inventory=239, amount=Rs 24541.20 - unusual combination of units, price and stock"
75179,2024-01-22,S004,P0020,unusual_sales_activity,high,both,3.47,0.625,"S004/P0020 on 2024-01-22: units_sold=148, inventory=152, amount=Rs 22498.96 - 97% of stock sold at once"
15188,2022-06-01,S005,P0009,unusual_sales_activity,high,both,3.23,0.624,"S005/P0009 on 2022-06-01: units_sold=182, inventory=317, amount=Rs 21364.98 - unusual combination of units, price and stock"
17811,2022-06-28,S001,P0012,unusual_sales_activity,high,both,3.14,0.624,"S001/P0012 on 2022-06-28: units_sold=198, inventory=405, amount=Rs 20914.74 - unusual combination of units, price and stock"
22088,2022-08-09,S005,P0009,unusual_sales_activity,high,both,3.62,0.624,"S005/P0009 on 2022-08-09: units_sold=211, inventory=304, amount=Rs 23222.66 - unusual combination of units, price and stock"
22408,2022-08-13,S001,P0009,unusual_sales_activity,high,both,3.34,0.624,"S001/P0009 on 2022-08-13: units_sold=208, inventory=232, amount=Rs 21883.68 - unusual combination of units, price and stock"
34110,2022-12-08,S001,P0011,unusual_sales_activity,high,both,3.63,0.624,"S001/P0011 on 2022-12-08: units_sold=127, inventory=252, amount=Rs 23277.83 - unusual combination of units, price and stock"
39209,2023-01-28,S001,P0010,unusual_sales_activity,high,both,3.34,0.624,"S001/P0010 on 2023-01-28: units_sold=145, inventory=423, amount=Rs 21857.30 - unusual combination of units, price and stock"
52230,2023-06-07,S002,P0011,unusual_sales_activity,high,both,3.14,0.624,"S002/P0011 on 2023-06-07: units_sold=202, inventory=495, amount=Rs 20943.36 - unusual combination of units, price and stock"
52820,2023-06-13,S002,P0001,unusual_sales_activity,high,both,3.49,0.624,"S002/P0001 on 2023-06-13: units_sold=242, inventory=396, amount=Rs 22585.86 - unusual combination of units, price and stock"
59811,2023-08-22,S001,P0012,unusual_sales_activity,high,both,3.34,0.624,"S001/P0012 on 2023-08-22: units_sold=218, inventory=361, amount=Rs 21878.48 - unusual combination of units, price and stock"
62198,2023-09-14,S005,P0019,unusual_sales_activity,high,both,3.87,0.624,"S005/P0019 on 2023-09-14: units_sold=167, inventory=217, amount=Rs 24378.66 - unusual combination of units, price and stock"
67324,2023-11-05,S002,P0005,unusual_sales_activity,high,both,3.27,0.624,"S002/P0005 on 2023-11-05: units_sold=192, inventory=860, amount=Rs 21561.60 - unusual combination of units, price and stock"
69171,2023-11-23,S004,P0012,unusual_sales_activity,high,both,3.71,0.624,"S004/P0012 on 2023-11-23: units_sold=196, inventory=196, amount=Rs 23631.72 - 100% of stock sold at once"
759,2022-01-08,S003,P0020,unusual_sales_activity,high,both,4.04,0.623,"S003/P0020 on 2022-01-08: units_sold=210, inventory=600, amount=Rs 25212.60 - unusual combination of units, price and stock"
20368,2022-07-23,S004,P0009,unusual_sales_activity,high,both,3.3,0.623,"S004/P0009 on 2022-07-23: units_sold=201, inventory=375, amount=Rs 21673.83 - unusual combination of units, price and stock"
32350,2022-11-20,S003,P0011,unusual_sales_activity,high,both,3.92,0.623,"S003/P0011 on 2022-11-20: units_sold=163, inventory=290, amount=Rs 24655.38 - unusual combination of units, price and stock"
38250,2023-01-18,S003,P0011,unusual_sales_activity,high,both,3.86,0.623,"S003/P0011 on 2023-01-18: units_sold=163, inventory=246, amount=Rs 24361.98 - unusual combination of units, price and stock"
54447,2023-06-29,S003,P0008,unusual_sales_activity,high,both,4.26,0.623,"S003/P0008 on 2023-06-29: units_sold=179, inventory=681, amount=Rs 26228.87 - unusual combination of units, price and stock"
55357,2023-07-08,S003,P0018,unusual_sales_activity,high,both,3.31,0.623,"S003/P0018 on 2023-07-08: units_sold=156, inventory=291, amount=Rs 21741.72 - unusual combination of units, price and stock"
61893,2023-09-11,S005,P0014,unusual_sales_activity,high,both,3.11,0.623,"S005/P0014 on 2023-09-11: units_sold=113, inventory=249, amount=Rs 20760.36 - unusual combination of units, price and stock"
70991,2023-12-11,S005,P0012,unusual_sales_activity,high,both,3.29,0.623,"S005/P0012 on 2023-12-11: units_sold=161, inventory=311, amount=Rs 21657.72 - unusual combination of units, price and stock"
15686,2022-06-06,S005,P0007,unusual_sales_activity,high,both,3.03,0.622,"S005/P0007 on 2022-06-06: units_sold=209, inventory=243, amount=Rs 20385.86 - unusual combination of units, price and stock"
22228,2022-08-11,S002,P0009,unusual_sales_activity,high,both,3.17,0.622,"S002/P0009 on 2022-08-11: units_sold=234, inventory=234, amount=Rs 21076.38 - 100% of stock sold at once"
22729,2022-08-16,S002,P0010,unusual_sales_activity,high,both,3.54,0.622,"S002/P0010 on 2022-08-16: units_sold=200, inventory=205, amount=Rs 22826.00 - 98% of stock sold at once"
23550,2022-08-24,S003,P0011,unusual_sales_activity,high,both,3.89,0.622,"S003/P0011 on 2022-08-24: units_sold=189, inventory=205, amount=Rs 24471.72 - 92% of stock sold at once"
57929,2023-08-03,S002,P0010,unusual_sales_activity,high,both,3.65,0.622,"S002/P0010 on 2023-08-03: units_sold=195, inventory=228, amount=Rs 23364.90 - unusual combination of units, price and stock"
60229,2023-08-26,S002,P0010,unusual_sales_activity,high,both,3.7,0.622,"S002/P0010 on 2023-08-26: units_sold=198, inventory=235, amount=Rs 23605.56 - unusual combination of units, price and stock"
60873,2023-09-01,S004,P0014,unusual_sales_activity,high,both,3.73,0.622,"S004/P0014 on 2023-09-01: units_sold=131, inventory=168, amount=Rs 23717.55 - unusual combination of units, price and stock"
70157,2023-12-03,S003,P0018,unusual_sales_activity,high,both,3.47,0.622,"S003/P0018 on 2023-12-03: units_sold=143, inventory=470, amount=Rs 22512.49 - unusual combination of units, price and stock"
71847,2023-12-20,S003,P0008,unusual_sales_activity,high,both,3.19,0.622,"S003/P0008 on 2023-12-20: units_sold=171, inventory=171, amount=Rs 21166.38 - 100% of stock sold at once"
2373,2022-01-24,S004,P0014,unusual_sales_activity,high,both,3.19,0.621,"S004/P0014 on 2022-01-24: units_sold=122, inventory=122, amount=Rs 21143.82 - 100% of stock sold at once"
9552,2022-04-06,S003,P0013,unusual_sales_activity,high,both,3.34,0.621,"S003/P0013 on 2022-04-06: units_sold=241, inventory=298, amount=Rs 21858.70 - unusual combination of units, price and stock"
16655,2022-06-16,S003,P0016,unusual_sales_activity,high,both,3.6,0.621,"S003/P0016 on 2022-06-16: units_sold=184, inventory=377, amount=Rs 23119.60 - unusual combination of units, price and stock"
20376,2022-07-23,S004,P0017,unusual_sales_activity,high,both,3.61,0.621,"S004/P0017 on 2022-07-23: units_sold=169, inventory=169, amount=Rs 23146.24 - 100% of stock sold at once"
20868,2022-07-28,S004,P0009,unusual_sales_activity,high,both,3.15,0.621,"S004/P0009 on 2022-07-28: units_sold=164, inventory=910, amount=Rs 20957.56 - unusual combination of units, price and stock"
24250,2022-08-31,S003,P0011,unusual_sales_activity,high,both,3.9,0.621,"S003/P0011 on 2022-08-31: units_sold=152, inventory=298, amount=Rs 24552.56 - unusual combination of units, price and stock"
34677,2022-12-13,S004,P0018,unusual_sales_activity,high,both,3.87,0.621,"S004/P0018 on 2022-12-13: units_sold=117, inventory=117, amount=Rs 24407.37 - 100% of stock sold at once"
38768,2023-01-23,S004,P0009,unusual_sales_activity,high,both,3.19,0.621,"S004/P0009 on 2023-01-23: units_sold=183, inventory=525, amount=Rs 21180.42 - unusual combination of units, price and stock"
40068,2023-02-05,S004,P0009,unusual_sales_activity,high,both,3.18,0.621,"S004/P0009 on 2023-02-05: units_sold=177, inventory=380, amount=Rs 21101.94 - unusual combination of units, price and stock"
40547,2023-02-10,S003,P0008,unusual_sales_activity,high,both,4.59,0.621,"S003/P0008 on 2023-02-10: units_sold=196, inventory=412, amount=Rs 27837.88 - unusual combination of units, price and stock"
40776,2023-02-12,S004,P0017,unusual_sales_activity,high,both,3.75,0.621,"S004/P0017 on 2023-02-12: units_sold=185, inventory=185, amount=Rs 23816.90 - 100% of stock sold at once"
51168,2023-05-27,S004,P0009,unusual_sales_activity,high,both,3.98,0.621,"S004/P0009 on 2023-05-27: units_sold=172, inventory=726, amount=Rs 24933.12 - unusual combination of units, price and stock"
52768,2023-06-12,S004,P0009,unusual_sales_activity,high,both,4.16,0.621,"S004/P0009 on 2023-06-12: units_sold=177, inventory=211, amount=Rs 25799.52 - unusual combination of units, price and stock"
53553,2023-06-20,S003,P0014,unusual_sales_activity,high,both,3.7,0.621,"S003/P0014 on 2023-06-20: units_sold=214, inventory=653, amount=Rs 23593.50 - unusual combination of units, price and stock"
56229,2023-07-17,S002,P0010,unusual_sales_activity,high,both,3.42,0.621,"S002/P0010 on 2023-07-17: units_sold=198, inventory=198, amount=Rs 22247.28 - 100% of stock sold at once"
64250,2023-10-05,S003,P0011,unusual_sales_activity,high,both,3.46,0.621,"S003/P0011 on 2023-10-05: units_sold=133, inventory=193, amount=Rs 22430.45 - unusual combination of units, price and stock"
9029,2022-04-01,S002,P0010,unusual_sales_activity,high,both,3.47,0.62,"S002/P0010 on 2022-04-01: units_sold=176, inventory=176, amount=Rs 22496.32 - 100% of stock sold at once"
20208,2022-07-22,S001,P0009,unusual_sales_activity,high,both,3.47,0.62,"S001/P0009 on 2022-07-22: units_sold=202, inventory=202, amount=Rs 22482.60 - 100% of stock sold at once"
22653,2022-08-15,S003,P0014,unusual_sales_activity,high,both,3.52,0.62,"S003/P0014 on 2022-08-15: units_sold=212, inventory=322, amount=Rs 22737.00 - unusual combination of units, price and stock"
26924,2022-09-27,S002,P0005,unusual_sales_activity,high,both,3.84,0.62,"S002/P0005 on 2022-09-27: units_sold=221, inventory=372, amount=Rs 24234.86 - unusual combination of units, price and stock"
38650,2023-01-22,S003,P0011,unusual_sales_activity,high,both,3.6,0.62,"S003/P0011 on 2023-01-22: units_sold=167, inventory=187, amount=Rs 23106.12 - unusual combination of units, price and stock"
52873,2023-06-13,S004,P0014,unusual_sales_activity,high,both,3.03,0.62,"S004/P0014 on 2023-06-13: units_sold=114, inventory=114, amount=Rs 20388.90 - 100% of stock sold at once"
55918,2023-07-14,S001,P0019,unusual_sales_activity,high,both,3.8,0.62,"S001/P0019 on 2023-07-14: units_sold=151, inventory=151, amount=Rs 24042.22 - 100% of stock sold at once"
66720,2023-10-30,S002,P0001,unusual_sales_activity,high,both,3.24,0.62,"S002/P0001 on 2023-10-30: units_sold=197, inventory=506, amount=Rs 21396.17 - unusual combination of units, price and stock"
70091,2023-12-02,S005,P0012,unusual_sales_activity,high,both,4.2,0.62,"S005/P0012 on 2023-12-02: units_sold=176, inventory=238, amount=Rs 25977.60 - unusual combination of units, price and stock"
74220,2024-01-13,S002,P0001,unusual_sales_activity,high,both,3.62,0.62,"S002/P0001 on 2024-01-13: units_sold=220, inventory=362, amount=Rs 23223.20 - unusual combination of units, price and stock"
362,2022-01-04,S004,P0003,unusual_sales_activity,high,both,4.76,0.619,"S004/P0003 on 2022-01-04: units_sold=173, inventory=407, amount=Rs 28638.42 - unusual combination of units, price and stock"
1610,2022-01-17,S001,P0011,unusual_sales_activity,high,both,3.17,0.619,"S001/P0011 on 2022-01-17: units_sold=115, inventory=262, amount=Rs 21063.40 - unusual combination of units, price and stock"
1698,2022-01-17,S005,P0019,unusual_sales_activity,high,both,3.42,0.619,"S005/P0019 on 2022-01-17: units_sold=168, inventory=186, amount=Rs 22234.80 - 90% of stock sold at once"
2586,2022-01-26,S005,P0007,unusual_sales_activity,high,both,3.83,0.619,"S005/P0007 on 2022-01-26: units_sold=217, inventory=495, amount=Rs 24193.33 - unusual combination of units, price and stock"
9311,2022-04-04,S001,P0012,unusual_sales_activity,high,both,3.11,0.619,"S001/P0012 on 2022-04-04: units_sold=234, inventory=387, amount=Rs 20802.60 - unusual combination of units, price and stock"
10130,2022-04-12,S002,P0011,unusual_sales_activity,high,both,3.24,0.619,"S002/P0011 on 2022-04-12: units_sold=193, inventory=440, amount=Rs 21380.54 - unusual combination of units, price and stock"
17110,2022-06-21,S001,P0011,unusual_sales_activity,high,both,4.35,0.619,"S001/P0011 on 2022-06-21: units_sold=135, inventory=396, amount=Rs 26666.55 - unusual combination of units, price and stock"
20555,2022-07-25,S003,P0016,unusual_sales_activity,high,both,3.43,0.619,"S003/P0016 on 2022-07-25: units_sold=182, inventory=219, amount=Rs 22287.72 - unusual combination of units, price and stock"
25933,2022-09-17,S002,P0014,unusual_sales_activity,high,both,3.06,0.619,"S002/P0014 on 2022-09-17: units_sold=146, inventory=536, amount=Rs 20555.34 - unusual combination of units, price and stock"
31250,2022-11-09,S003,P0011,unusual_sales_activity,high,both,3.68,0.619,"S003/P0011 on 2022-11-09: units_sold=163, inventory=331, amount=Rs 23516.01 - unusual combination of units, price and stock"
56473,2023-07-19,S004,P0014,unusual_sales_activity,high,both,3.46,0.619,"S004/P0014 on 2023-07-19: units_sold=124, inventory=201, amount=Rs 22450.20 - unusual combination of units, price and stock"
58657,2023-08-10,S003,P0018,unusual_sales_activity,high,both,3.21,0.619,"S003/P0018 on 2023-08-10: units_sold=124, inventory=493, amount=Rs 21246.16 - unusual combination of units, price and stock"
59455,2023-08-18,S003,P0016,unusual_sales_activity,high,both,3.74,0.619,"S003/P0016 on 2023-08-18: units_sold=221, inventory=551, amount=Rs 23786.23 - unusual combination of units, price and stock"
4511,2022-02-15,S001,P0012,unusual_sales_activity,high,both,3.03,0.618,"S001/P0012 on 2022-02-15: units_sold=215, inventory=269, amount=Rs 20422.85 - unusual combination of units, price and stock"
16210,2022-06-12,S001,P0011,unusual_sales_activity,high,both,3.68,0.618,"S001/P0011 on 2022-06-12: units_sold=145, inventory=260, amount=Rs 23504.50 - unusual combination of units, price and stock"
17211,2022-06-22,S001,P0012,unusual_sales_activity,high,both,3.5,0.618,"S001/P0012 on 2022-06-22: units_sold=199, inventory=216, amount=Rs 22630.28 - 92% of stock sold at once"
22820,2022-08-17,S002,P0001,unusual_sales_activity,high,both,3.25,0.618,"S002/P0001 on 2022-08-17: units_sold=188, inventory=869, amount=Rs 21439.52 - unusual combination of units, price and stock"
25333,2022-09-11,S002,P0014,unusual_sales_activity,high,both,3.03,0.618,"S002/P0014 on 2022-09-11: units_sold=160, inventory=213, amount=Rs 20385.60 - unusual combination of units, price and stock"
34210,2022-12-09,S001,P0011,unusual_sales_activity,high,both,3.37,0.618,"S001/P0011 on 2022-12-09: units_sold=121, inventory=125, amount=Rs 22011.11 - 97% of stock sold at once"
53862,2023-06-23,S004,P0003,unusual_sales_activity,high,both,3.49,0.618,"S004/P0003 on 2023-06-23: units_sold=143, inventory=379, amount=Rs 22599.72 - unusual combination of units, price and stock"
58655,2023-08-10,S003,P0016,unusual_sales_activity,high,both,3.08,0.618,"S003/P0016 on 2023-08-10: units_sold=161, inventory=161, amount=Rs 20628.93 - 100% of stock sold at once"
74650,2024-01-17,S003,P0011,unusual_sales_activity,high,both,3.08,0.618,"S003/P0011 on 2024-01-17: units_sold=140, inventory=140, amount=Rs 20620.60 - 100% of stock sold at once"
1079,2022-01-11,S004,P0020,unusual_sales_activity,high,both,3.78,0.617,"S004/P0020 on 2022-01-11: units_sold=146, inventory=271, amount=Rs 23957.14 - unusual combination of units, price and stock"
3935,2022-02-09,S002,P0016,unusual_sales_activity,high,both,3.29,0.617,"S002/P0016 on 2022-02-09: units_sold=199, inventory=369, amount=Rs 21617.37 - unusual combination of units, price and stock"
3950,2022-02-09,S003,P0011,unusual_sales_activity,high,both,3.92,0.617,"S003/P0011 on 2022-02-09: units_sold=183, inventory=370, amount=Rs 24650.10 - unusual combination of units, price and stock"
36373,2022-12-30,S004,P0014,unusual_sales_activity,high,both,3.51,0.617,"S004/P0014 on 2022-12-30: units_sold=127, inventory=159, amount=Rs 22706.33 - unusual combination of units, price and stock"
38568,2023-01-21,S004,P0009,unusual_sales_activity,high,both,3.83,0.617,"S004/P0009 on 2023-01-21: units_sold=192, inventory=242, amount=Rs 24201.60 - unusual combination of units, price and stock"
54110,2023-06-26,S001,P0011,unusual_sales_activity,high,both,3.73,0.617,"S001/P0011 on 2023-06-26: units_sold=135, inventory=318, amount=Rs 23730.30 - unusual combination of units, price and stock"
54193,2023-06-26,S005,P0014,unusual_sales_activity,high,both,3.3,0.617,"S005/P0014 on 2023-06-26: units_sold=114, inventory=237, amount=Rs 21693.06 - unusual combination of units, price and stock"
55028,2023-07-05,S002,P0009,unusual_sales_activity,high,both,3.13,0.617,"S002/P0009 on 2023-07-05: units_sold=243, inventory=318, amount=Rs 20863.98 - unusual combination of units, price and stock"
57229,2023-07-27,S002,P0010,unusual_sales_activity,high,both,3.4,0.617,"S002/P0010 on 2023-07-27: units_sold=209, inventory=227, amount=Rs 22164.45 - 92% of stock sold at once"
57829,2023-08-02,S002,P0010,unusual_sales_activity,high,both,3.55,0.617,"S002/P0010 on 2023-08-02: units_sold=169, inventory=169, amount=Rs 22877.53 - 100% of stock sold at once"
57924,2023-08-03,S002,P0005,unusual_sales_activity,high,both,3.58,0.617,"S002/P0005 on 2023-08-03: units_sold=214, inventory=343, amount=Rs 23037.10 - unusual combination of units, price and stock"
68347,2023-11-15,S003,P0008,unusual_sales_activity,high,both,4.59,0.617,"S003/P0008 on 2023-11-15: units_sold=183, inventory=529, amount=Rs 27810.51 - unusual combination of units, price and stock"
70493,2023-12-06,S005,P0014,unusual_sales_activity,high,both,3.81,0.617,"S005/P0014 on 2023-12-06: units_sold=130, inventory=183, amount=Rs 24130.60 - unusual combination of units, price and stock"
74608,2024-01-17,S001,P0009,unusual_sales_activity,high,both,3.44,0.617,"S001/P0009 on 2024-01-17: units_sold=204, inventory=278, amount=Rs 22329.84 - unusual combination of units, price and stock"
550,2022-01-06,S003,P0011,unusual_sales_activity,high,both,3.75,0.616,"S003/P0011 on 2022-01-06: units_sold=174, inventory=260, amount=Rs 23839.74 - unusual combination of units, price and stock"
4053,2022-02-10,S003,P0014,unusual_sales_activity,high,both,3.25,0.616,"S003/P0014 on 2022-02-10: units_sold=182, inventory=892, amount=Rs 21435.96 - unusual combination of units, price and stock"
4893,2022-02-18,S005,P0014,unusual_sales_activity,high,both,3.3,0.616,"S005/P0014 on 2022-02-18: units_sold=127, inventory=341, amount=Rs 21695.41 - unusual combination of units, price and stock"
6077,2022-03-02,S004,P0018,unusual_sales_activity,high,both,3.77,0.616,"S004/P0018 on 2022-03-02: units_sold=136, inventory=171, amount=Rs 23936.00 - unusual combination of units, price and stock"
15398,2022-06-03,S005,P0019,unusual_sales_activity,high,both,3.49,0.616,"S005/P0019 on 2022-06-03: units_sold=135, inventory=170, amount=Rs 22577.40 - unusual combination of units, price and stock"
22622,2022-08-15,S002,P0003,unusual_sales_activity,high,both,3.66,0.616,"S002/P0003 on 2022-08-15: units_sold=213, inventory=473, amount=Rs 23410.83 - unusual combination of units, price and stock"
30233,2022-10-30,S002,P0014,unusual_sales_activity,high,both,3.14,0.616,"S002/P0014 on 2022-10-30: units_sold=163, inventory=358, amount=Rs 20908.01 - unusual combination of units, price and stock"
31773,2022-11-14,S004,P0014,unusual_sales_activity,high,both,3.41,0.616,"S004/P0014 on 2022-11-14: units_sold=109, inventory=109, amount=Rs 22205.48 - 100% of stock sold at once"
55988,2023-07-14,S005,P0009,unusual_sales_activity,high,both,3.22,0.616,"S005/P0009 on 2023-07-14: units_sold=185, inventory=413, amount=Rs 21323.10 - unusual combination of units, price and stock"
62119,2023-09-14,S001,P0020,unusual_sales_activity,high,both,4.65,0.616,"S001/P0020 on 2023-09-14: units_sold=183, inventory=366, amount=Rs 28123.44 - unusual combination of units, price and stock"
66273,2023-10-25,S004,P0014,unusual_sales_activity,high,both,3.31,0.616,"S004/P0014 on 2023-10-25: units_sold=111, inventory=180, amount=Rs 21721.59 - unusual combination of units, price and stock"
67873,2023-11-10,S004,P0014,unusual_sales_activity,high,both,3.82,0.616,"S004/P0014 on 2023-11-10: units_sold=149, inventory=244, amount=Rs 24161.84 - unusual combination of units, price and stock"
2176,2022-01-22,S004,P0017,unusual_sales_activity,high,both,3.5,0.615,"S004/P0017 on 2022-01-22: units_sold=195, inventory=236, amount=Rs 22637.55 - unusual combination of units, price and stock"
5977,2022-03-01,S004,P0018,unusual_sales_activity,high,both,3.43,0.615,"S004/P0018 on 2022-03-01: units_sold=123, inventory=123, amount=Rs 22294.98 - 100% of stock sold at once"
10854,2022-04-19,S003,P0015,unusual_sales_activity,high,both,3.85,0.615,"S003/P0015 on 2022-04-19: units_sold=198, inventory=585, amount=Rs 24292.62 - unusual combination of units, price and stock"
34650,2022-12-13,S003,P0011,unusual_sales_activity,high,both,4.09,0.615,"S003/P0011 on 2022-12-13: units_sold=182, inventory=258, amount=Rs 25458.16 - unusual combination of units, price and stock"
43952,2023-03-16,S003,P0013,unusual_sales_activity,high,both,3.08,0.615,"S003/P0013 on 2023-03-16: units_sold=224, inventory=777, amount=Rs 20637.12 - unusual combination of units, price and stock"
44039,2023-03-17,S002,P0020,unusual_sales_activity,high,both,3.73,0.615,"S002/P0020 on 2023-03-17: units_sold=158, inventory=319, amount=Rs 23745.82 - unusual combination of units, price and stock"
45109,2023-03-28,S001,P0010,unusual_sales_activity,high,both,4.16,0.615,"S001/P0010 on 2023-03-28: units_sold=170, inventory=658, amount=Rs 25770.30 - unusual combination of units, price and stock"
45230,2023-03-29,S002,P0011,unusual_sales_activity,high,both,3.71,0.615,"S002/P0011 on 2023-03-29: units_sold=205, inventory=640, amount=Rs 23648.80 - unusual combination of units, price and stock"
59352,2023-08-17,S003,P0013,unusual_sales_activity,high,both,3.06,0.615,"S003/P0013 on 2023-08-17: units_sold=242, inventory=359, amount=Rs 20536.12 - unusual combination of units, price and stock"
15477,2022-06-04,S004,P0018,unusual_sales_activity,high,both,3.61,0.614,"S004/P0018 on 2022-06-04: units_sold=130, inventory=130, amount=Rs 23143.90 - 100% of stock sold at once"
23420,2022-08-23,S002,P0001,unusual_sales_activity,high,both,3.26,0.614,"S002/P0001 on 2022-08-23: units_sold=210, inventory=217, amount=Rs 21504.00 - 97% of stock sold at once"
32293,2022-11-19,S005,P0014,unusual_sales_activity,high,both,3.63,0.614,"S005/P0014 on 2022-11-19: units_sold=126, inventory=560, amount=Rs 23264.64 - unusual combination of units, price and stock"
32733,2022-11-24,S002,P0014,unusual_sales_activity,high,both,3.1,0.614,"S002/P0014 on 2022-11-24: units_sold=154, inventory=870, amount=Rs 20717.62 - unusual combination of units, price and stock"
33838,2022-12-05,S002,P0019,unusual_sales_activity,high,both,3.79,0.614,"S002/P0019 on 2022-12-05: units_sold=215, inventory=429, amount=Rs 24000.45 - unusual combination of units, price and stock"
34235,2022-12-09,S002,P0016,unusual_sales_activity,high,both,3.01,0.614,"S002/P0016 on 2022-12-09: units_sold=225, inventory=413, amount=Rs 20313.00 - unusual combination of units, price and stock"
38388,2023-01-19,S005,P0009,unusual_sales_activity,high,both,3.25,0.614,"S005/P0009 on 2023-01-19: units_sold=189, inventory=397, amount=Rs 21434.49 - unusual combination of units, price and stock"
38447,2023-01-20,S003,P0008,unusual_sales_activity,high,both,3.22,0.614,"S003/P0008 on 2023-01-20: units_sold=159, inventory=159, amount=Rs 21301.23 - 100% of stock sold at once"
45154,2023-03-28,S003,P0015,unusual_sales_activity,high,both,3.66,0.614,"S003/P0015 on 2023-03-28: units_sold=198, inventory=286, amount=Rs 23421.42 - unusual combination of units, price and stock"
51350,2023-05-29,S003,P0011,unusual_sales_activity,high,both,3.73,0.614,"S003/P0011 on 2023-05-29: units_sold=154, inventory=398, amount=Rs 23717.54 - unusual combination of units, price and stock"
56968,2023-07-24,S004,P0009,unusual_sales_activity,high,both,3.17,0.614,"S004/P0009 on 2023-07-24: units_sold=144, inventory=326, amount=Rs 21058.56 - unusual combination of units, price and stock"
57430,2023-07-29,S002,P0011,unusual_sales_activity,high,both,4.08,0.614,"S002/P0011 on 2023-07-29: units_sold=196, inventory=371, amount=Rs 25405.52 - unusual combination of units, price and stock"
59473,2023-08-18,S004,P0014,unusual_sales_activity,high,both,4.09,0.614,"S004/P0014 on 2023-08-18: units_sold=136, inventory=369, amount=Rs 25422.48 - unusual combination of units, price and stock"
70688,2023-12-08,S005,P0009,unusual_sales_activity,high,both,3.47,0.614,"S005/P0009 on 2023-12-08: units_sold=187, inventory=482, amount=Rs 22481.14 - unusual combination of units, price and stock"
7953,2022-03-21,S003,P0014,unusual_sales_activity,high,both,3.16,0.613,"S003/P0014 on 2022-03-21: units_sold=166, inventory=443, amount=Rs 20999.00 - unusual combination of units, price and stock"
9003,2022-04-01,S001,P0004,unusual_sales_activity,high,both,3.31,0.613,"S001/P0004 on 2022-04-01: units_sold=154, inventory=310, amount=Rs 21726.32 - unusual combination of units, price and stock"
11647,2022-04-27,S003,P0008,unusual_sales_activity,high,both,3.41,0.613,"S003/P0008 on 2022-04-27: units_sold=178, inventory=232, amount=Rs 22230.42 - unusual combination of units, price and stock"
16988,2022-06-19,S005,P0009,unusual_sales_activity,high,both,3.52,0.613,"S005/P0009 on 2022-06-19: units_sold=208, inventory=338, amount=Rs 22744.80 - unusual combination of units, price and stock"
52252,2023-06-07,S003,P0013,unusual_sales_activity,high,both,3.05,0.613,"S003/P0013 on 2023-06-07: units_sold=244, inventory=646, amount=Rs 20476.48 - unusual combination of units, price and stock"
53393,2023-06-18,S005,P0014,unusual_sales_activity,high,both,3.18,0.613,"S005/P0014 on 2023-06-18: units_sold=114, inventory=250, amount=Rs 21110.52 - unusual combination of units, price and stock"
58550,2023-08-09,S003,P0011,unusual_sales_activity,high,both,3.75,0.613,"S003/P0011 on 2023-08-09: units_sold=172, inventory=277, amount=Rs 23835.76 - unusual combination of units, price and stock"
67368,2023-11-05,S004,P0009,unusual_sales_activity,high,both,3.15,0.613,"S004/P0009 on 2023-11-05: units_sold=144, inventory=389, amount=Rs 20977.92 - unusual combination of units, price and stock"
347,2022-01-04,S003,P0008,unusual_sales_activity,high,both,3.55,0.612,"S003/P0008 on 2022-01-04: units_sold=174, inventory=307, amount=Rs 22879.26 - unusual combination of units, price and stock"
2350,2022-01-24,S003,P0011,unusual_sales_activity,high,both,3.5,0.612,"S003/P0011 on 2022-01-24: units_sold=172, inventory=230, amount=Rs 22626.60 - unusual combination of units, price and stock"
8479,2022-03-26,S004,P0020,unusual_sales_activity,high,both,3.72,0.612,"S004/P0020 on 2022-03-26: units_sold=153, inventory=265, amount=Rs 23695.11 - unusual combination of units, price and stock"
17573,2022-06-25,S004,P0014,unusual_sales_activity,high,both,3.37,0.612,"S004/P0014 on 2022-06-25: units_sold=124, inventory=162, amount=Rs 22041.00 - unusual combination of units, price and stock"
22293,2022-08-11,S005,P0014,unusual_sales_activity,high,both,3.86,0.612,"S005/P0014 on 2022-08-11: units_sold=130, inventory=235, amount=Rs 24330.80 - unusual combination of units, price and stock"
32993,2022-11-26,S005,P0014,unusual_sales_activity,high,both,3.23,0.612,"S005/P0014 on 2022-11-26: units_sold=122, inventory=209, amount=Rs 21334.14 - unusual combination of units, price and stock"
62973,2023-09-22,S004,P0014,unusual_sales_activity,high,both,3.22,0.612,"S004/P0014 on 2023-09-22: units_sold=110, inventory=182, amount=Rs 21316.90 - unusual combination of units, price and stock"
68991,2023-11-21,S005,P0012,unusual_sales_activity,high,both,4.0,0.612,"S005/P0012 on 2023-11-21: units_sold=161, inventory=198, amount=Rs 24992.03 - unusual combination of units, price and stock"
4876,2022-02-18,S004,P0017,unusual_sales_activity,high,both,3.21,0.611,"S004/P0017 on 2022-02-18: units_sold=213, inventory=231, amount=Rs 21240.36 - 92% of stock sold at once"
26891,2022-09-26,S005,P0012,unusual_sales_activity,high,both,3.33,0.611,"S005/P0012 on 2022-09-26: units_sold=143, inventory=328, amount=Rs 21830.38 - unusual combination of units, price and stock"
27657,2022-10-04,S003,P0018,unusual_sales_activity,high,both,3.22,0.611,"S003/P0018 on 2022-10-04: units_sold=134, inventory=352, amount=Rs 21319.40 - unusual combination of units, price and stock"
28854,2022-10-16,S003,P0015,unusual_sales_activity,high,both,3.53,0.611,"S003/P0015 on 2022-10-16: units_sold=190, inventory=234, amount=Rs 22782.90 - unusual combination of units, price and stock"
30010,2022-10-28,S001,P0011,unusual_sales_activity,high,both,3.03,0.611,"S001/P0011 on 2022-10-28: units_sold=110, inventory=144, amount=Rs 20387.40 - unusual combination of units, price and stock"
34873,2022-12-15,S004,P0014,unusual_sales_activity,high,both,3.21,0.611,"S004/P0014 on 2022-12-15: units_sold=113, inventory=153, amount=Rs 21269.99 - unusual combination of units, price and stock"
45450,2023-03-31,S003,P0011,unusual_sales_activity,high,both,3.53,0.611,"S003/P0011 on 2023-03-31: units_sold=150, inventory=227, amount=Rs 22786.50 - unusual combination of units, price and stock"
58593,2023-08-09,S005,P0014,unusual_sales_activity,high,both,3.25,0.611,"S005/P0014 on 2023-08-09: units_sold=123, inventory=252, amount=Rs 21465.96 - unusual combination of units, price and stock"
1039,2022-01-11,S002,P0020,unusual_sales_activity,high,both,3.5,0.61,"S002/P0020 on 2022-01-11: units_sold=166, inventory=412, amount=Rs 22637.42 - unusual combination of units, price and stock"
4547,2022-02-15,S003,P0008,unusual_sales_activity,high,both,3.42,0.61,"S003/P0008 on 2022-02-15: units_sold=164, inventory=206, amount=Rs 22238.40 - unusual combination of units, price and stock"
23057,2022-08-19,S003,P0018,unusual_sales_activity,high,both,3.59,0.61,"S003/P0018 on 2022-08-19: units_sold=156, inventory=711, amount=Rs 23044.32 - unusual combination of units, price and stock"
23653,2022-08-25,S003,P0014,unusual_sales_activity,high,both,3.12,0.61,"S003/P0014 on 2022-08-25: units_sold=159, inventory=356, amount=Rs 20851.26 - unusual combination of units, price and stock"
31593,2022-11-12,S005,P0014,unusual_sales_activity,high,both,3.84,0.61,"S005/P0014 on 2022-11-12: units_sold=125, inventory=478, amount=Rs 24277.50 - unusual combination of units, price and stock"
31847,2022-11-15,S003,P0008,unusual_sales_activity,high,both,3.1,0.61,"S003/P0008 on 2022-11-15: units_sold=167, inventory=171, amount=Rs 20734.72 - 98% of stock sold at once"
36008,2022-12-27,S001,P0009,unusual_sales_activity,high,both,3.41,0.61,"S001/P0009 on 2022-12-27: units_sold=199, inventory=265, amount=Rs 22194.47 - unusual combination of units, price and stock"
54668,2023-07-01,S004,P0009,unusual_sales_activity,high,both,3.21,0.61,"S004/P0009 on 2023-07-01: units_sold=168, inventory=198, amount=Rs 21263.76 - unusual combination of units, price and stock"
58753,2023-08-11,S003,P0014,unusual_sales_activity,high,both,3.77,0.61,"S003/P0014 on 2023-08-11: units_sold=191, inventory=287, amount=Rs 23920.84 - unusual combination of units, price and stock"
58973,2023-08-13,S004,P0014,unusual_sales_activity,high,both,3.07,0.61,"S004/P0014 on 2023-08-13: units_sold=106, inventory=156, amount=Rs 20593.68 - unusual combination of units, price and stock"
59888,2023-08-22,S005,P0009,unusual_sales_activity,high,both,3.11,0.61,"S005/P0009 on 2023-08-22: units_sold=179, inventory=937, amount=Rs 20776.53 - unusual combination of units, price and stock"
75847,2024-01-29,S003,P0008,unusual_sales_activity,high,both,3.54,0.61,"S003/P0008 on 2024-01-29: units_sold=152, inventory=322, amount=Rs 22836.48 - unusual combination of units, price and stock"
35106,2022-12-18,S001,P0007,unusual_sales_activity,medium,isolation_forest_only,1.03,0.697,"S001/P0007 on 2022-12-18: units_sold=339, inventory=1151, amount=Rs 10868.34 - unusual combination of units, price and stock"
58860,2023-08-12,S004,P0001,unusual_sales_activity,medium,isolation_forest_only,-0.48,0.691,"S004/P0001 on 2023-08-12: units_sold=261, inventory=1178, amount=Rs 3711.42 - unusual combination of units, price and stock"
53023,2023-06-15,S002,P0004,unusual_sales_activity,medium,isolation_forest_only,2.18,0.687,"S002/P0004 on 2023-06-15: units_sold=264, inventory=987, amount=Rs 16365.36 - unusual combination of units, price and stock"
56115,2023-07-16,S001,P0016,unusual_sales_activity,medium,isolation_forest_only,2.79,0.687,"S001/P0016 on 2023-07-16: units_sold=340, inventory=522, amount=Rs 19271.20 - unusual combination of units, price and stock"
27402,2022-10-02,S001,P0003,unusual_sales_activity,medium,isolation_forest_only,2.71,0.686,"S001/P0003 on 2022-10-02: units_sold=274, inventory=850, amount=Rs 18900.52 - unusual combination of units, price and stock"
35963,2022-12-26,S004,P0004,unusual_sales_activity,medium,isolation_forest_only,2.95,0.686,"S004/P0004 on 2022-12-26: units_sold=289, inventory=342, amount=Rs 20021.92 - unusual combination of units, price and stock"
34704,2022-12-14,S001,P0005,unusual_sales_activity,medium,isolation_forest_only,2.75,0.678,"S001/P0005 on 2022-12-14: units_sold=248, inventory=889, amount=Rs 19063.76 - unusual combination of units, price and stock"
16385,2022-06-13,S005,P0006,unusual_sales_activity,medium,isolation_forest_only,2.67,0.677,"S005/P0006 on 2022-06-13: units_sold=271, inventory=773, amount=Rs 18666.48 - unusual combination of units, price and stock"
36169,2022-12-28,S004,P0010,unusual_sales_activity,medium,isolation_forest_only,1.04,0.677,"S004/P0010 on 2022-12-28: units_sold=285, inventory=285, amount=Rs 10918.35 - 100% of stock sold at once"
58460,2023-08-08,S004,P0001,unusual_sales_activity,medium,isolation_forest_only,-0.47,0.677,"S004/P0001 on 2023-08-08: units_sold=264, inventory=921, amount=Rs 3767.28 - unusual combination of units, price and stock"
42760,2023-03-04,S004,P0001,unusual_sales_activity,medium,isolation_forest_only,-1.26,0.676,"S004/P0001 on 2023-03-04: units_sold=0, inventory=0, amount=Rs 0.00 - unusual combination of units, price and stock"
60606,2023-08-30,S001,P0007,unusual_sales_activity,medium,isolation_forest_only,0.75,0.676,"S001/P0007 on 2023-08-30: units_sold=263, inventory=936, amount=Rs 9554.79 - unusual combination of units, price and stock"
746,2022-01-08,S003,P0007,unusual_sales_activity,medium,isolation_forest_only,0.1,0.675,"S003/P0007 on 2022-01-08: units_sold=315, inventory=791, amount=Rs 6476.40 - unusual combination of units, price and stock"
6385,2022-03-05,S005,P0006,unusual_sales_activity,medium,isolation_forest_only,2.75,0.675,"S005/P0006 on 2022-03-05: units_sold=240, inventory=847, amount=Rs 19082.40 - unusual combination of units, price and stock"
17552,2022-06-25,S003,P0013,unusual_sales_activity,medium,isolation_forest_only,2.63,0.675,"S003/P0013 on 2022-06-25: units_sold=238, inventory=984, amount=Rs 18504.50 - unusual combination of units, price and stock"
7632,2022-03-18,S002,P0013,unusual_sales_activity,medium,isolation_forest_only,1.28,0.674,"S002/P0013 on 2022-03-18: units_sold=356, inventory=390, amount=Rs 12061.28 - 91% of stock sold at once"
58666,2023-08-10,S004,P0007,unusual_sales_activity,medium,isolation_forest_only,1.58,0.674,"S004/P0007 on 2023-08-10: units_sold=313, inventory=407, amount=Rs 13518.47 - unusual combination of units, price and stock"
7841,2022-03-20,S003,P0002,unusual_sales_activity,medium,isolation_forest_only,2.94,0.673,"S003/P0002 on 2022-03-20: units_sold=249, inventory=249, amount=Rs 19964.82 - 100% of stock sold at once"
51833,2023-06-03,S002,P0014,unusual_sales_activity,medium,isolation_forest_only,2.98,0.672,"S002/P0014 on 2023-06-03: units_sold=141, inventory=801, amount=Rs 20168.64 - unusual combination of units, price and stock"
32033,2022-11-17,S002,P0014,unusual_sales_activity,medium,isolation_forest_only,2.84,0.671,"S002/P0014 on 2022-11-17: units_sold=130, inventory=807, amount=Rs 19485.70 - unusual combination of units, price and stock"
55285,2023-07-07,S005,P0006,unusual_sales_activity,medium,isolation_forest_only,2.53,0.671,"S005/P0006 on 2023-07-07: units_sold=228, inventory=832, amount=Rs 18009.72 - unusual combination of units, price and stock"
35738,2022-12-24,S002,P0019,unusual_sales_activity,medium,isolation_forest_only,-1.26,0.67,"S002/P0019 on 2022-12-24: units_sold=0, inventory=0, amount=Rs 0.00 - unusual combination of units, price and stock"
59663,2023-08-20,S004,P0004,unusual_sales_activity,medium,isolation_forest_only,2.81,0.67,"S004/P0004 on 2023-08-20: units_sold=268, inventory=605, amount=Rs 19363.00 - unusual combination of units, price and stock"
68341,2023-11-15,S003,P0002,unusual_sales_activity,medium,isolation_forest_only,2.67,0.67,"S003/P0002 on 2023-11-15: units_sold=275, inventory=725, amount=Rs 18697.25 - unusual combination of units, price and stock"
27472,2022-10-02,S004,P0013,unusual_sales_activity,medium,isolation_forest_only,0.43,0.669,"S004/P0013 on 2022-10-02: units_sold=297, inventory=311, amount=Rs 8033.85 - 95% of stock sold at once"
35104,2022-12-18,S001,P0005,unusual_sales_activity,medium,isolation_forest_only,2.09,0.669,"S001/P0005 on 2022-12-18: units_sold=233, inventory=1038, amount=Rs 15925.55 - unusual combination of units, price and stock"
32672,2022-11-23,S004,P0013,unusual_sales_activity,medium,isolation_forest_only,0.31,0.668,"S004/P0013 on 2022-11-23: units_sold=299, inventory=351, amount=Rs 7477.99 - unusual combination of units, price and stock"
43852,2023-03-15,S003,P0013,unusual_sales_activity,medium,isolation_forest_only,-1.03,0.668,"S003/P0013 on 2023-03-15: units_sold=12, inventory=12, amount=Rs 1107.24 - 100% of stock sold at once"
57860,2023-08-02,S004,P0001,unusual_sales_activity,medium,isolation_forest_only,-0.31,0.668,"S004/P0001 on 2023-08-02: units_sold=280, inventory=551, amount=Rs 4533.20 - unusual combination of units, price and stock"
57932,2023-08-03,S002,P0013,unusual_sales_activity,medium,isolation_forest_only,0.35,0.668,"S002/P0013 on 2023-08-03: units_sold=281, inventory=378, amount=Rs 7668.49 - unusual combination of units, price and stock"
74359,2024-01-14,S003,P0020,unusual_sales_activity,medium,isolation_forest_only,2.66,0.668,"S003/P0020 on 2024-01-14: units_sold=200, inventory=884, amount=Rs 18654.00 - unusual combination of units, price and stock"
17602,2022-06-26,S001,P0003,unusual_sales_activity,medium,isolation_forest_only,2.64,0.667,"S001/P0003 on 2022-06-26: units_sold=258, inventory=605, amount=Rs 18568.26 - unusual combination of units, price and stock"
30475,2022-11-01,S004,P0016,unusual_sales_activity,medium,isolation_forest_only,-1.13,0.667,"S004/P0016 on 2022-11-01: units_sold=4, inventory=4, amount=Rs 635.72 - 100% of stock sold at once"
54046,2023-06-25,S003,P0007,unusual_sales_activity,medium,isolation_forest_only,0.03,0.667,"S003/P0007 on 2023-06-25: units_sold=308, inventory=614, amount=Rs 6153.84 - unusual combination of units, price and stock"
4441,2022-02-14,S003,P0002,unusual_sales_activity,medium,isolation_forest_only,2.88,0.666,"S003/P0002 on 2022-02-14: units_sold=272, inventory=534, amount=Rs 19706.40 - unusual combination of units, price and stock"
58646,2023-08-10,S003,P0007,unusual_sales_activity,medium,isolation_forest_only,0.27,0.666,"S003/P0007 on 2023-08-10: units_sold=289, inventory=733, amount=Rs 7277.02 - unusual combination of units, price and stock"
23370,2022-08-22,S004,P0011,unusual_sales_activity,medium,isolation_forest_only,2.98,0.665,"S004/P0011 on 2022-08-22: units_sold=262, inventory=641, amount=Rs 20155.66 - unusual combination of units, price and stock"
29506,2022-10-23,S001,P0007,unusual_sales_activity,medium,isolation_forest_only,0.55,0.665,"S001/P0007 on 2022-10-23: units_sold=289, inventory=371, amount=Rs 8591.97 - unusual combination of units, price and stock"
53152,2023-06-16,S003,P0013,unusual_sales_activity,medium,isolation_forest_only,2.95,0.665,"S003/P0013 on 2023-06-16: units_sold=213, inventory=804, amount=Rs 20026.26 - unusual combination of units, price and stock"
64934,2023-10-12,S002,P0015,unusual_sales_activity,medium,isolation_forest_only,2.72,0.665,"S002/P0015 on 2023-10-12: units_sold=207, inventory=207, amount=Rs 18940.50 - 100% of stock sold at once"
67602,2023-11-08,S001,P0003,unusual_sales_activity,medium,isolation_forest_only,2.41,0.665,"S001/P0003 on 2023-11-08: units_sold=240, inventory=289, amount=Rs 17455.20 - unusual combination of units, price and stock"
22404,2022-08-13,S001,P0005,unusual_sales_activity,medium,isolation_forest_only,2.35,0.664,"S001/P0005 on 2022-08-13: units_sold=231, inventory=954, amount=Rs 17165.61 - unusual combination of units, price and stock"
51085,2023-05-26,S005,P0006,unusual_sales_activity,medium,isolation_forest_only,2.5,0.664,"S005/P0006 on 2023-05-26: units_sold=215, inventory=215, amount=Rs 17890.15 - 100% of stock sold at once"
17285,2022-06-22,S005,P0006,unusual_sales_activity,medium,isolation_forest_only,2.64,0.663,"S005/P0006 on 2022-06-22: units_sold=223, inventory=1645, amount=Rs 18558.06 - unusual combination of units, price and stock"
21585,2022-08-04,S005,P0006,unusual_sales_activity,medium,isolation_forest_only,2.24,0.663,"S005/P0006 on 2022-08-04: units_sold=253, inventory=732, amount=Rs 16622.10 - unusual combination of units, price and stock"
39024,2023-01-26,S002,P0005,unusual_sales_activity,medium,isolation_forest_only,2.92,0.663,"S002/P0005 on 2023-01-26: units_sold=204, inventory=1731, amount=Rs 19890.00 - unusual combination of units, price and stock"
16441,2022-06-14,S003,P0002,unusual_sales_activity,medium,isolation_forest_only,2.51,0.662,"S003/P0002 on 2022-06-14: units_sold=279, inventory=748, amount=Rs 17906.22 - unusual combination of units, price and stock"
22004,2022-08-09,S001,P0005,unusual_sales_activity,medium,isolation_forest_only,2.58,0.662,"S001/P0005 on 2022-08-09: units_sold=231, inventory=816, amount=Rs 18265.17 - unusual combination of units, price and stock"
46495,2023-04-10,S005,P0016,unusual_sales_activity,medium,isolation_forest_only,1.78,0.662,"S005/P0016 on 2023-04-10: units_sold=294, inventory=410, amount=Rs 14441.28 - unusual combination of units, price and stock"
22815,2022-08-17,S001,P0016,unusual_sales_activity,medium,isolation_forest_only,1.96,0.661,"S001/P0016 on 2022-08-17: units_sold=285, inventory=410, amount=Rs 15290.25 - unusual combination of units, price and stock"
35041,2022-12-17,S003,P0002,unusual_sales_activity,medium,isolation_forest_only,2.69,0.661,"S003/P0002 on 2022-12-17: units_sold=252, inventory=296, amount=Rs 18761.40 - unusual combination of units, price and stock"
65402,2023-10-17,S001,P0003,unusual_sales_activity,medium,isolation_forest_only,2.15,0.661,"S001/P0003 on 2023-10-17: units_sold=271, inventory=591, amount=Rs 16211.22 - unusual combination of units, price and stock"
346,2022-01-04,S003,P0007,unusual_sales_activity,medium,isolation_forest_only,-1.26,0.66,"S003/P0007 on 2022-01-04: units_sold=0, inventory=0, amount=Rs 0.00 - unusual combination of units, price and stock"
15388,2022-06-03,S005,P0009,unusual_sales_activity,medium,isolation_forest_only,-0.9,0.66,"S005/P0009 on 2022-06-03: units_sold=15, inventory=15, amount=Rs 1719.30 - 100% of stock sold at once"
16785,2022-06-17,S005,P0006,unusual_sales_activity,medium,isolation_forest_only,2.04,0.66,"S005/P0006 on 2022-06-17: units_sold=190, inventory=1016, amount=Rs 15707.30 - unusual combination of units, price and stock"
55143,2023-07-06,S003,P0004,unusual_sales_activity,medium,isolation_forest_only,1.02,0.66,"S003/P0004 on 2023-07-06: units_sold=330, inventory=671, amount=Rs 10840.50 - unusual combination of units, price and stock"
53541,2023-06-20,S003,P0002,unusual_sales_activity,medium,isolation_forest_only,2.62,0.659,"S003/P0002 on 2023-06-20: units_sold=248, inventory=463, amount=Rs 18441.28 - unusual combination of units, price and stock"
54363,2023-06-28,S004,P0004,unusual_sales_activity,medium,isolation_forest_only,2.14,0.659,"S004/P0004 on 2023-06-28: units_sold=204, inventory=204, amount=Rs 16146.60 - 100% of stock sold at once"
204,2022-01-03,S001,P0005,unusual_sales_activity,medium,isolation_forest_only,-1.26,0.658,"S001/P0005 on 2022-01-03: units_sold=0, inventory=0, amount=Rs 0.00 - unusual combination of units, price and stock"
15472,2022-06-04,S004,P0013,unusual_sales_activity,medium,isolation_forest_only,0.46,0.658,"S004/P0013 on 2022-06-04: units_sold=285, inventory=793, amount=Rs 8193.75 - unusual combination of units, price and stock"
20866,2022-07-28,S004,P0007,unusual_sales_activity,medium,isolation_forest_only,0.19,0.658,"S004/P0007 on 2022-07-28: units_sold=198, inventory=948, amount=Rs 6882.48 - unusual combination of units, price and stock"
37560,2023-01-11,S004,P0001,unusual_sales_activity,medium,isolation_forest_only,-0.62,0.658,"S004/P0001 on 2023-01-11: units_sold=244, inventory=823, amount=Rs 3040.24 - unusual combination of units, price and stock"
46347,2023-04-09,S003,P0008,unusual_sales_activity,medium,isolation_forest_only,-1.26,0.658,"S003/P0008 on 2023-04-09: units_sold=0, inventory=0, amount=Rs 0.00 - unusual combination of units, price and stock"
54769,2023-07-02,S004,P0010,unusual_sales_activity,medium,isolation_forest_only,0.57,0.658,"S004/P0010 on 2023-07-02: units_sold=271, inventory=498, amount=Rs 8680.13 - unusual combination of units, price and stock"
74060,2024-01-11,S004,P0001,unusual_sales_activity,medium,isolation_forest_only,-0.71,0.658,"S004/P0001 on 2024-01-11: units_sold=223, inventory=230, amount=Rs 2606.87 - 97% of stock sold at once"
38152,2023-01-17,S003,P0013,unusual_sales_activity,medium,isolation_forest_only,2.74,0.657,"S003/P0013 on 2023-01-17: units_sold=194, inventory=780, amount=Rs 19027.52 - unusual combination of units, price and stock"
58406,2023-08-08,S001,P0007,unusual_sales_activity,medium,isolation_forest_only,0.52,0.657,"S001/P0007 on 2023-08-08: units_sold=235, inventory=872, amount=Rs 8464.70 - unusual combination of units, price and stock"
8260,2022-03-24,S004,P0001,unusual_sales_activity,medium,isolation_forest_only,-1.26,0.656,"S004/P0001 on 2022-03-24: units_sold=0, inventory=0, amount=Rs 0.00 - unusual combination of units, price and stock"
26066,2022-09-18,S004,P0007,unusual_sales_activity,medium,isolation_forest_only,1.35,0.656,"S004/P0007 on 2022-09-18: units_sold=305, inventory=545, amount=Rs 12413.50 - unusual combination of units, price and stock"
55366,2023-07-08,S004,P0007,unusual_sales_activity,medium,isolation_forest_only,0.99,0.656,"S004/P0007 on 2023-07-08: units_sold=282, inventory=526, amount=Rs 10710.36 - unusual combination of units, price and stock"
66260,2023-10-25,S004,P0001,unusual_sales_activity,medium,isolation_forest_only,-0.54,0.656,"S004/P0001 on 2023-10-25: units_sold=258, inventory=573, amount=Rs 3403.02 - unusual combination of units, price and stock"
16252,2022-06-12,S003,P0013,unusual_sales_activity,medium,isolation_forest_only,2.59,0.655,"S003/P0013 on 2022-06-12: units_sold=190, inventory=761, amount=Rs 18323.60 - unusual combination of units, price and stock"
22732,2022-08-16,S002,P0013,unusual_sales_activity,medium,isolation_forest_only,0.8,0.655,"S002/P0013 on 2022-08-16: units_sold=304, inventory=519, amount=Rs 9819.20 - unusual combination of units, price and stock"
43215,2023-03-09,S001,P0016,unusual_sales_activity,medium,isolation_forest_only,1.94,0.655,"S001/P0016 on 2023-03-09: units_sold=285, inventory=476, amount=Rs 15238.95 - unusual combination of units, price and stock"
58092,2023-08-04,S005,P0013,unusual_sales_activity,medium,isolation_forest_only,2.52,0.655,"S005/P0013 on 2023-08-04: units_sold=193, inventory=193, amount=Rs 17966.37 - 100% of stock sold at once"
73134,2024-01-02,S002,P0015,unusual_sales_activity,medium,isolation_forest_only,2.78,0.655,"S002/P0015 on 2024-01-02: units_sold=216, inventory=779, amount=Rs 19224.00 - unusual combination of units, price and stock"
6285,2022-03-04,S005,P0006,unusual_sales_activity,medium,isolation_forest_only,2.95,0.654,"S005/P0006 on 2022-03-04: units_sold=261, inventory=1108, amount=Rs 20005.65 - unusual combination of units, price and stock"
57806,2023-08-02,S001,P0007,unusual_sales_activity,medium,isolation_forest_only,0.09,0.654,"S001/P0007 on 2023-08-02: units_sold=208, inventory=934, amount=Rs 6398.08 - unusual combination of units, price and stock"
57923,2023-08-03,S002,P0004,unusual_sales_activity,medium,isolation_forest_only,2.0,0.654,"S002/P0004 on 2023-08-03: units_sold=293, inventory=811, amount=Rs 15511.42 - unusual combination of units, price and stock"
61004,2023-09-03,S001,P0005,unusual_sales_activity,medium,isolation_forest_only,1.73,0.654,"S001/P0005 on 2023-09-03: units_sold=194, inventory=887, amount=Rs 14237.66 - unusual combination of units, price and stock"
70092,2023-12-02,S005,P0013,unusual_sales_activity,medium,isolation_forest_only,2.72,0.654,"S005/P0013 on 2023-12-02: units_sold=222, inventory=319, amount=Rs 18943.26 - unusual combination of units, price and stock"
252,2022-01-03,S003,P0013,unusual_sales_activity,medium,isolation_forest_only,-1.26,0.653,"S003/P0013 on 2022-01-03: units_sold=0, inventory=0, amount=Rs 0.00 - unusual combination of units, price and stock"
15615,2022-06-06,S001,P0016,unusual_sales_activity,medium,isolation_forest_only,1.14,0.653,"S001/P0016 on 2022-06-06: units_sold=266, inventory=653, amount=Rs 11427.36 - unusual combination of units, price and stock"
23684,2022-08-25,S005,P0005,unusual_sales_activity,medium,isolation_forest_only,0.82,0.653,"S005/P0005 on 2022-08-25: units_sold=350, inventory=414, amount=Rs 9873.50 - unusual combination of units, price and stock"
24885,2022-09-06,S005,P0006,unusual_sales_activity,medium,isolation_forest_only,2.03,0.653,"S005/P0006 on 2022-09-06: units_sold=221, inventory=792, amount=Rs 15640.17 - unusual combination of units, price and stock"
42809,2023-03-05,S001,P0010,unusual_sales_activity,medium,isolation_forest_only,-1.26,0.653,"S001/P0010 on 2023-03-05: units_sold=0, inventory=0, amount=Rs 0.00 - unusual combination of units, price and stock"
51785,2023-06-02,S005,P0006,unusual_sales_activity,medium,isolation_forest_only,1.94,0.653,"S005/P0006 on 2023-06-02: units_sold=193, inventory=903, amount=Rs 15235.42 - unusual combination of units, price and stock"
58692,2023-08-10,S005,P0013,unusual_sales_activity,medium,isolation_forest_only,2.81,0.653,"S005/P0013 on 2023-08-10: units_sold=241, inventory=1192, amount=Rs 19352.30 - unusual combination of units, price and stock"
4246,2022-02-12,S003,P0007,unusual_sales_activity,medium,isolation_forest_only,-0.49,0.652,"S003/P0007 on 2022-02-12: units_sold=189, inventory=992, amount=Rs 3638.25 - unusual combination of units, price and stock"
21666,2022-08-05,S004,P0007,unusual_sales_activity,medium,isolation_forest_only,0.33,0.652,"S004/P0007 on 2022-08-05: units_sold=205, inventory=899, amount=Rs 7560.40 - unusual combination of units, price and stock"
33702,2022-12-04,S001,P0003,unusual_sales_activity,medium,isolation_forest_only,2.41,0.652,"S001/P0003 on 2022-12-04: units_sold=230, inventory=691, amount=Rs 17470.80 - unusual combination of units, price and stock"
42830,2023-03-05,S002,P0011,unusual_sales_activity,medium,isolation_forest_only,-1.26,0.652,"S002/P0011 on 2023-03-05: units_sold=0, inventory=0, amount=Rs 0.00 - unusual combination of units, price and stock"
53554,2023-06-20,S003,P0015,unusual_sales_activity,medium,isolation_forest_only,2.56,0.652,"S003/P0015 on 2023-06-20: units_sold=135, inventory=1708, amount=Rs 18166.95 - unusual combination of units, price and stock"
60393,2023-08-27,S005,P0014,unusual_sales_activity,medium,isolation_forest_only,0.49,0.652,"S005/P0014 on 2023-08-27: units_sold=42, inventory=42, amount=Rs 8318.94 - 100% of stock sold at once"
60660,2023-08-30,S004,P0001,unusual_sales_activity,medium,isolation_forest_only,-0.48,0.652,"S004/P0001 on 2023-08-30: units_sold=250, inventory=450, amount=Rs 3727.50 - unusual combination of units, price and stock"
66595,2023-10-28,S005,P0016,unusual_sales_activity,medium,isolation_forest_only,1.26,0.652,"S005/P0016 on 2023-10-28: units_sold=252, inventory=298, amount=Rs 11997.72 - unusual combination of units, price and stock"
70260,2023-12-04,S004,P0001,unusual_sales_activity,medium,isolation_forest_only,-0.63,0.652,"S004/P0001 on 2023-12-04: units_sold=237, inventory=378, amount=Rs 2990.94 - unusual combination of units, price and stock"
15346,2022-06-03,S003,P0007,unusual_sales_activity,medium,isolation_forest_only,-0.35,0.651,"S003/P0007 on 2022-06-03: units_sold=246, inventory=779, amount=Rs 4339.44 - unusual combination of units, price and stock"
16165,2022-06-11,S004,P0006,unusual_sales_activity,medium,isolation_forest_only,2.05,0.651,"S004/P0006 on 2022-06-11: units_sold=258, inventory=294, amount=Rs 15750.90 - unusual combination of units, price and stock"
22330,2022-08-12,S002,P0011,unusual_sales_activity,medium,isolation_forest_only,-1.26,0.651,"S002/P0011 on 2022-08-12: units_sold=0, inventory=0, amount=Rs 0.00 - unusual combination of units, price and stock"
32946,2022-11-26,S003,P0007,unusual_sales_activity,medium,isolation_forest_only,0.01,0.651,"S003/P0007 on 2022-11-26: units_sold=302, inventory=1397, amount=Rs 6021.88 - unusual combination of units, price and stock"
36172,2022-12-28,S004,P0013,unusual_sales_activity,medium,isolation_forest_only,0.23,0.651,"S004/P0013 on 2022-12-28: units_sold=289, inventory=677, amount=Rs 7097.84 - unusual combination of units, price and stock"
61270,2023-09-05,S004,P0011,unusual_sales_activity,medium,isolation_forest_only,2.45,0.651,"S004/P0011 on 2023-09-05: units_sold=233, inventory=669, amount=Rs 17624.12 - unusual combination of units, price and stock"
66272,2023-10-25,S004,P0013,unusual_sales_activity,medium,isolation_forest_only,0.55,0.651,"S004/P0013 on 2023-10-25: units_sold=288, inventory=363, amount=Rs 8619.84 - unusual combination of units, price and stock"
68631,2023-11-18,S002,P0012,unusual_sales_activity,medium,isolation_forest_only,2.24,0.651,"S002/P0012 on 2023-11-18: units_sold=211, inventory=212, amount=Rs 16631.02 - 100% of stock sold at once"
734,2022-01-08,S002,P0015,unusual_sales_activity,medium,isolation_forest_only,2.19,0.65,"S002/P0015 on 2022-01-08: units_sold=217, inventory=733, amount=Rs 16426.90 - unusual combination of units, price and stock"
9954,2022-04-10,S003,P0015,unusual_sales_activity,medium,isolation_forest_only,2.98,0.65,"S003/P0015 on 2022-04-10: units_sold=160, inventory=654, amount=Rs 20177.60 - unusual combination of units, price and stock"
25846,2022-09-16,S003,P0007,unusual_sales_activity,medium,isolation_forest_only,-0.31,0.65,"S003/P0007 on 2022-09-16: units_sold=241, inventory=889, amount=Rs 4523.57 - unusual combination of units, price and stock"
34266,2022-12-09,S004,P0007,unusual_sales_activity,medium,isolation_forest_only,0.33,0.65,"S004/P0007 on 2022-12-09: units_sold=225, inventory=225, amount=Rs 7578.00 - 100% of stock sold at once"
35934,2022-12-26,S002,P0015,unusual_sales_activity,medium,isolation_forest_only,1.89,0.65,"S002/P0015 on 2022-12-26: units_sold=196, inventory=849, amount=Rs 14988.12 - unusual combination of units, price and stock"
44104,2023-03-18,S001,P0005,unusual_sales_activity,medium,isolation_forest_only,-1.26,0.65,"S001/P0005 on 2023-03-18: units_sold=0, inventory=0, amount=Rs 0.00 - unusual combination of units, price and stock"
52666,2023-06-11,S004,P0007,unusual_sales_activity,medium,isolation_forest_only,0.71,0.65,"S004/P0007 on 2023-06-11: units_sold=237, inventory=811, amount=Rs 9378.09 - unusual combination of units, price and stock"
56752,2023-07-22,S003,P0013,unusual_sales_activity,medium,isolation_forest_only,2.58,0.65,"S003/P0013 on 2023-07-22: units_sold=195, inventory=781, amount=Rs 18277.35 - unusual combination of units, price and stock"
69243,2023-11-24,S003,P0004,unusual_sales_activity,medium,isolation_forest_only,0.07,0.65,"S003/P0004 on 2023-11-24: units_sold=256, inventory=404, amount=Rs 6312.96 - unusual combination of units, price and stock"
659,2022-01-07,S003,P0020,unusual_sales_activity,medium,isolation_forest_only,2.61,0.649,"S003/P0020 on 2022-01-07: units_sold=169, inventory=769, amount=Rs 18388.89 - unusual combination of units, price and stock"
15219,2022-06-02,S001,P0020,unusual_sales_activity,medium,isolation_forest_only,2.99,0.649,"S001/P0020 on 2022-06-02: units_sold=141, inventory=167, amount=Rs 20229.27 - unusual combination of units, price and stock"
22689,2022-08-15,S005,P0010,unusual_sales_activity,medium,isolation_forest_only,2.03,0.649,"S005/P0010 on 2022-08-15: units_sold=213, inventory=752, amount=Rs 15649.11 - unusual combination of units, price and stock"
22894,2022-08-17,S005,P0015,unusual_sales_activity,medium,isolation_forest_only,2.02,0.649,"S005/P0015 on 2022-08-17: units_sold=276, inventory=289, amount=Rs 15610.56 - 96% of stock sold at once"
26060,2022-09-18,S004,P0001,unusual_sales_activity,medium,isolation_forest_only,-0.63,0.649,"S004/P0001 on 2022-09-18: units_sold=232, inventory=686, amount=Rs 3011.36 - unusual combination of units, price and stock"
31506,2022-11-12,S001,P0007,unusual_sales_activity,medium,isolation_forest_only,0.24,0.649,"S001/P0007 on 2022-11-12: units_sold=224, inventory=850, amount=Rs 7129.92 - unusual combination of units, price and stock"
52694,2023-06-11,S005,P0015,unusual_sales_activity,medium,isolation_forest_only,2.88,0.649,"S005/P0015 on 2023-06-11: units_sold=278, inventory=438, amount=Rs 19676.84 - unusual combination of units, price and stock"
9602,2022-04-07,S001,P0003,unusual_sales_activity,medium,isolation_forest_only,2.5,0.648,"S001/P0003 on 2022-04-07: units_sold=224, inventory=657, amount=Rs 17861.76 - unusual combination of units, price and stock"
15466,2022-06-04,S004,P0007,unusual_sales_activity,medium,isolation_forest_only,-1.07,0.648,"S004/P0007 on 2022-06-04: units_sold=23, inventory=23, amount=Rs 908.27 - 100% of stock sold at once"
22160,2022-08-10,S004,P0001,unusual_sales_activity,medium,isolation_forest_only,-0.61,0.648,"S004/P0001 on 2022-08-10: units_sold=227, inventory=352, amount=Rs 3087.20 - unusual combination of units, price and stock"
59241,2023-08-16,S003,P0002,unusual_sales_activity,medium,isolation_forest_only,2.17,0.648,"S003/P0002 on 2023-08-16: units_sold=249, inventory=387, amount=Rs 16299.54 - unusual combination of units, price and stock"
59523,2023-08-19,S002,P0004,unusual_sales_activity,medium,isolation_forest_only,1.22,0.648,"S002/P0004 on 2023-08-19: units_sold=236, inventory=768, amount=Rs 11814.16 - unusual combination of units, price and stock"
64394,2023-10-06,S005,P0015,unusual_sales_activity,medium,isolation_forest_only,2.44,0.648,"S005/P0015 on 2023-10-06: units_sold=247, inventory=247, amount=Rs 17588.87 - 100% of stock sold at once"
6059,2022-03-02,S003,P0020,unusual_sales_activity,medium,isolation_forest_only,2.57,0.647,"S003/P0020 on 2022-03-02: units_sold=223, inventory=385, amount=Rs 18199.03 - unusual combination of units, price and stock"
20488,2022-07-24,S005,P0009,unusual_sales_activity,medium,isolation_forest_only,-1.18,0.647,"S005/P0009 on 2022-07-24: units_sold=4, inventory=4, amount=Rs 392.20 - 100% of stock sold at once"
20892,2022-07-28,S005,P0013,unusual_sales_activity,medium,isolation_forest_only,-1.26,0.647,"S005/P0013 on 2022-07-28: units_sold=0, inventory=0, amount=Rs 0.00 - unusual combination of units, price and stock"
35066,2022-12-17,S004,P0007,unusual_sales_activity,medium,isolation_forest_only,0.25,0.647,"S004/P0007 on 2022-12-17: units_sold=216, inventory=837, amount=Rs 7160.40 - unusual combination of units, price and stock"
46093,2023-04-06,S005,P0014,unusual_sales_activity,medium,isolation_forest_only,-0.67,0.647,"S005/P0014 on 2023-04-06: units_sold=14, inventory=14, amount=Rs 2785.72 - 100% of stock sold at once"
58228,2023-08-06,S002,P0009,unusual_sales_activity,medium,isolation_forest_only,2.8,0.647,"S002/P0009 on 2023-08-06: units_sold=204, inventory=204, amount=Rs 19298.40 - 100% of stock sold at once"
59932,2023-08-23,S002,P0013,unusual_sales_activity,medium,isolation_forest_only,0.12,0.647,"S002/P0013 on 2023-08-23: units_sold=255, inventory=771, amount=Rs 6568.80 - unusual combination of units, price and stock"
3954,2022-02-09,S003,P0015,unusual_sales_activity,medium,isolation_forest_only,2.93,0.646,"S003/P0015 on 2022-02-09: units_sold=172, inventory=717, amount=Rs 19905.56 - unusual combination of units, price and stock"
7423,2022-03-16,S002,P0004,unusual_sales_activity,medium,isolation_forest_only,1.9,0.646,"S002/P0004 on 2022-03-16: units_sold=237, inventory=260, amount=Rs 15044.76 - 91% of stock sold at once"
17613,2022-06-26,S001,P0014,unusual_sales_activity,medium,isolation_forest_only,2.43,0.646,"S001/P0014 on 2022-06-26: units_sold=201, inventory=790, amount=Rs 17543.28 - unusual combination of units, price and stock"
37666,2023-01-12,S004,P0007,unusual_sales_activity,medium,isolation_forest_only,0.54,0.646,"S004/P0007 on 2023-01-12: units_sold=236, inventory=307, amount=Rs 8580.96 - unusual combination of units, price and stock"
37841,2023-01-14,S003,P0002,unusual_sales_activity,medium,isolation_forest_only,1.97,0.646,"S003/P0002 on 2023-01-14: units_sold=248, inventory=355, amount=Rs 15356.16 - unusual combination of units, price and stock"
39902,2023-02-04,S001,P0003,unusual_sales_activity,medium,isolation_forest_only,2.35,0.646,"S001/P0003 on 2023-02-04: units_sold=230, inventory=377, amount=Rs 17146.50 - unusual combination of units, price and stock"
47702,2023-04-23,S001,P0003,unusual_sales_activity,medium,isolation_forest_only,1.52,0.646,"S001/P0003 on 2023-04-23: units_sold=229, inventory=276, amount=Rs 13243.07 - unusual combination of units, price and stock"
53546,2023-06-20,S003,P0007,unusual_sales_activity,medium,isolation_forest_only,0.13,0.646,"S003/P0007 on 2023-06-20: units_sold=311, inventory=1286, amount=Rs 6586.98 - unusual combination of units, price and stock"
55885,2023-07-13,S005,P0006,unusual_sales_activity,medium,isolation_forest_only,2.36,0.646,"S005/P0006 on 2023-07-13: units_sold=238, inventory=1316, amount=Rs 17233.58 - unusual combination of units, price and stock"
10663,2022-04-17,S004,P0004,unusual_sales_activity,medium,isolation_forest_only,1.89,0.645,"S004/P0004 on 2022-04-17: units_sold=253, inventory=703, amount=Rs 15002.90 - unusual combination of units, price and stock"
20533,2022-07-25,S002,P0014,unusual_sales_activity,medium,isolation_forest_only,-1.26,0.645,"S002/P0014 on 2022-07-25: units_sold=0, inventory=0, amount=Rs 0.00 - unusual combination of units, price and stock"
22613,2022-08-15,S001,P0014,unusual_sales_activity,medium,isolation_forest_only,2.69,0.645,"S001/P0014 on 2022-08-15: units_sold=218, inventory=622, amount=Rs 18795.96 - unusual combination of units, price and stock"
23246,2022-08-21,S003,P0007,unusual_sales_activity,medium,isolation_forest_only,-0.36,0.645,"S003/P0007 on 2022-08-21: units_sold=214, inventory=821, amount=Rs 4288.56 - unusual combination of units, price and stock"
26843,2022-09-26,S003,P0004,unusual_sales_activity,medium,isolation_forest_only,0.33,0.645,"S003/P0004 on 2022-09-26: units_sold=277, inventory=287, amount=Rs 7570.41 - 97% of stock sold at once"
26860,2022-09-26,S004,P0001,unusual_sales_activity,medium,isolation_forest_only,-0.77,0.645,"S004/P0001 on 2022-09-26: units_sold=207, inventory=704, amount=Rs 2322.54 - unusual combination of units, price and stock"
27191,2022-09-29,S005,P0012,unusual_sales_activity,medium,isolation_forest_only,-1.26,0.645,"S005/P0012 on 2022-09-29: units_sold=0, inventory=0, amount=Rs 0.00 - unusual combination of units, price and stock"
31133,2022-11-08,S002,P0014,unusual_sales_activity,medium,isolation_forest_only,2.33,0.645,"S002/P0014 on 2022-11-08: units_sold=115, inventory=115, amount=Rs 17049.90 - 100% of stock sold at once"
36193,2022-12-28,S005,P0014,unusual_sales_activity,medium,isolation_forest_only,2.13,0.645,"S005/P0014 on 2022-12-28: units_sold=74, inventory=74, amount=Rs 16124.60 - 100% of stock sold at once"
45944,2023-04-05,S003,P0005,unusual_sales_activity,medium,isolation_forest_only,0.24,0.645,"S003/P0005 on 2023-04-05: units_sold=251, inventory=799, amount=Rs 7123.38 - unusual combination of units, price and stock"
53954,2023-06-24,S003,P0015,unusual_sales_activity,medium,isolation_forest_only,2.82,0.645,"S003/P0015 on 2023-06-24: units_sold=145, inventory=1214, amount=Rs 19403.90 - unusual combination of units, price and stock"
61009,2023-09-03,S001,P0010,unusual_sales_activity,medium,isolation_forest_only,1.52,0.645,"S001/P0010 on 2023-09-03: units_sold=80, inventory=80, amount=Rs 13203.20 - 100% of stock sold at once"
62352,2023-09-16,S003,P0013,unusual_sales_activity,medium,isolation_forest_only,2.4,0.645,"S003/P0013 on 2023-09-16: units_sold=216, inventory=685, amount=Rs 17420.40 - unusual combination of units, price and stock"
67038,2023-11-02,S002,P0019,unusual_sales_activity,medium,isolation_forest_only,2.84,0.645,"S002/P0019 on 2023-11-02: units_sold=172, inventory=172, amount=Rs 19477.28 - 100% of stock sold at once"
262,2022-01-03,S004,P0003,unusual_sales_activity,medium,isolation_forest_only,-1.26,0.644,"S004/P0003 on 2022-01-03: units_sold=0, inventory=0, amount=Rs 0.00 - unusual combination of units, price and stock"
23328,2022-08-22,S002,P0009,unusual_sales_activity,medium,isolation_forest_only,2.79,0.644,"S002/P0009 on 2022-08-22: units_sold=219, inventory=346, amount=Rs 19250.10 - unusual combination of units, price and stock"
31560,2022-11-12,S004,P0001,unusual_sales_activity,medium,isolation_forest_only,-0.67,0.644,"S004/P0001 on 2022-11-12: units_sold=228, inventory=398, amount=Rs 2790.72 - unusual combination of units, price and stock"
57104,2023-07-26,S001,P0005,unusual_sales_activity,medium,isolation_forest_only,2.39,0.644,"S001/P0005 on 2023-07-26: units_sold=234, inventory=1302, amount=Rs 17344.08 - unusual combination of units, price and stock"
59306,2023-08-17,S001,P0007,unusual_sales_activity,medium,isolation_forest_only,0.16,0.644,"S001/P0007 on 2023-08-17: units_sold=231, inventory=722, amount=Rs 6761.37 - unusual combination of units, price and stock"
70730,2023-12-09,S002,P0011,unusual_sales_activity,medium,isolation_forest_only,-1.26,0.644,"S002/P0011 on 2023-12-09: units_sold=0, inventory=0, amount=Rs 0.00 - unusual combination of units, price and stock"
189,2022-01-02,S005,P0010,unusual_sales_activity,medium,isolation_forest_only,-1.26,0.643,"S005/P0010 on 2022-01-02: units_sold=0, inventory=0, amount=Rs 0.00 - unusual combination of units, price and stock"
6260,2022-03-04,S004,P0001,unusual_sales_activity,medium,isolation_forest_only,-0.57,0.643,"S004/P0001 on 2022-03-04: units_sold=242, inventory=619, amount=Rs 3279.10 - unusual combination of units, price and stock"
40959,2023-02-14,S003,P0020,unusual_sales_activity,medium,isolation_forest_only,-0.47,0.643,"S003/P0020 on 2023-02-14: units_sold=37, inventory=37, amount=Rs 3770.67 - 100% of stock sold at once"
43772,2023-03-14,S004,P0013,unusual_sales_activity,medium,isolation_forest_only,0.04,0.643,"S004/P0013 on 2023-03-14: units_sold=227, inventory=792, amount=Rs 6183.48 - unusual combination of units, price and stock"
55302,2023-07-08,S001,P0003,unusual_sales_activity,medium,isolation_forest_only,1.81,0.643,"S001/P0003 on 2023-07-08: units_sold=227, inventory=319, amount=Rs 14609.72 - unusual combination of units, price and stock"
63860,2023-10-01,S004,P0001,unusual_sales_activity,medium,isolation_forest_only,-0.63,0.643,"S004/P0001 on 2023-10-01: units_sold=205, inventory=740, amount=Rs 2982.75 - unusual combination of units, price and stock"
68789,2023-11-19,S005,P0010,unusual_sales_activity,medium,isolation_forest_only,2.48,0.643,"S005/P0010 on 2023-11-19: units_sold=211, inventory=320, amount=Rs 17772.53 - unusual combination of units, price and stock"
1770,2022-01-18,S004,P0011,unusual_sales_activity,medium,isolation_forest_only,1.69,0.642,"S004/P0011 on 2022-01-18: units_sold=220, inventory=771, amount=Rs 14018.40 - unusual combination of units, price and stock"
15254,2022-06-02,S003,P0015,unusual_sales_activity,medium,isolation_forest_only,2.99,0.642,"S003/P0015 on 2022-06-02: units_sold=162, inventory=672, amount=Rs 20222.46 - unusual combination of units, price and stock"
17653,2022-06-26,S003,P0014,unusual_sales_activity,medium,isolation_forest_only,-1.03,0.642,"S003/P0014 on 2022-06-26: units_sold=11, inventory=11, amount=Rs 1096.59 - 100% of stock sold at once"
17669,2022-06-26,S004,P0010,unusual_sales_activity,medium,isolation_forest_only,0.56,0.642,"S004/P0010 on 2022-06-26: units_sold=244, inventory=697, amount=Rs 8647.36 - unusual combination of units, price and stock"
21915,2022-08-08,S001,P0016,unusual_sales_activity,medium,isolation_forest_only,3.0,0.642,"S001/P0016 on 2022-08-08: units_sold=339, inventory=339, amount=Rs 20255.25 - 100% of stock sold at once"
56792,2023-07-22,S005,P0013,unusual_sales_activity,medium,isolation_forest_only,-0.28,0.642,"S005/P0013 on 2023-07-22: units_sold=43, inventory=43, amount=Rs 4650.88 - 100% of stock sold at once"
72260,2023-12-24,S004,P0001,unusual_sales_activity,medium,isolation_forest_only,-0.71,0.642,"S004/P0001 on 2023-12-24: units_sold=227, inventory=476, amount=Rs 2615.04 - unusual combination of units, price and stock"
295,2022-01-03,S005,P0016,unusual_sales_activity,medium,isolation_forest_only,-1.26,0.641,"S005/P0016 on 2022-01-03: units_sold=0, inventory=0, amount=Rs 0.00 - unusual combination of units, price and stock"
25170,2022-09-09,S004,P0011,unusual_sales_activity,medium,isolation_forest_only,1.91,0.641,"S004/P0011 on 2022-09-09: units_sold=216, inventory=723, amount=Rs 15085.44 - unusual combination of units, price and stock"
26002,2022-09-18,S001,P0003,unusual_sales_activity,medium,isolation_forest_only,-1.26,0.641,"S001/P0003 on 2022-09-18: units_sold=0, inventory=0, amount=Rs 0.00 - unusual combination of units, price and stock"
26498,2022-09-22,S005,P0019,unusual_sales_activity,medium,isolation_forest_only,-1.26,0.641,"S005/P0019 on 2022-09-22: units_sold=0, inventory=0, amount=Rs 0.00 - unusual combination of units, price and stock"
33160,2022-11-28,S004,P0001,unusual_sales_activity,medium,isolation_forest_only,-0.59,0.641,"S004/P0001 on 2022-11-28: units_sold=207, inventory=712, amount=Rs 3196.08 - unusual combination of units, price and stock"
38406,2023-01-20,S001,P0007,unusual_sales_activity,medium,isolation_forest_only,0.08,0.641,"S001/P0007 on 2023-01-20: units_sold=221, inventory=740, amount=Rs 6358.17 - unusual combination of units, price and stock"
52266,2023-06-07,S004,P0007,unusual_sales_activity,medium,isolation_forest_only,-1.26,0.641,"S004/P0007 on 2023-06-07: units_sold=0, inventory=0, amount=Rs 0.00 - unusual combination of units, price and stock"
56563,2023-07-20,S004,P0004,unusual_sales_activity,medium,isolation_forest_only,2.52,0.641,"S004/P0004 on 2023-07-20: units_sold=223, inventory=1216, amount=Rs 17953.73 - unusual combination of units, price and stock"
57473,2023-07-29,S004,P0014,unusual_sales_activity,medium,isolation_forest_only,-1.26,0.641,"S004/P0014 on 2023-07-29: units_sold=0, inventory=0, amount=Rs 0.00 - unusual combination of units, price and stock"
58423,2023-08-08,S002,P0004,unusual_sales_activity,medium,isolation_forest_only,1.56,0.641,"S002/P0004 on 2023-08-08: units_sold=256, inventory=553, amount=Rs 13409.28 - unusual combination of units, price and stock"
58663,2023-08-10,S004,P0004,unusual_sales_activity,medium,isolation_forest_only,-1.19,0.641,"S004/P0004 on 2023-08-10: units_sold=5, inventory=5, amount=Rs 339.35 - 100% of stock sold at once"
63066,2023-09-23,S004,P0007,unusual_sales_activity,medium,isolation_forest_only,0.43,0.641,"S004/P0007 on 2023-09-23: units_sold=218, inventory=790, amount=Rs 8042.02 - unusual combination of units, price and stock"
71592,2023-12-17,S005,P0013,unusual_sales_activity,medium,isolation_forest_only,2.96,0.641,"S005/P0013 on 2023-12-17: units_sold=221, inventory=403, amount=Rs 20060.17 - unusual combination of units, price and stock"
6538,2022-03-07,S002,P0019,unusual_sales_activity,medium,isolation_forest_only,2.81,0.64,"S002/P0019 on 2022-03-07: units_sold=192, inventory=598, amount=Rs 19332.48 - unusual combination of units, price and stock"
8459,2022-03-26,S003,P0020,unusual_sales_activity,medium,isolation_forest_only,1.95,0.64,"S003/P0020 on 2022-03-26: units_sold=196, inventory=786, amount=Rs 15268.40 - unusual combination of units, price and stock"
25563,2022-09-13,S004,P0004,unusual_sales_activity,medium,isolation_forest_only,2.33,0.64,"S004/P0004 on 2022-09-13: units_sold=244, inventory=543, amount=Rs 17053.16 - unusual combination of units, price and stock"
35192,2022-12-18,S005,P0013,unusual_sales_activity,medium,isolation_forest_only,2.73,0.64,"S005/P0013 on 2022-12-18: units_sold=200, inventory=396, amount=Rs 18972.00 - unusual combination of units, price and stock"
43492,2023-03-11,S005,P0013,unusual_sales_activity,medium,isolation_forest_only,2.94,0.64,"S005/P0013 on 2023-03-11: units_sold=247, inventory=370, amount=Rs 19987.24 - unusual combination of units, price and stock"
51669,2023-06-01,S004,P0010,unusual_sales_activity,medium,isolation_forest_only,0.13,0.64,"S004/P0010 on 2023-06-01: units_sold=197, inventory=197, amount=Rs 6623.14 - 100% of stock sold at once"
54443,2023-06-29,S003,P0004,unusual_sales_activity,medium,isolation_forest_only,0.28,0.64,"S003/P0004 on 2023-06-29: units_sold=238, inventory=314, amount=Rs 7306.60 - unusual combination of units, price and stock"
67506,2023-11-07,S001,P0007,unusual_sales_activity,medium,isolation_forest_only,0.27,0.64,"S001/P0007 on 2023-11-07: units_sold=213, inventory=729, amount=Rs 7295.25 - unusual combination of units, price and stock"
70385,2023-12-05,S005,P0006,unusual_sales_activity,medium,isolation_forest_only,1.95,0.64,"S005/P0006 on 2023-12-05: units_sold=205, inventory=731, amount=Rs 15249.95 - unusual combination of units, price and stock"
1085,2022-01-11,S005,P0006,unusual_sales_activity,medium,isolation_forest_only,1.53,0.639,"S005/P0006 on 2022-01-11: units_sold=190, inventory=817, amount=Rs 13277.20 - unusual combination of units, price and stock"
17763,2022-06-27,S004,P0004,unusual_sales_activity,medium,isolation_forest_only,2.03,0.639,"S004/P0004 on 2022-06-27: units_sold=231, inventory=761, amount=Rs 15636.39 - unusual combination of units, price and stock"
20692,2022-07-26,S005,P0013,unusual_sales_activity,medium,isolation_forest_only,2.8,0.639,"S005/P0013 on 2022-07-26: units_sold=236, inventory=293, amount=Rs 19323.68 - unusual combination of units, price and stock"
28831,2022-10-16,S002,P0012,unusual_sales_activity,medium,isolation_forest_only,2.46,0.639,"S002/P0012 on 2022-10-16: units_sold=211, inventory=211, amount=Rs 17713.45 - 100% of stock sold at once"
31363,2022-11-10,S004,P0004,unusual_sales_activity,medium,isolation_forest_only,2.27,0.639,"S004/P0004 on 2022-11-10: units_sold=233, inventory=706, amount=Rs 16806.29 - unusual combination of units, price and stock"
57328,2023-07-28,S002,P0009,unusual_sales_activity,medium,isolation_forest_only,2.91,0.639,"S002/P0009 on 2023-07-28: units_sold=245, inventory=309, amount=Rs 19827.85 - unusual combination of units, price and stock"
62754,2023-09-20,S003,P0015,unusual_sales_activity,medium,isolation_forest_only,-0.95,0.639,"S003/P0015 on 2023-09-20: units_sold=13, inventory=13, amount=Rs 1492.01 - 100% of stock sold at once"
68093,2023-11-12,S005,P0014,unusual_sales_activity,medium,isolation_forest_only,-1.26,0.639,"S005/P0014 on 2023-11-12: units_sold=0, inventory=0, amount=Rs 0.00 - unusual combination of units, price and stock"
71985,2023-12-21,S005,P0006,unusual_sales_activity,medium,isolation_forest_only,1.25,0.639,"S005/P0006 on 2023-12-21: units_sold=190, inventory=900, amount=Rs 11958.60 - unusual combination of units, price and stock"
72206,2023-12-24,S001,P0007,unusual_sales_activity,medium,isolation_forest_only,0.21,0.639,"S001/P0007 on 2023-12-24: units_sold=239, inventory=680, amount=Rs 7012.26 - unusual combination of units, price and stock"
72859,2023-12-30,S003,P0020,unusual_sales_activity,medium,isolation_forest_only,2.72,0.639,"S003/P0020 on 2023-12-30: units_sold=187, inventory=232, amount=Rs 18922.53 - unusual combination of units, price and stock"
150,2022-01-02,S003,P0011,unusual_sales_activity,medium,isolation_forest_only,-1.21,0.638,"S003/P0011 on 2022-01-02: units_sold=2, inventory=2, amount=Rs 227.22 - 100% of stock sold at once"
4460,2022-02-14,S004,P0001,unusual_sales_activity,medium,isolation_forest_only,-1.24,0.638,"S004/P0001 on 2022-02-14: units_sold=8, inventory=8, amount=Rs 96.24 - 100% of stock sold at once"
6292,2022-03-04,S005,P0013,unusual_sales_activity,medium,isolation_forest_only,2.8,0.638,"S005/P0013 on 2022-03-04: units_sold=218, inventory=450, amount=Rs 19316.98 - unusual combination of units, price and stock"
17743,2022-06-27,S003,P0004,unusual_sales_activity,medium,isolation_forest_only,0.32,0.638,"S003/P0004 on 2022-06-27: units_sold=279, inventory=789, amount=Rs 7524.63 - unusual combination of units, price and stock"
23963,2022-08-28,S004,P0004,unusual_sales_activity,medium,isolation_forest_only,2.88,0.638,"S004/P0004 on 2022-08-28: units_sold=277, inventory=856, amount=Rs 19675.31 - unusual combination of units, price and stock"
26502,2022-09-23,S001,P0003,unusual_sales_activity,medium,isolation_forest_only,2.34,0.638,"S001/P0003 on 2022-09-23: units_sold=251, inventory=1118, amount=Rs 17135.77 - unusual combination of units, price and stock"
26806,2022-09-26,S001,P0007,unusual_sales_activity,medium,isolation_forest_only,-1.1,0.638,"S001/P0007 on 2022-09-26: units_sold=23, inventory=23, amount=Rs 741.75 - 100% of stock sold at once"
32706,2022-11-24,S001,P0007,unusual_sales_activity,medium,isolation_forest_only,0.04,0.638,"S001/P0007 on 2022-11-24: units_sold=199, inventory=208, amount=Rs 6169.00 - 96% of stock sold at once"
58853,2023-08-12,S003,P0014,unusual_sales_activity,medium,isolation_forest_only,1.87,0.638,"S003/P0014 on 2023-08-12: units_sold=96, inventory=96, amount=Rs 14873.28 - 100% of stock sold at once"
21043,2022-07-30,S003,P0004,unusual_sales_activity,medium,isolation_forest_only,0.59,0.637,"S003/P0004 on 2022-07-30: units_sold=241, inventory=480, amount=Rs 8798.91 - unusual combination of units, price and stock"
22268,2022-08-11,S004,P0009,unusual_sales_activity,medium,isolation_forest_only,-1.1,0.637,"S004/P0009 on 2022-08-11: units_sold=7, inventory=7, amount=Rs 758.66 - 100% of stock sold at once"
54980,2023-07-04,S005,P0001,unusual_sales_activity,medium,isolation_forest_only,-0.23,0.637,"S005/P0001 on 2023-07-04: units_sold=286, inventory=390, amount=Rs 4887.74 - unusual combination of units, price and stock"
64366,2023-10-06,S004,P0007,unusual_sales_activity,medium,isolation_forest_only,0.43,0.637,"S004/P0007 on 2023-10-06: units_sold=227, inventory=753, amount=Rs 8047.15 - unusual combination of units, price and stock"
66343,2023-10-26,S003,P0004,unusual_sales_activity,medium,isolation_forest_only,0.16,0.637,"S003/P0004 on 2023-10-26: units_sold=225, inventory=260, amount=Rs 6736.50 - unusual combination of units, price and stock"
68452,2023-11-16,S003,P0013,unusual_sales_activity,medium,isolation_forest_only,2.41,0.637,"S003/P0013 on 2023-11-16: units_sold=173, inventory=173, amount=Rs 17455.70 - 100% of stock sold at once"
2006,2022-01-21,S001,P0007,unusual_sales_activity,medium,isolation_forest_only,0.36,0.636,"S001/P0007 on 2022-01-21: units_sold=248, inventory=490, amount=Rs 7722.72 - unusual combination of units, price and stock"
10641,2022-04-17,S003,P0002,unusual_sales_activity,medium,isolation_forest_only,2.52,0.636,"S003/P0002 on 2022-04-17: units_sold=228, inventory=561, amount=Rs 17964.12 - unusual combination of units, price and stock"
16561,2022-06-15,S004,P0002,unusual_sales_activity,medium,isolation_forest_only,-1.26,0.636,"S004/P0002 on 2022-06-15: units_sold=0, inventory=0, amount=Rs 0.00 - unusual combination of units, price and stock"
20728,2022-07-27,S002,P0009,unusual_sales_activity,medium,isolation_forest_only,2.97,0.636,"S002/P0009 on 2022-07-27: units_sold=212, inventory=578, amount=Rs 20108.20 - unusual combination of units, price and stock"
22746,2022-08-16,S003,P0007,unusual_sales_activity,medium,isolation_forest_only,-0.57,0.636,"S003/P0007 on 2022-08-16: units_sold=204, inventory=752, amount=Rs 3276.24 - unusual combination of units, price and stock"
25466,2022-09-12,S004,P0007,unusual_sales_activity,medium,isolation_forest_only,-1.26,0.636,"S004/P0007 on 2022-09-12: units_sold=0, inventory=0, amount=Rs 0.00 - unusual combination of units, price and stock"
38561,2023-01-21,S004,P0002,unusual_sales_activity,medium,isolation_forest_only,-1.26,0.636,"S004/P0002 on 2023-01-21: units_sold=0, inventory=0, amount=Rs 0.00 - unusual combination of units, price and stock"
52661,2023-06-11,S004,P0002,unusual_sales_activity,medium,isolation_forest_only,-1.26,0.636,"S004/P0002 on 2023-06-11: units_sold=0, inventory=0, amount=Rs 0.00 - unusual combination of units, price and stock"
60824,2023-09-01,S002,P0005,unusual_sales_activity,medium,isolation_forest_only,2.96,0.636,"S002/P0005 on 2023-09-01: units_sold=172, inventory=645, amount=Rs 20091.32 - unusual combination of units, price and stock"
74415,2024-01-15,S001,P0016,unusual_sales_activity,medium,isolation_forest_only,-1.26,0.636,"S001/P0016 on 2024-01-15: units_sold=0, inventory=0, amount=Rs 0.00 - unusual combination of units, price and stock"
1054,2022-01-11,S003,P0015,unusual_sales_activity,medium,isolation_forest_only,2.83,0.635,"S003/P0015 on 2022-01-11: units_sold=158, inventory=589, amount=Rs 19432.42 - unusual combination of units, price and stock"
10166,2022-04-12,S004,P0007,unusual_sales_activity,medium,isolation_forest_only,0.86,0.635,"S004/P0007 on 2022-04-12: units_sold=249, inventory=714, amount=Rs 10084.50 - unusual combination of units, price and stock"
12747,2022-05-08,S003,P0008,unusual_sales_activity,medium,isolation_forest_only,-1.26,0.635,"S003/P0008 on 2022-05-08: units_sold=0, inventory=0, amount=Rs 0.00 - unusual combination of units, price and stock"
13402,2022-05-15,S001,P0003,unusual_sales_activity,medium,isolation_forest_only,1.3,0.635,"S001/P0003 on 2022-05-15: units_sold=220, inventory=817, amount=Rs 12174.80 - unusual combination of units, price and stock"
25002,2022-09-08,S001,P0003,unusual_sales_activity,medium,isolation_forest_only,1.7,0.635,"S001/P0003 on 2022-09-08: units_sold=239, inventory=1249, amount=Rs 14084.27 - unusual combination of units, price and stock"
27452,2022-10-02,S003,P0013,unusual_sales_activity,medium,isolation_forest_only,2.5,0.635,"S003/P0013 on 2022-10-02: units_sold=228, inventory=628, amount=Rs 17884.32 - unusual combination of units, price and stock"
30080,2022-10-28,S005,P0001,unusual_sales_activity,medium,isolation_forest_only,-0.32,0.635,"S005/P0001 on 2022-10-28: units_sold=289, inventory=289, amount=Rs 4479.50 - 100% of stock sold at once"
44726,2023-03-24,S002,P0007,unusual_sales_activity,medium,isolation_forest_only,0.26,0.635,"S002/P0007 on 2023-03-24: units_sold=224, inventory=675, amount=Rs 7246.40 - unusual combination of units, price and stock"
50954,2023-05-25,S003,P0015,unusual_sales_activity,medium,isolation_forest_only,2.99,0.635,"S003/P0015 on 2023-05-25: units_sold=175, inventory=207, amount=Rs 20207.25 - unusual combination of units, price and stock"
52260,2023-06-07,S004,P0001,unusual_sales_activity,medium,isolation_forest_only,-0.7,0.635,"S004/P0001 on 2023-06-07: units_sold=180, inventory=180, amount=Rs 2658.60 - 100% of stock sold at once"
54352,2023-06-28,S003,P0013,unusual_sales_activity,medium,isolation_forest_only,2.56,0.635,"S003/P0013 on 2023-06-28: units_sold=185, inventory=1526, amount=Rs 18142.95 - unusual combination of units, price and stock"
60006,2023-08-24,S001,P0007,unusual_sales_activity,medium,isolation_forest_only,-0.11,0.635,"S001/P0007 on 2023-08-24: units_sold=171, inventory=982, amount=Rs 5477.13 - unusual combination of units, price and stock"
60261,2023-08-26,S004,P0002,unusual_sales_activity,medium,isolation_forest_only,0.26,0.635,"S004/P0002 on 2023-08-26: units_sold=237, inventory=296, amount=Rs 7207.17 - unusual combination of units, price and stock"
68946,2023-11-21,S003,P0007,unusual_sales_activity,medium,isolation_forest_only,-0.4,0.635,"S003/P0007 on 2023-11-21: units_sold=230, inventory=329, amount=Rs 4100.90 - unusual combination of units, price and stock"
75019,2024-01-21,S001,P0020,unusual_sales_activity,medium,isolation_forest_only,-1.01,0.635,"S001/P0020 on 2024-01-21: units_sold=10, inventory=10, amount=Rs 1186.00 - 100% of stock sold at once"
2032,2022-01-21,S002,P0013,unusual_sales_activity,medium,isolation_forest_only,0.14,0.634,"S002/P0013 on 2022-01-21: units_sold=247, inventory=476, amount=Rs 6659.12 - unusual combination of units, price and stock"
9822,2022-04-09,S002,P0003,unusual_sales_activity,medium,isolation_forest_only,2.68,0.634,"S002/P0003 on 2022-04-09: units_sold=212, inventory=573, amount=Rs 18751.40 - unusual combination of units, price and stock"
10389,2022-04-14,S005,P0010,unusual_sales_activity,medium,isolation_forest_only,1.85,0.634,"S005/P0010 on 2022-04-14: units_sold=226, inventory=257, amount=Rs 14771.36 - unusual combination of units, price and stock"
29830,2022-10-26,S002,P0011,unusual_sales_activity,medium,isolation_forest_only,-0.89,0.634,"S002/P0011 on 2022-10-26: units_sold=17, inventory=17, amount=Rs 1738.76 - 100% of stock sold at once"
32257,2022-11-19,S003,P0018,unusual_sales_activity,medium,isolation_forest_only,0.01,0.634,"S003/P0018 on 2022-11-19: units_sold=39, inventory=39, amount=Rs 6025.89 - 100% of stock sold at once"
38004,2023-01-16,S001,P0005,unusual_sales_activity,medium,isolation_forest_only,2.18,0.634,"S001/P0005 on 2023-01-16: units_sold=206, inventory=614, amount=Rs 16348.16 - unusual combination of units, price and stock"
43552,2023-03-12,S003,P0013,unusual_sales_activity,medium,isolation_forest_only,2.9,0.634,"S003/P0013 on 2023-03-12: units_sold=205, inventory=465, amount=Rs 19786.60 - unusual combination of units, price and stock"
59438,2023-08-18,S002,P0019,unusual_sales_activity,medium,isolation_forest_only,2.48,0.634,"S002/P0019 on 2023-08-18: units_sold=196, inventory=563, amount=Rs 17798.76 - unusual combination of units, price and stock"
64938,2023-10-12,S002,P0019,unusual_sales_activity,medium,isolation_forest_only,2.5,0.634,"S002/P0019 on 2023-10-12: units_sold=182, inventory=816, amount=Rs 17886.96 - unusual combination of units, price and stock"
9530,2022-04-06,S002,P0011,unusual_sales_activity,medium,isolation_forest_only,-0.45,0.633,"S002/P0011 on 2022-04-06: units_sold=37, inventory=37, amount=Rs 3831.35 - 100% of stock sold at once"
10930,2022-04-20,S002,P0011,unusual_sales_activity,medium,isolation_forest_only,-1.26,0.633,"S002/P0011 on 2022-04-20: units_sold=0, inventory=0, amount=Rs 0.00 - unusual combination of units, price and stock"
23466,2022-08-23,S004,P0007,unusual_sales_activity,medium,isolation_forest_only,0.29,0.633,"S004/P0007 on 2022-08-23: units_sold=216, inventory=700, amount=Rs 7391.52 - unusual combination of units, price and stock"
26892,2022-09-26,S005,P0013,unusual_sales_activity,medium,isolation_forest_only,2.51,0.633,"S005/P0013 on 2022-09-26: units_sold=191, inventory=666, amount=Rs 17944.45 - unusual combination of units, price and stock"
42695,2023-03-03,S005,P0016,unusual_sales_activity,medium,isolation_forest_only,-1.26,0.633,"S005/P0016 on 2023-03-03: units_sold=0, inventory=0, amount=Rs 0.00 - unusual combination of units, price and stock"
50344,2023-05-19,S003,P0005,unusual_sales_activity,medium,isolation_forest_only,-0.07,0.633,"S003/P0005 on 2023-05-19: units_sold=216, inventory=250, amount=Rs 5661.36 - unusual combination of units, price and stock"
53892,2023-06-23,S005,P0013,unusual_sales_activity,medium,isolation_forest_only,2.21,0.633,"S005/P0013 on 2023-06-23: units_sold=193, inventory=193, amount=Rs 16516.94 - 100% of stock sold at once"
57106,2023-07-26,S001,P0007,unusual_sales_activity,medium,isolation_forest_only,0.35,0.633,"S001/P0007 on 2023-07-26: units_sold=213, inventory=242, amount=Rs 7659.48 - unusual combination of units, price and stock"
59946,2023-08-23,S003,P0007,unusual_sales_activity,medium,isolation_forest_only,-0.75,0.633,"S003/P0007 on 2023-08-23: units_sold=143, inventory=952, amount=Rs 2428.14 - unusual combination of units, price and stock"
61652,2023-09-09,S003,P0013,unusual_sales_activity,medium,isolation_forest_only,2.76,0.633,"S003/P0013 on 2023-09-09: units_sold=202, inventory=511, amount=Rs 19129.40 - unusual combination of units, price and stock"
3370,2022-02-03,S004,P0011,unusual_sales_activity,medium,isolation_forest_only,2.31,0.632,"S004/P0011 on 2022-02-03: units_sold=227, inventory=489, amount=Rs 16963.71 - unusual combination of units, price and stock"
15692,2022-06-06,S005,P0013,unusual_sales_activity,medium,isolation_forest_only,2.67,0.632,"S005/P0013 on 2022-06-06: units_sold=233, inventory=582, amount=Rs 18700.58 - unusual combination of units, price and stock"
23689,2022-08-25,S005,P0010,unusual_sales_activity,medium,isolation_forest_only,1.93,0.632,"S005/P0010 on 2022-08-25: units_sold=225, inventory=390, amount=Rs 15189.75 - unusual combination of units, price and stock"
34202,2022-12-09,S001,P0003,unusual_sales_activity,medium,isolation_forest_only,2.66,0.632,"S001/P0003 on 2022-12-09: units_sold=242, inventory=982, amount=Rs 18629.16 - unusual combination of units, price and stock"
36985,2023-01-05,S005,P0006,unusual_sales_activity,medium,isolation_forest_only,2.09,0.632,"S005/P0006 on 2023-01-05: units_sold=214, inventory=614, amount=Rs 15936.58 - unusual combination of units, price and stock"
51665,2023-06-01,S004,P0006,unusual_sales_activity,medium,isolation_forest_only,-1.26,0.632,"S004/P0006 on 2023-06-01: units_sold=0, inventory=0, amount=Rs 0.00 - unusual combination of units, price and stock"
54868,2023-07-03,S004,P0009,unusual_sales_activity,medium,isolation_forest_only,-1.26,0.632,"S004/P0009 on 2023-07-03: units_sold=0, inventory=0, amount=Rs 0.00 - unusual combination of units, price and stock"
59246,2023-08-16,S003,P0007,unusual_sales_activity,medium,isolation_forest_only,-0.45,0.632,"S003/P0007 on 2023-08-16: units_sold=174, inventory=936, amount=Rs 3848.88 - unusual combination of units, price and stock"
72266,2023-12-24,S004,P0007,unusual_sales_activity,medium,isolation_forest_only,0.65,0.632,"S004/P0007 on 2023-12-24: units_sold=238, inventory=634, amount=Rs 9103.50 - unusual combination of units, price and stock"
74043,2024-01-11,S003,P0004,unusual_sales_activity,medium,isolation_forest_only,0.07,0.632,"S003/P0004 on 2024-01-11: units_sold=229, inventory=327, amount=Rs 6318.11 - unusual combination of units, price and stock"
215,2022-01-03,S001,P0016,unusual_sales_activity,medium,isolation_forest_only,-1.26,0.631,"S001/P0016 on 2022-01-03: units_sold=0, inventory=0, amount=Rs 0.00 - unusual combination of units, price and stock"
1733,2022-01-18,S002,P0014,unusual_sales_activity,medium,isolation_forest_only,2.39,0.631,"S002/P0014 on 2022-01-18: units_sold=134, inventory=1341, amount=Rs 17357.02 - unusual combination of units, price and stock"
5238,2022-02-22,S002,P0019,unusual_sales_activity,medium,isolation_forest_only,2.59,0.631,"S002/P0019 on 2022-02-22: units_sold=165, inventory=165, amount=Rs 18326.55 - 100% of stock sold at once"
6324,2022-03-05,S002,P0005,unusual_sales_activity,medium,isolation_forest_only,2.52,0.631,"S002/P0005 on 2022-03-05: units_sold=184, inventory=743, amount=Rs 17963.92 - unusual combination of units, price and stock"
15866,2022-06-08,S004,P0007,unusual_sales_activity,medium,isolation_forest_only,0.06,0.631,"S004/P0007 on 2022-06-08: units_sold=221, inventory=1560, amount=Rs 6267.56 - unusual combination of units, price and stock"
16741,2022-06-17,S003,P0002,unusual_sales_activity,medium,isolation_forest_only,2.76,0.631,"S003/P0002 on 2022-06-17: units_sold=254, inventory=905, amount=Rs 19126.20 - unusual combination of units, price and stock"
18589,2022-07-05,S005,P0010,unusual_sales_activity,medium,isolation_forest_only,-1.26,0.631,"S005/P0010 on 2022-07-05: units_sold=0, inventory=0, amount=Rs 0.00 - unusual combination of units, price and stock"
21106,2022-07-31,S001,P0007,unusual_sales_activity,medium,isolation_forest_only,0.29,0.631,"S001/P0007 on 2022-07-31: units_sold=234, inventory=1383, amount=Rs 7387.38 - unusual combination of units, price and stock"
21928,2022-08-08,S002,P0009,unusual_sales_activity,medium,isolation_forest_only,2.59,0.631,"S002/P0009 on 2022-08-08: units_sold=240, inventory=307, amount=Rs 18321.60 - unusual combination of units, price and stock"
22520,2022-08-14,S002,P0001,unusual_sales_activity,medium,isolation_forest_only,2.8,0.631,"S002/P0001 on 2022-08-14: units_sold=174, inventory=693, amount=Rs 19296.60 - unusual combination of units, price and stock"
38238,2023-01-18,S002,P0019,unusual_sales_activity,medium,isolation_forest_only,2.26,0.631,"S002/P0019 on 2023-01-18: units_sold=175, inventory=175, amount=Rs 16735.25 - 100% of stock sold at once"
42988,2023-03-06,S005,P0009,unusual_sales_activity,medium,isolation_forest_only,-1.26,0.631,"S005/P0009 on 2023-03-06: units_sold=0, inventory=0, amount=Rs 0.00 - unusual combination of units, price and stock"
46370,2023-04-09,S004,P0011,unusual_sales_activity,medium,isolation_forest_only,1.47,0.631,"S004/P0011 on 2023-04-09: units_sold=197, inventory=197, amount=Rs 12964.57 - 100% of stock sold at once"
54946,2023-07-04,S003,P0007,unusual_sales_activity,medium,isolation_forest_only,-0.33,0.631,"S003/P0007 on 2023-07-04: units_sold=214, inventory=670, amount=Rs 4416.96 - unusual combination of units, price and stock"
56353,2023-07-18,S003,P0014,unusual_sales_activity,medium,isolation_forest_only,2.83,0.631,"S003/P0014 on 2023-07-18: units_sold=191, inventory=530, amount=Rs 19439.98 - unusual combination of units, price and stock"
69902,2023-12-01,S001,P0003,unusual_sales_activity,medium,isolation_forest_only,1.19,0.631,"S001/P0003 on 2023-12-01: units_sold=184, inventory=888, amount=Rs 11669.28 - unusual combination of units, price and stock"
73470,2024-01-05,S004,P0011,unusual_sales_activity,medium,isolation_forest_only,1.97,0.631,"S004/P0011 on 2024-01-05: units_sold=223, inventory=563, amount=Rs 15337.94 - unusual combination of units, price and stock"
9531,2022-04-06,S002,P0012,unusual_sales_activity,medium,isolation_forest_only,2.29,0.63,"S002/P0012 on 2022-04-06: units_sold=210, inventory=450, amount=Rs 16894.50 - unusual combination of units, price and stock"
16943,2022-06-19,S003,P0004,unusual_sales_activity,medium,isolation_forest_only,-1.26,0.63,"S003/P0004 on 2022-06-19: units_sold=0, inventory=0, amount=Rs 0.00 - unusual combination of units, price and stock"
24461,2022-09-02,S004,P0002,unusual_sales_activity,medium,isolation_forest_only,0.35,0.63,"S004/P0002 on 2022-09-02: units_sold=263, inventory=263, amount=Rs 7674.34 - 100% of stock sold at once"
42540,2023-03-02,S003,P0001,unusual_sales_activity,medium,isolation_forest_only,-1.26,0.63,"S003/P0001 on 2023-03-02: units_sold=0, inventory=0, amount=Rs 0.00 - unusual combination of units, price and stock"
46002,2023-04-06,S001,P0003,unusual_sales_activity,medium,isolation_forest_only,1.78,0.63,"S001/P0003 on 2023-04-06: units_sold=221, inventory=597, amount=Rs 14448.98 - unusual combination of units, price and stock"
55346,2023-07-08,S003,P0007,unusual_sales_activity,medium,isolation_forest_only,-0.57,0.63,"S003/P0007 on 2023-07-08: units_sold=162, inventory=892, amount=Rs 3299.94 - unusual combination of units, price and stock"
60023,2023-08-24,S002,P0004,unusual_sales_activity,medium,isolation_forest_only,1.83,0.63,"S002/P0004 on 2023-08-24: units_sold=259, inventory=658, amount=Rs 14682.71 - unusual combination of units, price and stock"
61546,2023-09-08,S003,P0007,unusual_sales_activity,medium,isolation_forest_only,-0.5,0.63,"S003/P0007 on 2023-09-08: units_sold=210, inventory=553, amount=Rs 3620.40 - unusual combination of units, price and stock"
8436,2022-03-26,S002,P0017,unusual_sales_activity,medium,isolation_forest_only,0.15,0.629,"S002/P0017 on 2022-03-26: units_sold=234, inventory=540, amount=Rs 6694.74 - unusual combination of units, price and stock"
9646,2022-04-07,S003,P0007,unusual_sales_activity,medium,isolation_forest_only,-0.56,0.629,"S003/P0007 on 2022-04-07: units_sold=191, inventory=695, amount=Rs 3304.30 - unusual combination of units, price and stock"
22984,2022-08-18,S005,P0005,unusual_sales_activity,medium,isolation_forest_only,-1.26,0.629,"S005/P0005 on 2022-08-18: units_sold=0, inventory=0, amount=Rs 0.00 - unusual combination of units, price and stock"
23352,2022-08-22,S003,P0013,unusual_sales_activity,medium,isolation_forest_only,2.48,0.629,"S003/P0013 on 2022-08-22: units_sold=189, inventory=199, amount=Rs 17769.78 - 95% of stock sold at once"
27515,2022-10-03,S001,P0016,unusual_sales_activity,medium,isolation_forest_only,1.1,0.629,"S001/P0016 on 2022-10-03: units_sold=260, inventory=338, amount=Rs 11232.00 - unusual combination of units, price and stock"
29304,2022-10-21,S001,P0005,unusual_sales_activity,medium,isolation_forest_only,1.65,0.629,"S001/P0005 on 2022-10-21: units_sold=223, inventory=624, amount=Rs 13830.46 - unusual combination of units, price and stock"
35979,2022-12-26,S004,P0020,unusual_sales_activity,medium,isolation_forest_only,-1.26,0.629,"S004/P0020 on 2022-12-26: units_sold=0, inventory=0, amount=Rs 0.00 - unusual combination of units, price and stock"
43595,2023-03-12,S005,P0016,unusual_sales_activity,medium,isolation_forest_only,1.0,0.629,"S005/P0016 on 2023-03-12: units_sold=251, inventory=604, amount=Rs 10725.23 - unusual combination of units, price and stock"
55113,2023-07-06,S001,P0014,unusual_sales_activity,medium,isolation_forest_only,2.56,0.629,"S001/P0014 on 2023-07-06: units_sold=194, inventory=226, amount=Rs 18150.64 - unusual combination of units, price and stock"
55492,2023-07-09,S005,P0013,unusual_sales_activity,medium,isolation_forest_only,2.28,0.629,"S005/P0013 on 2023-07-09: units_sold=191, inventory=243, amount=Rs 16853.84 - unusual combination of units, price and stock"
60154,2023-08-25,S003,P0015,unusual_sales_activity,medium,isolation_forest_only,2.29,0.629,"S003/P0015 on 2023-08-25: units_sold=164, inventory=1587, amount=Rs 16892.00 - unusual combination of units, price and stock"
64320,2023-10-06,S002,P0001,unusual_sales_activity,medium,isolation_forest_only,2.82,0.629,"S002/P0001 on 2023-10-06: units_sold=199, inventory=213, amount=Rs 19400.51 - 93% of stock sold at once"
5002,2022-02-20,S001,P0003,unusual_sales_activity,medium,isolation_forest_only,1.8,0.628,"S001/P0003 on 2022-02-20: units_sold=220, inventory=630, amount=Rs 14570.60 - unusual combination of units, price and stock"
8109,2022-03-23,S001,P0010,unusual_sales_activity,medium,isolation_forest_only,3.0,0.628,"S001/P0010 on 2022-03-23: units_sold=133, inventory=133, amount=Rs 20237.28 - 100% of stock sold at once"
10546,2022-04-16,S003,P0007,unusual_sales_activity,medium,isolation_forest_only,-0.54,0.628,"S003/P0007 on 2022-04-16: units_sold=195, inventory=685, amount=Rs 3445.65 - unusual combination of units, price and stock"
16404,2022-06-14,S001,P0005,unusual_sales_activity,medium,isolation_forest_only,1.91,0.628,"S001/P0005 on 2022-06-14: units_sold=167, inventory=776, amount=Rs 15063.40 - unusual combination of units, price and stock"
16461,2022-06-14,S004,P0002,unusual_sales_activity,medium,isolation_forest_only,0.16,0.628,"S004/P0002 on 2022-06-14: units_sold=255, inventory=255, amount=Rs 6739.65 - 100% of stock sold at once"
16570,2022-06-15,S004,P0011,unusual_sales_activity,medium,isolation_forest_only,1.51,0.628,"S004/P0011 on 2022-06-15: units_sold=212, inventory=813, amount=Rs 13171.56 - unusual combination of units, price and stock"
17052,2022-06-20,S003,P0013,unusual_sales_activity,medium,isolation_forest_only,2.11,0.628,"S003/P0013 on 2022-06-20: units_sold=177, inventory=754, amount=Rs 16006.11 - unusual combination of units, price and stock"
17660,2022-06-26,S004,P0001,unusual_sales_activity,medium,isolation_forest_only,-0.75,0.628,"S004/P0001 on 2022-06-26: units_sold=181, inventory=729, amount=Rs 2430.83 - unusual combination of units, price and stock"
19361,2022-07-13,S004,P0002,unusual_sales_activity,medium,isolation_forest_only,-1.26,0.628,"S004/P0002 on 2022-07-13: units_sold=0, inventory=0, amount=Rs 0.00 - unusual combination of units, price and stock"
23931,2022-08-28,S002,P0012,unusual_sales_activity,medium,isolation_forest_only,1.76,0.628,"S002/P0012 on 2022-08-28: units_sold=194, inventory=242, amount=Rs 14373.46 - unusual combination of units, price and stock"
24413,2022-09-02,S001,P0014,unusual_sales_activity,medium,isolation_forest_only,2.85,0.628,"S001/P0014 on 2022-09-02: units_sold=211, inventory=427, amount=Rs 19551.26 - unusual combination of units, price and stock"
28785,2022-10-15,S005,P0006,unusual_sales_activity,medium,isolation_forest_only,2.26,0.628,"S005/P0006 on 2022-10-15: units_sold=226, inventory=711, amount=Rs 16717.22 - unusual combination of units, price and stock"
34870,2022-12-15,S004,P0011,unusual_sales_activity,medium,isolation_forest_only,-0.99,0.628,"S004/P0011 on 2022-12-15: units_sold=19, inventory=19, amount=Rs 1299.98 - 100% of stock sold at once"
35275,2022-12-19,S004,P0016,unusual_sales_activity,medium,isolation_forest_only,-1.26,0.628,"S004/P0016 on 2022-12-19: units_sold=0, inventory=0, amount=Rs 0.00 - unusual combination of units, price and stock"
44595,2023-03-22,S005,P0016,unusual_sales_activity,medium,isolation_forest_only,0.87,0.628,"S005/P0016 on 2023-03-22: units_sold=264, inventory=343, amount=Rs 10124.40 - unusual combination of units, price and stock"
51846,2023-06-03,S003,P0007,unusual_sales_activity,medium,isolation_forest_only,-0.28,0.628,"S003/P0007 on 2023-06-03: units_sold=203, inventory=676, amount=Rs 4664.94 - unusual combination of units, price and stock"
52485,2023-06-09,S005,P0006,unusual_sales_activity,medium,isolation_forest_only,1.96,0.628,"S005/P0006 on 2023-06-09: units_sold=184, inventory=737, amount=Rs 15297.76 - unusual combination of units, price and stock"
56966,2023-07-24,S004,P0007,unusual_sales_activity,medium,isolation_forest_only,0.82,0.628,"S004/P0007 on 2023-07-24: units_sold=219, inventory=525, amount=Rs 9872.52 - unusual combination of units, price and stock"
57065,2023-07-25,S004,P0006,unusual_sales_activity,medium,isolation_forest_only,1.26,0.628,"S004/P0006 on 2023-07-25: units_sold=264, inventory=373, amount=Rs 11977.68 - unusual combination of units, price and stock"
66340,2023-10-26,S003,P0001,unusual_sales_activity,medium,isolation_forest_only,-1.26,0.628,"S003/P0001 on 2023-10-26: units_sold=0, inventory=0, amount=Rs 0.00 - unusual combination of units, price and stock"
10344,2022-04-14,S003,P0005,unusual_sales_activity,medium,isolation_forest_only,-0.27,0.627,"S003/P0005 on 2022-04-14: units_sold=187, inventory=851, amount=Rs 4727.36 - unusual combination of units, price and stock"
13285,2022-05-13,S005,P0006,unusual_sales_activity,medium,isolation_forest_only,1.51,0.627,"S005/P0006 on 2022-05-13: units_sold=215, inventory=265, amount=Rs 13149.40 - unusual combination of units, price and stock"
13970,2022-05-20,S004,P0011,unusual_sales_activity,medium,isolation_forest_only,1.37,0.627,"S004/P0011 on 2022-05-20: units_sold=213, inventory=238, amount=Rs 12507.36 - unusual combination of units, price and stock"
15860,2022-06-08,S004,P0001,unusual_sales_activity,medium,isolation_forest_only,-0.73,0.627,"S004/P0001 on 2022-06-08: units_sold=180, inventory=688, amount=Rs 2520.00 - unusual combination of units, price and stock"
16560,2022-06-15,S004,P0001,unusual_sales_activity,medium,isolation_forest_only,-0.64,0.627,"S004/P0001 on 2022-06-15: units_sold=188, inventory=771, amount=Rs 2942.20 - unusual combination of units, price and stock"
22066,2022-08-09,S004,P0007,unusual_sales_activity,medium,isolation_forest_only,0.82,0.627,"S004/P0007 on 2022-08-09: units_sold=236, inventory=1324, amount=Rs 9876.60 - unusual combination of units, price and stock"
22392,2022-08-12,S005,P0013,unusual_sales_activity,medium,isolation_forest_only,2.72,0.627,"S005/P0013 on 2022-08-12: units_sold=214, inventory=481, amount=Rs 18939.00 - unusual combination of units, price and stock"
23960,2022-08-28,S004,P0001,unusual_sales_activity,medium,isolation_forest_only,-0.74,0.627,"S004/P0001 on 2022-08-28: units_sold=189, inventory=689, amount=Rs 2485.35 - unusual combination of units, price and stock"
32926,2022-11-26,S002,P0007,unusual_sales_activity,medium,isolation_forest_only,0.59,0.627,"S002/P0007 on 2022-11-26: units_sold=248, inventory=457, amount=Rs 8808.96 - unusual combination of units, price and stock"
34232,2022-12-09,S002,P0013,unusual_sales_activity,medium,isolation_forest_only,0.17,0.627,"S002/P0013 on 2022-12-09: units_sold=220, inventory=339, amount=Rs 6806.80 - unusual combination of units, price and stock"
36565,2023-01-01,S004,P0006,unusual_sales_activity,medium,isolation_forest_only,1.56,0.627,"S004/P0006 on 2023-01-01: units_sold=278, inventory=329, amount=Rs 13391.26 - unusual combination of units, price and stock"
37752,2023-01-13,S003,P0013,unusual_sales_activity,medium,isolation_forest_only,2.62,0.627,"S003/P0013 on 2023-01-13: units_sold=199, inventory=1146, amount=Rs 18475.16 - unusual combination of units, price and stock"
56285,2023-07-17,S005,P0006,unusual_sales_activity,medium,isolation_forest_only,1.99,0.627,"S005/P0006 on 2023-07-17: units_sold=215, inventory=757, amount=Rs 15434.85 - unusual combination of units, price and stock"
62089,2023-09-13,S005,P0010,unusual_sales_activity,medium,isolation_forest_only,1.87,0.627,"S005/P0010 on 2023-09-13: units_sold=237, inventory=426, amount=Rs 14902.56 - unusual combination of units, price and stock"
63152,2023-09-24,S003,P0013,unusual_sales_activity,medium,isolation_forest_only,2.4,0.627,"S003/P0013 on 2023-09-24: units_sold=198, inventory=662, amount=Rs 17424.00 - unusual combination of units, price and stock"
10492,2022-04-15,S005,P0013,unusual_sales_activity,medium,isolation_forest_only,2.51,0.626,"S005/P0013 on 2022-04-15: units_sold=210, inventory=609, amount=Rs 17948.70 - unusual combination of units, price and stock"
21384,2022-08-02,S005,P0005,unusual_sales_activity,medium,isolation_forest_only,0.06,0.626,"S005/P0005 on 2022-08-02: units_sold=301, inventory=412, amount=Rs 6290.90 - unusual combination of units, price and stock"
23785,2022-08-26,S005,P0006,unusual_sales_activity,medium,isolation_forest_only,1.76,0.626,"S005/P0006 on 2022-08-26: units_sold=209, inventory=592, amount=Rs 14356.21 - unusual combination of units, price and stock"
30844,2022-11-05,S003,P0005,unusual_sales_activity,medium,isolation_forest_only,-1.07,0.626,"S003/P0005 on 2022-11-05: units_sold=38, inventory=38, amount=Rs 918.84 - 100% of stock sold at once"
33669,2022-12-03,S004,P0010,unusual_sales_activity,medium,isolation_forest_only,-0.07,0.626,"S004/P0010 on 2022-12-03: units_sold=208, inventory=672, amount=Rs 5649.28 - unusual combination of units, price and stock"
37069,2023-01-06,S004,P0010,unusual_sales_activity,medium,isolation_forest_only,0.07,0.626,"S004/P0010 on 2023-01-06: units_sold=218, inventory=1623, amount=Rs 6308.92 - unusual combination of units, price and stock"
43302,2023-03-10,S001,P0003,unusual_sales_activity,medium,isolation_forest_only,1.16,0.626,"S001/P0003 on 2023-03-10: units_sold=213, inventory=634, amount=Rs 11527.56 - unusual combination of units, price and stock"
43906,2023-03-16,S001,P0007,unusual_sales_activity,medium,isolation_forest_only,0.15,0.626,"S001/P0007 on 2023-03-16: units_sold=220, inventory=635, amount=Rs 6705.60 - unusual combination of units, price and stock"
44830,2023-03-25,S002,P0011,unusual_sales_activity,medium,isolation_forest_only,2.98,0.626,"S002/P0011 on 2023-03-25: units_sold=163, inventory=353, amount=Rs 20153.32 - unusual combination of units, price and stock"
51986,2023-06-04,S005,P0007,unusual_sales_activity,medium,isolation_forest_only,2.61,0.626,"S005/P0007 on 2023-06-04: units_sold=189, inventory=189, amount=Rs 18389.70 - 100% of stock sold at once"
53722,2023-06-22,S002,P0003,unusual_sales_activity,medium,isolation_forest_only,2.85,0.626,"S002/P0003 on 2023-06-22: units_sold=182, inventory=410, amount=Rs 19566.82 - unusual combination of units, price and stock"
54906,2023-07-04,S001,P0007,unusual_sales_activity,medium,isolation_forest_only,-0.19,0.626,"S001/P0007 on 2023-07-04: units_sold=200, inventory=675, amount=Rs 5066.00 - unusual combination of units, price and stock"
55506,2023-07-10,S001,P0007,unusual_sales_activity,medium,isolation_forest_only,-0.01,0.626,"S001/P0007 on 2023-07-10: units_sold=193, inventory=681, amount=Rs 5961.77 - unusual combination of units, price and stock"
57469,2023-07-29,S004,P0010,unusual_sales_activity,medium,isolation_forest_only,0.07,0.626,"S004/P0010 on 2023-07-29: units_sold=196, inventory=747, amount=Rs 6301.40 - unusual combination of units, price and stock"
64260,2023-10-05,S004,P0001,unusual_sales_activity,medium,isolation_forest_only,-0.48,0.626,"S004/P0001 on 2023-10-05: units_sold=240, inventory=1204, amount=Rs 3729.60 - unusual combination of units, price and stock"
68284,2023-11-14,S005,P0005,unusual_sales_activity,medium,isolation_forest_only,-1.26,0.626,"S005/P0005 on 2023-11-14: units_sold=0, inventory=0, amount=Rs 0.00 - unusual combination of units, price and stock"
70115,2023-12-03,S001,P0016,unusual_sales_activity,medium,isolation_forest_only,1.1,0.626,"S001/P0016 on 2023-12-03: units_sold=239, inventory=358, amount=Rs 11228.22 - unusual combination of units, price and stock"
70195,2023-12-03,S005,P0016,unusual_sales_activity,medium,isolation_forest_only,-1.26,0.626,"S005/P0016 on 2023-12-03: units_sold=0, inventory=0, amount=Rs 0.00 - unusual combination of units, price and stock"
70466,2023-12-06,S004,P0007,unusual_sales_activity,medium,isolation_forest_only,0.21,0.626,"S004/P0007 on 2023-12-06: units_sold=213, inventory=725, amount=Rs 6977.88 - unusual combination of units, price and stock"
74188,2024-01-12,S005,P0009,unusual_sales_activity,medium,isolation_forest_only,2.38,0.626,"S005/P0009 on 2024-01-12: units_sold=136, inventory=136, amount=Rs 17307.36 - 100% of stock sold at once"
959,2022-01-10,S003,P0020,unusual_sales_activity,medium,isolation_forest_only,2.03,0.625,"S003/P0020 on 2022-01-10: units_sold=168, inventory=168, amount=Rs 15642.48 - 100% of stock sold at once"
7046,2022-03-12,S003,P0007,unusual_sales_activity,medium,isolation_forest_only,-0.37,0.625,"S003/P0007 on 2022-03-12: units_sold=177, inventory=812, amount=Rs 4212.60 - unusual combination of units, price and stock"
9985,2022-04-10,S005,P0006,unusual_sales_activity,medium,isolation_forest_only,2.08,0.625,"S005/P0006 on 2022-04-10: units_sold=216, inventory=542, amount=Rs 15869.52 - unusual combination of units, price and stock"
10169,2022-04-12,S004,P0010,unusual_sales_activity,medium,isolation_forest_only,0.26,0.625,"S004/P0010 on 2022-04-12: units_sold=218, inventory=357, amount=Rs 7233.24 - unusual combination of units, price and stock"
10754,2022-04-18,S003,P0015,unusual_sales_activity,medium,isolation_forest_only,2.31,0.625,"S003/P0015 on 2022-04-18: units_sold=137, inventory=722, amount=Rs 16997.59 - unusual combination of units, price and stock"
13070,2022-05-11,S004,P0011,unusual_sales_activity,medium,isolation_forest_only,-1.26,0.625,"S004/P0011 on 2022-05-11: units_sold=0, inventory=0, amount=Rs 0.00 - unusual combination of units, price and stock"
17160,2022-06-21,S004,P0001,unusual_sales_activity,medium,isolation_forest_only,-0.71,0.625,"S004/P0001 on 2022-06-21: units_sold=211, inventory=740, amount=Rs 2593.19 - unusual combination of units, price and stock"
22128,2022-08-10,S002,P0009,unusual_sales_activity,medium,isolation_forest_only,2.83,0.625,"S002/P0009 on 2022-08-10: units_sold=236, inventory=470, amount=Rs 19429.88 - unusual combination of units, price and stock"
23143,2022-08-20,S003,P0004,unusual_sales_activity,medium,isolation_forest_only,0.29,0.625,"S003/P0004 on 2022-08-20: units_sold=261, inventory=711, amount=Rs 7391.52 - unusual combination of units, price and stock"
28243,2022-10-10,S003,P0004,unusual_sales_activity,medium,isolation_forest_only,0.08,0.625,"S003/P0004 on 2022-10-10: units_sold=219, inventory=642, amount=Rs 6390.42 - unusual combination of units, price and stock"
31356,2022-11-10,S003,P0017,unusual_sales_activity,medium,isolation_forest_only,2.87,0.625,"S003/P0017 on 2022-11-10: units_sold=151, inventory=588, amount=Rs 19663.22 - unusual combination of units, price and stock"
45785,2023-04-03,S005,P0006,unusual_sales_activity,medium,isolation_forest_only,1.5,0.625,"S005/P0006 on 2023-04-03: units_sold=214, inventory=302, amount=Rs 13113.92 - unusual combination of units, price and stock"
46546,2023-04-11,S003,P0007,unusual_sales_activity,medium,isolation_forest_only,-0.61,0.625,"S003/P0007 on 2023-04-11: units_sold=178, inventory=178, amount=Rs 3106.10 - 100% of stock sold at once"
52215,2023-06-07,S001,P0016,unusual_sales_activity,medium,isolation_forest_only,1.01,0.625,"S001/P0016 on 2023-06-07: units_sold=244, inventory=414, amount=Rs 10784.80 - unusual combination of units, price and stock"
57332,2023-07-28,S002,P0013,unusual_sales_activity,medium,isolation_forest_only,0.19,0.625,"S002/P0013 on 2023-07-28: units_sold=272, inventory=659, amount=Rs 6887.04 - unusual combination of units, price and stock"
59588,2023-08-19,S005,P0009,unusual_sales_activity,medium,isolation_forest_only,2.71,0.625,"S005/P0009 on 2023-08-19: units_sold=181, inventory=181, amount=Rs 18856.58 - 100% of stock sold at once"
59924,2023-08-23,S002,P0005,unusual_sales_activity,medium,isolation_forest_only,2.35,0.625,"S002/P0005 on 2023-08-23: units_sold=174, inventory=747, amount=Rs 17191.20 - unusual combination of units, price and stock"
62924,2023-09-22,S002,P0005,unusual_sales_activity,medium,isolation_forest_only,2.81,0.625,"S002/P0005 on 2023-09-22: units_sold=194, inventory=480, amount=Rs 19361.20 - unusual combination of units, price and stock"
66361,2023-10-26,S004,P0002,unusual_sales_activity,medium,isolation_forest_only,-1.25,0.625,"S004/P0002 on 2023-10-26: units_sold=2, inventory=2, amount=Rs 48.96 - 100% of stock sold at once"
3260,2022-02-02,S004,P0001,unusual_sales_activity,medium,isolation_forest_only,-0.76,0.624,"S004/P0001 on 2022-02-02: units_sold=187, inventory=684, amount=Rs 2365.55 - unusual combination of units, price and stock"
20565,2022-07-25,S004,P0006,unusual_sales_activity,medium,isolation_forest_only,1.35,0.624,"S004/P0006 on 2022-07-25: units_sold=250, inventory=330, amount=Rs 12430.00 - unusual combination of units, price and stock"
21853,2022-08-07,S003,P0014,unusual_sales_activity,medium,isolation_forest_only,2.53,0.624,"S003/P0014 on 2022-08-07: units_sold=182, inventory=667, amount=Rs 18034.38 - unusual combination of units, price and stock"
23161,2022-08-20,S004,P0002,unusual_sales_activity,medium,isolation_forest_only,0.31,0.624,"S004/P0002 on 2022-08-20: units_sold=293, inventory=452, amount=Rs 7483.22 - unusual combination of units, price and stock"
23460,2022-08-23,S004,P0001,unusual_sales_activity,medium,isolation_forest_only,-0.82,0.624,"S004/P0001 on 2022-08-23: units_sold=192, inventory=228, amount=Rs 2113.92 - unusual combination of units, price and stock"
25153,2022-09-09,S003,P0014,unusual_sales_activity,medium,isolation_forest_only,2.57,0.624,"S003/P0014 on 2022-09-09: units_sold=192, inventory=204, amount=Rs 18215.04 - 94% of stock sold at once"
26254,2022-09-20,S003,P0015,unusual_sales_activity,medium,isolation_forest_only,2.66,0.624,"S003/P0015 on 2022-09-20: units_sold=166, inventory=670, amount=Rs 18641.80 - unusual combination of units, price and stock"
31853,2022-11-15,S003,P0014,unusual_sales_activity,medium,isolation_forest_only,2.17,0.624,"S003/P0014 on 2022-11-15: units_sold=126, inventory=126, amount=Rs 16296.84 - 100% of stock sold at once"
35728,2022-12-24,S002,P0009,unusual_sales_activity,medium,isolation_forest_only,2.1,0.624,"S002/P0009 on 2022-12-24: units_sold=248, inventory=426, amount=Rs 15998.48 - unusual combination of units, price and stock"
35960,2022-12-26,S004,P0001,unusual_sales_activity,medium,isolation_forest_only,-0.75,0.624,"S004/P0001 on 2022-12-26: units_sold=192, inventory=215, amount=Rs 2409.60 - unusual combination of units, price and stock"
38024,2023-01-16,S002,P0005,unusual_sales_activity,medium,isolation_forest_only,2.33,0.624,"S002/P0005 on 2023-01-16: units_sold=135, inventory=686, amount=Rs 17065.35 - unusual combination of units, price and stock"
38213,2023-01-18,S001,P0014,unusual_sales_activity,medium,isolation_forest_only,2.61,0.624,"S001/P0014 on 2023-01-18: units_sold=218, inventory=507, amount=Rs 18392.66 - unusual combination of units, price and stock"
42613,2023-03-03,S001,P0014,unusual_sales_activity,medium,isolation_forest_only,2.4,0.624,"S001/P0014 on 2023-03-03: units_sold=229, inventory=407, amount=Rs 17424.61 - unusual combination of units, price and stock"
43961,2023-03-16,S004,P0002,unusual_sales_activity,medium,isolation_forest_only,0.06,0.624,"S004/P0002 on 2023-03-16: units_sold=250, inventory=266, amount=Rs 6262.50 - 94% of stock sold at once"
53115,2023-06-16,S001,P0016,unusual_sales_activity,medium,isolation_forest_only,1.16,0.624,"S001/P0016 on 2023-06-16: units_sold=262, inventory=513, amount=Rs 11507.04 - unusual combination of units, price and stock"
54519,2023-06-30,S001,P0020,unusual_sales_activity,medium,isolation_forest_only,-1.13,0.624,"S001/P0020 on 2023-06-30: units_sold=5, inventory=5, amount=Rs 622.90 - 100% of stock sold at once"
54828,2023-07-03,S002,P0009,unusual_sales_activity,medium,isolation_forest_only,2.95,0.624,"S002/P0009 on 2023-07-03: units_sold=257, inventory=329, amount=Rs 20038.29 - unusual combination of units, price and stock"
57113,2023-07-26,S001,P0014,unusual_sales_activity,medium,isolation_forest_only,2.61,0.624,"S001/P0014 on 2023-07-26: units_sold=233, inventory=440, amount=Rs 18386.03 - unusual combination of units, price and stock"
57643,2023-07-31,S003,P0004,unusual_sales_activity,medium,isolation_forest_only,0.09,0.624,"S003/P0004 on 2023-07-31: units_sold=194, inventory=723, amount=Rs 6402.00 - unusual combination of units, price and stock"
58952,2023-08-13,S003,P0013,unusual_sales_activity,medium,isolation_forest_only,2.21,0.624,"S003/P0013 on 2023-08-13: units_sold=201, inventory=1266, amount=Rs 16514.16 - unusual combination of units, price and stock"
59066,2023-08-14,S004,P0007,unusual_sales_activity,medium,isolation_forest_only,0.09,0.624,"S004/P0007 on 2023-08-14: units_sold=195, inventory=1846, amount=Rs 6417.45 - unusual combination of units, price and stock"
67609,2023-11-08,S001,P0010,unusual_sales_activity,medium,isolation_forest_only,3.0,0.624,"S001/P0010 on 2023-11-08: units_sold=141, inventory=471, amount=Rs 20253.24 - unusual combination of units, price and stock"
69313,2023-11-25,S001,P0014,unusual_sales_activity,medium,isolation_forest_only,-0.91,0.624,"S001/P0014 on 2023-11-25: units_sold=19, inventory=19, amount=Rs 1655.66 - 100% of stock sold at once"
71085,2023-12-12,S005,P0006,unusual_sales_activity,medium,isolation_forest_only,2.01,0.624,"S005/P0006 on 2023-12-12: units_sold=222, inventory=646, amount=Rs 15540.00 - unusual combination of units, price and stock"
1061,2022-01-11,S004,P0002,unusual_sales_activity,medium,isolation_forest_only,-1.26,0.623,"S004/P0002 on 2022-01-11: units_sold=0, inventory=0, amount=Rs 0.00 - unusual combination of units, price and stock"
1202,2022-01-13,S001,P0003,unusual_sales_activity,medium,isolation_forest_only,1.17,0.623,"S001/P0003 on 2022-01-13: units_sold=200, inventory=655, amount=Rs 11552.00 - unusual combination of units, price and stock"
9222,2022-04-03,S002,P0003,unusual_sales_activity,medium,isolation_forest_only,2.53,0.623,"S002/P0003 on 2022-04-03: units_sold=225, inventory=609, amount=Rs 18011.25 - unusual combination of units, price and stock"
9723,2022-04-08,S002,P0004,unusual_sales_activity,medium,isolation_forest_only,2.02,0.623,"S002/P0004 on 2022-04-08: units_sold=281, inventory=825, amount=Rs 15603.93 - unusual combination of units, price and stock"
14709,2022-05-28,S001,P0010,unusual_sales_activity,medium,isolation_forest_only,2.79,0.623,"S001/P0010 on 2022-05-28: units_sold=129, inventory=143, amount=Rs 19262.28 - 90% of stock sold at once"
15961,2022-06-09,S004,P0002,unusual_sales_activity,medium,isolation_forest_only,-1.26,0.623,"S004/P0002 on 2022-06-09: units_sold=0, inventory=0, amount=Rs 0.00 - unusual combination of units, price and stock"
16932,2022-06-19,S002,P0013,unusual_sales_activity,medium,isolation_forest_only,0.11,0.623,"S002/P0013 on 2022-06-19: units_sold=225, inventory=425, amount=Rs 6520.50 - unusual combination of units, price and stock"
17104,2022-06-21,S001,P0005,unusual_sales_activity,medium,isolation_forest_only,1.58,0.623,"S001/P0005 on 2022-06-21: units_sold=191, inventory=757, amount=Rs 13499.88 - unusual combination of units, price and stock"
17133,2022-06-21,S002,P0014,unusual_sales_activity,medium,isolation_forest_only,-0.55,0.623,"S002/P0014 on 2022-06-21: units_sold=25, inventory=25, amount=Rs 3361.25 - 100% of stock sold at once"
17315,2022-06-23,S001,P0016,unusual_sales_activity,medium,isolation_forest_only,1.57,0.623,"S001/P0016 on 2022-06-23: units_sold=281, inventory=946, amount=Rs 13465.52 - unusual combination of units, price and stock"
20575,2022-07-25,S004,P0016,unusual_sales_activity,medium,isolation_forest_only,-1.23,0.623,"S004/P0016 on 2022-07-25: units_sold=1, inventory=1, amount=Rs 124.49 - 100% of stock sold at once"
21415,2022-08-03,S001,P0016,unusual_sales_activity,medium,isolation_forest_only,1.06,0.623,"S001/P0016 on 2022-08-03: units_sold=196, inventory=209, amount=Rs 11030.88 - 94% of stock sold at once"
22533,2022-08-14,S002,P0014,unusual_sales_activity,medium,isolation_forest_only,2.81,0.623,"S002/P0014 on 2022-08-14: units_sold=138, inventory=603, amount=Rs 19362.78 - unusual combination of units, price and stock"
24369,2022-09-01,S004,P0010,unusual_sales_activity,medium,isolation_forest_only,0.15,0.623,"S004/P0010 on 2022-09-01: units_sold=219, inventory=632, amount=Rs 6703.59 - unusual combination of units, price and stock"
25893,2022-09-16,S005,P0014,unusual_sales_activity,medium,isolation_forest_only,0.13,0.623,"S005/P0014 on 2022-09-16: units_sold=35, inventory=35, amount=Rs 6631.10 - 100% of stock sold at once"
30706,2022-11-04,S001,P0007,unusual_sales_activity,medium,isolation_forest_only,0.03,0.623,"S001/P0007 on 2022-11-04: units_sold=187, inventory=816, amount=Rs 6154.17 - unusual combination of units, price and stock"
31838,2022-11-15,S002,P0019,unusual_sales_activity,medium,isolation_forest_only,2.47,0.623,"S002/P0019 on 2022-11-15: units_sold=204, inventory=600, amount=Rs 17715.36 - unusual combination of units, price and stock"
33659,2022-12-03,S003,P0020,unusual_sales_activity,medium,isolation_forest_only,2.07,0.623,"S003/P0020 on 2022-12-03: units_sold=201, inventory=240, amount=Rs 15836.79 - unusual combination of units, price and stock"
41652,2023-02-21,S003,P0013,unusual_sales_activity,medium,isolation_forest_only,-1.17,0.623,"S003/P0013 on 2023-02-21: units_sold=6, inventory=6, amount=Rs 438.84 - 100% of stock sold at once"
56969,2023-07-24,S004,P0010,unusual_sales_activity,medium,isolation_forest_only,0.2,0.623,"S004/P0010 on 2023-07-24: units_sold=214, inventory=1655, amount=Rs 6963.56 - unusual combination of units, price and stock"
58262,2023-08-06,S004,P0003,unusual_sales_activity,medium,isolation_forest_only,2.21,0.623,"S004/P0003 on 2023-08-06: units_sold=104, inventory=104, amount=Rs 16494.40 - 100% of stock sold at once"
69852,2023-11-30,S003,P0013,unusual_sales_activity,medium,isolation_forest_only,-0.95,0.623,"S003/P0013 on 2023-11-30: units_sold=19, inventory=19, amount=Rs 1470.98 - 100% of stock sold at once"
69940,2023-12-01,S003,P0001,unusual_sales_activity,medium,isolation_forest_only,-1.26,0.623,"S003/P0001 on 2023-12-01: units_sold=0, inventory=0, amount=Rs 0.00 - unusual combination of units, price and stock"
70315,2023-12-05,S001,P0016,unusual_sales_activity,medium,isolation_forest_only,-1.07,0.623,"S001/P0016 on 2023-12-05: units_sold=18, inventory=18, amount=Rs 886.68 - 100% of stock sold at once"
75534,2024-01-26,S002,P0015,unusual_sales_activity,medium,isolation_forest_only,1.5,0.623,"S002/P0015 on 2024-01-26: units_sold=186, inventory=802, amount=Rs 13109.28 - unusual combination of units, price and stock"
1686,2022-01-17,S005,P0007,unusual_sales_activity,medium,isolation_forest_only,2.98,0.622,"S005/P0007 on 2022-01-17: units_sold=198, inventory=266, amount=Rs 20170.26 - unusual combination of units, price and stock"
1965,2022-01-20,S004,P0006,unusual_sales_activity,medium,isolation_forest_only,1.6,0.622,"S004/P0006 on 2022-01-20: units_sold=292, inventory=527, amount=Rs 13578.00 - unusual combination of units, price and stock"
10688,2022-04-17,S005,P0009,unusual_sales_activity,medium,isolation_forest_only,2.95,0.622,"S005/P0009 on 2022-04-17: units_sold=155, inventory=1006, amount=Rs 20021.35 - unusual combination of units, price and stock"
20689,2022-07-26,S005,P0010,unusual_sales_activity,medium,isolation_forest_only,2.53,0.622,"S005/P0010 on 2022-07-26: units_sold=220, inventory=588, amount=Rs 18011.40 - unusual combination of units, price and stock"
23285,2022-08-21,S005,P0006,unusual_sales_activity,medium,isolation_forest_only,2.31,0.622,"S005/P0006 on 2022-08-21: units_sold=203, inventory=1189, amount=Rs 16962.68 - unusual combination of units, price and stock"
31502,2022-11-12,S001,P0003,unusual_sales_activity,medium,isolation_forest_only,1.05,0.622,"S001/P0003 on 2022-11-12: units_sold=185, inventory=775, amount=Rs 10992.70 - unusual combination of units, price and stock"
32270,2022-11-19,S004,P0011,unusual_sales_activity,medium,isolation_forest_only,-0.79,0.622,"S004/P0011 on 2022-11-19: units_sold=32, inventory=32, amount=Rs 2221.76 - 100% of stock sold at once"
37530,2023-01-11,S002,P0011,unusual_sales_activity,medium,isolation_forest_only,-0.69,0.622,"S002/P0011 on 2023-01-11: units_sold=21, inventory=21, amount=Rs 2700.60 - 100% of stock sold at once"
38186,2023-01-17,S005,P0007,unusual_sales_activity,medium,isolation_forest_only,2.91,0.622,"S005/P0007 on 2023-01-17: units_sold=199, inventory=199, amount=Rs 19850.25 - 100% of stock sold at once"
43526,2023-03-12,S002,P0007,unusual_sales_activity,medium,isolation_forest_only,0.54,0.622,"S002/P0007 on 2023-03-12: units_sold=199, inventory=199, amount=Rs 8566.95 - 100% of stock sold at once"
44352,2023-03-20,S003,P0013,unusual_sales_activity,medium,isolation_forest_only,1.95,0.622,"S003/P0013 on 2023-03-20: units_sold=198, inventory=1381, amount=Rs 15247.98 - unusual combination of units, price and stock"
50033,2023-05-16,S002,P0014,unusual_sales_activity,medium,isolation_forest_only,0.94,0.622,"S002/P0014 on 2023-05-16: units_sold=77, inventory=77, amount=Rs 10461.99 - 100% of stock sold at once"
52053,2023-06-05,S003,P0014,unusual_sales_activity,medium,isolation_forest_only,2.9,0.622,"S003/P0014 on 2023-06-05: units_sold=162, inventory=567, amount=Rs 19773.72 - unusual combination of units, price and stock"
52302,2023-06-08,S001,P0003,unusual_sales_activity,medium,isolation_forest_only,1.45,0.622,"S001/P0003 on 2023-06-08: units_sold=193, inventory=684, amount=Rs 12871.17 - unusual combination of units, price and stock"
55136,2023-07-06,S002,P0017,unusual_sales_activity,medium,isolation_forest_only,-1.23,0.622,"S002/P0017 on 2023-07-06: units_sold=6, inventory=6, amount=Rs 138.30 - 100% of stock sold at once"
55387,2023-07-08,S005,P0008,unusual_sales_activity,medium,isolation_forest_only,2.97,0.622,"S005/P0008 on 2023-07-08: units_sold=220, inventory=220, amount=Rs 20136.60 - 100% of stock sold at once"
59966,2023-08-23,S004,P0007,unusual_sales_activity,medium,isolation_forest_only,-0.04,0.622,"S004/P0007 on 2023-08-23: units_sold=210, inventory=631, amount=Rs 5800.20 - unusual combination of units, price and stock"
61215,2023-09-05,S001,P0016,unusual_sales_activity,medium,isolation_forest_only,-1.26,0.622,"S001/P0016 on 2023-09-05: units_sold=0, inventory=0, amount=Rs 0.00 - unusual combination of units, price and stock"
64613,2023-10-09,S001,P0014,unusual_sales_activity,medium,isolation_forest_only,2.24,0.622,"S001/P0014 on 2023-10-09: units_sold=222, inventory=279, amount=Rs 16663.32 - unusual combination of units, price and stock"
69988,2023-12-01,S005,P0009,unusual_sales_activity,medium,isolation_forest_only,2.07,0.622,"S005/P0009 on 2023-12-01: units_sold=124, inventory=124, amount=Rs 15854.64 - 100% of stock sold at once"
120,2022-01-02,S002,P0001,unusual_sales_activity,medium,isolation_forest_only,-1.26,0.621,"S002/P0001 on 2022-01-02: units_sold=0, inventory=0, amount=Rs 0.00 - unusual combination of units, price and stock"
15453,2022-06-04,S003,P0014,unusual_sales_activity,medium,isolation_forest_only,2.66,0.621,"S003/P0014 on 2022-06-04: units_sold=191, inventory=547, amount=Rs 18628.23 - unusual combination of units, price and stock"
22123,2022-08-10,S002,P0004,unusual_sales_activity,medium,isolation_forest_only,0.81,0.621,"S002/P0004 on 2022-08-10: units_sold=192, inventory=192, amount=Rs 9853.44 - 100% of stock sold at once"
23515,2022-08-24,S001,P0016,unusual_sales_activity,medium,isolation_forest_only,0.95,0.621,"S001/P0016 on 2022-08-24: units_sold=207, inventory=207, amount=Rs 10523.88 - 100% of stock sold at once"
32513,2022-11-22,S001,P0014,unusual_sales_activity,medium,isolation_forest_only,2.6,0.621,"S001/P0014 on 2022-11-22: units_sold=199, inventory=523, amount=Rs 18373.67 - unusual combination of units, price and stock"
37136,2023-01-07,S002,P0017,unusual_sales_activity,medium,isolation_forest_only,-0.29,0.621,"S002/P0017 on 2023-01-07: units_sold=187, inventory=187, amount=Rs 4588.98 - 100% of stock sold at once"
47215,2023-04-18,S001,P0016,unusual_sales_activity,medium,isolation_forest_only,-1.26,0.621,"S001/P0016 on 2023-04-18: units_sold=0, inventory=0, amount=Rs 0.00 - unusual combination of units, price and stock"
49460,2023-05-10,S004,P0001,unusual_sales_activity,medium,isolation_forest_only,-0.75,0.621,"S004/P0001 on 2023-05-10: units_sold=191, inventory=566, amount=Rs 2414.24 - unusual combination of units, price and stock"
52234,2023-06-07,S002,P0015,unusual_sales_activity,medium,isolation_forest_only,-1.06,0.621,"S002/P0015 on 2023-06-07: units_sold=17, inventory=17, amount=Rs 969.51 - 100% of stock sold at once"
57154,2023-07-26,S003,P0015,unusual_sales_activity,medium,isolation_forest_only,2.4,0.621,"S003/P0015 on 2023-07-26: units_sold=146, inventory=1223, amount=Rs 17428.02 - unusual combination of units, price and stock"
58152,2023-08-05,S003,P0013,unusual_sales_activity,medium,isolation_forest_only,2.45,0.621,"S003/P0013 on 2023-08-05: units_sold=202, inventory=1148, amount=Rs 17622.48 - unusual combination of units, price and stock"
59213,2023-08-16,S001,P0014,unusual_sales_activity,medium,isolation_forest_only,2.35,0.621,"S001/P0014 on 2023-08-16: units_sold=205, inventory=268, amount=Rs 17152.35 - unusual combination of units, price and stock"
4344,2022-02-13,S003,P0005,unusual_sales_activity,medium,isolation_forest_only,-0.23,0.62,"S003/P0005 on 2022-02-13: units_sold=210, inventory=803, amount=Rs 4914.00 - unusual combination of units, price and stock"
6669,2022-03-08,S004,P0010,unusual_sales_activity,medium,isolation_forest_only,0.03,0.62,"S004/P0010 on 2022-03-08: units_sold=197, inventory=746, amount=Rs 6130.64 - unusual combination of units, price and stock"
8469,2022-03-26,S004,P0010,unusual_sales_activity,medium,isolation_forest_only,-0.19,0.62,"S004/P0010 on 2022-03-26: units_sold=160, inventory=840, amount=Rs 5083.20 - unusual combination of units, price and stock"
16260,2022-06-12,S004,P0001,unusual_sales_activity,medium,isolation_forest_only,-0.56,0.62,"S004/P0001 on 2022-06-12: units_sold=227, inventory=1263, amount=Rs 3350.52 - unusual combination of units, price and stock"
17041,2022-06-20,S003,P0002,unusual_sales_activity,medium,isolation_forest_only,2.31,0.62,"S003/P0002 on 2022-06-20: units_sold=204, inventory=459, amount=Rs 16995.24 - unusual combination of units, price and stock"
21589,2022-08-04,S005,P0010,unusual_sales_activity,medium,isolation_forest_only,1.98,0.62,"S005/P0010 on 2022-08-04: units_sold=177, inventory=177, amount=Rs 15420.24 - 100% of stock sold at once"
25969,2022-09-17,S004,P0010,unusual_sales_activity,medium,isolation_forest_only,0.33,0.62,"S004/P0010 on 2022-09-17: units_sold=263, inventory=1020, amount=Rs 7571.77 - unusual combination of units, price and stock"
34180,2022-12-08,S005,P0001,unusual_sales_activity,medium,isolation_forest_only,-0.31,0.62,"S005/P0001 on 2022-12-08: units_sold=262, inventory=376, amount=Rs 4495.92 - unusual combination of units, price and stock"
37120,2023-01-07,S002,P0001,unusual_sales_activity,medium,isolation_forest_only,2.31,0.62,"S002/P0001 on 2023-01-07: units_sold=194, inventory=195, amount=Rs 16961.42 - 99% of stock sold at once"
45033,2023-03-27,S002,P0014,unusual_sales_activity,medium,isolation_forest_only,2.57,0.62,"S002/P0014 on 2023-03-27: units_sold=163, inventory=201, amount=Rs 18203.84 - unusual combination of units, price and stock"
46506,2023-04-11,S001,P0007,unusual_sales_activity,medium,isolation_forest_only,-0.25,0.62,"S001/P0007 on 2023-04-11: units_sold=155, inventory=875, amount=Rs 4783.30 - unusual combination of units, price and stock"
50804,2023-05-24,S001,P0005,unusual_sales_activity,medium,isolation_forest_only,2.23,0.62,"S001/P0005 on 2023-05-24: units_sold=218, inventory=431, amount=Rs 16583.26 - unusual combination of units, price and stock"
53046,2023-06-15,S003,P0007,unusual_sales_activity,medium,isolation_forest_only,-0.55,0.62,"S003/P0007 on 2023-06-15: units_sold=158, inventory=807, amount=Rs 3392.26 - unusual combination of units, price and stock"
55356,2023-07-08,S003,P0017,unusual_sales_activity,medium,isolation_forest_only,2.53,0.62,"S003/P0017 on 2023-07-08: units_sold=123, inventory=177, amount=Rs 18009.66 - unusual combination of units, price and stock"
55984,2023-07-14,S005,P0005,unusual_sales_activity,medium,isolation_forest_only,-0.06,0.62,"S005/P0005 on 2023-07-14: units_sold=263, inventory=268, amount=Rs 5701.84 - 98% of stock sold at once"
56906,2023-07-24,S001,P0007,unusual_sales_activity,medium,isolation_forest_only,0.36,0.62,"S001/P0007 on 2023-07-24: units_sold=241, inventory=635, amount=Rs 7707.18 - unusual combination of units, price and stock"
57930,2023-08-03,S002,P0011,unusual_sales_activity,medium,isolation_forest_only,2.93,0.62,"S002/P0011 on 2023-08-03: units_sold=159, inventory=496, amount=Rs 19908.39 - unusual combination of units, price and stock"
58672,2023-08-10,S004,P0013,unusual_sales_activity,medium,isolation_forest_only,-0.13,0.62,"S004/P0013 on 2023-08-10: units_sold=233, inventory=517, amount=Rs 5389.29 - unusual combination of units, price and stock"
58687,2023-08-10,S005,P0008,unusual_sales_activity,medium,isolation_forest_only,2.82,0.62,"S005/P0008 on 2023-08-10: units_sold=236, inventory=258, amount=Rs 19396.84 - 91% of stock sold at once"
469,2022-01-05,S004,P0010,unusual_sales_activity,medium,isolation_forest_only,0.08,0.619,"S004/P0010 on 2022-01-05: units_sold=218, inventory=597, amount=Rs 6385.22 - unusual combination of units, price and stock"
7802,2022-03-20,S001,P0003,unusual_sales_activity,medium,isolation_forest_only,1.48,0.619,"S001/P0003 on 2022-03-20: units_sold=215, inventory=532, amount=Rs 13044.05 - unusual combination of units, price and stock"
13288,2022-05-13,S005,P0009,unusual_sales_activity,medium,isolation_forest_only,-1.26,0.619,"S005/P0009 on 2022-05-13: units_sold=0, inventory=0, amount=Rs 0.00 - unusual combination of units, price and stock"
21498,2022-08-03,S005,P0019,unusual_sales_activity,medium,isolation_forest_only,0.21,0.619,"S005/P0019 on 2022-08-03: units_sold=44, inventory=44, amount=Rs 7000.84 - 100% of stock sold at once"
32046,2022-11-17,S003,P0007,unusual_sales_activity,medium,isolation_forest_only,-0.51,0.619,"S003/P0007 on 2022-11-17: units_sold=188, inventory=706, amount=Rs 3577.64 - unusual combination of units, price and stock"
35272,2022-12-19,S004,P0013,unusual_sales_activity,medium,isolation_forest_only,0.06,0.619,"S004/P0013 on 2022-12-19: units_sold=244, inventory=472, amount=Rs 6275.68 - unusual combination of units, price and stock"
37138,2023-01-07,S002,P0019,unusual_sales_activity,medium,isolation_forest_only,2.41,0.619,"S002/P0019 on 2023-01-07: units_sold=160, inventory=696, amount=Rs 17449.60 - unusual combination of units, price and stock"
39565,2023-01-31,S004,P0006,unusual_sales_activity,medium,isolation_forest_only,-1.26,0.619,"S004/P0006 on 2023-01-31: units_sold=0, inventory=0, amount=Rs 0.00 - unusual combination of units, price and stock"
42573,2023-03-02,S004,P0014,unusual_sales_activity,medium,isolation_forest_only,-1.26,0.619,"S004/P0014 on 2023-03-02: units_sold=0, inventory=0, amount=Rs 0.00 - very low stock with no reorder"
53304,2023-06-18,S001,P0005,unusual_sales_activity,medium,isolation_forest_only,1.54,0.619,"S001/P0005 on 2023-06-18: units_sold=187, inventory=762, amount=Rs 13331.23 - unusual combination of units, price and stock"
63906,2023-10-02,S001,P0007,unusual_sales_activity,medium,isolation_forest_only,-0.04,0.619,"S001/P0007 on 2023-10-02: units_sold=184, inventory=184, amount=Rs 5792.32 - 100% of stock sold at once"
64084,2023-10-03,S005,P0005,unusual_sales_activity,medium,isolation_forest_only,-1.26,0.619,"S005/P0005 on 2023-10-03: units_sold=0, inventory=0, amount=Rs 0.00 - unusual combination of units, price and stock"
66326,2023-10-26,S002,P0007,unusual_sales_activity,medium,isolation_forest_only,-1.21,0.619,"S002/P0007 on 2023-10-26: units_sold=8, inventory=8, amount=Rs 250.96 - 100% of stock sold at once"
69575,2023-11-27,S004,P0016,unusual_sales_activity,medium,isolation_forest_only,-0.89,0.619,"S004/P0016 on 2023-11-27: units_sold=13, inventory=13, amount=Rs 1747.33 - 100% of stock sold at once"
70563,2023-12-07,S004,P0004,unusual_sales_activity,medium,isolation_forest_only,2.36,0.619,"S004/P0004 on 2023-12-07: units_sold=223, inventory=536, amount=Rs 17195.53 - unusual combination of units, price and stock"
1613,2022-01-17,S001,P0014,unusual_sales_activity,medium,isolation_forest_only,2.5,0.618,"S001/P0014 on 2022-01-17: units_sold=187, inventory=577, amount=Rs 17890.29 - unusual combination of units, price and stock"
1972,2022-01-20,S004,P0013,unusual_sales_activity,medium,isolation_forest_only,0.1,0.618,"S004/P0013 on 2022-01-20: units_sold=238, inventory=290, amount=Rs 6459.32 - unusual combination of units, price and stock"
4394,2022-02-13,S005,P0015,unusual_sales_activity,medium,isolation_forest_only,-1.26,0.618,"S005/P0015 on 2022-02-13: units_sold=0, inventory=0, amount=Rs 0.00 - unusual combination of units, price and stock"
9632,2022-04-07,S002,P0013,unusual_sales_activity,medium,isolation_forest_only,-1.22,0.618,"S002/P0013 on 2022-04-07: units_sold=8, inventory=8, amount=Rs 201.76 - 100% of stock sold at once"
16743,2022-06-17,S003,P0004,unusual_sales_activity,medium,isolation_forest_only,0.35,0.618,"S003/P0004 on 2022-06-17: units_sold=250, inventory=353, amount=Rs 7642.50 - unusual combination of units, price and stock"
21515,2022-08-04,S001,P0016,unusual_sales_activity,medium,isolation_forest_only,2.45,0.618,"S001/P0016 on 2022-08-04: units_sold=275, inventory=369, amount=Rs 17624.75 - unusual combination of units, price and stock"
22310,2022-08-12,S001,P0011,unusual_sales_activity,medium,isolation_forest_only,2.93,0.618,"S001/P0011 on 2022-08-12: units_sold=111, inventory=111, amount=Rs 19915.62 - 100% of stock sold at once"
23604,2022-08-25,S001,P0005,unusual_sales_activity,medium,isolation_forest_only,1.06,0.618,"S001/P0005 on 2022-08-25: units_sold=178, inventory=802, amount=Rs 11018.20 - unusual combination of units, price and stock"
31105,2022-11-08,S001,P0006,unusual_sales_activity,medium,isolation_forest_only,0.97,0.618,"S001/P0006 on 2022-11-08: units_sold=220, inventory=368, amount=Rs 10584.20 - unusual combination of units, price and stock"
31211,2022-11-09,S001,P0012,unusual_sales_activity,medium,isolation_forest_only,2.41,0.618,"S001/P0012 on 2022-11-09: units_sold=145, inventory=145, amount=Rs 17456.55 - 100% of stock sold at once"
35531,2022-12-22,S002,P0012,unusual_sales_activity,medium,isolation_forest_only,2.18,0.618,"S002/P0012 on 2022-12-22: units_sold=200, inventory=523, amount=Rs 16360.00 - unusual combination of units, price and stock"
37844,2023-01-14,S003,P0005,unusual_sales_activity,medium,isolation_forest_only,0.04,0.618,"S003/P0005 on 2023-01-14: units_sold=210, inventory=601, amount=Rs 6169.80 - unusual combination of units, price and stock"
43288,2023-03-09,S005,P0009,unusual_sales_activity,medium,isolation_forest_only,2.86,0.618,"S005/P0009 on 2023-03-09: units_sold=204, inventory=531, amount=Rs 19616.64 - unusual combination of units, price and stock"
52148,2023-06-06,S003,P0009,unusual_sales_activity,medium,isolation_forest_only,2.44,0.618,"S003/P0009 on 2023-06-06: units_sold=242, inventory=311, amount=Rs 17595.82 - unusual combination of units, price and stock"
52394,2023-06-08,S005,P0015,unusual_sales_activity,medium,isolation_forest_only,1.94,0.618,"S005/P0015 on 2023-06-08: units_sold=224, inventory=224, amount=Rs 15240.96 - 100% of stock sold at once"
52594,2023-06-10,S005,P0015,unusual_sales_activity,medium,isolation_forest_only,2.65,0.618,"S005/P0015 on 2023-06-10: units_sold=279, inventory=717, amount=Rs 18578.61 - unusual combination of units, price and stock"
54183,2023-06-26,S005,P0004,unusual_sales_activity,medium,isolation_forest_only,-0.69,0.618,"S005/P0004 on 2023-06-26: units_sold=281, inventory=314, amount=Rs 2722.89 - unusual combination of units, price and stock"
55341,2023-07-08,S003,P0002,unusual_sales_activity,medium,isolation_forest_only,2.16,0.618,"S003/P0002 on 2023-07-08: units_sold=216, inventory=664, amount=Rs 16277.76 - unusual combination of units, price and stock"
56249,2023-07-17,S003,P0010,unusual_sales_activity,medium,isolation_forest_only,1.89,0.618,"S003/P0010 on 2023-07-17: units_sold=275, inventory=275, amount=Rs 14968.25 - 100% of stock sold at once"
63693,2023-09-29,S005,P0014,unusual_sales_activity,medium,isolation_forest_only,2.84,0.618,"S005/P0014 on 2023-09-29: units_sold=101, inventory=170, amount=Rs 19511.18 - unusual combination of units, price and stock"
66285,2023-10-25,S005,P0006,unusual_sales_activity,medium,isolation_forest_only,1.91,0.618,"S005/P0006 on 2023-10-25: units_sold=209, inventory=495, amount=Rs 15087.71 - unusual combination of units, price and stock"
72153,2023-12-23,S003,P0014,unusual_sales_activity,medium,isolation_forest_only,2.96,0.618,"S003/P0014 on 2023-12-23: units_sold=179, inventory=549, amount=Rs 20085.59 - unusual combination of units, price and stock"
154,2022-01-02,S003,P0015,unusual_sales_activity,medium,isolation_forest_only,-0.52,0.617,"S003/P0015 on 2022-01-02: units_sold=35, inventory=35, amount=Rs 3532.55 - 100% of stock sold at once"
1219,2022-01-13,S001,P0020,unusual_sales_activity,medium,isolation_forest_only,2.95,0.617,"S001/P0020 on 2022-01-13: units_sold=126, inventory=909, amount=Rs 20013.84 - unusual combination of units, price and stock"
6380,2022-03-05,S005,P0001,unusual_sales_activity,medium,isolation_forest_only,-0.57,0.617,"S005/P0001 on 2022-03-05: units_sold=233, inventory=259, amount=Rs 3301.61 - unusual combination of units, price and stock"
7032,2022-03-12,S002,P0013,unusual_sales_activity,medium,isolation_forest_only,0.14,0.617,"S002/P0013 on 2022-03-12: units_sold=256, inventory=652, amount=Rs 6653.44 - unusual combination of units, price and stock"
7043,2022-03-12,S003,P0004,unusual_sales_activity,medium,isolation_forest_only,-0.3,0.617,"S003/P0004 on 2022-03-12: units_sold=190, inventory=190, amount=Rs 4541.00 - 100% of stock sold at once"
12135,2022-05-02,S002,P0016,unusual_sales_activity,medium,isolation_forest_only,-1.26,0.617,"S002/P0016 on 2022-05-02: units_sold=0, inventory=0, amount=Rs 0.00 - unusual combination of units, price and stock"
16184,2022-06-11,S005,P0005,unusual_sales_activity,medium,isolation_forest_only,0.11,0.617,"S005/P0005 on 2022-06-11: units_sold=275, inventory=361, amount=Rs 6534.00 - unusual combination of units, price and stock"
16695,2022-06-16,S005,P0016,unusual_sales_activity,medium,isolation_forest_only,0.58,0.617,"S005/P0016 on 2022-06-16: units_sold=226, inventory=343, amount=Rs 8741.68 - unusual combination of units, price and stock"
16790,2022-06-17,S005,P0011,unusual_sales_activity,medium,isolation_forest_only,2.63,0.617,"S005/P0011 on 2022-06-17: units_sold=192, inventory=454, amount=Rs 18514.56 - unusual combination of units, price and stock"
17385,2022-06-23,S005,P0006,unusual_sales_activity,medium,isolation_forest_only,1.54,0.617,"S005/P0006 on 2022-06-23: units_sold=193, inventory=1422, amount=Rs 13293.84 - unusual combination of units, price and stock"
17463,2022-06-24,S004,P0004,unusual_sales_activity,medium,isolation_forest_only,2.07,0.617,"S004/P0004 on 2022-06-24: units_sold=197, inventory=664, amount=Rs 15854.56 - unusual combination of units, price and stock"
21715,2022-08-06,S001,P0016,unusual_sales_activity,medium,isolation_forest_only,1.03,0.617,"S001/P0016 on 2022-08-06: units_sold=186, inventory=729, amount=Rs 10894.02 - unusual combination of units, price and stock"
22069,2022-08-09,S004,P0010,unusual_sales_activity,medium,isolation_forest_only,-0.06,0.617,"S004/P0010 on 2022-08-09: units_sold=215, inventory=499, amount=Rs 5712.55 - unusual combination of units, price and stock"
22352,2022-08-12,S003,P0013,unusual_sales_activity,medium,isolation_forest_only,1.8,0.617,"S003/P0013 on 2022-08-12: units_sold=188, inventory=730, amount=Rs 14549.32 - unusual combination of units, price and stock"
23861,2022-08-27,S004,P0002,unusual_sales_activity,medium,isolation_forest_only,0.32,0.617,"S004/P0002 on 2022-08-27: units_sold=267, inventory=387, amount=Rs 7532.07 - unusual combination of units, price and stock"
24860,2022-09-06,S004,P0001,unusual_sales_activity,medium,isolation_forest_only,-0.83,0.617,"S004/P0001 on 2022-09-06: units_sold=196, inventory=460, amount=Rs 2054.08 - unusual combination of units, price and stock"
34706,2022-12-14,S001,P0007,unusual_sales_activity,medium,isolation_forest_only,-0.34,0.617,"S001/P0007 on 2022-12-14: units_sold=158, inventory=837, amount=Rs 4395.56 - unusual combination of units, price and stock"
46924,2023-04-15,S002,P0005,unusual_sales_activity,medium,isolation_forest_only,-1.21,0.617,"S002/P0005 on 2023-04-15: units_sold=4, inventory=1270, amount=Rs 219.40 - unusual combination of units, price and stock"
52446,2023-06-09,S003,P0007,unusual_sales_activity,medium,isolation_forest_only,-0.51,0.617,"S003/P0007 on 2023-06-09: units_sold=189, inventory=667, amount=Rs 3577.77 - unusual combination of units, price and stock"
53989,2023-06-24,S005,P0010,unusual_sales_activity,medium,isolation_forest_only,2.09,0.617,"S005/P0010 on 2023-06-24: units_sold=222, inventory=511, amount=Rs 15915.18 - unusual combination of units, price and stock"
56905,2023-07-24,S001,P0006,unusual_sales_activity,medium,isolation_forest_only,-1.26,0.617,"S001/P0006 on 2023-07-24: units_sold=0, inventory=0, amount=Rs 0.00 - unusual combination of units, price and stock"
58722,2023-08-11,S002,P0003,unusual_sales_activity,medium,isolation_forest_only,2.45,0.617,"S002/P0003 on 2023-08-11: units_sold=197, inventory=558, amount=Rs 17625.59 - unusual combination of units, price and stock"
59802,2023-08-22,S001,P0003,unusual_sales_activity,medium,isolation_forest_only,1.04,0.617,"S001/P0003 on 2023-08-22: units_sold=172, inventory=803, amount=Rs 10937.48 - unusual combination of units, price and stock"
61944,2023-09-12,S003,P0005,unusual_sales_activity,medium,isolation_forest_only,0.07,0.617,"S003/P0005 on 2023-09-12: units_sold=215, inventory=378, amount=Rs 6305.95 - unusual combination of units, price and stock"
67346,2023-11-05,S003,P0007,unusual_sales_activity,medium,isolation_forest_only,-0.75,0.617,"S003/P0007 on 2023-11-05: units_sold=135, inventory=811, amount=Rs 2423.25 - unusual combination of units, price and stock"
70569,2023-12-07,S004,P0010,unusual_sales_activity,medium,isolation_forest_only,0.14,0.617,"S004/P0010 on 2023-12-07: units_sold=212, inventory=663, amount=Rs 6641.96 - unusual combination of units, price and stock"
70768,2023-12-09,S004,P0009,unusual_sales_activity,medium,isolation_forest_only,2.14,0.617,"S004/P0009 on 2023-12-09: units_sold=135, inventory=1272, amount=Rs 16182.45 - unusual combination of units, price and stock"
74306,2024-01-14,S001,P0007,unusual_sales_activity,medium,isolation_forest_only,-0.07,0.617,"S001/P0007 on 2024-01-14: units_sold=197, inventory=697, amount=Rs 5673.60 - unusual combination of units, price and stock"
135,2022-01-02,S002,P0016,unusual_sales_activity,medium,isolation_forest_only,-1.26,0.616,"S002/P0016 on 2022-01-02: units_sold=0, inventory=0, amount=Rs 0.00 - unusual combination of units, price and stock"
585,2022-01-06,S005,P0006,unusual_sales_activity,medium,isolation_forest_only,1.81,0.616,"S005/P0006 on 2022-01-06: units_sold=198, inventory=719, amount=Rs 14594.58 - unusual combination of units, price and stock"
889,2022-01-09,S005,P0010,unusual_sales_activity,medium,isolation_forest_only,2.32,0.616,"S005/P0010 on 2022-01-09: units_sold=233, inventory=569, amount=Rs 17032.30 - unusual combination of units, price and stock"
4502,2022-02-15,S001,P0003,unusual_sales_activity,medium,isolation_forest_only,1.72,0.616,"S001/P0003 on 2022-02-15: units_sold=210, inventory=1248, amount=Rs 14175.00 - unusual combination of units, price and stock"
8105,2022-03-23,S001,P0006,unusual_sales_activity,medium,isolation_forest_only,1.54,0.616,"S001/P0006 on 2022-03-23: units_sold=238, inventory=552, amount=Rs 13311.34 - unusual combination of units, price and stock"
15341,2022-06-03,S003,P0002,unusual_sales_activity,medium,isolation_forest_only,-1.04,0.616,"S003/P0002 on 2022-06-03: units_sold=19, inventory=19, amount=Rs 1026.38 - 100% of stock sold at once"
16652,2022-06-16,S003,P0013,unusual_sales_activity,medium,isolation_forest_only,2.16,0.616,"S003/P0013 on 2022-06-16: units_sold=179, inventory=1372, amount=Rs 16274.68 - unusual combination of units, price and stock"
16952,2022-06-19,S003,P0013,unusual_sales_activity,medium,isolation_forest_only,2.92,0.616,"S003/P0013 on 2022-06-19: units_sold=211, inventory=965, amount=Rs 19884.64 - unusual combination of units, price and stock"
17665,2022-06-26,S004,P0006,unusual_sales_activity,medium,isolation_forest_only,1.16,0.616,"S004/P0006 on 2022-06-26: units_sold=245, inventory=371, amount=Rs 11497.85 - unusual combination of units, price and stock"
22322,2022-08-12,S002,P0003,unusual_sales_activity,medium,isolation_forest_only,2.9,0.616,"S002/P0003 on 2022-08-12: units_sold=199, inventory=298, amount=Rs 19800.50 - unusual combination of units, price and stock"
22585,2022-08-14,S005,P0006,unusual_sales_activity,medium,isolation_forest_only,1.19,0.616,"S005/P0006 on 2022-08-14: units_sold=176, inventory=1974, amount=Rs 11637.12 - unusual combination of units, price and stock"
27646,2022-10-04,S003,P0007,unusual_sales_activity,medium,isolation_forest_only,-0.65,0.616,"S003/P0007 on 2022-10-04: units_sold=141, inventory=834, amount=Rs 2915.88 - unusual combination of units, price and stock"
30093,2022-10-28,S005,P0014,unusual_sales_activity,medium,isolation_forest_only,2.6,0.616,"S005/P0014 on 2022-10-28: units_sold=90, inventory=139, amount=Rs 18360.00 - unusual combination of units, price and stock"
30359,2022-10-31,S003,P0020,unusual_sales_activity,medium,isolation_forest_only,-1.06,0.616,"S003/P0020 on 2022-10-31: units_sold=14, inventory=14, amount=Rs 956.48 - 100% of stock sold at once"
32546,2022-11-22,S003,P0007,unusual_sales_activity,medium,isolation_forest_only,-0.57,0.616,"S003/P0007 on 2022-11-22: units_sold=151, inventory=786, amount=Rs 3260.09 - unusual combination of units, price and stock"
35063,2022-12-17,S004,P0004,unusual_sales_activity,medium,isolation_forest_only,1.98,0.616,"S004/P0004 on 2022-12-17: units_sold=248, inventory=550, amount=Rs 15390.88 - unusual combination of units, price and stock"
36023,2022-12-27,S002,P0004,unusual_sales_activity,medium,isolation_forest_only,0.67,0.616,"S002/P0004 on 2022-12-27: units_sold=204, inventory=378, amount=Rs 9159.60 - unusual combination of units, price and stock"
36062,2022-12-27,S004,P0003,unusual_sales_activity,medium,isolation_forest_only,2.95,0.616,"S004/P0003 on 2022-12-27: units_sold=117, inventory=413, amount=Rs 20036.25 - unusual combination of units, price and stock"
37163,2023-01-07,S004,P0004,unusual_sales_activity,medium,isolation_forest_only,1.99,0.616,"S004/P0004 on 2023-01-07: units_sold=242, inventory=512, amount=Rs 15437.18 - unusual combination of units, price and stock"
42633,2023-03-03,S002,P0014,unusual_sales_activity,medium,isolation_forest_only,-0.42,0.616,"S002/P0014 on 2023-03-03: units_sold=36, inventory=36, amount=Rs 4002.84 - 100% of stock sold at once"
44226,2023-03-19,S002,P0007,unusual_sales_activity,medium,isolation_forest_only,0.33,0.616,"S002/P0007 on 2023-03-19: units_sold=233, inventory=673, amount=Rs 7539.88 - unusual combination of units, price and stock"
50039,2023-05-16,S002,P0020,unusual_sales_activity,medium,isolation_forest_only,-0.01,0.616,"S002/P0020 on 2023-05-16: units_sold=40, inventory=40, amount=Rs 5957.60 - 100% of stock sold at once"
54480,2023-06-29,S005,P0001,unusual_sales_activity,medium,isolation_forest_only,-0.52,0.616,"S005/P0001 on 2023-06-29: units_sold=205, inventory=208, amount=Rs 3509.60 - 99% of stock sold at once"
55030,2023-07-05,S002,P0011,unusual_sales_activity,medium,isolation_forest_only,1.58,0.616,"S002/P0011 on 2023-07-05: units_sold=101, inventory=101, amount=Rs 13504.71 - 100% of stock sold at once"
55360,2023-07-08,S004,P0001,unusual_sales_activity,medium,isolation_forest_only,-0.77,0.616,"S004/P0001 on 2023-07-08: units_sold=187, inventory=619, amount=Rs 2350.59 - unusual combination of units, price and stock"
59466,2023-08-18,S004,P0007,unusual_sales_activity,medium,isolation_forest_only,0.46,0.616,"S004/P0007 on 2023-08-18: units_sold=217, inventory=1276, amount=Rs 8198.26 - unusual combination of units, price and stock"
68630,2023-11-18,S002,P0011,unusual_sales_activity,medium,isolation_forest_only,2.11,0.616,"S002/P0011 on 2023-11-18: units_sold=136, inventory=136, amount=Rs 16038.48 - 100% of stock sold at once"
72246,2023-12-24,S003,P0007,unusual_sales_activity,medium,isolation_forest_only,-0.4,0.616,"S003/P0007 on 2023-12-24: units_sold=236, inventory=633, amount=Rs 4099.32 - unusual combination of units, price and stock"
75717,2024-01-28,S001,P0018,unusual_sales_activity,medium,isolation_forest_only,2.76,0.616,"S001/P0018 on 2024-01-28: units_sold=237, inventory=248, amount=Rs 19125.90 - 96% of stock sold at once"
275,2022-01-03,S004,P0016,unusual_sales_activity,medium,isolation_forest_only,-0.92,0.615,"S004/P0016 on 2022-01-03: units_sold=14, inventory=14, amount=Rs 1633.10 - 100% of stock sold at once"
4892,2022-02-18,S005,P0013,unusual_sales_activity,medium,isolation_forest_only,2.72,0.615,"S005/P0013 on 2022-02-18: units_sold=184, inventory=552, amount=Rs 18906.00 - unusual combination of units, price and stock"
5006,2022-02-20,S001,P0007,unusual_sales_activity,medium,isolation_forest_only,0.08,0.615,"S001/P0007 on 2022-02-20: units_sold=208, inventory=633, amount=Rs 6371.04 - unusual combination of units, price and stock"
6322,2022-03-05,S002,P0003,unusual_sales_activity,medium,isolation_forest_only,2.49,0.615,"S002/P0003 on 2022-03-05: units_sold=183, inventory=220, amount=Rs 17835.18 - unusual combination of units, price and stock"
7554,2022-03-17,S003,P0015,unusual_sales_activity,medium,isolation_forest_only,2.98,0.615,"S003/P0015 on 2022-03-17: units_sold=183, inventory=583, amount=Rs 20142.81 - unusual combination of units, price and stock"
8530,2022-03-27,S002,P0011,unusual_sales_activity,medium,isolation_forest_only,2.5,0.615,"S002/P0011 on 2022-03-27: units_sold=178, inventory=213, amount=Rs 17881.88 - unusual combination of units, price and stock"
15260,2022-06-02,S004,P0001,unusual_sales_activity,medium,isolation_forest_only,-0.68,0.615,"S004/P0001 on 2022-06-02: units_sold=206, inventory=226, amount=Rs 2774.82 - 91% of stock sold at once"
19904,2022-07-19,S001,P0005,unusual_sales_activity,medium,isolation_forest_only,1.14,0.615,"S001/P0005 on 2022-07-19: units_sold=196, inventory=738, amount=Rs 11432.68 - unusual combination of units, price and stock"
22794,2022-08-16,S005,P0015,unusual_sales_activity,medium,isolation_forest_only,2.8,0.615,"S005/P0015 on 2022-08-16: units_sold=276, inventory=565, amount=Rs 19328.28 - unusual combination of units, price and stock"
23630,2022-08-25,S002,P0011,unusual_sales_activity,medium,isolation_forest_only,2.96,0.615,"S002/P0011 on 2022-08-25: units_sold=148, inventory=937, amount=Rs 20051.04 - unusual combination of units, price and stock"
26772,2022-09-25,S004,P0013,unusual_sales_activity,medium,isolation_forest_only,0.18,0.615,"S004/P0013 on 2022-09-25: units_sold=242, inventory=347, amount=Rs 6858.28 - unusual combination of units, price and stock"
30111,2022-10-29,S001,P0012,unusual_sales_activity,medium,isolation_forest_only,-1.18,0.615,"S001/P0012 on 2022-10-29: units_sold=4, inventory=4, amount=Rs 372.12 - 100% of stock sold at once"
30843,2022-11-05,S003,P0004,unusual_sales_activity,medium,isolation_forest_only,0.29,0.615,"S003/P0004 on 2022-11-05: units_sold=249, inventory=1053, amount=Rs 7385.34 - unusual combination of units, price and stock"
43832,2023-03-15,S002,P0013,unusual_sales_activity,medium,isolation_forest_only,-0.02,0.615,"S002/P0013 on 2023-03-15: units_sold=208, inventory=584, amount=Rs 5898.88 - unusual combination of units, price and stock"
45691,2023-04-02,S005,P0012,unusual_sales_activity,medium,isolation_forest_only,2.97,0.615,"S005/P0012 on 2023-04-02: units_sold=125, inventory=317, amount=Rs 20125.00 - unusual combination of units, price and stock"
46566,2023-04-11,S004,P0007,unusual_sales_activity,medium,isolation_forest_only,0.47,0.615,"S004/P0007 on 2023-04-11: units_sold=217, inventory=609, amount=Rs 8217.79 - unusual combination of units, price and stock"
48901,2023-05-05,S001,P0002,unusual_sales_activity,medium,isolation_forest_only,2.64,0.615,"S001/P0002 on 2023-05-05: units_sold=237, inventory=237, amount=Rs 18538.14 - 100% of stock sold at once"
49650,2023-05-12,S003,P0011,unusual_sales_activity,medium,isolation_forest_only,-1.26,0.615,"S003/P0011 on 2023-05-12: units_sold=0, inventory=0, amount=Rs 0.00 - unusual combination of units, price and stock"
52606,2023-06-11,S001,P0007,unusual_sales_activity,medium,isolation_forest_only,-0.02,0.615,"S001/P0007 on 2023-06-11: units_sold=172, inventory=172, amount=Rs 5889.28 - 100% of stock sold at once"
55963,2023-07-14,S004,P0004,unusual_sales_activity,medium,isolation_forest_only,1.38,0.615,"S004/P0004 on 2023-07-14: units_sold=220, inventory=695, amount=Rs 12573.00 - unusual combination of units, price and stock"
57354,2023-07-28,S003,P0015,unusual_sales_activity,medium,isolation_forest_only,2.85,0.615,"S003/P0015 on 2023-07-28: units_sold=155, inventory=1007, amount=Rs 19568.75 - unusual combination of units, price and stock"
57715,2023-08-01,S001,P0016,unusual_sales_activity,medium,isolation_forest_only,1.07,0.615,"S001/P0016 on 2023-08-01: units_sold=201, inventory=234, amount=Rs 11093.19 - unusual combination of units, price and stock"
63061,2023-09-23,S004,P0002,unusual_sales_activity,medium,isolation_forest_only,0.0,0.615,"S004/P0002 on 2023-09-23: units_sold=242, inventory=254, amount=Rs 5994.34 - 95% of stock sold at once"
63135,2023-09-24,S002,P0016,unusual_sales_activity,medium,isolation_forest_only,-0.97,0.615,"S002/P0016 on 2023-09-24: units_sold=14, inventory=14, amount=Rs 1376.90 - 100% of stock sold at once"
66646,2023-10-29,S003,P0007,unusual_sales_activity,medium,isolation_forest_only,-0.71,0.615,"S003/P0007 on 2023-10-29: units_sold=127, inventory=864, amount=Rs 2599.69 - unusual combination of units, price and stock"
69091,2023-11-22,S005,P0012,unusual_sales_activity,medium,isolation_forest_only,2.12,0.615,"S005/P0012 on 2023-11-22: units_sold=103, inventory=629, amount=Rs 16075.21 - unusual combination of units, price and stock"
69663,2023-11-28,S004,P0004,unusual_sales_activity,medium,isolation_forest_only,2.13,0.615,"S004/P0004 on 2023-11-28: units_sold=255, inventory=896, amount=Rs 16141.50 - unusual combination of units, price and stock"
70660,2023-12-08,S004,P0001,unusual_sales_activity,medium,isolation_forest_only,-0.77,0.615,"S004/P0001 on 2023-12-08: units_sold=203, inventory=1366, amount=Rs 2346.68 - unusual combination of units, price and stock"
6330,2022-03-05,S002,P0011,unusual_sales_activity,medium,isolation_forest_only,2.73,0.614,"S002/P0011 on 2022-03-05: units_sold=160, inventory=254, amount=Rs 18972.80 - unusual combination of units, price and stock"
6732,2022-03-09,S002,P0013,unusual_sales_activity,medium,isolation_forest_only,-0.03,0.614,"S002/P0013 on 2022-03-09: units_sold=233, inventory=337, amount=Rs 5836.65 - unusual combination of units, price and stock"
6760,2022-03-09,S004,P0001,unusual_sales_activity,medium,isolation_forest_only,-0.74,0.614,"S004/P0001 on 2022-03-09: units_sold=168, inventory=745, amount=Rs 2489.76 - unusual combination of units, price and stock"
8156,2022-03-23,S003,P0017,unusual_sales_activity,medium,isolation_forest_only,2.9,0.614,"S003/P0017 on 2022-03-23: units_sold=162, inventory=415, amount=Rs 19802.88 - unusual combination of units, price and stock"
9834,2022-04-09,S002,P0015,unusual_sales_activity,medium,isolation_forest_only,2.23,0.614,"S002/P0015 on 2022-04-09: units_sold=198, inventory=448, amount=Rs 16614.18 - unusual combination of units, price and stock"
14880,2022-05-29,S005,P0001,unusual_sales_activity,medium,isolation_forest_only,-1.26,0.614,"S005/P0001 on 2022-05-29: units_sold=0, inventory=0, amount=Rs 0.00 - unusual combination of units, price and stock"
24104,2022-08-30,S001,P0005,unusual_sales_activity,medium,isolation_forest_only,1.83,0.614,"S001/P0005 on 2022-08-30: units_sold=210, inventory=1163, amount=Rs 14683.20 - unusual combination of units, price and stock"
24479,2022-09-02,S004,P0020,unusual_sales_activity,medium,isolation_forest_only,2.6,0.614,"S004/P0020 on 2022-09-02: units_sold=109, inventory=109, amount=Rs 18370.86 - 100% of stock sold at once"
28166,2022-10-09,S004,P0007,unusual_sales_activity,medium,isolation_forest_only,0.47,0.614,"S004/P0007 on 2022-10-09: units_sold=215, inventory=574, amount=Rs 8247.40 - unusual combination of units, price and stock"
32660,2022-11-23,S004,P0001,unusual_sales_activity,medium,isolation_forest_only,-0.69,0.614,"S004/P0001 on 2022-11-23: units_sold=192, inventory=561, amount=Rs 2711.04 - unusual combination of units, price and stock"
46006,2023-04-06,S001,P0007,unusual_sales_activity,medium,isolation_forest_only,-0.29,0.614,"S001/P0007 on 2023-04-06: units_sold=191, inventory=766, amount=Rs 4624.11 - unusual combination of units, price and stock"
49903,2023-05-15,S001,P0004,unusual_sales_activity,medium,isolation_forest_only,-1.26,0.614,"S001/P0004 on 2023-05-15: units_sold=0, inventory=0, amount=Rs 0.00 - unusual combination of units, price and stock"
50813,2023-05-24,S001,P0014,unusual_sales_activity,medium,isolation_forest_only,2.55,0.614,"S001/P0014 on 2023-05-24: units_sold=212, inventory=406, amount=Rs 18130.24 - unusual combination of units, price and stock"
53138,2023-06-16,S002,P0019,unusual_sales_activity,medium,isolation_forest_only,2.25,0.614,"S002/P0019 on 2023-06-16: units_sold=166, inventory=166, amount=Rs 16673.04 - 100% of stock sold at once"
54522,2023-06-30,S002,P0003,unusual_sales_activity,medium,isolation_forest_only,2.74,0.614,"S002/P0003 on 2023-06-30: units_sold=160, inventory=288, amount=Rs 19041.60 - unusual combination of units, price and stock"
54652,2023-07-01,S003,P0013,unusual_sales_activity,medium,isolation_forest_only,2.41,0.614,"S003/P0013 on 2023-07-01: units_sold=184, inventory=1170, amount=Rs 17430.32 - unusual combination of units, price and stock"
55832,2023-07-13,S002,P0013,unusual_sales_activity,medium,isolation_forest_only,-0.09,0.614,"S002/P0013 on 2023-07-13: units_sold=191, inventory=650, amount=Rs 5575.29 - unusual combination of units, price and stock"
56123,2023-07-16,S002,P0004,unusual_sales_activity,medium,isolation_forest_only,0.82,0.614,"S002/P0004 on 2023-07-16: units_sold=181, inventory=181, amount=Rs 9889.84 - 100% of stock sold at once"
57790,2023-08-01,S005,P0011,unusual_sales_activity,medium,isolation_forest_only,2.34,0.614,"S005/P0011 on 2023-08-01: units_sold=195, inventory=411, amount=Rs 17128.80 - unusual combination of units, price and stock"
61259,2023-09-05,S003,P0020,unusual_sales_activity,medium,isolation_forest_only,2.05,0.614,"S003/P0020 on 2023-09-05: units_sold=208, inventory=356, amount=Rs 15747.68 - unusual combination of units, price and stock"
71350,2023-12-15,S003,P0011,unusual_sales_activity,medium,isolation_forest_only,-1.26,0.614,"S003/P0011 on 2023-12-15: units_sold=0, inventory=0, amount=Rs 0.00 - unusual combination of units, price and stock"
72036,2023-12-22,S002,P0017,unusual_sales_activity,medium,isolation_forest_only,-0.29,0.614,"S002/P0017 on 2023-12-22: units_sold=200, inventory=238, amount=Rs 4626.00 - unusual combination of units, price and stock"
75380,2024-01-24,S005,P0001,unusual_sales_activity,medium,isolation_forest_only,-0.42,0.614,"S005/P0001 on 2024-01-24: units_sold=253, inventory=324, amount=Rs 3984.75 - unusual combination of units, price and stock"
2480,2022-01-25,S005,P0001,unusual_sales_activity,medium,isolation_forest_only,-1.24,0.613,"S005/P0001 on 2022-01-25: units_sold=7, inventory=7, amount=Rs 94.50 - 100% of stock sold at once"
4085,2022-02-10,S005,P0006,unusual_sales_activity,medium,isolation_forest_only,1.74,0.613,"S005/P0006 on 2022-02-10: units_sold=202, inventory=758, amount=Rs 14245.04 - unusual combination of units, price and stock"
9352,2022-04-04,S003,P0013,unusual_sales_activity,medium,isolation_forest_only,1.6,0.613,"S003/P0013 on 2022-04-04: units_sold=174, inventory=174, amount=Rs 13615.50 - 100% of stock sold at once"
9713,2022-04-08,S001,P0014,unusual_sales_activity,medium,isolation_forest_only,2.87,0.613,"S001/P0014 on 2022-04-08: units_sold=245, inventory=361, amount=Rs 19624.50 - unusual combination of units, price and stock"
10105,2022-04-12,S001,P0006,unusual_sales_activity,medium,isolation_forest_only,1.36,0.613,"S001/P0006 on 2022-04-12: units_sold=237, inventory=401, amount=Rs 12473.31 - unusual combination of units, price and stock"
15841,2022-06-08,S003,P0002,unusual_sales_activity,medium,isolation_forest_only,1.96,0.613,"S003/P0002 on 2022-06-08: units_sold=193, inventory=683, amount=Rs 15326.13 - unusual combination of units, price and stock"
15885,2022-06-08,S005,P0006,unusual_sales_activity,medium,isolation_forest_only,1.73,0.613,"S005/P0006 on 2022-06-08: units_sold=193, inventory=649, amount=Rs 14235.68 - unusual combination of units, price and stock"
23044,2022-08-19,S003,P0005,unusual_sales_activity,medium,isolation_forest_only,-0.3,0.613,"S003/P0005 on 2022-08-19: units_sold=202, inventory=584, amount=Rs 4549.04 - unusual combination of units, price and stock"
28160,2022-10-09,S004,P0001,unusual_sales_activity,medium,isolation_forest_only,-0.78,0.613,"S004/P0001 on 2022-10-09: units_sold=177, inventory=673, amount=Rs 2290.38 - unusual combination of units, price and stock"
40792,2023-02-12,S005,P0013,unusual_sales_activity,medium,isolation_forest_only,-1.26,0.613,"S005/P0013 on 2023-02-12: units_sold=0, inventory=0, amount=Rs 0.00 - unusual combination of units, price and stock"
43281,2023-03-09,S005,P0002,unusual_sales_activity,medium,isolation_forest_only,0.97,0.613,"S005/P0002 on 2023-03-09: units_sold=214, inventory=340, amount=Rs 10618.68 - unusual combination of units, price and stock"
44643,2023-03-23,S003,P0004,unusual_sales_activity,medium,isolation_forest_only,0.03,0.613,"S003/P0004 on 2023-03-23: units_sold=222, inventory=330, amount=Rs 6118.32 - unusual combination of units, price and stock"
50669,2023-05-22,S004,P0010,unusual_sales_activity,medium,isolation_forest_only,-0.09,0.613,"S004/P0010 on 2023-05-22: units_sold=209, inventory=721, amount=Rs 5540.59 - unusual combination of units, price and stock"
57566,2023-07-30,S004,P0007,unusual_sales_activity,medium,isolation_forest_only,0.17,0.613,"S004/P0007 on 2023-07-30: units_sold=183, inventory=1627, amount=Rs 6820.41 - unusual combination of units, price and stock"
57872,2023-08-02,S004,P0013,unusual_sales_activity,medium,isolation_forest_only,-0.23,0.613,"S004/P0013 on 2023-08-02: units_sold=185, inventory=731, amount=Rs 4919.15 - unusual combination of units, price and stock"
58463,2023-08-08,S004,P0004,unusual_sales_activity,medium,isolation_forest_only,1.93,0.613,"S004/P0004 on 2023-08-08: units_sold=221, inventory=419, amount=Rs 15149.55 - unusual combination of units, price and stock"
59489,2023-08-18,S005,P0010,unusual_sales_activity,medium,isolation_forest_only,1.56,0.613,"S005/P0010 on 2023-08-18: units_sold=198, inventory=545, amount=Rs 13430.34 - unusual combination of units, price and stock"
59880,2023-08-22,S005,P0001,unusual_sales_activity,medium,isolation_forest_only,-0.4,0.613,"S005/P0001 on 2023-08-22: units_sold=237, inventory=458, amount=Rs 4083.51 - unusual combination of units, price and stock"
68166,2023-11-13,S004,P0007,unusual_sales_activity,medium,isolation_forest_only,0.36,0.613,"S004/P0007 on 2023-11-13: units_sold=247, inventory=1025, amount=Rs 7698.99 - unusual combination of units, price and stock"
69970,2023-12-01,S004,P0011,unusual_sales_activity,medium,isolation_forest_only,1.8,0.613,"S004/P0011 on 2023-12-01: units_sold=188, inventory=654, amount=Rs 14536.16 - unusual combination of units, price and stock"
2504,2022-01-26,S001,P0005,unusual_sales_activity,medium,isolation_forest_only,1.51,0.612,"S001/P0005 on 2022-01-26: units_sold=180, inventory=1510, amount=Rs 13177.80 - unusual combination of units, price and stock"
3052,2022-01-31,S003,P0013,unusual_sales_activity,medium,isolation_forest_only,1.43,0.612,"S003/P0013 on 2022-01-31: units_sold=149, inventory=839, amount=Rs 12787.18 - unusual combination of units, price and stock"
4156,2022-02-11,S003,P0017,unusual_sales_activity,medium,isolation_forest_only,2.04,0.612,"S003/P0017 on 2022-02-11: units_sold=103, inventory=103, amount=Rs 15701.32 - 100% of stock sold at once"
9240,2022-04-03,S003,P0001,unusual_sales_activity,medium,isolation_forest_only,-1.23,0.612,"S003/P0001 on 2022-04-03: units_sold=8, inventory=8, amount=Rs 126.88 - 100% of stock sold at once"
10828,2022-04-19,S002,P0009,unusual_sales_activity,medium,isolation_forest_only,2.58,0.612,"S002/P0009 on 2022-04-19: units_sold=211, inventory=294, amount=Rs 18266.27 - unusual combination of units, price and stock"
14856,2022-05-29,S003,P0017,unusual_sales_activity,medium,isolation_forest_only,0.27,0.612,"S003/P0017 on 2022-05-29: units_sold=52, inventory=52, amount=Rs 7251.40 - 100% of stock sold at once"
16546,2022-06-15,S003,P0007,unusual_sales_activity,medium,isolation_forest_only,-0.64,0.612,"S003/P0007 on 2022-06-15: units_sold=144, inventory=824, amount=Rs 2954.88 - unusual combination of units, price and stock"
16883,2022-06-18,S005,P0004,unusual_sales_activity,medium,isolation_forest_only,-0.69,0.612,"S005/P0004 on 2022-06-18: units_sold=247, inventory=247, amount=Rs 2714.53 - 100% of stock sold at once"
28363,2022-10-11,S004,P0004,unusual_sales_activity,medium,isolation_forest_only,2.04,0.612,"S004/P0004 on 2022-10-11: units_sold=232, inventory=354, amount=Rs 15676.24 - unusual combination of units, price and stock"
29066,2022-10-18,S004,P0007,unusual_sales_activity,medium,isolation_forest_only,0.17,0.612,"S004/P0007 on 2022-10-18: units_sold=214, inventory=532, amount=Rs 6779.52 - unusual combination of units, price and stock"
31165,2022-11-08,S004,P0006,unusual_sales_activity,medium,isolation_forest_only,1.14,0.612,"S004/P0006 on 2022-11-08: units_sold=237, inventory=304, amount=Rs 11428.14 - unusual combination of units, price and stock"
32486,2022-11-21,S005,P0007,unusual_sales_activity,medium,isolation_forest_only,2.94,0.612,"S005/P0007 on 2022-11-21: units_sold=204, inventory=289, amount=Rs 19953.24 - unusual combination of units, price and stock"
36661,2023-01-02,S004,P0002,unusual_sales_activity,medium,isolation_forest_only,-1.21,0.612,"S004/P0002 on 2023-01-02: units_sold=10, inventory=10, amount=Rs 231.70 - 100% of stock sold at once"
42466,2023-03-01,S004,P0007,unusual_sales_activity,medium,isolation_forest_only,0.16,0.612,"S004/P0007 on 2023-03-01: units_sold=206, inventory=357, amount=Rs 6736.20 - unusual combination of units, price and stock"
50098,2023-05-16,S005,P0019,unusual_sales_activity,medium,isolation_forest_only,2.42,0.612,"S005/P0019 on 2023-05-16: units_sold=92, inventory=92, amount=Rs 17497.48 - 100% of stock sold at once"
50265,2023-05-18,S004,P0006,unusual_sales_activity,medium,isolation_forest_only,1.23,0.612,"S004/P0006 on 2023-05-18: units_sold=251, inventory=350, amount=Rs 11834.65 - unusual combination of units, price and stock"
53502,2023-06-20,S001,P0003,unusual_sales_activity,medium,isolation_forest_only,0.88,0.612,"S001/P0003 on 2023-06-20: units_sold=136, inventory=964, amount=Rs 10164.64 - unusual combination of units, price and stock"
56194,2023-07-16,S005,P0015,unusual_sales_activity,medium,isolation_forest_only,1.54,0.612,"S005/P0015 on 2023-07-16: units_sold=245, inventory=314, amount=Rs 13332.90 - unusual combination of units, price and stock"
58222,2023-08-06,S002,P0003,unusual_sales_activity,medium,isolation_forest_only,2.65,0.612,"S002/P0003 on 2023-08-06: units_sold=166, inventory=418, amount=Rs 18583.70 - unusual combination of units, price and stock"
58252,2023-08-06,S003,P0013,unusual_sales_activity,medium,isolation_forest_only,2.87,0.612,"S003/P0013 on 2023-08-06: units_sold=211, inventory=946, amount=Rs 19644.10 - unusual combination of units, price and stock"
67013,2023-11-02,S001,P0014,unusual_sales_activity,medium,isolation_forest_only,2.4,0.612,"S001/P0014 on 2023-11-02: units_sold=215, inventory=433, amount=Rs 17387.05 - unusual combination of units, price and stock"
68195,2023-11-13,S005,P0016,unusual_sales_activity,medium,isolation_forest_only,-1.19,0.612,"S005/P0016 on 2023-11-13: units_sold=9, inventory=9, amount=Rs 308.34 - 100% of stock sold at once"
71957,2023-12-21,S003,P0018,unusual_sales_activity,medium,isolation_forest_only,0.06,0.612,"S003/P0018 on 2023-12-21: units_sold=45, inventory=45, amount=Rs 6291.00 - 100% of stock sold at once"
74059,2024-01-11,S003,P0020,unusual_sales_activity,medium,isolation_forest_only,2.09,0.612,"S003/P0020 on 2024-01-11: units_sold=176, inventory=1248, amount=Rs 15936.80 - unusual combination of units, price and stock"
74924,2024-01-20,S002,P0005,unusual_sales_activity,medium,isolation_forest_only,2.15,0.612,"S002/P0005 on 2024-01-20: units_sold=165, inventory=224, amount=Rs 16234.35 - unusual combination of units, price and stock"
3684,2022-02-06,S005,P0005,unusual_sales_activity,medium,isolation_forest_only,-1.21,0.611,"S005/P0005 on 2022-02-06: units_sold=11, inventory=11, amount=Rs 217.69 - 100% of stock sold at once"
3710,2022-02-07,S001,P0011,unusual_sales_activity,medium,isolation_forest_only,-0.85,0.611,"S001/P0011 on 2022-02-07: units_sold=14, inventory=14, amount=Rs 1968.26 - 100% of stock sold at once"
4004,2022-02-10,S001,P0005,unusual_sales_activity,medium,isolation_forest_only,2.09,0.611,"S001/P0005 on 2022-02-10: units_sold=217, inventory=440, amount=Rs 15934.31 - unusual combination of units, price and stock"
5204,2022-02-22,S001,P0005,unusual_sales_activity,medium,isolation_forest_only,1.01,0.611,"S001/P0005 on 2022-02-22: units_sold=189, inventory=714, amount=Rs 10801.35 - unusual combination of units, price and stock"
8520,2022-03-27,S002,P0001,unusual_sales_activity,medium,isolation_forest_only,2.84,0.611,"S002/P0001 on 2022-03-27: units_sold=187, inventory=415, amount=Rs 19491.01 - unusual combination of units, price and stock"
20366,2022-07-23,S004,P0007,unusual_sales_activity,medium,isolation_forest_only,-0.94,0.611,"S004/P0007 on 2022-07-23: units_sold=45, inventory=45, amount=Rs 1505.70 - 100% of stock sold at once"
22785,2022-08-16,S005,P0006,unusual_sales_activity,medium,isolation_forest_only,1.09,0.611,"S005/P0006 on 2022-08-16: units_sold=171, inventory=1712, amount=Rs 11181.69 - unusual combination of units, price and stock"
23480,2022-08-23,S005,P0001,unusual_sales_activity,medium,isolation_forest_only,-0.48,0.611,"S005/P0001 on 2022-08-23: units_sold=239, inventory=423, amount=Rs 3702.11 - unusual combination of units, price and stock"
24444,2022-09-02,S003,P0005,unusual_sales_activity,medium,isolation_forest_only,-1.2,0.611,"S003/P0005 on 2022-09-02: units_sold=14, inventory=14, amount=Rs 302.82 - 100% of stock sold at once"
24611,2022-09-04,S001,P0012,unusual_sales_activity,medium,isolation_forest_only,2.6,0.611,"S001/P0012 on 2022-09-04: units_sold=200, inventory=231, amount=Rs 18350.00 - unusual combination of units, price and stock"
25269,2022-09-10,S004,P0010,unusual_sales_activity,medium,isolation_forest_only,-0.05,0.611,"S004/P0010 on 2022-09-10: units_sold=171, inventory=171, amount=Rs 5745.60 - 100% of stock sold at once"
25785,2022-09-15,S005,P0006,unusual_sales_activity,medium,isolation_forest_only,1.74,0.611,"S005/P0006 on 2022-09-15: units_sold=193, inventory=706, amount=Rs 14260.77 - unusual combination of units, price and stock"
25804,2022-09-16,S001,P0005,unusual_sales_activity,medium,isolation_forest_only,1.43,0.611,"S001/P0005 on 2022-09-16: units_sold=196, inventory=718, amount=Rs 12792.92 - unusual combination of units, price and stock"
52104,2023-06-06,S001,P0005,unusual_sales_activity,medium,isolation_forest_only,2.53,0.611,"S001/P0005 on 2023-06-06: units_sold=246, inventory=259, amount=Rs 18034.26 - 95% of stock sold at once"
54760,2023-07-02,S004,P0001,unusual_sales_activity,medium,isolation_forest_only,-0.75,0.611,"S004/P0001 on 2023-07-02: units_sold=189, inventory=592, amount=Rs 2421.09 - unusual combination of units, price and stock"
55320,2023-07-08,S002,P0001,unusual_sales_activity,medium,isolation_forest_only,2.91,0.611,"S002/P0001 on 2023-07-08: units_sold=193, inventory=513, amount=Rs 19815.31 - unusual combination of units, price and stock"
58726,2023-08-11,S002,P0007,unusual_sales_activity,medium,isolation_forest_only,0.2,0.611,"S002/P0007 on 2023-08-11: units_sold=207, inventory=399, amount=Rs 6961.41 - unusual combination of units, price and stock"
59941,2023-08-23,S003,P0002,unusual_sales_activity,medium,isolation_forest_only,2.7,0.611,"S003/P0002 on 2023-08-23: units_sold=271, inventory=603, amount=Rs 18848.05 - unusual combination of units, price and stock"
60722,2023-08-31,S002,P0003,unusual_sales_activity,medium,isolation_forest_only,2.79,0.611,"S002/P0003 on 2023-08-31: units_sold=196, inventory=340, amount=Rs 19253.08 - unusual combination of units, price and stock"
72159,2023-12-23,S003,P0020,unusual_sales_activity,medium,isolation_forest_only,2.19,0.611,"S003/P0020 on 2023-12-23: units_sold=196, inventory=1134, amount=Rs 16393.44 - unusual combination of units, price and stock"
1602,2022-01-17,S001,P0003,unusual_sales_activity,medium,isolation_forest_only,2.08,0.61,"S001/P0003 on 2022-01-17: units_sold=236, inventory=989, amount=Rs 15896.96 - unusual combination of units, price and stock"
4568,2022-02-15,S004,P0009,unusual_sales_activity,medium,isolation_forest_only,2.73,0.61,"S004/P0009 on 2022-02-15: units_sold=153, inventory=1043, amount=Rs 18973.53 - unusual combination of units, price and stock"
5470,2022-02-24,S004,P0011,unusual_sales_activity,medium,isolation_forest_only,-0.72,0.61,"S004/P0011 on 2022-02-24: units_sold=37, inventory=37, amount=Rs 2575.57 - 100% of stock sold at once"
7066,2022-03-12,S004,P0007,unusual_sales_activity,medium,isolation_forest_only,0.05,0.61,"S004/P0007 on 2022-03-12: units_sold=206, inventory=690, amount=Rs 6250.04 - unusual combination of units, price and stock"
10422,2022-04-15,S002,P0003,unusual_sales_activity,medium,isolation_forest_only,2.48,0.61,"S002/P0003 on 2022-04-15: units_sold=203, inventory=538, amount=Rs 17782.80 - unusual combination of units, price and stock"
14243,2022-05-23,S003,P0004,unusual_sales_activity,medium,isolation_forest_only,-1.15,0.61,"S003/P0004 on 2022-05-23: units_sold=20, inventory=20, amount=Rs 530.80 - 100% of stock sold at once"
22840,2022-08-17,S003,P0001,unusual_sales_activity,medium,isolation_forest_only,-1.22,0.61,"S003/P0001 on 2022-08-17: units_sold=9, inventory=9, amount=Rs 196.65 - 100% of stock sold at once"
24946,2022-09-07,S003,P0007,unusual_sales_activity,medium,isolation_forest_only,-0.66,0.61,"S003/P0007 on 2022-09-07: units_sold=190, inventory=732, amount=Rs 2865.20 - unusual combination of units, price and stock"
27120,2022-09-29,S002,P0001,unusual_sales_activity,medium,isolation_forest_only,2.46,0.61,"S002/P0001 on 2022-09-29: units_sold=168, inventory=598, amount=Rs 17693.76 - unusual combination of units, price and stock"
33950,2022-12-06,S003,P0011,unusual_sales_activity,medium,zscore_only,3.98,0.61,"S003/P0011 on 2022-12-06: units_sold=177, inventory=228, amount=Rs 24918.06 - unusual combination of units, price and stock"
34538,2022-12-12,S002,P0019,unusual_sales_activity,medium,isolation_forest_only,2.35,0.61,"S002/P0019 on 2022-12-12: units_sold=156, inventory=580, amount=Rs 17172.48 - unusual combination of units, price and stock"
38708,2023-01-23,S001,P0009,unusual_sales_activity,medium,isolation_forest_only,2.89,0.61,"S001/P0009 on 2023-01-23: units_sold=221, inventory=242, amount=Rs 19730.88 - 91% of stock sold at once"
38759,2023-01-23,S003,P0020,unusual_sales_activity,medium,isolation_forest_only,1.52,0.61,"S003/P0020 on 2023-01-23: units_sold=138, inventory=834, amount=Rs 13209.36 - unusual combination of units, price and stock"
38789,2023-01-23,S005,P0010,unusual_sales_activity,medium,isolation_forest_only,1.74,0.61,"S005/P0010 on 2023-01-23: units_sold=236, inventory=369, amount=Rs 14280.36 - unusual combination of units, price and stock"
40434,2023-02-09,S002,P0015,unusual_sales_activity,medium,isolation_forest_only,1.36,0.61,"S002/P0015 on 2023-02-09: units_sold=168, inventory=168, amount=Rs 12463.92 - 100% of stock sold at once"
40502,2023-02-10,S001,P0003,unusual_sales_activity,medium,isolation_forest_only,2.28,0.61,"S001/P0003 on 2023-02-10: units_sold=217, inventory=1023, amount=Rs 16815.33 - unusual combination of units, price and stock"
48538,2023-05-01,S002,P0019,unusual_sales_activity,medium,isolation_forest_only,2.43,0.61,"S002/P0019 on 2023-05-01: units_sold=164, inventory=1116, amount=Rs 17546.36 - unusual combination of units, price and stock"
51352,2023-05-29,S003,P0013,unusual_sales_activity,medium,isolation_forest_only,1.27,0.61,"S003/P0013 on 2023-05-29: units_sold=123, inventory=797, amount=Rs 12044.16 - unusual combination of units, price and stock"
51904,2023-06-04,S001,P0005,unusual_sales_activity,medium,isolation_forest_only,1.8,0.61,"S001/P0005 on 2023-06-04: units_sold=196, inventory=564, amount=Rs 14547.12 - unusual combination of units, price and stock"
52132,2023-06-06,S002,P0013,unusual_sales_activity,medium,isolation_forest_only,-0.04,0.61,"S002/P0013 on 2023-06-06: units_sold=231, inventory=639, amount=Rs 5781.93 - unusual combination of units, price and stock"
52885,2023-06-13,S005,P0006,unusual_sales_activity,medium,isolation_forest_only,1.63,0.61,"S005/P0006 on 2023-06-13: units_sold=191, inventory=1307, amount=Rs 13734.81 - unusual combination of units, price and stock"
54455,2023-06-29,S003,P0016,unusual_sales_activity,medium,zscore_only,3.04,0.61,"S003/P0016 on 2023-06-29: units_sold=175, inventory=190, amount=Rs 20438.25 - 92% of stock sold at once"
54787,2023-07-02,S005,P0008,unusual_sales_activity,medium,isolation_forest_only,2.76,0.61,"S005/P0008 on 2023-07-02: units_sold=208, inventory=208, amount=Rs 19111.04 - 100% of stock sold at once"
57269,2023-07-27,S004,P0010,unusual_sales_activity,medium,isolation_forest_only,0.34,0.61,"S004/P0010 on 2023-07-27: units_sold=231, inventory=1124, amount=Rs 7606.83 - unusual combination of units, price and stock"
58686,2023-08-10,S005,P0007,unusual_sales_activity,medium,isolation_forest_only,2.7,0.61,"S005/P0007 on 2023-08-10: units_sold=211, inventory=298, amount=Rs 18821.20 - unusual combination of units, price and stock"
60617,2023-08-30,S001,P0018,unusual_sales_activity,medium,isolation_forest_only,2.69,0.61,"S001/P0018 on 2023-08-30: units_sold=226, inventory=274, amount=Rs 18787.38 - unusual combination of units, price and stock"
69094,2023-11-22,S005,P0015,unusual_sales_activity,medium,isolation_forest_only,-1.18,0.61,"S005/P0015 on 2023-11-22: units_sold=8, inventory=8, amount=Rs 374.08 - 100% of stock sold at once"
69402,2023-11-26,S001,P0003,unusual_sales_activity,medium,isolation_forest_only,1.12,0.61,"S001/P0003 on 2023-11-26: units_sold=179, inventory=179, amount=Rs 11300.27 - 100% of stock sold at once"
3968,2022-02-09,S004,P0009,unusual_sales_activity,medium,zscore_only,4.25,0.609,"S004/P0009 on 2022-02-09: units_sold=186, inventory=432, amount=Rs 26212.98 - unusual combination of units, price and stock"
8257,2022-03-24,S003,P0018,unusual_sales_activity,medium,zscore_only,3.58,0.609,"S003/P0018 on 2022-03-24: units_sold=142, inventory=154, amount=Rs 23013.94 - 92% of stock sold at once"
15257,2022-06-02,S003,P0018,unusual_sales_activity,medium,zscore_only,3.0,0.609,"S003/P0018 on 2022-06-02: units_sold=138, inventory=360, amount=Rs 20274.96 - unusual combination of units, price and stock"
21792,2022-08-06,S005,P0013,unusual_sales_activity,medium,zscore_only,3.22,0.609,"S005/P0013 on 2022-08-06: units_sold=214, inventory=719, amount=Rs 21329.38 - unusual combination of units, price and stock"
32856,2022-11-25,S003,P0017,unusual_sales_activity,medium,zscore_only,3.23,0.609,"S003/P0017 on 2022-11-25: units_sold=167, inventory=468, amount=Rs 21344.27 - unusual combination of units, price and stock"
33677,2022-12-03,S004,P0018,unusual_sales_activity,medium,zscore_only,3.36,0.609,"S004/P0018 on 2022-12-03: units_sold=117, inventory=117, amount=Rs 21970.26 - 100% of stock sold at once"
37268,2023-01-08,S004,P0009,unusual_sales_activity,medium,zscore_only,3.7,0.609,"S004/P0009 on 2023-01-08: units_sold=178, inventory=674, amount=Rs 23568.98 - unusual combination of units, price and stock"
45868,2023-04-04,S004,P0009,unusual_sales_activity,medium,zscore_only,3.38,0.609,"S004/P0009 on 2023-04-04: units_sold=174, inventory=494, amount=Rs 22071.90 - unusual combination of units, price and stock"
57062,2023-07-25,S004,P0003,unusual_sales_activity,medium,zscore_only,3.13,0.609,"S004/P0003 on 2023-07-25: units_sold=136, inventory=370, amount=Rs 20885.52 - unusual combination of units, price and stock"
57586,2023-07-30,S005,P0007,unusual_sales_activity,medium,zscore_only,3.37,0.609,"S005/P0007 on 2023-07-30: units_sold=185, inventory=475, amount=Rs 22029.80 - unusual combination of units, price and stock"
70588,2023-12-07,S005,P0009,unusual_sales_activity,medium,zscore_only,3.47,0.609,"S005/P0009 on 2023-12-07: units_sold=199, inventory=681, amount=Rs 22490.98 - unusual combination of units, price and stock"
10186,2022-04-12,S005,P0007,unusual_sales_activity,medium,zscore_only,3.26,0.608,"S005/P0007 on 2022-04-12: units_sold=210, inventory=261, amount=Rs 21483.00 - unusual combination of units, price and stock"
24810,2022-09-06,S001,P0011,unusual_sales_activity,medium,zscore_only,3.27,0.608,"S001/P0011 on 2022-09-06: units_sold=140, inventory=140, amount=Rs 21541.80 - 100% of stock sold at once"
30747,2022-11-04,S003,P0008,unusual_sales_activity,medium,zscore_only,4.08,0.608,"S003/P0008 on 2022-11-04: units_sold=191, inventory=425, amount=Rs 25391.54 - unusual combination of units, price and stock"
37647,2023-01-12,S003,P0008,unusual_sales_activity,medium,zscore_only,4.04,0.608,"S003/P0008 on 2023-01-12: units_sold=180, inventory=315, amount=Rs 25192.80 - unusual combination of units, price and stock"
45042,2023-03-27,S003,P0003,unusual_sales_activity,medium,zscore_only,3.37,0.608,"S003/P0003 on 2023-03-27: units_sold=200, inventory=201, amount=Rs 22022.00 - 100% of stock sold at once"
6110,2022-03-03,S001,P0011,unusual_sales_activity,medium,zscore_only,3.23,0.607,"S001/P0011 on 2022-03-03: units_sold=117, inventory=187, amount=Rs 21373.56 - unusual combination of units, price and stock"
30775,2022-11-04,S004,P0016,unusual_sales_activity,medium,zscore_only,3.34,0.607,"S004/P0016 on 2022-11-04: units_sold=164, inventory=741, amount=Rs 21874.32 - unusual combination of units, price and stock"
55873,2023-07-13,S004,P0014,unusual_sales_activity,medium,zscore_only,3.28,0.607,"S004/P0014 on 2023-07-13: units_sold=120, inventory=253, amount=Rs 21595.20 - unusual combination of units, price and stock"
59010,2023-08-14,S001,P0011,unusual_sales_activity,medium,zscore_only,3.97,0.607,"S001/P0011 on 2023-08-14: units_sold=139, inventory=355, amount=Rs 24885.17 - unusual combination of units, price and stock"
65234,2023-10-15,S002,P0015,unusual_sales_activity,medium,zscore_only,3.05,0.607,"S002/P0015 on 2023-10-15: units_sold=238, inventory=407, amount=Rs 20517.98 - unusual combination of units, price and stock"
71308,2023-12-15,S001,P0009,unusual_sales_activity,medium,zscore_only,3.79,0.607,"S001/P0009 on 2023-12-15: units_sold=193, inventory=316, amount=Rs 24038.15 - unusual combination of units, price and stock"
18808,2022-07-08,S001,P0009,unusual_sales_activity,medium,zscore_only,3.4,0.606,"S001/P0009 on 2022-07-08: units_sold=192, inventory=211, amount=Rs 22160.64 - 91% of stock sold at once"
31273,2022-11-09,S004,P0014,unusual_sales_activity,medium,zscore_only,3.8,0.606,"S004/P0014 on 2022-11-09: units_sold=133, inventory=303, amount=Rs 24053.05 - unusual combination of units, price and stock"
31873,2022-11-15,S004,P0014,unusual_sales_activity,medium,zscore_only,3.07,0.606,"S004/P0014 on 2022-11-15: units_sold=100, inventory=320, amount=Rs 20575.00 - unusual combination of units, price and stock"
32453,2022-11-21,S003,P0014,unusual_sales_activity,medium,zscore_only,3.52,0.606,"S003/P0014 on 2022-11-21: units_sold=186, inventory=657, amount=Rs 22747.80 - unusual combination of units, price and stock"
32677,2022-11-23,S004,P0018,unusual_sales_activity,medium,zscore_only,3.45,0.606,"S004/P0018 on 2022-11-23: units_sold=130, inventory=147, amount=Rs 22419.80 - unusual combination of units, price and stock"
33910,2022-12-06,S001,P0011,unusual_sales_activity,medium,zscore_only,3.8,0.606,"S001/P0011 on 2022-12-06: units_sold=142, inventory=166, amount=Rs 24053.38 - unusual combination of units, price and stock"
38230,2023-01-18,S002,P0011,unusual_sales_activity,medium,zscore_only,3.44,0.606,"S002/P0011 on 2023-01-18: units_sold=207, inventory=389, amount=Rs 22370.49 - unusual combination of units, price and stock"
44598,2023-03-22,S005,P0019,unusual_sales_activity,medium,zscore_only,3.65,0.606,"S005/P0019 on 2023-03-22: units_sold=158, inventory=302, amount=Rs 23374.52 - unusual combination of units, price and stock"
1410,2022-01-15,S001,P0011,unusual_sales_activity,medium,zscore_only,3.27,0.605,"S001/P0011 on 2022-01-15: units_sold=121, inventory=216, amount=Rs 21547.68 - unusual combination of units, price and stock"
5459,2022-02-24,S003,P0020,unusual_sales_activity,medium,zscore_only,3.08,0.605,"S003/P0020 on 2022-02-24: units_sold=234, inventory=349, amount=Rs 20655.18 - unusual combination of units, price and stock"
10303,2022-04-14,S001,P0004,unusual_sales_activity,medium,zscore_only,3.34,0.605,"S001/P0004 on 2022-04-14: units_sold=166, inventory=228, amount=Rs 21895.40 - unusual combination of units, price and stock"
17611,2022-06-26,S001,P0012,unusual_sales_activity,medium,zscore_only,3.19,0.605,"S001/P0012 on 2022-06-26: units_sold=213, inventory=311, amount=Rs 21163.68 - unusual combination of units, price and stock"
38962,2023-01-25,S004,P0003,unusual_sales_activity,medium,zscore_only,3.5,0.605,"S004/P0003 on 2023-01-25: units_sold=138, inventory=255, amount=Rs 22640.28 - unusual combination of units, price and stock"
43973,2023-03-16,S004,P0014,unusual_sales_activity,medium,zscore_only,3.04,0.605,"S004/P0014 on 2023-03-16: units_sold=105, inventory=242, amount=Rs 20447.70 - unusual combination of units, price and stock"
59254,2023-08-16,S003,P0015,unusual_sales_activity,medium,zscore_only,3.44,0.605,"S003/P0015 on 2023-08-16: units_sold=214, inventory=553, amount=Rs 22339.46 - unusual combination of units, price and stock"
4868,2022-02-18,S004,P0009,unusual_sales_activity,medium,zscore_only,3.66,0.604,"S004/P0009 on 2022-02-18: units_sold=178, inventory=644, amount=Rs 23399.88 - unusual combination of units, price and stock"
5610,2022-02-26,S001,P0011,unusual_sales_activity,medium,zscore_only,3.72,0.604,"S001/P0011 on 2022-02-26: units_sold=128, inventory=359, amount=Rs 23697.92 - unusual combination of units, price and stock"
16650,2022-06-16,S003,P0011,unusual_sales_activity,medium,zscore_only,3.46,0.604,"S003/P0011 on 2022-06-16: units_sold=149, inventory=263, amount=Rs 22430.46 - unusual combination of units, price and stock"
21703,2022-08-06,S001,P0004,unusual_sales_activity,medium,zscore_only,3.28,0.604,"S001/P0004 on 2022-08-06: units_sold=170, inventory=199, amount=Rs 21596.80 - unusual combination of units, price and stock"
32133,2022-11-18,S002,P0014,unusual_sales_activity,medium,zscore_only,3.44,0.604,"S002/P0014 on 2022-11-18: units_sold=157, inventory=677, amount=Rs 22358.37 - unusual combination of units, price and stock"
36973,2023-01-05,S004,P0014,unusual_sales_activity,medium,zscore_only,3.03,0.604,"S004/P0014 on 2023-01-05: units_sold=112, inventory=112, amount=Rs 20425.44 - 100% of stock sold at once"
67362,2023-11-05,S004,P0003,unusual_sales_activity,medium,zscore_only,3.19,0.604,"S004/P0003 on 2023-11-05: units_sold=139, inventory=287, amount=Rs 21178.04 - unusual combination of units, price and stock"
69762,2023-11-29,S004,P0003,unusual_sales_activity,medium,zscore_only,3.51,0.604,"S004/P0003 on 2023-11-29: units_sold=125, inventory=230, amount=Rs 22676.25 - unusual combination of units, price and stock"
859,2022-01-09,S003,P0020,unusual_sales_activity,medium,zscore_only,3.33,0.603,"S003/P0020 on 2022-01-09: units_sold=222, inventory=390, amount=Rs 21840.36 - unusual combination of units, price and stock"
3250,2022-02-02,S003,P0011,unusual_sales_activity,medium,zscore_only,3.4,0.603,"S003/P0011 on 2022-02-02: units_sold=169, inventory=426, amount=Rs 22139.00 - unusual combination of units, price and stock"
4093,2022-02-10,S005,P0014,unusual_sales_activity,medium,zscore_only,3.01,0.603,"S005/P0014 on 2022-02-10: units_sold=109, inventory=348, amount=Rs 20329.59 - unusual combination of units, price and stock"
5010,2022-02-20,S001,P0011,unusual_sales_activity,medium,zscore_only,3.2,0.603,"S001/P0011 on 2022-02-20: units_sold=113, inventory=144, amount=Rs 21207.84 - unusual combination of units, price and stock"
24655,2022-09-04,S003,P0016,unusual_sales_activity,medium,zscore_only,3.55,0.603,"S003/P0016 on 2022-09-04: units_sold=188, inventory=277, amount=Rs 22879.60 - unusual combination of units, price and stock"
24762,2022-09-05,S004,P0003,unusual_sales_activity,medium,zscore_only,4.05,0.603,"S004/P0003 on 2022-09-05: units_sold=156, inventory=286, amount=Rs 25242.36 - unusual combination of units, price and stock"
32373,2022-11-20,S004,P0014,unusual_sales_activity,medium,zscore_only,3.16,0.603,"S004/P0014 on 2022-11-20: units_sold=115, inventory=127, amount=Rs 21031.20 - 91% of stock sold at once"
32654,2022-11-23,S003,P0015,unusual_sales_activity,medium,zscore_only,3.03,0.603,"S003/P0015 on 2022-11-23: units_sold=184, inventory=791, amount=Rs 20414.80 - unusual combination of units, price and stock"
34233,2022-12-09,S002,P0014,unusual_sales_activity,medium,zscore_only,3.0,0.603,"S002/P0014 on 2022-12-09: units_sold=141, inventory=183, amount=Rs 20267.34 - unusual combination of units, price and stock"
44777,2023-03-24,S004,P0018,unusual_sales_activity,medium,zscore_only,3.22,0.603,"S004/P0018 on 2023-03-24: units_sold=117, inventory=117, amount=Rs 21296.34 - 100% of stock sold at once"
53520,2023-06-20,S002,P0001,unusual_sales_activity,medium,zscore_only,3.21,0.603,"S002/P0001 on 2023-06-20: units_sold=233, inventory=391, amount=Rs 21244.94 - unusual combination of units, price and stock"
55893,2023-07-13,S005,P0014,unusual_sales_activity,medium,zscore_only,3.08,0.603,"S005/P0014 on 2023-07-13: units_sold=110, inventory=161, amount=Rs 20663.50 - unusual combination of units, price and stock"
57977,2023-08-03,S004,P0018,unusual_sales_activity,medium,zscore_only,3.44,0.603,"S004/P0018 on 2023-08-03: units_sold=127, inventory=156, amount=Rs 22331.68 - unusual combination of units, price and stock"
64092,2023-10-03,S005,P0013,unusual_sales_activity,medium,zscore_only,3.06,0.603,"S005/P0013 on 2023-10-03: units_sold=226, inventory=306, amount=Rs 20547.92 - unusual combination of units, price and stock"
4650,2022-02-16,S003,P0011,unusual_sales_activity,medium,zscore_only,3.21,0.602,"S003/P0011 on 2022-02-16: units_sold=143, inventory=143, amount=Rs 21262.67 - 100% of stock sold at once"
8077,2022-03-22,S004,P0018,unusual_sales_activity,medium,zscore_only,3.48,0.602,"S004/P0018 on 2022-03-22: units_sold=132, inventory=132, amount=Rs 22546.92 - 100% of stock sold at once"
11093,2022-04-21,S005,P0014,unusual_sales_activity,medium,zscore_only,3.32,0.602,"S005/P0014 on 2022-04-21: units_sold=148, inventory=377, amount=Rs 21775.24 - unusual combination of units, price and stock"
23079,2022-08-19,S004,P0020,unusual_sales_activity,medium,zscore_only,3.04,0.602,"S004/P0020 on 2022-08-19: units_sold=132, inventory=138, amount=Rs 20433.60 - 96% of stock sold at once"
37793,2023-01-13,S005,P0014,unusual_sales_activity,medium,zscore_only,3.38,0.602,"S005/P0014 on 2023-01-13: units_sold=144, inventory=344, amount=Rs 22050.72 - unusual combination of units, price and stock"
43951,2023-03-16,S003,P0012,unusual_sales_activity,medium,zscore_only,3.07,0.602,"S003/P0012 on 2023-03-16: units_sold=189, inventory=283, amount=Rs 20576.43 - unusual combination of units, price and stock"
54898,2023-07-03,S005,P0019,unusual_sales_activity,medium,zscore_only,3.0,0.602,"S005/P0019 on 2023-07-03: units_sold=130, inventory=132, amount=Rs 20270.90 - 98% of stock sold at once"
57973,2023-08-03,S004,P0014,unusual_sales_activity,medium,zscore_only,3.36,0.602,"S004/P0014 on 2023-08-03: units_sold=123, inventory=161, amount=Rs 21977.64 - unusual combination of units, price and stock"
59962,2023-08-23,S004,P0003,unusual_sales_activity,medium,zscore_only,3.0,0.602,"S004/P0003 on 2023-08-23: units_sold=145, inventory=159, amount=Rs 20276.80 - 91% of stock sold at once"
67350,2023-11-05,S003,P0011,unusual_sales_activity,medium,zscore_only,3.74,0.602,"S003/P0011 on 2023-11-05: units_sold=165, inventory=215, amount=Rs 23781.45 - unusual combination of units, price and stock"
810,2022-01-09,S001,P0011,unusual_sales_activity,medium,zscore_only,3.48,0.601,"S001/P0011 on 2022-01-09: units_sold=130, inventory=219, amount=Rs 22539.40 - unusual combination of units, price and stock"
27773,2022-10-05,S004,P0014,unusual_sales_activity,medium,zscore_only,3.31,0.601,"S004/P0014 on 2022-10-05: units_sold=121, inventory=170, amount=Rs 21755.80 - unusual combination of units, price and stock"
30750,2022-11-04,S003,P0011,unusual_sales_activity,medium,zscore_only,3.51,0.601,"S003/P0011 on 2022-11-04: units_sold=158, inventory=325, amount=Rs 22673.00 - unusual combination of units, price and stock"
32073,2022-11-17,S004,P0014,unusual_sales_activity,medium,zscore_only,3.76,0.601,"S004/P0014 on 2022-11-17: units_sold=137, inventory=487, amount=Rs 23890.06 - unusual combination of units, price and stock"
39008,2023-01-26,S001,P0009,unusual_sales_activity,medium,zscore_only,3.38,0.601,"S001/P0009 on 2023-01-26: units_sold=191, inventory=269, amount=Rs 22064.32 - unusual combination of units, price and stock"
42147,2023-02-26,S003,P0008,unusual_sales_activity,medium,zscore_only,3.34,0.601,"S003/P0008 on 2023-02-26: units_sold=151, inventory=241, amount=Rs 21887.45 - unusual combination of units, price and stock"
59810,2023-08-22,S001,P0011,unusual_sales_activity,medium,zscore_only,3.87,0.601,"S001/P0011 on 2023-08-22: units_sold=136, inventory=414, amount=Rs 24379.36 - unusual combination of units, price and stock"
71055,2023-12-12,S003,P0016,unusual_sales_activity,medium,zscore_only,3.37,0.601,"S003/P0016 on 2023-12-12: units_sold=178, inventory=266, amount=Rs 22006.14 - unusual combination of units, price and stock"
74933,2024-01-20,S002,P0014,unusual_sales_activity,medium,zscore_only,3.35,0.601,"S002/P0014 on 2024-01-20: units_sold=160, inventory=161, amount=Rs 21924.80 - 99% of stock sold at once"
74973,2024-01-20,S004,P0014,unusual_sales_activity,medium,zscore_only,3.43,0.601,"S004/P0014 on 2024-01-20: units_sold=131, inventory=199, amount=Rs 22285.72 - unusual combination of units, price and stock"
1279,2022-01-13,S004,P0020,unusual_sales_activity,medium,zscore_only,4.12,0.6,"S004/P0020 on 2022-01-13: units_sold=154, inventory=390, amount=Rs 25571.70 - unusual combination of units, price and stock"
4673,2022-02-16,S004,P0014,unusual_sales_activity,medium,zscore_only,3.57,0.6,"S004/P0014 on 2022-02-16: units_sold=124, inventory=359, amount=Rs 22989.60 - unusual combination of units, price and stock"
11447,2022-04-25,S003,P0008,unusual_sales_activity,medium,zscore_only,3.66,0.6,"S003/P0008 on 2022-04-25: units_sold=175, inventory=226, amount=Rs 23416.75 - unusual combination of units, price and stock"
27677,2022-10-04,S004,P0018,unusual_sales_activity,medium,zscore_only,3.16,0.6,"S004/P0018 on 2022-10-04: units_sold=111, inventory=122, amount=Rs 21003.42 - 91% of stock sold at once"
32493,2022-11-21,S005,P0014,unusual_sales_activity,medium,zscore_only,3.39,0.6,"S005/P0014 on 2022-11-21: units_sold=131, inventory=333, amount=Rs 22124.59 - unusual combination of units, price and stock"
36698,2023-01-02,S005,P0019,unusual_sales_activity,medium,zscore_only,3.28,0.6,"S005/P0019 on 2023-01-02: units_sold=143, inventory=194, amount=Rs 21607.30 - unusual combination of units, price and stock"
44298,2023-03-19,S005,P0019,unusual_sales_activity,medium,zscore_only,3.06,0.6,"S005/P0019 on 2023-03-19: units_sold=132, inventory=135, amount=Rs 20544.48 - 98% of stock sold at once"
54273,2023-06-27,S004,P0014,unusual_sales_activity,medium,zscore_only,3.47,0.6,"S004/P0014 on 2023-06-27: units_sold=122, inventory=266, amount=Rs 22496.80 - unusual combination of units, price and stock"
68493,2023-11-16,S005,P0014,unusual_sales_activity,medium,zscore_only,3.71,0.6,"S005/P0014 on 2023-11-16: units_sold=122, inventory=408, amount=Rs 23631.40 - unusual combination of units, price and stock"
72039,2023-12-22,S002,P0020,unusual_sales_activity,medium,zscore_only,3.35,0.6,"S002/P0020 on 2023-12-22: units_sold=155, inventory=318, amount=Rs 21921.65 - unusual combination of units, price and stock"
16554,2022-06-15,S003,P0015,unusual_sales_activity,medium,zscore_only,3.81,0.599,"S003/P0015 on 2022-06-15: units_sold=187, inventory=344, amount=Rs 24102.43 - unusual combination of units, price and stock"
22542,2022-08-14,S003,P0003,unusual_sales_activity,medium,zscore_only,3.03,0.599,"S003/P0003 on 2022-08-14: units_sold=189, inventory=189, amount=Rs 20402.55 - 100% of stock sold at once"
22930,2022-08-18,S002,P0011,unusual_sales_activity,medium,zscore_only,3.19,0.599,"S002/P0011 on 2022-08-18: units_sold=196, inventory=209, amount=Rs 21160.16 - 94% of stock sold at once"
36159,2022-12-28,S003,P0020,unusual_sales_activity,medium,zscore_only,3.31,0.599,"S003/P0020 on 2022-12-28: units_sold=204, inventory=321, amount=Rs 21736.20 - unusual combination of units, price and stock"
54492,2023-06-29,S005,P0013,unusual_sales_activity,medium,zscore_only,3.12,0.599,"S005/P0013 on 2023-06-29: units_sold=201, inventory=732, amount=Rs 20849.73 - unusual combination of units, price and stock"
54950,2023-07-04,S003,P0011,unusual_sales_activity,medium,zscore_only,3.33,0.599,"S003/P0011 on 2023-07-04: units_sold=165, inventory=256, amount=Rs 21817.95 - unusual combination of units, price and stock"
58453,2023-08-08,S003,P0014,unusual_sales_activity,medium,zscore_only,3.22,0.599,"S003/P0014 on 2023-08-08: units_sold=185, inventory=185, amount=Rs 21313.85 - 100% of stock sold at once"
71250,2023-12-14,S003,P0011,unusual_sales_activity,medium,zscore_only,3.23,0.599,"S003/P0011 on 2023-12-14: units_sold=151, inventory=151, amount=Rs 21366.50 - 100% of stock sold at once"
277,2022-01-03,S004,P0018,unusual_sales_activity,medium,zscore_only,3.06,0.598,"S004/P0018 on 2022-01-03: units_sold=111, inventory=111, amount=Rs 20549.43 - 100% of stock sold at once"
4110,2022-02-11,S001,P0011,unusual_sales_activity,medium,zscore_only,3.55,0.598,"S001/P0011 on 2022-02-11: units_sold=106, inventory=213, amount=Rs 22879.04 - unusual combination of units, price and stock"
21820,2022-08-07,S002,P0001,unusual_sales_activity,medium,zscore_only,3.06,0.598,"S002/P0001 on 2022-08-07: units_sold=210, inventory=275, amount=Rs 20535.90 - unusual combination of units, price and stock"
22211,2022-08-11,S001,P0012,unusual_sales_activity,medium,zscore_only,3.01,0.598,"S001/P0012 on 2022-08-11: units_sold=230, inventory=361, amount=Rs 20329.70 - unusual combination of units, price and stock"
36962,2023-01-05,S004,P0003,unusual_sales_activity,medium,zscore_only,3.44,0.598,"S004/P0003 on 2023-01-05: units_sold=129, inventory=182, amount=Rs 22371.18 - unusual combination of units, price and stock"
59829,2023-08-22,S002,P0010,unusual_sales_activity,medium,zscore_only,3.11,0.598,"S002/P0010 on 2023-08-22: units_sold=189, inventory=205, amount=Rs 20793.78 - 92% of stock sold at once"
71008,2023-12-12,S001,P0009,unusual_sales_activity,medium,zscore_only,3.2,0.598,"S001/P0009 on 2023-12-12: units_sold=182, inventory=256, amount=Rs 21204.82 - unusual combination of units, price and stock"
2793,2022-01-28,S005,P0014,unusual_sales_activity,medium,zscore_only,3.34,0.597,"S005/P0014 on 2022-01-28: units_sold=115, inventory=202, amount=Rs 21882.20 - unusual combination of units, price and stock"
21955,2022-08-08,S003,P0016,unusual_sales_activity,medium,zscore_only,3.41,0.597,"S003/P0016 on 2022-08-08: units_sold=199, inventory=454, amount=Rs 22228.30 - unusual combination of units, price and stock"
26529,2022-09-23,S002,P0010,unusual_sales_activity,medium,zscore_only,3.34,0.597,"S002/P0010 on 2022-09-23: units_sold=177, inventory=242, amount=Rs 21873.66 - unusual combination of units, price and stock"
29930,2022-10-27,S002,P0011,unusual_sales_activity,medium,zscore_only,3.41,0.597,"S002/P0011 on 2022-10-27: units_sold=200, inventory=398, amount=Rs 22196.00 - unusual combination of units, price and stock"
37556,2023-01-11,S003,P0017,unusual_sales_activity,medium,zscore_only,3.02,0.597,"S003/P0017 on 2023-01-11: units_sold=149, inventory=406, amount=Rs 20339.99 - unusual combination of units, price and stock"
53903,2023-06-24,S001,P0004,unusual_sales_activity,medium,zscore_only,3.47,0.597,"S001/P0004 on 2023-06-24: units_sold=197, inventory=444, amount=Rs 22509.22 - unusual combination of units, price and stock"
54550,2023-06-30,S003,P0011,unusual_sales_activity,medium,zscore_only,3.28,0.597,"S003/P0011 on 2023-06-30: units_sold=156, inventory=156, amount=Rs 21574.80 - 100% of stock sold at once"
56452,2023-07-19,S003,P0013,unusual_sales_activity,medium,zscore_only,3.05,0.597,"S003/P0013 on 2023-07-19: units_sold=226, inventory=353, amount=Rs 20498.20 - unusual combination of units, price and stock"
74935,2024-01-20,S002,P0016,unusual_sales_activity,medium,zscore_only,3.08,0.597,"S002/P0016 on 2024-01-20: units_sold=181, inventory=404, amount=Rs 20637.62 - unusual combination of units, price and stock"
75871,2024-01-29,S004,P0012,unusual_sales_activity,medium,zscore_only,3.32,0.597,"S004/P0012 on 2024-01-29: units_sold=153, inventory=159, amount=Rs 21804.03 - 96% of stock sold at once"
50,2022-01-01,S003,P0011,unusual_sales_activity,medium,zscore_only,3.07,0.596,"S003/P0011 on 2022-01-01: units_sold=157, inventory=159, amount=Rs 20592.12 - 99% of stock sold at once"
876,2022-01-09,S004,P0017,unusual_sales_activity,medium,zscore_only,3.21,0.596,"S004/P0017 on 2022-01-09: units_sold=174, inventory=174, amount=Rs 21278.46 - 100% of stock sold at once"
7877,2022-03-20,S004,P0018,unusual_sales_activity,medium,zscore_only,3.1,0.596,"S004/P0018 on 2022-03-20: units_sold=113, inventory=115, amount=Rs 20752.45 - 98% of stock sold at once"
8639,2022-03-28,S002,P0020,unusual_sales_activity,medium,zscore_only,3.02,0.596,"S002/P0020 on 2022-03-28: units_sold=137, inventory=214, amount=Rs 20337.65 - unusual combination of units, price and stock"
21055,2022-07-30,S003,P0016,unusual_sales_activity,medium,zscore_only,4.02,0.596,"S003/P0016 on 2022-07-30: units_sold=187, inventory=443, amount=Rs 25125.32 - unusual combination of units, price and stock"
32093,2022-11-17,S005,P0014,unusual_sales_activity,medium,zscore_only,3.28,0.596,"S005/P0014 on 2022-11-17: units_sold=118, inventory=226, amount=Rs 21598.72 - unusual combination of units, price and stock"
37847,2023-01-14,S003,P0008,unusual_sales_activity,medium,zscore_only,3.19,0.596,"S003/P0008 on 2023-01-14: units_sold=135, inventory=421, amount=Rs 21150.45 - unusual combination of units, price and stock"
46250,2023-04-08,S003,P0011,unusual_sales_activity,medium,zscore_only,3.38,0.596,"S003/P0011 on 2023-04-08: units_sold=151, inventory=265, amount=Rs 22056.57 - unusual combination of units, price and stock"
48534,2023-05-01,S002,P0015,unusual_sales_activity,medium,zscore_only,3.12,0.596,"S002/P0015 on 2023-05-01: units_sold=225, inventory=436, amount=Rs 20832.75 - unusual combination of units, price and stock"
51055,2023-05-26,S003,P0016,unusual_sales_activity,medium,zscore_only,3.88,0.596,"S003/P0016 on 2023-05-26: units_sold=186, inventory=428, amount=Rs 24432.96 - unusual combination of units, price and stock"
51873,2023-06-03,S004,P0014,unusual_sales_activity,medium,zscore_only,3.26,0.596,"S004/P0014 on 2023-06-03: units_sold=124, inventory=234, amount=Rs 21504.08 - unusual combination of units, price and stock"
54319,2023-06-28,S001,P0020,unusual_sales_activity,medium,zscore_only,3.61,0.596,"S001/P0020 on 2023-06-28: units_sold=172, inventory=263, amount=Rs 23170.12 - unusual combination of units, price and stock"
54454,2023-06-29,S003,P0015,unusual_sales_activity,medium,zscore_only,3.62,0.596,"S003/P0015 on 2023-06-29: units_sold=185, inventory=483, amount=Rs 23224.90 - unusual combination of units, price and stock"
1310,2022-01-14,S001,P0011,unusual_sales_activity,medium,zscore_only,3.02,0.595,"S001/P0011 on 2022-01-14: units_sold=107, inventory=135, amount=Rs 20351.40 - unusual combination of units, price and stock"
4779,2022-02-17,S004,P0020,unusual_sales_activity,medium,zscore_only,3.19,0.595,"S004/P0020 on 2022-02-17: units_sold=137, inventory=217, amount=Rs 21171.98 - unusual combination of units, price and stock"
51954,2023-06-04,S003,P0015,unusual_sales_activity,medium,zscore_only,3.49,0.595,"S003/P0015 on 2023-06-04: units_sold=186, inventory=298, amount=Rs 22600.86 - unusual combination of units, price and stock"
55662,2023-07-11,S004,P0003,unusual_sales_activity,medium,zscore_only,3.25,0.595,"S004/P0003 on 2023-07-11: units_sold=135, inventory=666, amount=Rs 21429.90 - unusual combination of units, price and stock"
56788,2023-07-22,S005,P0009,unusual_sales_activity,medium,zscore_only,3.61,0.595,"S005/P0009 on 2023-07-22: units_sold=184, inventory=324, amount=Rs 23174.80 - unusual combination of units, price and stock"
67776,2023-11-09,S004,P0017,unusual_sales_activity,medium,zscore_only,3.19,0.595,"S004/P0017 on 2023-11-09: units_sold=161, inventory=161, amount=Rs 21163.45 - 100% of stock sold at once"
70055,2023-12-02,S003,P0016,unusual_sales_activity,medium,zscore_only,3.18,0.595,"S003/P0016 on 2023-12-02: units_sold=176, inventory=258, amount=Rs 21118.24 - unusual combination of units, price and stock"
70508,2023-12-07,S001,P0009,unusual_sales_activity,medium,zscore_only,3.24,0.595,"S001/P0009 on 2023-12-07: units_sold=183, inventory=185, amount=Rs 21381.72 - 99% of stock sold at once"
15222,2022-06-02,S002,P0003,unusual_sales_activity,medium,zscore_only,3.09,0.594,"S002/P0003 on 2022-06-02: units_sold=200, inventory=218, amount=Rs 20676.00 - 92% of stock sold at once"
14773,2022-05-28,S004,P0014,unusual_sales_activity,medium,zscore_only,3.38,0.593,"S004/P0014 on 2022-05-28: units_sold=144, inventory=306, amount=Rs 22075.20 - unusual combination of units, price and stock"
29179,2022-10-19,S004,P0020,unusual_sales_activity,medium,zscore_only,3.24,0.593,"S004/P0020 on 2022-10-19: units_sold=141, inventory=220, amount=Rs 21392.52 - unusual combination of units, price and stock"
35510,2022-12-22,S001,P0011,unusual_sales_activity,medium,zscore_only,3.27,0.593,"S001/P0011 on 2022-12-22: units_sold=130, inventory=171, amount=Rs 21554.00 - unusual combination of units, price and stock"
38938,2023-01-25,S002,P0019,unusual_sales_activity,medium,zscore_only,3.2,0.593,"S002/P0019 on 2023-01-25: units_sold=191, inventory=668, amount=Rs 21210.55 - unusual combination of units, price and stock"
57811,2023-08-02,S001,P0012,unusual_sales_activity,medium,zscore_only,3.13,0.593,"S001/P0012 on 2023-08-02: units_sold=188, inventory=196, amount=Rs 20881.16 - 96% of stock sold at once"
69271,2023-11-24,S004,P0012,unusual_sales_activity,medium,zscore_only,3.4,0.593,"S004/P0012 on 2023-11-24: units_sold=161, inventory=206, amount=Rs 22176.14 - unusual combination of units, price and stock"
71947,2023-12-21,S003,P0008,unusual_sales_activity,medium,zscore_only,3.65,0.593,"S003/P0008 on 2023-12-21: units_sold=171, inventory=322, amount=Rs 23341.50 - unusual combination of units, price and stock"
4150,2022-02-11,S003,P0011,unusual_sales_activity,medium,zscore_only,3.08,0.592,"S003/P0011 on 2022-02-11: units_sold=122, inventory=382, amount=Rs 20657.04 - unusual combination of units, price and stock"
4450,2022-02-14,S003,P0011,unusual_sales_activity,medium,zscore_only,3.96,0.592,"S003/P0011 on 2022-02-14: units_sold=174, inventory=401, amount=Rs 24819.36 - unusual combination of units, price and stock"
13368,2022-05-14,S004,P0009,unusual_sales_activity,medium,zscore_only,3.42,0.592,"S004/P0009 on 2022-05-14: units_sold=173, inventory=217, amount=Rs 22240.88 - unusual combination of units, price and stock"
34810,2022-12-15,S001,P0011,unusual_sales_activity,medium,zscore_only,3.17,0.592,"S001/P0011 on 2022-12-15: units_sold=119, inventory=146, amount=Rs 21059.43 - unusual combination of units, price and stock"
44603,2023-03-23,S001,P0004,unusual_sales_activity,medium,zscore_only,3.1,0.592,"S001/P0004 on 2023-03-23: units_sold=165, inventory=241, amount=Rs 20743.80 - unusual combination of units, price and stock"
45055,2023-03-27,S003,P0016,unusual_sales_activity,medium,zscore_only,3.07,0.592,"S003/P0016 on 2023-03-27: units_sold=186, inventory=330, amount=Rs 20590.20 - unusual combination of units, price and stock"
57333,2023-07-28,S002,P0014,unusual_sales_activity,medium,zscore_only,3.7,0.592,"S002/P0014 on 2023-07-28: units_sold=164, inventory=270, amount=Rs 23576.64 - unusual combination of units, price and stock"
70229,2023-12-04,S002,P0010,unusual_sales_activity,medium,zscore_only,3.32,0.592,"S002/P0010 on 2023-12-04: units_sold=174, inventory=174, amount=Rs 21798.72 - 100% of stock sold at once"
2376,2022-01-24,S004,P0017,unusual_sales_activity,medium,zscore_only,3.06,0.591,"S004/P0017 on 2022-01-24: units_sold=164, inventory=168, amount=Rs 20522.96 - 98% of stock sold at once"
4773,2022-02-17,S004,P0014,unusual_sales_activity,medium,zscore_only,3.19,0.591,"S004/P0014 on 2022-02-17: units_sold=120, inventory=235, amount=Rs 21142.80 - unusual combination of units, price and stock"
7329,2022-03-15,S002,P0010,unusual_sales_activity,medium,zscore_only,3.07,0.591,"S002/P0010 on 2022-03-15: units_sold=193, inventory=196, amount=Rs 20589.24 - 98% of stock sold at once"
17550,2022-06-25,S003,P0011,unusual_sales_activity,medium,zscore_only,3.25,0.591,"S003/P0011 on 2022-06-25: units_sold=161, inventory=290, amount=Rs 21429.10 - unusual combination of units, price and stock"
28598,2022-10-13,S005,P0019,unusual_sales_activity,medium,zscore_only,3.35,0.591,"S005/P0019 on 2022-10-13: units_sold=153, inventory=280, amount=Rs 21929.49 - unusual combination of units, price and stock"
51347,2023-05-29,S003,P0008,unusual_sales_activity,medium,zscore_only,3.23,0.591,"S003/P0008 on 2023-05-29: units_sold=160, inventory=283, amount=Rs 21355.20 - unusual combination of units, price and stock"
53609,2023-06-21,S001,P0010,unusual_sales_activity,medium,zscore_only,3.63,0.591,"S001/P0010 on 2023-06-21: units_sold=171, inventory=291, amount=Rs 23264.55 - unusual combination of units, price and stock"
56588,2023-07-20,S005,P0009,unusual_sales_activity,medium,zscore_only,3.1,0.591,"S005/P0009 on 2023-07-20: units_sold=190, inventory=692, amount=Rs 20749.90 - unusual combination of units, price and stock"
57398,2023-07-28,S005,P0019,unusual_sales_activity,medium,zscore_only,3.14,0.591,"S005/P0019 on 2023-07-28: units_sold=125, inventory=232, amount=Rs 20931.25 - unusual combination of units, price and stock"
58976,2023-08-13,S004,P0017,unusual_sales_activity,medium,zscore_only,3.07,0.591,"S004/P0017 on 2023-08-13: units_sold=179, inventory=179, amount=Rs 20588.58 - 100% of stock sold at once"
61522,2023-09-08,S002,P0003,unusual_sales_activity,medium,zscore_only,3.17,0.591,"S002/P0003 on 2023-09-08: units_sold=193, inventory=291, amount=Rs 21083.32 - unusual combination of units, price and stock"
4739,2022-02-17,S002,P0020,unusual_sales_activity,medium,zscore_only,3.18,0.59,"S002/P0020 on 2022-02-17: units_sold=145, inventory=321, amount=Rs 21132.30 - unusual combination of units, price and stock"
24977,2022-09-07,S004,P0018,unusual_sales_activity,medium,zscore_only,3.04,0.59,"S004/P0018 on 2022-09-07: units_sold=111, inventory=155, amount=Rs 20460.63 - unusual combination of units, price and stock"
25708,2022-09-15,S001,P0009,unusual_sales_activity,medium,zscore_only,3.33,0.59,"S001/P0009 on 2022-09-15: units_sold=177, inventory=190, amount=Rs 21813.48 - 93% of stock sold at once"
26603,2022-09-24,S001,P0004,unusual_sales_activity,medium,zscore_only,3.15,0.59,"S001/P0004 on 2022-09-24: units_sold=164, inventory=211, amount=Rs 20973.96 - unusual combination of units, price and stock"
38277,2023-01-18,S004,P0018,unusual_sales_activity,medium,zscore_only,3.16,0.59,"S004/P0018 on 2023-01-18: units_sold=123, inventory=137, amount=Rs 21023.16 - unusual combination of units, price and stock"
56129,2023-07-16,S002,P0010,unusual_sales_activity,medium,zscore_only,3.0,0.59,"S002/P0010 on 2023-07-16: units_sold=189, inventory=195, amount=Rs 20275.92 - 97% of stock sold at once"
56693,2023-07-21,S005,P0014,unusual_sales_activity,medium,zscore_only,3.14,0.59,"S005/P0014 on 2023-07-21: units_sold=126, inventory=332, amount=Rs 20938.68 - unusual combination of units, price and stock"
61947,2023-09-12,S003,P0008,unusual_sales_activity,medium,zscore_only,3.29,0.59,"S003/P0008 on 2023-09-12: units_sold=170, inventory=286, amount=Rs 21652.90 - unusual combination of units, price and stock"
1847,2022-01-19,S003,P0008,unusual_sales_activity,medium,zscore_only,3.38,0.589,"S003/P0008 on 2022-01-19: units_sold=165, inventory=209, amount=Rs 22053.90 - unusual combination of units, price and stock"
4486,2022-02-14,S005,P0007,unusual_sales_activity,medium,zscore_only,3.02,0.589,"S005/P0007 on 2022-02-14: units_sold=219, inventory=613, amount=Rs 20331.96 - unusual combination of units, price and stock"
8273,2022-03-24,S004,P0014,unusual_sales_activity,medium,zscore_only,3.11,0.589,"S004/P0014 on 2022-03-24: units_sold=110, inventory=233, amount=Rs 20759.20 - unusual combination of units, price and stock"
21729,2022-08-06,S002,P0010,unusual_sales_activity,medium,zscore_only,3.07,0.589,"S002/P0010 on 2022-08-06: units_sold=184, inventory=221, amount=Rs 20609.84 - unusual combination of units, price and stock"
26373,2022-09-21,S004,P0014,unusual_sales_activity,medium,zscore_only,3.49,0.589,"S004/P0014 on 2022-09-21: units_sold=130, inventory=299, amount=Rs 22575.80 - unusual combination of units, price and stock"
33859,2022-12-05,S003,P0020,unusual_sales_activity,medium,zscore_only,3.05,0.589,"S003/P0020 on 2022-12-05: units_sold=210, inventory=335, amount=Rs 20514.90 - unusual combination of units, price and stock"
37333,2023-01-09,S002,P0014,unusual_sales_activity,medium,zscore_only,3.84,0.589,"S002/P0014 on 2023-01-09: units_sold=150, inventory=273, amount=Rs 24252.00 - unusual combination of units, price and stock"
41747,2023-02-22,S003,P0008,unusual_sales_activity,medium,zscore_only,3.15,0.589,"S003/P0008 on 2023-02-22: units_sold=152, inventory=343, amount=Rs 20959.28 - unusual combination of units, price and stock"
50650,2023-05-22,S003,P0011,unusual_sales_activity,medium,zscore_only,3.23,0.589,"S003/P0011 on 2023-05-22: units_sold=141, inventory=249, amount=Rs 21343.17 - unusual combination of units, price and stock"
75950,2024-01-30,S003,P0011,unusual_sales_activity,medium,zscore_only,3.17,0.589,"S003/P0011 on 2024-01-30: units_sold=143, inventory=143, amount=Rs 21055.32 - 100% of stock sold at once"
2193,2022-01-22,S005,P0014,unusual_sales_activity,medium,zscore_only,3.26,0.588,"S005/P0014 on 2022-01-22: units_sold=118, inventory=251, amount=Rs 21481.90 - unusual combination of units, price and stock"
5608,2022-02-26,S001,P0009,unusual_sales_activity,medium,zscore_only,3.15,0.588,"S001/P0009 on 2022-02-26: units_sold=185, inventory=185, amount=Rs 20991.95 - 100% of stock sold at once"
22493,2022-08-13,S005,P0014,unusual_sales_activity,medium,zscore_only,3.24,0.588,"S005/P0014 on 2022-08-13: units_sold=126, inventory=568, amount=Rs 21413.70 - unusual combination of units, price and stock"
37922,2023-01-15,S002,P0003,unusual_sales_activity,medium,zscore_only,3.02,0.588,"S002/P0003 on 2023-01-15: units_sold=216, inventory=338, amount=Rs 20332.08 - unusual combination of units, price and stock"
47347,2023-04-19,S003,P0008,unusual_sales_activity,medium,zscore_only,3.75,0.588,"S003/P0008 on 2023-04-19: units_sold=184, inventory=459, amount=Rs 23839.04 - unusual combination of units, price and stock"
58377,2023-08-07,S004,P0018,unusual_sales_activity,medium,zscore_only,3.02,0.588,"S004/P0018 on 2023-08-07: units_sold=110, inventory=152, amount=Rs 20352.20 - unusual combination of units, price and stock"
62954,2023-09-22,S003,P0015,unusual_sales_activity,medium,zscore_only,3.29,0.588,"S003/P0015 on 2023-09-22: units_sold=198, inventory=386, amount=Rs 21637.44 - unusual combination of units, price and stock"
71753,2023-12-19,S003,P0014,unusual_sales_activity,medium,zscore_only,3.22,0.588,"S003/P0014 on 2023-12-19: units_sold=192, inventory=578, amount=Rs 21312.00 - unusual combination of units, price and stock"
6462,2022-03-06,S004,P0003,unusual_sales_activity,medium,zscore_only,3.27,0.587,"S004/P0003 on 2022-03-06: units_sold=130, inventory=152, amount=Rs 21521.50 - unusual combination of units, price and stock"
17103,2022-06-21,S001,P0004,unusual_sales_activity,medium,zscore_only,3.33,0.587,"S001/P0004 on 2022-06-21: units_sold=154, inventory=180, amount=Rs 21827.96 - unusual combination of units, price and stock"
36547,2023-01-01,S003,P0008,unusual_sales_activity,medium,zscore_only,3.03,0.587,"S003/P0008 on 2023-01-01: units_sold=133, inventory=219, amount=Rs 20399.54 - unusual combination of units, price and stock"
53129,2023-06-16,S002,P0010,unusual_sales_activity,medium,zscore_only,3.13,0.587,"S002/P0010 on 2023-06-16: units_sold=168, inventory=168, amount=Rs 20890.80 - 100% of stock sold at once"
66998,2023-11-01,S005,P0019,unusual_sales_activity,medium,zscore_only,3.28,0.587,"S005/P0019 on 2023-11-01: units_sold=154, inventory=317, amount=Rs 21596.96 - unusual combination of units, price and stock"
24491,2022-09-02,S005,P0012,unusual_sales_activity,medium,zscore_only,3.66,0.586,"S005/P0012 on 2022-09-02: units_sold=145, inventory=246, amount=Rs 23388.50 - unusual combination of units, price and stock"
27673,2022-10-04,S004,P0014,unusual_sales_activity,medium,zscore_only,3.11,0.586,"S004/P0014 on 2022-10-04: units_sold=127, inventory=297, amount=Rs 20783.55 - unusual combination of units, price and stock"
35711,2022-12-24,S001,P0012,unusual_sales_activity,medium,zscore_only,3.14,0.586,"S001/P0012 on 2022-12-24: units_sold=205, inventory=477, amount=Rs 20934.60 - unusual combination of units, price and stock"
55450,2023-07-09,S003,P0011,unusual_sales_activity,medium,zscore_only,3.21,0.586,"S003/P0011 on 2023-07-09: units_sold=151, inventory=338, amount=Rs 21271.37 - unusual combination of units, price and stock"
70409,2023-12-06,S001,P0010,unusual_sales_activity,medium,zscore_only,3.48,0.586,"S001/P0010 on 2023-12-06: units_sold=141, inventory=223, amount=Rs 22541.67 - unusual combination of units, price and stock"
1708,2022-01-18,S001,P0009,unusual_sales_activity,medium,zscore_only,3.14,0.585,"S001/P0009 on 2022-01-18: units_sold=173, inventory=185, amount=Rs 20913.97 - 94% of stock sold at once"
3155,2022-02-01,S003,P0016,unusual_sales_activity,medium,zscore_only,3.02,0.585,"S003/P0016 on 2022-02-01: units_sold=182, inventory=380, amount=Rs 20336.68 - unusual combination of units, price and stock"
57903,2023-08-03,S001,P0004,unusual_sales_activity,medium,zscore_only,3.1,0.585,"S001/P0004 on 2023-08-03: units_sold=171, inventory=251, amount=Rs 20752.56 - unusual combination of units, price and stock"
59110,2023-08-15,S001,P0011,unusual_sales_activity,medium,zscore_only,3.13,0.585,"S001/P0011 on 2023-08-15: units_sold=121, inventory=216, amount=Rs 20857.98 - unusual combination of units, price and stock"
60520,2023-08-29,S002,P0001,unusual_sales_activity,medium,zscore_only,3.37,0.585,"S002/P0001 on 2023-08-29: units_sold=192, inventory=361, amount=Rs 22026.24 - unusual combination of units, price and stock"
15439,2022-06-04,S002,P0020,unusual_sales_activity,medium,zscore_only,3.63,0.584,"S002/P0020 on 2022-06-04: units_sold=149, inventory=448, amount=Rs 23245.49 - unusual combination of units, price and stock"
36442,2022-12-31,S003,P0003,unusual_sales_activity,medium,zscore_only,3.07,0.584,"S003/P0003 on 2022-12-31: units_sold=187, inventory=187, amount=Rs 20609.27 - 100% of stock sold at once"
68357,2023-11-15,S003,P0018,unusual_sales_activity,medium,zscore_only,3.6,0.584,"S003/P0018 on 2023-11-15: units_sold=152, inventory=306, amount=Rs 23113.12 - unusual combination of units, price and stock"
75176,2024-01-22,S004,P0017,unusual_sales_activity,medium,zscore_only,3.13,0.584,"S004/P0017 on 2024-01-22: units_sold=187, inventory=249, amount=Rs 20882.29 - unusual combination of units, price and stock"
676,2022-01-07,S004,P0017,unusual_sales_activity,medium,zscore_only,3.12,0.583,"S004/P0017 on 2022-01-07: units_sold=185, inventory=228, amount=Rs 20847.65 - unusual combination of units, price and stock"
3810,2022-02-08,S001,P0011,unusual_sales_activity,medium,zscore_only,3.55,0.583,"S001/P0011 on 2022-02-08: units_sold=140, inventory=266, amount=Rs 22881.60 - unusual combination of units, price and stock"
3993,2022-02-09,S005,P0014,unusual_sales_activity,medium,zscore_only,3.19,0.583,"S005/P0014 on 2022-02-09: units_sold=121, inventory=469, amount=Rs 21144.75 - unusual combination of units, price and stock"
16255,2022-06-12,S003,P0016,unusual_sales_activity,medium,zscore_only,3.18,0.583,"S003/P0016 on 2022-06-12: units_sold=177, inventory=359, amount=Rs 21124.95 - unusual combination of units, price and stock"
44577,2023-03-22,S004,P0018,unusual_sales_activity,medium,zscore_only,3.12,0.583,"S004/P0018 on 2023-03-22: units_sold=126, inventory=126, amount=Rs 20832.84 - 100% of stock sold at once"
55654,2023-07-11,S003,P0015,unusual_sales_activity,medium,zscore_only,3.42,0.583,"S003/P0015 on 2023-07-11: units_sold=187, inventory=355, amount=Rs 22264.22 - unusual combination of units, price and stock"
59211,2023-08-16,S001,P0012,unusual_sales_activity,medium,zscore_only,3.05,0.583,"S001/P0012 on 2023-08-16: units_sold=196, inventory=302, amount=Rs 20501.60 - unusual combination of units, price and stock"
70153,2023-12-03,S003,P0014,unusual_sales_activity,medium,zscore_only,3.1,0.583,"S003/P0014 on 2023-12-03: units_sold=201, inventory=376, amount=Rs 20723.10 - unusual combination of units, price and stock"
733,2022-01-08,S002,P0014,unusual_sales_activity,medium,zscore_only,3.42,0.582,"S002/P0014 on 2022-01-08: units_sold=170, inventory=551, amount=Rs 22242.80 - unusual combination of units, price and stock"
8309,2022-03-25,S001,P0010,unusual_sales_activity,medium,zscore_only,3.55,0.582,"S001/P0010 on 2022-03-25: units_sold=177, inventory=440, amount=Rs 22886.10 - unusual combination of units, price and stock"
8788,2022-03-29,S005,P0009,unusual_sales_activity,medium,zscore_only,3.35,0.582,"S005/P0009 on 2022-03-29: units_sold=180, inventory=336, amount=Rs 21925.80 - unusual combination of units, price and stock"
17691,2022-06-26,S005,P0012,unusual_sales_activity,medium,zscore_only,3.02,0.582,"S005/P0012 on 2022-06-26: units_sold=140, inventory=140, amount=Rs 20365.80 - 100% of stock sold at once"
30550,2022-11-02,S003,P0011,unusual_sales_activity,medium,zscore_only,3.05,0.582,"S003/P0011 on 2022-11-02: units_sold=164, inventory=258, amount=Rs 20500.00 - unusual combination of units, price and stock"
34730,2022-12-14,S002,P0011,unusual_sales_activity,medium,zscore_only,3.05,0.582,"S002/P0011 on 2022-12-14: units_sold=197, inventory=338, amount=Rs 20515.58 - unusual combination of units, price and stock"
43050,2023-03-07,S003,P0011,unusual_sales_activity,medium,zscore_only,3.63,0.582,"S003/P0011 on 2023-03-07: units_sold=155, inventory=417, amount=Rs 23270.15 - unusual combination of units, price and stock"
52771,2023-06-12,S004,P0012,unusual_sales_activity,medium,zscore_only,3.01,0.582,"S004/P0012 on 2023-06-12: units_sold=156, inventory=156, amount=Rs 20328.36 - 100% of stock sold at once"
67079,2023-11-02,S004,P0020,unusual_sales_activity,medium,zscore_only,3.31,0.582,"S004/P0020 on 2023-11-02: units_sold=154, inventory=192, amount=Rs 21738.64 - unusual combination of units, price and stock"
70535,2023-12-07,S002,P0016,unusual_sales_activity,medium,zscore_only,3.0,0.582,"S002/P0016 on 2023-12-07: units_sold=196, inventory=647, amount=Rs 20260.52 - unusual combination of units, price and stock"
10293,2022-04-13,S005,P0014,unusual_sales_activity,medium,zscore_only,3.13,0.581,"S005/P0014 on 2022-04-13: units_sold=121, inventory=171, amount=Rs 20885.81 - unusual combination of units, price and stock"
15019,2022-05-31,S001,P0020,unusual_sales_activity,medium,zscore_only,3.61,0.581,"S001/P0020 on 2022-05-31: units_sold=150, inventory=408, amount=Rs 23170.50 - unusual combination of units, price and stock"
15319,2022-06-03,S001,P0020,unusual_sales_activity,medium,zscore_only,3.29,0.581,"S001/P0020 on 2022-06-03: units_sold=145, inventory=594, amount=Rs 21631.10 - unusual combination of units, price and stock"
23579,2022-08-24,S004,P0020,unusual_sales_activity,medium,zscore_only,3.02,0.581,"S004/P0020 on 2022-08-24: units_sold=156, inventory=362, amount=Rs 20334.60 - unusual combination of units, price and stock"
33929,2022-12-06,S002,P0010,unusual_sales_activity,medium,zscore_only,3.09,0.581,"S002/P0010 on 2022-12-06: units_sold=173, inventory=241, amount=Rs 20701.18 - unusual combination of units, price and stock"
42533,2023-03-02,S002,P0014,unusual_sales_activity,medium,zscore_only,3.31,0.581,"S002/P0014 on 2023-03-02: units_sold=158, inventory=194, amount=Rs 21715.52 - unusual combination of units, price and stock"
44350,2023-03-20,S003,P0011,unusual_sales_activity,medium,zscore_only,3.09,0.581,"S003/P0011 on 2023-03-20: units_sold=168, inventory=317, amount=Rs 20672.40 - unusual combination of units, price and stock"
56073,2023-07-15,S004,P0014,unusual_sales_activity,medium,zscore_only,3.15,0.581,"S004/P0014 on 2023-07-15: units_sold=127, inventory=274, amount=Rs 20981.67 - unusual combination of units, price and stock"
58779,2023-08-11,S004,P0020,unusual_sales_activity,medium,zscore_only,3.55,0.581,"S004/P0020 on 2023-08-11: units_sold=153, inventory=339, amount=Rs 22897.98 - unusual combination of units, price and stock"
442,2022-01-05,S003,P0003,unusual_sales_activity,medium,zscore_only,3.13,0.58,"S003/P0003 on 2022-01-05: units_sold=172, inventory=234, amount=Rs 20865.32 - unusual combination of units, price and stock"
25833,2022-09-16,S002,P0014,unusual_sales_activity,medium,zscore_only,3.03,0.58,"S002/P0014 on 2022-09-16: units_sold=145, inventory=681, amount=Rs 20402.95 - unusual combination of units, price and stock"
37668,2023-01-12,S004,P0009,unusual_sales_activity,medium,zscore_only,3.38,0.58,"S004/P0009 on 2023-01-12: units_sold=166, inventory=296, amount=Rs 22068.04 - unusual combination of units, price and stock"
68855,2023-11-20,S003,P0016,unusual_sales_activity,medium,zscore_only,3.32,0.58,"S003/P0016 on 2023-11-20: units_sold=175, inventory=227, amount=Rs 21798.00 - unusual combination of units, price and stock"
26962,2022-09-27,S004,P0003,unusual_sales_activity,medium,zscore_only,3.02,0.579,"S004/P0003 on 2022-09-27: units_sold=140, inventory=149, amount=Rs 20350.40 - 94% of stock sold at once"
30788,2022-11-04,S005,P0009,unusual_sales_activity,medium,zscore_only,3.06,0.579,"S005/P0009 on 2022-11-04: units_sold=180, inventory=669, amount=Rs 20539.80 - unusual combination of units, price and stock"
43677,2023-03-13,S004,P0018,unusual_sales_activity,medium,zscore_only,3.16,0.579,"S004/P0018 on 2023-03-13: units_sold=129, inventory=171, amount=Rs 21034.74 - unusual combination of units, price and stock"
44210,2023-03-19,S001,P0011,unusual_sales_activity,medium,zscore_only,3.21,0.579,"S001/P0011 on 2023-03-19: units_sold=138, inventory=176, amount=Rs 21263.04 - unusual combination of units, price and stock"
57729,2023-08-01,S002,P0010,unusual_sales_activity,medium,zscore_only,3.09,0.579,"S002/P0010 on 2023-08-01: units_sold=167, inventory=167, amount=Rs 20671.26 - 100% of stock sold at once"
59193,2023-08-15,S005,P0014,unusual_sales_activity,medium,zscore_only,3.14,0.579,"S005/P0014 on 2023-08-15: units_sold=126, inventory=170, amount=Rs 20918.52 - unusual combination of units, price and stock"
61250,2023-09-05,S003,P0011,unusual_sales_activity,medium,zscore_only,3.2,0.579,"S003/P0011 on 2023-09-05: units_sold=161, inventory=349, amount=Rs 21197.26 - unusual combination of units, price and stock"
70471,2023-12-06,S004,P0012,unusual_sales_activity,medium,zscore_only,3.1,0.579,"S004/P0012 on 2023-12-06: units_sold=150, inventory=151, amount=Rs 20719.50 - 99% of stock sold at once"
2573,2022-01-26,S004,P0014,unusual_sales_activity,medium,zscore_only,3.52,0.578,"S004/P0014 on 2022-01-26: units_sold=140, inventory=438, amount=Rs 22747.20 - unusual combination of units, price and stock"
22724,2022-08-16,S002,P0005,unusual_sales_activity,medium,zscore_only,3.22,0.578,"S002/P0005 on 2022-08-16: units_sold=188, inventory=321, amount=Rs 21309.80 - unusual combination of units, price and stock"
36776,2023-01-03,S004,P0017,unusual_sales_activity,medium,zscore_only,3.12,0.578,"S004/P0017 on 2023-01-03: units_sold=164, inventory=234, amount=Rs 20809.96 - unusual combination of units, price and stock"
37391,2023-01-09,S005,P0012,unusual_sales_activity,medium,zscore_only,3.02,0.578,"S005/P0012 on 2023-01-09: units_sold=154, inventory=643, amount=Rs 20368.04 - unusual combination of units, price and stock"
9577,2022-04-06,S004,P0018,unusual_sales_activity,medium,zscore_only,3.09,0.577,"S004/P0018 on 2022-04-06: units_sold=132, inventory=138, amount=Rs 20701.56 - 96% of stock sold at once"
58953,2023-08-13,S003,P0014,unusual_sales_activity,medium,zscore_only,3.04,0.577,"S003/P0014 on 2023-08-13: units_sold=195, inventory=545, amount=Rs 20461.35 - unusual combination of units, price and stock"
70150,2023-12-03,S003,P0011,unusual_sales_activity,medium,zscore_only,3.31,0.577,"S003/P0011 on 2023-12-03: units_sold=146, inventory=569, amount=Rs 21714.58 - unusual combination of units, price and stock"
56973,2023-07-24,S004,P0014,unusual_sales_activity,medium,zscore_only,3.13,0.576,"S004/P0014 on 2023-07-24: units_sold=109, inventory=303, amount=Rs 20858.24 - unusual combination of units, price and stock"
60010,2023-08-24,S001,P0011,unusual_sales_activity,medium,zscore_only,3.02,0.576,"S001/P0011 on 2023-08-24: units_sold=124, inventory=213, amount=Rs 20367.00 - unusual combination of units, price and stock"
27050,2022-09-28,S003,P0011,unusual_sales_activity,medium,zscore_only,3.34,0.575,"S003/P0011 on 2022-09-28: units_sold=164, inventory=277, amount=Rs 21872.68 - unusual combination of units, price and stock"
53733,2023-06-22,S002,P0014,unusual_sales_activity,medium,zscore_only,3.32,0.575,"S002/P0014 on 2023-06-22: units_sold=164, inventory=291, amount=Rs 21803.80 - unusual combination of units, price and stock"
67555,2023-11-07,S003,P0016,unusual_sales_activity,medium,zscore_only,3.09,0.575,"S003/P0016 on 2023-11-07: units_sold=159, inventory=355, amount=Rs 20671.59 - unusual combination of units, price and stock"
72439,2023-12-26,S002,P0020,unusual_sales_activity,medium,zscore_only,3.25,0.575,"S002/P0020 on 2023-12-26: units_sold=138, inventory=225, amount=Rs 21467.28 - unusual combination of units, price and stock"
20662,2022-07-26,S004,P0003,unusual_sales_activity,medium,zscore_only,3.36,0.574,"S004/P0003 on 2022-07-26: units_sold=133, inventory=287, amount=Rs 21959.63 - unusual combination of units, price and stock"
35424,2022-12-21,S002,P0005,unusual_sales_activity,medium,zscore_only,3.02,0.574,"S002/P0005 on 2022-12-21: units_sold=188, inventory=598, amount=Rs 20334.08 - unusual combination of units, price and stock"
37168,2023-01-07,S004,P0009,unusual_sales_activity,medium,zscore_only,3.32,0.574,"S004/P0009 on 2023-01-07: units_sold=149, inventory=223, amount=Rs 21767.41 - unusual combination of units, price and stock"
44455,2023-03-21,S003,P0016,unusual_sales_activity,medium,zscore_only,3.12,0.574,"S003/P0016 on 2023-03-21: units_sold=181, inventory=261, amount=Rs 20827.67 - unusual combination of units, price and stock"
26233,2022-09-20,S002,P0014,unusual_sales_activity,medium,zscore_only,3.03,0.573,"S002/P0014 on 2022-09-20: units_sold=142, inventory=156, amount=Rs 20425.28 - 91% of stock sold at once"
50554,2023-05-21,S003,P0015,unusual_sales_activity,medium,zscore_only,3.1,0.573,"S003/P0015 on 2023-05-21: units_sold=173, inventory=632, amount=Rs 20713.29 - unusual combination of units, price and stock"
55508,2023-07-10,S001,P0009,unusual_sales_activity,medium,zscore_only,3.03,0.573,"S001/P0009 on 2023-07-10: units_sold=164, inventory=215, amount=Rs 20416.36 - unusual combination of units, price and stock"
58473,2023-08-08,S004,P0014,unusual_sales_activity,medium,zscore_only,3.3,0.573,"S004/P0014 on 2023-08-08: units_sold=128, inventory=389, amount=Rs 21666.56 - unusual combination of units, price and stock"
3033,2022-01-31,S002,P0014,unusual_sales_activity,medium,zscore_only,3.38,0.572,"S002/P0014 on 2022-01-31: units_sold=156, inventory=276, amount=Rs 22084.92 - unusual combination of units, price and stock"
8350,2022-03-25,S003,P0011,unusual_sales_activity,medium,zscore_only,3.08,0.572,"S003/P0011 on 2022-03-25: units_sold=139, inventory=336, amount=Rs 20656.79 - unusual combination of units, price and stock"
17450,2022-06-24,S003,P0011,unusual_sales_activity,medium,zscore_only,3.19,0.572,"S003/P0011 on 2022-06-24: units_sold=143, inventory=197, amount=Rs 21159.71 - unusual combination of units, price and stock"
22888,2022-08-17,S005,P0009,unusual_sales_activity,medium,zscore_only,3.04,0.572,"S005/P0009 on 2022-08-17: units_sold=179, inventory=229, amount=Rs 20436.43 - unusual combination of units, price and stock"
31050,2022-11-07,S003,P0011,unusual_sales_activity,medium,zscore_only,3.08,0.572,"S003/P0011 on 2022-11-07: units_sold=155, inventory=289, amount=Rs 20628.95 - unusual combination of units, price and stock"
37673,2023-01-12,S004,P0014,unusual_sales_activity,medium,zscore_only,3.16,0.572,"S004/P0014 on 2023-01-12: units_sold=143, inventory=295, amount=Rs 21025.29 - unusual combination of units, price and stock"
38010,2023-01-16,S001,P0011,unusual_sales_activity,medium,zscore_only,3.03,0.572,"S001/P0011 on 2023-01-16: units_sold=120, inventory=259, amount=Rs 20420.40 - unusual combination of units, price and stock"
433,2022-01-05,S002,P0014,unusual_sales_activity,medium,zscore_only,3.27,0.571,"S002/P0014 on 2022-01-05: units_sold=171, inventory=289, amount=Rs 21556.26 - unusual combination of units, price and stock"
22409,2022-08-13,S001,P0010,unusual_sales_activity,medium,zscore_only,3.09,0.571,"S001/P0010 on 2022-08-13: units_sold=131, inventory=565, amount=Rs 20667.87 - unusual combination of units, price and stock"
23403,2022-08-23,S001,P0004,unusual_sales_activity,medium,zscore_only,3.35,0.571,"S001/P0004 on 2022-08-23: units_sold=184, inventory=386, amount=Rs 21903.36 - unusual combination of units, price and stock"
26533,2022-09-23,S002,P0014,unusual_sales_activity,medium,zscore_only,3.41,0.571,"S002/P0014 on 2022-09-23: units_sold=149, inventory=310, amount=Rs 22195.04 - unusual combination of units, price and stock"
56273,2023-07-17,S004,P0014,unusual_sales_activity,medium,zscore_only,3.05,0.571,"S004/P0014 on 2023-07-17: units_sold=115, inventory=340, amount=Rs 20475.75 - unusual combination of units, price and stock"
58410,2023-08-08,S001,P0011,unusual_sales_activity,medium,zscore_only,3.06,0.571,"S001/P0011 on 2023-08-08: units_sold=139, inventory=214, amount=Rs 20565.05 - unusual combination of units, price and stock"
75454,2024-01-25,S003,P0015,unusual_sales_activity,medium,zscore_only,3.29,0.571,"S003/P0015 on 2024-01-25: units_sold=170, inventory=330, amount=Rs 21620.60 - unusual combination of units, price and stock"
52988,2023-06-14,S005,P0009,unusual_sales_activity,medium,zscore_only,3.34,0.57,"S005/P0009 on 2023-06-14: units_sold=160, inventory=357, amount=Rs 21860.80 - unusual combination of units, price and stock"
56477,2023-07-19,S004,P0018,unusual_sales_activity,medium,zscore_only,3.05,0.57,"S004/P0018 on 2023-07-19: units_sold=133, inventory=137, amount=Rs 20485.99 - 97% of stock sold at once"
5498,2022-02-24,S005,P0019,unusual_sales_activity,medium,zscore_only,3.27,0.569,"S005/P0019 on 2022-02-24: units_sold=135, inventory=290, amount=Rs 21520.35 - unusual combination of units, price and stock"
38433,2023-01-20,S002,P0014,unusual_sales_activity,medium,zscore_only,3.3,0.569,"S002/P0014 on 2023-01-20: units_sold=154, inventory=350, amount=Rs 21687.82 - unusual combination of units, price and stock"
44575,2023-03-22,S004,P0016,unusual_sales_activity,medium,zscore_only,3.2,0.569,"S004/P0016 on 2023-03-22: units_sold=164, inventory=254, amount=Rs 21206.84 - unusual combination of units, price and stock"
71850,2023-12-20,S003,P0011,unusual_sales_activity,medium,zscore_only,3.04,0.569,"S003/P0011 on 2023-12-20: units_sold=151, inventory=248, amount=Rs 20436.34 - unusual combination of units, price and stock"
67050,2023-11-02,S003,P0011,unusual_sales_activity,medium,zscore_only,3.32,0.566,"S003/P0011 on 2023-11-02: units_sold=161, inventory=383, amount=Rs 21796.18 - unusual combination of units, price and stock"
1968,2022-01-20,S004,P0009,unusual_sales_activity,medium,zscore_only,3.15,0.564,"S004/P0009 on 2022-01-20: units_sold=154, inventory=246, amount=Rs 20967.10 - unusual combination of units, price and stock"
53253,2023-06-17,S003,P0014,unusual_sales_activity,medium,zscore_only,3.19,0.563,"S003/P0014 on 2023-06-17: units_sold=184, inventory=440, amount=Rs 21172.88 - unusual combination of units, price and stock"
4850,2022-02-18,S003,P0011,unusual_sales_activity,medium,zscore_only,3.25,0.562,"S003/P0011 on 2022-02-18: units_sold=156, inventory=375, amount=Rs 21442.20 - unusual combination of units, price and stock"
19068,2022-07-10,S004,P0009,unusual_sales_activity,medium,zscore_only,3.18,0.561,"S004/P0009 on 2022-07-10: units_sold=168, inventory=395, amount=Rs 21099.12 - unusual combination of units, price and stock"
30855,2022-11-05,S003,P0016,unusual_sales_activity,medium,zscore_only,3.17,0.56,"S003/P0016 on 2022-11-05: units_sold=182, inventory=453, amount=Rs 21079.24 - unusual combination of units, price and stock"
74374,2024-01-14,S004,P0015,unusual_sales_activity,medium,zscore_only,3.04,0.56,"S004/P0015 on 2024-01-14: units_sold=169, inventory=275, amount=Rs 20465.90 - unusual combination of units, price and stock"
679,2022-01-07,S004,P0020,unusual_sales_activity,medium,zscore_only,3.25,0.559,"S004/P0020 on 2022-01-07: units_sold=147, inventory=397, amount=Rs 21426.72 - unusual combination of units, price and stock"
33262,2022-11-29,S004,P0003,unusual_sales_activity,medium,zscore_only,3.08,0.559,"S004/P0003 on 2022-11-29: units_sold=121, inventory=260, amount=Rs 20622.03 - unusual combination of units, price and stock"
36079,2022-12-27,S004,P0020,unusual_sales_activity,medium,zscore_only,3.05,0.559,"S004/P0020 on 2022-12-27: units_sold=155, inventory=243, amount=Rs 20509.60 - unusual combination of units, price and stock"
36133,2022-12-28,S002,P0014,unusual_sales_activity,medium,zscore_only,3.13,0.559,"S002/P0014 on 2022-12-28: units_sold=158, inventory=274, amount=Rs 20878.12 - unusual combination of units, price and stock"
58757,2023-08-11,S003,P0018,unusual_sales_activity,medium,zscore_only,3.25,0.559,"S003/P0018 on 2023-08-11: units_sold=146, inventory=369, amount=Rs 21456.16 - unusual combination of units, price and stock"
69362,2023-11-25,S004,P0003,unusual_sales_activity,medium,zscore_only,3.13,0.559,"S004/P0003 on 2023-11-25: units_sold=134, inventory=238, amount=Rs 20897.30 - unusual combination of units, price and stock"
1255,2022-01-13,S003,P0016,unusual_sales_activity,medium,zscore_only,3.1,0.558,"S003/P0016 on 2022-01-13: units_sold=169, inventory=449, amount=Rs 20724.47 - unusual combination of units, price and stock"
10057,2022-04-11,S003,P0018,unusual_sales_activity,medium,zscore_only,3.22,0.558,"S003/P0018 on 2022-04-11: units_sold=146, inventory=368, amount=Rs 21317.46 - unusual combination of units, price and stock"
32233,2022-11-19,S002,P0014,unusual_sales_activity,medium,zscore_only,3.07,0.558,"S002/P0014 on 2022-11-19: units_sold=143, inventory=520, amount=Rs 20602.01 - unusual combination of units, price and stock"
43109,2023-03-08,S001,P0010,unusual_sales_activity,medium,zscore_only,3.09,0.558,"S001/P0010 on 2023-03-08: units_sold=156, inventory=258, amount=Rs 20688.72 - unusual combination of units, price and stock"
6350,2022-03-05,S003,P0011,unusual_sales_activity,medium,zscore_only,3.01,0.557,"S003/P0011 on 2022-03-05: units_sold=159, inventory=247, amount=Rs 20318.61 - unusual combination of units, price and stock"
24650,2022-09-04,S003,P0011,unusual_sales_activity,medium,zscore_only,3.04,0.557,"S003/P0011 on 2022-09-04: units_sold=159, inventory=477, amount=Rs 20448.99 - unusual combination of units, price and stock"
22593,2022-08-14,S005,P0014,unusual_sales_activity,medium,zscore_only,3.11,0.556,"S005/P0014 on 2022-08-14: units_sold=134, inventory=442, amount=Rs 20764.64 - unusual combination of units, price and stock"
58647,2023-08-10,S003,P0008,unusual_sales_activity,medium,zscore_only,3.02,0.556,"S003/P0008 on 2023-08-10: units_sold=168, inventory=407, amount=Rs 20351.52 - unusual combination of units, price and stock"
43833,2023-03-15,S002,P0014,unusual_sales_activity,medium,zscore_only,3.17,0.555,"S002/P0014 on 2023-03-15: units_sold=141, inventory=296, amount=Rs 21052.71 - unusual combination of units, price and stock"
51733,2023-06-02,S002,P0014,unusual_sales_activity,medium,zscore_only,3.12,0.555,"S002/P0014 on 2023-06-02: units_sold=148, inventory=265, amount=Rs 20832.48 - unusual combination of units, price and stock"
46747,2023-04-13,S003,P0008,unusual_sales_activity,medium,zscore_only,3.08,0.553,"S003/P0008 on 2023-04-13: units_sold=138, inventory=490, amount=Rs 20644.80 - unusual combination of units, price and stock"
67957,2023-11-11,S003,P0018,unusual_sales_activity,medium,zscore_only,3.01,0.553,"S003/P0018 on 2023-11-11: units_sold=126, inventory=277, amount=Rs 20307.42 - unusual combination of units, price and stock"
5435,2022-02-24,S002,P0016,unusual_sales_activity,medium,zscore_only,3.07,0.552,"S002/P0016 on 2022-02-24: units_sold=181, inventory=459, amount=Rs 20577.89 - unusual combination of units, price and stock"
22498,2022-08-13,S005,P0019,unusual_sales_activity,medium,zscore_only,3.04,0.552,"S005/P0019 on 2022-08-13: units_sold=128, inventory=355, amount=Rs 20468.48 - unusual combination of units, price and stock"
63057,2023-09-23,S003,P0018,unusual_sales_activity,medium,zscore_only,3.11,0.552,"S003/P0018 on 2023-09-23: units_sold=144, inventory=296, amount=Rs 20782.08 - unusual combination of units, price and stock"
70009,2023-12-02,S001,P0010,unusual_sales_activity,medium,zscore_only,3.05,0.552,"S001/P0010 on 2023-12-02: units_sold=138, inventory=228, amount=Rs 20504.04 - unusual combination of units, price and stock"
519,2022-01-06,S001,P0020,unusual_sales_activity,medium,zscore_only,3.02,0.551,"S001/P0020 on 2022-01-06: units_sold=157, inventory=432, amount=Rs 20351.91 - unusual combination of units, price and stock"
58950,2023-08-13,S003,P0011,unusual_sales_activity,medium,zscore_only,3.13,0.55,"S003/P0011 on 2023-08-13: units_sold=138, inventory=440, amount=Rs 20858.70 - unusual combination of units, price and stock"
3533,2022-02-05,S002,P0014,unusual_sales_activity,medium,zscore_only,3.03,0.547,"S002/P0014 on 2022-02-05: units_sold=150, inventory=289, amount=Rs 20412.00 - unusual combination of units, price and stock"
