Date,Store ID,Product ID,Category,Region,Inventory Level,Units Sold,Units Ordered,Price,Discount,Weather Condition,Promotion,Competitor Pricing,Seasonality,Epidemic,Demand,row_id,total_amount,sell_through,z_score,flag_zscore,iso_label,iso_score,flag_iso,detected_by
2022-01-01,S003,P0011,Electronics,East,159,157,293,131.16,10,Sunny,0,139.75,Winter,0,149,50,20592.12,0.9874213836477987,3.0699476110193133,True,1,0.5956124605829154,False,zscore_only
2022-01-02,S001,P0011,Furniture,North,164,152,264,175.19,10,Snowy,1,187.65,Winter,0,130,110,26628.88,0.926829268292683,4.339183896376399,True,-1,0.6518374788634097,True,both
2022-01-02,S002,P0001,Groceries,South,0,0,350,86.71,10,Cloudy,0,85.0,Winter,0,137,120,0.0,0.0,-1.2595711865521229,False,-1,0.6210659106135387,True,isolation_forest_only
2022-01-02,S002,P0016,Clothing,South,0,0,260,107.38,0,Cloudy,0,114.77,Winter,0,159,135,0.0,0.0,-1.2595711865521229,False,-1,0.6164000091396783,True,isolation_forest_only
2022-01-02,S003,P0011,Electronics,East,2,2,386,113.61,25,Cloudy,1,126.49,Winter,0,163,150,227.22,1.0,-1.2117978994314096,False,-1,0.6377678240291179,True,isolation_forest_only
2022-01-02,S003,P0015,Groceries,East,35,35,622,100.93,20,Cloudy,1,120.1,Winter,0,185,154,3532.55,1.0,-0.5168481629702393,False,-1,0.6173601889600122,True,isolation_forest_only
2022-01-02,S005,P0010,Groceries,North,0,0,629,72.29,10,Snowy,1,64.1,Winter,0,182,189,0.0,0.0,-1.2595711865521229,False,-1,0.6432512276920106,True,isolation_forest_only
2022-01-03,S001,P0005,Groceries,North,0,0,761,58.17,25,Snowy,1,57.29,Winter,0,172,204,0.0,0.0,-1.2595711865521229,False,-1,0.6580279269134605,True,isolation_forest_only
2022-01-03,S001,P0016,Groceries,North,0,0,553,45.61,15,Snowy,1,40.77,Winter,0,193,215,0.0,0.0,-1.2595711865521229,False,-1,0.6314645079706918,True,isolation_forest_only
2022-01-03,S003,P0013,Groceries,East,0,0,681,94.01,0,Cloudy,0,89.45,Winter,0,166,252,0.0,0.0,-1.2595711865521229,False,-1,0.6529929976811222,True,isolation_forest_only
2022-01-03,S004,P0003,Furniture,West,0,0,374,126.27,20,Sunny,1,149.23,Winter,0,111,262,0.0,0.0,-1.2595711865521229,False,-1,0.6442643484433199,True,isolation_forest_only
2022-01-03,S004,P0016,Furniture,West,14,14,365,116.65,10,Sunny,1,139.43,Winter,0,102,275,1633.1000000000001,1.0,-0.9162098838638172,False,-1,0.614902033328054,True,isolation_forest_only
2022-01-03,S004,P0018,Furniture,West,111,111,133,185.13,10,Sunny,0,183.17,Winter,0,133,277,20549.43,1.0,3.0609719855145903,True,1,0.5978289579390799,False,zscore_only
2022-01-03,S005,P0016,Toys,North,0,0,614,41.54,10,Snowy,1,36.53,Winter,0,171,295,0.0,0.0,-1.2595711865521229,False,-1,0.6407862878897901,True,isolation_forest_only
2022-01-04,S003,P0007,Groceries,East,0,0,670,16.12,20,Sunny,1,18.73,Winter,0,170,346,0.0,0.0,-1.2595711865521229,False,-1,0.659760883189542,True,isolation_forest_only
2022-01-04,S003,P0008,Clothing,East,307,174,357,131.49,10,Sunny,0,119.27,Winter,0,156,347,22879.260000000002,0.5667752442996743,3.5508216357762366,True,-1,0.6121240291799089,True,both
2022-01-04,S004,P0003,Furniture,West,407,173,0,165.54,10,Cloudy,1,157.42,Winter,0,144,362,28638.42,0.4250614250614251,4.7616921764598334,True,-1,0.6191913248940952,True,both
2022-01-04,S004,P0009,Clothing,West,299,201,0,143.79,15,Cloudy,1,165.24,Winter,0,235,368,28901.789999999997,0.6722408026755853,4.817066045965081,True,-1,0.6417559525815879,True,both
2022-01-05,S002,P0009,Groceries,South,279,243,521,86.08,10,Snowy,1,81.81,Winter,0,236,428,20917.44,0.8709677419354839,3.1383465449428694,True,-1,0.6523631495809753,True,both
2022-01-05,S002,P0011,Groceries,South,559,206,568,120.94,10,Snowy,1,114.78,Winter,0,201,430,24913.64,0.3685152057245081,3.978552556701492,True,-1,0.6568170359982568,True,both
2022-01-05,S002,P0014,Electronics,South,289,171,0,126.06,20,Snowy,1,111.81,Winter,0,155,433,21556.260000000002,0.5916955017301038,3.2726592431140435,True,1,0.5714311256480772,False,zscore_only
2022-01-05,S003,P0003,Electronics,East,234,172,226,121.31,10,Sunny,0,114.6,Winter,0,224,442,20865.32,0.7350427350427351,3.1273882502296773,True,1,0.579833167754918,False,zscore_only
2022-01-05,S003,P0011,Electronics,East,503,243,0,130.31,25,Sunny,1,146.68,Winter,0,217,450,31665.33,0.4831013916500994,5.398103762229388,True,-1,0.6528180079217701,True,both
2022-01-05,S004,P0010,Groceries,West,597,218,784,29.29,20,Cloudy,1,31.07,Winter,0,222,469,6385.22,0.36515912897822445,0.08292924645958683,False,-1,0.6185952452550577,True,isolation_forest_only
2022-01-06,S001,P0020,Furniture,North,432,157,0,129.63,10,Sunny,0,149.36,Winter,0,133,519,20351.91,0.36342592592592593,3.019443160269967,True,1,0.5514948394114119,False,zscore_only
2022-01-06,S003,P0011,Electronics,East,260,174,295,137.01,10,Snowy,1,127.76,Winter,0,146,550,23839.739999999998,0.6692307692307692,3.752763748326639,True,-1,0.6159503604707732,True,both
2022-01-06,S004,P0009,Clothing,West,477,220,506,131.78,15,Snowy,1,149.1,Winter,0,198,568,28991.6,0.4612159329140461,4.8359487099749,True,-1,0.6706263172824213,True,both
2022-01-06,S005,P0006,Groceries,North,719,198,652,73.71,5,Sunny,0,80.71,Winter,0,190,585,14594.579999999998,0.2753824756606398,1.8089573793585325,False,-1,0.6163493704898392,True,isolation_forest_only
2022-01-07,S002,P0020,Furniture,South,344,150,498,152.69,15,Cloudy,1,137.76,Winter,0,163,639,22903.5,0.436046511627907,3.5559181258730854,True,-1,0.6266889684193399,True,both
2022-01-07,S003,P0014,Groceries,East,821,266,0,101.16,25,Sunny,1,112.75,Winter,0,225,653,26908.559999999998,0.32399512789281365,4.397986963632454,True,-1,0.6664952670872074,True,both
2022-01-07,S003,P0020,Clothing,East,769,169,891,108.81,10,Sunny,1,93.08,Winter,0,259,659,18388.89,0.21976592977893367,2.606715767946657,False,-1,0.6494993696038028,True,isolation_forest_only
2022-01-07,S004,P0014,Furniture,West,121,111,306,199.44,10,Cloudy,1,236.04,Winter,0,164,673,22137.84,0.9173553719008265,3.394937160214934,True,-1,0.6314663652613011,True,both
2022-01-07,S004,P0017,Clothing,West,228,185,152,112.69,10,Cloudy,0,98.09,Winter,0,162,676,20847.649999999998,0.8114035087719298,3.1236731107902656,True,1,0.5832464890484947,False,zscore_only
2022-01-07,S004,P0020,Furniture,West,397,147,0,145.76,10,Cloudy,1,155.54,Winter,0,140,679,21426.719999999998,0.3702770780856423,3.245423297274692,True,1,0.5594723451273135,False,zscore_only
2022-01-08,S002,P0014,Electronics,South,551,170,0,130.84,20,Cloudy,1,124.27,Winter,0,169,733,22242.8,0.308529945553539,3.4170051305352844,True,1,0.5819914194088347,False,zscore_only
2022-01-08,S002,P0015,Clothing,South,733,217,798,75.7,20,Cloudy,1,66.84,Winter,0,188,734,16426.9,0.296043656207367,2.1942049344022148,False,-1,0.6498313246657905,True,isolation_forest_only
2022-01-08,S003,P0007,Groceries,East,791,315,1073,20.56,25,Sunny,1,19.43,Winter,0,279,746,6476.4,0.39823008849557523,0.10209995467042479,False,-1,0.674670724018254,True,isolation_forest_only
2022-01-08,S003,P0020,Clothing,East,600,210,0,120.06,0,Sunny,0,111.2,Winter,0,256,759,25212.600000000002,0.35,4.041409267895967,True,-1,0.6232994431146227,True,both
2022-01-09,S001,P0011,Furniture,North,219,130,179,173.38,10,Sunny,0,158.23,Winter,0,110,810,22539.399999999998,0.593607305936073,3.4793656487995372,True,1,0.6010834716228832,False,zscore_only
2022-01-09,S001,P0020,Furniture,North,507,217,786,131.7,25,Sunny,1,126.45,Winter,0,186,819,28578.899999999998,0.4280078895463511,4.7491780225586595,True,-1,0.6846718825104937,True,both
2022-01-09,S003,P0017,Furniture,East,621,179,756,119.73,25,Sunny,1,127.49,Winter,0,162,856,21431.670000000002,0.2882447665056361,3.246464040920708,True,-1,0.6486573923583606,True,both
2022-01-09,S003,P0020,Clothing,East,390,222,0,98.38,15,Sunny,1,118.52,Winter,0,263,859,21840.36,0.5692307692307692,3.3323916208580564,True,1,0.60311248652977,False,zscore_only
2022-01-09,S004,P0017,Clothing,West,174,174,230,122.29,10,Cloudy,1,137.95,Winter,0,214,876,21278.460000000003,1.0,3.2142514481922317,True,1,0.5955149108102477,False,zscore_only
2022-01-09,S005,P0010,Groceries,North,569,233,518,73.1,10,Sunny,1,88.08,Winter,0,207,889,17032.3,0.4094903339191564,2.3214910360784744,False,-1,0.6157954958503676,True,isolation_forest_only
2022-01-10,S003,P0020,Clothing,East,168,168,979,93.11,25,Cloudy,1,81.4,Winter,0,271,959,15642.48,1.0,2.029279655451286,False,-1,0.6245984921035598,True,isolation_forest_only
2022-01-10,S004,P0009,Clothing,West,460,170,498,135.11,0,Cloudy,0,156.6,Winter,0,146,968,22968.7,0.3695652173913043,3.569626506826658,True,-1,0.6295644530541882,True,both
2022-01-11,S002,P0014,Electronics,South,939,203,919,142.46,25,Sunny,1,129.42,Winter,0,229,1033,28919.38,0.2161874334398296,4.8207643653051635,True,-1,0.7133704594262176,True,both
2022-01-11,S002,P0020,Furniture,South,412,166,375,136.37,20,Sunny,1,130.43,Winter,0,144,1039,22637.420000000002,0.4029126213592233,3.4999744755030515,True,-1,0.6104797754971785,True,both
2022-01-11,S003,P0015,Groceries,East,589,158,786,122.99,10,Sunny,1,110.96,Winter,0,196,1054,19432.42,0.26825127334465193,2.826119246113534,False,-1,0.6346641690694556,True,isolation_forest_only
2022-01-11,S004,P0002,Groceries,West,0,0,372,23.33,10,Cloudy,1,26.55,Winter,0,182,1061,0.0,0.0,-1.2595711865521229,False,-1,0.623360684730799,True,isolation_forest_only
2022-01-11,S004,P0020,Furniture,West,271,146,333,164.09,10,Cloudy,1,161.29,Winter,0,164,1079,23957.14,0.5387453874538746,3.777447244092733,True,-1,0.616569959338144,True,both
2022-01-11,S005,P0006,Groceries,North,817,190,1074,69.88,25,Cloudy,1,60.91,Winter,0,245,1085,13277.199999999999,0.23255813953488372,1.5319765986742389,False,-1,0.6391099821706775,True,isolation_forest_only
2022-01-12,S003,P0011,Electronics,East,162,162,0,177.36,0,Sunny,0,154.17,Winter,0,204,1150,28732.320000000003,1.0,4.781434768047877,True,-1,0.6513909161996316,True,both
2022-01-12,S003,P0016,Electronics,East,250,213,0,120.66,15,Sunny,1,106.0,Winter,0,199,1155,25700.579999999998,0.852,4.144007668781301,True,-1,0.6347805081698928,True,both
2022-01-13,S001,P0003,Clothing,North,655,200,895,57.76,20,Cloudy,1,66.42,Winter,0,189,1202,11552.0,0.3053435114503817,1.1692511566328057,False,-1,0.6234246031758255,True,isolation_forest_only
2022-01-13,S001,P0020,Furniture,North,909,126,0,158.84,0,Cloudy,0,146.62,Winter,0,149,1219,20013.84,0.13861386138613863,2.948363523015766,False,-1,0.6174583160655561,True,isolation_forest_only
2022-01-13,S003,P0016,Electronics,East,449,169,0,122.63,5,Cloudy,0,114.13,Winter,0,162,1255,20724.469999999998,0.37639198218262804,3.097774362847613,True,1,0.5582772089346576,False,zscore_only
2022-01-13,S003,P0020,Clothing,East,710,219,0,106.11,0,Cloudy,0,103.78,Winter,0,202,1259,23238.09,0.3084507042253521,3.6262660888064526,True,-1,0.6258690071280396,True,both
2022-01-13,S004,P0020,Furniture,West,390,154,0,166.05,0,Cloudy,0,145.13,Winter,0,131,1279,25571.7,0.39487179487179486,4.11691048876142,True,1,0.599650144399998,False,zscore_only
2022-01-14,S001,P0011,Furniture,North,135,107,0,190.2,0,Sunny,0,184.61,Winter,0,106,1310,20351.399999999998,0.7925925925925926,3.0193359321367406,True,1,0.5948278764267156,False,zscore_only
2022-01-15,S001,P0011,Furniture,North,216,121,197,178.08,0,Sunny,0,198.55,Winter,0,102,1410,21547.68,0.5601851851851852,3.2708552874609507,True,1,0.6049565455551588,False,zscore_only
2022-01-15,S003,P0016,Electronics,East,232,223,582,118.07,25,Snowy,1,105.18,Winter,0,243,1455,26329.609999999997,0.9612068965517241,4.2762620072970225,True,-1,0.6824771880891887,True,both
2022-01-15,S005,P0014,Furniture,North,212,162,465,228.03,0,Sunny,0,194.94,Winter,0,161,1493,36940.86,0.7641509433962265,6.507290494928694,True,-1,0.6890472600094224,True,both
2022-01-17,S001,P0003,Clothing,North,989,236,0,67.36,10,Sunny,0,72.73,Winter,0,203,1602,15896.96,0.23862487360970677,2.0827843914185387,False,-1,0.610339684045919,True,isolation_forest_only
2022-01-17,S001,P0011,Furniture,North,262,115,432,183.16,20,Sunny,1,207.86,Winter,0,189,1610,21063.399999999998,0.4389312977099237,3.169034816169607,True,-1,0.618604900641859,True,both
2022-01-17,S001,P0014,Groceries,North,577,187,820,95.67,10,Sunny,1,112.68,Winter,0,237,1613,17890.29,0.3240901213171577,2.501884498875327,False,-1,0.6178354308171398,True,isolation_forest_only
2022-01-17,S005,P0007,Groceries,North,266,198,452,101.87,15,Sunny,1,98.86,Winter,0,215,1686,20170.260000000002,0.7443609022556391,2.9812510222298405,False,-1,0.6219988789933162,True,isolation_forest_only
2022-01-17,S005,P0019,Furniture,North,186,168,330,132.35,25,Sunny,1,152.96,Winter,0,149,1698,22234.8,0.9032258064516129,3.4153231206023307,True,-1,0.6189181621725357,True,both
2022-01-18,S001,P0002,Clothing,North,276,260,193,80.79,15,Cloudy,1,85.07,Winter,0,232,1701,21005.4,0.9420289855072463,3.156840244155694,True,-1,0.6302396778443995,True,both
2022-01-18,S001,P0009,Clothing,North,185,173,201,120.89,10,Cloudy,1,128.1,Winter,0,247,1708,20913.97,0.9351351351351351,3.137616973134451,True,1,0.5848881511436934,False,zscore_only
2022-01-18,S002,P0014,Electronics,South,1341,134,0,129.53,10,Snowy,1,116.76,Winter,0,124,1733,17357.02,0.09992542878448919,2.389763819257059,False,-1,0.6314661231219637,True,isolation_forest_only
2022-01-18,S004,P0011,Clothing,West,771,220,731,63.72,25,Snowy,1,75.31,Winter,0,222,1770,14018.4,0.2853437094682231,1.6878148189623856,False,-1,0.6419527624373393,True,isolation_forest_only
2022-01-19,S002,P0011,Groceries,South,519,217,602,117.97,10,Sunny,0,102.44,Winter,0,191,1830,25599.489999999998,0.41811175337186895,4.122753370766016,True,-1,0.6553828175517366,True,both
2022-01-19,S003,P0008,Clothing,East,209,165,0,133.66,10,Snowy,1,123.75,Winter,0,161,1847,22053.899999999998,0.7894736842105263,3.3772886709934182,True,1,0.5888576090593776,False,zscore_only
2022-01-19,S003,P0015,Groceries,East,545,175,787,128.29,0,Snowy,0,122.95,Winter,0,171,1854,22450.75,0.3211009174311927,3.4607268762299954,True,-1,0.6496634636770374,True,both
2022-01-20,S003,P0014,Groceries,East,522,203,616,112.17,10,Cloudy,0,105.98,Winter,0,172,1953,22770.510000000002,0.3888888888888889,3.5279568132501495,True,-1,0.640621112295058,True,both
2022-01-20,S004,P0006,Groceries,West,527,292,474,46.5,20,Sunny,1,55.85,Winter,0,276,1965,13578.0,0.5540796963946869,1.5952201721532926,False,-1,0.6219674783567368,True,isolation_forest_only
2022-01-20,S004,P0009,Clothing,West,246,154,0,136.15,0,Sunny,0,150.93,Winter,0,149,1968,20967.100000000002,0.6260162601626016,3.1487876216016795,True,1,0.5639068142898365,False,zscore_only
2022-01-20,S004,P0013,Groceries,West,290,238,661,27.14,10,Sunny,0,24.73,Winter,0,217,1972,6459.32,0.8206896551724138,0.09850886346356898,False,-1,0.6184935381416983,True,isolation_forest_only
2022-01-21,S001,P0007,Groceries,North,490,248,791,31.14,15,Sunny,1,27.36,Winter,0,219,2006,7722.72,0.5061224489795918,0.36414028212525873,False,-1,0.635777019816982,True,isolation_forest_only
2022-01-21,S002,P0013,Groceries,South,476,247,782,26.96,15,Snowy,1,30.73,Winter,0,228,2032,6659.12,0.5189075630252101,0.14051706153908397,False,-1,0.6335613650911439,True,isolation_forest_only
2022-01-21,S004,P0017,Clothing,West,220,220,236,101.14,25,Sunny,1,121.63,Winter,0,210,2076,22250.8,1.0,3.4186871404682377,True,-1,0.6353458603090972,True,both
2022-01-21,S005,P0019,Furniture,North,171,171,282,141.96,20,Sunny,1,153.11,Winter,0,151,2098,24275.16,1.0,3.84431134395247,True,-1,0.6296502156313546,True,both
2022-01-22,S004,P0017,Clothing,West,236,195,173,116.09,10,Sunny,0,112.72,Winter,0,173,2176,22637.55,0.826271186440678,3.5000018081644617,True,-1,0.614652285492037,True,both
2022-01-22,S005,P0014,Furniture,North,251,118,0,182.05,10,Sunny,0,218.44,Winter,0,136,2193,21481.9,0.4701195219123506,3.2570249607872404,True,1,0.587880736316388,False,zscore_only
2022-01-23,S005,P0007,Groceries,North,360,208,540,106.83,10,Snowy,1,114.52,Winter,0,233,2286,22220.64,0.5777777777777777,3.412345963021003,True,-1,0.6430308307168713,True,both
2022-01-24,S002,P0011,Groceries,South,431,214,588,107.57,15,Cloudy,1,123.58,Winter,0,197,2330,23019.98,0.4965197215777262,3.58040819049689,True,-1,0.6496935752474938,True,both
2022-01-24,S002,P0014,Electronics,South,855,175,0,138.36,10,Cloudy,1,164.22,Winter,0,165,2333,24213.000000000004,0.2046783625730994,3.8312421267734216,True,-1,0.6356926644588095,True,both
2022-01-24,S003,P0011,Electronics,East,230,172,252,131.55,15,Cloudy,1,116.17,Winter,0,152,2350,22626.600000000002,0.7478260869565218,3.497699557068732,True,-1,0.6119673617179519,True,both
2022-01-24,S004,P0014,Furniture,West,122,122,307,173.31,20,Sunny,1,202.32,Winter,0,156,2373,21143.82,1.0,3.1859432210206227,True,-1,0.6207979474102268,True,both
2022-01-24,S004,P0017,Clothing,West,168,164,245,125.14,10,Sunny,1,132.08,Winter,0,223,2376,20522.96,0.9761904761904762,3.05540663514893,True,1,0.5907496684455196,False,zscore_only
2022-01-25,S005,P0001,Groceries,North,7,7,291,13.5,0,Snowy,0,15.44,Winter,0,135,2480,94.5,1.0,-1.2397024442191091,False,-1,0.6132550004319194,True,isolation_forest_only
2022-01-26,S001,P0005,Groceries,North,1510,180,0,73.21,0,Cloudy,0,69.7,Winter,0,150,2504,13177.8,0.11920529801324503,1.511077625257291,False,-1,0.6121509762743266,True,isolation_forest_only
2022-01-26,S004,P0014,Furniture,West,438,140,0,162.48,25,Cloudy,1,140.48,Winter,0,138,2573,22747.199999999997,0.319634703196347,3.523055856808005,True,1,0.5779592357108839,False,zscore_only
2022-01-26,S005,P0007,Groceries,North,495,217,0,111.49,0,Cloudy,0,109.88,Winter,0,186,2586,24193.329999999998,0.4383838383838384,3.8271064848507708,True,-1,0.6189956566222986,True,both
2022-01-28,S005,P0014,Furniture,North,202,115,0,190.28,0,Sunny,0,171.32,Winter,0,100,2793,21882.2,0.5693069306930693,3.3411885328074034,True,1,0.5966369339567292,False,zscore_only
2022-01-29,S002,P0001,Groceries,South,533,211,533,108.65,0,Sunny,0,100.79,Winter,0,181,2820,22925.15,0.39587242026266417,3.5604700652541417,True,-1,0.6448701304586264,True,both
2022-01-29,S003,P0011,Electronics,East,405,166,407,164.54,5,Cloudy,0,143.65,Winter,0,194,2850,27313.64,0.40987654320987654,4.4831555365875575,True,-1,0.6433916156891992,True,both
2022-01-31,S002,P0014,Electronics,South,276,156,0,141.57,0,Sunny,0,164.87,Winter,0,135,3033,22084.92,0.5652173913043478,3.383810664508446,True,1,0.5720150475203344,False,zscore_only
2022-01-31,S003,P0013,Groceries,East,839,149,776,85.82,10,Sunny,0,101.34,Winter,0,192,3052,12787.179999999998,0.17759237187127533,1.4289492852560015,False,-1,0.6118085784620628,True,isolation_forest_only
2022-02-01,S003,P0016,Electronics,East,380,182,357,111.74,25,Snowy,1,95.27,Winter,0,219,3155,20336.68,0.4789473684210526,3.0162410338601067,True,1,0.5847052503937163,False,zscore_only
2022-02-02,S002,P0014,Electronics,South,575,156,544,145.13,0,Sunny,0,173.58,Winter,0,144,3233,22640.28,0.271304347826087,3.500575794054081,True,-1,0.6421658953788475,True,both
2022-02-02,S003,P0011,Electronics,East,426,169,345,131.0,25,Sunny,1,112.27,Winter,0,198,3250,22139.0,0.3967136150234742,3.395181051655212,True,1,0.603024837135223,False,zscore_only
2022-02-02,S004,P0001,Groceries,West,684,187,803,12.65,10,Sunny,1,15.22,Winter,0,179,3260,2365.55,0.2733918128654971,-0.7622113619398386,False,-1,0.6244107461667685,True,isolation_forest_only
2022-02-02,S004,P0009,Clothing,West,163,163,593,134.87,15,Sunny,1,144.84,Winter,0,208,3268,21983.81,1.0,3.36255216146833,True,-1,0.655535420647441,True,both
2022-02-02,S004,P0017,Clothing,West,202,202,218,129.67,10,Sunny,1,145.74,Winter,0,239,3276,26193.339999999997,1.0,4.2476110706015735,True,-1,0.6471359547105269,True,both
2022-02-03,S001,P0009,Clothing,North,216,216,248,112.87,10,Cloudy,1,129.63,Winter,0,217,3308,24379.920000000002,1.0,3.866337264024497,True,-1,0.6405234401981738,True,both
2022-02-03,S002,P0011,Groceries,South,392,205,519,119.84,5,Cloudy,0,114.7,Winter,0,176,3330,24567.2,0.5229591836734694,3.9057131165549395,True,-1,0.6494675053384925,True,both
2022-02-03,S003,P0014,Groceries,East,518,202,563,128.52,5,Cloudy,0,110.29,Winter,0,205,3353,25961.04,0.38996138996138996,4.198769707173436,True,-1,0.658823068811991,True,both
2022-02-03,S004,P0011,Clothing,West,489,227,794,74.73,5,Sunny,0,81.4,Winter,0,191,3370,16963.71,0.46421267893660534,2.3070699034158135,False,-1,0.6322993095777832,True,isolation_forest_only
2022-02-03,S004,P0015,Furniture,West,202,195,577,106.69,25,Sunny,1,105.42,Winter,0,184,3374,20804.55,0.9653465346534653,3.1146112822764787,True,-1,0.6443402298222884,True,both
2022-02-03,S005,P0006,Groceries,North,790,302,937,83.56,15,Cloudy,1,74.78,Winter,0,270,3385,25235.12,0.3822784810126582,4.046144125857231,True,-1,0.7035853014932595,True,both
2022-02-04,S003,P0011,Electronics,East,518,244,0,169.32,5,Sunny,0,149.53,Winter,0,206,3450,41314.08,0.47104247104247104,7.426765429802586,True,-1,0.6753012324489749,True,both
2022-02-05,S002,P0014,Electronics,South,289,150,0,136.08,10,Cloudy,1,164.14,Winter,0,158,3533,20412.000000000004,0.5190311418685121,3.032077157378865,True,1,0.547066412729644,False,zscore_only
2022-02-05,S003,P0008,Clothing,East,386,183,426,145.1,10,Sunny,0,144.91,Winter,0,193,3547,26553.3,0.4740932642487047,4.323293107534821,True,-1,0.6413141690780989,True,both
2022-02-06,S001,P0011,Furniture,North,174,160,266,176.76,20,Sunny,1,176.45,Winter,0,157,3610,28281.6,0.9195402298850575,4.686670328425272,True,-1,0.6635598766775521,True,both
2022-02-06,S005,P0005,Groceries,North,11,11,346,19.79,0,Sunny,0,17.86,Winter,0,144,3684,217.69,1.0,-1.2138015937640407,False,-1,0.6114532640612492,True,isolation_forest_only
2022-02-07,S001,P0011,Furniture,North,14,14,282,140.59,25,Snowy,1,169.91,Winter,0,118,3710,1968.26,1.0,-0.8457420777227281,False,-1,0.6107599758648476,True,isolation_forest_only
2022-02-07,S002,P0001,Groceries,South,546,237,742,115.63,5,Sunny,0,112.4,Winter,0,227,3720,27404.309999999998,0.4340659340659341,4.50221901666517,True,-1,0.6787233784915239,True,both
2022-02-07,S002,P0011,Groceries,South,420,225,0,114.59,20,Sunny,1,109.81,Winter,0,228,3730,25782.75,0.5357142857142857,4.16128401330515,True,-1,0.6310339634647975,True,both
2022-02-08,S001,P0011,Furniture,North,266,140,0,163.44,15,Snowy,1,181.95,Winter,0,126,3810,22881.6,0.5263157894736842,3.551313623681625,True,1,0.5828535864920945,False,zscore_only
2022-02-08,S003,P0011,Electronics,East,206,206,0,144.6,15,Snowy,1,128.1,Winter,0,187,3850,29787.6,1.0,5.003308698303778,True,-1,0.6625800528523559,True,both
2022-02-08,S004,P0009,Clothing,West,565,133,618,159.58,0,Sunny,0,182.83,Winter,0,210,3868,21224.140000000003,0.23539823008849559,3.202830600747477,True,-1,0.6368351927214946,True,both
2022-02-09,S001,P0003,Clothing,North,327,316,1035,71.89,25,Sunny,1,71.52,Winter,0,292,3902,22717.24,0.9663608562691132,3.516756729609096,True,-1,0.7069849727476601,True,both
2022-02-09,S002,P0016,Clothing,South,369,199,336,108.63,10,Sunny,1,104.82,Winter,0,184,3935,21617.37,0.5392953929539296,3.285507696489392,True,-1,0.6172316116281422,True,both
2022-02-09,S003,P0011,Electronics,East,370,183,258,134.7,15,Cloudy,1,121.74,Winter,0,160,3950,24650.1,0.4945945945945946,3.9231429444851695,True,-1,0.6173183058607944,True,both
2022-02-09,S003,P0015,Groceries,East,717,172,820,115.73,10,Cloudy,0,107.0,Winter,0,172,3954,19905.56,0.2398884239888424,2.92559751857324,False,-1,0.6460094154444782,True,isolation_forest_only
2022-02-09,S004,P0009,Clothing,West,432,186,0,140.93,10,Sunny,0,149.18,Winter,0,202,3968,26212.98,0.4305555555555556,4.251740404986976,True,1,0.6089112152256605,False,zscore_only
2022-02-09,S004,P0011,Clothing,West,1471,255,0,82.7,20,Sunny,1,95.39,Winter,0,315,3970,21088.5,0.1733514615907546,3.174312122334249,True,-1,0.6752595014929041,True,both
2022-02-09,S005,P0014,Furniture,North,469,121,0,174.75,10,Sunny,1,162.96,Winter,0,106,3993,21144.75,0.2579957356076759,3.1861387546753286,True,1,0.5834645643019742,False,zscore_only
2022-02-10,S001,P0002,Clothing,North,338,279,308,95.32,15,Sunny,1,92.76,Winter,0,285,4001,26594.28,0.8254437869822485,4.331909203416374,True,-1,0.6676713090998079,True,both
2022-02-10,S001,P0005,Groceries,North,440,217,649,73.43,5,Sunny,0,86.04,Winter,0,190,4004,15934.310000000001,0.49318181818181817,2.090637275293016,False,-1,0.6114679088349844,True,isolation_forest_only
2022-02-10,S002,P0011,Groceries,South,431,187,543,118.72,5,Cloudy,0,103.88,Winter,0,173,4030,22200.64,0.43387470997679817,3.408140938188619,True,-1,0.6276208062400731,True,both
2022-02-10,S003,P0014,Groceries,East,892,182,0,117.78,0,Snowy,0,136.21,Winter,0,170,4053,21435.96,0.2040358744394619,3.247366018747254,True,-1,0.6155642159239764,True,both
2022-02-10,S003,P0020,Clothing,East,466,217,789,96.17,10,Snowy,1,89.89,Winter,0,205,4059,20868.89,0.4656652360515021,3.1281388471622575,True,-1,0.644948791069849,True,both
2022-02-10,S005,P0006,Groceries,North,758,202,572,70.52,10,Sunny,1,62.14,Winter,0,174,4085,14245.039999999999,0.26649076517150394,1.7354661603629595,False,-1,0.6132940886775395,True,isolation_forest_only
2022-02-10,S005,P0014,Furniture,North,348,109,314,186.51,0,Sunny,0,185.78,Winter,0,94,4093,20329.59,0.3132183908045977,3.0147503525570265,True,1,0.6028769004367749,False,zscore_only
2022-02-11,S001,P0011,Furniture,North,213,106,0,215.84,0,Sunny,0,261.22,Winter,0,167,4110,22879.04,0.49765258215962443,3.5507753805030804,True,1,0.59751694197858,False,zscore_only
2022-02-11,S003,P0011,Electronics,East,382,122,319,169.32,0,Sunny,0,163.2,Winter,0,185,4150,20657.04,0.3193717277486911,3.083597121625232,True,1,0.5922558740602223,False,zscore_only
2022-02-11,S003,P0017,Furniture,East,103,103,606,152.44,10,Sunny,1,148.18,Winter,0,165,4156,15701.32,1.0,2.0416508385081595,False,-1,0.6122570966229663,True,isolation_forest_only
2022-02-12,S001,P0011,Furniture,North,407,160,0,197.09,5,Sunny,0,175.66,Winter,0,135,4210,31534.4,0.3931203931203931,5.370575567164187,True,-1,0.6405045824054045,True,both
2022-02-12,S003,P0007,Groceries,East,992,189,1078,19.25,25,Cloudy,1,17.55,Winter,0,248,4246,3638.25,0.1905241935483871,-0.4946246067310905,False,-1,0.6523477500212261,True,isolation_forest_only
2022-02-12,S004,P0009,Clothing,West,679,164,708,131.78,20,Snowy,1,145.72,Winter,0,223,4268,21611.920000000002,0.24153166421207659,3.284361827222568,True,-1,0.6573358508176594,True,both
2022-02-12,S005,P0007,Groceries,North,298,211,612,107.4,20,Sunny,1,118.17,Winter,0,290,4286,22661.4,0.7080536912751678,3.505016300277079,True,-1,0.6553528483619094,True,both
2022-02-13,S003,P0005,Toys,East,803,210,653,23.4,25,Cloudy,1,22.47,Winter,0,187,4344,4914.0,0.261519302615193,-0.22639658523540376,False,-1,0.620249037116238,True,isolation_forest_only
2022-02-13,S003,P0015,Groceries,East,1012,246,0,109.56,20,Cloudy,1,130.9,Winter,0,218,4354,26951.760000000002,0.24308300395256918,4.407069817270404,True,-1,0.6743141717095764,True,both
2022-02-13,S005,P0015,Groceries,North,0,0,403,53.02,25,Snowy,1,57.53,Winter,0,222,4394,0.0,0.0,-1.2595711865521229,False,-1,0.6179274424068183,True,isolation_forest_only
2022-02-14,S003,P0002,Groceries,East,534,272,780,72.45,15,Sunny,1,72.07,Winter,0,231,4441,19706.4,0.5093632958801498,2.883723881292361,False,-1,0.6664896210954978,True,isolation_forest_only
2022-02-14,S003,P0011,Electronics,East,401,174,0,142.64,10,Sunny,1,126.51,Winter,0,160,4450,24819.359999999997,0.4339152119700748,3.9587300696416348,True,1,0.5917163413304862,False,zscore_only
2022-02-14,S003,P0016,Electronics,East,495,216,553,125.17,20,Sunny,1,143.77,Winter,0,263,4455,27036.72,0.43636363636363634,4.42493276275837,True,-1,0.6660109233120792,True,both
2022-02-14,S004,P0001,Groceries,West,8,8,505,12.03,5,Cloudy,0,12.76,Winter,0,141,4460,96.24,1.0,-1.2393366070586918,False,-1,0.6378393610427051,True,isolation_forest_only
2022-02-14,S004,P0014,Furniture,West,146,146,309,183.92,15,Cloudy,1,175.94,Winter,0,138,4473,26852.32,1.0,4.386162433803791,True,-1,0.6594839155903958,True,both
2022-02-14,S005,P0007,Groceries,North,613,219,0,92.84,25,Snowy,1,83.24,Winter,0,229,4486,20331.96,0.3572593800978793,3.015248647999664,True,1,0.588509308150479,False,zscore_only
2022-02-15,S001,P0003,Clothing,North,1248,210,0,67.5,10,Snowy,1,66.6,Winter,0,184,4502,14175.0,0.16826923076923078,1.7207401633999515,False,-1,0.6159361804909077,True,isolation_forest_only
2022-02-15,S001,P0012,Groceries,North,269,215,346,94.99,10,Snowy,1,114.42,Winter,0,181,4511,20422.85,0.7992565055762082,3.034358383350432,True,-1,0.6180705206566759,True,both
2022-02-15,S003,P0008,Clothing,East,206,164,273,135.6,5,Cloudy,0,123.34,Winter,0,147,4547,22238.399999999998,0.7961165048543689,3.4160800250721595,True,-1,0.6099131627095508,True,both
2022-02-15,S004,P0009,Clothing,West,1043,153,0,124.01,5,Snowy,0,147.76,Winter,0,135,4568,18973.530000000002,0.14669223394055608,2.729637053846903,False,-1,0.6099096430525882,True,isolation_forest_only
2022-02-16,S001,P0011,Furniture,North,204,153,309,217.33,0,Sunny,0,197.84,Winter,0,151,4610,33251.490000000005,0.75,5.73159587163609,True,-1,0.6733134022273474,True,both
2022-02-16,S003,P0011,Electronics,East,143,143,271,148.69,0,Snowy,0,177.8,Winter,0,156,4650,21262.67,1.0,3.210931581087064,True,1,0.602282380603388,False,zscore_only
2022-02-16,S003,P0016,Electronics,East,803,196,0,121.81,10,Snowy,1,136.27,Winter,0,200,4655,23874.760000000002,0.24408468244084683,3.7601267468081443,True,-1,0.6378265237317797,True,both
2022-02-16,S004,P0014,Furniture,West,359,124,0,185.4,0,Cloudy,0,206.38,Winter,0,104,4673,22989.600000000002,0.34540389972144847,3.5740207577764993,True,1,0.6004852701817692,False,zscore_only
2022-02-17,S002,P0020,Furniture,South,321,145,353,145.74,10,Sunny,1,132.58,Winter,0,127,4739,21132.300000000003,0.4517133956386293,3.1835211267171704,True,1,0.5897532935080969,False,zscore_only
2022-02-17,S004,P0014,Furniture,West,235,120,173,176.19,5,Sunny,0,204.37,Winter,0,104,4773,21142.8,0.5106382978723404,3.185728764754171,True,1,0.5914616094869152,False,zscore_only
2022-02-17,S004,P0020,Furniture,West,217,137,312,154.54,10,Sunny,1,151.84,Winter,0,143,4779,21171.98,0.631336405529954,3.191863895984619,True,1,0.5952476024968972,False,zscore_only
2022-02-18,S003,P0011,Electronics,East,375,156,0,137.45,5,Sunny,0,148.07,Winter,0,146,4850,21442.199999999997,0.416,3.248677986494957,True,1,0.5623685639373324,False,zscore_only
2022-02-18,S004,P0009,Clothing,West,644,178,0,131.46,5,Sunny,0,143.07,Winter,0,155,4868,23399.88,0.27639751552795033,3.660282637188022,True,1,0.6036893746404676,False,zscore_only
2022-02-18,S004,P0017,Clothing,West,231,213,178,99.72,20,Sunny,1,116.27,Winter,0,179,4876,21240.36,0.922077922077922,3.20624087588654,True,-1,0.6113888650018455,True,both
2022-02-18,S005,P0013,Groceries,North,552,184,672,102.75,0,Sunny,0,101.15,Winter,0,192,4892,18906.0,0.3333333333333333,2.715438787500358,False,-1,0.6148155080416317,True,isolation_forest_only
2022-02-18,S005,P0014,Furniture,North,341,127,440,170.83,20,Sunny,1,145.54,Winter,0,137,4893,21695.41,0.3724340175953079,3.301915703385354,True,-1,0.6160046002493945,True,both
2022-02-20,S001,P0003,Clothing,North,630,220,763,66.23,10,Sunny,1,73.46,Winter,0,196,5002,14570.6,0.3492063492063492,1.8039155545845047,False,-1,0.6284696375015132,True,isolation_forest_only
2022-02-20,S001,P0007,Groceries,North,633,208,722,30.63,5,Sunny,0,35.6,Winter,0,188,5006,6371.04,0.3285939968404423,0.07994788385342659,False,-1,0.6152592285422283,True,isolation_forest_only
2022-02-20,S001,P0011,Furniture,North,144,113,0,187.68,5,Sunny,0,181.54,Winter,0,118,5010,21207.84,0.7847222222222222,3.1994035055090837,True,1,0.6026460647319769,False,zscore_only
2022-02-21,S003,P0008,Clothing,East,225,202,288,122.65,20,Sunny,1,111.8,Winter,0,173,5147,24775.300000000003,0.8977777777777778,3.9494663999358934,True,-1,0.6432504738175676,True,both
2022-02-21,S003,P0013,Groceries,East,220,220,883,93.49,15,Sunny,1,81.66,Winter,0,230,5152,20567.8,1.0,3.0648343008231347,True,-1,0.6781462063803122,True,both
2022-02-22,S001,P0005,Groceries,North,714,189,767,57.15,25,Sunny,1,68.35,Winter,0,184,5204,10801.35,0.2647058823529412,1.0114260621113578,False,-1,0.6113603641723339,True,isolation_forest_only
2022-02-22,S002,P0019,Clothing,South,165,165,675,111.07,0,Snowy,0,107.24,Winter,0,157,5238,18326.55,1.0,2.593608705544116,False,-1,0.6306447812704923,True,isolation_forest_only
2022-02-22,S003,P0016,Electronics,East,225,225,524,121.1,25,Sunny,1,116.59,Winter,0,254,5255,27247.5,1.0,4.469249519466864,True,-1,0.6874985353106285,True,both
2022-02-23,S001,P0004,Electronics,North,209,209,448,131.69,15,Sunny,1,115.33,Winter,0,203,5303,27523.21,1.0,4.527217889293692,True,-1,0.6745247775209346,True,both
2022-02-23,S001,P0005,Groceries,North,525,277,0,76.44,15,Sunny,1,66.42,Winter,0,232,5304,21173.88,0.5276190476190477,3.192263373343696,True,-1,0.6322209979735975,True,both
2022-02-23,S005,P0014,Furniture,North,342,116,518,179.61,20,Sunny,1,171.08,Winter,0,155,5393,20834.760000000002,0.3391812865497076,3.120962972285795,True,-1,0.6296374222136663,True,both
2022-02-24,S002,P0016,Clothing,South,459,181,0,113.69,0,Snowy,0,134.8,Winter,0,180,5435,20577.89,0.39433551198257083,3.066955735851072,True,1,0.5522103752824303,False,zscore_only
2022-02-24,S003,P0020,Clothing,East,349,234,0,88.27,20,Snowy,1,79.01,Winter,0,218,5459,20655.18,0.670487106017192,3.08320605431582,True,1,0.6046041941286155,False,zscore_only
2022-02-24,S004,P0011,Clothing,West,37,37,664,69.61,10,Cloudy,1,80.29,Winter,0,184,5470,2575.57,1.0,-0.7180543961749755,False,-1,0.6100480286827619,True,isolation_forest_only
2022-02-24,S005,P0019,Furniture,North,290,135,0,159.41,5,Snowy,0,148.99,Winter,0,114,5498,21520.35,0.46551724137931033,3.2651091210274976,True,1,0.5686190251413976,False,zscore_only
2022-02-26,S001,P0009,Clothing,North,185,185,181,113.47,5,Cloudy,0,97.29,Winter,0,177,5608,20991.95,1.0,3.154012364955916,True,1,0.5884923969045057,False,zscore_only
2022-02-26,S001,P0011,Furniture,North,359,128,0,185.14,5,Cloudy,0,176.18,Winter,0,114,5610,23697.92,0.3565459610027855,3.7229459172402053,True,1,0.6036269585907025,False,zscore_only
2022-02-27,S003,P0016,Electronics,East,330,214,336,106.26,20,Snowy,1,121.21,Winter,0,193,5755,22739.64,0.6484848484848484,3.5214663574213643,True,-1,0.6359281457165312,True,both
2022-02-27,S005,P0012,Furniture,North,460,135,621,156.26,10,Sunny,1,155.77,Winter,0,151,5791,21095.1,0.29347826086956524,3.175699780528935,True,-1,0.6277307838861407,True,both
2022-03-01,S002,P0005,Electronics,South,541,204,632,110.29,15,Sunny,1,106.67,Spring,0,195,5924,22499.16,0.37707948243992606,3.4709051388367813,True,-1,0.6412745568413294,True,both
2022-03-01,S004,P0018,Furniture,West,123,123,171,181.26,15,Sunny,1,194.8,Spring,0,164,5977,22294.98,1.0,3.427976040322974,True,-1,0.61534820748157,True,both
2022-03-01,S005,P0014,Furniture,North,395,124,450,187.7,15,Sunny,1,170.58,Spring,0,149,5993,23274.8,0.3139240506329114,3.633984411886293,True,-1,0.6405993380565256,True,both
2022-03-02,S003,P0020,Clothing,East,385,223,936,81.61,25,Cloudy,1,70.24,Spring,0,213,6059,18199.03,0.5792207792207792,2.566797467212836,False,-1,0.647113686727897,True,isolation_forest_only
2022-03-02,S004,P0018,Furniture,West,171,136,93,176.0,10,Cloudy,0,175.59,Spring,0,116,6077,23936.0,0.7953216374269005,3.7730025328449033,True,-1,0.6162026432265639,True,both
2022-03-02,S005,P0009,Groceries,North,519,194,607,121.56,10,Cloudy,1,134.49,Spring,0,222,6088,23582.64,0.3737957610789981,3.698708154106345,True,-1,0.6444910403329109,True,both
2022-03-03,S001,P0011,Furniture,North,187,117,217,182.68,5,Sunny,0,170.38,Spring,0,110,6110,21373.56,0.6256684491978609,3.2342463412702167,True,1,0.6067143424867799,False,zscore_only
2022-03-03,S002,P0014,Electronics,South,616,193,711,139.41,15,Sunny,1,125.82,Spring,0,170,6133,26906.13,0.3133116883116883,4.397476053115321,True,-1,0.6784177879579354,True,both
2022-03-04,S003,P0011,Electronics,East,148,148,389,152.51,10,Sunny,1,145.62,Spring,0,186,6250,22571.48,1.0,3.4861105086306816,True,-1,0.6311690190180799,True,both
2022-03-04,S003,P0013,Groceries,East,423,243,1081,87.78,20,Sunny,1,80.36,Spring,0,228,6252,21330.54,0.574468085106383,3.2252013328557587,True,-1,0.6743194738698969,True,both
2022-03-04,S004,P0001,Groceries,West,619,242,781,13.55,15,Sunny,1,13.45,Spring,0,208,6260,3279.1000000000004,0.39095315024232635,-0.5701363401586239,False,-1,0.643050658875271,True,isolation_forest_only
2022-03-04,S005,P0006,Groceries,North,1108,261,0,76.65,15,Cloudy,1,65.27,Spring,0,231,6285,20005.65,0.2355595667870036,2.946641565346905,False,-1,0.6536409358615569,True,isolation_forest_only
2022-03-04,S005,P0012,Furniture,North,702,186,746,150.12,10,Cloudy,1,179.83,Spring,0,155,6291,27922.32,0.26495726495726496,4.611131262336329,True,-1,0.690224875719017,True,both
2022-03-04,S005,P0013,Groceries,North,450,218,816,88.61,25,Cloudy,1,83.34,Spring,0,252,6292,19316.98,0.48444444444444446,2.8018478427810143,False,-1,0.6384677055541845,True,isolation_forest_only
2022-03-05,S002,P0003,Groceries,South,220,183,634,97.46,10,Sunny,0,105.86,Spring,0,200,6322,17835.18,0.8318181818181818,2.4902975529496927,False,-1,0.6153066492292105,True,isolation_forest_only
2022-03-05,S002,P0005,Electronics,South,743,184,713,97.63,15,Sunny,1,106.49,Spring,0,167,6324,17963.92,0.24764468371467024,2.5173652977957475,False,-1,0.6306349684699595,True,isolation_forest_only
2022-03-05,S002,P0011,Groceries,South,254,160,671,118.58,20,Sunny,1,110.29,Spring,0,243,6330,18972.8,0.6299212598425197,2.7294835704405203,False,-1,0.6139450226130747,True,isolation_forest_only
2022-03-05,S003,P0011,Electronics,East,247,159,0,127.79,10,Cloudy,1,137.89,Spring,0,140,6350,20318.61,0.6437246963562753,3.0124417939240478,True,1,0.557099800357791,False,zscore_only
2022-03-05,S005,P0001,Groceries,North,259,233,524,14.17,20,Sunny,1,13.48,Spring,0,219,6380,3301.61,0.8996138996138996,-0.5654035847097759,False,-1,0.6169414019608302,True,isolation_forest_only
2022-03-05,S005,P0006,Groceries,North,847,240,806,79.51,10,Sunny,0,73.08,Spring,0,222,6385,19082.4,0.2833530106257379,2.7525271065219843,False,-1,0.6753814683682455,True,isolation_forest_only
2022-03-05,S005,P0009,Groceries,North,817,205,0,118.68,5,Sunny,0,137.78,Spring,0,190,6388,24329.4,0.25091799265605874,3.8557153712978947,True,-1,0.6380271417864244,True,both
2022-03-06,S004,P0003,Furniture,West,152,130,0,165.55,0,Sunny,0,196.62,Spring,0,126,6462,21521.5,0.8552631578947368,3.2653509099553597,True,1,0.5870653292893591,False,zscore_only
2022-03-07,S002,P0019,Clothing,South,598,192,870,100.69,20,Cloudy,1,88.07,Spring,0,205,6538,19332.48,0.3210702341137124,2.805106737026112,False,-1,0.6400180971186247,True,isolation_forest_only
2022-03-07,S003,P0011,Electronics,East,343,213,388,129.21,25,Rainy,1,127.57,Spring,0,192,6550,27521.730000000003,0.6209912536443148,4.526906717456097,True,-1,0.6536533966788558,True,both
2022-03-07,S003,P0014,Groceries,East,303,199,556,116.75,5,Rainy,0,101.29,Spring,0,167,6553,23233.25,0.6567656765676567,3.625248472797015,True,-1,0.6451031073803701,True,both
2022-03-08,S004,P0010,Groceries,West,746,197,720,31.12,10,Sunny,0,27.5,Spring,0,178,6669,6130.64,0.2640750670241287,0.029403485368172437,False,-1,0.6197907864139522,True,isolation_forest_only
2022-03-09,S002,P0001,Groceries,South,406,253,750,95.33,20,Sunny,1,91.55,Spring,0,218,6720,24118.489999999998,0.6231527093596059,3.8113712819279897,True,-1,0.6747658362160985,True,both
2022-03-09,S002,P0013,Groceries,South,337,233,652,25.05,20,Sunny,1,28.36,Spring,0,222,6732,5836.650000000001,0.6913946587537092,-0.03240827715545435,False,-1,0.6144101143759152,True,isolation_forest_only
2022-03-09,S003,P0013,Groceries,East,1015,280,864,96.36,15,Sunny,1,94.66,Spring,0,243,6752,26980.8,0.27586206896551724,4.413175513327026,True,-1,0.717305497138059,True,both
2022-03-09,S004,P0001,Groceries,West,745,168,975,14.82,10,Sunny,1,12.64,Spring,0,222,6760,2489.76,0.22550335570469798,-0.7360960552183184,False,-1,0.6142092418132844,True,isolation_forest_only
2022-03-12,S002,P0013,Groceries,South,652,256,614,25.99,20,Sunny,1,25.65,Spring,0,216,7032,6653.44,0.39263803680981596,0.1393228344866869,False,-1,0.6166050853399038,True,isolation_forest_only
2022-03-12,S003,P0004,Groceries,East,190,190,695,23.9,25,Cloudy,1,28.86,Spring,0,213,7043,4541.0,1.0,-0.30482029835936314,False,-1,0.6166923549987388,True,isolation_forest_only
2022-03-12,S003,P0007,Groceries,East,812,177,1253,23.8,10,Cloudy,1,25.26,Spring,0,287,7046,4212.6,0.21798029556650247,-0.3738668061071063,False,-1,0.6245401044184116,True,isolation_forest_only
2022-03-12,S004,P0007,Groceries,West,690,206,640,30.34,20,Cloudy,1,25.97,Spring,0,175,7066,6250.04,0.2985507246376812,0.05450748361750412,False,-1,0.6100583916571491,True,isolation_forest_only
2022-03-12,S005,P0006,Groceries,North,664,234,1005,89.94,5,Sunny,0,88.39,Spring,0,253,7085,21045.96,0.35240963855421686,3.1653680345157684,True,-1,0.6682007527994489,True,both
2022-03-14,S005,P0014,Furniture,North,285,125,303,189.72,0,Cloudy,0,216.41,Spring,0,115,7293,23715.0,0.43859649122807015,3.7265370084470617,True,-1,0.6307143344951286,True,both
2022-03-15,S002,P0001,Groceries,South,253,253,574,105.58,10,Sunny,1,114.07,Spring,0,233,7320,26711.739999999998,1.0,4.3566053142569645,True,-1,0.6912648803074471,True,both
2022-03-15,S002,P0010,Groceries,South,196,193,150,106.68,10,Sunny,0,95.89,Spring,0,179,7329,20589.24,0.9846938775510204,3.0693420874434505,True,1,0.5912153990977786,False,zscore_only
2022-03-15,S002,P0011,Groceries,South,385,190,634,126.92,0,Sunny,0,150.73,Spring,0,199,7330,24114.8,0.4935064935064935,3.810595454846416,True,-1,0.6484739488793665,True,both
2022-03-15,S002,P0014,Electronics,South,246,148,823,146.67,15,Sunny,1,145.53,Spring,0,189,7333,21707.16,0.6016260162601627,3.3043861554743796,True,-1,0.6433552349607979,True,both
2022-03-15,S003,P0014,Groceries,East,634,216,697,125.04,10,Sunny,1,121.91,Spring,0,216,7353,27008.640000000003,0.34069400630914826,4.419028907893705,True,-1,0.6790025995079715,True,both
2022-03-16,S002,P0004,Groceries,South,260,237,799,63.48,10,Sunny,1,62.2,Spring,0,276,7423,15044.759999999998,0.9115384615384615,1.9036082833106613,False,-1,0.6455560618376455,True,isolation_forest_only
2022-03-17,S003,P0015,Groceries,East,583,183,511,110.07,10,Sunny,1,95.12,Spring,0,154,7554,20142.809999999998,0.313893653516295,2.975479625647393,False,-1,0.6153544172069131,True,isolation_forest_only
2022-03-18,S002,P0013,Groceries,South,390,356,1032,33.88,10,Sunny,1,36.7,Spring,0,309,7632,12061.28,0.9128205128205128,1.2763279089646289,False,-1,0.6738776481045069,True,isolation_forest_only
2022-03-20,S001,P0003,Clothing,North,532,215,889,60.67,20,Sunny,1,64.38,Spring,0,209,7802,13044.050000000001,0.4041353383458647,1.4829565216907243,False,-1,0.6194063081654492,True,isolation_forest_only
2022-03-20,S003,P0002,Groceries,East,249,249,808,80.18,10,Sunny,1,91.07,Spring,0,275,7841,19964.820000000003,1.0,2.9380570071515937,False,-1,0.6729585446337834,True,isolation_forest_only
2022-03-20,S004,P0018,Furniture,West,115,113,127,183.65,5,Rainy,0,182.87,Spring,0,113,7877,20752.45,0.9826086956521739,3.103657192588119,True,1,0.5957917373517082,False,zscore_only
2022-03-20,S005,P0007,Groceries,North,389,340,573,122.03,15,Sunny,1,134.62,Spring,0,324,7886,41490.2,0.8740359897172236,7.463794878476557,True,-1,0.7119527193554304,True,both
2022-03-20,S005,P0009,Groceries,North,474,202,488,115.92,5,Sunny,0,127.27,Spring,0,180,7888,23415.84,0.42616033755274263,3.6636382470042643,True,-1,0.6376986804301262,True,both
2022-03-21,S003,P0003,Electronics,East,212,212,281,103.77,25,Sunny,1,112.5,Spring,0,259,7942,21999.239999999998,1.0,3.365796338126513,True,-1,0.6335000927950983,True,both
2022-03-21,S003,P0014,Groceries,East,443,166,561,126.5,0,Sunny,0,136.75,Spring,0,198,7953,20999.0,0.3747178329571106,3.155494636209331,True,-1,0.6125001978690935,True,both
2022-03-22,S002,P0001,Groceries,South,368,287,695,96.38,25,Cloudy,1,93.33,Spring,0,251,8020,27661.059999999998,0.779891304347826,4.556201022950898,True,-1,0.6965342623138583,True,both
2022-03-22,S002,P0014,Electronics,South,954,188,0,129.98,15,Cloudy,1,137.69,Spring,0,163,8033,24436.239999999998,0.1970649895178197,3.8781786139524885,True,-1,0.6409411680549543,True,both
2022-03-22,S004,P0018,Furniture,West,132,132,115,170.81,15,Rainy,1,170.07,Spring,0,125,8077,22546.920000000002,1.0,3.4809467381365145,True,1,0.6015784548643514,False,zscore_only
2022-03-23,S001,P0006,Toys,North,552,238,669,55.93,15,Sunny,1,54.51,Spring,0,251,8105,13311.34,0.4311594202898551,1.5391545760631185,False,-1,0.6159811527315566,True,isolation_forest_only
2022-03-23,S001,P0010,Furniture,North,133,133,469,152.16,10,Sunny,1,141.11,Spring,0,145,8109,20237.28,1.0,2.9953420604431584,False,-1,0.6279587766615761,True,isolation_forest_only
2022-03-23,S003,P0017,Furniture,East,415,162,701,122.24,25,Sunny,1,114.77,Spring,0,151,8156,19802.879999999997,0.39036144578313253,2.90400892108378,False,-1,0.613669172475128,True,isolation_forest_only
2022-03-23,S003,P0018,Furniture,East,334,180,701,164.5,10,Sunny,1,144.6,Spring,0,155,8157,29610.0,0.5389221556886228,4.96596807779221,True,-1,0.6770234672293631,True,both
2022-03-24,S003,P0018,Furniture,East,154,142,0,162.07,0,Sunny,0,185.78,Spring,0,131,8257,23013.94,0.922077922077922,3.57913827299751,True,1,0.6089380658089104,False,zscore_only
2022-03-24,S004,P0001,Groceries,West,0,0,635,13.59,5,Sunny,0,11.99,Spring,0,166,8260,0.0,0.0,-1.2595711865521229,False,-1,0.6561994488771327,True,isolation_forest_only
2022-03-24,S004,P0014,Furniture,West,233,110,186,188.72,0,Sunny,0,165.12,Spring,0,94,8273,20759.2,0.4721030042918455,3.1050763884690484,True,1,0.5889702551115069,False,zscore_only
2022-03-24,S005,P0011,Electronics,North,694,202,748,105.61,0,Sunny,0,120.81,Spring,0,189,8290,21333.22,0.2910662824207493,3.225764806183298,True,-1,0.6576363196846394,True,both
2022-03-25,S001,P0010,Furniture,North,440,177,0,129.3,25,Cloudy,1,117.33,Spring,0,152,8309,22886.100000000002,0.4022727272727273,3.552259754268913,True,1,0.5815956263783592,False,zscore_only
2022-03-25,S003,P0011,Electronics,East,336,139,281,148.61,5,Cloudy,0,145.28,Spring,0,156,8350,20656.79,0.41369047619047616,3.0835445588148267,True,1,0.5724795322120515,False,zscore_only
2022-03-26,S002,P0017,Toys,South,540,234,798,28.61,10,Cloudy,1,25.81,Spring,0,227,8436,6694.74,0.43333333333333335,0.14800621076555964,False,-1,0.62927490467077,True,isolation_forest_only
2022-03-26,S003,P0020,Clothing,East,786,196,815,77.9,25,Sunny,1,87.27,Spring,0,215,8459,15268.400000000001,0.24936386768447838,1.9506288709863784,False,-1,0.6400494627946262,True,isolation_forest_only
2022-03-26,S004,P0010,Groceries,West,840,160,1031,31.77,20,Sunny,1,34.88,Spring,0,258,8469,5083.2,0.19047619047619047,-0.1908220751534362,False,-1,0.6200453476504937,True,isolation_forest_only
2022-03-26,S004,P0020,Furniture,West,265,153,236,154.87,10,Sunny,1,150.0,Spring,0,143,8479,23695.11,0.5773584905660377,3.722355111251256,True,-1,0.6116694184983382,True,both
2022-03-26,S005,P0009,Groceries,North,259,216,0,113.0,10,Cloudy,1,128.58,Spring,0,192,8488,24408.0,0.833976833976834,3.872241118889163,True,-1,0.6275376625032215,True,both
2022-03-26,S005,P0010,Groceries,North,911,266,0,77.9,15,Cloudy,1,67.16,Spring,0,236,8489,20721.4,0.29198682766191,3.097128891535843,True,-1,0.6464407332971486,True,both
2022-03-27,S001,P0011,Furniture,North,229,156,236,163.92,20,Sunny,1,158.97,Spring,0,130,8510,25571.519999999997,0.6812227074235808,4.116872643537927,True,-1,0.6245376989980503,True,both
2022-03-27,S002,P0001,Groceries,South,415,187,655,104.23,0,Sunny,0,119.68,Spring,0,185,8520,19491.010000000002,0.4506024096385542,2.838437866360003,False,-1,0.6111500912584104,True,isolation_forest_only
2022-03-27,S002,P0011,Groceries,South,213,178,654,100.46,25,Sunny,1,118.24,Spring,0,221,8530,17881.879999999997,0.8356807511737089,2.500116285933309,False,-1,0.6149857147376099,True,isolation_forest_only
2022-03-28,S002,P0020,Furniture,South,214,137,403,148.45,10,Rainy,1,144.55,Spring,0,133,8639,20337.649999999998,0.6401869158878505,3.016444977564477,True,1,0.5957804493478785,False,zscore_only
2022-03-29,S005,P0009,Groceries,North,336,180,0,121.81,5,Sunny,0,119.65,Spring,0,180,8788,21925.8,0.5357142857142857,3.350355486942,True,1,0.5818668671192898,False,zscore_only
2022-03-31,S002,P0003,Groceries,South,359,213,609,103.4,0,Cloudy,0,110.86,Spring,0,182,8922,22024.2,0.5933147632311978,3.3710442091173287,True,-1,0.6410704041646678,True,both
2022-04-01,S001,P0004,Electronics,North,310,154,465,141.08,10,Cloudy,1,125.06,Spring,0,208,9003,21726.320000000003,0.4967741935483871,3.308414569263804,True,-1,0.612765301853313,True,both
2022-04-01,S001,P0014,Groceries,North,466,217,835,96.93,10,Cloudy,1,106.78,Spring,0,243,9013,21033.81,0.4656652360515021,3.1628134819300957,True,-1,0.6486960353701303,True,both
2022-04-01,S002,P0010,Groceries,South,176,176,300,127.82,15,Sunny,1,116.69,Spring,0,282,9029,22496.32,1.0,3.4703080253105822,True,-1,0.6201721260102923,True,both
2022-04-02,S003,P0018,Furniture,East,573,175,575,134.77,25,Sunny,1,134.59,Spring,0,149,9157,23584.75,0.3054101221640489,3.6991517842261614,True,-1,0.6463950112589635,True,both
2022-04-02,S004,P0009,Clothing,West,236,168,544,125.55,10,Rainy,1,142.73,Spring,0,158,9168,21092.399999999998,0.711864406779661,3.1751321021765633,True,-1,0.6257579559863132,True,both
2022-04-03,S002,P0003,Groceries,South,609,225,558,80.05,25,Sunny,1,95.91,Spring,0,194,9222,18011.25,0.3694581280788177,2.5273164890615845,False,-1,0.6229102917920157,True,isolation_forest_only
2022-04-03,S003,P0001,Toys,East,8,8,297,15.86,20,Cloudy,1,15.09,Spring,0,131,9240,126.88,1.0,-1.2328945090154795,False,-1,0.6120261405638665,True,isolation_forest_only
2022-04-03,S004,P0014,Furniture,West,153,153,0,194.03,10,Cloudy,1,206.38,Spring,0,154,9273,29686.59,1.0,4.982071220387825,True,-1,0.6570410289141774,True,both
2022-04-04,S001,P0012,Groceries,North,387,234,399,88.9,25,Rainy,1,82.98,Spring,0,207,9311,20802.600000000002,0.6046511627906976,3.1142012923553217,True,-1,0.6190063968625286,True,both
2022-04-04,S003,P0013,Groceries,East,174,174,930,78.25,20,Rainy,1,83.86,Spring,0,202,9352,13615.5,1.0,1.6031045937140125,False,-1,0.6128557436651682,True,isolation_forest_only
2022-04-06,S001,P0004,Electronics,North,322,219,355,114.64,20,Cloudy,1,135.2,Spring,0,193,9503,25106.16,0.6801242236024845,4.01903012573802,True,-1,0.647514391799411,True,both
2022-04-06,S002,P0011,Groceries,South,37,37,706,103.55,25,Cloudy,1,91.55,Spring,0,212,9530,3831.35,1.0,-0.45402509197442414,False,-1,0.6331388138610053,True,isolation_forest_only
2022-04-06,S002,P0012,Electronics,South,450,210,898,80.45,15,Cloudy,1,78.27,Spring,0,187,9531,16894.5,0.4666666666666667,2.2925184149833493,False,-1,0.6303611588113296,True,isolation_forest_only
2022-04-06,S003,P0011,Electronics,East,279,226,465,140.35,25,Sunny,1,158.14,Spring,0,249,9550,31719.1,0.8100358422939068,5.409408971491252,True,-1,0.684790242057567,True,both
2022-04-06,S003,P0013,Groceries,East,298,241,0,90.7,15,Sunny,1,89.79,Spring,0,217,9552,21858.7,0.8087248322147651,3.3362476286293523,True,-1,0.6206265080160142,True,both
2022-04-06,S004,P0018,Furniture,West,138,132,130,156.83,25,Cloudy,1,145.78,Spring,0,138,9577,20701.56,0.9565217391304348,3.0929575069021182,True,1,0.5767886845657885,False,zscore_only
2022-04-07,S001,P0003,Clothing,North,657,224,865,79.74,0,Sunny,0,69.78,Spring,0,208,9602,17861.76,0.3409436834094368,2.495886030951931,False,-1,0.6478462878102419,True,isolation_forest_only
2022-04-07,S001,P0011,Furniture,North,151,151,243,192.26,10,Sunny,1,165.97,Spring,0,145,9610,29031.26,1.0,4.844287274217518,True,-1,0.6616345667368635,True,both
2022-04-07,S002,P0013,Groceries,South,8,8,424,25.22,0,Rainy,0,29.79,Spring,0,139,9632,201.76,1.0,-1.2171508960430342,False,-1,0.6182017334404599,True,isolation_forest_only
2022-04-07,S003,P0007,Groceries,East,695,191,929,17.3,25,Sunny,1,16.19,Spring,0,202,9646,3304.3,0.27482014388489207,-0.5648380088698203,False,-1,0.6293410361252478,True,isolation_forest_only
2022-04-08,S001,P0014,Groceries,North,361,245,0,80.1,25,Sunny,1,74.0,Spring,0,217,9713,19624.5,0.6786703601108033,2.866504304603749,False,-1,0.6128470285693314,True,isolation_forest_only
2022-04-08,S002,P0004,Groceries,South,825,281,0,55.53,10,Sunny,1,64.56,Spring,0,238,9723,15603.93,0.3406060606060606,2.0211744700868666,False,-1,0.6229600663864187,True,isolation_forest_only
2022-04-09,S002,P0003,Groceries,South,573,212,700,88.45,25,Sunny,1,95.77,Spring,0,236,9822,18751.4,0.3699825479930192,2.682933945546031,False,-1,0.6335844800488549,True,isolation_forest_only
2022-04-09,S002,P0015,Clothing,South,448,198,775,83.91,5,Sunny,0,99.19,Spring,0,182,9834,16614.18,0.4419642857142857,2.233580786932657,False,-1,0.6135616694512345,True,isolation_forest_only
2022-04-10,S003,P0015,Groceries,East,654,160,877,126.11,15,Cloudy,1,139.95,Spring,0,253,9954,20177.6,0.24464831804281345,2.982794266343325,False,-1,0.6495527429815454,True,isolation_forest_only
2022-04-10,S005,P0006,Groceries,North,542,216,804,73.47,10,Rainy,1,88.46,Spring,0,210,9985,15869.52,0.3985239852398524,2.077015097348508,False,-1,0.6251350314421117,True,isolation_forest_only
2022-04-11,S003,P0018,Furniture,East,368,146,0,146.01,10,Sunny,1,167.46,Spring,0,132,10057,21317.46,0.3967391304347826,3.222451246615379,True,1,0.5583480054128073,False,zscore_only
2022-04-11,S004,P0004,Groceries,West,444,326,0,76.17,10,Sunny,1,92.2,Spring,0,272,10063,24831.420000000002,0.7342342342342343,3.9612656996155633,True,-1,0.6569982988157487,True,both
2022-04-12,S001,P0006,Toys,North,401,237,631,52.63,15,Sunny,1,46.43,Spring,0,224,10105,12473.310000000001,0.5910224438902744,1.3629577280489855,False,-1,0.6125338806603455,True,isolation_forest_only
2022-04-12,S002,P0011,Groceries,South,440,193,476,110.78,10,Cloudy,1,96.56,Spring,0,167,10130,21380.54,0.43863636363636366,3.2357138949367186,True,-1,0.6188889535027436,True,both
2022-04-12,S004,P0007,Groceries,West,714,249,713,40.5,5,Sunny,0,37.95,Spring,0,222,10166,10084.5,0.3487394957983193,0.8607074595566386,False,-1,0.6352586020725774,True,isolation_forest_only
2022-04-12,S004,P0010,Groceries,West,357,218,801,33.18,10,Sunny,1,36.04,Spring,0,225,10169,7233.24,0.6106442577030813,0.26122650437749556,False,-1,0.6250684900437596,True,isolation_forest_only
2022-04-12,S005,P0007,Groceries,North,261,210,0,102.3,5,Sunny,0,110.42,Spring,0,192,10186,21483.0,0.8045977011494253,3.257256237153021,True,1,0.607812246544144,False,zscore_only
2022-04-12,S005,P0014,Furniture,North,325,154,513,166.23,25,Sunny,1,199.71,Spring,0,169,10193,25599.42,0.47384615384615386,4.122738653179103,True,-1,0.6494453272016897,True,both
2022-04-13,S005,P0014,Furniture,North,171,121,0,172.61,5,Sunny,0,184.39,Spring,0,102,10293,20885.81,0.7076023391812866,3.131696298170455,True,1,0.581068354750303,False,zscore_only
2022-04-14,S001,P0004,Electronics,North,228,166,343,131.9,0,Sunny,0,129.34,Spring,0,143,10303,21895.4,0.7280701754385965,3.343963849196777,True,1,0.6045459237502387,False,zscore_only
2022-04-14,S002,P0005,Electronics,South,514,198,871,107.54,10,Rainy,1,125.13,Spring,0,182,10324,21292.920000000002,0.3852140077821012,3.217291681146045,True,-1,0.6484739261415134,True,both
2022-04-14,S003,P0005,Toys,East,851,187,980,25.28,25,Cloudy,1,29.96,Spring,0,241,10344,4727.360000000001,0.21974148061104584,-0.26563787697121,False,-1,0.627273327057139,True,isolation_forest_only
2022-04-14,S003,P0011,Electronics,East,509,211,0,143.12,10,Cloudy,0,166.36,Spring,0,181,10350,30198.32,0.41453831041257366,5.089663088261614,True,-1,0.6378499455773754,True,both
2022-04-14,S005,P0010,Groceries,North,257,226,739,65.36,25,Sunny,1,76.56,Spring,0,237,10389,14771.36,0.8793774319066148,1.846125593851974,False,-1,0.6342163344170842,True,isolation_forest_only
2022-04-15,S002,P0003,Groceries,South,538,203,547,87.6,15,Rainy,1,98.45,Spring,0,180,10422,17782.8,0.37732342007434944,2.4792845929136793,False,-1,0.6104123333225007,True,isolation_forest_only
2022-04-15,S003,P0020,Clothing,East,218,213,906,102.89,0,Sunny,0,110.27,Spring,0,211,10459,21915.57,0.9770642201834863,3.3482046167402357,True,-1,0.6797261733316738,True,both
2022-04-15,S005,P0013,Groceries,North,609,210,651,85.47,20,Sunny,1,84.27,Spring,0,208,10492,17948.7,0.3448275862068966,2.514165273898304,False,-1,0.626239553192945,True,isolation_forest_only
2022-04-16,S003,P0007,Groceries,East,685,195,785,17.67,25,Cloudy,1,17.38,Spring,0,211,10546,3445.6500000000005,0.2846715328467153,-0.5351189958669471,False,-1,0.6283343914252647,True,isolation_forest_only
2022-04-16,S003,P0016,Electronics,East,333,181,476,125.79,15,Cloudy,1,107.84,Spring,0,216,10555,22767.99,0.5435435435435435,3.5274269801212697,True,-1,0.626454340782767,True,both
2022-04-16,S004,P0009,Clothing,West,580,215,610,118.55,20,Sunny,1,142.4,Spring,0,180,10568,25488.25,0.3706896551724138,4.099365022648297,True,-1,0.6596162657483776,True,both
2022-04-17,S003,P0002,Groceries,East,561,228,748,78.79,15,Sunny,1,77.98,Spring,0,269,10641,17964.120000000003,0.40641711229946526,2.517407348044072,False,-1,0.6355591569182947,True,isolation_forest_only
2022-04-17,S003,P0011,Electronics,East,311,179,298,144.23,10,Sunny,0,137.3,Spring,0,164,10650,25817.17,0.5755627009646302,4.168520861041682,True,-1,0.6335956891181331,True,both
2022-04-17,S004,P0004,Groceries,West,703,253,754,59.3,25,Sunny,1,53.38,Spring,0,218,10663,15002.9,0.35988620199146515,1.894807166336482,False,-1,0.6453540267351953,True,isolation_forest_only
2022-04-17,S005,P0009,Groceries,North,1006,155,0,129.17,0,Cloudy,0,111.54,Spring,0,183,10688,20021.35,0.1540755467196819,2.9499425098403256,False,-1,0.6223492503648962,True,isolation_forest_only
2022-04-17,S005,P0014,Furniture,North,336,144,345,202.01,5,Cloudy,0,176.83,Spring,0,136,10693,29089.44,0.42857142857142855,4.856519691454923,True,-1,0.658303626387262,True,both
2022-04-18,S003,P0015,Groceries,East,722,137,972,124.07,10,Cloudy,1,148.7,Spring,0,221,10754,16997.59,0.18975069252077562,2.3141932154818723,False,-1,0.6254892377499288,True,isolation_forest_only
2022-04-19,S002,P0009,Groceries,South,294,211,458,86.57,0,Cloudy,0,76.64,Spring,0,195,10828,18266.269999999997,0.717687074829932,2.5809347606993107,False,-1,0.6116022674779108,True,isolation_forest_only
2022-04-19,S003,P0015,Groceries,East,585,198,0,122.69,10,Rainy,1,133.48,Spring,0,216,10854,24292.62,0.3384615384615385,3.8479823306311407,True,-1,0.6150821220371187,True,both
2022-04-19,S005,P0012,Furniture,North,286,152,627,144.19,15,Sunny,1,131.78,Spring,0,143,10891,21916.88,0.5314685314685315,3.348480045866757,True,-1,0.6254449834434889,True,both
2022-04-20,S002,P0011,Groceries,South,0,0,377,103.39,5,Rainy,0,119.91,Spring,0,141,10930,0.0,0.0,-1.2595711865521229,False,-1,0.6325155729837598,True,isolation_forest_only
2022-04-21,S005,P0014,Furniture,North,377,148,414,147.13,25,Rainy,1,175.84,Spring,0,126,11093,21775.239999999998,0.3925729442970822,3.3187000600038137,True,1,0.6015828372368441,False,zscore_only
2022-04-25,S003,P0008,Clothing,East,226,175,0,133.81,15,Sunny,1,132.64,Spring,1,183,11447,23416.75,0.7743362831858407,3.663829575634137,True,1,0.5995108346287428,False,zscore_only
2022-04-26,S004,P0009,Clothing,West,158,158,545,138.19,15,Cloudy,1,129.62,Spring,1,197,11568,21834.02,1.0,3.3310586279861907,True,-1,0.6505155066416953,True,both
2022-04-27,S003,P0008,Clothing,East,232,178,332,124.89,15,Cloudy,1,148.66,Spring,1,177,11647,22230.420000000002,0.7672413793103449,3.4144022201640394,True,-1,0.6132549509568989,True,both
2022-05-02,S002,P0016,Clothing,South,0,0,334,81.71,20,Sunny,1,90.25,Spring,1,141,12135,0.0,0.0,-1.2595711865521229,False,-1,0.6172651792663659,True,isolation_forest_only
2022-05-08,S003,P0008,Clothing,East,0,0,253,141.66,0,Sunny,0,126.43,Spring,1,145,12747,0.0,0.0,-1.2595711865521229,False,-1,0.6346559473053565,True,isolation_forest_only
2022-05-11,S004,P0011,Clothing,West,0,0,472,56.9,15,Cloudy,1,68.72,Spring,1,132,13070,0.0,0.0,-1.2595711865521229,False,-1,0.6246431557350527,True,isolation_forest_only
2022-05-13,S004,P0009,Clothing,West,177,177,600,117.04,20,Rainy,1,124.25,Spring,1,176,13268,20716.08,1.0,3.096010354930429,True,-1,0.6399516909059358,True,both
2022-05-13,S005,P0006,Groceries,North,265,215,749,61.16,20,Sunny,1,66.76,Spring,1,184,13285,13149.4,0.8113207547169812,1.5051064899953062,False,-1,0.6272986117722555,True,isolation_forest_only
2022-05-13,S005,P0009,Groceries,North,0,0,351,81.6,20,Sunny,1,76.44,Spring,1,101,13288,0.0,0.0,-1.2595711865521229,False,-1,0.6187279307191437,True,isolation_forest_only
2022-05-14,S004,P0009,Clothing,West,217,173,0,128.56,10,Cloudy,1,115.23,Spring,1,148,13368,22240.88,0.7972350230414746,3.416601448151376,True,1,0.5917080248593157,False,zscore_only
2022-05-15,S001,P0003,Clothing,North,817,220,646,55.34,25,Cloudy,1,64.21,Spring,1,197,13402,12174.800000000001,0.2692778457772338,1.30019562991324,False,-1,0.6353643184153247,True,isolation_forest_only
2022-05-20,S004,P0011,Clothing,West,238,213,740,58.72,25,Rainy,1,66.68,Spring,1,189,13970,12507.36,0.8949579831932774,1.370116782826119,False,-1,0.6266707315188254,True,isolation_forest_only
2022-05-23,S003,P0004,Groceries,East,20,20,477,26.54,5,Cloudy,0,22.92,Spring,1,143,14243,530.8,1.0,-1.1479698275006547,False,-1,0.6096048797230571,True,isolation_forest_only
2022-05-25,S004,P0009,Clothing,West,394,201,563,110.89,25,Cloudy,1,120.35,Spring,1,180,14468,22288.89,0.5101522842639594,3.426695610261513,True,-1,0.6329532942161262,True,both
2022-05-26,S003,P0015,Groceries,East,529,225,991,113.33,20,Sunny,1,97.63,Spring,0,211,14554,25499.25,0.42533081285444235,4.101677786306109,True,-1,0.6784229837887078,True,both
2022-05-28,S001,P0010,Furniture,North,143,129,497,149.32,5,Cloudy,0,137.09,Spring,0,120,14709,19262.28,0.9020979020979021,2.7903470998644444,False,-1,0.6231684918018863,True,isolation_forest_only
2022-05-28,S004,P0014,Furniture,West,306,144,321,153.3,25,Sunny,1,173.44,Spring,0,136,14773,22075.2,0.47058823529411764,3.3817670224399077,True,1,0.5930405530686489,False,zscore_only
2022-05-29,S003,P0017,Furniture,East,52,52,569,139.45,5,Sunny,0,163.24,Spring,0,132,14856,7251.4,1.0,0.2650446669253001,False,-1,0.6119409817005148,True,isolation_forest_only
2022-05-29,S004,P0020,Furniture,West,351,165,283,164.68,5,Sunny,0,187.63,Spring,0,164,14879,27172.2,0.4700854700854701,4.45341760097294,True,-1,0.6353210509603484,True,both
2022-05-29,S005,P0001,Groceries,North,0,0,252,11.56,10,Cloudy,0,13.76,Spring,0,119,14880,0.0,0.0,-1.2595711865521229,False,-1,0.6135638953709026,True,isolation_forest_only
2022-05-30,S001,P0020,Furniture,North,209,173,568,142.47,10,Cloudy,0,127.47,Spring,0,148,14919,24647.31,0.8277511961722488,3.922556343521053,True,-1,0.6555014999903307,True,both
2022-05-31,S001,P0020,Furniture,North,408,150,0,154.47,0,Cloudy,0,163.65,Spring,0,157,15019,23170.5,0.36764705882352944,3.6120552073854104,True,1,0.5806510504188513,False,zscore_only
2022-05-31,S002,P0014,Electronics,South,185,142,659,144.04,0,Cloudy,0,166.79,Spring,0,141,15033,20453.68,0.7675675675675676,3.040840429129552,True,-1,0.6340272656234222,True,both
2022-05-31,S002,P0020,Furniture,South,373,163,615,162.38,10,Cloudy,0,184.04,Spring,0,184,15039,26467.94,0.43699731903485256,4.305346061550206,True,-1,0.6573044086993642,True,both
2022-06-01,S005,P0009,Groceries,North,317,182,582,117.39,0,Rainy,0,134.9,Summer,0,166,15188,21364.98,0.5741324921135647,3.2324423856171234,True,-1,0.6237274428250491,True,both
2022-06-02,S001,P0020,Furniture,North,167,141,770,143.47,15,Sunny,1,138.77,Summer,0,171,15219,20229.27,0.844311377245509,2.993657947997789,False,-1,0.6485872547430518,True,isolation_forest_only
2022-06-02,S002,P0003,Groceries,South,218,200,0,103.38,5,Cloudy,0,98.25,Summer,0,182,15222,20676.0,0.9174311926605505,3.0875834851663315,True,1,0.5940639059459155,False,zscore_only
2022-06-02,S003,P0015,Groceries,East,672,162,706,124.83,5,Rainy,0,117.99,Summer,0,181,15254,20222.46,0.24107142857142858,2.992226137042362,False,-1,0.6422518740965668,True,isolation_forest_only
2022-06-02,S003,P0018,Furniture,East,360,138,562,146.92,10,Rainy,0,132.79,Summer,0,117,15257,20274.96,0.38333333333333336,3.00326432722737,True,1,0.6085142290321685,False,zscore_only
2022-06-02,S003,P0020,Clothing,East,680,260,871,83.15,25,Rainy,1,76.84,Summer,0,221,15259,21619.0,0.38235294117647056,3.2858504060132314,True,-1,0.6781487674112867,True,both
2022-06-02,S004,P0001,Groceries,West,226,206,608,13.47,10,Cloudy,1,13.28,Summer,0,183,15260,2774.82,0.911504424778761,-0.676161836282351,False,-1,0.6154061480296042,True,isolation_forest_only
2022-06-02,S005,P0014,Furniture,North,335,151,416,186.37,10,Sunny,0,216.82,Summer,0,144,15293,28141.87,0.4507462686567164,4.657291922433823,True,-1,0.6627100272564289,True,both
2022-06-03,S001,P0020,Furniture,North,594,145,0,149.18,15,Sunny,1,139.95,Summer,0,186,15319,21631.100000000002,0.2441077441077441,3.288394446036824,True,1,0.5814054309684388,False,zscore_only
2022-06-03,S002,P0020,Furniture,South,615,167,679,170.17,15,Rainy,1,156.31,Summer,0,205,15339,28418.39,0.27154471544715447,4.715430595766362,True,-1,0.6807318765420625,True,both
2022-06-03,S003,P0002,Groceries,East,19,19,515,54.02,25,Sunny,1,58.21,Summer,0,183,15341,1026.38,1.0,-1.0437735171790146,False,-1,0.6158968361690247,True,isolation_forest_only
2022-06-03,S003,P0007,Groceries,East,779,246,957,17.64,20,Sunny,1,19.68,Summer,0,205,15346,4339.4400000000005,0.3157894736842105,-0.34719853862012773,False,-1,0.6510451103025874,True,isolation_forest_only
2022-06-03,S005,P0009,Groceries,North,15,15,768,114.62,20,Sunny,1,111.18,Summer,0,225,15388,1719.3000000000002,1.0,-0.8980862268362427,False,-1,0.6604102723930364,True,isolation_forest_only
2022-06-03,S005,P0019,Furniture,North,170,135,287,167.24,5,Sunny,0,185.09,Summer,0,148,15398,22577.4,0.7941176470588235,3.487355195981067,True,-1,0.6162558809042603,True,both
2022-06-04,S001,P0014,Groceries,North,319,225,854,98.28,15,Cloudy,1,89.89,Summer,0,252,15413,22113.0,0.7053291536050157,3.389714519373113,True,-1,0.6757136344417647,True,both
2022-06-04,S002,P0020,Furniture,South,448,149,0,156.01,10,Rainy,1,149.82,Summer,0,150,15439,23245.489999999998,0.3325892857142857,3.627821947994433,True,1,0.5839957857766398,False,zscore_only
2022-06-04,S003,P0014,Groceries,East,547,191,743,97.53,25,Rainy,1,114.59,Summer,0,209,15453,18628.23,0.3491773308957952,2.6570373001157943,False,-1,0.6205245893277667,True,isolation_forest_only
2022-06-04,S004,P0007,Groceries,West,23,23,1072,39.49,10,Sunny,1,45.65,Summer,0,258,15466,908.2700000000001,1.0,-1.0686062913266574,False,-1,0.6476967367528613,True,isolation_forest_only
2022-06-04,S004,P0013,Groceries,West,793,285,789,28.75,10,Sunny,1,26.56,Summer,0,242,15472,8193.75,0.3593947036569987,0.46317492446514763,False,-1,0.6578404177381127,True,isolation_forest_only
2022-06-04,S004,P0018,Furniture,West,130,130,111,178.03,5,Sunny,0,204.62,Summer,0,119,15477,23143.9,1.0,3.60646252435834,True,-1,0.6139281722323263,True,both
2022-06-05,S002,P0014,Electronics,South,807,181,0,140.7,10,Cloudy,0,138.37,Summer,0,152,15533,25466.699999999997,0.22428748451053285,4.094834108391403,True,-1,0.6416131064720981,True,both
2022-06-05,S003,P0014,Groceries,East,356,220,0,120.99,10,Cloudy,0,107.04,Summer,0,202,15553,26617.8,0.6179775280898876,4.336854312619258,True,-1,0.6293030922834962,True,both
2022-06-06,S001,P0016,Groceries,North,653,266,864,42.96,25,Rainy,1,50.51,Summer,0,242,15615,11427.36,0.40735068912710565,1.1430454418773894,False,-1,0.6527194261926603,True,isolation_forest_only
2022-06-06,S005,P0007,Groceries,North,243,209,355,97.54,10,Rainy,0,92.03,Summer,0,175,15686,20385.86,0.8600823045267489,3.0265811899229385,True,-1,0.6223676012253989,True,both
2022-06-06,S005,P0013,Groceries,North,582,233,637,80.26,20,Rainy,1,94.25,Summer,0,203,15692,18700.58,0.40034364261168387,2.6722489774469436,False,-1,0.631829543362859,True,isolation_forest_only
2022-06-07,S002,P0001,Groceries,South,554,216,564,103.21,5,Rainy,0,99.67,Summer,0,181,15720,22293.359999999997,0.3898916967509025,3.42763543331155,True,-1,0.6408734951853592,True,both
2022-06-07,S003,P0015,Groceries,East,879,286,1147,131.98,10,Rainy,1,159.51,Summer,0,248,15754,37746.28,0.3253697383390216,6.676631049953625,True,-1,0.7356812409529713,True,both
2022-06-08,S001,P0005,Groceries,North,719,270,1053,79.92,10,Sunny,1,68.89,Summer,0,226,15804,21578.4,0.37552155771905427,3.2773142056034925,True,-1,0.6857673049614558,True,both
2022-06-08,S001,P0012,Groceries,North,298,214,490,126.48,0,Sunny,0,122.68,Summer,0,235,15811,27066.72,0.7181208053691275,4.431240300006946,True,-1,0.6654182616634419,True,both
2022-06-08,S003,P0002,Groceries,East,683,193,649,79.41,0,Rainy,0,79.17,Summer,0,201,15841,15326.13,0.28257686676427524,1.962766675165054,False,-1,0.6130358441005698,True,isolation_forest_only
2022-06-08,S004,P0001,Groceries,West,688,180,1250,14.0,20,Cloudy,1,15.22,Summer,0,272,15860,2520.0,0.2616279069767442,-0.7297380576717541,False,-1,0.6267364629827202,True,isolation_forest_only
2022-06-08,S004,P0007,Groceries,West,1560,221,0,28.36,25,Cloudy,1,32.65,Summer,0,194,15866,6267.5599999999995,0.14166666666666666,0.058191085370672295,False,-1,0.6312623191103766,True,isolation_forest_only
2022-06-08,S005,P0006,Groceries,North,649,193,750,73.76,10,Sunny,0,86.05,Summer,0,212,15885,14235.68,0.29738058551617874,1.7334982087414041,False,-1,0.6132137641790842,True,isolation_forest_only
2022-06-08,S005,P0007,Groceries,North,355,236,524,108.53,10,Sunny,1,131.26,Summer,0,240,15886,25613.08,0.6647887323943662,4.1256106851396215,True,-1,0.6669516469399492,True,both
2022-06-08,S005,P0009,Groceries,North,872,191,0,116.0,10,Sunny,1,113.12,Summer,0,182,15888,22156.0,0.2190366972477064,3.3987553227627383,True,-1,0.6302559557617152,True,both
2022-06-08,S005,P0014,Furniture,North,292,140,471,189.47,15,Sunny,1,172.53,Summer,0,152,15893,26525.8,0.4794520547945205,4.317511198390292,True,-1,0.6612445696798012,True,both
2022-06-09,S004,P0002,Groceries,West,0,0,394,24.31,10,Cloudy,0,20.91,Summer,0,178,15961,0.0,0.0,-1.2595711865521229,False,-1,0.6229390700675954,True,isolation_forest_only
2022-06-10,S001,P0004,Electronics,North,307,226,369,119.6,25,Cloudy,1,110.81,Summer,0,215,16003,27029.6,0.7361563517915309,4.423435773918041,True,-1,0.6602126990780941,True,both
2022-06-10,S003,P0015,Groceries,East,312,226,0,133.22,15,Rainy,1,131.51,Summer,0,255,16054,30107.72,0.7243589743589743,5.070614325770915,True,-1,0.652808076277004,True,both
2022-06-11,S003,P0002,Groceries,East,787,290,646,82.02,5,Sunny,0,95.8,Summer,0,260,16141,23785.8,0.3684879288437103,3.7414227963537012,True,-1,0.6860457182441524,True,both
2022-06-11,S003,P0015,Groceries,East,1233,233,0,124.4,10,Sunny,0,123.22,Summer,0,201,16154,28985.2,0.18896999188969993,4.834603102028538,True,-1,0.694880623688759,True,both
2022-06-11,S004,P0006,Groceries,West,294,258,686,61.05,10,Sunny,1,71.86,Summer,0,357,16165,15750.9,0.8775510204081632,2.052075095067639,False,-1,0.6506041325209964,True,isolation_forest_only
2022-06-11,S005,P0005,Groceries,North,361,275,440,23.76,10,Sunny,1,22.86,Summer,0,260,16184,6534.0,0.7617728531855956,0.11421042618769044,False,-1,0.6169279854546641,True,isolation_forest_only
2022-06-12,S001,P0011,Furniture,North,260,145,388,162.1,25,Cloudy,1,190.61,Summer,0,167,16210,23504.5,0.5576923076923077,3.682279122086221,True,-1,0.6179808294351404,True,both
2022-06-12,S003,P0013,Groceries,East,761,190,1075,96.44,10,Sunny,1,109.72,Summer,0,241,16252,18323.6,0.24967148488830487,2.5929884643813392,False,-1,0.654526624762946,True,isolation_forest_only
2022-06-12,S003,P0015,Groceries,East,1000,426,1616,163.99,10,Sunny,1,187.26,Summer,0,358,16254,69859.74,0.426,13.428525887641946,True,-1,0.7526904114168029,True,both
2022-06-12,S003,P0016,Electronics,East,359,177,290,119.35,0,Sunny,0,136.64,Summer,0,152,16255,21124.95,0.49303621169916434,3.181975780091269,True,1,0.5825169449081473,False,zscore_only
2022-06-12,S004,P0001,Groceries,West,1263,227,0,14.76,10,Rainy,0,13.81,Summer,0,220,16260,3350.52,0.17973079968329375,-0.5551201964821811,False,-1,0.6204878602925613,True,isolation_forest_only
2022-06-12,S005,P0010,Groceries,North,740,286,854,83.24,5,Cloudy,0,92.18,Summer,0,239,16289,23806.64,0.3864864864864865,3.7458044322290442,True,-1,0.69551154602264,True,both
2022-06-13,S005,P0006,Groceries,North,773,271,947,68.88,20,Rainy,1,82.79,Summer,0,233,16385,18666.48,0.35058214747736094,2.6650794101077286,False,-1,0.6767292259059169,True,isolation_forest_only
2022-06-14,S001,P0005,Groceries,North,776,167,1041,90.2,5,Sunny,0,85.8,Summer,0,256,16404,15063.4,0.21520618556701032,1.9075273664544434,False,-1,0.6281980244853417,True,isolation_forest_only
2022-06-14,S003,P0002,Groceries,East,748,279,726,64.18,25,Sunny,1,55.73,Summer,0,233,16441,17906.22,0.3729946524064171,2.5052338011543207,False,-1,0.6617020477558371,True,isolation_forest_only
2022-06-14,S004,P0002,Groceries,West,255,255,585,26.43,25,Rainy,1,25.16,Summer,0,295,16461,6739.65,1.0,0.1574485940266776,False,-1,0.6277074599781917,True,isolation_forest_only
2022-06-15,S002,P0003,Groceries,South,504,246,877,118.74,10,Sunny,1,110.49,Summer,0,264,16522,29210.039999999997,0.4880952380952381,4.881875991194197,True,-1,0.6936693272093568,True,both
2022-06-15,S003,P0007,Groceries,East,824,144,802,20.52,5,Rainy,0,23.31,Summer,0,197,16546,2954.88,0.17475728155339806,-0.638303997716399,False,-1,0.6122052185480226,True,isolation_forest_only
2022-06-15,S003,P0015,Groceries,East,344,187,0,128.89,0,Rainy,0,117.43,Summer,0,173,16554,24102.429999999997,0.5436046511627907,3.807994646987586,True,1,0.5993675143836614,False,zscore_only
2022-06-15,S004,P0001,Groceries,West,771,188,887,15.65,5,Cloudy,0,13.44,Summer,0,222,16560,2942.2000000000003,0.2438391699092088,-0.6409699834601303,False,-1,0.6265139168564052,True,isolation_forest_only
2022-06-15,S004,P0002,Groceries,West,0,0,566,27.91,20,Cloudy,1,33.71,Summer,0,316,16561,0.0,0.0,-1.2595711865521229,False,-1,0.6359012509149143,True,isolation_forest_only
2022-06-15,S004,P0003,Furniture,West,240,160,416,144.89,20,Cloudy,1,139.35,Summer,0,139,16562,23182.399999999998,0.6666666666666666,3.614557197160679,True,-1,0.6256174143335337,True,both
2022-06-15,S004,P0011,Clothing,West,813,212,621,62.13,20,Cloudy,1,68.32,Summer,0,186,16570,13171.560000000001,0.2607626076260763,1.5097656575095877,False,-1,0.6278343321124428,True,isolation_forest_only
2022-06-16,S003,P0011,Electronics,East,263,149,338,150.54,0,Cloudy,0,136.39,Summer,0,142,16650,22430.46,0.5665399239543726,3.4564608785375417,True,1,0.6035265502973975,False,zscore_only
2022-06-16,S003,P0013,Groceries,East,1372,179,0,90.92,10,Cloudy,1,85.09,Summer,0,194,16652,16274.68,0.130466472303207,2.162200490402941,False,-1,0.6155280941895759,True,isolation_forest_only
2022-06-16,S003,P0016,Electronics,East,377,184,423,125.65,10,Cloudy,1,135.13,Summer,0,213,16655,23119.600000000002,0.4880636604774536,3.6013534191869945,True,-1,0.6208668549779622,True,both
2022-06-16,S005,P0016,Toys,North,343,226,691,38.68,25,Rainy,1,37.2,Summer,0,215,16695,8741.68,0.6588921282798834,0.5783778872855526,False,-1,0.6169966264680833,True,isolation_forest_only
2022-06-17,S001,P0012,Groceries,North,527,283,452,117.11,10,Sunny,1,141.31,Summer,0,271,16711,33142.13,0.5370018975332068,5.708602795852613,True,-1,0.6900782828999565,True,both
2022-06-17,S003,P0002,Groceries,East,905,254,0,75.3,5,Rainy,0,79.6,Summer,0,222,16741,19126.2,0.28066298342541435,2.761736110904905,False,-1,0.630739424145484,True,isolation_forest_only
2022-06-17,S003,P0004,Groceries,East,353,250,553,30.57,5,Rainy,0,33.93,Summer,0,217,16743,7642.5,0.7082152974504249,0.34727392752256697,False,-1,0.6183363251581169,True,isolation_forest_only
2022-06-17,S005,P0006,Groceries,North,1016,190,1215,82.67,15,Sunny,1,91.18,Summer,0,290,16785,15707.300000000001,0.18700787401574803,2.0429081409330427,False,-1,0.6600563118081901,True,isolation_forest_only
2022-06-17,S005,P0009,Groceries,North,240,240,723,118.3,15,Sunny,1,131.94,Summer,0,235,16788,28392.0,1.0,4.7098820655000315,True,-1,0.7053434726049655,True,both
2022-06-17,S005,P0011,Electronics,North,454,192,765,96.43,20,Sunny,1,93.15,Summer,0,222,16790,18514.56,0.42290748898678415,2.633138041480941,False,-1,0.6169735957126596,True,isolation_forest_only
2022-06-18,S003,P0014,Groceries,East,607,199,462,110.64,10,Cloudy,1,120.96,Summer,0,187,16853,22017.36,0.32784184514003295,3.3696060906246537,True,-1,0.6354020624746887,True,both
2022-06-18,S005,P0004,Groceries,North,247,247,359,10.99,20,Rainy,1,10.41,Summer,0,309,16883,2714.53,1.0,-0.6888378836395723,False,-1,0.6122106082420951,True,isolation_forest_only
2022-06-19,S001,P0011,Furniture,North,342,149,282,177.91,10,Rainy,1,213.96,Summer,0,136,16910,26508.59,0.43567251461988304,4.313892774522026,True,-1,0.6420776477720843,True,both
2022-06-19,S002,P0013,Groceries,South,425,225,721,28.98,10,Cloudy,1,28.69,Summer,0,213,16932,6520.5,0.5294117647058824,0.11137203442583132,False,-1,0.6227133803592476,True,isolation_forest_only
2022-06-19,S003,P0004,Groceries,East,0,0,511,29.48,0,Cloudy,0,32.81,Summer,0,181,16943,0.0,0.0,-1.2595711865521229,False,-1,0.6298256667734222,True,isolation_forest_only
2022-06-19,S003,P0013,Groceries,East,965,211,0,94.24,10,Cloudy,1,93.88,Summer,0,209,16952,19884.64,0.21865284974093263,2.921199062598566,False,-1,0.6161247539497995,True,isolation_forest_only
2022-06-19,S003,P0015,Groceries,East,1458,193,0,112.92,5,Cloudy,0,132.93,Summer,0,162,16954,21793.56,0.13237311385459533,3.322551862750278,True,-1,0.6672456449862182,True,both
2022-06-19,S005,P0009,Groceries,North,338,208,0,109.35,20,Rainy,1,120.78,Summer,0,227,16988,22744.8,0.6153846153846154,3.5225512538281203,True,-1,0.6134979380092858,True,both
2022-06-20,S003,P0002,Groceries,East,459,204,783,83.31,5,Cloudy,0,75.57,Summer,0,243,17041,16995.24,0.4444444444444444,2.3136991250640673,False,-1,0.6202838380010083,True,isolation_forest_only
2022-06-20,S003,P0013,Groceries,East,754,177,899,90.43,20,Cloudy,1,107.26,Summer,0,265,17052,16006.11,0.23474801061007958,2.1057333144412738,False,-1,0.6284370753966639,True,isolation_forest_only
2022-06-20,S003,P0015,Groceries,East,1265,162,0,125.46,0,Cloudy,0,138.17,Summer,0,183,17054,20324.52,0.12806324110671938,3.0136843787620173,True,-1,0.6558701621504968,True,both
2022-06-20,S003,P0016,Electronics,East,392,227,406,114.43,20,Cloudy,1,111.4,Summer,0,202,17055,25975.61,0.5790816326530612,4.201833067763828,True,-1,0.654714612363848,True,both
2022-06-21,S001,P0004,Electronics,North,180,154,0,141.74,5,Sunny,0,160.05,Summer,0,209,17103,21827.960000000003,0.8555555555555555,3.3297845054619786,True,1,0.5869545971557242,False,zscore_only
2022-06-21,S001,P0005,Groceries,North,757,191,762,70.68,5,Sunny,0,80.08,Summer,0,175,17104,13499.880000000001,0.2523117569352708,1.5787953451580015,False,-1,0.6225384943894741,True,isolation_forest_only
2022-06-21,S001,P0011,Furniture,North,396,135,0,197.53,0,Sunny,0,218.04,Summer,0,135,17110,26666.55,0.3409090909090909,4.347104060648194,True,-1,0.6188268378986604,True,both
2022-06-21,S002,P0003,Groceries,South,436,218,687,106.9,0,Cloudy,0,121.84,Summer,0,195,17122,23304.2,0.5,3.6401657983898974,True,-1,0.658790222504851,True,both
2022-06-21,S002,P0014,Electronics,South,25,25,447,134.45,5,Cloudy,0,133.54,Summer,0,118,17133,3361.2499999999995,1.0,-0.5528642006596073,False,-1,0.622796024555209,True,isolation_forest_only
2022-06-21,S004,P0001,Groceries,West,740,211,656,12.29,20,Cloudy,1,11.54,Summer,0,193,17160,2593.1899999999996,0.2851351351351351,-0.7143497692976454,False,-1,0.6254539877441526,True,isolation_forest_only
2022-06-21,S005,P0007,Groceries,North,444,320,622,110.58,15,Sunny,1,130.7,Summer,0,275,17186,35385.6,0.7207207207207207,6.1802951488880264,True,-1,0.7021882210650213,True,both
2022-06-22,S001,P0012,Groceries,North,216,199,0,113.72,0,Sunny,0,120.9,Summer,0,211,17211,22630.28,0.9212962962962963,3.498473281637889,True,-1,0.6181607834919964,True,both
2022-06-22,S003,P0015,Groceries,East,1045,217,0,130.94,10,Cloudy,1,112.83,Summer,0,222,17254,28413.98,0.2076555023923445,4.714503387790822,True,-1,0.6723913560639813,True,both
2022-06-22,S005,P0006,Groceries,North,1645,223,0,83.22,5,Sunny,0,81.53,Summer,0,218,17285,18558.06,0.13556231003039515,2.642283970491376,False,-1,0.6628677308611972,True,isolation_forest_only
2022-06-22,S005,P0009,Groceries,North,580,213,671,118.62,10,Sunny,1,106.11,Summer,0,191,17288,25266.06,0.36724137931034484,4.05264929927293,True,-1,0.6635010974254321,True,both
2022-06-23,S001,P0016,Groceries,North,946,281,0,47.92,15,Rainy,1,55.25,Summer,0,235,17315,13465.52,0.29704016913319237,1.571571112495966,False,-1,0.6226440842395903,True,isolation_forest_only
2022-06-23,S005,P0006,Groceries,North,1422,193,0,68.88,25,Rainy,1,61.8,Summer,0,239,17385,13293.839999999998,0.13572433192686356,1.5354751793347823,False,-1,0.6173911195109767,True,isolation_forest_only
2022-06-24,S003,P0011,Electronics,East,197,143,0,147.97,0,Sunny,0,170.96,Summer,0,154,17450,21159.71,0.7258883248730964,3.1892841132499514,True,1,0.5723659663824576,False,zscore_only
2022-06-24,S003,P0015,Groceries,East,724,249,977,130.24,10,Sunny,1,110.92,Summer,0,220,17454,32429.760000000002,0.34392265193370164,5.558826118860349,True,-1,0.7146044368839893,True,both
2022-06-24,S004,P0004,Groceries,West,664,197,620,80.48,0,Sunny,0,75.41,Summer,0,226,17463,15854.560000000001,0.29668674698795183,2.0738697387738854,False,-1,0.6166992884282599,True,isolation_forest_only
2022-06-25,S001,P0010,Furniture,North,371,160,619,139.16,15,Cloudy,1,136.54,Summer,0,134,17509,22265.6,0.431266846361186,3.421798858844202,True,-1,0.6312072358767012,True,both
2022-06-25,S003,P0011,Electronics,East,290,161,291,133.1,10,Rainy,0,119.98,Summer,0,136,17550,21429.1,0.5551724137931034,3.245923695229746,True,1,0.5909876875852158,False,zscore_only
2022-06-25,S003,P0013,Groceries,East,984,238,814,77.75,25,Rainy,1,86.37,Summer,0,226,17552,18504.5,0.241869918699187,2.6310229139902517,False,-1,0.6754496519202078,True,isolation_forest_only
2022-06-25,S004,P0014,Furniture,West,162,124,222,177.75,5,Rainy,0,206.97,Summer,0,107,17573,22041.0,0.7654320987654321,3.374576429976531,True,-1,0.6123263537353386,True,both
2022-06-26,S001,P0003,Clothing,North,605,258,1082,71.97,15,Sunny,1,78.43,Summer,0,257,17602,18568.26,0.42644628099173554,2.6444285331558914,False,-1,0.667014225520367,True,isolation_forest_only
2022-06-26,S001,P0012,Groceries,North,311,213,0,99.36,20,Sunny,1,109.74,Summer,0,250,17611,21163.68,0.684887459807074,3.19011881067918,True,1,0.6045333745805938,False,zscore_only
2022-06-26,S001,P0014,Groceries,North,790,201,697,87.28,20,Sunny,1,105.59,Summer,0,249,17613,17543.28,0.25443037974683547,2.42892521552105,False,-1,0.6455886906243986,True,isolation_forest_only
2022-06-26,S003,P0014,Groceries,East,11,11,550,99.69,20,Cloudy,1,118.34,Summer,0,192,17653,1096.59,1.0,-1.029011777504931,False,-1,0.6416785599037598,True,isolation_forest_only
2022-06-26,S004,P0001,Groceries,West,729,181,1182,13.43,20,Sunny,1,14.81,Summer,0,253,17660,2430.83,0.24828532235939643,-0.7484861608869376,False,-1,0.6278933315521948,True,isolation_forest_only
2022-06-26,S004,P0006,Groceries,West,371,245,528,46.93,15,Sunny,1,42.22,Summer,0,229,17665,11497.85,0.660377358490566,1.1578660518991264,False,-1,0.6157572096887973,True,isolation_forest_only
2022-06-26,S004,P0010,Groceries,West,697,244,838,35.44,5,Sunny,0,40.21,Summer,0,230,17669,8647.359999999999,0.3500717360114778,0.5585469901760299,False,-1,0.6416296405361702,True,isolation_forest_only
2022-06-26,S005,P0009,Groceries,North,585,204,654,118.58,10,Sunny,1,125.8,Summer,0,211,17688,24190.32,0.3487179487179487,3.826473628613497,True,-1,0.6557975294631105,True,both
2022-06-26,S005,P0012,Furniture,North,140,140,0,145.47,25,Sunny,1,140.25,Summer,0,193,17691,20365.8,1.0,3.0223635500160575,True,1,0.581512116694471,False,zscore_only
2022-06-27,S003,P0004,Groceries,East,789,279,657,26.97,25,Sunny,1,28.86,Summer,0,266,17743,7524.63,0.35361216730038025,0.32249161367291257,False,-1,0.6381906820073898,True,isolation_forest_only
2022-06-27,S003,P0011,Electronics,East,326,182,401,138.69,15,Sunny,1,165.3,Summer,0,191,17750,25241.579999999998,0.558282208588957,4.047502348878091,True,-1,0.637621215513985,True,both
2022-06-27,S004,P0004,Groceries,West,761,231,696,67.69,25,Cloudy,1,65.1,Summer,0,278,17763,15636.39,0.3035479632063075,2.0279992253898254,False,-1,0.6393119602501608,True,isolation_forest_only
2022-06-28,S001,P0012,Groceries,North,405,198,597,105.63,15,Cloudy,1,122.23,Summer,0,250,17811,20914.739999999998,0.4888888888888889,3.1377788665904975,True,-1,0.6242238795787972,True,both
2022-06-28,S003,P0015,Groceries,East,1128,204,0,109.27,10,Cloudy,0,127.63,Summer,0,170,17854,22291.079999999998,0.18085106382978725,3.427156060480659,True,-1,0.656798652218273,True,both
2022-07-05,S005,P0010,Groceries,North,0,0,518,69.43,5,Rainy,0,77.13,Summer,1,165,18589,0.0,0.0,-1.2595711865521229,False,-1,0.6305203006788088,True,isolation_forest_only
2022-07-08,S001,P0009,Clothing,North,211,192,191,115.42,5,Sunny,0,110.17,Summer,1,183,18808,22160.64,0.909952606635071,3.3997308885238513,True,1,0.6057824077246823,False,zscore_only
2022-07-10,S004,P0009,Clothing,West,395,168,0,125.59,10,Cloudy,1,121.38,Summer,1,140,19068,21099.12,0.4253164556962025,3.1765449905202447,True,1,0.5605286220271374,False,zscore_only
2022-07-13,S004,P0002,Groceries,West,0,0,373,19.06,25,Sunny,1,17.82,Summer,1,155,19361,0.0,0.0,-1.2595711865521229,False,-1,0.627986628224555,True,isolation_forest_only
2022-07-15,S002,P0019,Clothing,South,715,209,715,99.8,10,Cloudy,1,118.0,Summer,1,175,19538,20858.2,0.2923076923076923,3.1258912613893486,True,-1,0.6553763617024773,True,both
2022-07-19,S001,P0005,Groceries,North,738,196,632,58.33,20,Cloudy,1,62.76,Summer,1,168,19904,11432.68,0.26558265582655827,1.1441639784828035,False,-1,0.6148834157963342,True,isolation_forest_only
2022-07-22,S001,P0009,Clothing,North,202,202,200,111.3,10,Sunny,0,131.08,Summer,1,211,20208,22482.6,1.0,3.4674233782755666,True,-1,0.6200886374341186,True,both
2022-07-23,S004,P0007,Groceries,West,45,45,704,33.46,0,Sunny,0,38.4,Summer,1,148,20366,1505.7,1.0,-0.9429958920461026,False,-1,0.6108286099874326,True,isolation_forest_only
2022-07-23,S004,P0009,Clothing,West,375,201,440,107.83,25,Sunny,1,116.34,Summer,1,169,20368,21673.829999999998,0.536,3.2973784815912115,True,-1,0.6226913713890323,True,both
2022-07-23,S004,P0017,Clothing,West,169,169,274,136.96,10,Sunny,1,156.75,Summer,1,264,20376,23146.24,1.0,3.6069545122637297,True,-1,0.6211757545558186,True,both
2022-07-24,S004,P0009,Clothing,West,174,174,726,126.26,25,Rainy,1,152.47,Summer,1,233,20468,21969.24,1.0,3.359488800877938,True,-1,0.6631520195617279,True,both
2022-07-24,S005,P0009,Groceries,North,4,4,556,98.05,20,Rainy,1,88.88,Summer,1,163,20488,392.2,1.0,-1.177110649589075,False,-1,0.646886357823765,True,isolation_forest_only
2022-07-25,S002,P0014,Electronics,South,0,0,406,124.57,5,Cloudy,0,108.24,Summer,0,95,20533,0.0,0.0,-1.2595711865521229,False,-1,0.6453550217051477,True,isolation_forest_only
2022-07-25,S003,P0016,Electronics,East,219,182,323,122.46,5,Rainy,0,121.01,Summer,0,162,20555,22287.719999999998,0.8310502283105022,3.426449616308818,True,-1,0.6193361293891866,True,both
2022-07-25,S004,P0006,Groceries,West,330,250,515,49.72,10,Sunny,1,44.96,Summer,0,230,20565,12430.0,0.7575757575757576,1.353851746774458,False,-1,0.6243247909876778,True,isolation_forest_only
2022-07-25,S004,P0016,Furniture,West,1,1,269,124.49,10,Sunny,0,107.32,Summer,0,106,20575,124.49,1.0,-1.2333970094829494,False,-1,0.6227879239396684,True,isolation_forest_only
2022-07-26,S001,P0012,Groceries,North,171,171,566,120.48,10,Sunny,1,115.14,Summer,0,260,20611,20602.08,1.0,3.072041713385841,True,-1,0.6386829393444736,True,both
2022-07-26,S003,P0013,Groceries,East,313,295,798,97.06,15,Sunny,1,92.0,Summer,0,246,20652,28632.7,0.9424920127795527,4.760489539357772,True,-1,0.7162424307542076,True,both
2022-07-26,S004,P0003,Furniture,West,287,133,0,165.11,5,Sunny,0,195.0,Summer,0,143,20662,21959.63,0.4634146341463415,3.3574682864459775,True,1,0.5737268682389766,False,zscore_only
2022-07-26,S004,P0016,Furniture,West,188,169,386,138.68,10,Sunny,1,122.18,Summer,0,142,20675,23436.920000000002,0.898936170212766,3.668070343177597,True,-1,0.6327170724990073,True,both
2022-07-26,S005,P0009,Groceries,North,339,211,0,125.54,5,Sunny,0,121.35,Summer,0,192,20688,26488.940000000002,0.6224188790560472,4.3097613376242085,True,-1,0.6267326376119564,True,both
2022-07-26,S005,P0010,Groceries,North,588,220,580,81.87,10,Sunny,1,76.5,Summer,0,233,20689,18011.4,0.3741496598639456,2.5273480267478274,False,-1,0.622228299797229,True,isolation_forest_only
2022-07-26,S005,P0013,Groceries,North,293,236,582,81.88,20,Sunny,1,94.91,Summer,0,211,20692,19323.68,0.8054607508532423,2.803256526099863,False,-1,0.6393497350481395,True,isolation_forest_only
2022-07-26,S005,P0014,Furniture,North,273,144,310,185.09,5,Sunny,0,195.95,Summer,0,124,20693,26652.96,0.5274725274725275,4.344246746274588,True,-1,0.6428891938041092,True,both
2022-07-27,S002,P0009,Groceries,South,578,212,664,94.85,10,Cloudy,1,85.83,Summer,0,281,20728,20108.199999999997,0.36678200692041524,2.9682028301749526,False,-1,0.6363944427761782,True,isolation_forest_only
2022-07-27,S005,P0009,Groceries,North,684,191,806,123.67,20,Rainy,1,141.63,Summer,0,283,20788,23620.97,0.27923976608187134,3.706767084197609,True,-1,0.6779708243863132,True,both
2022-07-28,S004,P0007,Groceries,West,948,198,1069,34.76,15,Sunny,1,40.26,Summer,0,226,20866,6882.48,0.2088607594936709,0.18747877886714706,False,-1,0.6579000661412108,True,isolation_forest_only
2022-07-28,S004,P0009,Clothing,West,910,164,0,127.79,5,Sunny,0,138.33,Summer,0,145,20868,20957.56,0.18021978021978022,3.146781824756632,True,-1,0.6207618144981354,True,both
2022-07-28,S005,P0013,Groceries,North,0,0,584,98.11,0,Sunny,0,88.1,Summer,0,174,20892,0.0,0.0,-1.2595711865521229,False,-1,0.6474761167472772,True,isolation_forest_only
2022-07-30,S003,P0004,Groceries,East,480,241,935,36.51,5,Sunny,0,32.05,Summer,0,273,21043,8798.91,0.5020833333333333,0.590410565843419,False,-1,0.6371509553888124,True,isolation_forest_only
2022-07-30,S003,P0016,Electronics,East,443,187,0,134.36,0,Sunny,0,133.8,Summer,0,177,21055,25125.320000000003,0.4221218961625282,4.023058539527445,True,1,0.5962989051288848,False,zscore_only
2022-07-30,S004,P0009,Clothing,West,646,135,514,155.11,0,Sunny,0,175.72,Summer,0,198,21068,20939.850000000002,0.2089783281733746,3.143058275267556,True,-1,0.6405807577795387,True,both
2022-07-30,S004,P0014,Furniture,West,142,142,0,187.11,10,Sunny,0,170.52,Summer,0,124,21073,26569.620000000003,1.0,4.326724407798046,True,-1,0.643371741899491,True,both
2022-07-31,S001,P0007,Groceries,North,1383,234,0,31.57,5,Sunny,0,35.19,Summer,0,200,21106,7387.38,0.16919739696312364,0.2936346307606782,False,-1,0.6308566275948919,True,isolation_forest_only
2022-07-31,S005,P0009,Groceries,North,953,212,0,114.12,10,Sunny,0,127.26,Summer,0,196,21188,24193.440000000002,0.22245540398740818,3.827129612487349,True,-1,0.6474669581461702,True,both
2022-08-02,S005,P0005,Groceries,North,412,301,464,20.9,20,Rainy,1,25.24,Summer,0,280,21384,6290.9,0.7305825242718447,0.06309834935006431,False,-1,0.6264172281402497,True,isolation_forest_only
2022-08-03,S001,P0016,Groceries,North,209,196,729,56.28,0,Sunny,0,62.38,Summer,0,234,21415,11030.880000000001,0.937799043062201,1.0596850296002116,False,-1,0.6233146886871975,True,isolation_forest_only
2022-08-03,S001,P0020,Furniture,North,686,186,600,139.42,15,Sunny,1,122.07,Summer,0,160,21419,25932.12,0.27113702623906705,4.19268924126581,True,-1,0.6758097093598656,True,both
2022-08-03,S005,P0013,Groceries,North,676,306,719,108.71,10,Sunny,1,97.35,Summer,0,262,21492,33265.259999999995,0.4526627218934911,5.734491031233183,True,-1,0.7154692226484869,True,both
2022-08-03,S005,P0019,Furniture,North,44,44,446,159.11,20,Sunny,1,168.56,Summer,0,194,21498,7000.84,1.0,0.212364115825195,False,-1,0.618931691435358,True,isolation_forest_only
2022-08-04,S001,P0016,Groceries,North,369,275,0,64.09,0,Sunny,0,62.96,Summer,0,270,21515,17624.75,0.7452574525745257,2.446054384175766,False,-1,0.6177337672932056,True,isolation_forest_only
2022-08-04,S005,P0006,Groceries,North,732,253,1119,65.7,25,Sunny,1,75.62,Summer,0,241,21585,16622.100000000002,0.34562841530054644,2.2352459767662816,False,-1,0.6627092162502394,True,isolation_forest_only
2022-08-04,S005,P0009,Groceries,North,508,227,535,125.31,0,Sunny,0,133.93,Summer,0,191,21588,28445.37,0.4468503937007874,4.721103174265249,True,-1,0.6728909558158557,True,both
2022-08-04,S005,P0010,Groceries,North,177,177,798,87.12,10,Sunny,1,79.1,Summer,0,261,21589,15420.240000000002,1.0,1.982553419513837,False,-1,0.6198755027070717,True,isolation_forest_only
2022-08-04,S005,P0013,Groceries,North,370,249,0,93.19,15,Sunny,1,86.61,Summer,0,219,21592,23204.309999999998,0.672972972972973,3.6191638018645547,True,-1,0.6289933334177968,True,both
2022-08-05,S001,P0014,Groceries,North,533,241,578,102.96,0,Cloudy,0,109.17,Summer,0,223,21613,24813.359999999997,0.4521575984990619,3.9574685621919197,True,-1,0.665452071596967,True,both
2022-08-05,S002,P0003,Groceries,South,463,238,725,97.2,15,Cloudy,1,96.82,Summer,0,201,21622,23133.600000000002,0.5140388768898488,3.6042969365696633,True,-1,0.6617586117995893,True,both
2022-08-05,S004,P0007,Groceries,West,899,205,885,36.88,15,Cloudy,1,36.79,Summer,0,230,21666,7560.400000000001,0.22803114571746386,0.33001230058563125,False,-1,0.652089329504815,True,isolation_forest_only
2022-08-06,S001,P0004,Electronics,North,199,170,334,127.04,10,Sunny,1,120.33,Summer,0,167,21703,21596.8,0.8542713567839196,3.281182828449285,True,1,0.6044788599463666,False,zscore_only
2022-08-06,S001,P0016,Groceries,North,729,186,929,58.57,10,Sunny,1,70.36,Summer,0,303,21715,10894.02,0.2551440329218107,1.0309100446722086,False,-1,0.6169749869921178,True,isolation_forest_only
2022-08-06,S002,P0010,Groceries,South,221,184,235,112.01,20,Cloudy,1,103.89,Summer,0,249,21729,20609.84,0.832579185520362,3.0736732630208055,True,1,0.5891773276681479,False,zscore_only
2022-08-06,S002,P0011,Groceries,South,764,190,0,129.86,5,Cloudy,0,123.37,Summer,0,208,21730,24673.4,0.2486910994764398,3.928041798414897,True,-1,0.6331041808633576,True,both
2022-08-06,S002,P0019,Clothing,South,711,195,801,108.92,10,Cloudy,1,107.43,Summer,0,189,21738,21239.4,0.2742616033755274,3.2060390346945855,True,-1,0.6632146945528935,True,both
2022-08-06,S005,P0013,Groceries,North,719,214,0,99.67,0,Sunny,0,114.7,Summer,0,200,21792,21329.38,0.29763560500695413,3.2249574414154805,True,1,0.6086093510414688,False,zscore_only
2022-08-07,S002,P0001,Groceries,South,275,210,0,97.79,10,Rainy,0,84.52,Summer,0,181,21820,20535.9,0.7636363636363637,3.0581272862154827,True,1,0.5980969866545038,False,zscore_only
2022-08-07,S003,P0014,Groceries,East,667,182,753,99.09,25,Rainy,1,115.13,Summer,0,216,21853,18034.38,0.272863568215892,2.5321796002802364,False,-1,0.6243307145106524,True,isolation_forest_only
2022-08-07,S003,P0015,Groceries,East,263,242,786,105.21,25,Rainy,1,112.43,Summer,0,228,21854,25460.82,0.9201520912547528,4.093597831090682,True,-1,0.6935533177702632,True,both
2022-08-07,S005,P0006,Groceries,North,299,299,1447,107.68,10,Cloudy,1,101.06,Summer,0,373,21885,32196.320000000003,1.0,5.509745069016765,True,-1,0.7327575959636392,True,both
2022-08-07,S005,P0009,Groceries,North,618,205,688,125.67,0,Cloudy,0,133.51,Summer,0,192,21888,25762.35,0.33171521035598706,4.156994887976118,True,-1,0.6762614269889358,True,both
2022-08-08,S001,P0016,Groceries,North,339,339,0,59.75,20,Rainy,1,65.07,Summer,0,378,21915,20255.25,1.0,2.9991202752550556,False,-1,0.6418272021172823,True,isolation_forest_only
2022-08-08,S002,P0009,Groceries,South,307,240,470,76.34,15,Rainy,1,74.46,Summer,0,209,21928,18321.600000000002,0.7817589576547231,2.5925679618981015,False,-1,0.630875166322235,True,isolation_forest_only
2022-08-08,S002,P0020,Furniture,South,538,129,436,166.15,10,Rainy,1,150.44,Summer,0,173,21939,21433.350000000002,0.23977695167286245,3.2468172630066285,True,-1,0.6260873616210856,True,both
2022-08-08,S003,P0016,Electronics,East,454,199,0,111.7,10,Cloudy,1,135.03,Summer,0,167,21955,22228.3,0.43832599118942733,3.4139564875318062,True,1,0.5967648629337846,False,zscore_only
2022-08-09,S001,P0005,Groceries,North,816,231,749,79.07,0,Sunny,0,85.54,Summer,0,199,22004,18265.17,0.28308823529411764,2.5807034843335295,False,-1,0.6623579314272158,True,isolation_forest_only
2022-08-09,S001,P0010,Furniture,North,428,161,514,144.96,10,Sunny,1,173.11,Summer,0,146,22009,23338.56,0.37616822429906543,3.647390031051933,True,-1,0.6320172175223031,True,both
2022-08-09,S001,P0014,Groceries,North,568,204,737,105.26,10,Sunny,1,101.3,Summer,0,257,22013,21473.04,0.3591549295774648,3.255162134786494,True,-1,0.6471150255984616,True,both
2022-08-09,S004,P0007,Groceries,West,1324,236,0,41.85,0,Sunny,0,41.07,Summer,0,214,22066,9876.6,0.1782477341389728,0.8169962264240083,False,-1,0.6270758315920195,True,isolation_forest_only
2022-08-09,S004,P0010,Groceries,West,499,215,754,26.57,25,Sunny,1,31.7,Summer,0,208,22069,5712.55,0.4308617234468938,-0.058500456240396397,False,-1,0.617097529094182,True,isolation_forest_only
2022-08-09,S005,P0009,Groceries,North,304,211,0,110.06,15,Sunny,1,128.69,Summer,0,204,22088,23222.66,0.694078947368421,3.623021912148268,True,-1,0.6242625969036771,True,both
2022-08-09,S005,P0010,Groceries,North,500,256,869,80.9,15,Sunny,1,96.78,Summer,0,277,22089,20710.4,0.512,3.094816127878032,True,-1,0.6608158196639019,True,both
2022-08-10,S001,P0012,Groceries,North,177,177,610,124.18,10,Rainy,1,139.91,Summer,0,300,22111,21979.86,1.0,3.3617216690639338,True,-1,0.6528462297129117,True,both
2022-08-10,S002,P0004,Groceries,South,192,192,705,51.32,10,Cloudy,1,57.35,Summer,0,204,22123,9853.44,1.0,0.8121268076681077,False,-1,0.6213155076915704,True,isolation_forest_only
2022-08-10,S002,P0009,Groceries,South,470,236,577,82.33,15,Cloudy,1,72.92,Summer,0,242,22128,19429.88,0.502127659574468,2.8255852079598216,False,-1,0.6248131948253773,True,isolation_forest_only
2022-08-10,S002,P0011,Groceries,South,346,196,557,109.98,15,Cloudy,1,132.34,Summer,0,206,22130,21556.08,0.5664739884393064,3.272621397890552,True,-1,0.6305808022756836,True,both
2022-08-10,S004,P0001,Groceries,West,352,227,906,13.6,10,Sunny,0,15.61,Summer,0,207,22160,3087.2,0.6448863636363636,-0.6104835534253473,False,-1,0.6475601425629965,True,isolation_forest_only
2022-08-11,S001,P0012,Groceries,North,361,230,0,88.39,20,Cloudy,1,98.45,Summer,0,199,22211,20329.7,0.6371191135734072,3.014773480193605,True,1,0.5978499330008151,False,zscore_only
2022-08-11,S002,P0009,Groceries,South,234,234,0,90.07,10,Cloudy,1,82.4,Summer,0,257,22228,21076.379999999997,1.0,3.171763877285824,True,-1,0.6224529887975225,True,both
2022-08-11,S004,P0009,Clothing,West,7,7,441,108.38,15,Rainy,1,120.71,Summer,0,127,22268,758.66,1.0,-1.1000619795853053,False,-1,0.6365781501528367,True,isolation_forest_only
2022-08-11,S005,P0014,Furniture,North,235,130,0,187.16,0,Cloudy,0,225.76,Summer,0,111,22293,24330.8,0.5531914893617021,3.856009723036162,True,-1,0.6119999001528541,True,both
2022-08-12,S001,P0011,Furniture,North,111,111,293,179.42,15,Cloudy,1,177.76,Summer,0,140,22310,19915.62,1.0,2.9277126460639287,False,-1,0.6175671630426903,True,isolation_forest_only
2022-08-12,S002,P0001,Groceries,South,281,248,0,93.04,20,Cloudy,1,87.15,Summer,0,208,22320,23073.920000000002,0.8825622775800712,3.59174914246983,True,-1,0.6386025992433944,True,both
2022-08-12,S002,P0003,Groceries,South,298,199,473,99.5,5,Cloudy,0,95.75,Summer,0,167,22322,19800.5,0.6677852348993288,2.903508523128727,False,-1,0.6155266203190884,True,isolation_forest_only
2022-08-12,S002,P0011,Groceries,South,0,0,560,110.1,20,Cloudy,1,126.52,Summer,0,233,22330,0.0,0.0,-1.2595711865521229,False,-1,0.6505122757239592,True,isolation_forest_only
2022-08-12,S003,P0013,Groceries,East,730,188,791,77.39,15,Rainy,1,84.78,Summer,0,174,22352,14549.32,0.25753424657534246,1.799441408162848,False,-1,0.6170880007636262,True,isolation_forest_only
2022-08-12,S005,P0013,Groceries,North,481,214,684,88.5,10,Cloudy,1,96.12,Summer,0,195,22392,18939.0,0.44490644490644493,2.7223770784737917,False,-1,0.6265659589048181,True,isolation_forest_only
2022-08-13,S001,P0005,Groceries,North,954,231,933,74.31,15,Cloudy,1,78.59,Summer,0,242,22404,17165.61,0.24213836477987422,2.3495196290987295,False,-1,0.664087528377928,True,isolation_forest_only
2022-08-13,S001,P0009,Clothing,North,232,208,248,105.21,20,Cloudy,1,97.17,Summer,0,215,22408,21883.68,0.896551724137931,3.3414997046449995,True,-1,0.6243900703277063,True,both
2022-08-13,S001,P0010,Furniture,North,565,131,0,157.77,0,Cloudy,0,140.25,Summer,0,122,22409,20667.870000000003,0.23185840707964603,3.085874142571968,True,1,0.5711703433766822,False,zscore_only
2022-08-13,S005,P0009,Groceries,North,330,252,0,121.09,15,Cloudy,1,105.6,Summer,0,222,22488,30514.68,0.7636363636363637,5.1561781710602625,True,-1,0.6601707674037111,True,both
2022-08-13,S005,P0014,Furniture,North,568,126,0,169.95,10,Cloudy,0,187.87,Summer,0,114,22493,21413.699999999997,0.22183098591549297,3.24268582610881,True,1,0.588467496496135,False,zscore_only
2022-08-13,S005,P0019,Furniture,North,355,128,0,159.91,0,Cloudy,0,173.44,Summer,0,115,22498,20468.48,0.36056338028169016,3.0439521475055162,True,1,0.551541539098396,False,zscore_only
2022-08-14,S002,P0001,Groceries,South,693,174,654,110.9,5,Cloudy,0,107.89,Summer,0,210,22520,19296.600000000002,0.2510822510822511,2.797562922476816,False,-1,0.6307986151154293,True,isolation_forest_only
2022-08-14,S002,P0014,Electronics,South,603,138,626,140.31,10,Cloudy,1,150.99,Summer,0,170,22533,19362.78,0.22885572139303484,2.8114773496471734,False,-1,0.623025533192256,True,isolation_forest_only
2022-08-14,S003,P0003,Electronics,East,189,189,263,107.95,15,Sunny,1,117.96,Summer,0,221,22542,20402.55,1.0,3.0300902831455625,True,1,0.5991719000245633,False,zscore_only
2022-08-14,S005,P0006,Groceries,North,1974,176,0,66.12,10,Sunny,0,75.85,Summer,0,169,22585,11637.12,0.08915906788247213,1.1871477423194317,False,-1,0.615951339354034,True,isolation_forest_only
2022-08-14,S005,P0013,Groceries,North,242,242,0,112.94,5,Sunny,0,104.54,Summer,0,254,22592,27331.48,1.0,4.4869064187380445,True,-1,0.6565765765246021,True,both
2022-08-14,S005,P0014,Furniture,North,442,134,0,154.96,20,Sunny,1,163.32,Summer,0,122,22593,20764.64,0.3031674208144796,3.1062201552234567,True,1,0.5560093128243185,False,zscore_only
2022-08-15,S001,P0014,Groceries,North,622,218,789,86.22,20,Cloudy,1,77.18,Summer,0,221,22613,18795.96,0.3504823151125402,2.6923027408725817,False,-1,0.6448540955673917,True,isolation_forest_only
2022-08-15,S002,P0003,Groceries,South,473,213,0,109.91,0,Cloudy,0,132.52,Summer,0,206,22622,23410.829999999998,0.4503171247357294,3.6625848882837517,True,-1,0.6163235085023098,True,both
2022-08-15,S003,P0014,Groceries,East,322,212,0,107.25,15,Rainy,1,116.43,Summer,0,197,22653,22737.0,0.6583850931677019,3.52091129414349,True,-1,0.619798918464572,True,both
2022-08-15,S005,P0010,Groceries,North,752,213,866,73.47,20,Cloudy,1,88.66,Summer,0,260,22689,15649.11,0.28324468085106386,2.0306736211832215,False,-1,0.6489750632667602,True,isolation_forest_only
2022-08-16,S002,P0005,Electronics,South,321,188,0,113.35,10,Sunny,1,104.59,Summer,0,183,22724,21309.8,0.5856697819314641,3.2208407221045765,True,1,0.5783959079100496,False,zscore_only
2022-08-16,S002,P0010,Groceries,South,205,200,191,114.13,5,Sunny,0,103.17,Summer,0,184,22729,22826.0,0.975609756097561,3.539623654647598,True,-1,0.6215619175583038,True,both
2022-08-16,S002,P0011,Groceries,South,708,335,804,132.22,15,Sunny,1,148.74,Summer,0,290,22730,44293.7,0.4731638418079096,8.053234234355967,True,-1,0.7328924776117881,True,both
2022-08-16,S002,P0013,Groceries,South,519,304,855,32.3,15,Sunny,1,32.18,Summer,0,288,22732,9819.199999999999,0.5857418111753372,0.8049278051550662,False,-1,0.655152328865222,True,isolation_forest_only
2022-08-16,S002,P0020,Furniture,South,287,198,563,158.84,15,Sunny,1,187.08,Summer,0,198,22739,31450.32,0.6898954703832753,5.352897642768845,True,-1,0.6841808705104536,True,both
2022-08-16,S003,P0007,Groceries,East,752,204,719,16.06,25,Rainy,1,14.54,Summer,0,173,22746,3276.24,0.2712765957446808,-0.5707376587096549,False,-1,0.6364314703512667,True,isolation_forest_only
2022-08-16,S005,P0006,Groceries,North,1712,171,0,65.39,10,Cloudy,0,64.05,Summer,0,146,22785,11181.69,0.09988317757009346,1.0913930193488022,False,-1,0.6108345316066172,True,isolation_forest_only
2022-08-16,S005,P0013,Groceries,North,577,222,850,97.61,15,Cloudy,1,94.11,Summer,0,239,22792,21669.42,0.3847487001733102,3.296451273615671,True,-1,0.6607360719993797,True,both
2022-08-16,S005,P0015,Groceries,North,565,276,0,70.03,10,Cloudy,0,63.38,Summer,0,242,22794,19328.28,0.48849557522123893,2.8042236818113113,False,-1,0.6151896919030078,True,isolation_forest_only
2022-08-17,S001,P0016,Groceries,North,410,285,805,53.65,20,Cloudy,1,47.85,Summer,0,292,22815,15290.25,0.6951219512195121,1.9552228606157576,False,-1,0.661450225340961,True,isolation_forest_only
2022-08-17,S002,P0001,Groceries,South,869,188,0,114.04,5,Sunny,0,122.36,Summer,0,244,22820,21439.52,0.21634062140391255,3.2481145131674185,True,-1,0.6178830216657779,True,both
2022-08-17,S003,P0001,Toys,East,9,9,357,21.85,0,Cloudy,0,20.95,Summer,0,165,22840,196.65,1.0,-1.2182252798877085,False,-1,0.6096154626161313,True,isolation_forest_only
2022-08-17,S003,P0014,Groceries,East,581,198,889,148.96,0,Cloudy,0,168.88,Summer,0,270,22853,29494.08,0.3407917383820998,4.941595753863713,True,-1,0.6923325137912433,True,both
2022-08-17,S003,P0015,Groceries,East,436,268,1028,136.82,10,Cloudy,1,163.97,Summer,0,265,22854,36667.759999999995,0.6146788990825688,6.449870880842491,True,-1,0.7154644518411978,True,both
2022-08-17,S005,P0009,Groceries,North,229,179,0,114.17,10,Cloudy,0,97.21,Summer,0,176,22888,20436.43,0.7816593886462883,3.0372135952116213,True,1,0.5717729971574603,False,zscore_only
2022-08-17,S005,P0015,Groceries,North,289,276,520,56.56,25,Cloudy,1,68.19,Summer,0,251,22894,15610.560000000001,0.9550173010380623,2.0225684358188016,False,-1,0.6485977998231991,True,isolation_forest_only
2022-08-18,S002,P0003,Groceries,South,598,197,611,107.85,5,Sunny,0,99.24,Summer,0,198,22922,21246.449999999997,0.3294314381270903,3.207521305948,True,-1,0.6414413226495715,True,both
2022-08-18,S002,P0011,Groceries,South,209,196,0,107.96,10,Sunny,0,127.91,Summer,0,176,22930,21160.16,0.937799043062201,3.1893787263086804,True,1,0.5989707620029485,False,zscore_only
2022-08-18,S003,P0014,Groceries,East,383,275,0,123.16,15,Rainy,1,137.81,Summer,0,257,22953,33869.0,0.7180156657963447,5.861428115848357,True,-1,0.6708749115984671,True,both
2022-08-18,S004,P0012,Electronics,West,194,191,181,138.82,10,Sunny,0,165.89,Summer,0,197,22971,26514.62,0.9845360824742269,4.31516058950899,True,-1,0.6410963538371515,True,both
2022-08-18,S005,P0005,Groceries,North,0,0,443,21.64,10,Sunny,0,19.83,Summer,0,219,22984,0.0,0.0,-1.2595711865521229,False,-1,0.6292163056473774,True,isolation_forest_only
2022-08-19,S003,P0005,Toys,East,584,202,806,22.52,25,Cloudy,1,20.1,Summer,0,172,23044,4549.04,0.3458904109589041,-0.3031298783767448,False,-1,0.6125232767196721,True,isolation_forest_only
2022-08-19,S003,P0018,Furniture,East,711,156,0,147.72,15,Cloudy,1,141.94,Summer,0,138,23057,23044.32,0.21940928270042195,3.5855257057179006,True,-1,0.6104777800477376,True,both
2022-08-19,S004,P0020,Furniture,West,138,132,333,154.8,10,Cloudy,0,153.77,Summer,0,143,23079,20433.600000000002,0.9565217391304348,3.0366185841978393,True,1,0.6024944795516909,False,zscore_only
2022-08-20,S003,P0004,Groceries,East,711,261,627,28.32,15,Sunny,1,30.37,Summer,0,232,23143,7391.52,0.3670886075949367,0.2945050709009817,False,-1,0.6254620608122144,True,isolation_forest_only
2022-08-20,S004,P0002,Groceries,West,452,293,486,25.54,20,Rainy,1,22.31,Summer,0,248,23161,7483.219999999999,0.6482300884955752,0.3137851097574616,False,-1,0.62448640751003,True,isolation_forest_only
2022-08-20,S005,P0009,Groceries,North,293,243,974,153.84,15,Cloudy,1,130.87,Summer,0,338,23188,37383.12,0.8293515358361775,6.600276209047199,True,-1,0.7232782655767586,True,both
2022-08-21,S003,P0007,Groceries,East,821,214,787,20.04,15,Cloudy,1,21.97,Summer,0,233,23246,4288.5599999999995,0.26065773447015833,-0.35789612179371255,False,-1,0.6446486368246952,True,isolation_forest_only
2022-08-21,S005,P0006,Groceries,North,1189,203,0,83.56,0,Sunny,0,79.42,Summer,0,199,23285,16962.68,0.17073170731707318,2.3068533446369464,False,-1,0.622083388299876,True,isolation_forest_only
2022-08-22,S001,P0011,Furniture,North,138,127,319,172.55,20,Rainy,1,202.31,Summer,0,167,23310,21913.850000000002,0.9202898550724637,3.347842984604651,True,-1,0.6258997471595239,True,both
2022-08-22,S002,P0003,Groceries,South,591,245,635,113.08,5,Sunny,0,130.51,Summer,0,240,23322,27704.6,0.41455160744500846,4.5653553620109975,True,-1,0.6785649589149507,True,both
2022-08-22,S002,P0009,Groceries,South,346,219,763,87.9,25,Sunny,1,83.75,Summer,0,336,23328,19250.100000000002,0.6329479768786127,2.787786239741523,False,-1,0.643748261712444,True,isolation_forest_only
2022-08-22,S002,P0011,Groceries,South,520,308,937,115.62,25,Sunny,1,136.59,Summer,0,285,23330,35610.96,0.5923076923076923,6.227677368699328,True,-1,0.7149662600661999,True,both
2022-08-22,S003,P0013,Groceries,East,199,189,715,94.02,0,Sunny,0,109.92,Summer,0,186,23352,17769.78,0.949748743718593,2.4765471217477972,False,-1,0.6285807621925387,True,isolation_forest_only
2022-08-22,S003,P0015,Groceries,East,878,260,1020,130.5,5,Sunny,0,145.26,Summer,0,219,23354,33930.0,0.296127562642369,5.874253441587128,True,-1,0.7275140082491155,True,both
2022-08-22,S004,P0011,Clothing,West,641,262,787,76.93,10,Rainy,1,81.38,Summer,0,225,23370,20155.660000000003,0.40873634945397813,2.9781813541022006,False,-1,0.6654072072442369,True,isolation_forest_only
2022-08-23,S001,P0004,Electronics,North,386,184,0,119.04,15,Cloudy,1,105.63,Summer,0,164,23403,21903.36,0.47668393782383417,3.3456374490800656,True,1,0.5713633569775664,False,zscore_only
2022-08-23,S002,P0001,Groceries,South,217,210,0,102.4,10,Sunny,1,115.8,Summer,0,220,23420,21504.0,0.967741935483871,3.261671513227024,True,-1,0.614323449513422,True,both
2022-08-23,S004,P0001,Groceries,West,228,192,713,11.01,20,Cloudy,1,13.2,Summer,0,170,23460,2113.92,0.8421052631578947,-0.8151168818684764,False,-1,0.6239485170065204,True,isolation_forest_only
2022-08-23,S004,P0007,Groceries,West,700,216,902,34.22,15,Cloudy,1,32.35,Summer,0,198,23466,7391.5199999999995,0.30857142857142855,0.29450507090098155,False,-1,0.633459721538715,True,isolation_forest_only
2022-08-23,S005,P0001,Groceries,North,423,239,622,15.49,20,Cloudy,1,16.4,Summer,0,283,23480,3702.11,0.5650118203309693,-0.4811979624412887,False,-1,0.6105432161645127,True,isolation_forest_only
2022-08-24,S001,P0016,Groceries,North,207,207,578,50.84,10,Rainy,1,45.39,Summer,0,214,23515,10523.880000000001,1.0,0.9530876500992802,False,-1,0.6205323888881993,True,isolation_forest_only
2022-08-24,S003,P0011,Electronics,East,205,189,0,129.48,15,Cloudy,1,143.78,Summer,0,165,23550,24471.719999999998,0.9219512195121952,3.8856383280051383,True,-1,0.6220489737014997,True,both
2022-08-24,S004,P0020,Furniture,West,362,156,394,130.35,25,Sunny,1,138.6,Summer,0,165,23579,20334.6,0.430939226519337,3.015803711277538,True,1,0.5812263145366876,False,zscore_only
2022-08-25,S001,P0005,Groceries,North,802,178,874,61.9,20,Sunny,1,72.2,Summer,0,190,23604,11018.199999999999,0.22194513715710723,1.0570190438564797,False,-1,0.6178443773193878,True,isolation_forest_only
2022-08-25,S001,P0011,Furniture,North,387,133,394,221.73,0,Sunny,0,260.6,Summer,0,177,23610,29490.09,0.34366925064599485,4.940756851409653,True,-1,0.6526159469690967,True,both
2022-08-25,S002,P0011,Groceries,South,937,148,0,135.48,0,Sunny,0,115.74,Summer,0,204,23630,20051.039999999997,0.15795090715048027,2.9561848692039994,False,-1,0.6152314620056013,True,isolation_forest_only
2022-08-25,S003,P0014,Groceries,East,356,159,543,131.14,0,Cloudy,0,122.51,Summer,0,192,23653,20851.26,0.44662921348314605,3.124432117772511,True,-1,0.6103218038785057,True,both
2022-08-25,S005,P0005,Groceries,North,414,350,680,28.21,10,Sunny,1,24.57,Summer,0,347,23684,9873.5,0.8454106280193237,0.8163444475749887,False,-1,0.6525472473992617,True,isolation_forest_only
2022-08-25,S005,P0010,Groceries,North,390,225,831,67.51,25,Sunny,1,71.89,Summer,0,251,23689,15189.750000000002,0.5769230769230769,1.934092610833029,False,-1,0.6316548711891239,True,isolation_forest_only
2022-08-25,S005,P0011,Electronics,North,734,215,672,98.45,10,Sunny,0,88.06,Summer,0,183,23690,21166.75,0.29291553133514986,3.1907642819909507,True,-1,0.6585736612483284,True,both
2022-08-26,S001,P0011,Furniture,North,254,190,0,195.7,10,Rainy,1,231.86,Summer,0,170,23710,37183.0,0.7480314960629921,6.558200730574366,True,-1,0.6761293488297118,True,both
2022-08-26,S002,P0011,Groceries,South,789,209,641,115.51,20,Rainy,1,136.46,Summer,0,254,23730,24141.59,0.26489226869455007,3.8162280856093944,True,-1,0.6771006506442674,True,both
2022-08-26,S003,P0015,Groceries,East,1281,265,0,121.06,15,Cloudy,1,144.07,Summer,0,235,23754,32080.9,0.2068696330991413,5.485477870709077,True,-1,0.7037367372150025,True,both
2022-08-26,S005,P0006,Groceries,North,592,209,942,68.69,15,Rainy,1,75.42,Summer,0,206,23785,14356.21,0.3530405405405405,1.7588397908937654,False,-1,0.6258438558076344,True,isolation_forest_only
2022-08-26,S005,P0009,Groceries,North,1042,312,0,118.84,25,Rainy,1,107.46,Summer,0,270,23788,37078.08,0.29942418426103645,6.53614117030368,True,-1,0.6933586972212828,True,both
2022-08-27,S002,P0003,Groceries,South,565,198,604,102.35,10,Cloudy,0,92.95,Summer,0,199,23822,20265.3,0.3504424778761062,3.0012333002333285,True,-1,0.6296111058416877,True,both
2022-08-27,S003,P0015,Groceries,East,1016,206,0,115.15,10,Rainy,1,127.85,Summer,0,190,23854,23720.9,0.20275590551181102,3.727777490772615,True,-1,0.6495587045778788,True,both
2022-08-27,S004,P0002,Groceries,West,387,267,464,28.21,10,Cloudy,1,33.6,Summer,0,263,23861,7532.070000000001,0.689922480620155,0.3240558829105595,False,-1,0.6166825377186278,True,isolation_forest_only
2022-08-27,S005,P0013,Groceries,North,205,205,1000,104.76,25,Sunny,1,89.59,Summer,0,335,23892,21475.8,1.0,3.2557424282133627,True,-1,0.6827357013925263,True,both
2022-08-28,S001,P0014,Groceries,North,364,233,600,92.8,5,Cloudy,0,103.63,Summer,0,201,23913,21622.399999999998,0.6401098901098901,3.286565260234736,True,-1,0.6418814749193734,True,both
2022-08-28,S002,P0011,Groceries,South,459,226,0,137.62,0,Sunny,0,163.24,Summer,0,233,23930,31102.120000000003,0.4923747276688453,5.2796881604370425,True,-1,0.6414356718845823,True,both
2022-08-28,S002,P0012,Electronics,South,242,194,950,74.09,25,Sunny,1,83.03,Summer,0,226,23931,14373.460000000001,0.8016528925619835,1.762466624811697,False,-1,0.6283553185433388,True,isolation_forest_only
2022-08-28,S003,P0011,Electronics,East,237,162,401,153.46,10,Rainy,0,130.68,Summer,0,188,23950,24860.52,0.6835443037974683,3.9673840107466813,True,-1,0.6366476432467467,True,both
2022-08-28,S004,P0001,Groceries,West,689,189,866,13.15,20,Sunny,1,12.19,Summer,0,221,23960,2485.35,0.274310595065312,-0.7370232631938592,False,-1,0.6267386475146225,True,isolation_forest_only
2022-08-28,S004,P0003,Furniture,West,288,183,726,153.43,25,Sunny,1,172.19,Summer,0,204,23962,28077.690000000002,0.6354166666666666,4.643797997746703,True,-1,0.6764093077865289,True,both
2022-08-28,S004,P0004,Groceries,West,856,277,0,71.03,10,Sunny,0,75.89,Summer,0,240,23963,19675.31,0.3235981308411215,2.8771871701904206,False,-1,0.6377700020758199,True,isolation_forest_only
2022-08-30,S001,P0005,Groceries,North,1163,210,0,69.92,10,Cloudy,0,80.38,Summer,0,192,24104,14683.2,0.18056749785038692,1.827589844390826,False,-1,0.6136752136285311,True,isolation_forest_only
2022-08-30,S002,P0011,Groceries,South,721,195,0,135.42,0,Cloudy,0,148.0,Summer,0,226,24130,26406.899999999998,0.27045769764216365,4.29251232576177,True,-1,0.6307171929799402,True,both
2022-08-30,S003,P0014,Groceries,East,883,231,0,114.64,10,Sunny,0,122.92,Summer,0,201,24153,26481.84,0.26160815402038506,4.308268553808713,True,-1,0.6581142669800076,True,both
2022-08-30,S005,P0011,Electronics,North,628,219,860,109.35,0,Cloudy,0,95.18,Summer,0,182,24190,23947.649999999998,0.3487261146496815,3.775451959809767,True,-1,0.6750200682406644,True,both
2022-08-31,S003,P0011,Electronics,East,298,152,302,161.53,0,Sunny,0,140.83,Summer,0,167,24250,24552.56,0.5100671140939598,3.9026350383776345,True,-1,0.62133372393141,True,both
2022-09-01,S003,P0015,Groceries,East,428,209,923,125.0,10,Snowy,1,145.23,Autumn,0,224,24354,26125.0,0.4883177570093458,4.233242500749319,True,-1,0.681736473477724,True,both
2022-09-01,S004,P0010,Groceries,West,632,219,853,30.61,15,Sunny,1,35.47,Autumn,0,215,24369,6703.59,0.34651898734177217,0.14986693425388958,False,-1,0.6234453880179173,True,isolation_forest_only
2022-09-02,S001,P0014,Groceries,North,427,211,670,92.66,10,Sunny,1,82.18,Autumn,0,202,24413,19551.26,0.49414519906323184,2.8511055036675588,False,-1,0.6283400742396633,True,isolation_forest_only
2022-09-02,S003,P0005,Toys,East,14,14,408,21.63,10,Snowy,0,25.01,Autumn,0,113,24444,302.82,1.0,-1.1959029055649986,False,-1,0.611139438160581,True,isolation_forest_only
2022-09-02,S004,P0002,Groceries,West,263,263,612,29.18,15,Sunny,1,28.79,Autumn,0,282,24461,7674.34,1.0,0.3539683270557221,False,-1,0.6303666403474019,True,isolation_forest_only
2022-09-02,S004,P0014,Furniture,West,172,155,284,196.46,10,Sunny,1,235.66,Autumn,0,159,24473,30451.300000000003,0.9011627906976745,5.1428524473664385,True,-1,0.6696320173115493,True,both
2022-09-02,S004,P0020,Furniture,West,109,109,403,168.54,10,Sunny,1,162.03,Autumn,0,174,24479,18370.86,1.0,2.6029249380602626,False,-1,0.6143085197275435,True,isolation_forest_only
2022-09-02,S005,P0012,Furniture,North,246,145,0,161.3,0,Sunny,0,137.66,Autumn,0,126,24491,23388.5,0.5894308943089431,3.6578899780583947,True,1,0.5862568740808789,False,zscore_only
2022-09-03,S001,P0003,Clothing,North,583,341,1301,68.02,25,Sunny,1,77.16,Autumn,0,290,24502,23194.82,0.5849056603773585,3.617168517581589,True,-1,0.7054913085424676,True,both
2022-09-03,S003,P0014,Groceries,East,399,214,453,122.99,5,Sunny,0,122.16,Autumn,0,187,24553,26319.86,0.5363408521303258,4.274212057691235,True,-1,0.6543396947663516,True,both
2022-09-04,S001,P0012,Groceries,North,231,200,405,91.75,20,Cloudy,1,85.55,Autumn,0,194,24611,18350.0,0.8658008658008658,2.5985390971600864,False,-1,0.6108263792164569,True,isolation_forest_only
2022-09-04,S003,P0008,Clothing,East,212,183,324,139.23,10,Sunny,1,146.96,Autumn,0,197,24647,25479.089999999997,0.8632075471698113,4.097439121275064,True,-1,0.6420541786755013,True,both
2022-09-04,S003,P0011,Electronics,East,477,159,0,128.61,25,Sunny,1,116.19,Autumn,0,190,24650,20448.99,0.3333333333333333,3.0398543508063587,True,1,0.5572392135673858,False,zscore_only
2022-09-04,S003,P0016,Electronics,East,277,188,0,121.7,10,Sunny,1,141.76,Autumn,0,200,24655,22879.600000000002,0.6787003610108303,3.550893121198388,True,1,0.603021400285351,False,zscore_only
2022-09-05,S002,P0012,Electronics,South,989,263,973,95.22,10,Sunny,1,88.98,Autumn,0,233,24731,25042.86,0.2659251769464105,4.005721222143524,True,-1,0.7100568423459399,True,both
2022-09-05,S004,P0003,Furniture,West,286,156,0,161.81,10,Cloudy,0,138.33,Autumn,0,137,24762,25242.36,0.5454545454545454,4.0476663448465535,True,1,0.602853097493133,False,zscore_only
2022-09-06,S001,P0011,Furniture,North,140,140,284,153.87,20,Sunny,1,178.71,Autumn,0,126,24810,21541.8,1.0,3.2696190101602296,True,1,0.6078993589047469,False,zscore_only
2022-09-06,S003,P0011,Electronics,East,190,190,373,147.8,20,Snowy,1,133.3,Autumn,0,221,24850,28082.000000000004,1.0,4.644704180598083,True,-1,0.6691484646094902,True,both
2022-09-06,S004,P0001,Groceries,West,460,196,715,10.48,25,Sunny,1,12.25,Autumn,0,176,24860,2054.08,0.4260869565217391,-0.827698316166969,False,-1,0.6174054634821189,True,isolation_forest_only
2022-09-06,S005,P0006,Groceries,North,792,221,905,70.77,15,Sunny,1,68.37,Autumn,0,197,24885,15640.169999999998,0.27904040404040403,2.0287939750831456,False,-1,0.6532147147513868,True,isolation_forest_only
2022-09-07,S003,P0007,Groceries,East,732,190,641,15.08,25,Snowy,1,16.89,Autumn,0,169,24946,2865.2,0.25956284153005466,-0.6571593290648085,False,-1,0.6099848264980522,True,isolation_forest_only
2022-09-07,S004,P0018,Furniture,West,155,111,97,184.33,0,Cloudy,0,158.92,Autumn,0,98,24977,20460.63,0.7161290322580646,3.042301675258806,True,1,0.5903581103176252,False,zscore_only
2022-09-08,S001,P0003,Clothing,North,1249,239,0,58.93,25,Snowy,1,56.4,Autumn,0,202,25002,14084.27,0.19135308246597277,1.701664068247842,False,-1,0.6349617258226079,True,isolation_forest_only
2022-09-09,S003,P0014,Groceries,East,204,192,504,94.87,25,Snowy,1,85.87,Autumn,0,178,25153,18215.04,0.9411764705882353,2.57016358959116,False,-1,0.6242684935688075,True,isolation_forest_only
2022-09-09,S004,P0011,Clothing,West,723,216,934,69.84,20,Sunny,1,78.55,Autumn,0,234,25170,15085.44,0.2987551867219917,1.9121613038197305,False,-1,0.6409409913709094,True,isolation_forest_only
2022-09-09,S005,P0013,Groceries,North,510,237,678,89.76,10,Cloudy,1,99.94,Autumn,0,201,25192,21273.120000000003,0.4647058823529412,3.213128706561985,True,-1,0.6446455001937992,True,both
2022-09-10,S004,P0010,Groceries,West,171,171,905,33.6,10,Rainy,1,40.66,Autumn,0,231,25269,5745.6,1.0,-0.051551652704881996,False,-1,0.6113713863967657,True,isolation_forest_only
2022-09-11,S002,P0014,Electronics,South,213,160,505,127.41,15,Cloudy,1,108.83,Autumn,0,137,25333,20385.6,0.7511737089201878,3.026526524600117,True,-1,0.6177312604957609,True,both
2022-09-11,S003,P0014,Groceries,East,224,224,900,107.1,25,Cloudy,1,125.89,Autumn,0,250,25353,23990.399999999998,1.0,3.7844402003889877,True,-1,0.6955292552035693,True,both
2022-09-11,S003,P0015,Groceries,East,273,234,889,105.49,20,Cloudy,1,125.31,Autumn,0,202,25354,24684.66,0.8571428571428571,3.93040922739553,True,-1,0.6925375704857252,True,both
2022-09-12,S004,P0007,Groceries,West,0,0,542,28.96,20,Snowy,1,27.85,Autumn,0,158,25466,0.0,0.0,-1.2595711865521229,False,-1,0.6364831501614572,True,isolation_forest_only
2022-09-13,S004,P0004,Groceries,West,543,244,753,69.89,15,Sunny,1,77.86,Autumn,0,258,25563,17053.16,0.44935543278084716,2.3258768769786506,False,-1,0.6402175654399394,True,isolation_forest_only
2022-09-15,S001,P0009,Clothing,North,190,177,178,123.24,0,Cloudy,0,114.81,Autumn,0,189,25708,21813.48,0.9315789473684211,3.3267400674833323,True,1,0.5901733856071513,False,zscore_only
2022-09-15,S003,P0011,Electronics,East,275,213,461,158.05,15,Sunny,1,181.87,Autumn,0,246,25750,33664.65,0.7745454545454545,5.818463274623475,True,-1,0.6869720385669394,True,both
2022-09-15,S003,P0014,Groceries,East,1196,260,0,106.71,25,Sunny,1,120.64,Autumn,0,248,25753,27744.6,0.21739130434782608,4.573765411675765,True,-1,0.69760833295388,True,both
2022-09-15,S004,P0014,Furniture,West,132,132,350,189.63,15,Sunny,1,176.21,Autumn,0,148,25773,25031.16,1.0,4.003261282616581,True,-1,0.6480444257970613,True,both
2022-09-15,S005,P0006,Groceries,North,706,193,655,73.89,5,Cloudy,0,67.16,Autumn,0,171,25785,14260.77,0.273371104815864,1.7387734123936298,False,-1,0.6114354579113754,True,isolation_forest_only
2022-09-16,S001,P0005,Groceries,North,718,196,636,65.27,15,Snowy,1,59.75,Autumn,0,168,25804,12792.92,0.27298050139275765,1.430156127382896,False,-1,0.6110806136412297,True,isolation_forest_only
2022-09-16,S002,P0010,Groceries,South,241,201,188,120.12,10,Sunny,1,105.05,Autumn,0,227,25829,24144.120000000003,0.8340248962655602,3.8167600212506905,True,-1,0.6259341392798043,True,both
2022-09-16,S002,P0014,Electronics,South,681,145,0,140.71,0,Sunny,0,149.36,Autumn,0,133,25833,20402.95,0.21292217327459617,3.0301743836422106,True,1,0.580488384731675,False,zscore_only
2022-09-16,S003,P0007,Groceries,East,889,241,677,18.77,15,Sunny,1,21.19,Autumn,0,206,25846,4523.57,0.27109111361079863,-0.30848497750078574,False,-1,0.6502475545935839,True,isolation_forest_only
2022-09-16,S003,P0013,Groceries,East,325,237,770,100.13,5,Sunny,0,99.42,Autumn,0,211,25852,23730.809999999998,0.7292307692307692,3.7298610805770607,True,-1,0.6805811642511032,True,both
2022-09-16,S005,P0014,Furniture,North,35,35,341,189.46,0,Snowy,0,166.92,Autumn,0,99,25893,6631.1,1.0,0.13462582174891424,False,-1,0.6230808572466087,True,isolation_forest_only
2022-09-17,S001,P0011,Furniture,North,194,128,250,182.51,5,Cloudy,0,166.85,Autumn,0,109,25910,23361.28,0.6597938144329897,3.65216693926152,True,-1,0.6311852180092916,True,both
2022-09-17,S002,P0014,Electronics,South,536,146,506,140.79,5,Cloudy,0,137.03,Autumn,0,133,25933,20555.34,0.27238805970149255,3.0622145703525594,True,-1,0.6190859619121926,True,both
2022-09-17,S004,P0010,Groceries,West,1020,263,0,28.79,25,Cloudy,1,28.77,Autumn,0,221,25969,7571.7699999999995,0.257843137254902,0.33240285720284124,False,-1,0.6197156642570371,True,isolation_forest_only
2022-09-18,S001,P0003,Clothing,North,0,0,638,58.98,15,Rainy,1,68.48,Autumn,0,173,26002,0.0,0.0,-1.2595711865521229,False,-1,0.6411639800158748,True,isolation_forest_only
2022-09-18,S004,P0001,Groceries,West,686,232,957,12.98,20,Sunny,1,12.29,Autumn,0,216,26060,3011.36,0.33819241982507287,-0.626429007589747,False,-1,0.6487136965300393,True,isolation_forest_only
2022-09-18,S004,P0007,Groceries,West,545,305,877,40.7,10,Sunny,1,43.2,Autumn,0,272,26066,12413.5,0.5596330275229358,1.3503826012877413,False,-1,0.6559754810966961,True,isolation_forest_only
2022-09-19,S004,P0014,Furniture,West,233,177,280,203.3,10,Sunny,1,228.68,Autumn,0,171,26173,35984.1,0.759656652360515,6.306130516997114,True,-1,0.6846122370353819,True,both
2022-09-19,S004,P0018,Furniture,West,140,140,117,180.35,10,Sunny,1,205.33,Autumn,0,141,26177,25249.0,1.0,4.049062413090905,True,-1,0.6294684876307662,True,both
2022-09-20,S002,P0014,Electronics,South,156,142,0,143.84,0,Sunny,0,132.65,Autumn,0,124,26233,20425.28,0.9102564102564102,3.0348692938675668,True,1,0.5726243968913627,False,zscore_only
2022-09-20,S003,P0015,Groceries,East,670,166,704,112.3,20,Sunny,1,103.82,Autumn,0,207,26254,18641.8,0.24776119402985075,2.659890409464567,False,-1,0.624177379413537,True,isolation_forest_only
2022-09-20,S004,P0009,Clothing,West,547,144,547,157.17,0,Sunny,0,156.7,Autumn,0,183,26268,22632.48,0.263254113345521,3.498935834369452,True,-1,0.6428952982266702,True,both
2022-09-21,S004,P0014,Furniture,West,299,130,0,173.66,10,Sunny,0,200.39,Autumn,0,117,26373,22575.8,0.43478260869565216,3.4870187939944763,True,1,0.5890497244222074,False,zscore_only
2022-09-22,S003,P0008,Clothing,East,237,198,352,121.89,20,Snowy,1,108.23,Autumn,0,171,26447,24134.22,0.8354430379746836,3.81467853395866,True,-1,0.6397809494100902,True,both
2022-09-22,S005,P0019,Furniture,North,0,0,293,141.31,20,Rainy,1,132.84,Autumn,0,131,26498,0.0,0.0,-1.2595711865521229,False,-1,0.6412641013418401,True,isolation_forest_only
2022-09-23,S001,P0003,Clothing,North,1118,251,0,68.27,15,Sunny,1,64.92,Autumn,0,211,26502,17135.77,0.22450805008944544,2.3432457320488127,False,-1,0.6379166642771321,True,isolation_forest_only
2022-09-23,S002,P0010,Groceries,South,242,177,269,123.58,5,Sunny,0,130.2,Autumn,0,239,26529,21873.66,0.731404958677686,3.339392987203975,True,1,0.5972480735545603,False,zscore_only
2022-09-23,S002,P0014,Electronics,South,310,149,0,148.96,0,Sunny,0,142.52,Autumn,0,135,26533,22195.04,0.4806451612903226,3.406963531235552,True,1,0.5709310452068058,False,zscore_only
2022-09-24,S001,P0004,Electronics,North,211,164,273,127.89,5,Sunny,0,127.19,Autumn,0,150,26603,20973.96,0.7772511848341233,3.1502299451191864,True,1,0.5902664297775991,False,zscore_only
2022-09-24,S003,P0013,Groceries,East,697,289,1007,103.12,10,Sunny,0,115.86,Autumn,0,271,26652,29801.68,0.4146341463414634,5.006269035785777,True,-1,0.712269325196923,True,both
2022-09-25,S002,P0001,Groceries,South,444,228,736,90.27,25,Snowy,1,97.18,Autumn,0,245,26720,20581.559999999998,0.5135135135135135,3.067727357907814,True,-1,0.6380463601675584,True,both
2022-09-25,S004,P0013,Groceries,West,347,242,647,28.34,5,Cloudy,0,24.31,Autumn,0,213,26772,6858.28,0.6974063400576369,0.18239069881996262,False,-1,0.615006746480481,True,isolation_forest_only
2022-09-26,S001,P0007,Groceries,North,23,23,774,32.25,0,Sunny,0,30.29,Autumn,0,169,26806,741.75,1.0,-1.1036173280810857,False,-1,0.638376698919743,True,isolation_forest_only
2022-09-26,S001,P0010,Furniture,North,519,197,724,142.06,20,Sunny,1,156.79,Autumn,0,182,26809,27985.82,0.37957610789980734,4.624482216179147,True,-1,0.6733461913584293,True,both
2022-09-26,S003,P0002,Groceries,East,301,301,1027,83.27,20,Sunny,1,79.69,Autumn,0,327,26841,25064.27,1.0,4.010222701226592,True,-1,0.7157019278742867,True,both
2022-09-26,S003,P0004,Groceries,East,287,277,687,27.33,25,Sunny,1,27.15,Autumn,0,249,26843,7570.41,0.9651567944250871,0.3321169155142392,False,-1,0.6451061668993305,True,isolation_forest_only
2022-09-26,S003,P0014,Groceries,East,192,192,696,112.3,15,Sunny,1,100.32,Autumn,0,195,26853,21561.6,1.0,3.2737819847442893,True,-1,0.6620663126462096,True,both
2022-09-26,S004,P0001,Groceries,West,704,207,851,11.22,25,Rainy,1,9.79,Autumn,0,183,26860,2322.54,0.2940340909090909,-0.7712542678418801,False,-1,0.6448844594216409,True,isolation_forest_only
2022-09-26,S005,P0012,Furniture,North,328,143,462,152.66,10,Sunny,0,134.38,Autumn,0,143,26891,21830.38,0.43597560975609756,3.3302933134666968,True,-1,0.6113274838604525,True,both
2022-09-26,S005,P0013,Groceries,North,666,191,768,93.95,10,Sunny,0,102.75,Autumn,0,220,26892,17944.45,0.28678678678678676,2.5132717061214223,False,-1,0.6331321775305628,True,isolation_forest_only
2022-09-27,S002,P0005,Electronics,South,372,221,0,109.66,10,Sunny,1,123.4,Autumn,0,190,26924,24234.86,0.5940860215053764,3.8358382189152156,True,-1,0.6203105327690226,True,both
2022-09-27,S004,P0003,Furniture,West,149,140,0,145.36,15,Snowy,1,129.71,Autumn,0,120,26962,20350.4,0.9395973154362416,3.0191256808951223,True,1,0.5786535467015224,False,zscore_only
2022-09-28,S003,P0011,Electronics,East,277,164,0,133.37,15,Cloudy,1,125.22,Autumn,0,157,27050,21872.68,0.592057761732852,3.3391869409871884,True,1,0.5754407501604437,False,zscore_only
2022-09-29,S002,P0001,Groceries,South,598,168,719,105.32,10,Sunny,0,102.1,Autumn,0,211,27120,17693.76,0.2809364548494983,2.460563822359906,False,-1,0.6101415345465357,True,isolation_forest_only
2022-09-29,S005,P0012,Furniture,North,0,0,391,126.65,10,Rainy,0,144.94,Autumn,0,99,27191,0.0,0.0,-1.2595711865521229,False,-1,0.6451367394409033,True,isolation_forest_only
2022-10-02,S001,P0003,Clothing,North,850,274,1135,68.98,15,Sunny,1,81.48,Autumn,0,238,27402,18900.52,0.32235294117647056,2.714286610696285,False,-1,0.6860942690700972,True,isolation_forest_only
2022-10-02,S002,P0011,Groceries,South,494,223,510,100.13,20,Sunny,1,117.34,Autumn,0,193,27430,22328.989999999998,0.451417004048583,3.4351266850504425,True,-1,0.6419646889212552,True,both
2022-10-02,S003,P0013,Groceries,East,628,228,672,78.44,20,Rainy,1,86.49,Autumn,0,203,27452,17884.32,0.3630573248407643,2.50062929896286,False,-1,0.6349047117669648,True,isolation_forest_only
2022-10-02,S004,P0013,Groceries,West,311,297,911,27.05,20,Rainy,1,26.17,Autumn,0,268,27472,8033.85,0.954983922829582,0.42955575093023857,False,-1,0.6689001867221059,True,isolation_forest_only
2022-10-02,S005,P0014,Furniture,North,368,149,385,209.91,0,Sunny,0,192.53,Autumn,0,131,27493,31276.59,0.4048913043478261,5.316370694562343,True,-1,0.6679820040732484,True,both
2022-10-03,S001,P0016,Groceries,North,338,260,620,43.2,25,Snowy,1,40.04,Autumn,0,222,27515,11232.0,0.7692307692307693,1.1019707593146637,False,-1,0.628751642074247,True,isolation_forest_only
2022-10-04,S003,P0007,Groceries,East,834,141,810,20.68,5,Cloudy,0,23.36,Autumn,0,200,27646,2915.88,0.16906474820143885,-0.6465037961395476,False,-1,0.6159797076032701,True,isolation_forest_only
2022-10-04,S003,P0018,Furniture,East,352,134,459,159.1,5,Cloudy,0,153.3,Autumn,0,125,27657,21319.399999999998,0.3806818181818182,3.2228591340241204,True,-1,0.6114618767919496,True,both
2022-10-04,S004,P0014,Furniture,West,297,127,319,163.65,20,Sunny,1,179.18,Autumn,0,136,27673,20783.55,0.4276094276094276,3.1101960062024756,True,1,0.5864391094234147,False,zscore_only
2022-10-04,S004,P0018,Furniture,West,122,111,123,189.22,0,Sunny,0,225.62,Autumn,0,122,27677,21003.42,0.9098360655737705,3.1564239466972874,True,1,0.6001345129802137,False,zscore_only
2022-10-05,S003,P0016,Electronics,East,268,239,421,109.38,20,Snowy,1,118.85,Autumn,0,204,27755,26141.82,0.8917910447761194,4.236778926633353,True,-1,0.6674261789233068,True,both
2022-10-05,S004,P0014,Furniture,West,170,121,0,179.8,15,Sunny,1,163.57,Autumn,0,130,27773,21755.800000000003,0.711764705882353,3.314612775866738,True,1,0.6005243646078647,False,zscore_only
2022-10-08,S005,P0007,Groceries,North,364,230,409,105.32,10,Sunny,1,94.77,Autumn,0,205,28086,24223.6,0.6318681318681318,3.8334707899345832,True,-1,0.6459987366563568,True,both
2022-10-09,S004,P0001,Groceries,West,673,177,767,12.94,5,Sunny,0,13.88,Autumn,0,167,28160,2290.38,0.26300148588410105,-0.7780159477723534,False,-1,0.6132318350255457,True,isolation_forest_only
2022-10-09,S004,P0007,Groceries,West,574,215,825,38.36,0,Sunny,0,35.15,Autumn,0,179,28166,8247.4,0.37456445993031356,0.4744549035780173,False,-1,0.6144201028700762,True,isolation_forest_only
2022-10-09,S005,P0012,Furniture,North,185,154,570,152.22,10,Cloudy,1,132.24,Autumn,0,142,28191,23441.88,0.8324324324324325,3.669113189336028,True,-1,0.6528447126840254,True,both
2022-10-10,S002,P0005,Electronics,South,183,179,849,124.15,10,Cloudy,1,117.42,Autumn,0,220,28224,22222.850000000002,0.9781420765027322,3.412810618264982,True,-1,0.6757082388781034,True,both
2022-10-10,S003,P0004,Groceries,East,642,219,796,29.18,15,Sunny,1,31.22,Autumn,0,245,28243,6390.42,0.3411214953271028,0.08402255291600659,False,-1,0.6246987106000443,True,isolation_forest_only
2022-10-11,S003,P0014,Groceries,East,316,207,514,116.76,10,Sunny,1,131.47,Autumn,0,208,28353,24169.32,0.6550632911392406,3.8220583525394938,True,-1,0.650190607526246,True,both
2022-10-11,S004,P0004,Groceries,West,354,232,514,67.57,5,Sunny,0,80.46,Autumn,0,196,28363,15676.239999999998,0.655367231638418,2.03637773736835,False,-1,0.6121924660754438,True,isolation_forest_only
2022-10-12,S002,P0019,Clothing,South,290,176,772,125.72,0,Sunny,0,122.23,Autumn,0,205,28438,22126.72,0.6068965517241379,3.3925991664081288,True,-1,0.6484965725232247,True,both
2022-10-12,S002,P0020,Furniture,South,362,190,505,152.45,10,Sunny,1,164.01,Autumn,0,160,28439,28965.499999999996,0.5248618784530387,4.830461152568639,True,-1,0.6641280691125894,True,both
2022-10-13,S005,P0019,Furniture,North,280,153,266,143.33,20,Cloudy,1,123.04,Autumn,0,136,28598,21929.49,0.5464285714285714,3.3511313140235752,True,1,0.5908647835348642,False,zscore_only
2022-10-15,S002,P0014,Electronics,South,581,156,637,141.12,0,Sunny,0,170.54,Autumn,0,134,28733,22014.72,0.2685025817555938,3.369051027346779,True,-1,0.6423780298425432,True,both
2022-10-15,S005,P0006,Groceries,North,711,226,620,73.97,10,Sunny,0,68.31,Autumn,0,192,28785,16717.22,0.3178621659634318,2.255245074869099,False,-1,0.6283542610897837,True,isolation_forest_only
2022-10-16,S002,P0012,Electronics,South,211,211,625,83.95,10,Cloudy,1,75.16,Autumn,0,181,28831,17713.45,1.0,2.4647036693073887,False,-1,0.6394010566503723,True,isolation_forest_only
2022-10-16,S003,P0015,Groceries,East,234,190,0,119.91,5,Cloudy,0,110.44,Autumn,0,165,28854,22782.899999999998,0.811965811965812,3.530561826133811,True,-1,0.6113421732044242,True,both
2022-10-18,S004,P0007,Groceries,West,532,214,752,31.68,25,Sunny,1,29.9,Autumn,0,218,29066,6779.5199999999995,0.40225563909774437,0.16583131103003484,False,-1,0.6123833860995845,True,isolation_forest_only
2022-10-19,S004,P0020,Furniture,West,220,141,293,151.72,15,Sunny,1,148.96,Autumn,0,156,29179,21392.52,0.6409090909090909,3.2382327048113164,True,1,0.5932617781479848,False,zscore_only
2022-10-20,S003,P0015,Groceries,East,662,184,757,122.8,5,Cloudy,0,142.58,Autumn,0,194,29254,22595.2,0.27794561933534745,3.491097668081889,True,-1,0.6611400573950535,True,both
2022-10-21,S001,P0005,Groceries,North,624,223,857,62.02,25,Rainy,1,60.28,Autumn,0,196,29304,13830.460000000001,0.3573717948717949,1.6483002006124745,False,-1,0.6286574858099395,True,isolation_forest_only
2022-10-23,S001,P0007,Groceries,North,371,289,924,29.73,25,Sunny,1,25.44,Autumn,0,254,29506,8591.97,0.7789757412398922,0.546901173902743,False,-1,0.66515068894437,True,isolation_forest_only
2022-10-23,S001,P0011,Furniture,North,359,125,232,196.33,0,Sunny,0,229.72,Autumn,0,133,29510,24541.25,0.34818941504178275,3.9002570968349204,True,-1,0.6274197359327959,True,both
2022-10-24,S005,P0012,Furniture,North,446,186,862,135.27,25,Sunny,1,154.54,Autumn,0,185,29691,25160.22,0.4170403587443946,4.030396307859953,True,-1,0.6661475280021125,True,both
2022-10-26,S002,P0011,Groceries,South,17,17,611,102.28,20,Rainy,1,100.47,Autumn,0,181,29830,1738.76,1.0,-0.8939947376743331,False,-1,0.6340615744599732,True,isolation_forest_only
2022-10-27,S002,P0011,Groceries,South,398,200,0,110.98,25,Cloudy,1,107.15,Autumn,0,242,29930,22196.0,0.5025125628140703,3.407165372427506,True,1,0.5965853745962028,False,zscore_only
2022-10-28,S001,P0011,Furniture,North,144,110,273,185.34,10,Sunny,1,179.46,Autumn,0,132,30010,20387.4,0.7638888888888888,3.0269049768350325,True,-1,0.6114999548196334,True,both
2022-10-28,S001,P0020,Furniture,North,507,154,726,155.46,10,Sunny,1,145.97,Autumn,0,180,30019,23940.84,0.3037475345167653,3.774020148854341,True,-1,0.6542916428641685,True,both
2022-10-28,S005,P0001,Groceries,North,289,289,492,15.5,20,Sunny,1,16.71,Autumn,0,283,30080,4479.5,1.0,-0.31775074971894357,False,-1,0.6351418834002944,True,isolation_forest_only
2022-10-28,S005,P0014,Furniture,North,139,90,390,204.0,0,Sunny,0,182.65,Autumn,0,122,30093,18360.0,0.6474820143884892,2.6006416095762783,False,-1,0.6155836519688818,True,isolation_forest_only
2022-10-29,S001,P0012,Groceries,North,4,4,288,93.03,5,Sunny,0,85.25,Autumn,0,136,30111,372.12,1.0,-1.1813324945207884,False,-1,0.6146970093656854,True,isolation_forest_only
2022-10-30,S002,P0014,Electronics,South,358,163,590,128.27,10,Cloudy,0,150.65,Autumn,0,138,30233,20908.010000000002,0.4553072625698324,3.1363638757344012,True,-1,0.6156448700771804,True,both
2022-10-31,S003,P0020,Clothing,East,14,14,456,68.32,10,Snowy,0,72.58,Autumn,0,102,30359,956.4799999999999,1.0,-1.0584700789681964,False,-1,0.6156148554751796,True,isolation_forest_only
2022-11-01,S004,P0009,Clothing,West,371,200,651,136.53,15,Sunny,1,126.26,Autumn,0,192,30468,27306.0,0.5390835579514824,4.481549217101587,True,-1,0.6651843242046716,True,both
2022-11-01,S004,P0016,Furniture,West,4,4,506,158.93,0,Sunny,0,149.84,Autumn,0,152,30475,635.72,1.0,-1.1259102672299688,False,-1,0.6665977398466275,True,isolation_forest_only
2022-11-01,S005,P0009,Groceries,North,357,233,669,106.88,20,Cloudy,1,98.01,Autumn,0,196,30488,24903.039999999997,0.6526610644257703,3.9763238935403287,True,-1,0.6701074811535376,True,both
2022-11-02,S002,P0011,Groceries,South,299,186,558,123.78,10,Sunny,1,143.95,Autumn,0,232,30530,23023.08,0.6220735785953178,3.581059969345909,True,-1,0.6392449421257158,True,both
2022-11-02,S002,P0020,Furniture,South,206,183,0,144.19,15,Sunny,1,156.19,Autumn,0,161,30539,26386.77,0.8883495145631068,4.288279968267976,True,-1,0.6321691339226557,True,both
2022-11-02,S003,P0011,Electronics,East,258,164,314,125.0,20,Sunny,1,141.98,Autumn,0,174,30550,20500.0,0.6356589147286822,3.0505792666413534,True,1,0.5817758224282878,False,zscore_only
2022-11-02,S003,P0016,Electronics,East,270,203,288,107.32,20,Sunny,1,93.95,Autumn,0,177,30555,21785.96,0.7518518518518519,3.3209539533139716,True,-1,0.6245419111797179,True,both
2022-11-04,S001,P0007,Groceries,North,816,187,826,32.91,5,Sunny,0,35.29,Autumn,0,217,30706,6154.169999999999,0.22916666666666666,0.034350697083471826,False,-1,0.6227080074217564,True,isolation_forest_only
2022-11-04,S003,P0008,Clothing,East,425,191,0,132.94,10,Cloudy,1,132.71,Autumn,0,160,30747,25391.54,0.44941176470588234,4.0790316250713055,True,1,0.6078780930269925,False,zscore_only
2022-11-04,S003,P0011,Electronics,East,325,158,304,143.5,10,Cloudy,0,168.74,Autumn,0,182,30750,22673.0,0.48615384615384616,3.507455214679861,True,1,0.601054953922221,False,zscore_only
2022-11-04,S004,P0016,Furniture,West,741,164,0,133.38,10,Rainy,0,145.91,Autumn,0,146,30775,21874.32,0.2213225371120108,3.339531753023444,True,1,0.6070624590573405,False,zscore_only
2022-11-04,S005,P0009,Groceries,North,669,180,0,114.11,0,Sunny,0,124.84,Autumn,0,155,30788,20539.8,0.26905829596412556,3.058947266057797,True,1,0.579022110949154,False,zscore_only
2022-11-05,S003,P0004,Groceries,East,1053,249,0,29.66,15,Cloudy,1,29.41,Autumn,0,229,30843,7385.34,0.23646723646723647,0.2932057182277751,False,-1,0.615203559060093,True,isolation_forest_only
2022-11-05,S003,P0005,Toys,East,38,38,721,24.18,15,Cloudy,1,21.06,Autumn,0,153,30844,918.84,1.0,-1.0663839357027427,False,-1,0.6263529575413883,True,isolation_forest_only
2022-11-05,S003,P0016,Electronics,East,453,182,0,115.82,10,Cloudy,1,115.82,Autumn,0,161,30855,21079.239999999998,0.40176600441501104,3.172365195836855,True,1,0.5603555725390025,False,zscore_only
2022-11-06,S002,P0001,Groceries,South,521,222,675,99.18,15,Cloudy,1,109.78,Autumn,0,231,30920,22017.960000000003,0.42610364683301344,3.3697322413696256,True,-1,0.6465645700098269,True,both
2022-11-06,S003,P0015,Groceries,East,395,193,849,112.59,15,Sunny,1,112.27,Autumn,0,184,30954,21729.87,0.48860759493670886,3.309160961171551,True,-1,0.6519042412210027,True,both
2022-11-06,S003,P0016,Electronics,East,271,237,434,135.89,10,Sunny,0,132.2,Autumn,0,225,30955,32205.929999999997,0.8745387453874539,5.5117655834487245,True,-1,0.6857080851683776,True,both
2022-11-07,S002,P0001,Groceries,South,299,244,0,103.63,10,Cloudy,1,103.22,Autumn,0,204,31020,25285.719999999998,0.8160535117056856,4.056782838683162,True,-1,0.6455604501551226,True,both
2022-11-07,S003,P0011,Electronics,East,289,155,276,133.09,5,Snowy,0,146.01,Autumn,0,135,31050,20628.95,0.5363321799307958,3.0776911642481486,True,1,0.5722958637328307,False,zscore_only
2022-11-08,S001,P0006,Toys,North,368,220,698,48.11,15,Cloudy,1,53.91,Autumn,0,208,31105,10584.2,0.5978260869565217,0.96577000499375,False,-1,0.6184081078558047,True,isolation_forest_only
2022-11-08,S002,P0014,Electronics,South,115,115,914,148.26,10,Sunny,1,165.38,Autumn,0,191,31133,17049.899999999998,1.0,2.3251914579309716,False,-1,0.6454776811329593,True,isolation_forest_only
2022-11-08,S004,P0006,Groceries,West,304,237,489,48.22,10,Rainy,1,43.66,Autumn,0,217,31165,11428.14,0.7796052631578947,1.1432094378458522,False,-1,0.6124184776560543,True,isolation_forest_only
2022-11-09,S001,P0012,Groceries,North,145,145,669,120.39,10,Sunny,1,137.44,Autumn,0,285,31211,17456.55,1.0,2.4106901253354174,False,-1,0.6177654315504929,True,isolation_forest_only
2022-11-09,S003,P0011,Electronics,East,331,163,368,144.27,10,Rainy,1,141.09,Autumn,0,165,31250,23516.010000000002,0.49244712990936557,3.6846991138772585,True,-1,0.6189815932331597,True,both
2022-11-09,S004,P0014,Furniture,West,303,133,0,180.85,10,Rainy,0,170.36,Autumn,0,113,31273,24053.05,0.4389438943894389,3.7976124406764304,True,1,0.6057929081478193,False,zscore_only
2022-11-09,S005,P0014,Furniture,North,427,127,314,194.59,0,Sunny,0,220.2,Autumn,0,123,31293,24712.93,0.297423887587822,3.936353029996104,True,-1,0.6335426689688172,True,both
2022-11-10,S003,P0016,Electronics,East,278,278,646,120.4,25,Sunny,1,133.79,Autumn,0,276,31355,33471.200000000004,1.0,5.777790171932242,True,-1,0.7160069610455062,True,both
2022-11-10,S003,P0017,Furniture,East,588,151,683,130.22,20,Sunny,1,151.84,Autumn,0,169,31356,19663.22,0.2568027210884354,2.8746452326792444,False,-1,0.6250418230086486,True,isolation_forest_only
2022-11-10,S004,P0004,Groceries,West,706,233,722,72.13,10,Sunny,1,82.71,Autumn,0,247,31363,16806.289999999997,0.330028328611898,2.27397215296012,False,-1,0.6391606553280096,True,isolation_forest_only
2022-11-11,S004,P0014,Furniture,West,132,129,249,178.46,5,Rainy,0,193.01,Autumn,0,108,31473,23021.34,0.9772727272727273,3.580694132185492,True,-1,0.6344224535122859,True,both
2022-11-12,S001,P0003,Clothing,North,775,185,984,59.42,25,Sunny,1,67.08,Autumn,0,227,31502,10992.7,0.23870967741935484,1.0516576371951907,False,-1,0.6220189509318974,True,isolation_forest_only
2022-11-12,S001,P0007,Groceries,North,850,224,783,31.83,10,Sunny,0,30.99,Autumn,0,205,31506,7129.92,0.2635294117647059,0.23950334609340052,False,-1,0.6493312855995597,True,isolation_forest_only
2022-11-12,S004,P0001,Groceries,West,398,228,988,12.24,20,Rainy,1,14.2,Autumn,0,213,31560,2790.7200000000003,0.5728643216080402,-0.6728188415406059,False,-1,0.6443763835768073,True,isolation_forest_only
2022-11-12,S005,P0014,Furniture,North,478,125,0,194.22,0,Sunny,0,168.56,Autumn,0,106,31593,24277.5,0.2615062761506276,3.8448033318578583,True,-1,0.6097364856503421,True,both
2022-11-13,S004,P0014,Furniture,West,249,140,320,179.95,20,Sunny,1,208.73,Autumn,0,170,31673,25193.0,0.5622489959839357,4.03728834356023,True,-1,0.6404349830671706,True,both
2022-11-14,S002,P0014,Electronics,South,1101,146,0,148.32,5,Rainy,0,137.51,Autumn,0,152,31733,21654.719999999998,0.13260672116257946,3.2933605803638684,True,-1,0.6488920743211569,True,both
2022-11-14,S004,P0014,Furniture,West,109,109,0,203.72,0,Sunny,0,235.97,Autumn,0,134,31773,22205.48,1.0,3.409158554198056,True,-1,0.6160486914922649,True,both
2022-11-15,S002,P0019,Clothing,South,600,204,603,86.84,25,Cloudy,1,73.88,Autumn,0,172,31838,17715.36,0.34,2.465105249178881,False,-1,0.6229911468381499,True,isolation_forest_only
2022-11-15,S003,P0008,Clothing,East,171,167,371,124.16,25,Sunny,1,106.7,Autumn,0,203,31847,20734.72,0.9766081871345029,3.0999294380742106,True,-1,0.609869533977639,True,both
2022-11-15,S003,P0014,Groceries,East,126,126,784,129.34,20,Sunny,1,128.61,Autumn,0,284,31853,16296.84,1.0,2.166859657917222,False,-1,0.6235688197942102,True,isolation_forest_only
2022-11-15,S004,P0014,Furniture,West,320,100,357,205.75,10,Cloudy,1,204.3,Autumn,0,157,31873,20575.0,0.3125,3.0663481097627927,True,1,0.606131986028273,False,zscore_only
2022-11-15,S005,P0014,Furniture,North,169,169,577,182.63,25,Cloudy,1,179.09,Autumn,0,185,31893,30864.469999999998,1.0,5.229721952866241,True,-1,0.7007191796497565,True,both
2022-11-16,S003,P0016,Electronics,East,202,202,0,127.53,15,Sunny,1,111.98,Autumn,0,222,31955,25761.06,1.0,4.1567236638744305,True,-1,0.6389586241259244,True,both
2022-11-16,S003,P0018,Furniture,East,412,181,648,147.89,20,Sunny,1,140.61,Autumn,0,159,31957,26768.089999999997,0.4393203883495146,4.368452971722205,True,-1,0.6563076480596878,True,both
2022-11-16,S005,P0007,Groceries,North,301,263,546,113.09,10,Sunny,1,98.9,Autumn,0,235,31986,29742.670000000002,0.8737541528239202,4.9938621100178295,True,-1,0.6944866253700137,True,both
2022-11-16,S005,P0014,Furniture,North,376,150,0,187.74,5,Sunny,0,214.87,Autumn,0,128,31993,28161.0,0.39893617021276595,4.6613140286859975,True,-1,0.6311452186736188,True,both
2022-11-17,S002,P0014,Electronics,South,807,130,886,149.89,10,Rainy,1,179.98,Autumn,0,195,32033,19485.699999999997,0.161090458488228,2.837321432267004,False,-1,0.6707414607890263,True,isolation_forest_only
2022-11-17,S003,P0007,Groceries,East,706,188,817,19.03,10,Sunny,0,21.31,Autumn,0,188,32046,3577.6400000000003,0.26628895184135976,-0.5073679344856298,False,-1,0.6189647701003556,True,isolation_forest_only
2022-11-17,S003,P0014,Groceries,East,520,337,0,121.48,25,Sunny,1,134.88,Autumn,0,311,32053,40938.76,0.6480769230769231,7.34785393379807,True,-1,0.6797297076185145,True,both
2022-11-17,S004,P0014,Furniture,West,487,137,0,174.38,25,Rainy,1,208.78,Autumn,0,182,32073,23890.059999999998,0.2813141683778234,3.7633435908049173,True,1,0.6009879544136926,False,zscore_only
2022-11-17,S005,P0014,Furniture,North,226,118,0,183.04,10,Snowy,1,156.53,Autumn,0,121,32093,21598.719999999998,0.5221238938053098,3.2815865108331934,True,1,0.5958956937232918,False,zscore_only
2022-11-18,S002,P0014,Electronics,South,677,157,0,142.41,15,Rainy,1,138.27,Autumn,0,178,32133,22358.37,0.23190546528803546,3.4413038665292146,True,1,0.6040430531504489,False,zscore_only
2022-11-18,S005,P0014,Furniture,North,685,125,0,192.06,20,Cloudy,1,202.24,Autumn,0,200,32193,24007.5,0.18248175182481752,3.7880354966206755,True,-1,0.6352030048478629,True,both
2022-11-19,S002,P0014,Electronics,South,520,143,0,144.07,0,Snowy,0,153.96,Autumn,0,141,32233,20602.01,0.275,3.072026995798927,True,1,0.5576750328671042,False,zscore_only
2022-11-19,S003,P0018,Furniture,East,39,39,544,154.51,15,Sunny,1,145.75,Autumn,0,153,32257,6025.889999999999,1.0,0.007379667808561677,False,-1,0.6342993572053154,True,isolation_forest_only
2022-11-19,S004,P0011,Clothing,West,32,32,695,69.43,10,Sunny,0,59.65,Autumn,0,164,32270,2221.76,1.0,-0.7924433879722624,False,-1,0.6219299798725443,True,isolation_forest_only
2022-11-19,S004,P0012,Electronics,West,206,198,195,132.8,15,Sunny,1,132.33,Autumn,0,182,32271,26294.4,0.9611650485436893,4.268859061079611,True,-1,0.6410969709342743,True,both
2022-11-19,S004,P0014,Furniture,West,257,130,273,185.18,10,Sunny,0,173.53,Autumn,0,121,32273,24073.4,0.5058365758754864,3.8018910534433807,True,-1,0.6257205002844322,True,both
2022-11-19,S004,P0015,Furniture,West,277,192,559,115.84,10,Sunny,1,128.74,Autumn,0,166,32274,22241.28,0.6931407942238267,3.416685548648023,True,-1,0.638583474274396,True,both
2022-11-19,S005,P0014,Furniture,North,560,126,0,184.64,10,Rainy,0,164.0,Autumn,0,124,32293,23264.64,0.225,3.6318482592714414,True,-1,0.6141525188039911,True,both
2022-11-20,S003,P0011,Electronics,East,290,163,301,151.26,0,Sunny,0,174.01,Autumn,0,162,32350,24655.379999999997,0.5620689655172414,3.9242530710409187,True,-1,0.6232962217491934,True,both
2022-11-20,S004,P0014,Furniture,West,127,115,0,182.88,5,Rainy,0,165.63,Autumn,0,100,32373,21031.2,0.905511811023622,3.1622647261894694,True,1,0.6034585156520503,False,zscore_only
2022-11-20,S005,P0009,Groceries,North,554,191,669,117.01,15,Snowy,1,102.48,Autumn,0,208,32388,22348.91,0.3447653429602888,3.439314889783497,True,-1,0.6429566573775236,True,both
2022-11-21,S002,P0014,Electronics,South,1187,165,0,143.62,10,Snowy,0,156.86,Autumn,0,179,32433,23697.3,0.13900589721988205,3.7228155614704024,True,-1,0.6703791521905588,True,both
2022-11-21,S003,P0014,Groceries,East,657,186,0,122.3,0,Cloudy,0,144.77,Autumn,0,185,32453,22747.8,0.2831050228310502,3.5231820075529776,True,1,0.6062937676222142,False,zscore_only
2022-11-21,S005,P0007,Groceries,North,289,204,355,97.81,15,Cloudy,1,84.08,Autumn,0,198,32486,19953.24,0.7058823529411765,2.935622297773643,False,-1,0.6124293758684723,True,isolation_forest_only
2022-11-21,S005,P0014,Furniture,North,333,131,291,168.89,10,Cloudy,0,178.53,Autumn,0,112,32493,22124.589999999997,0.3933933933933934,3.392151331263479,True,1,0.6002287675629363,False,zscore_only
2022-11-22,S001,P0014,Groceries,North,523,199,720,92.33,10,Rainy,1,78.62,Autumn,0,200,32513,18373.67,0.38049713193116635,2.6035157440492123,False,-1,0.620536580080963,True,isolation_forest_only
2022-11-22,S003,P0007,Groceries,East,786,151,1029,21.59,10,Cloudy,1,21.3,Autumn,0,219,32546,3260.09,0.1921119592875318,-0.5741332162618048,False,-1,0.6158165057406865,True,isolation_forest_only
2022-11-22,S004,P0014,Furniture,West,226,159,296,186.78,10,Cloudy,1,219.45,Autumn,0,141,32573,29698.02,0.7035398230088495,4.984474392079532,True,-1,0.6647410732127242,True,both
2022-11-23,S003,P0015,Groceries,East,791,184,0,110.95,10,Rainy,0,99.38,Autumn,0,157,32654,20414.8,0.23261694058154236,3.032665860855398,True,1,0.6027824522407981,False,zscore_only
2022-11-23,S004,P0001,Groceries,West,561,192,757,14.12,10,Sunny,1,16.77,Autumn,0,223,32660,2711.04,0.3422459893048128,-0.6895716604728233,False,-1,0.6144185638102104,True,isolation_forest_only
2022-11-23,S004,P0013,Groceries,West,351,299,872,25.01,25,Sunny,1,22.66,Autumn,0,262,32672,7477.990000000001,0.8518518518518519,0.3126854957637935,False,-1,0.6679744612976068,True,isolation_forest_only
2022-11-23,S004,P0018,Furniture,West,147,130,148,172.46,10,Sunny,1,181.7,Autumn,0,126,32677,22419.8,0.8843537414965986,3.454219600301882,True,1,0.6059692469947494,False,zscore_only
2022-11-24,S001,P0007,Groceries,North,208,199,892,31.0,10,Sunny,1,28.63,Autumn,0,194,32706,6169.0,0.9567307692307693,0.03746872299668465,False,-1,0.6375109739963566,True,isolation_forest_only
2022-11-24,S002,P0014,Electronics,South,870,154,0,134.53,10,Sunny,0,144.19,Autumn,0,154,32733,20717.62,0.17701149425287357,3.096334141842522,True,-1,0.6135508345789548,True,both
2022-11-25,S003,P0017,Furniture,East,468,167,475,127.81,15,Cloudy,1,154.33,Autumn,0,141,32856,21344.27,0.35683760683760685,3.22808808240319,True,1,0.6088408942015497,False,zscore_only
2022-11-26,S001,P0010,Furniture,North,133,133,536,177.46,0,Sunny,0,163.89,Autumn,0,162,32909,23602.18,1.0,3.702816463367584,True,-1,0.6665665301557675,True,both
2022-11-26,S002,P0007,Toys,South,457,248,714,35.52,15,Cloudy,1,30.6,Autumn,0,213,32926,8808.960000000001,0.5426695842450766,0.5925235908216921,False,-1,0.6268599875698336,True,isolation_forest_only
2022-11-26,S003,P0007,Groceries,East,1397,302,0,19.94,25,Sunny,1,23.97,Autumn,0,289,32946,6021.88,0.21617752326413744,0.006536560329668855,False,-1,0.65124193714129,True,isolation_forest_only
2022-11-26,S005,P0013,Groceries,North,431,238,638,97.46,5,Sunny,0,117.26,Autumn,0,212,32992,23195.48,0.5522041763341067,3.6173072834010584,True,-1,0.6595502793264555,True,both
2022-11-26,S005,P0014,Furniture,North,209,122,310,174.87,5,Sunny,0,192.89,Autumn,0,106,32993,21334.14,0.583732057416268,3.2259582373255875,True,-1,0.612284104071526,True,both
2022-11-28,S004,P0001,Groceries,West,712,207,797,15.44,0,Sunny,0,13.52,Autumn,0,195,33160,3196.08,0.2907303370786517,-0.5875913982378494,False,-1,0.6407799797983345,True,isolation_forest_only
2022-11-28,S004,P0014,Furniture,West,223,162,250,184.76,10,Sunny,0,217.3,Autumn,0,137,33173,29931.12,0.726457399103139,5.033483956500966,True,-1,0.665112582469299,True,both
2022-11-29,S004,P0003,Furniture,West,260,121,0,170.43,0,Sunny,0,167.09,Autumn,0,119,33262,20622.030000000002,0.4653846153846154,3.076236225656144,True,1,0.5591350547124567,False,zscore_only
2022-12-03,S003,P0020,Clothing,East,240,201,738,78.79,15,Snowy,1,92.51,Winter,0,170,33659,15836.79,0.8375,2.070133574210312,False,-1,0.623439725116744,True,isolation_forest_only
2022-12-03,S004,P0010,Groceries,West,672,208,769,27.16,25,Sunny,1,26.78,Winter,0,196,33669,5649.28,0.30952380952380953,-0.07180305229764289,False,-1,0.6255122647433652,True,isolation_forest_only
2022-12-03,S004,P0018,Furniture,West,117,117,123,187.78,10,Sunny,1,186.88,Winter,0,138,33677,21970.26,1.0,3.359703257144389,True,1,0.6088930383070772,False,zscore_only
2022-12-04,S001,P0003,Clothing,North,691,230,965,75.96,0,Cloudy,0,80.65,Winter,0,209,33702,17470.8,0.33285094066570187,2.413686205528491,False,-1,0.6522018924168308,True,isolation_forest_only
2022-12-05,S002,P0019,Clothing,South,429,215,0,111.63,10,Sunny,1,105.5,Winter,0,199,33838,24000.45,0.5011655011655012,3.7865532253672614,True,-1,0.6142471200107352,True,both
2022-12-05,S003,P0020,Clothing,East,335,210,0,97.69,0,Cloudy,0,114.94,Winter,0,190,33859,20514.899999999998,0.6268656716417911,3.0537120101414787,True,1,0.5890796412886662,False,zscore_only
2022-12-06,S001,P0011,Furniture,North,166,142,0,169.39,10,Sunny,0,190.25,Winter,0,119,33910,24053.379999999997,0.8554216867469879,3.7976818235861636,True,1,0.6063603927865182,False,zscore_only
2022-12-06,S002,P0010,Groceries,South,241,173,240,119.66,5,Sunny,0,113.87,Winter,0,203,33929,20701.18,0.7178423236514523,3.092877611430303,True,1,0.5812730043991203,False,zscore_only
2022-12-06,S003,P0011,Electronics,East,228,177,0,140.78,5,Cloudy,0,148.35,Winter,0,155,33950,24918.06,0.7763157894736842,3.97948186718945,True,1,0.6095046673096522,False,zscore_only
2022-12-07,S003,P0008,Clothing,East,311,194,479,153.96,10,Cloudy,1,135.76,Winter,0,217,34047,29868.24,0.6237942122186495,5.020263358427951,True,-1,0.6684543131468884,True,both
2022-12-08,S001,P0011,Furniture,North,252,127,257,183.29,0,Sunny,0,198.89,Winter,0,111,34110,23277.829999999998,0.503968253968254,3.634621473148399,True,-1,0.6238122447369499,True,both
2022-12-08,S002,P0011,Groceries,South,784,212,0,123.38,0,Sunny,0,137.13,Winter,0,187,34130,26156.559999999998,0.27040816326530615,4.23987802993482,True,-1,0.6462883440225501,True,both
2022-12-08,S003,P0020,Clothing,East,652,231,973,96.35,10,Cloudy,1,84.35,Winter,0,206,34159,22256.85,0.35429447852760737,3.4199591604800337,True,-1,0.6683663490600406,True,both
2022-12-08,S005,P0001,Groceries,North,376,262,473,17.16,15,Sunny,1,16.07,Winter,0,278,34180,4495.92,0.6968085106382979,-0.31429842433155636,False,-1,0.6196985374758455,True,isolation_forest_only
2022-12-09,S001,P0003,Clothing,North,982,242,0,76.98,0,Sunny,0,87.33,Winter,0,215,34202,18629.16,0.24643584521384929,2.6572328337705002,False,-1,0.6319847320412827,True,isolation_forest_only
2022-12-09,S001,P0011,Furniture,North,125,121,0,181.91,0,Sunny,0,194.76,Winter,0,108,34210,22011.11,0.968,3.3682920203645335,True,-1,0.6182478458965109,True,both
2022-12-09,S002,P0013,Groceries,South,339,220,772,30.94,10,Cloudy,1,34.95,Winter,0,264,34232,6806.8,0.6489675516224189,0.1715669649014066,False,-1,0.6268666519195787,True,isolation_forest_only
2022-12-09,S002,P0014,Electronics,South,183,141,414,143.74,0,Cloudy,0,134.47,Winter,0,123,34233,20267.34,0.7704918032786885,3.001662212766232,True,1,0.6031052465941298,False,zscore_only
2022-12-09,S002,P0016,Clothing,South,413,225,387,90.28,25,Cloudy,1,95.72,Winter,0,203,34235,20313.0,0.5447941888619855,3.011262284458564,True,-1,0.613508860331714,True,both
2022-12-09,S004,P0007,Groceries,West,225,225,853,33.68,20,Sunny,1,28.62,Winter,0,217,34266,7578.0,1.0,0.33371272243812894,False,-1,0.6496159108901512,True,isolation_forest_only
2022-12-12,S002,P0019,Clothing,South,580,156,777,110.08,0,Snowy,0,122.73,Winter,0,173,34538,17172.48,0.2689655172413793,2.350964055128653,False,-1,0.6102340978327103,True,isolation_forest_only
2022-12-12,S003,P0008,Clothing,East,290,165,413,146.18,5,Cloudy,0,169.08,Winter,0,195,34547,24119.7,0.5689655172413793,3.81162568593035,True,-1,0.6255215202230759,True,both
2022-12-13,S003,P0011,Electronics,East,258,182,0,139.88,10,Snowy,0,131.3,Winter,0,153,34650,25458.16,0.7054263565891473,4.093038562787976,True,-1,0.614762416302488,True,both
2022-12-13,S004,P0018,Furniture,West,117,117,170,208.61,10,Cloudy,1,199.14,Winter,0,176,34677,24407.370000000003,1.0,3.8721086606069433,True,-1,0.6210438372616233,True,both
2022-12-14,S001,P0005,Groceries,North,889,248,844,76.87,10,Sunny,0,65.49,Winter,0,210,34704,19063.760000000002,0.27896512935883017,2.7486080233782024,False,-1,0.6777422083503494,True,isolation_forest_only
2022-12-14,S001,P0007,Groceries,North,837,158,839,27.82,15,Sunny,1,31.46,Winter,0,194,34706,4395.56,0.18876941457586618,-0.3353992389404586,False,-1,0.6168426041217504,True,isolation_forest_only
2022-12-14,S001,P0011,Furniture,North,167,152,285,165.83,25,Sunny,1,176.34,Winter,0,176,34710,25206.160000000003,0.9101796407185628,4.04005524989994,True,-1,0.6402621351044533,True,both
2022-12-14,S002,P0011,Groceries,South,338,197,0,104.14,15,Sunny,1,118.32,Winter,0,185,34730,20515.58,0.5828402366863905,3.053854980985781,True,1,0.5823220057380203,False,zscore_only
2022-12-14,S003,P0018,Furniture,East,546,162,536,176.38,0,Sunny,0,172.47,Winter,0,143,34757,28573.559999999998,0.2967032967032967,4.748055280928412,True,-1,0.67900670589126,True,both
2022-12-14,S005,P0014,Furniture,North,213,136,0,195.42,5,Sunny,0,168.83,Winter,0,125,34793,26577.12,0.6384976525821596,4.328301292110189,True,-1,0.6287472825293211,True,both
2022-12-15,S001,P0011,Furniture,North,146,119,0,176.97,5,Snowy,0,172.47,Winter,0,100,34810,21059.43,0.815068493150685,3.168200118740379,True,1,0.5919112578179012,False,zscore_only
2022-12-15,S003,P0008,Clothing,East,288,194,326,138.85,5,Sunny,0,153.25,Winter,0,175,34847,26936.899999999998,0.6736111111111112,4.4039454838199426,True,-1,0.6477970204171802,True,both
2022-12-15,S004,P0011,Clothing,West,19,19,650,68.42,5,Cloudy,0,74.05,Winter,0,157,34870,1299.98,1.0,-0.9862487774720032,False,-1,0.6276926702475912,True,isolation_forest_only
2022-12-15,S004,P0014,Furniture,West,153,113,217,188.23,0,Cloudy,0,207.24,Winter,0,109,34873,21269.989999999998,0.738562091503268,3.212470620175716,True,-1,0.6114251587752725,True,both
2022-12-16,S001,P0012,Groceries,North,219,219,467,106.32,15,Cloudy,1,93.88,Winter,0,230,34911,23284.079999999998,1.0,3.635935543408519,True,-1,0.6612988839461917,True,both
2022-12-16,S001,P0014,Groceries,North,605,283,762,90.65,20,Cloudy,1,86.33,Winter,0,243,34913,25653.95,0.4677685950413223,4.134203653384598,True,-1,0.6947824368017778,True,both
2022-12-17,S001,P0020,Furniture,North,240,205,837,121.99,25,Cloudy,1,132.65,Winter,0,176,35019,25007.95,0.8541666666666666,3.9983813512985993,True,-1,0.687218680390507,True,both
2022-12-17,S003,P0002,Groceries,East,296,252,732,74.45,10,Snowy,1,74.36,Winter,0,218,35041,18761.4,0.8513513513513513,2.685036457962223,False,-1,0.6608783265889409,True,isolation_forest_only
2022-12-17,S004,P0004,Groceries,West,550,248,572,62.06,15,Sunny,1,67.98,Winter,0,207,35063,15390.880000000001,0.4509090909090909,1.9763804430598972,False,-1,0.6160542806531046,True,isolation_forest_only
2022-12-17,S004,P0007,Groceries,West,837,216,931,33.15,20,Sunny,1,30.27,Winter,0,210,35066,7160.4,0.25806451612903225,0.24591180393795345,False,-1,0.6473765336062766,True,isolation_forest_only
2022-12-18,S001,P0005,Groceries,North,1038,233,919,68.35,25,Sunny,1,77.31,Winter,0,261,35104,15925.55,0.22447013487475914,2.088795474416431,False,-1,0.6694846530256934,True,isolation_forest_only
2022-12-18,S001,P0007,Groceries,North,1151,339,1091,32.06,20,Sunny,1,37.76,Winter,0,284,35106,10868.34,0.2945264986967854,1.0255107927874276,False,-1,0.6973554799850331,True,isolation_forest_only
2022-12-18,S002,P0005,Electronics,South,423,248,800,108.41,20,Sunny,1,114.22,Winter,0,234,35124,26885.68,0.5862884160756501,4.393176415224207,True,-1,0.6922038279545384,True,both
2022-12-18,S003,P0008,Clothing,East,253,191,496,143.44,10,Cloudy,1,153.68,Winter,0,209,35147,27397.04,0.7549407114624506,4.500690490138599,True,-1,0.6706009026683513,True,both
2022-12-18,S005,P0013,Groceries,North,396,200,918,94.86,25,Sunny,1,94.59,Winter,0,284,35192,18972.0,0.5050505050505051,2.729315369447225,False,-1,0.6396197475923571,True,isolation_forest_only
2022-12-19,S004,P0009,Clothing,West,297,223,776,170.7,20,Sunny,1,160.31,Winter,0,322,35268,38066.1,0.7508417508417509,6.743873602048276,True,-1,0.7186442525756636,True,both
2022-12-19,S004,P0013,Groceries,West,472,244,675,25.72,10,Sunny,1,27.73,Winter,0,216,35272,6275.679999999999,0.5169491525423728,0.05989832545262013,False,-1,0.6191134818993569,True,isolation_forest_only
2022-12-19,S004,P0016,Furniture,West,0,0,280,124.36,5,Sunny,0,136.74,Winter,0,105,35275,0.0,0.0,-1.2595711865521229,False,-1,0.627609574793018,True,isolation_forest_only
2022-12-21,S002,P0005,Electronics,South,598,188,0,108.16,10,Sunny,1,101.21,Winter,0,165,35424,20334.079999999998,0.31438127090301005,3.015694380631896,True,1,0.5738979999651023,False,zscore_only
2022-12-21,S002,P0014,Electronics,South,513,180,572,134.75,10,Sunny,0,160.08,Winter,0,155,35433,24255.0,0.3508771929824561,3.8400726789214263,True,-1,0.6417906217246633,True,both
2022-12-21,S003,P0011,Electronics,East,302,184,331,150.95,5,Snowy,0,141.99,Winter,0,161,35450,27774.8,0.609271523178808,4.5801149991726655,True,-1,0.646933677115324,True,both
2022-12-22,S001,P0011,Furniture,North,171,130,203,165.8,15,Snowy,1,160.48,Winter,0,114,35510,21554.0,0.7602339181286549,3.2721840753079836,True,1,0.5925063711358598,False,zscore_only
2022-12-22,S002,P0012,Electronics,South,523,200,780,81.8,15,Sunny,1,78.03,Winter,0,194,35531,16360.0,0.3824091778202677,2.1801391263378904,False,-1,0.617873774599745,True,isolation_forest_only
2022-12-23,S004,P0009,Clothing,West,974,190,0,139.07,10,Sunny,1,122.4,Winter,0,177,35668,26423.3,0.19507186858316222,4.295960446124325,True,-1,0.6548559194642336,True,both
2022-12-24,S001,P0012,Groceries,North,477,205,0,102.12,10,Cloudy,0,89.53,Winter,0,190,35711,20934.600000000002,0.429769392033543,3.1419544562490556,True,1,0.5864377354850824,False,zscore_only
2022-12-24,S002,P0009,Groceries,South,426,248,510,64.51,25,Sunny,1,72.39,Winter,0,213,35728,15998.480000000001,0.5821596244131455,2.1041290974677196,False,-1,0.623870015016305,True,isolation_forest_only
2022-12-24,S002,P0019,Clothing,South,0,0,777,104.28,5,Sunny,0,114.19,Winter,0,172,35738,0.0,0.0,-1.2595711865521229,False,-1,0.6700297973132711,True,isolation_forest_only
2022-12-24,S005,P0009,Groceries,North,232,232,0,108.82,20,Cloudy,1,98.78,Winter,0,203,35788,25246.239999999998,1.0,4.048482119664036,True,-1,0.6477518038558626,True,both
2022-12-26,S001,P0020,Furniture,North,660,209,608,138.78,15,Sunny,1,157.76,Winter,0,178,35919,29005.02,0.31666666666666665,4.838770281637431,True,-1,0.6825933357107913,True,both
2022-12-26,S002,P0014,Electronics,South,521,160,602,143.97,10,Cloudy,0,138.94,Winter,0,160,35933,23035.2,0.30710172744721687,3.583608214394334,True,-1,0.6430947424437453,True,both
2022-12-26,S002,P0015,Clothing,South,849,196,1019,76.47,20,Cloudy,1,87.12,Winter,0,213,35934,14988.119999999999,0.2308598351001178,1.8916996529853503,False,-1,0.649856889462267,True,isolation_forest_only
2022-12-26,S003,P0015,Groceries,East,752,183,674,123.13,10,Cloudy,1,110.87,Winter,0,196,35954,22532.79,0.24335106382978725,3.4779758880924345,True,-1,0.6734630911403456,True,both
2022-12-26,S004,P0001,Groceries,West,215,192,727,12.55,15,Cloudy,1,11.24,Winter,0,178,35960,2409.6000000000004,0.8930232558139535,-0.752949794746513,False,-1,0.6238474564004519,True,isolation_forest_only
2022-12-26,S004,P0004,Groceries,West,342,289,899,69.28,15,Cloudy,1,76.7,Winter,0,254,35963,20021.920000000002,0.8450292397660819,2.9500623530480494,False,-1,0.6860278699136291,True,isolation_forest_only
2022-12-26,S004,P0020,Furniture,West,0,0,216,140.79,10,Cloudy,1,133.66,Winter,0,112,35979,0.0,0.0,-1.2595711865521229,False,-1,0.6289558896066159,True,isolation_forest_only
2022-12-27,S001,P0009,Clothing,North,265,199,0,111.53,0,Snowy,0,132.09,Winter,0,170,36008,22194.47,0.7509433962264151,3.406843688027829,True,-1,0.6103458953564495,True,both
2022-12-27,S002,P0004,Groceries,South,378,204,788,44.9,25,Snowy,1,47.74,Winter,0,225,36023,9159.6,0.5396825396825397,0.6662460861830461,False,-1,0.6156009927130167,True,isolation_forest_only
2022-12-27,S004,P0003,Furniture,West,413,117,492,171.25,10,Sunny,1,146.17,Winter,0,156,36062,20036.25,0.28329297820823246,2.9530752533404523,False,-1,0.6155446803267585,True,isolation_forest_only
2022-12-27,S004,P0020,Furniture,West,243,155,0,132.32,20,Sunny,1,127.26,Winter,0,130,36079,20509.6,0.6378600823045267,3.0525976785608973,True,1,0.5585900044881018,False,zscore_only
2022-12-28,S002,P0014,Electronics,South,274,158,0,132.14,10,Sunny,0,151.48,Winter,0,148,36133,20878.12,0.5766423357664233,3.1300794661224027,True,1,0.5592945348432806,False,zscore_only
2022-12-28,S003,P0020,Clothing,East,321,204,0,106.55,5,Sunny,0,98.28,Winter,0,225,36159,21736.2,0.6355140186915887,3.310491851531001,True,1,0.5987158622035159,False,zscore_only
2022-12-28,S004,P0010,Groceries,West,285,285,1366,38.31,10,Sunny,1,43.34,Winter,0,292,36169,10918.35,1.0,1.0360254573808036,False,-1,0.6771729174987282,True,isolation_forest_only
2022-12-28,S004,P0013,Groceries,West,677,289,731,24.56,20,Sunny,1,27.26,Winter,0,247,36172,7097.839999999999,0.42688330871491875,0.2327584862622566,False,-1,0.651021935277143,True,isolation_forest_only
2022-12-28,S005,P0014,Furniture,North,74,74,512,217.9,0,Sunny,0,258.8,Winter,0,163,36193,16124.6,1.0,2.130645984060732,False,-1,0.6451035968391361,True,isolation_forest_only
2022-12-29,S002,P0001,Groceries,South,816,223,0,101.77,5,Cloudy,0,123.08,Winter,0,195,36220,22694.71,0.27328431372549017,3.512019769135414,True,-1,0.6404398808012185,True,both
2022-12-30,S004,P0014,Furniture,West,159,127,204,178.79,5,Sunny,0,209.17,Winter,0,109,36373,22706.329999999998,0.7987421383647799,3.5144628885630294,True,-1,0.616822467807318,True,both
2022-12-31,S003,P0003,Electronics,East,187,187,176,110.21,5,Sunny,0,106.41,Winter,0,164,36442,20609.27,1.0,3.0735534198130825,True,1,0.5835412416160495,False,zscore_only
2022-12-31,S005,P0009,Groceries,North,392,182,460,125.28,0,Sunny,0,135.48,Winter,0,191,36488,22800.96,0.4642857142857143,3.534358963557453,True,-1,0.6247576732095008,True,both
2023-01-01,S002,P0014,Electronics,South,450,160,629,134.94,10,Cloudy,1,125.33,Winter,0,137,36533,21590.4,0.35555555555555557,3.2798372205029227,True,-1,0.6251644073575274,True,both
2023-01-01,S003,P0008,Clothing,East,219,133,379,153.38,5,Sunny,0,170.62,Winter,0,214,36547,20399.54,0.6073059360730594,3.0294574269082895,True,1,0.5870967247145978,False,zscore_only
2023-01-01,S004,P0006,Groceries,West,329,278,439,48.17,10,Cloudy,1,52.62,Winter,0,238,36565,13391.26,0.8449848024316109,1.5559578552933244,False,-1,0.6273768398293428,True,isolation_forest_only
2023-01-02,S004,P0002,Groceries,West,10,10,370,23.17,10,Sunny,1,21.99,Winter,0,160,36661,231.70000000000002,1.0,-1.2108559738689557,False,-1,0.6116812422388959,True,isolation_forest_only
2023-01-02,S005,P0019,Furniture,North,194,143,307,151.1,10,Sunny,0,162.7,Winter,0,131,36698,21607.3,0.7371134020618557,3.2833904664862867,True,1,0.6003236906858789,False,zscore_only
2023-01-03,S004,P0003,Furniture,West,421,144,343,172.9,0,Sunny,0,171.89,Winter,0,123,36762,24897.600000000002,0.342042755344418,3.9751801267859217,True,-1,0.6311341903101456,True,both
2023-01-03,S004,P0017,Clothing,West,234,164,230,126.89,20,Sunny,1,122.2,Winter,0,259,36776,20809.96,0.7008547008547008,3.1157487414936385,True,1,0.578047159397402,False,zscore_only
2023-01-04,S003,P0008,Clothing,East,316,196,407,122.0,20,Cloudy,1,117.14,Winter,0,171,36847,23912.0,0.620253164556962,3.767956503046043,True,-1,0.6388602040758639,True,both
2023-01-04,S003,P0014,Groceries,East,396,206,474,111.62,10,Cloudy,1,119.7,Winter,0,190,36853,22993.72,0.5202020202020202,3.5748869928919693,True,-1,0.6372405799741563,True,both
2023-01-05,S004,P0003,Furniture,West,182,129,0,173.42,5,Sunny,0,170.56,Winter,0,142,36962,22371.179999999997,0.7087912087912088,3.443997184934356,True,1,0.5984305456653982,False,zscore_only
2023-01-05,S004,P0014,Furniture,West,112,112,0,182.37,5,Sunny,0,169.09,Winter,0,99,36973,20425.440000000002,1.0,3.034902934066227,True,1,0.6037860847860318,False,zscore_only
2023-01-05,S005,P0006,Groceries,North,614,214,795,74.47,10,Cloudy,1,70.88,Winter,0,195,36985,15936.58,0.3485342019543974,2.0911145456114912,False,-1,0.6324650480011129,True,isolation_forest_only
2023-01-06,S004,P0010,Groceries,West,1623,218,0,28.94,20,Cloudy,1,33.41,Winter,0,217,37069,6308.92,0.13431916204559458,0.06688707672404229,False,-1,0.6263840082947273,True,isolation_forest_only
2023-01-07,S001,P0012,Groceries,North,333,234,459,106.81,10,Cloudy,0,106.14,Winter,0,208,37111,24993.54,0.7027027027027027,3.9953516309068657,True,-1,0.6594961239831217,True,both
2023-01-07,S002,P0001,Groceries,South,195,194,588,87.43,25,Sunny,1,77.29,Winter,0,209,37120,16961.420000000002,0.9948717948717949,2.3065884280725064,False,-1,0.6201814246062968,True,isolation_forest_only
2023-01-07,S002,P0014,Electronics,South,492,173,569,132.2,10,Sunny,1,144.99,Winter,0,148,37133,22870.6,0.3516260162601626,3.549000860023814,True,-1,0.6342473636712911,True,both
2023-01-07,S002,P0017,Toys,South,187,187,760,24.54,20,Sunny,1,26.07,Winter,0,234,37136,4588.98,1.0,-0.2947324437864743,False,-1,0.6207782065358348,True,isolation_forest_only
2023-01-07,S002,P0019,Clothing,South,696,160,703,109.06,10,Sunny,0,106.04,Winter,0,190,37138,17449.6,0.22988505747126436,2.4092288792061636,False,-1,0.6190927638348451,True,isolation_forest_only
2023-01-07,S004,P0004,Groceries,West,512,242,650,63.79,20,Sunny,1,67.52,Winter,0,244,37163,15437.18,0.47265625,1.9861150755468657,False,-1,0.6161641310509728,True,isolation_forest_only
2023-01-07,S004,P0009,Clothing,West,223,149,0,146.09,0,Sunny,0,125.56,Winter,0,156,37168,21767.41,0.6681614349775785,3.3170537927819357,True,1,0.5737172502337899,False,zscore_only
2023-01-08,S003,P0015,Groceries,East,558,178,753,120.22,15,Sunny,1,106.54,Winter,0,210,37254,21399.16,0.31899641577060933,3.2396287730556677,True,-1,0.6399550293958616,True,both
2023-01-08,S004,P0009,Clothing,West,674,178,0,132.41,10,Cloudy,0,120.61,Winter,0,159,37268,23568.98,0.26409495548961426,3.6958361221458276,True,1,0.6094687257110555,False,zscore_only
2023-01-09,S002,P0014,Electronics,South,273,150,0,161.68,0,Snowy,0,137.71,Winter,0,164,37333,24252.0,0.5494505494505495,3.8394419251965686,True,1,0.5888967964890861,False,zscore_only
2023-01-09,S005,P0012,Furniture,North,643,154,0,132.26,20,Sunny,1,125.61,Winter,0,134,37391,20368.039999999997,0.23950233281493002,3.0228345127972838,True,1,0.5780288516752808,False,zscore_only
2023-01-10,S002,P0001,Groceries,South,904,193,0,111.09,0,Cloudy,0,99.37,Winter,0,189,37420,21440.37,0.21349557522123894,3.2482932267227946,True,-1,0.6279630801042071,True,both
2023-01-11,S001,P0014,Groceries,North,587,223,528,96.57,10,Sunny,0,85.03,Winter,0,219,37513,21535.109999999997,0.3798977853492334,3.2682124293537966,True,-1,0.6424681648405606,True,both
2023-01-11,S002,P0011,Groceries,South,21,21,446,128.6,0,Cloudy,0,112.42,Winter,0,183,37530,2700.6,1.0,-0.6917666834353277,False,-1,0.6217357757195279,True,isolation_forest_only
2023-01-11,S003,P0008,Clothing,East,165,165,364,141.77,15,Cloudy,1,127.25,Winter,0,207,37547,23392.050000000003,1.0,3.6586363699661435,True,-1,0.6325216710046505,True,both
2023-01-11,S003,P0017,Furniture,East,406,149,464,136.51,10,Cloudy,1,118.81,Winter,0,126,37556,20339.989999999998,0.3669950738916256,3.0169369654698657,True,1,0.596736230741027,False,zscore_only
2023-01-11,S003,P0018,Furniture,East,229,156,565,152.85,10,Cloudy,1,171.3,Winter,0,147,37557,23844.6,0.6812227074235808,3.753785569360909,True,-1,0.6421555138640707,True,both
2023-01-11,S004,P0001,Groceries,West,823,244,936,12.46,25,Snowy,1,10.68,Winter,0,226,37560,3040.2400000000002,0.29647630619684084,-0.6203569517317846,False,-1,0.6584780463681911,True,isolation_forest_only
2023-01-12,S002,P0011,Groceries,South,330,221,0,107.0,20,Cloudy,1,99.65,Winter,0,199,37630,23647.0,0.6696969696969697,3.712239924016956,True,-1,0.6303231367065698,True,both
2023-01-12,S003,P0008,Clothing,East,315,180,0,139.96,0,Snowy,0,164.18,Winter,0,159,37647,25192.800000000003,0.5714285714285714,4.037246293311907,True,1,0.6083761958264434,False,zscore_only
2023-01-12,S004,P0007,Groceries,West,307,236,1165,36.36,20,Cloudy,1,33.75,Winter,0,250,37666,8580.96,0.7687296416938111,0.5445863077325155,False,-1,0.6455598844565849,True,isolation_forest_only
2023-01-12,S004,P0009,Clothing,West,296,166,0,132.94,10,Cloudy,1,114.71,Winter,0,160,37668,22068.04,0.5608108108108109,3.3802616235499143,True,1,0.5799284620663854,False,zscore_only
2023-01-12,S004,P0014,Furniture,West,295,143,246,147.03,25,Cloudy,1,156.81,Winter,0,122,37673,21025.29,0.4847457627118644,3.1610221413515,True,1,0.5724367369373046,False,zscore_only
2023-01-13,S001,P0009,Clothing,North,332,299,246,128.88,10,Cloudy,1,113.76,Winter,0,253,37708,38535.119999999995,0.9006024096385542,6.8424856393925095,True,-1,0.6922398022827885,True,both
2023-01-13,S003,P0013,Groceries,East,1146,199,0,92.84,0,Snowy,0,111.13,Winter,0,181,37752,18475.16,0.1736474694589878,2.6248541425611447,False,-1,0.6269964450557197,True,isolation_forest_only
2023-01-13,S005,P0014,Furniture,North,344,144,376,153.13,25,Cloudy,1,141.85,Winter,0,122,37793,22050.72,0.4186046511627907,3.37662007204507,True,1,0.60165381513628,False,zscore_only
2023-01-14,S003,P0002,Groceries,East,355,248,771,61.92,25,Sunny,1,54.32,Winter,0,217,37841,15356.16,0.6985915492957746,1.9690805199508785,False,-1,0.6463007997476807,True,isolation_forest_only
2023-01-14,S003,P0005,Toys,East,601,210,843,29.38,5,Sunny,0,34.48,Winter,0,204,37844,6169.8,0.34941763727121466,0.03763692398998004,False,-1,0.6180686889802026,True,isolation_forest_only
2023-01-14,S003,P0008,Clothing,East,421,135,334,156.67,0,Sunny,0,140.48,Winter,0,182,37847,21150.449999999997,0.32066508313539194,3.1873371867525573,True,1,0.5960849467783196,False,zscore_only
2023-01-15,S002,P0003,Groceries,South,338,216,0,94.13,10,Snowy,1,101.63,Winter,0,186,37922,20332.079999999998,0.6390532544378699,3.015273878148658,True,1,0.5883370846061259,False,zscore_only
2023-01-15,S003,P0011,Electronics,East,290,198,368,132.18,20,Sunny,1,127.27,Winter,0,176,37950,26171.640000000003,0.6827586206896552,4.24304861865844,True,-1,0.6461089482224972,True,both
2023-01-16,S001,P0005,Groceries,North,614,206,823,79.36,5,Cloudy,0,74.23,Winter,0,201,38004,16348.16,0.3355048859934853,2.177649751637119,False,-1,0.6337912930074528,True,isolation_forest_only
2023-01-16,S001,P0011,Furniture,North,259,120,193,170.17,10,Cloudy,1,159.26,Winter,0,104,38010,20420.399999999998,0.46332046332046334,3.033843267808465,True,1,0.5720008854355338,False,zscore_only
2023-01-16,S002,P0005,Electronics,South,686,135,921,126.41,0,Sunny,0,137.1,Winter,0,205,38024,17065.35,0.1967930029154519,2.3284398396139885,False,-1,0.6236637039210017,True,isolation_forest_only
2023-01-16,S002,P0011,Groceries,South,214,195,576,120.98,10,Sunny,1,132.09,Winter,0,222,38030,23591.100000000002,0.9112149532710281,3.7004868796104446,True,-1,0.6589540634151461,True,both
2023-01-16,S002,P0020,Furniture,South,149,149,569,162.2,10,Sunny,1,157.03,Winter,0,164,38039,24167.8,1.0,3.821738770652233,True,-1,0.6684522720382948,True,both
2023-01-17,S001,P0011,Furniture,North,139,118,358,178.57,20,Sunny,1,155.18,Winter,0,160,38110,21071.26,0.8489208633093526,3.170687390928734,True,-1,0.6289594236227268,True,both
2023-01-17,S003,P0013,Groceries,East,780,194,867,98.08,0,Sunny,0,94.62,Winter,0,182,38152,19027.52,0.24871794871794872,2.7409885183819225,False,-1,0.6567173158374514,True,isolation_forest_only
2023-01-17,S005,P0007,Groceries,North,199,199,398,99.75,10,Sunny,0,99.44,Winter,0,183,38186,19850.25,1.0,2.913968522399282,False,-1,0.6216205448795458,True,isolation_forest_only
2023-01-18,S001,P0014,Groceries,North,507,218,666,84.37,20,Cloudy,1,75.7,Winter,0,212,38213,18392.66,0.42998027613412226,2.607508415127561,False,-1,0.6242201732629435,True,isolation_forest_only
2023-01-18,S002,P0011,Groceries,South,389,207,0,108.07,15,Cloudy,1,96.04,Winter,0,179,38230,22370.489999999998,0.532133676092545,3.443852111577639,True,1,0.6060887257603155,False,zscore_only
2023-01-18,S002,P0019,Clothing,South,175,175,975,95.63,25,Cloudy,1,94.37,Winter,0,210,38238,16735.25,1.0,2.2590359047554927,False,-1,0.6311902896253729,True,isolation_forest_only
2023-01-18,S003,P0011,Electronics,East,246,163,359,149.46,10,Snowy,1,129.7,Winter,0,178,38250,24361.98,0.6626016260162602,3.8625653567498484,True,-1,0.6232775679399051,True,both
2023-01-18,S004,P0018,Furniture,West,137,123,160,170.92,25,Cloudy,1,161.74,Winter,0,169,38277,21023.16,0.8978102189781022,3.160574306206851,True,1,0.5898500337082593,False,zscore_only
2023-01-19,S002,P0005,Electronics,South,358,210,1223,125.99,25,Sunny,1,142.93,Winter,0,339,38324,26457.899999999998,0.5865921787709497,4.303235139084349,True,-1,0.687444371528357,True,both
2023-01-19,S005,P0009,Groceries,North,397,189,462,113.41,10,Sunny,0,104.63,Winter,0,173,38388,21434.489999999998,0.4760705289672544,3.2470569494220736,True,-1,0.6139671702594852,True,both
2023-01-20,S001,P0007,Groceries,North,740,221,871,28.77,20,Cloudy,1,27.71,Winter,0,212,38406,6358.17,0.29864864864864865,0.07724195037378759,False,-1,0.6413171955508256,True,isolation_forest_only
2023-01-20,S002,P0014,Electronics,South,350,154,0,140.83,15,Sunny,1,127.74,Winter,0,173,38433,21687.820000000003,0.44,3.300319896461465,True,1,0.5691180960773541,False,zscore_only
2023-01-20,S003,P0008,Clothing,East,159,159,329,133.97,10,Snowy,1,132.03,Winter,0,162,38447,21301.23,1.0,3.2190388689639,True,-1,0.6143673748668519,True,both
2023-01-21,S004,P0002,Groceries,West,0,0,522,24.31,15,Cloudy,1,28.51,Winter,0,222,38561,0.0,0.0,-1.2595711865521229,False,-1,0.6355868508804807,True,isolation_forest_only
2023-01-21,S004,P0009,Clothing,West,242,192,0,126.05,15,Cloudy,1,150.51,Winter,0,181,38568,24201.6,0.7933884297520661,3.828845262618961,True,-1,0.6168629847445414,True,both
2023-01-22,S001,P0003,Clothing,North,403,352,1251,72.55,25,Sunny,1,65.74,Winter,0,296,38602,25537.6,0.8734491315136477,4.109740921422204,True,-1,0.7140822851252038,True,both
2023-01-22,S003,P0011,Electronics,East,187,167,276,138.36,10,Cloudy,1,123.49,Winter,0,149,38650,23106.120000000003,0.893048128342246,3.5985192324499673,True,-1,0.6197331017373633,True,both
2023-01-23,S001,P0009,Clothing,North,242,221,220,89.28,25,Snowy,1,95.44,Winter,0,196,38708,19730.88,0.9132231404958677,2.888870831687199,False,-1,0.6097927370591819,True,isolation_forest_only
2023-01-23,S002,P0019,Clothing,South,1001,245,915,114.5,15,Cloudy,1,105.4,Winter,0,234,38738,28052.5,0.24475524475524477,4.638501768970316,True,-1,0.7175870527978236,True,both
2023-01-23,S003,P0020,Clothing,East,834,138,733,95.72,10,Cloudy,1,82.46,Winter,0,203,38759,13209.36,0.16546762589928057,1.517713154442793,False,-1,0.6101779615837739,True,isolation_forest_only
2023-01-23,S004,P0009,Clothing,West,525,183,559,115.74,20,Sunny,1,135.3,Winter,0,171,38768,21180.42,0.3485714285714286,3.1936384164638847,True,-1,0.6206727135113161,True,both
2023-01-23,S005,P0010,Groceries,North,369,236,568,60.51,25,Snowy,1,63.93,Winter,0,204,38789,14280.359999999999,0.6395663956639567,1.7428922342169495,False,-1,0.6100395866756066,True,isolation_forest_only
2023-01-24,S002,P0014,Electronics,South,504,191,647,139.15,10,Cloudy,1,164.5,Winter,0,167,38833,26577.65,0.37896825396825395,4.328412725268247,True,-1,0.6588558355432661,True,both
2023-01-25,S002,P0016,Clothing,South,592,256,0,124.63,10,Sunny,1,117.18,Winter,0,241,38935,31905.28,0.43243243243243246,5.448553547655913,True,-1,0.6636069088388387,True,both
2023-01-25,S002,P0019,Clothing,South,668,191,0,111.05,0,Sunny,0,119.7,Winter,0,176,38938,21210.55,0.28592814371257486,3.1999732863738712,True,1,0.5930620009408216,False,zscore_only
2023-01-25,S004,P0003,Furniture,West,255,138,316,164.06,5,Sunny,0,148.92,Winter,0,123,38962,22640.28,0.5411764705882353,3.500575794054081,True,1,0.604609031834493,False,zscore_only
2023-01-26,S001,P0009,Clothing,North,269,191,204,115.52,0,Sunny,0,137.94,Winter,0,184,39008,22064.32,0.7100371747211895,3.3794794889310906,True,1,0.6014694552945106,False,zscore_only
2023-01-26,S002,P0005,Electronics,South,1731,204,0,97.5,20,Sunny,1,95.04,Winter,0,170,39024,19890.0,0.11785095320623917,2.922326009253645,False,-1,0.6631486001690712,True,isolation_forest_only
2023-01-27,S003,P0011,Electronics,East,376,194,371,135.45,15,Cloudy,1,129.1,Winter,0,162,39150,26277.3,0.5159574468085106,4.265263764847923,True,-1,0.6448541285843595,True,both
2023-01-28,S001,P0010,Furniture,North,423,145,629,150.74,10,Sunny,1,169.26,Winter,0,160,39209,21857.300000000003,0.34278959810874704,3.335953276891086,True,-1,0.6238085449444535,True,both
2023-01-31,S004,P0006,Groceries,West,0,0,373,41.67,10,Sunny,0,49.88,Winter,1,179,39565,0.0,0.0,-1.2595711865521229,False,-1,0.6191527409060515,True,isolation_forest_only
2023-01-31,S004,P0009,Clothing,West,367,154,623,148.3,10,Sunny,0,167.19,Winter,1,224,39568,22838.2,0.4196185286103542,3.542188719795353,True,-1,0.6323100890735915,True,both
2023-02-01,S004,P0009,Clothing,West,213,180,0,153.66,0,Snowy,0,133.78,Winter,1,175,39668,27658.8,0.8450704225352113,4.555725855144839,True,-1,0.6322120732611005,True,both
2023-02-02,S003,P0020,Clothing,East,615,232,949,95.26,10,Sunny,0,88.11,Winter,1,201,39759,22100.32,0.3772357723577236,3.3870485336293816,True,-1,0.6660064923317782,True,both
2023-02-04,S001,P0003,Clothing,North,377,230,909,74.55,15,Cloudy,1,72.77,Winter,1,249,39902,17146.5,0.610079575596817,2.3455017278713863,False,-1,0.6457456883340831,True,isolation_forest_only
2023-02-04,S003,P0008,Clothing,East,152,152,497,142.19,15,Cloudy,1,157.75,Winter,1,229,39947,21612.88,1.0,3.2845636684145223,True,-1,0.6466446369656452,True,both
2023-02-05,S004,P0009,Clothing,West,380,177,663,119.22,25,Snowy,1,103.92,Winter,1,188,40068,21101.94,0.46578947368421053,3.1771378990216106,True,-1,0.620908525063282,True,both
2023-02-09,S002,P0015,Clothing,South,168,168,947,74.19,25,Cloudy,1,66.77,Winter,1,206,40434,12463.92,1.0,1.3609834688901812,False,-1,0.609910109855378,True,isolation_forest_only
2023-02-10,S001,P0003,Clothing,North,1023,217,0,77.49,0,Sunny,0,67.67,Winter,1,196,40502,16815.329999999998,0.21212121212121213,2.2758728241843573,False,-1,0.6101811826302521,True,isolation_forest_only
2023-02-10,S003,P0008,Clothing,East,412,196,0,142.03,5,Sunny,0,127.83,Winter,1,164,40547,27837.88,0.47572815533980584,4.5933776474940045,True,-1,0.6209544584445703,True,both
2023-02-12,S004,P0017,Clothing,West,185,185,206,128.74,0,Cloudy,0,113.41,Winter,1,172,40776,23816.9,1.0,3.7479616099680575,True,-1,0.6206461058575865,True,both
2023-02-12,S005,P0013,Groceries,North,0,0,328,75.28,10,Snowy,1,70.04,Winter,1,118,40792,0.0,0.0,-1.2595711865521229,False,-1,0.6125381542607018,True,isolation_forest_only
2023-02-14,S003,P0020,Clothing,East,37,37,816,101.91,0,Sunny,0,95.03,Winter,1,186,40959,3770.67,1.0,-0.4667831373158768,False,-1,0.6425390395798055,True,isolation_forest_only
2023-02-19,S003,P0008,Clothing,East,162,162,398,156.19,0,Sunny,0,142.42,Winter,1,180,41447,25302.78,1.0,4.060369724865185,True,-1,0.6566458290975453,True,both
2023-02-21,S003,P0013,Groceries,East,6,6,382,73.14,5,Cloudy,0,79.22,Winter,1,115,41652,438.84000000000003,1.0,-1.1673045316799557,False,-1,0.6225891619151206,True,isolation_forest_only
2023-02-22,S003,P0008,Clothing,East,343,152,347,137.89,10,Sunny,1,147.11,Winter,1,193,41747,20959.28,0.44314868804664725,3.1471434568922163,True,1,0.5888180288262747,False,zscore_only
2023-02-26,S003,P0008,Clothing,East,241,151,349,144.95,5,Cloudy,0,143.25,Winter,1,172,42147,21887.449999999997,0.6265560165975104,3.342292351825903,True,1,0.6006875297905375,False,zscore_only
2023-03-01,S004,P0007,Groceries,West,357,206,808,32.7,25,Cloudy,1,31.2,Spring,0,232,42466,6736.200000000001,0.5770308123249299,0.15672322724309162,False,-1,0.6120737167392379,True,isolation_forest_only
2023-03-01,S004,P0014,Furniture,West,140,140,243,183.51,10,Cloudy,1,201.4,Spring,0,135,42473,25691.399999999998,1.0,4.142077562383236,True,-1,0.647351040151039,True,both
2023-03-02,S002,P0014,Electronics,South,194,158,0,137.44,10,Sunny,0,117.28,Spring,0,144,42533,21715.52,0.8144329896907216,3.306143855854316,True,1,0.5809005315736294,False,zscore_only
2023-03-02,S003,P0001,Toys,East,0,0,381,16.67,25,Sunny,1,15.04,Spring,0,171,42540,0.0,0.0,-1.2595711865521229,False,-1,0.6296643633962892,True,isolation_forest_only
2023-03-02,S004,P0014,Furniture,West,0,0,0,182.45,0,Rainy,0,168.11,Spring,0,84,42573,0.0,0.0,-1.2595711865521229,False,-1,0.6194608297767803,True,isolation_forest_only
2023-03-02,S005,P0010,Groceries,North,519,322,669,70.62,25,Sunny,1,79.77,Spring,0,272,42589,22739.640000000003,0.6204238921001927,3.521466357421366,True,-1,0.6770440336251545,True,both
2023-03-03,S001,P0014,Groceries,North,407,229,650,76.09,25,Sunny,1,69.05,Spring,0,196,42613,17424.61,0.5626535626535627,2.4039747006781007,False,-1,0.6242628366172794,True,isolation_forest_only
2023-03-03,S002,P0014,Electronics,South,36,36,554,111.19,25,Rainy,1,104.41,Spring,0,134,42633,4002.84,1.0,-0.4179691065491485,False,-1,0.6157393780642434,True,isolation_forest_only
2023-03-03,S003,P0015,Groceries,East,229,229,761,103.53,20,Cloudy,1,112.31,Spring,0,195,42654,23708.37,1.0,3.7251430427151266,True,-1,0.6860619829439195,True,both
2023-03-03,S005,P0014,Furniture,North,375,180,485,186.69,20,Sunny,1,159.99,Spring,0,169,42693,33604.2,0.48,5.805753587067594,True,-1,0.6829182622345573,True,both
2023-03-03,S005,P0016,Toys,North,0,0,552,39.44,20,Sunny,1,38.38,Spring,0,196,42695,0.0,0.0,-1.2595711865521229,False,-1,0.6327878131029949,True,isolation_forest_only
2023-03-04,S004,P0001,Groceries,West,0,0,1016,13.5,15,Cloudy,1,15.3,Spring,0,229,42760,0.0,0.0,-1.2595711865521229,False,-1,0.6759863282770353,True,isolation_forest_only
2023-03-05,S001,P0010,Furniture,North,0,0,401,134.22,0,Sunny,0,157.23,Spring,0,87,42809,0.0,0.0,-1.2595711865521229,False,-1,0.6529392745621698,True,isolation_forest_only
2023-03-05,S002,P0001,Groceries,South,217,212,556,102.47,5,Sunny,0,101.66,Spring,0,178,42820,21723.64,0.9769585253456221,3.3078510959362637,True,-1,0.6542737928227366,True,both
2023-03-05,S002,P0011,Groceries,South,0,0,544,116.06,5,Sunny,0,101.65,Spring,0,164,42830,0.0,0.0,-1.2595711865521229,False,-1,0.6519078274733281,True,isolation_forest_only
2023-03-06,S001,P0020,Furniture,North,406,191,788,124.35,25,Cloudy,1,112.54,Spring,0,164,42919,23750.85,0.47044334975369456,3.7340745154591093,True,-1,0.6617056693876463,True,both
2023-03-06,S005,P0009,Groceries,North,0,0,384,102.13,5,Cloudy,0,122.79,Spring,0,135,42988,0.0,0.0,-1.2595711865521229,False,-1,0.6314465988533342,True,isolation_forest_only
2023-03-07,S003,P0011,Electronics,East,417,155,0,150.13,5,Sunny,0,130.25,Spring,0,159,43050,23270.149999999998,0.37170263788968827,3.6330067436127633,True,1,0.5822504069691151,False,zscore_only
2023-03-08,S001,P0010,Furniture,North,258,156,0,132.62,20,Cloudy,1,127.62,Spring,0,138,43109,20688.72,0.6046511627906976,3.0902578809597276,True,1,0.5576436257027754,False,zscore_only
2023-03-09,S001,P0012,Groceries,North,335,230,409,90.79,25,Sunny,1,85.77,Spring,0,216,43211,20881.7,0.6865671641791045,3.1308321655673996,True,-1,0.6258923659643395,True,both
2023-03-09,S001,P0016,Groceries,North,476,285,826,53.47,15,Sunny,1,50.94,Spring,0,261,43215,15238.949999999999,0.5987394957983193,1.9444369719206926,False,-1,0.6549773835553323,True,isolation_forest_only
2023-03-09,S005,P0002,Electronics,North,340,214,685,49.62,20,Sunny,1,46.4,Spring,0,221,43281,10618.68,0.6294117647058823,0.9730194678047797,False,-1,0.6131182155326638,True,isolation_forest_only
2023-03-09,S005,P0009,Groceries,North,531,204,567,96.16,25,Sunny,1,89.34,Spring,0,180,43288,19616.64,0.384180790960452,2.864851729844622,False,-1,0.6179669283980168,True,isolation_forest_only
2023-03-10,S001,P0003,Clothing,North,634,213,792,54.12,25,Cloudy,1,59.47,Spring,0,189,43302,11527.56,0.3359621451104101,1.1641126162876325,False,-1,0.6256047334849486,True,isolation_forest_only
2023-03-10,S001,P0011,Furniture,North,147,143,248,196.73,0,Cloudy,0,229.58,Spring,0,134,43310,28132.39,0.9727891156462585,4.655298740663272,True,-1,0.6573603773259078,True,both
2023-03-10,S004,P0003,Furniture,West,247,191,0,137.27,25,Sunny,1,151.04,Spring,0,161,43362,26218.570000000003,0.7732793522267206,4.252915709427628,True,-1,0.629740760397397,True,both
2023-03-11,S005,P0013,Groceries,North,370,247,608,80.92,25,Rainy,1,70.77,Spring,0,212,43492,19987.24,0.6675675675675675,2.942770839988696,False,-1,0.639582126034506,True,isolation_forest_only
2023-03-12,S002,P0007,Toys,South,199,199,738,43.05,10,Rainy,1,38.68,Spring,0,273,43526,8566.949999999999,1.0,0.5416406878374306,False,-1,0.6218591171305052,True,isolation_forest_only
2023-03-12,S002,P0011,Groceries,South,296,188,698,111.05,20,Rainy,1,131.64,Spring,0,236,43530,20877.399999999998,0.6351351351351351,3.129928085228437,True,-1,0.6355968513180945,True,both
2023-03-12,S003,P0013,Groceries,East,465,205,777,96.52,5,Sunny,0,96.35,Spring,0,196,43552,19786.6,0.44086021505376344,2.90058603087022,False,-1,0.6344775888031193,True,isolation_forest_only
2023-03-12,S005,P0007,Groceries,North,272,241,382,91.65,20,Rainy,1,107.44,Spring,0,217,43586,22087.65,0.8860294117647058,3.384384650398067,True,-1,0.641083235577175,True,both
2023-03-12,S005,P0016,Toys,North,604,251,689,42.73,15,Rainy,1,48.91,Spring,0,226,43595,10725.23,0.4155629139072848,0.9954217375993046,False,-1,0.6294482479902348,True,isolation_forest_only
2023-03-13,S004,P0018,Furniture,West,171,129,136,163.06,25,Cloudy,1,139.3,Spring,0,152,43677,21034.74,0.7543859649122807,3.163009015584801,True,1,0.579335584702389,False,zscore_only
2023-03-14,S004,P0013,Groceries,West,792,227,759,27.24,15,Sunny,1,32.09,Spring,0,267,43772,6183.48,0.2866161616161616,0.04051316097533048,False,-1,0.6430952730165188,True,isolation_forest_only
2023-03-14,S005,P0014,Furniture,North,178,178,445,191.04,15,Rainy,1,172.38,Spring,0,155,43793,34005.119999999995,1.0,5.890047514857561,True,-1,0.6986074631248597,True,both
2023-03-15,S002,P0013,Groceries,South,584,208,765,28.36,20,Sunny,1,24.8,Spring,0,255,43832,5898.88,0.3561643835616438,-0.019324342389492002,False,-1,0.6150725123278861,True,isolation_forest_only
2023-03-15,S002,P0014,Electronics,South,296,141,0,149.31,0,Sunny,0,144.46,Spring,0,136,43833,21052.71,0.47635135135135137,3.166787230396698,True,1,0.5552897324125082,False,zscore_only
2023-03-15,S003,P0013,Groceries,East,12,12,1247,92.27,20,Sunny,1,107.31,Spring,0,275,43852,1107.24,1.0,-1.0267726017816867,False,-1,0.6680605192949034,True,isolation_forest_only
2023-03-15,S005,P0007,Groceries,North,335,263,481,107.1,10,Cloudy,1,119.43,Spring,0,234,43886,28167.3,0.7850746268656716,4.662638611508199,True,-1,0.6816394438975747,True,both
2023-03-15,S005,P0009,Groceries,North,418,278,628,117.91,20,Cloudy,1,125.04,Spring,0,261,43888,32778.979999999996,0.6650717703349283,5.632250057458602,True,-1,0.6947054797838728,True,both
2023-03-15,S005,P0019,Furniture,North,147,147,272,159.33,10,Cloudy,0,138.68,Spring,0,132,43898,23421.510000000002,1.0,3.6648303715442445,True,-1,0.6271939102099938,True,both
2023-03-16,S001,P0007,Groceries,North,635,220,858,30.48,5,Cloudy,0,32.89,Spring,0,186,43906,6705.6,0.3464566929133858,0.1502895392495442,False,-1,0.6258186055410901,True,isolation_forest_only
2023-03-16,S001,P0011,Furniture,North,227,165,246,183.58,10,Cloudy,1,205.8,Spring,0,146,43910,30290.7,0.7268722466960352,5.109086097962396,True,-1,0.6657717300983219,True,both
2023-03-16,S002,P0011,Groceries,South,912,244,0,101.64,25,Cloudy,1,87.09,Spring,0,204,43930,24800.16,0.2675438596491228,3.9546932458025466,True,-1,0.6597919181848776,True,both
2023-03-16,S003,P0012,Furniture,East,283,189,330,108.87,15,Cloudy,1,122.08,Spring,0,158,43951,20576.43,0.6678445229681979,3.0666487690383084,True,1,0.601809128470458,False,zscore_only
2023-03-16,S003,P0013,Groceries,East,777,224,0,92.13,15,Cloudy,1,102.03,Spring,0,246,43952,20637.12,0.2882882882882883,3.0794089168921768,True,-1,0.6152266086052051,True,both
2023-03-16,S004,P0002,Groceries,West,266,250,578,25.05,20,Sunny,1,28.58,Spring,0,262,43961,6262.5,0.9398496240601504,0.05712721408807928,False,-1,0.6239962076064246,True,isolation_forest_only
2023-03-16,S004,P0014,Furniture,West,242,105,317,194.74,15,Sunny,1,178.06,Spring,0,158,43973,20447.7,0.43388429752066116,3.03958312670467,True,1,0.604984383051864,False,zscore_only
2023-03-17,S002,P0020,Furniture,South,319,158,332,150.29,10,Cloudy,1,140.71,Spring,0,137,44039,23745.82,0.4952978056426332,3.733016951713765,True,-1,0.6154049849561819,True,both
2023-03-18,S001,P0005,Groceries,North,0,0,706,67.74,10,Cloudy,0,73.93,Spring,0,180,44104,0.0,0.0,-1.2595711865521229,False,-1,0.6500325558902499,True,isolation_forest_only
2023-03-19,S001,P0011,Furniture,North,176,138,0,154.08,25,Rainy,1,141.43,Spring,0,131,44210,21263.04,0.7840909090909091,3.2110093740464634,True,1,0.5785555757653494,False,zscore_only
2023-03-19,S002,P0007,Toys,South,673,233,672,32.36,20,Sunny,1,29.66,Spring,0,199,44226,7539.88,0.3462109955423477,0.3256979451076053,False,-1,0.6156195273928365,True,isolation_forest_only
2023-03-19,S005,P0019,Furniture,North,135,132,281,155.64,10,Rainy,1,167.56,Spring,0,142,44298,20544.48,0.9777777777777777,3.059931241868575,True,1,0.5997500554740685,False,zscore_only
2023-03-20,S003,P0011,Electronics,East,317,168,303,123.05,20,Sunny,1,139.66,Spring,0,168,44350,20672.399999999998,0.5299684542586751,3.086826580696502,True,1,0.5809998832718102,False,zscore_only
2023-03-20,S003,P0013,Groceries,East,1381,198,0,77.01,25,Sunny,1,84.88,Spring,0,222,44352,15247.980000000001,0.14337436640115858,1.9463355406325145,False,-1,0.6223809163982941,True,isolation_forest_only
2023-03-21,S003,P0016,Electronics,East,261,181,0,115.07,15,Cloudy,1,110.78,Spring,0,180,44455,20827.67,0.6934865900383141,3.1194722909827144,True,1,0.5740605469652138,False,zscore_only
2023-03-22,S004,P0016,Furniture,West,254,164,0,129.31,15,Cloudy,1,127.31,Spring,0,137,44575,21206.84,0.6456692913385826,3.1991932542674646,True,1,0.5691602658859762,False,zscore_only
2023-03-22,S004,P0018,Furniture,West,126,126,108,165.34,15,Cloudy,1,187.78,Spring,0,131,44577,20832.84,1.0,3.1205592899018857,True,1,0.5827817033752417,False,zscore_only
2023-03-22,S005,P0016,Toys,North,343,264,624,38.35,25,Sunny,1,45.65,Spring,0,233,44595,10124.4,0.7696793002915452,0.8690964840972444,False,-1,0.6280335013701149,True,isolation_forest_only
2023-03-22,S005,P0019,Furniture,North,302,158,245,147.94,20,Sunny,1,133.73,Spring,0,147,44598,23374.52,0.5231788079470199,3.654950665700559,True,1,0.6055750854453071,False,zscore_only
2023-03-23,S001,P0004,Electronics,North,241,165,369,125.72,10,Cloudy,1,113.08,Spring,0,163,44603,20743.8,0.6846473029045643,3.101838519348113,True,1,0.5919752267699887,False,zscore_only
2023-03-23,S003,P0004,Groceries,East,330,222,678,27.56,10,Cloudy,1,30.76,Spring,0,196,44643,6118.32,0.6727272727272727,0.026813190071423836,False,-1,0.6128190003317946,True,isolation_forest_only
2023-03-23,S005,P0014,Furniture,North,263,137,319,200.76,0,Cloudy,0,184.74,Spring,0,117,44693,27504.12,0.5209125475285171,4.523204193091182,True,-1,0.647258325460464,True,both
2023-03-24,S002,P0007,Toys,South,675,224,857,32.35,25,Cloudy,1,36.69,Spring,0,249,44726,7246.400000000001,0.33185185185185184,0.26399341071720434,False,-1,0.6349754854459263,True,isolation_forest_only
2023-03-24,S004,P0018,Furniture,West,117,117,150,182.02,15,Sunny,1,167.39,Spring,0,147,44777,21296.34,1.0,3.218010740392382,True,1,0.6033842049785638,False,zscore_only
2023-03-24,S005,P0007,Groceries,North,327,225,477,102.42,15,Sunny,1,123.86,Spring,0,239,44786,23044.5,0.6880733944954128,3.585563550941392,True,-1,0.6503728842059662,True,both
2023-03-24,S005,P0013,Groceries,North,324,221,456,95.83,0,Sunny,0,105.67,Spring,0,185,44792,21178.43,0.6820987654320988,3.193220016493063,True,-1,0.6312929956034584,True,both
2023-03-25,S002,P0011,Groceries,South,353,163,724,123.64,10,Sunny,1,141.65,Spring,0,232,44830,20153.32,0.46175637393767704,2.977689366196811,False,-1,0.6256134773198319,True,isolation_forest_only
2023-03-27,S002,P0014,Electronics,South,201,163,700,111.68,25,Cloudy,1,128.0,Spring,0,153,45033,18203.84,0.8109452736318408,2.567808775685025,False,-1,0.6200701965055317,True,isolation_forest_only
2023-03-27,S003,P0003,Electronics,East,201,200,169,110.11,10,Cloudy,0,107.65,Spring,0,184,45042,22022.0,0.9950248756218906,3.3705816563857667,True,1,0.6080358608787371,False,zscore_only
2023-03-27,S003,P0016,Electronics,East,330,186,309,110.7,10,Cloudy,0,131.72,Spring,0,163,45055,20590.2,0.5636363636363636,3.069543928635405,True,1,0.5915657811081343,False,zscore_only
2023-03-28,S001,P0010,Furniture,North,658,170,0,151.59,10,Cloudy,1,145.19,Spring,0,144,45109,25770.3,0.25835866261398177,4.158666385346992,True,-1,0.6151586095069483,True,both
2023-03-28,S003,P0015,Groceries,East,286,198,0,118.29,15,Cloudy,1,112.04,Spring,0,203,45154,23421.420000000002,0.6923076923076923,3.6648114489325,True,-1,0.6136443750628702,True,both
2023-03-29,S002,P0011,Groceries,South,640,205,0,115.36,5,Cloudy,0,122.14,Spring,0,181,45230,23648.8,0.3203125,3.7126183762518714,True,-1,0.614709556663418,True,both
2023-03-31,S003,P0011,Electronics,East,227,150,319,151.91,5,Sunny,0,142.56,Spring,0,164,45450,22786.5,0.6607929515418502,3.53131873060364,True,-1,0.6114306330617245,True,both
2023-04-01,S002,P0020,Furniture,South,348,169,532,139.69,15,Sunny,1,160.14,Spring,0,149,45539,23607.61,0.48563218390804597,3.7039581276095763,True,-1,0.6391785962855827,True,both
2023-04-01,S003,P0015,Groceries,East,464,259,1105,140.0,10,Cloudy,1,119.86,Spring,0,251,45554,36260.0,0.5581896551724138,6.364138834559849,True,-1,0.7152224560477481,True,both
2023-04-02,S005,P0012,Furniture,North,317,125,603,161.0,0,Cloudy,0,147.34,Spring,0,125,45691,20125.0,0.3943217665615142,2.9717350510341554,False,-1,0.6146152490940247,True,isolation_forest_only
2023-04-03,S005,P0006,Groceries,North,302,214,835,61.28,20,Rainy,1,72.34,Spring,0,185,45785,13113.92,0.7086092715231788,1.4976467759426573,False,-1,0.6252899755003934,True,isolation_forest_only
2023-04-04,S004,P0009,Clothing,West,494,174,428,126.85,15,Rainy,1,116.87,Spring,0,164,45868,22071.899999999998,0.3522267206477733,3.381073193342564,True,1,0.6091955571762209,False,zscore_only
2023-04-05,S003,P0005,Toys,East,799,251,763,28.38,10,Cloudy,1,33.91,Spring,0,212,45944,7123.38,0.3141426783479349,0.238128302973211,False,-1,0.645470204290043,True,isolation_forest_only
2023-04-06,S001,P0003,Clothing,North,597,221,906,65.38,10,Cloudy,1,70.82,Spring,0,191,46002,14448.98,0.37018425460636517,1.7783447985787781,False,-1,0.6297742755297289,True,isolation_forest_only
2023-04-06,S001,P0007,Groceries,North,766,191,720,24.21,25,Cloudy,1,27.48,Spring,0,189,46006,4624.110000000001,0.24934725848563968,-0.2873463176683918,False,-1,0.6144689058238706,True,isolation_forest_only
2023-04-06,S005,P0014,Furniture,North,14,14,365,198.98,0,Cloudy,0,231.48,Spring,0,131,46093,2785.72,1.0,-0.673870097748702,False,-1,0.6465703558587774,True,isolation_forest_only
2023-04-07,S005,P0019,Furniture,North,194,182,311,154.68,20,Cloudy,1,137.5,Spring,0,163,46198,28151.760000000002,0.9381443298969072,4.659371307213437,True,-1,0.6617491281657619,True,both
2023-04-08,S003,P0008,Clothing,East,226,226,413,130.45,25,Sunny,1,146.45,Spring,0,247,46247,29481.699999999997,1.0,4.938992843492467,True,-1,0.6817948548719074,True,both
2023-04-08,S003,P0011,Electronics,East,265,151,341,146.07,5,Sunny,0,139.43,Spring,0,149,46250,22056.57,0.569811320754717,3.377850041808542,True,1,0.596322752793084,False,zscore_only
2023-04-08,S003,P0016,Electronics,East,420,190,402,120.66,15,Sunny,1,118.56,Spring,0,199,46255,22925.399999999998,0.4523809523809524,3.5605226280645463,True,-1,0.6294534608940419,True,both
2023-04-08,S004,P0017,Clothing,West,216,198,213,125.72,10,Cloudy,1,141.42,Spring,0,225,46276,24892.56,0.9166666666666666,3.9741204605281606,True,-1,0.631835439338508,True,both
2023-04-09,S003,P0008,Clothing,East,0,0,392,150.2,10,Rainy,1,149.77,Spring,0,207,46347,0.0,0.0,-1.2595711865521229,False,-1,0.6576264692735198,True,isolation_forest_only
2023-04-09,S004,P0011,Clothing,West,197,197,837,65.81,20,Sunny,1,73.67,Spring,0,209,46370,12964.57,1.0,1.4662457530068305,False,-1,0.6310811792915864,True,isolation_forest_only
2023-04-10,S005,P0016,Toys,North,410,294,762,49.12,10,Cloudy,1,54.36,Spring,0,262,46495,14441.279999999999,0.7170731707317073,1.7767258640183101,False,-1,0.6624450945638014,True,isolation_forest_only
2023-04-11,S001,P0007,Groceries,North,875,155,945,30.86,15,Rainy,1,37.28,Spring,0,238,46506,4783.3,0.17714285714285713,-0.2538764225150324,False,-1,0.6202543876740635,True,isolation_forest_only
2023-04-11,S003,P0007,Groceries,East,178,178,789,17.45,20,Rainy,1,20.92,Spring,0,200,46546,3106.1,1.0,-0.6065098049587445,False,-1,0.6250840256661028,True,isolation_forest_only
2023-04-11,S004,P0007,Groceries,West,609,217,772,37.87,10,Cloudy,1,33.79,Spring,0,216,46566,8217.789999999999,0.3563218390804598,0.46822936431367285,False,-1,0.6152642748809259,True,isolation_forest_only
2023-04-13,S003,P0008,Clothing,East,490,138,0,149.6,5,Cloudy,0,141.2,Spring,1,184,46747,20644.8,0.2816326530612245,3.0810236464278122,True,1,0.5533890958468886,False,zscore_only
2023-04-15,S002,P0005,Electronics,South,1270,4,0,54.85,15,Rainy,1,65.82,Spring,1,4,46924,219.4,0.0031496062992125984,-1.2134420641408719,False,-1,0.617235632515155,True,isolation_forest_only
2023-04-18,S001,P0016,Groceries,North,0,0,421,41.88,0,Rainy,0,48.2,Spring,1,122,47215,0.0,0.0,-1.2595711865521229,False,-1,0.6214610395843349,True,isolation_forest_only
2023-04-19,S003,P0008,Clothing,East,459,184,0,129.56,10,Sunny,0,146.4,Spring,1,169,47347,23839.04,0.4008714596949891,3.7526165724575065,True,1,0.5882827309532297,False,zscore_only
2023-04-23,S001,P0003,Clothing,North,276,229,848,57.83,25,Sunny,1,50.53,Spring,1,195,47702,13243.07,0.8297101449275363,1.524800723797776,False,-1,0.6459278117427214,True,isolation_forest_only
2023-05-01,S002,P0015,Clothing,South,436,225,0,92.59,0,Sunny,0,109.7,Spring,1,200,48534,20832.75,0.5160550458715596,3.12054036729014,True,1,0.5958183026899962,False,zscore_only
2023-05-01,S002,P0019,Clothing,South,1116,164,0,106.99,0,Sunny,0,121.68,Spring,1,162,48538,17546.36,0.14695340501792115,2.4295727893452375,False,-1,0.6096903229039515,True,isolation_forest_only
2023-05-05,S001,P0002,Clothing,North,237,237,247,78.22,25,Cloudy,1,67.97,Spring,1,250,48901,18538.14,1.0,2.6380957657583215,False,-1,0.6150181513039656,True,isolation_forest_only
2023-05-08,S004,P0009,Clothing,West,648,200,672,126.84,20,Sunny,1,136.66,Spring,1,207,49268,25368.0,0.30864197530864196,4.074082310843589,True,-1,0.6693369271750452,True,both
2023-05-10,S004,P0001,Groceries,West,566,191,895,12.64,25,Cloudy,1,11.47,Spring,1,232,49460,2414.2400000000002,0.3374558303886926,-0.7519742289854,False,-1,0.6205385862533238,True,isolation_forest_only
2023-05-12,S003,P0011,Electronics,East,0,0,203,122.43,0,Sunny,0,133.14,Spring,1,92,49650,0.0,0.0,-1.2595711865521229,False,-1,0.6145343632534516,True,isolation_forest_only
2023-05-14,S002,P0005,Electronics,South,302,211,750,102.77,20,Sunny,1,94.93,Spring,0,191,49824,21684.469999999998,0.6986754966887417,3.2996155548020396,True,-1,0.6571123322091232,True,both
2023-05-14,S003,P0011,Electronics,East,345,171,409,167.77,10,Cloudy,0,162.44,Spring,0,225,49850,28688.670000000002,0.4956521739130435,4.772257301351199,True,-1,0.6505719167164868,True,both
2023-05-15,S001,P0004,Electronics,North,0,0,233,119.5,0,Sunny,0,140.25,Spring,0,127,49903,0.0,0.0,-1.2595711865521229,False,-1,0.6142781779482205,True,isolation_forest_only
2023-05-15,S005,P0012,Furniture,North,256,165,664,161.03,5,Sunny,0,144.55,Spring,0,143,49991,26569.95,0.64453125,4.3267937907077805,True,-1,0.6638297170499764,True,both
2023-05-16,S001,P0011,Furniture,North,175,141,0,189.87,10,Sunny,0,189.16,Spring,0,140,50010,26771.670000000002,0.8057142857142857,4.3692056711672045,True,-1,0.6362824214612228,True,both
2023-05-16,S001,P0014,Groceries,North,698,265,801,82.25,20,Sunny,1,93.19,Spring,0,222,50013,21796.25,0.37965616045845274,3.3231174385902333,True,-1,0.6795947493476421,True,both
2023-05-16,S002,P0014,Electronics,South,77,77,873,135.87,20,Sunny,1,125.15,Spring,0,183,50033,10461.99,1.0,0.9400752007554681,False,-1,0.6218028436112757,True,isolation_forest_only
2023-05-16,S002,P0020,Furniture,South,40,40,447,148.94,10,Sunny,0,148.0,Spring,0,134,50039,5957.6,1.0,-0.0069783894816128796,False,-1,0.6159846581620955,True,isolation_forest_only
2023-05-16,S005,P0019,Furniture,North,92,92,336,190.19,0,Sunny,0,161.77,Spring,0,157,50098,17497.48,1.0,2.4192957086548907,False,-1,0.6121534294878221,True,isolation_forest_only
2023-05-17,S002,P0011,Groceries,South,663,230,700,129.38,10,Sunny,1,114.9,Spring,0,229,50130,29757.399999999998,0.3469079939668175,4.99695911080688,True,-1,0.6909003586414489,True,both
2023-05-17,S003,P0017,Furniture,East,155,155,622,150.21,10,Sunny,1,144.17,Spring,0,159,50156,23282.550000000003,1.0,3.6356138590088416,True,-1,0.6650819555943583,True,both
2023-05-17,S004,P0003,Furniture,West,145,145,466,178.75,0,Sunny,0,162.07,Spring,0,135,50162,25918.75,1.0,4.18987818216536,True,-1,0.6736787225392534,True,both
2023-05-18,S004,P0006,Groceries,West,350,251,443,47.15,15,Cloudy,1,46.88,Spring,0,232,50265,11834.65,0.7171428571428572,1.228678670076471,False,-1,0.6120411088445945,True,isolation_forest_only
2023-05-18,S005,P0009,Groceries,North,572,229,683,138.8,0,Sunny,0,121.5,Spring,0,212,50288,31785.200000000004,0.40034965034965037,5.423306578562282,True,-1,0.6885964324053722,True,both
2023-05-19,S003,P0005,Toys,East,250,216,761,26.21,15,Cloudy,1,31.71,Spring,0,203,50344,5661.360000000001,0.864,-0.06926321729888285,False,-1,0.6326854434595738,True,isolation_forest_only
2023-05-20,S005,P0014,Furniture,North,351,183,518,182.88,20,Cloudy,1,157.24,Spring,0,161,50493,33467.04,0.5213675213675214,5.776915526767106,True,-1,0.6894922473200867,True,both
2023-05-21,S003,P0015,Groceries,East,632,173,0,119.73,0,Sunny,0,102.98,Spring,0,146,50554,20713.29,0.2737341772151899,3.0954237539663114,True,1,0.5725370272084751,False,zscore_only
2023-05-21,S003,P0016,Electronics,East,459,204,531,124.15,15,Sunny,1,142.76,Spring,0,232,50555,25326.600000000002,0.4444444444444444,4.0653779094405555,True,-1,0.6541135077615929,True,both
2023-05-22,S003,P0011,Electronics,East,249,141,301,151.37,5,Sunny,0,140.61,Spring,0,162,50650,21343.170000000002,0.5662650602409639,3.2278568060374093,True,1,0.5887482831795285,False,zscore_only
2023-05-22,S004,P0010,Groceries,West,721,209,603,26.51,20,Rainy,1,30.03,Spring,0,182,50669,5540.59,0.289875173370319,-0.094655259749233,False,-1,0.6134801357859264,True,isolation_forest_only
2023-05-24,S001,P0005,Groceries,North,431,218,707,76.07,0,Sunny,0,88.87,Spring,0,184,50804,16583.26,0.505800464037123,2.227079818541791,False,-1,0.6203314878721529,True,isolation_forest_only
2023-05-24,S001,P0014,Groceries,North,406,212,631,85.52,20,Sunny,1,73.19,Spring,0,217,50813,18130.239999999998,0.5221674876847291,2.552334284301852,False,-1,0.6140537236982052,True,isolation_forest_only
2023-05-25,S002,P0003,Groceries,South,533,260,826,113.27,10,Sunny,1,126.88,Spring,0,266,50922,29450.2,0.4878048780487805,4.932369929381464,True,-1,0.7006962424579086,True,both
2023-05-25,S003,P0015,Groceries,East,207,175,720,115.47,5,Sunny,0,104.91,Spring,0,152,50954,20207.25,0.8454106280193237,2.9890282156573345,False,-1,0.6349655226431344,True,isolation_forest_only
2023-05-26,S001,P0012,Groceries,North,257,257,594,119.73,15,Sunny,1,116.7,Spring,0,285,51011,30770.61,1.0,5.209987771327863,True,-1,0.7040808502501319,True,both
2023-05-26,S001,P0018,Groceries,North,282,282,289,86.53,15,Sunny,1,96.53,Spring,0,302,51017,24401.46,1.0,3.8708660757689732,True,-1,0.655875865247998,True,both
2023-05-26,S003,P0011,Electronics,East,156,156,447,141.64,20,Cloudy,1,171.02,Spring,0,225,51050,22095.839999999997,1.0,3.386106608066927,True,-1,0.6367864032417034,True,both
2023-05-26,S003,P0016,Electronics,East,428,186,0,131.36,0,Cloudy,0,113.78,Spring,0,169,51055,24432.960000000003,0.43457943925233644,3.8774889898799794,True,1,0.5957324584276817,False,zscore_only
2023-05-26,S005,P0006,Groceries,North,215,215,1008,83.21,5,Sunny,0,74.33,Spring,0,218,51085,17890.149999999998,1.0,2.5018550637014996,False,-1,0.6637823265919858,True,isolation_forest_only
2023-05-27,S004,P0009,Clothing,West,726,172,0,144.96,0,Sunny,0,130.88,Spring,0,153,51168,24933.120000000003,0.2369146005509642,3.9826482508882344,True,-1,0.6211751734188362,True,both
2023-05-29,S003,P0008,Clothing,East,283,160,276,133.47,5,Sunny,0,145.7,Spring,0,160,51347,21355.2,0.5653710247349824,3.230386128474088,True,1,0.5914365544893652,False,zscore_only
2023-05-29,S003,P0011,Electronics,East,398,154,335,154.01,5,Sunny,0,182.63,Spring,0,188,51350,23717.539999999997,0.3869346733668342,3.7270710466007744,True,-1,0.6143805691363996,True,both
2023-05-29,S003,P0013,Groceries,East,797,123,921,97.92,5,Sunny,0,92.97,Spring,0,202,51352,12044.16,0.15432873274780426,1.2727284077081082,False,-1,0.6104063003587836,True,isolation_forest_only
2023-05-29,S004,P0009,Clothing,West,425,188,570,147.52,5,Sunny,0,139.53,Spring,0,179,51368,27733.760000000002,0.4423529411764706,4.571486288216613,True,-1,0.6617228621756347,True,both
2023-06-01,S004,P0006,Groceries,West,0,0,538,49.19,10,Sunny,1,57.83,Summer,0,248,51665,0.0,0.0,-1.2595711865521229,False,-1,0.6319995632597384,True,isolation_forest_only
2023-06-01,S004,P0010,Groceries,West,197,197,1207,33.62,15,Sunny,1,36.87,Summer,0,257,51669,6623.139999999999,1.0,0.13295222186562528,False,-1,0.6403148133438804,True,isolation_forest_only
2023-06-02,S002,P0014,Electronics,South,265,148,0,140.76,5,Sunny,0,133.62,Summer,0,133,51733,20832.48,0.5584905660377358,3.1204835994549027,True,1,0.554602893962263,False,zscore_only
2023-06-02,S005,P0006,Groceries,North,903,193,1004,78.94,5,Rainy,0,86.64,Summer,0,218,51785,15235.42,0.21373200442967885,1.9436947850377773,False,-1,0.6534101025382343,True,isolation_forest_only
2023-06-03,S002,P0014,Electronics,South,801,141,891,143.04,20,Sunny,1,132.63,Summer,0,203,51833,20168.64,0.1760299625468165,2.980910415218417,False,-1,0.6722026681747342,True,isolation_forest_only
2023-06-03,S003,P0007,Groceries,East,676,203,888,22.98,0,Cloudy,0,19.56,Summer,0,201,51846,4664.9400000000005,0.30029585798816566,-0.27876175947308013,False,-1,0.628401332069199,True,isolation_forest_only
2023-06-03,S003,P0013,Groceries,East,1199,240,0,97.54,5,Cloudy,0,93.4,Summer,0,201,51852,23409.600000000002,0.20016680567139283,3.6623262792565607,True,-1,0.6774886068771162,True,both
2023-06-03,S004,P0014,Furniture,West,234,124,268,173.42,10,Rainy,1,187.19,Summer,0,116,51873,21504.079999999998,0.5299145299145299,3.261688333326353,True,1,0.5956452663653631,False,zscore_only
2023-06-04,S001,P0005,Groceries,North,564,196,751,74.22,5,Sunny,0,81.15,Summer,0,194,51904,14547.119999999999,0.3475177304964539,1.7989788554312858,False,-1,0.6097081048071685,True,isolation_forest_only
2023-06-04,S002,P0001,Groceries,South,419,243,0,96.26,20,Sunny,1,84.37,Summer,0,222,51920,23391.18,0.5799522673031027,3.658453451385934,True,-1,0.6321576136821822,True,both
2023-06-04,S003,P0015,Groceries,East,298,186,0,121.51,5,Rainy,0,136.68,Summer,0,190,51954,22600.86,0.6241610738255033,3.492287690109453,True,1,0.5952665139779401,False,zscore_only
2023-06-04,S005,P0006,Groceries,North,605,260,0,84.3,5,Sunny,0,77.94,Summer,0,224,51985,21918.0,0.4297520661157025,3.3487155272573705,True,-1,0.6302229307777854,True,both
2023-06-04,S005,P0007,Groceries,North,189,189,527,97.3,25,Sunny,1,85.21,Summer,0,249,51986,18389.7,1.0,2.6068860714523683,False,-1,0.626449439120722,True,isolation_forest_only
2023-06-04,S005,P0014,Furniture,North,259,105,483,197.59,15,Sunny,1,184.88,Summer,0,168,51993,20746.95,0.40540540540540543,3.1025008107592136,True,-1,0.6269282645152112,True,both
2023-06-05,S003,P0014,Groceries,East,567,162,640,122.06,10,Sunny,0,117.86,Summer,0,206,52053,19773.72,0.2857142857142857,2.8978779948781654,False,-1,0.621735067254397,True,isolation_forest_only
2023-06-06,S001,P0005,Groceries,North,259,246,0,73.31,10,Sunny,0,81.74,Summer,0,211,52104,18034.260000000002,0.9498069498069498,2.5321543701312423,False,-1,0.6108577169573057,True,isolation_forest_only
2023-06-06,S002,P0001,Groceries,South,498,248,903,104.87,20,Rainy,1,102.31,Summer,0,260,52120,26007.760000000002,0.4979919678714859,4.208592645181885,True,-1,0.6857501122815811,True,both
2023-06-06,S002,P0013,Groceries,South,639,231,683,25.03,15,Rainy,1,27.19,Summer,0,197,52132,5781.93,0.3615023474178404,-0.043913225096856696,False,-1,0.6103218366712143,True,isolation_forest_only
2023-06-06,S003,P0009,Groceries,East,311,242,279,72.71,15,Cloudy,1,87.32,Summer,0,273,52148,17595.82,0.7781350482315113,2.4399718157557224,False,-1,0.6175135658099405,True,isolation_forest_only
2023-06-06,S005,P0009,Groceries,North,198,198,886,119.23,25,Sunny,1,118.1,Summer,0,272,52188,23607.54,1.0,3.703943410022663,True,-1,0.6906402503329907,True,both
2023-06-07,S001,P0016,Groceries,North,414,244,671,44.2,25,Cloudy,1,41.84,Summer,0,232,52215,10784.800000000001,0.5893719806763285,1.0079464040625603,False,-1,0.6248847232986204,True,isolation_forest_only
2023-06-07,S002,P0011,Groceries,South,495,202,607,103.68,25,Rainy,1,97.87,Summer,0,213,52230,20943.36,0.4080808080808081,3.143796257125639,True,-1,0.6242660983449352,True,both
2023-06-07,S002,P0015,Clothing,South,17,17,522,57.03,25,Rainy,1,49.71,Summer,0,111,52234,969.51,1.0,-1.0557305052898982,False,-1,0.6208829682192858,True,isolation_forest_only
2023-06-07,S003,P0008,Clothing,East,198,198,376,121.55,25,Sunny,1,145.65,Summer,0,216,52247,24066.899999999998,1.0,3.8005244203728563,True,-1,0.6462543859600517,True,both
2023-06-07,S003,P0011,Electronics,East,421,305,502,152.26,20,Sunny,1,182.09,Summer,0,257,52250,46439.299999999996,0.7244655581947743,8.50434929837411,True,-1,0.7074698906062733,True,both
2023-06-07,S003,P0013,Groceries,East,646,244,0,83.92,25,Sunny,1,79.95,Summer,0,237,52252,20476.48,0.37770897832817335,3.0456341574384695,True,-1,0.6131745077156205,True,both
2023-06-07,S004,P0001,Groceries,West,180,180,1209,14.77,15,Sunny,1,17.77,Summer,0,269,52260,2658.6,1.0,-0.7005972355833339,False,-1,0.634714564463029,True,isolation_forest_only
2023-06-07,S004,P0004,Groceries,West,691,308,795,82.71,15,Sunny,1,77.23,Summer,0,316,52263,25474.679999999997,0.44573082489146165,4.0965119132995245,True,-1,0.6987990336634172,True,both
2023-06-07,S004,P0007,Groceries,West,0,0,591,36.41,0,Sunny,0,41.28,Summer,0,179,52266,0.0,0.0,-1.2595711865521229,False,-1,0.6409968530405091,True,isolation_forest_only
2023-06-07,S004,P0016,Furniture,West,193,184,515,118.6,25,Sunny,1,138.29,Summer,0,169,52275,21822.399999999998,0.9533678756476683,3.328615508558575,True,-1,0.6458336731249393,True,both
2023-06-07,S005,P0008,Groceries,North,309,288,234,96.78,10,Cloudy,1,95.0,Summer,0,288,52287,27872.64,0.9320388349514563,4.6006859806526865,True,-1,0.6744793559600318,True,both
2023-06-08,S001,P0003,Clothing,North,684,193,855,66.69,15,Cloudy,1,59.84,Summer,0,202,52302,12871.17,0.2821637426900585,1.4466082870395978,False,-1,0.6224474806965714,True,isolation_forest_only
2023-06-08,S005,P0015,Groceries,North,224,224,472,68.04,10,Cloudy,0,60.93,Summer,0,229,52394,15240.960000000001,1.0,1.9448595769163477,False,-1,0.6183442708294149,True,isolation_forest_only
2023-06-09,S001,P0012,Groceries,North,400,251,581,105.99,20,Sunny,1,95.39,Summer,0,256,52411,26603.489999999998,0.6275,4.333845617351686,True,-1,0.6708943094542923,True,both
2023-06-09,S003,P0007,Groceries,East,667,189,856,18.93,10,Rainy,1,20.28,Summer,0,186,52446,3577.77,0.28335832083958024,-0.5073406018242194,False,-1,0.6167742053676587,True,isolation_forest_only
2023-06-09,S005,P0006,Groceries,North,737,184,1084,83.14,10,Sunny,1,76.74,Summer,0,241,52485,15297.76,0.2496607869742198,1.9568018474403177,False,-1,0.627807614560599,True,isolation_forest_only
2023-06-10,S003,P0014,Groceries,East,649,186,824,115.94,15,Rainy,1,127.66,Summer,0,230,52553,21564.84,0.28659476117103233,3.274463198767136,True,-1,0.6573179505443248,True,both
2023-06-10,S005,P0015,Groceries,North,717,279,0,66.59,10,Rainy,1,79.6,Summer,0,242,52594,18578.61,0.3891213389121339,2.64660463350665,False,-1,0.6184532289730766,True,isolation_forest_only
2023-06-11,S001,P0007,Groceries,North,172,172,1169,34.24,20,Sunny,1,29.15,Summer,0,291,52606,5889.280000000001,1.0,-0.02134275430903615,False,-1,0.6149229043750736,True,isolation_forest_only
2023-06-11,S003,P0014,Groceries,East,463,226,0,117.06,10,Cloudy,0,132.46,Summer,0,209,52653,26455.56,0.48812095032397407,4.3027431511789604,True,-1,0.6305993157675994,True,both
2023-06-11,S004,P0002,Groceries,West,0,0,551,30.32,10,Sunny,1,33.16,Summer,0,298,52661,0.0,0.0,-1.2595711865521229,False,-1,0.635622461044921,True,isolation_forest_only
2023-06-11,S004,P0007,Groceries,West,811,237,971,39.57,10,Sunny,1,34.56,Summer,0,235,52666,9378.09,0.2922318125770654,0.7121838799644238,False,-1,0.6500216862482773,True,isolation_forest_only
2023-06-11,S004,P0014,Furniture,West,148,132,0,200.41,0,Sunny,0,187.24,Summer,0,112,52673,26454.12,0.8918918918918919,4.302440389391029,True,-1,0.6333930719888703,True,both
2023-06-11,S005,P0009,Groceries,North,951,189,0,129.67,15,Sunny,1,123.91,Summer,0,253,52688,24507.629999999997,0.19873817034700317,3.8931884500916825,True,-1,0.6413749668126295,True,both
2023-06-11,S005,P0015,Groceries,North,438,278,563,70.78,10,Sunny,0,60.53,Summer,0,246,52694,19676.84,0.634703196347032,2.8775088545900975,False,-1,0.6490681469470958,True,isolation_forest_only
2023-06-12,S004,P0009,Clothing,West,211,177,0,145.76,0,Rainy,0,127.05,Summer,0,155,52768,25799.519999999997,0.8388625592417062,4.164809926627103,True,-1,0.6209809357332015,True,both
2023-06-12,S004,P0012,Electronics,West,156,156,180,130.31,15,Rainy,1,118.58,Summer,0,174,52771,20328.36,1.0,3.014491743529835,True,1,0.5815708259014462,False,zscore_only
2023-06-12,S005,P0013,Groceries,North,636,230,0,103.51,0,Cloudy,0,88.83,Summer,0,195,52792,23807.300000000003,0.36163522012578614,3.7459431980485136,True,-1,0.6273634033583839,True,both
2023-06-13,S002,P0001,Groceries,South,396,242,0,93.33,15,Cloudy,1,106.35,Summer,0,205,52820,22585.86,0.6111111111111112,3.489133921485165,True,-1,0.624322969411331,True,both
2023-06-13,S003,P0015,Groceries,East,462,231,0,134.02,0,Cloudy,0,151.36,Summer,0,209,52854,30958.620000000003,0.5,5.249517107264688,True,-1,0.6430119738540871,True,both
2023-06-13,S004,P0014,Furniture,West,114,114,290,178.85,15,Rainy,1,174.72,Summer,0,128,52873,20388.899999999998,1.0,3.0272203536974605,True,-1,0.6195048218216482,True,both
2023-06-13,S005,P0006,Groceries,North,1307,191,0,71.91,5,Sunny,0,83.81,Summer,0,180,52885,13734.81,0.14613618974751338,1.6281896693515985,False,-1,0.6097542025213011,True,isolation_forest_only
2023-06-13,S005,P0009,Groceries,North,633,276,847,155.05,0,Sunny,0,136.88,Summer,0,260,52888,42793.8,0.43601895734597157,7.73787839705134,True,-1,0.7283327516526331,True,both
2023-06-14,S001,P0010,Furniture,North,499,144,463,161.1,0,Sunny,0,147.45,Summer,0,128,52909,23198.399999999998,0.28857715430861725,3.617921217026586,True,-1,0.6328573398522706,True,both
2023-06-14,S001,P0014,Groceries,North,789,288,825,105.17,10,Sunny,0,94.95,Summer,0,257,52913,30288.96,0.3650190114068441,5.108720260801977,True,-1,0.7148045752832622,True,both
2023-06-14,S005,P0009,Groceries,North,357,160,0,136.63,0,Sunny,0,128.06,Summer,0,205,52988,21860.8,0.4481792717086835,3.336689156236752,True,1,0.569651180807102,False,zscore_only
2023-06-15,S002,P0004,Groceries,South,987,264,1209,61.99,20,Sunny,1,70.91,Summer,0,351,53023,16365.36,0.2674772036474164,2.1812660729929694,False,-1,0.6873297911228007,True,isolation_forest_only
2023-06-15,S003,P0007,Groceries,East,807,158,1047,21.47,10,Cloudy,0,25.24,Summer,0,238,53046,3392.2599999999998,0.19578686493184635,-0.546344309656996,False,-1,0.6196776138031361,True,isolation_forest_only
2023-06-15,S005,P0007,Groceries,North,324,217,301,105.06,5,Cloudy,0,101.72,Summer,0,182,53086,22798.02,0.6697530864197531,3.533740824907094,True,-1,0.6395556042985648,True,both
2023-06-16,S001,P0016,Groceries,North,513,262,619,43.92,25,Cloudy,1,47.32,Summer,0,252,53115,11507.04,0.5107212475633528,1.159798260809607,False,-1,0.6235072028208343,True,isolation_forest_only
2023-06-16,S002,P0005,Electronics,South,635,214,893,106.87,15,Sunny,1,128.02,Summer,0,203,53124,22870.18,0.33700787401574805,3.548912554502334,True,-1,0.6747148072991387,True,both
2023-06-16,S002,P0010,Groceries,South,168,168,204,124.35,0,Sunny,0,109.99,Summer,0,198,53129,20890.8,1.0,3.132745451866134,True,1,0.5868987674547879,False,zscore_only
2023-06-16,S002,P0019,Clothing,South,166,166,706,100.44,15,Sunny,1,111.27,Summer,0,200,53138,16673.04,1.0,2.245956175014363,False,-1,0.6143981013669776,True,isolation_forest_only
2023-06-16,S003,P0013,Groceries,East,804,213,785,94.02,0,Sunny,0,105.59,Summer,0,186,53152,20026.26,0.26492537313432835,2.950974843436676,False,-1,0.6653151210417866,True,isolation_forest_only
2023-06-16,S003,P0014,Groceries,East,640,200,630,119.66,10,Sunny,0,104.41,Summer,0,197,53153,23932.0,0.3125,3.7721615278784264,True,-1,0.6547436594696543,True,both
2023-06-16,S003,P0015,Groceries,East,509,326,1275,134.17,20,Sunny,1,156.69,Summer,0,313,53154,43739.42,0.6404715127701375,7.936696176151281,True,-1,0.7256958318442599,True,both
2023-06-16,S003,P0018,Furniture,East,735,154,0,177.14,0,Sunny,0,168.17,Summer,0,144,53157,27279.559999999998,0.20952380952380953,4.475990174273175,True,-1,0.6510502195467237,True,both
2023-06-17,S003,P0014,Groceries,East,440,184,0,115.07,0,Rainy,0,131.23,Summer,0,162,53253,21172.879999999997,0.41818181818181815,3.192053122102076,True,1,0.5625599818811686,False,zscore_only
2023-06-17,S003,P0015,Groceries,East,183,183,0,140.37,0,Rainy,0,135.25,Summer,0,207,53254,25687.71,1.0,4.141301735301662,True,-1,0.6329500659984482,True,both
2023-06-18,S001,P0005,Groceries,North,762,187,751,71.29,5,Cloudy,0,85.99,Summer,0,179,53304,13331.230000000001,0.24540682414698162,1.5433364732589245,False,-1,0.6194593589623525,True,isolation_forest_only
2023-06-18,S005,P0013,Groceries,North,891,229,0,109.57,5,Cloudy,0,103.71,Summer,0,241,53392,25091.53,0.2570145903479237,4.015954150073131,True,-1,0.6537932425686218,True,both
2023-06-18,S005,P0014,Furniture,North,250,114,332,185.18,5,Cloudy,0,205.52,Summer,0,124,53393,21110.52,0.456,3.1789418546747035,True,-1,0.613350679265074,True,both
2023-06-19,S001,P0016,Groceries,North,619,397,937,55.4,25,Sunny,1,64.98,Summer,0,372,53415,21993.8,0.6413570274636511,3.364652571372105,True,-1,0.702732239948314,True,both
2023-06-19,S005,P0007,Groceries,North,350,253,0,122.0,5,Sunny,0,115.46,Summer,0,245,53486,30866.0,0.7228571428571429,5.230043637265918,True,-1,0.6638992320938757,True,both
2023-06-19,S005,P0009,Groceries,North,646,220,516,124.19,10,Sunny,0,118.09,Summer,0,209,53488,27321.8,0.34055727554179566,4.484871186719171,True,-1,0.6730560793518063,True,both
2023-06-20,S001,P0003,Clothing,North,964,136,767,74.74,10,Sunny,1,66.06,Summer,0,225,53502,10164.64,0.14107883817427386,0.8775569940600007,False,-1,0.611877228739523,True,isolation_forest_only
2023-06-20,S002,P0001,Groceries,South,391,233,0,91.18,20,Sunny,1,88.56,Summer,0,200,53520,21244.940000000002,0.5959079283887468,3.207203826573156,True,1,0.6028553709801208,False,zscore_only
2023-06-20,S003,P0002,Groceries,East,463,248,1039,74.36,25,Sunny,1,66.69,Summer,0,302,53541,18441.28,0.5356371490280778,2.617730830495086,False,-1,0.6594056738440146,True,isolation_forest_only
2023-06-20,S003,P0007,Groceries,East,1286,311,0,21.18,20,Sunny,1,18.11,Summer,0,263,53546,6586.98,0.24183514774494558,0.12534953696867523,False,-1,0.6461230438501934,True,isolation_forest_only
2023-06-20,S003,P0014,Groceries,East,653,214,0,110.25,15,Sunny,1,105.47,Summer,0,188,53553,23593.5,0.327718223583461,3.7009914825903296,True,-1,0.6205374318384367,True,both
2023-06-20,S003,P0015,Groceries,East,1708,135,0,134.57,0,Sunny,0,154.0,Summer,0,211,53554,18166.95,0.07903981264637003,2.560052607381693,False,-1,0.651616764628629,True,isolation_forest_only
2023-06-20,S005,P0006,Groceries,North,366,252,1088,81.46,15,Sunny,1,96.34,Summer,0,283,53585,20527.92,0.6885245901639344,3.056449481307361,True,-1,0.6730973394072546,True,both
2023-06-20,S005,P0007,Groceries,North,486,229,534,105.52,20,Sunny,1,99.12,Summer,0,257,53586,24164.079999999998,0.4711934156378601,3.8209566360334093,True,-1,0.6544406712171761,True,both
2023-06-21,S001,P0010,Furniture,North,291,171,0,136.05,15,Rainy,1,153.73,Summer,0,144,53609,23264.550000000003,0.5876288659793815,3.6318293366596963,True,1,0.5905528546195499,False,zscore_only
2023-06-21,S003,P0014,Groceries,East,439,228,473,100.83,20,Rainy,1,111.1,Summer,0,197,53653,22989.239999999998,0.5193621867881549,3.573945067329515,True,-1,0.6473569763728402,True,both
2023-06-22,S001,P0004,Electronics,North,203,194,444,122.46,15,Cloudy,1,130.52,Summer,0,195,53703,23757.239999999998,0.9556650246305419,3.735418020893056,True,-1,0.6543721532857983,True,both
2023-06-22,S002,P0001,Groceries,South,631,226,760,90.23,25,Sunny,1,77.5,Summer,0,222,53720,20391.98,0.358161648177496,3.027867927521648,True,-1,0.6516549877437412,True,both
2023-06-22,S002,P0003,Groceries,South,410,182,841,107.51,15,Sunny,1,95.42,Summer,0,244,53722,19566.82,0.44390243902439025,2.854377012987154,False,-1,0.6257029830195096,True,isolation_forest_only
2023-06-22,S002,P0010,Groceries,South,258,247,235,129.39,10,Sunny,1,124.29,Summer,0,261,53729,31959.329999999998,0.9573643410852714,5.4599176272654315,True,-1,0.6765449905328141,True,both
2023-06-22,S002,P0014,Electronics,South,291,164,0,132.95,10,Sunny,1,155.75,Summer,0,150,53733,21803.8,0.563573883161512,3.324704835464458,True,1,0.5745348023106788,False,zscore_only
2023-06-22,S003,P0016,Electronics,East,214,203,386,104.63,20,Sunny,1,122.75,Summer,0,187,53755,21239.89,0.9485981308411215,3.2061420578029787,True,-1,0.6255594469395307,True,both
2023-06-22,S004,P0014,Furniture,West,227,138,276,180.12,20,Cloudy,1,160.37,Summer,0,151,53773,24856.56,0.6079295154185022,3.9665514158298696,True,-1,0.6375266928113764,True,both
2023-06-23,S003,P0013,Groceries,East,771,238,1353,98.86,25,Cloudy,1,114.55,Summer,0,343,53852,23528.68,0.3086900129701686,3.6873629971085733,True,-1,0.6959002631756868,True,both
2023-06-23,S004,P0003,Furniture,West,379,143,438,158.04,5,Cloudy,0,188.77,Summer,0,128,53862,22599.719999999998,0.37730870712401055,3.492048003694007,True,-1,0.6175693735241187,True,both
2023-06-23,S005,P0013,Groceries,North,193,193,749,85.58,25,Rainy,1,81.24,Summer,0,236,53892,16516.94,1.0,2.2131359561976063,False,-1,0.632986812159416,True,isolation_forest_only
2023-06-24,S001,P0004,Electronics,North,444,197,0,114.26,15,Rainy,1,124.2,Summer,0,168,53903,22509.22,0.4436936936936937,3.47302026632747,True,1,0.5973904514904341,False,zscore_only
2023-06-24,S003,P0015,Groceries,East,1214,145,0,133.82,0,Cloudy,0,114.39,Summer,0,188,53954,19403.899999999998,0.11943986820428336,2.8201228807025545,False,-1,0.6449125962374013,True,isolation_forest_only
2023-06-24,S005,P0010,Groceries,North,511,222,700,71.69,10,Rainy,0,79.01,Summer,0,199,53989,15915.18,0.4344422700587084,2.0866151690408405,False,-1,0.6172743669812161,True,isolation_forest_only
2023-06-25,S002,P0001,Groceries,South,880,233,0,117.94,0,Sunny,0,129.62,Summer,0,236,54020,27480.02,0.26477272727272727,4.51813713816816,True,-1,0.6579897878267812,True,both
2023-06-25,S003,P0003,Electronics,East,241,241,269,112.18,20,Rainy,1,97.55,Summer,0,241,54042,27035.38,1.0,4.424651026094602,True,-1,0.6612625102419408,True,both
2023-06-25,S003,P0007,Groceries,East,614,308,1036,19.98,25,Rainy,1,19.58,Summer,0,265,54046,6153.84,0.501628664495114,0.0342813141737377,False,-1,0.6674860980693469,True,isolation_forest_only
2023-06-25,S003,P0014,Groceries,East,389,284,789,131.79,10,Rainy,1,119.4,Summer,0,238,54053,37428.36,0.7300771208226221,6.609787975218051,True,-1,0.721138603869247,True,both
2023-06-26,S001,P0011,Furniture,North,318,135,213,175.78,10,Sunny,0,172.19,Summer,0,115,54110,23730.3,0.42452830188679247,3.7297538524438356,True,-1,0.6169400117594063,True,both
2023-06-26,S003,P0015,Groceries,East,955,217,0,117.44,10,Rainy,1,134.99,Summer,0,198,54154,25484.48,0.22722513089005236,4.098572375467393,True,-1,0.6525099904267043,True,both
2023-06-26,S005,P0004,Groceries,North,314,281,239,9.69,20,Sunny,1,10.99,Summer,0,272,54183,2722.89,0.8949044585987261,-0.6870801832596358,False,-1,0.6181229075714731,True,isolation_forest_only
2023-06-26,S005,P0014,Furniture,North,237,114,361,190.29,0,Sunny,0,167.83,Summer,0,100,54193,21693.059999999998,0.4810126582278481,3.301421612967548,True,-1,0.6167051387697787,True,both
2023-06-27,S003,P0008,Clothing,East,187,187,566,163.88,15,Sunny,1,148.37,Summer,0,271,54247,30645.559999999998,1.0,5.183695853563382,True,-1,0.6957127007250953,True,both
2023-06-27,S004,P0014,Furniture,West,266,122,0,184.4,0,Sunny,0,212.79,Summer,0,102,54273,22496.8,0.45864661654135336,3.47040894590656,True,1,0.5996776963882344,False,zscore_only
2023-06-28,S001,P0020,Furniture,North,263,172,0,134.71,10,Sunny,1,157.31,Summer,0,146,54319,23170.120000000003,0.6539923954372624,3.6119753119135956,True,1,0.595631956670209,False,zscore_only
2023-06-28,S003,P0013,Groceries,East,1526,185,0,98.07,0,Rainy,0,88.37,Summer,0,182,54352,18142.949999999997,0.12123197903014417,2.5550065775828315,False,-1,0.6352663576468378,True,isolation_forest_only
2023-06-28,S004,P0004,Groceries,West,204,204,1085,79.15,15,Cloudy,1,86.05,Summer,0,320,54363,16146.6,1.0,2.1352715113763545,False,-1,0.658729586110321,True,isolation_forest_only
2023-06-28,S005,P0008,Groceries,North,227,227,489,110.86,20,Sunny,1,106.66,Summer,0,430,54387,25165.22,1.0,4.031447564068049,True,-1,0.6700283830607565,True,both
2023-06-29,S002,P0005,Electronics,South,699,185,518,111.9,0,Sunny,0,119.34,Summer,0,158,54424,20701.5,0.2646638054363376,3.092944891827621,True,-1,0.635053914526681,True,both
2023-06-29,S003,P0004,Groceries,East,314,238,759,30.7,10,Sunny,0,27.96,Summer,0,220,54443,7306.599999999999,0.7579617834394905,0.2766505354626796,False,-1,0.6403641340763869,True,isolation_forest_only
2023-06-29,S003,P0008,Clothing,East,681,179,0,146.53,10,Sunny,0,125.89,Summer,0,197,54447,26228.87,0.26284875183553597,4.2550812972163055,True,-1,0.6228575502671142,True,both
2023-06-29,S003,P0015,Groceries,East,483,185,0,125.54,5,Sunny,0,113.73,Summer,0,183,54454,23224.9,0.3830227743271222,3.623492874929495,True,1,0.5956234315560294,False,zscore_only
2023-06-29,S003,P0016,Electronics,East,190,175,421,116.79,10,Sunny,0,125.04,Summer,0,184,54455,20438.25,0.9210526315789473,3.037596252471368,True,1,0.6095262386316759,False,zscore_only
2023-06-29,S005,P0001,Groceries,North,208,205,573,17.12,10,Sunny,0,15.05,Summer,0,250,54480,3509.6000000000004,0.9855769230769231,-0.5216734289653997,False,-1,0.6163458042910034,True,isolation_forest_only
2023-06-29,S005,P0013,Groceries,North,732,201,0,103.73,0,Sunny,0,90.3,Summer,0,196,54492,20849.73,0.27459016393442626,3.124110433372834,True,1,0.5991146070669628,False,zscore_only
2023-06-30,S001,P0020,Furniture,North,5,5,335,124.58,5,Rainy,0,143.77,Summer,0,103,54519,622.9,1.0,-1.128605688147527,False,-1,0.6243192604743293,True,isolation_forest_only
2023-06-30,S002,P0003,Groceries,South,288,160,684,119.01,0,Sunny,0,109.54,Summer,0,218,54522,19041.600000000002,0.5555555555555556,2.743948855863921,False,-1,0.6138580461073141,True,isolation_forest_only
2023-06-30,S003,P0011,Electronics,East,156,156,0,138.3,10,Cloudy,0,155.57,Summer,0,168,54550,21574.800000000003,1.0,3.2765573011336637,True,1,0.5967575055341311,False,zscore_only
2023-07-01,S003,P0013,Groceries,East,1170,184,0,94.73,0,Cloudy,0,88.41,Summer,0,169,54652,17430.32,0.15726495726495726,2.405175235267746,False,-1,0.6137276178638723,True,isolation_forest_only
2023-07-01,S004,P0009,Clothing,West,198,168,382,126.57,10,Rainy,1,111.52,Summer,0,143,54668,21263.76,0.8484848484848485,3.2111607549404284,True,-1,0.6098815845068327,True,both
2023-07-02,S001,P0012,Groceries,North,306,240,562,115.06,10,Sunny,0,99.53,Summer,0,239,54711,27614.4,0.7843137254901961,4.546390700016946,True,-1,0.6824983894648284,True,both
2023-07-02,S001,P0020,Furniture,North,386,195,663,159.63,5,Sunny,0,147.71,Summer,0,169,54719,31127.85,0.5051813471502591,5.285097924883903,True,-1,0.6772569765025317,True,both
2023-07-02,S004,P0001,Groceries,West,592,189,774,12.81,5,Sunny,0,15.14,Summer,0,163,54760,2421.09,0.31925675675675674,-0.7505340079803086,False,-1,0.6107275221453554,True,isolation_forest_only
2023-07-02,S004,P0010,Groceries,West,498,271,1410,32.03,25,Sunny,1,35.44,Summer,0,293,54769,8680.130000000001,0.5441767068273092,0.5654369233638914,False,-1,0.6575349885031182,True,isolation_forest_only
2023-07-02,S005,P0008,Groceries,North,208,208,271,91.88,10,Sunny,0,78.57,Summer,0,263,54787,19111.04,1.0,2.7585487020819577,False,-1,0.6099608138028598,True,isolation_forest_only
2023-07-03,S001,P0009,Clothing,North,220,215,241,102.92,15,Sunny,1,111.0,Summer,0,202,54808,22127.8,0.9772727272727273,3.392826237749077,True,-1,0.6288178448017618,True,both
2023-07-03,S001,P0011,Furniture,North,165,165,296,206.73,10,Sunny,1,202.71,Summer,0,171,54810,34110.45,1.0,5.912193278137311,True,-1,0.6811584541647101,True,both
2023-07-03,S002,P0001,Groceries,South,521,252,721,121.94,0,Sunny,0,104.36,Summer,0,228,54820,30728.88,0.4836852207293666,5.201213987015095,True,-1,0.6917385660252978,True,both
2023-07-03,S002,P0009,Groceries,South,329,257,0,77.97,15,Sunny,1,76.41,Summer,0,218,54828,20038.29,0.7811550151975684,2.9535041658733556,False,-1,0.6236075624244807,True,isolation_forest_only
2023-07-03,S003,P0015,Groceries,East,822,156,963,132.25,10,Cloudy,1,124.29,Summer,0,226,54854,20631.0,0.1897810218978102,3.0781221792934677,True,-1,0.6701984031027967,True,both
2023-07-03,S004,P0009,Clothing,West,0,0,375,101.84,20,Sunny,1,114.27,Summer,0,126,54868,0.0,0.0,-1.2595711865521229,False,-1,0.631704567521766,True,isolation_forest_only
2023-07-03,S005,P0008,Groceries,North,271,271,363,92.26,20,Sunny,1,79.94,Summer,0,323,54887,25002.460000000003,1.0,3.99722707198211,True,-1,0.6627847641636377,True,both
2023-07-03,S005,P0010,Groceries,North,512,333,909,86.55,10,Sunny,1,103.05,Summer,0,282,54889,28821.149999999998,0.650390625,4.800111385840909,True,-1,0.7014102517869988,True,both
2023-07-03,S005,P0019,Furniture,North,132,130,300,155.93,15,Sunny,1,137.66,Summer,0,144,54898,20270.9,0.9848484848484849,3.0024107071863964,True,1,0.6020609665716282,False,zscore_only
2023-07-04,S001,P0007,Groceries,North,675,200,862,25.33,20,Cloudy,1,27.59,Summer,0,181,54906,5066.0,0.2962962962962963,-0.1944383965092863,False,-1,0.6261592686830969,True,isolation_forest_only
2023-07-04,S002,P0003,Groceries,South,586,192,649,115.48,5,Cloudy,0,103.59,Summer,0,227,54922,22172.16,0.32764505119453924,3.4021529828273045,True,-1,0.645161513478762,True,both
2023-07-04,S003,P0007,Groceries,East,670,214,847,20.64,10,Cloudy,1,24.81,Summer,0,221,54946,4416.96,0.3194029850746269,-0.33089986236980795,False,-1,0.6306900038447053,True,isolation_forest_only
2023-07-04,S003,P0011,Electronics,East,256,165,323,132.23,10,Cloudy,1,152.01,Summer,0,152,54950,21817.949999999997,0.64453125,3.3276798905333695,True,1,0.5994105207070409,False,zscore_only
2023-07-04,S003,P0015,Groceries,East,666,339,0,135.4,15,Cloudy,1,162.92,Summer,0,287,54954,45900.6,0.509009009009009,8.39108695451385,True,-1,0.6859919446203422,True,both
2023-07-04,S005,P0001,Groceries,North,390,286,579,17.09,10,Cloudy,1,16.97,Summer,0,250,54980,4887.74,0.7333333333333333,-0.23191778284032386,False,-1,0.6371008455665557,True,isolation_forest_only
2023-07-05,S002,P0009,Groceries,South,318,243,0,85.86,5,Cloudy,0,83.3,Summer,0,212,55028,20863.98,0.7641509433962265,3.1271065135659075,True,-1,0.6169979095862697,True,both
2023-07-05,S002,P0011,Groceries,South,101,101,778,133.71,10,Cloudy,1,114.55,Summer,0,244,55030,13504.710000000001,1.0,1.5798108586550221,False,-1,0.6159202292572058,True,isolation_forest_only
2023-07-05,S003,P0008,Clothing,East,173,165,420,152.38,5,Cloudy,0,146.52,Summer,0,191,55047,25142.7,0.953757225433526,4.026712706106785,True,-1,0.6535993821390338,True,both
2023-07-05,S003,P0015,Groceries,East,327,196,0,145.25,0,Cloudy,0,144.04,Summer,0,221,55054,28469.0,0.599388379204893,4.7260714111047095,True,-1,0.631351256504988,True,both
2023-07-06,S001,P0014,Groceries,North,226,194,688,93.56,10,Rainy,1,83.92,Summer,0,206,55113,18150.64,0.8584070796460177,2.5566234096308835,False,-1,0.6285084659131918,True,isolation_forest_only
2023-07-06,S002,P0009,Groceries,South,599,238,523,90.33,15,Rainy,1,80.05,Summer,0,285,55128,21498.54,0.3973288814691152,3.2605235414477836,True,-1,0.6459931628377282,True,both
2023-07-06,S002,P0017,Toys,South,6,6,440,23.05,10,Rainy,0,21.93,Summer,0,143,55136,138.3,1.0,-1.2304934398361884,False,-1,0.6222956791938156,True,isolation_forest_only
2023-07-06,S003,P0004,Groceries,East,671,330,743,32.85,15,Rainy,1,29.37,Summer,0,276,55143,10840.5,0.4918032786885246,1.0196573982207493,False,-1,0.6602391297687025,True,isolation_forest_only
2023-07-06,S005,P0009,Groceries,North,1030,269,0,109.55,20,Rainy,1,118.37,Summer,0,228,55188,29468.95,0.2611650485436893,4.9363121401618235,True,-1,0.6835742589573695,True,both
2023-07-07,S001,P0014,Groceries,North,428,252,0,102.5,20,Cloudy,1,114.88,Summer,0,328,55213,25830.0,0.5887850467289719,4.171218384471657,True,-1,0.645442605455187,True,both
2023-07-07,S005,P0006,Groceries,North,832,228,1233,78.99,20,Cloudy,1,78.82,Summer,0,272,55285,18009.719999999998,0.27403846153846156,2.5269948046619066,False,-1,0.6707006676543947,True,isolation_forest_only
2023-07-08,S001,P0003,Clothing,North,319,227,972,64.36,20,Sunny,1,72.03,Summer,0,234,55302,14609.72,0.7115987460815048,1.8121405831566473,False,-1,0.6434764863961061,True,isolation_forest_only
2023-07-08,S002,P0001,Groceries,South,513,193,562,102.67,10,Cloudy,1,112.05,Summer,0,221,55320,19815.31,0.3762183235867446,2.9066223440171077,False,-1,0.6110689243548754,True,isolation_forest_only
2023-07-08,S002,P0011,Groceries,South,1129,233,0,131.65,0,Cloudy,0,149.26,Summer,0,214,55330,30674.45,0.20637732506643047,5.189770011933762,True,-1,0.6863523553183141,True,both
2023-07-08,S003,P0002,Groceries,East,664,216,582,75.36,10,Sunny,1,75.0,Summer,0,223,55341,16277.76,0.3253012048192771,2.162848064227128,False,-1,0.6183345291051887,True,isolation_forest_only
2023-07-08,S003,P0007,Groceries,East,892,162,995,20.37,15,Sunny,1,24.59,Summer,0,240,55346,3299.94,0.18161434977578475,-0.56575470428328,False,-1,0.6303186289096964,True,isolation_forest_only
2023-07-08,S003,P0015,Groceries,East,824,206,0,114.59,10,Sunny,1,130.57,Summer,0,188,55354,23605.54,0.25,3.703522907539425,True,-1,0.6374389502010679,True,both
2023-07-08,S003,P0017,Furniture,East,177,123,679,146.42,10,Sunny,0,158.46,Summer,0,169,55356,18009.66,0.6949152542372882,2.5269821895874096,False,-1,0.619640769185534,True,isolation_forest_only
2023-07-08,S003,P0018,Furniture,East,291,156,571,139.37,20,Sunny,1,139.35,Summer,0,138,55357,21741.72,0.5360824742268041,3.311652438384739,True,-1,0.6232841714214835,True,both
2023-07-08,S004,P0001,Groceries,West,619,187,896,12.57,15,Sunny,1,13.88,Summer,0,199,55360,2350.59,0.30210016155088854,-0.7653567205144617,False,-1,0.6163514099909614,True,isolation_forest_only
2023-07-08,S004,P0003,Furniture,West,315,173,631,154.91,25,Sunny,1,172.68,Summer,0,208,55362,26799.43,0.5492063492063493,4.375042245634552,True,-1,0.6577944503528507,True,both
2023-07-08,S004,P0007,Groceries,West,526,282,1055,37.98,15,Sunny,1,32.47,Summer,0,242,55366,10710.359999999999,0.5361216730038023,0.9922953016364271,False,-1,0.6562273884552193,True,isolation_forest_only
2023-07-08,S005,P0007,Groceries,North,185,185,543,111.98,15,Sunny,1,99.33,Summer,0,256,55386,20716.3,1.0,3.096056610203585,True,-1,0.6410664082867432,True,both
2023-07-08,S005,P0008,Groceries,North,220,220,284,91.53,10,Sunny,1,79.18,Summer,0,261,55387,20136.6,1.0,2.974173965436938,False,-1,0.6216887476511196,True,isolation_forest_only
2023-07-08,S005,P0010,Groceries,North,605,362,929,75.33,25,Sunny,1,88.43,Summer,0,304,55389,27269.46,0.5983471074380166,4.473866636732821,True,-1,0.7083006950172619,True,both
2023-07-09,S003,P0011,Electronics,East,338,151,250,140.87,10,Rainy,0,131.06,Summer,0,156,55450,21271.37,0.4467455621301775,3.2127607668891507,True,1,0.5857858620152774,False,zscore_only
2023-07-09,S005,P0013,Groceries,North,243,191,803,88.24,20,Sunny,1,105.2,Summer,0,244,55492,16853.84,0.7860082304526749,2.283969599499113,False,-1,0.628696359402999,True,isolation_forest_only
2023-07-10,S001,P0007,Groceries,North,681,193,920,30.89,10,Cloudy,0,30.72,Summer,0,193,55506,5961.77,0.2834067547723935,-0.006101641804060825,False,-1,0.6257607512134303,True,isolation_forest_only
2023-07-10,S001,P0009,Clothing,North,215,164,191,124.49,10,Cloudy,1,109.49,Summer,0,237,55508,20416.36,0.7627906976744186,3.032993852792324,True,1,0.5728629486129244,False,zscore_only
2023-07-10,S003,P0013,Groceries,East,861,238,917,87.44,15,Sunny,1,79.31,Summer,0,201,55552,20810.72,0.2764227642276423,3.1159085324372695,True,-1,0.6818902056185573,True,both
2023-07-11,S003,P0015,Groceries,East,355,187,0,119.06,10,Sunny,0,108.4,Summer,0,183,55654,22264.22,0.5267605633802817,3.421508712130768,True,1,0.5825515528622068,False,zscore_only
2023-07-11,S004,P0003,Furniture,West,666,135,0,158.74,10,Rainy,1,138.56,Summer,0,130,55662,21429.9,0.20270270270270271,3.246091896223042,True,1,0.5948732118705127,False,zscore_only
2023-07-12,S001,P0014,Groceries,North,411,233,765,105.0,5,Sunny,0,117.0,Summer,0,255,55713,24465.0,0.5669099756690997,3.884225439661457,True,-1,0.6722123833399073,True,both
2023-07-12,S005,P0009,Groceries,North,770,200,0,121.02,5,Sunny,0,115.38,Summer,0,177,55788,24204.0,0.2597402597402597,3.8293498655988474,True,-1,0.6330718756791747,True,both
2023-07-13,S002,P0001,Groceries,South,427,258,630,92.13,20,Cloudy,1,104.73,Summer,0,225,55820,23769.539999999997,0.6042154566744731,3.7380041111649724,True,-1,0.6650979317819466,True,both
2023-07-13,S002,P0013,Groceries,South,650,191,905,29.19,15,Cloudy,1,34.22,Summer,0,264,55832,5575.29,0.29384615384615387,-0.087359541665047,False,-1,0.6143676841119765,True,isolation_forest_only
2023-07-13,S004,P0014,Furniture,West,253,120,223,179.96,5,Cloudy,0,213.46,Summer,0,111,55873,21595.2,0.4743083003952569,3.280846426462695,True,1,0.6065656833719788,False,zscore_only
2023-07-13,S005,P0006,Groceries,North,1316,238,0,72.41,10,Rainy,1,86.15,Summer,0,204,55885,17233.579999999998,0.18085106382978725,2.363810405991585,False,-1,0.6458091477710908,True,isolation_forest_only
2023-07-13,S005,P0014,Furniture,North,161,110,266,187.85,0,Rainy,0,172.87,Summer,0,96,55893,20663.5,0.6832298136645962,3.0849553446460916,True,1,0.602972791697792,False,zscore_only
2023-07-14,S001,P0019,Furniture,North,151,151,195,159.22,10,Cloudy,1,153.51,Summer,0,211,55918,24042.22,1.0,3.7953354197296942,True,-1,0.619815090138039,True,both
2023-07-14,S004,P0004,Groceries,West,695,220,603,57.15,25,Cloudy,1,51.53,Summer,0,203,55963,12573.0,0.31654676258992803,1.3839176743260029,False,-1,0.6154783712816617,True,isolation_forest_only
2023-07-14,S005,P0005,Groceries,North,268,263,482,21.68,15,Cloudy,1,25.42,Summer,0,268,55984,5701.84,0.9813432835820896,-0.060752247038137974,False,-1,0.6202776510215179,True,isolation_forest_only
2023-07-14,S005,P0009,Groceries,North,413,185,503,115.26,10,Cloudy,0,138.16,Summer,0,200,55988,21323.100000000002,0.44794188861985473,3.223637063618112,True,-1,0.6160437553293392,True,both
2023-07-15,S004,P0014,Furniture,West,274,127,257,165.21,20,Sunny,1,150.07,Summer,0,122,56073,20981.670000000002,0.4635036496350365,3.151850982192071,True,1,0.5813470512043197,False,zscore_only
2023-07-16,S001,P0016,Groceries,North,522,340,1011,56.68,10,Rainy,1,66.72,Summer,0,287,56115,19271.2,0.6513409961685823,2.792222540939688,False,-1,0.6869404371078918,True,isolation_forest_only
2023-07-16,S002,P0004,Groceries,South,181,181,793,54.64,25,Cloudy,1,47.44,Summer,0,292,56123,9889.84,1.0,0.8197799528630463,False,-1,0.6135892110549606,True,isolation_forest_only
2023-07-16,S002,P0010,Groceries,South,195,189,192,107.28,5,Cloudy,0,128.11,Summer,0,180,56129,20275.920000000002,0.9692307692307692,3.0034661684193247,True,1,0.5897465108728299,False,zscore_only
2023-07-16,S004,P0004,Groceries,West,411,358,1034,79.5,20,Sunny,1,69.5,Summer,0,327,56163,28461.0,0.8710462287104623,4.724389401171756,True,-1,0.7173093637848547,True,both
2023-07-16,S005,P0015,Groceries,North,314,245,435,54.42,25,Rainy,1,60.22,Summer,0,233,56194,13332.9,0.7802547770700637,1.5436875928324283,False,-1,0.6117238918895181,True,isolation_forest_only
2023-07-17,S002,P0009,Groceries,South,437,232,679,97.92,10,Sunny,1,92.33,Summer,0,297,56228,22717.44,0.5308924485125858,3.5167987798574187,True,-1,0.6587122325822826,True,both
2023-07-17,S002,P0010,Groceries,South,198,198,266,112.36,15,Sunny,1,128.16,Summer,0,246,56229,22247.28,1.0,3.4179470560977383,True,-1,0.621324749669387,True,both
2023-07-17,S002,P0019,Clothing,South,207,207,914,108.99,15,Sunny,1,93.23,Summer,0,213,56238,22560.93,1.0,3.4838923580315986,True,-1,0.690873277056475,True,both
2023-07-17,S003,P0010,Groceries,East,275,275,331,54.43,20,Rainy,1,54.0,Summer,0,295,56249,14968.25,1.0,1.8875219608143772,False,-1,0.6178794624832904,True,isolation_forest_only
2023-07-17,S003,P0013,Groceries,East,677,214,831,97.18,5,Rainy,0,83.3,Summer,0,199,56252,20796.52,0.31610044313146235,3.112922964806277,True,-1,0.6568326737966397,True,both
2023-07-17,S003,P0018,Furniture,East,691,143,659,168.9,10,Rainy,1,143.86,Summer,0,165,56257,24152.7,0.20694645441389292,3.818563976903784,True,-1,0.6706069825123614,True,both
2023-07-17,S004,P0003,Furniture,West,527,201,509,154.51,25,Sunny,1,147.62,Summer,0,186,56262,31056.51,0.38140417457305503,5.270098601306791,True,-1,0.6770267101365852,True,both
2023-07-17,S004,P0014,Furniture,West,340,115,0,178.05,10,Sunny,0,162.79,Summer,0,108,56273,20475.75,0.3382352941176471,3.045480674032088,True,1,0.5712113671130284,False,zscore_only
2023-07-17,S005,P0006,Groceries,North,757,215,579,71.79,10,Cloudy,0,68.27,Summer,0,181,56285,15434.850000000002,0.28401585204755614,1.9856251901538935,False,-1,0.6271683156428668,True,isolation_forest_only
2023-07-18,S002,P0010,Groceries,South,266,196,284,120.79,20,Sunny,1,131.06,Summer,0,310,56329,23674.84,0.7368421052631579,3.7180933185836356,True,-1,0.6295399670987167,True,both
2023-07-18,S003,P0014,Groceries,East,530,191,816,101.78,25,Cloudy,1,116.28,Summer,0,227,56353,19439.98,0.360377358490566,2.8277087455001753,False,-1,0.630922170961141,True,isolation_forest_only
2023-07-19,S003,P0013,Groceries,East,353,226,0,90.7,20,Sunny,1,79.69,Summer,0,243,56452,20498.2,0.6402266288951841,3.050200814406439,True,1,0.5973590381476788,False,zscore_only
2023-07-19,S003,P0015,Groceries,East,190,190,1351,137.67,20,Sunny,1,151.51,Summer,0,326,56454,26157.3,1.0,4.240033615853619,True,-1,0.7033165134027448,True,both
2023-07-19,S004,P0014,Furniture,West,201,124,212,181.05,5,Cloudy,0,207.88,Summer,0,113,56473,22450.2,0.6169154228855721,3.4606112380471057,True,-1,0.6185914058340938,True,both
2023-07-19,S004,P0018,Furniture,West,137,133,110,154.03,20,Cloudy,1,142.86,Summer,0,111,56477,20485.99,0.9708029197080292,3.047633646746269,True,1,0.5697833388784529,False,zscore_only
2023-07-20,S003,P0014,Groceries,East,259,259,0,138.13,5,Cloudy,0,117.48,Summer,0,235,56553,35775.67,1.0,6.262307850706425,True,-1,0.6816488932419513,True,both
2023-07-20,S004,P0004,Groceries,West,1216,223,0,80.51,10,Rainy,1,71.19,Summer,0,274,56563,17953.73,0.18338815789473684,2.5152228376436483,False,-1,0.6413866426145431,True,isolation_forest_only
2023-07-20,S005,P0009,Groceries,North,692,190,0,109.21,10,Rainy,0,93.54,Summer,0,159,56588,20749.899999999998,0.2745664739884393,3.1031210519219896,True,1,0.5910654811765983,False,zscore_only
2023-07-21,S003,P0011,Electronics,East,336,212,353,126.36,20,Rainy,1,146.8,Summer,0,178,56650,26788.32,0.6309523809523809,4.3727063543401625,True,-1,0.6487718116550504,True,both
2023-07-21,S003,P0014,Groceries,East,816,259,0,114.3,20,Rainy,1,108.86,Summer,0,227,56653,29603.7,0.3174019607843137,4.96464349497001,True,-1,0.6693905210584594,True,both
2023-07-21,S005,P0014,Furniture,North,332,126,342,166.18,10,Sunny,1,188.13,Summer,0,107,56693,20938.68,0.3795180722891566,3.1428122813148613,True,1,0.5903838164529616,False,zscore_only
2023-07-22,S003,P0013,Groceries,East,781,195,752,93.73,10,Sunny,1,88.69,Summer,0,206,56752,18277.350000000002,0.2496798975672215,2.5832643444564525,False,-1,0.6499307471961386,True,isolation_forest_only
2023-07-22,S003,P0014,Groceries,East,557,255,800,115.96,20,Sunny,1,112.2,Summer,0,234,56753,29569.8,0.4578096947935368,4.957515977879119,True,-1,0.702246662801293,True,both
2023-07-22,S005,P0009,Groceries,North,324,184,0,125.95,0,Cloudy,0,119.52,Summer,0,173,56788,23174.8,0.5679012345679012,3.6129592877243737,True,1,0.5951000397135641,False,zscore_only
2023-07-22,S005,P0013,Groceries,North,43,43,1013,108.16,15,Cloudy,1,123.81,Summer,0,313,56792,4650.88,1.0,-0.28171789193024604,False,-1,0.6422615561417917,True,isolation_forest_only
2023-07-23,S002,P0001,Groceries,South,286,263,719,95.79,20,Cloudy,1,105.15,Summer,0,243,56820,25192.77,0.9195804195804196,4.037239985774659,True,-1,0.6897030257439879,True,both
2023-07-23,S002,P0011,Groceries,South,948,266,0,114.72,20,Cloudy,1,137.02,Summer,0,251,56830,30515.52,0.2805907172995781,5.156354782103223,True,-1,0.6822052916013578,True,both
2023-07-24,S001,P0006,Toys,North,0,0,353,41.34,10,Rainy,0,35.23,Summer,0,114,56905,0.0,0.0,-1.2595711865521229,False,-1,0.6170617284191213,True,isolation_forest_only
2023-07-24,S001,P0007,Groceries,North,635,241,699,31.98,10,Rainy,1,29.15,Summer,0,207,56906,7707.18,0.3795275590551181,0.3608729778304965,False,-1,0.6197614877185762,True,isolation_forest_only
2023-07-24,S004,P0007,Groceries,West,525,219,1091,45.08,10,Sunny,1,40.03,Summer,0,297,56966,9872.52,0.41714285714285715,0.8161384013582019,False,-1,0.6284773603662905,True,isolation_forest_only
2023-07-24,S004,P0009,Clothing,West,326,144,561,146.24,5,Sunny,0,125.41,Summer,0,175,56968,21058.56,0.44171779141104295,3.1680172001601705,True,-1,0.613787176981552,True,both
2023-07-24,S004,P0010,Groceries,West,1655,214,0,32.54,5,Sunny,0,36.57,Summer,0,195,56969,6963.5599999999995,0.12930513595166163,0.20452594953763129,False,-1,0.6232342538330362,True,isolation_forest_only
2023-07-24,S004,P0014,Furniture,West,303,109,0,191.36,0,Sunny,0,226.81,Summer,0,114,56973,20858.24,0.35973597359735976,3.1258996714390137,True,1,0.5755260084032914,False,zscore_only
2023-07-25,S003,P0008,Clothing,East,165,165,458,147.31,5,Sunny,0,170.49,Summer,0,198,57047,24306.15,1.0,3.8508270299302483,True,-1,0.6509925326669972,True,both
2023-07-25,S003,P0013,Groceries,East,382,299,1609,123.56,10,Sunny,1,110.65,Summer,0,337,57052,36944.44,0.7827225130890052,6.508043194373691,True,-1,0.7287266002781708,True,both
2023-07-25,S003,P0015,Groceries,East,1490,267,0,118.37,15,Sunny,1,139.77,Summer,0,225,57054,31604.79,0.17919463087248322,5.385375152061762,True,-1,0.704885379023899,True,both
2023-07-25,S004,P0003,Furniture,West,370,136,514,153.57,15,Sunny,1,164.08,Summer,0,156,57062,20885.52,0.3675675675675676,3.131635325310385,True,1,0.6091812995956316,False,zscore_only
2023-07-25,S004,P0006,Groceries,West,373,264,593,45.37,20,Sunny,1,48.08,Summer,0,265,57065,11977.679999999998,0.707774798927614,1.258750905165264,False,-1,0.6276327206034852,True,isolation_forest_only
2023-07-26,S001,P0005,Groceries,North,1302,234,0,74.12,10,Sunny,0,80.14,Summer,0,216,57104,17344.08,0.17972350230414746,2.387043168190507,False,-1,0.6436688748355405,True,isolation_forest_only
2023-07-26,S001,P0007,Groceries,North,242,213,849,35.96,0,Sunny,0,39.94,Summer,0,234,57106,7659.4800000000005,0.8801652892561983,0.350843993605261,False,-1,0.6327124277320019,True,isolation_forest_only
2023-07-26,S001,P0014,Groceries,North,440,233,571,78.91,20,Sunny,1,86.77,Summer,0,205,57113,18386.03,0.5295454545454545,2.6061144493956254,False,-1,0.6239180681179716,True,isolation_forest_only
2023-07-26,S002,P0014,Electronics,South,518,181,702,130.2,15,Cloudy,1,140.75,Summer,0,163,57133,23566.199999999997,0.34942084942084944,3.6952516236941246,True,-1,0.6484875550244767,True,both
2023-07-26,S002,P0019,Clothing,South,627,203,624,115.47,0,Cloudy,0,131.4,Summer,0,191,57138,23440.41,0.3237639553429027,3.6688041200108477,True,-1,0.6549894838137078,True,both
2023-07-26,S003,P0015,Groceries,East,1223,146,0,119.37,10,Cloudy,0,140.51,Summer,0,205,57154,17428.02,0.11937857726901063,2.404691657412022,False,-1,0.620538829266104,True,isolation_forest_only
2023-07-26,S003,P0016,Electronics,East,222,189,488,139.62,10,Cloudy,1,161.89,Summer,0,260,57155,26388.18,0.8513513513513513,4.288576422518658,True,-1,0.6639864400273742,True,both
2023-07-26,S005,P0010,Groceries,North,572,254,785,82.94,5,Sunny,0,91.57,Summer,0,238,57189,21066.76,0.44405594405594406,3.169741260341447,True,-1,0.6655317458697361,True,both
2023-07-26,S005,P0013,Groceries,North,973,264,0,97.05,10,Sunny,0,103.24,Summer,0,234,57192,25621.2,0.27132579650565264,4.12731792522157,True,-1,0.6692345338794339,True,both
2023-07-26,S005,P0019,Furniture,North,210,140,232,181.0,0,Sunny,0,154.44,Summer,0,140,57198,25340.0,0.6666666666666666,4.068195276078252,True,-1,0.6388767520989692,True,both
2023-07-27,S001,P0011,Furniture,North,290,137,270,187.2,5,Cloudy,0,176.29,Summer,0,117,57210,25646.399999999998,0.4724137931034483,4.1326162565103735,True,-1,0.6444523988298879,True,both
2023-07-27,S002,P0010,Groceries,South,227,209,153,106.05,10,Cloudy,0,98.39,Summer,0,177,57229,22164.45,0.920704845814978,3.400531945754421,True,-1,0.617364897306619,True,both
2023-07-27,S004,P0010,Groceries,West,1124,231,0,32.93,10,Cloudy,0,35.45,Summer,0,222,57269,7606.83,0.20551601423487545,0.33977426573401026,False,-1,0.6097447832758696,True,isolation_forest_only
2023-07-28,S002,P0009,Groceries,South,309,245,491,80.93,20,Rainy,1,76.77,Summer,0,262,57328,19827.850000000002,0.7928802588996764,2.9092588945870124,False,-1,0.6390328251342516,True,isolation_forest_only
2023-07-28,S002,P0013,Groceries,South,659,272,585,25.32,20,Rainy,1,30.19,Summer,0,227,57332,6887.04,0.41274658573596357,0.18843752452893067,False,-1,0.6253749135173495,True,isolation_forest_only
2023-07-28,S002,P0014,Electronics,South,270,164,0,143.76,10,Rainy,1,132.61,Summer,0,160,57333,23576.64,0.6074074074074074,3.69744664665663,True,1,0.5917863551370027,False,zscore_only
2023-07-28,S003,P0015,Groceries,East,1007,155,0,126.25,0,Cloudy,0,115.93,Summer,0,165,57354,19568.75,0.15392254220456802,2.854782797883479,False,-1,0.6148610719791141,True,isolation_forest_only
2023-07-28,S004,P0014,Furniture,West,156,156,242,201.97,10,Cloudy,1,173.22,Summer,0,150,57373,31507.32,1.0,5.364881963541139,True,-1,0.6691242725168386,True,both
2023-07-28,S005,P0009,Groceries,North,645,232,911,139.37,15,Sunny,1,125.27,Summer,0,287,57388,32333.84,0.35968992248062015,5.538658819764236,True,-1,0.7031561153101523,True,both
2023-07-28,S005,P0019,Furniture,North,232,125,339,167.45,10,Sunny,0,164.57,Summer,0,149,57398,20931.25,0.5387931034482759,3.1412501145896305,True,1,0.5908378098481702,False,zscore_only
2023-07-29,S002,P0011,Groceries,South,371,196,0,129.62,0,Sunny,0,149.01,Summer,0,207,57430,25405.52,0.5283018867924528,4.081970937429142,True,-1,0.6142230012935864,True,both
2023-07-29,S003,P0015,Groceries,East,852,216,0,130.68,0,Rainy,0,157.28,Summer,0,199,57454,28226.88,0.2535211267605634,4.675165380483872,True,-1,0.6569293693884476,True,both
2023-07-29,S004,P0010,Groceries,West,747,196,802,32.15,10,Cloudy,0,27.53,Summer,0,191,57469,6301.4,0.26238286479250333,0.06530598738706585,False,-1,0.6255177825066786,True,isolation_forest_only
2023-07-29,S004,P0014,Furniture,West,0,0,209,169.74,10,Cloudy,0,153.57,Summer,0,94,57473,0.0,0.0,-1.2595711865521229,False,-1,0.6412595935479949,True,isolation_forest_only
2023-07-30,S003,P0015,Groceries,East,636,208,830,111.06,10,Cloudy,0,122.43,Summer,0,176,57554,23100.48,0.3270440251572327,3.597333415447235,True,-1,0.6742111549709531,True,both
2023-07-30,S004,P0007,Groceries,West,1627,183,0,37.27,10,Sunny,0,41.77,Summer,0,232,57566,6820.410000000001,0.11247695144437615,0.17442848429984395,False,-1,0.6129063725751397,True,isolation_forest_only
2023-07-30,S005,P0007,Groceries,North,475,185,421,119.08,0,Sunny,0,115.19,Summer,0,212,57586,22029.8,0.3894736842105263,3.372221616070396,True,1,0.6094640056861231,False,zscore_only
2023-07-30,S005,P0015,Groceries,North,297,291,541,83.07,0,Sunny,0,75.23,Summer,0,272,57594,24173.37,0.9797979797979798,3.822909870068052,True,-1,0.6804226534097242,True,both
2023-07-31,S003,P0004,Groceries,East,723,194,790,33.0,5,Sunny,0,32.74,Summer,0,227,57643,6402.0,0.26832641770401106,0.08645726229395684,False,-1,0.6237377967651705,True,isolation_forest_only
2023-07-31,S003,P0015,Groceries,East,428,193,0,150.64,0,Sunny,0,139.87,Summer,0,237,57654,29073.519999999997,0.45093457943925236,4.853172491688344,True,-1,0.6278710036430227,True,both
2023-08-01,S001,P0016,Groceries,North,234,201,697,55.19,10,Sunny,1,61.92,Summer,0,274,57715,11093.189999999999,0.8589743589743589,1.072785784465503,False,-1,0.6148802169944297,True,isolation_forest_only
2023-08-01,S002,P0010,Groceries,South,167,167,169,123.78,0,Cloudy,0,114.97,Summer,0,196,57729,20671.26,1.0,3.086586894281056,True,1,0.5790305969962186,False,zscore_only
2023-08-01,S003,P0011,Electronics,East,296,208,515,156.91,20,Cloudy,1,137.77,Summer,0,247,57750,32637.28,0.7027027027027027,5.602457456521163,True,-1,0.6887439264355433,True,both
2023-08-01,S005,P0009,Groceries,North,1045,221,0,109.92,15,Sunny,1,120.65,Summer,0,204,57788,24292.32,0.21148325358851675,3.8479192552586543,True,-1,0.65793830260743,True,both
2023-08-01,S005,P0011,Electronics,North,411,195,832,87.84,25,Sunny,1,80.71,Summer,0,210,57790,17128.8,0.4744525547445255,2.3417802808947266,False,-1,0.6135084534472084,True,isolation_forest_only
2023-08-01,S005,P0014,Furniture,North,281,139,539,181.23,20,Sunny,1,206.0,Summer,0,177,57793,25190.969999999998,0.49466192170818507,4.036861533539743,True,-1,0.6614436472386078,True,both
2023-08-01,S005,P0019,Furniture,North,201,156,415,186.63,10,Sunny,0,173.14,Summer,0,190,57798,29114.28,0.7761194029850746,4.861742332296743,True,-1,0.6729567302154734,True,both
2023-08-02,S001,P0007,Groceries,North,934,208,767,30.76,10,Cloudy,1,35.5,Summer,0,212,57806,6398.08,0.22269807280513917,0.08563307742680959,False,-1,0.653715417153776,True,isolation_forest_only
2023-08-02,S001,P0012,Groceries,North,196,188,0,111.07,10,Cloudy,1,97.59,Summer,0,224,57811,20881.16,0.9591836734693877,3.130718629896925,True,1,0.5926909202331343,False,zscore_only
2023-08-02,S002,P0010,Groceries,South,169,169,228,135.37,0,Cloudy,0,117.73,Summer,0,234,57829,22877.530000000002,1.0,3.5504579011282362,True,-1,0.616702099845926,True,both
2023-08-02,S004,P0001,Groceries,West,551,280,1189,16.19,10,Sunny,1,19.58,Summer,0,286,57860,4533.200000000001,0.5081669691470054,-0.3064602580439927,False,-1,0.6679376769736919,True,isolation_forest_only
2023-08-02,S004,P0013,Groceries,West,731,185,804,26.59,10,Sunny,0,31.11,Summer,0,230,57872,4919.15,0.253077975376197,-0.225313791341065,False,-1,0.6132298247966369,True,isolation_forest_only
2023-08-03,S001,P0004,Electronics,North,251,171,309,121.36,10,Rainy,1,118.8,Summer,0,151,57903,20752.56,0.6812749003984063,3.103680320224697,True,1,0.5847330339669474,False,zscore_only
2023-08-03,S002,P0004,Groceries,South,811,293,615,52.94,20,Sunny,1,45.13,Summer,0,246,57923,15511.42,0.36128236744759556,2.0017241277246747,False,-1,0.6539781728765538,True,isolation_forest_only
2023-08-03,S002,P0005,Electronics,South,343,214,0,107.65,15,Sunny,1,96.96,Summer,0,185,57924,23037.100000000002,0.6239067055393586,3.584007691753411,True,-1,0.6170918100493898,True,both
2023-08-03,S002,P0010,Groceries,South,228,195,203,119.82,10,Sunny,1,126.56,Summer,0,249,57929,23364.899999999998,0.8552631578947368,3.652928048756182,True,-1,0.6215025449347137,True,both
2023-08-03,S002,P0011,Groceries,South,496,159,706,125.21,5,Sunny,0,143.05,Summer,0,214,57930,19908.39,0.32056451612903225,2.9261925295870217,False,-1,0.6197549472239002,True,isolation_forest_only
2023-08-03,S002,P0013,Groceries,South,378,281,1026,27.29,25,Sunny,1,31.94,Summer,0,292,57932,7668.49,0.7433862433862434,0.3527383572922497,False,-1,0.6675283310413915,True,isolation_forest_only
2023-08-03,S004,P0014,Furniture,West,161,123,0,178.68,10,Cloudy,0,165.82,Summer,0,109,57973,21977.64,0.7639751552795031,3.361254911307539,True,1,0.6015406018309029,False,zscore_only
2023-08-03,S004,P0018,Furniture,West,156,127,105,175.84,10,Cloudy,0,163.69,Summer,0,116,57977,22331.68,0.8141025641025641,3.4356922608903986,True,1,0.6031540642644025,False,zscore_only
2023-08-04,S005,P0013,Groceries,North,193,193,1068,93.09,25,Sunny,1,100.79,Summer,0,300,58092,17966.37,1.0,2.5178804133377146,False,-1,0.6552266769122574,True,isolation_forest_only
2023-08-05,S003,P0013,Groceries,East,1148,202,0,87.24,10,Cloudy,0,100.39,Summer,0,198,58152,17622.48,0.1759581881533101,2.4455771138572904,False,-1,0.6205999856242825,True,isolation_forest_only
2023-08-05,S004,P0014,Furniture,West,157,143,305,168.43,25,Sunny,1,165.13,Summer,0,150,58173,24085.49,0.910828025477707,3.804432990954558,True,-1,0.6286543222058636,True,both
2023-08-06,S002,P0003,Groceries,South,418,166,876,111.95,10,Cloudy,1,130.74,Summer,0,260,58222,18583.7,0.39712918660287083,2.647674812326492,False,-1,0.6116903452837327,True,isolation_forest_only
2023-08-06,S002,P0009,Groceries,South,204,204,573,94.6,10,Cloudy,1,91.54,Summer,0,280,58228,19298.399999999998,1.0,2.7979413747117294,False,-1,0.6470961892304392,True,isolation_forest_only
2023-08-06,S003,P0013,Groceries,East,946,211,0,93.1,10,Cloudy,0,81.62,Summer,0,204,58252,19644.1,0.22304439746300211,2.8706252289394847,False,-1,0.6116131387201116,True,isolation_forest_only
2023-08-06,S004,P0003,Furniture,West,104,104,529,158.6,15,Rainy,1,174.51,Summer,0,168,58262,16494.399999999998,1.0,2.2083968932115097,False,-1,0.6226940298291159,True,isolation_forest_only
2023-08-06,S005,P0007,Groceries,North,526,254,400,108.45,15,Cloudy,1,100.91,Summer,0,242,58286,27546.3,0.4828897338403042,4.53207259046268,True,-1,0.6694713802783565,True,both
2023-08-07,S004,P0018,Furniture,West,152,110,115,185.02,5,Cloudy,0,208.65,Summer,0,132,58377,20352.2,0.7236842105263158,3.0195041331300367,True,1,0.5878544850782134,False,zscore_only
2023-08-08,S001,P0007,Groceries,North,872,235,1086,36.02,0,Cloudy,0,38.36,Summer,0,234,58406,8464.7,0.2694954128440367,0.5201424983818683,False,-1,0.6566993434468051,True,isolation_forest_only
2023-08-08,S001,P0011,Furniture,North,214,139,219,147.95,25,Cloudy,1,147.33,Summer,0,118,58410,20565.05,0.6495327102803738,3.0642561099086816,True,1,0.5708020573949711,False,zscore_only
2023-08-08,S001,P0012,Groceries,North,295,241,391,113.36,10,Cloudy,1,100.25,Summer,0,233,58411,27319.76,0.8169491525423729,4.484442274186268,True,-1,0.6668180657692623,True,both
2023-08-08,S002,P0004,Groceries,South,553,256,765,52.38,15,Cloudy,1,60.53,Summer,0,237,58423,13409.28,0.4629294755877034,1.5597465826673025,False,-1,0.640895548818009,True,isolation_forest_only
2023-08-08,S003,P0014,Groceries,East,185,185,0,115.21,10,Cloudy,1,137.27,Summer,0,203,58453,21313.85,1.0,3.221692239633134,True,1,0.5987822480281406,False,zscore_only
2023-08-08,S003,P0015,Groceries,East,197,184,910,127.8,5,Cloudy,0,143.97,Summer,0,211,58454,23515.2,0.934010152284264,3.6845288103715474,True,-1,0.6833452595342843,True,both
2023-08-08,S004,P0001,Groceries,West,921,264,855,14.27,15,Sunny,1,12.42,Summer,0,230,58460,3767.2799999999997,0.28664495114006516,-0.4674958890249659,False,-1,0.676742013757816,True,isolation_forest_only
2023-08-08,S004,P0004,Groceries,West,419,221,657,68.55,15,Sunny,1,59.43,Summer,0,227,58463,15149.55,0.5274463007159904,1.9256405109199368,False,-1,0.6134896053227701,True,isolation_forest_only
2023-08-08,S004,P0014,Furniture,West,389,128,0,169.27,15,Sunny,1,161.69,Summer,0,110,58473,21666.56,0.32904884318766064,3.2958499550646403,True,1,0.5725238939097289,False,zscore_only
2023-08-09,S003,P0011,Electronics,East,277,172,259,138.58,10,Rainy,1,134.93,Summer,0,150,58550,23835.760000000002,0.6209386281588448,3.751926948384996,True,-1,0.6130114819719173,True,both
2023-08-09,S005,P0010,Groceries,North,652,307,646,74.61,20,Cloudy,1,83.12,Summer,0,268,58589,22905.27,0.4708588957055215,3.5562902705707526,True,-1,0.6774296137091312,True,both
2023-08-09,S005,P0014,Furniture,North,252,123,352,174.52,10,Cloudy,0,159.68,Summer,0,106,58593,21465.960000000003,0.4880952380952381,3.2536735559958303,True,-1,0.6111789577874852,True,both
2023-08-10,S002,P0019,Clothing,South,367,217,883,105.62,10,Cloudy,1,117.41,Summer,0,198,58638,22919.54,0.5912806539509536,3.5592905557886576,True,-1,0.6711651044913733,True,both
2023-08-10,S003,P0007,Groceries,East,733,289,1134,25.18,10,Sunny,1,23.84,Summer,0,289,58646,7277.0199999999995,0.3942701227830832,0.27043130373558383,False,-1,0.6656819261720316,True,isolation_forest_only
2023-08-10,S003,P0008,Clothing,East,407,168,0,121.14,15,Sunny,1,111.12,Summer,0,147,58647,20351.52,0.41277641277641275,3.0193611622857355,True,1,0.5557655731928934,False,zscore_only
2023-08-10,S003,P0013,Groceries,East,315,269,0,96.77,20,Sunny,1,95.27,Summer,0,273,58652,26031.129999999997,0.8539682539682539,4.213506216698525,True,-1,0.6544793077598293,True,both
2023-08-10,S003,P0014,Groceries,East,476,189,545,117.3,0,Sunny,0,128.12,Summer,0,169,58653,22169.7,0.39705882352941174,3.4016357647729216,True,-1,0.625748944949361,True,both
2023-08-10,S003,P0015,Groceries,East,594,256,0,128.97,15,Sunny,1,122.57,Summer,0,240,58654,33016.32,0.43097643097643096,5.6821510871445025,True,-1,0.6656304308110498,True,both
2023-08-10,S003,P0016,Electronics,East,161,161,429,128.13,10,Sunny,0,114.5,Summer,0,200,58655,20628.93,1.0,3.077686959223316,True,-1,0.6184579449723834,True,both
2023-08-10,S003,P0018,Furniture,East,493,124,436,171.34,0,Sunny,0,150.38,Summer,0,133,58657,21246.16,0.2515212981744422,3.207460333087931,True,-1,0.6186321928133182,True,both
2023-08-10,S004,P0004,Groceries,West,5,5,552,67.87,10,Sunny,1,76.35,Summer,0,220,58663,339.35,1.0,-1.1882224277086493,False,-1,0.6409725264550313,True,isolation_forest_only
2023-08-10,S004,P0007,Groceries,West,407,313,1339,43.19,15,Sunny,1,50.67,Summer,0,331,58666,13518.47,0.769041769041769,1.582703915739702,False,-1,0.6744535135558696,True,isolation_forest_only
2023-08-10,S004,P0013,Groceries,West,517,233,703,23.13,20,Sunny,1,26.63,Summer,0,221,58672,5389.29,0.4506769825918762,-0.1264662726062171,False,-1,0.6197425668559355,True,isolation_forest_only
2023-08-10,S005,P0007,Groceries,North,298,211,401,89.2,20,Cloudy,1,102.26,Summer,0,206,58686,18821.2,0.7080536912751678,2.6976094822110506,False,-1,0.610377626076577,True,isolation_forest_only
2023-08-10,S005,P0008,Groceries,North,258,236,314,82.19,25,Cloudy,1,75.87,Summer,0,297,58687,19396.84,0.9147286821705426,2.8186385069367232,False,-1,0.62027028111393,True,isolation_forest_only
2023-08-10,S005,P0013,Groceries,North,1192,241,0,80.3,25,Cloudy,1,88.72,Summer,0,230,58692,19352.3,0.20218120805369127,2.809273916635004,False,-1,0.6532546561127999,True,isolation_forest_only
2023-08-11,S001,P0014,Groceries,North,1007,235,0,106.05,5,Cloudy,0,99.01,Summer,0,236,58713,24921.75,0.2333664349553128,3.9802576942710237,True,-1,0.667697979791057,True,both
2023-08-11,S002,P0003,Groceries,South,558,197,654,89.47,25,Sunny,1,76.84,Summer,0,219,58722,17625.59,0.35304659498207885,2.446230995218726,False,-1,0.6166486208886024,True,isolation_forest_only
2023-08-11,S002,P0005,Electronics,South,557,207,827,102.6,20,Sunny,1,122.31,Summer,0,211,58724,21238.199999999997,0.37163375224416517,3.2057867332046417,True,-1,0.6494869105779946,True,both
2023-08-11,S002,P0007,Toys,South,399,207,758,33.63,15,Sunny,1,38.41,Summer,0,211,58726,6961.410000000001,0.518796992481203,0.20407390936815029,False,-1,0.6109536117991917,True,isolation_forest_only
2023-08-11,S002,P0011,Groceries,South,767,231,0,131.34,10,Sunny,1,124.38,Summer,0,236,58730,30339.54,0.3011734028683181,5.119354768603077,True,-1,0.6618177604722665,True,both
2023-08-11,S003,P0014,Groceries,East,287,191,0,125.24,0,Rainy,0,123.76,Summer,0,174,58753,23920.84,0.6655052264808362,3.769815124021957,True,-1,0.6096689061783634,True,both
2023-08-11,S003,P0018,Furniture,East,369,146,0,146.96,15,Rainy,1,173.12,Summer,0,154,58757,21456.16,0.3956639566395664,3.2516130938279617,True,1,0.5587259038583597,False,zscore_only
2023-08-11,S004,P0020,Furniture,West,339,153,0,149.66,10,Sunny,1,145.9,Summer,0,132,58779,22897.98,0.45132743362831856,3.554757539019348,True,1,0.5806842966293061,False,zscore_only
2023-08-12,S001,P0011,Furniture,North,285,143,230,195.0,0,Rainy,0,227.34,Summer,0,131,58810,27885.0,0.5017543859649123,4.603284685999101,True,-1,0.6403178827854057,True,both
2023-08-12,S003,P0014,Groceries,East,96,96,1007,154.93,0,Sunny,0,179.5,Summer,0,289,58853,14873.28,1.0,1.8675544003978024,False,-1,0.6383316738982503,True,isolation_forest_only
2023-08-12,S003,P0015,Groceries,East,1210,189,0,113.29,5,Sunny,0,127.4,Summer,0,163,58854,21411.81,0.15619834710743802,3.2422884512621506,True,-1,0.6549171121444868,True,both
2023-08-12,S004,P0001,Groceries,West,1178,261,978,14.22,20,Sunny,1,16.05,Summer,0,280,58860,3711.42,0.22156196943972836,-0.47924052338181405,False,-1,0.6914399922323234,True,isolation_forest_only
2023-08-13,S002,P0009,Groceries,South,426,251,496,92.75,0,Cloudy,0,98.64,Summer,0,246,58928,23280.25,0.5892018779342723,3.635130281153117,True,-1,0.6551723744099369,True,both
2023-08-13,S002,P0014,Electronics,South,413,190,672,125.61,20,Cloudy,1,140.84,Summer,0,172,58933,23865.9,0.4600484261501211,3.7582639208073982,True,-1,0.6532422482099034,True,both
2023-08-13,S003,P0002,Groceries,East,1050,314,0,70.74,20,Sunny,1,78.09,Summer,0,271,58941,22212.359999999997,0.29904761904761906,3.4106050827403958,True,-1,0.6698532918550067,True,both
2023-08-13,S003,P0011,Electronics,East,440,138,0,151.15,0,Sunny,0,142.31,Summer,0,143,58950,20858.7,0.31363636363636366,3.1259963870101584,True,1,0.5504071714160711,False,zscore_only
2023-08-13,S003,P0013,Groceries,East,1266,201,0,82.16,25,Sunny,1,70.97,Summer,0,228,58952,16514.16,0.15876777251184834,2.212551457745905,False,-1,0.6238688855508495,True,isolation_forest_only
2023-08-13,S003,P0014,Groceries,East,545,195,0,104.93,15,Sunny,1,125.97,Summer,0,188,58953,20461.350000000002,0.3577981651376147,3.042453056152772,True,1,0.577140168309863,False,zscore_only
2023-08-13,S003,P0015,Groceries,East,1021,201,1053,132.78,15,Sunny,1,157.81,Summer,0,277,58954,26688.78,0.19686581782566112,4.3517779457493875,True,-1,0.7076167534372488,True,both
2023-08-13,S004,P0014,Furniture,West,156,106,288,194.28,15,Sunny,1,177.0,Summer,0,157,58973,20593.68,0.6794871794871795,3.0702756029562392,True,-1,0.6096892781731107,True,both
2023-08-13,S004,P0017,Clothing,West,179,179,227,115.02,15,Sunny,1,104.7,Summer,0,191,58976,20588.579999999998,1.0,3.069203321623981,True,1,0.590783525872883,False,zscore_only
2023-08-13,S005,P0013,Groceries,North,753,245,0,86.46,15,Rainy,1,97.0,Summer,0,209,58992,21182.699999999997,0.3253652058432935,3.1941177892947765,True,-1,0.6313799590129764,True,both
2023-08-14,S001,P0011,Furniture,North,355,139,0,179.03,10,Sunny,0,161.68,Summer,0,121,59010,24885.170000000002,0.39154929577464787,3.972566703852595,True,1,0.6068744442891291,False,zscore_only
2023-08-14,S004,P0007,Groceries,West,1846,195,0,32.91,10,Rainy,0,35.27,Summer,0,181,59066,6417.449999999999,0.1056338028169014,0.08970564397697316,False,-1,0.6239460872111557,True,isolation_forest_only
2023-08-14,S005,P0007,Groceries,North,851,258,0,114.47,0,Sunny,0,122.16,Summer,0,217,59086,29533.26,0.30317273795534666,4.9498333975103534,True,-1,0.6709775510326192,True,both
2023-08-15,S001,P0011,Furniture,North,216,121,209,172.38,10,Sunny,0,160.55,Summer,0,108,59110,20857.98,0.5601851851851852,3.1258450061161924,True,1,0.5847210537291432,False,zscore_only
2023-08-15,S001,P0012,Groceries,North,209,209,553,108.31,10,Sunny,1,126.97,Summer,0,235,59111,22636.79,1.0,3.4998420172208307,True,-1,0.6676891734415614,True,both
2023-08-15,S003,P0013,Groceries,East,866,255,934,97.54,5,Sunny,0,103.56,Summer,0,222,59152,24872.7,0.29445727482678985,3.9699448708696035,True,-1,0.7010569330038127,True,both
2023-08-15,S003,P0015,Groceries,East,765,212,0,134.84,0,Sunny,0,128.76,Summer,0,191,59154,28586.08,0.27712418300653596,4.750687626473485,True,-1,0.6492065270148483,True,both
2023-08-15,S005,P0012,Furniture,North,669,167,649,149.26,15,Sunny,1,165.12,Summer,0,174,59191,24926.42,0.24962630792227206,3.9812395675693852,True,-1,0.6673700469134601,True,both
2023-08-15,S005,P0014,Furniture,North,170,126,0,166.02,20,Sunny,1,181.18,Summer,0,145,59193,20918.52,0.7411764705882353,3.1385736162838183,True,1,0.5786389111647425,False,zscore_only
2023-08-16,S001,P0012,Groceries,North,302,196,0,104.6,0,Cloudy,0,125.72,Summer,0,178,59211,20501.6,0.6490066225165563,3.0509156686279435,True,1,0.5827679015632762,False,zscore_only
2023-08-16,S001,P0014,Groceries,North,268,205,640,83.67,20,Cloudy,1,100.63,Summer,0,230,59213,17152.35,0.7649253731343284,2.3467316976348584,False,-1,0.6205290445311444,True,isolation_forest_only
2023-08-16,S003,P0002,Groceries,East,387,249,757,65.46,25,Sunny,1,72.9,Summer,0,265,59241,16299.539999999999,0.6434108527131783,2.1674273362695935,False,-1,0.6478539672734815,True,isolation_forest_only
2023-08-16,S003,P0007,Groceries,East,936,174,920,22.12,5,Sunny,0,23.9,Summer,0,228,59246,3848.88,0.1858974358974359,-0.45033938770883963,False,-1,0.6315546027441026,True,isolation_forest_only
2023-08-16,S003,P0008,Clothing,East,375,195,347,131.52,10,Sunny,0,146.48,Summer,0,175,59247,25646.4,0.52,4.1326162565103735,True,-1,0.640161416576386,True,both
2023-08-16,S003,P0013,Groceries,East,611,252,0,101.66,10,Sunny,1,98.99,Summer,0,241,59252,25618.32,0.41243862520458263,4.1267124016457055,True,-1,0.6476435904057918,True,both
2023-08-16,S003,P0014,Groceries,East,1121,222,0,115.03,20,Sunny,1,100.29,Summer,0,230,59253,25536.66,0.19803746654772525,4.109543285255083,True,-1,0.6701948755225222,True,both
2023-08-16,S003,P0015,Groceries,East,553,214,0,104.39,25,Sunny,1,98.47,Summer,0,203,59254,22339.46,0.38698010849909587,3.4373280155501957,True,1,0.6054099686709918,False,zscore_only
2023-08-17,S001,P0007,Groceries,North,722,231,1176,29.27,25,Cloudy,1,26.18,Summer,0,247,59306,6761.37,0.31994459833795014,0.16201525099464656,False,-1,0.6436843563609914,True,isolation_forest_only
2023-08-17,S003,P0013,Groceries,East,359,242,0,84.86,20,Rainy,1,75.16,Summer,0,214,59352,20536.12,0.6740947075208914,3.0581735414886384,True,-1,0.6146301937905363,True,both
2023-08-18,S002,P0003,Groceries,South,306,248,686,95.01,20,Cloudy,1,94.4,Summer,0,217,59422,23562.48,0.8104575163398693,3.6944694890753027,True,-1,0.6733061819556584,True,both
2023-08-18,S002,P0019,Clothing,South,563,196,868,90.81,25,Cloudy,1,82.34,Summer,0,190,59438,17798.760000000002,0.3481349911190053,2.482640202729922,False,-1,0.6343717162343159,True,isolation_forest_only
2023-08-18,S003,P0016,Electronics,East,551,221,0,107.63,25,Rainy,1,91.68,Summer,0,203,59455,23786.23,0.4010889292196007,3.7415132043875974,True,-1,0.6191181475338801,True,both
2023-08-18,S004,P0007,Groceries,West,1276,217,0,37.78,5,Sunny,0,33.53,Summer,0,193,59466,8198.26,0.1700626959247649,0.46412315756485023,False,-1,0.6156591294488409,True,isolation_forest_only
2023-08-18,S004,P0014,Furniture,West,369,136,0,186.93,5,Sunny,0,215.5,Summer,0,123,59473,25422.48,0.3685636856368564,4.085536798487004,True,-1,0.614378177180437,True,both
2023-08-18,S005,P0010,Groceries,North,545,198,904,67.83,25,Cloudy,1,75.04,Summer,0,253,59489,13430.34,0.363302752293578,1.5641744738158025,False,-1,0.6130151207042456,True,isolation_forest_only
2023-08-19,S002,P0004,Groceries,South,768,236,846,50.06,25,Sunny,1,52.81,Summer,0,274,59523,11814.16,0.3072916666666667,1.2243706221356936,False,-1,0.6483738114649918,True,isolation_forest_only
2023-08-19,S002,P0009,Groceries,South,244,244,619,95.55,10,Sunny,1,93.95,Summer,0,285,59528,23314.2,1.0,3.6422683108060894,True,-1,0.6804939159722609,True,both
2023-08-19,S002,P0011,Groceries,South,401,264,782,131.95,10,Sunny,0,116.11,Summer,0,238,59530,34834.799999999996,0.6583541147132169,6.064488765004174,True,-1,0.7122683094583702,True,both
2023-08-19,S005,P0009,Groceries,North,181,181,577,104.18,20,Cloudy,1,123.99,Summer,0,206,59588,18856.58,1.0,2.7050481711395378,False,-1,0.6252023081762335,True,isolation_forest_only
2023-08-20,S003,P0015,Groceries,East,1155,244,1194,131.89,25,Rainy,1,151.54,Summer,0,338,59654,32181.159999999996,0.21125541125541125,5.506557660193816,True,-1,0.733554421794109,True,both
2023-08-20,S004,P0004,Groceries,West,605,268,893,72.25,15,Rainy,1,77.48,Summer,0,274,59663,19363.0,0.44297520661157025,2.8115236049203296,False,-1,0.6699945842928281,True,isolation_forest_only
2023-08-20,S005,P0013,Groceries,North,245,240,0,90.28,20,Cloudy,1,104.86,Summer,0,254,59692,21667.2,0.9795918367346939,3.2959845158592764,True,-1,0.6311523380158383,True,both
2023-08-21,S002,P0003,Groceries,South,686,278,640,109.22,10,Sunny,1,120.96,Summer,0,249,59722,30363.16,0.40524781341107874,5.124320902930123,True,-1,0.6984268675252711,True,both
2023-08-21,S002,P0014,Electronics,South,418,227,750,124.08,25,Sunny,1,149.03,Summer,0,193,59733,28166.16,0.5430622009569378,4.662398925092754,True,-1,0.6844620129994529,True,both
2023-08-21,S003,P0014,Groceries,East,573,196,647,135.63,10,Cloudy,1,128.69,Summer,0,251,59753,26583.48,0.34205933682373474,4.329638490006888,True,-1,0.6699281307068975,True,both
2023-08-22,S001,P0003,Clothing,North,803,172,837,63.59,15,Cloudy,1,54.12,Summer,0,183,59802,10937.480000000001,0.21419676214196762,1.040047563632979,False,-1,0.6170656324841145,True,isolation_forest_only
2023-08-22,S001,P0011,Furniture,North,414,136,0,179.26,15,Cloudy,1,215.67,Summer,0,158,59810,24379.36,0.3285024154589372,3.8662195233291894,True,1,0.6006178599451352,False,zscore_only
2023-08-22,S001,P0012,Groceries,North,361,218,350,100.36,10,Cloudy,0,120.98,Summer,0,203,59811,21878.48,0.6038781163434903,3.3404063981885797,True,-1,0.6239018986359214,True,both
2023-08-22,S002,P0010,Groceries,South,205,189,228,110.02,20,Rainy,1,124.77,Summer,0,264,59829,20793.78,0.9219512195121952,3.11234687640424,True,1,0.5976862240512372,False,zscore_only
2023-08-22,S003,P0015,Groceries,East,827,279,0,136.27,15,Cloudy,1,161.91,Summer,0,290,59854,38019.33,0.3373639661426844,6.734040151477747,True,-1,0.6905842945378038,True,both
2023-08-22,S005,P0001,Groceries,North,458,237,643,17.23,15,Cloudy,1,14.89,Summer,0,280,59880,4083.51,0.517467248908297,-0.4010081388877281,False,-1,0.6127935869490828,True,isolation_forest_only
2023-08-22,S005,P0009,Groceries,North,937,179,0,116.07,5,Cloudy,0,108.41,Summer,0,162,59888,20776.53,0.1910352187833511,3.1087200424863086,True,-1,0.6102082977090807,True,both
2023-08-23,S002,P0005,Electronics,South,747,174,740,98.8,20,Rainy,1,89.42,Summer,0,175,59924,17191.2,0.23293172690763053,2.3548999583717647,False,-1,0.6246798971394191,True,isolation_forest_only
2023-08-23,S002,P0013,Groceries,South,771,255,759,25.76,25,Rainy,1,25.33,Summer,0,240,59932,6568.8,0.33073929961089493,0.12152716939603843,False,-1,0.6467896962913074,True,isolation_forest_only
2023-08-23,S003,P0002,Groceries,East,603,271,0,69.55,15,Sunny,1,80.29,Summer,0,235,59941,18848.05,0.4494195688225539,2.7032547280485257,False,-1,0.61138220866137,True,isolation_forest_only
2023-08-23,S003,P0007,Groceries,East,952,143,817,16.98,25,Sunny,1,19.91,Summer,0,216,59946,2428.14,0.15021008403361344,-0.7490517367268933,False,-1,0.6330967169388481,True,isolation_forest_only
2023-08-23,S003,P0017,Furniture,East,185,133,565,156.44,0,Sunny,0,136.0,Summer,0,137,59956,20806.52,0.7189189189189189,3.115025477222469,True,-1,0.6296910560981415,True,both
2023-08-23,S004,P0003,Furniture,West,159,145,387,139.84,20,Cloudy,1,126.86,Summer,0,127,59962,20276.8,0.9119496855345912,3.003651189511949,True,1,0.6024171532589617,False,zscore_only
2023-08-23,S004,P0007,Groceries,West,631,210,756,27.62,25,Cloudy,1,33.42,Summer,0,183,59966,5800.2,0.3328050713153724,-0.04007193491247412,False,-1,0.6221118325315366,True,isolation_forest_only
2023-08-24,S001,P0007,Groceries,North,982,171,958,32.03,20,Cloudy,1,30.98,Summer,0,259,60006,5477.13,0.17413441955193482,-0.10799780354238706,False,-1,0.6351933443264315,True,isolation_forest_only
2023-08-24,S001,P0011,Furniture,North,213,124,220,164.25,10,Cloudy,1,174.18,Summer,0,109,60010,20367.0,0.5821596244131455,3.0226158515060004,True,1,0.5763769490995254,False,zscore_only
2023-08-24,S002,P0004,Groceries,South,658,259,617,56.69,10,Cloudy,0,52.26,Summer,0,225,60023,14682.71,0.39361702127659576,1.8274868212824322,False,-1,0.6295405100561879,True,isolation_forest_only
2023-08-24,S003,P0013,Groceries,East,339,236,0,104.58,0,Sunny,0,96.74,Summer,0,208,60052,24680.88,0.696165191740413,3.9296144777022097,True,-1,0.637561345733688,True,both
2023-08-24,S004,P0014,Furniture,West,386,151,0,215.88,0,Cloudy,0,183.77,Summer,0,137,60073,32597.88,0.3911917098445596,5.594173557601368,True,-1,0.6356367910926602,True,both
2023-08-24,S005,P0009,Groceries,North,685,238,619,108.44,25,Cloudy,1,96.42,Summer,0,229,60088,25808.72,0.34744525547445254,4.166744238050001,True,-1,0.6762361843228692,True,both
2023-08-25,S002,P0011,Groceries,South,483,180,674,132.42,0,Cloudy,0,154.38,Summer,0,216,60130,23835.6,0.37267080745341613,3.751893308186336,True,-1,0.6467348965228455,True,both
2023-08-25,S003,P0015,Groceries,East,1587,164,0,103.0,10,Rainy,0,110.32,Summer,0,149,60154,16892.0,0.1033396345305608,2.2919927868793013,False,-1,0.6289647758675375,True,isolation_forest_only
2023-08-26,S002,P0010,Groceries,South,235,198,198,119.22,10,Sunny,0,117.85,Summer,0,224,60229,23605.56,0.8425531914893617,3.703527112564258,True,-1,0.6215943407253387,True,both
2023-08-26,S004,P0002,Groceries,West,296,237,742,30.41,25,Sunny,1,29.62,Summer,0,370,60261,7207.17,0.8006756756756757,0.25574525450848323,False,-1,0.6350379083142171,True,isolation_forest_only
2023-08-27,S003,P0014,Groceries,East,475,210,634,123.49,5,Sunny,0,121.28,Summer,0,189,60353,25932.899999999998,0.4421052631578947,4.192853237234272,True,-1,0.6636298623216964,True,both
2023-08-27,S005,P0009,Groceries,North,913,214,0,124.55,10,Sunny,1,108.53,Summer,0,210,60388,26653.7,0.2343921139101862,4.344402332193388,True,-1,0.6595777657240787,True,both
2023-08-27,S005,P0014,Furniture,North,42,42,503,198.07,10,Sunny,0,184.91,Summer,0,148,60393,8318.94,1.0,0.48949627740345464,False,-1,0.6518007134482284,True,isolation_forest_only
2023-08-28,S003,P0015,Groceries,East,1182,192,0,118.05,25,Cloudy,1,109.56,Summer,0,257,60454,22665.6,0.16243654822335024,3.505899355491879,True,-1,0.6624057842969029,True,both
2023-08-29,S002,P0001,Groceries,South,361,192,0,114.72,0,Rainy,0,103.2,Summer,0,202,60520,22026.239999999998,0.5318559556786704,3.3714731216502316,True,1,0.5846375586384733,False,zscore_only
2023-08-29,S002,P0011,Groceries,South,627,200,728,123.26,10,Rainy,0,109.3,Summer,0,209,60530,24652.0,0.3189792663476874,3.923542421844246,True,-1,0.6677926181812239,True,both
2023-08-30,S001,P0007,Groceries,North,936,263,1014,36.33,0,Sunny,0,40.53,Summer,0,238,60606,9554.789999999999,0.280982905982906,0.7493352743585352,False,-1,0.6756997607711421,True,isolation_forest_only
2023-08-30,S001,P0018,Groceries,North,274,226,228,83.13,5,Sunny,0,81.68,Summer,0,209,60617,18787.379999999997,0.8248175182481752,2.690498785219489,False,-1,0.6096472845577399,True,isolation_forest_only
2023-08-30,S004,P0001,Groceries,West,450,250,1049,14.91,5,Cloudy,0,17.6,Summer,0,223,60660,3727.5,0.5555555555555556,-0.4758596834165774,False,-1,0.6523014878799916,True,isolation_forest_only
2023-08-31,S002,P0003,Groceries,South,340,196,489,98.23,5,Rainy,0,117.46,Summer,0,182,60722,19253.08,0.5764705882352941,2.788412788441548,False,-1,0.6109489130182795,True,isolation_forest_only
2023-08-31,S003,P0015,Groceries,East,770,245,1037,141.26,10,Sunny,0,163.56,Summer,0,280,60754,34608.7,0.3181818181818182,6.016950959274074,True,-1,0.7216312096268367,True,both
2023-09-01,S002,P0005,Electronics,South,645,172,719,116.81,0,Sunny,0,135.72,Autumn,0,174,60824,20091.32,0.26666666666666666,2.964653789216421,False,-1,0.6364286893590096,True,isolation_forest_only
2023-09-01,S004,P0014,Furniture,West,168,131,203,181.05,10,Sunny,0,165.7,Autumn,0,113,60873,23717.550000000003,0.7797619047619048,3.727073149113191,True,-1,0.6215760988827992,True,both
2023-09-02,S003,P0011,Electronics,East,407,201,347,145.18,15,Sunny,1,125.18,Autumn,0,189,60950,29181.18,0.49385749385749383,4.875808140361067,True,-1,0.6582000742355334,True,both
2023-09-03,S001,P0005,Groceries,North,887,194,1128,73.39,20,Cloudy,1,67.86,Autumn,0,240,61004,14237.66,0.21871476888387825,1.7339145061998102,False,-1,0.6537363713654045,True,isolation_forest_only
2023-09-03,S001,P0010,Furniture,North,80,80,921,165.04,10,Cloudy,1,178.56,Autumn,0,195,61009,13203.199999999999,1.0,1.5164180067944186,False,-1,0.6452987283848228,True,isolation_forest_only
2023-09-04,S005,P0014,Furniture,North,382,157,362,170.25,15,Rainy,1,205.47,Autumn,0,133,61193,26729.25,0.4109947643979058,4.360286813497717,True,-1,0.6342394864149592,True,both
2023-09-05,S001,P0016,Groceries,North,0,0,424,36.17,25,Sunny,1,40.71,Autumn,0,172,61215,0.0,0.0,-1.2595711865521229,False,-1,0.6218755950529576,True,isolation_forest_only
2023-09-05,S003,P0011,Electronics,East,349,161,283,131.66,20,Cloudy,1,120.23,Autumn,0,174,61250,21197.26,0.46131805157593125,3.197179047372752,True,1,0.5789859967982508,False,zscore_only
2023-09-05,S003,P0020,Clothing,East,356,208,677,75.71,25,Cloudy,1,67.21,Autumn,0,182,61259,15747.679999999998,0.5842696629213483,2.051398086069625,False,-1,0.6143481624082802,True,isolation_forest_only
2023-09-05,S004,P0011,Clothing,West,669,233,899,75.64,10,Sunny,1,75.4,Autumn,0,197,61270,17624.12,0.3482810164424514,2.4459219258935456,False,-1,0.6507406422234003,True,isolation_forest_only
2023-09-05,S005,P0009,Groceries,North,502,209,568,109.16,10,Sunny,1,126.82,Autumn,0,178,61288,22814.44,0.4163346613545817,3.5371931502944807,True,-1,0.6432522478717851,True,both
2023-09-06,S003,P0016,Electronics,East,325,207,428,122.31,10,Snowy,1,132.9,Autumn,0,202,61355,25318.170000000002,0.6369230769230769,4.063605491473706,True,-1,0.6490305532190549,True,both
2023-09-06,S005,P0009,Groceries,North,293,196,0,136.36,0,Sunny,0,121.65,Autumn,0,204,61388,26726.56,0.6689419795221843,4.359721237657762,True,-1,0.6270152421355341,True,both
2023-09-08,S002,P0003,Groceries,South,291,193,0,109.24,0,Sunny,0,129.31,Autumn,0,203,61522,21083.32,0.6632302405498282,3.1732230209026615,True,1,0.5908580342105352,False,zscore_only
2023-09-08,S002,P0011,Groceries,South,319,319,969,129.3,20,Sunny,1,110.12,Autumn,0,283,61530,41246.700000000004,1.0,7.412598701142286,True,-1,0.7409758094276512,True,both
2023-09-08,S003,P0007,Groceries,East,553,210,934,17.24,20,Rainy,1,19.85,Autumn,0,196,61546,3620.3999999999996,0.379746835443038,-0.4983775913939932,False,-1,0.6299319951541941,True,isolation_forest_only
2023-09-09,S003,P0013,Groceries,East,511,202,973,94.7,20,Rainy,1,88.06,Autumn,0,263,61652,19129.4,0.3953033268101761,2.7624089148780864,False,-1,0.6325026022728188,True,isolation_forest_only
2023-09-11,S001,P0014,Groceries,North,411,336,757,87.43,25,Sunny,1,102.24,Autumn,0,280,61813,29376.480000000003,0.8175182481751825,4.916870207849296,True,-1,0.7028032441526877,True,both
2023-09-11,S002,P0001,Groceries,South,471,237,661,97.03,20,Cloudy,1,92.45,Autumn,0,226,61820,22996.11,0.5031847133757962,3.5753894933594395,True,-1,0.6549701807124324,True,both
2023-09-11,S004,P0003,Furniture,West,440,170,484,144.77,20,Sunny,1,172.57,Autumn,0,157,61862,24610.9,0.38636363636363635,3.914901095813698,True,-1,0.6318235243110514,True,both
2023-09-11,S005,P0009,Groceries,North,342,198,648,113.05,25,Sunny,1,104.92,Autumn,0,247,61888,22383.899999999998,0.5789473684210527,3.446671580727753,True,-1,0.6421113349504635,True,both
2023-09-11,S005,P0014,Furniture,North,249,113,437,183.72,10,Sunny,1,171.08,Autumn,0,122,61893,20760.36,0.4538152610441767,3.1053202799093267,True,-1,0.6232238641227971,True,both
2023-09-12,S003,P0005,Toys,East,378,215,744,29.33,10,Rainy,0,26.46,Autumn,0,205,61944,6305.95,0.5687830687830688,0.06626263053643322,False,-1,0.6167781494047253,True,isolation_forest_only
2023-09-12,S003,P0008,Clothing,East,286,170,241,127.37,10,Rainy,1,118.59,Autumn,0,144,61947,21652.9,0.5944055944055944,3.2929779231041225,True,1,0.5896422361340806,False,zscore_only
2023-09-13,S005,P0010,Groceries,North,426,237,734,62.88,25,Snowy,1,75.22,Autumn,0,220,62089,14902.560000000001,0.5563380281690141,1.8737105567524126,False,-1,0.626920550057287,True,isolation_forest_only
2023-09-14,S001,P0020,Furniture,North,366,183,0,153.68,0,Sunny,0,184.14,Autumn,0,155,62119,28123.440000000002,0.5,4.653416992050781,True,-1,0.6156160874802656,True,both
2023-09-14,S005,P0019,Furniture,North,217,167,290,145.98,25,Sunny,1,129.05,Autumn,0,166,62198,24378.66,0.7695852534562212,3.8660723474600567,True,-1,0.6240459748757172,True,both
2023-09-15,S003,P0016,Electronics,East,298,209,321,120.93,10,Cloudy,0,119.79,Autumn,0,177,62255,25274.370000000003,0.7013422818791947,4.054396487090784,True,-1,0.6475745541749841,True,both
2023-09-16,S003,P0013,Groceries,East,685,216,837,80.65,20,Sunny,1,74.37,Autumn,0,193,62352,17420.4,0.31532846715328466,2.403089542950884,False,-1,0.6448916158839922,True,isolation_forest_only
2023-09-17,S001,P0011,Furniture,North,145,145,374,192.24,20,Cloudy,1,179.01,Autumn,0,188,62410,27874.800000000003,1.0,4.601140123334585,True,-1,0.6650307385019172,True,both
2023-09-18,S002,P0014,Electronics,South,322,170,683,128.54,25,Cloudy,1,135.9,Autumn,0,207,62533,21851.8,0.5279503105590062,3.3347968950621794,True,-1,0.6360303480106839,True,both
2023-09-19,S002,P0019,Clothing,South,280,216,0,111.74,10,Sunny,1,102.6,Autumn,0,200,62638,24135.84,0.7714285714285715,3.815019140970084,True,-1,0.6294605095010263,True,both
2023-09-20,S001,P0020,Furniture,North,309,166,466,138.67,10,Sunny,1,138.65,Autumn,0,138,62719,23019.219999999998,0.5372168284789643,3.580248399553259,True,-1,0.6265234551184493,True,both
2023-09-20,S003,P0015,Groceries,East,13,13,552,114.77,0,Rainy,0,99.85,Autumn,0,132,62754,1492.01,1.0,-0.9458742315438693,False,-1,0.6386984358596335,True,isolation_forest_only
2023-09-21,S003,P0018,Furniture,East,571,149,622,158.48,10,Sunny,0,154.26,Autumn,0,142,62857,23613.519999999997,0.2609457092819615,3.705200712447545,True,-1,0.6508036597730548,True,both
2023-09-21,S004,P0014,Furniture,West,123,123,0,187.35,0,Cloudy,0,205.66,Autumn,0,107,62873,23044.05,1.0,3.585468937882664,True,-1,0.6268162048908252,True,both
2023-09-22,S002,P0005,Electronics,South,480,194,778,99.8,25,Rainy,1,107.05,Autumn,0,226,62924,19361.2,0.4041666666666667,2.811145152685415,False,-1,0.6250753914537475,True,isolation_forest_only
2023-09-22,S003,P0015,Groceries,East,386,198,0,109.28,10,Sunny,1,128.01,Autumn,0,170,62954,21637.44,0.5129533678756477,3.289727438908689,True,1,0.5883668941634435,False,zscore_only
2023-09-22,S003,P0017,Furniture,East,537,164,577,147.03,10,Sunny,1,165.18,Autumn,0,171,62956,24112.920000000002,0.3054003724394786,3.8102001825121725,True,-1,0.6466029833154742,True,both
2023-09-22,S004,P0014,Furniture,West,182,110,229,193.79,0,Cloudy,0,171.61,Autumn,0,102,62973,21316.899999999998,0.6043956043956044,3.2223335059200724,True,-1,0.6118598992924188,True,both
2023-09-23,S001,P0011,Furniture,North,319,131,271,191.63,5,Sunny,0,169.97,Autumn,0,125,63010,25103.53,0.4106583072100313,4.018477164972561,True,-1,0.6423713096469881,True,both
2023-09-23,S002,P0020,Furniture,South,165,165,396,158.45,10,Cloudy,0,152.89,Autumn,0,155,63039,26144.249999999996,1.0,4.237289837150488,True,-1,0.6561574479517376,True,both
2023-09-23,S003,P0018,Furniture,East,296,144,0,144.32,15,Cloudy,1,158.86,Autumn,0,147,63057,20782.079999999998,0.4864864864864865,3.1098869368772952,True,1,0.5522385601056551,False,zscore_only
2023-09-23,S004,P0002,Groceries,West,254,242,488,24.77,10,Sunny,0,28.19,Autumn,0,206,63061,5994.34,0.952755905511811,0.0007462411354762609,False,-1,0.6149083236288614,True,isolation_forest_only
2023-09-23,S004,P0007,Groceries,West,790,218,780,36.89,15,Sunny,1,36.5,Autumn,0,230,63066,8042.02,0.2759493670886076,0.4312735035742674,False,-1,0.6405009215123973,True,isolation_forest_only
2023-09-23,S004,P0009,Clothing,West,246,246,671,158.71,10,Sunny,1,158.47,Autumn,0,231,63068,39042.66,1.0,6.949196554563917,True,-1,0.7200792181713491,True,both
2023-09-23,S005,P0009,Groceries,North,534,200,644,103.03,20,Sunny,1,96.36,Autumn,0,181,63088,20606.0,0.37453183520599254,3.0728658982529877,True,-1,0.6267606724216843,True,both
2023-09-24,S002,P0016,Clothing,South,14,14,404,98.35,15,Sunny,1,108.23,Autumn,0,187,63135,1376.8999999999999,1.0,-0.9700762519666548,False,-1,0.6154304430586988,True,isolation_forest_only
2023-09-24,S003,P0013,Groceries,East,662,198,681,88.0,10,Rainy,1,86.94,Autumn,0,181,63152,17424.0,0.2990936555891239,2.4038464474207126,False,-1,0.6266108442374687,True,isolation_forest_only
2023-09-29,S005,P0014,Furniture,North,170,101,400,193.18,10,Sunny,0,177.79,Autumn,0,139,63693,19511.18,0.5941176470588235,2.842678633903462,False,-1,0.6183964592384841,True,isolation_forest_only
2023-10-01,S004,P0001,Groceries,West,740,205,1016,14.55,15,Sunny,1,14.36,Autumn,0,239,63860,2982.75,0.27702702702702703,-0.6324442956124721,False,-1,0.6428986996525002,True,isolation_forest_only
2023-10-01,S005,P0007,Groceries,North,311,262,402,86.75,25,Rainy,1,100.66,Autumn,0,221,63886,22728.5,0.842443729903537,3.519124158589727,True,-1,0.653755528360122,True,both
2023-10-02,S001,P0007,Groceries,North,184,184,843,31.48,15,Sunny,1,27.44,Autumn,0,224,63906,5792.32,1.0,-0.0417287146964334,False,-1,0.6186284314503319,True,isolation_forest_only
2023-10-03,S005,P0005,Groceries,North,0,0,309,18.89,15,Cloudy,1,17.97,Autumn,0,187,64084,0.0,0.0,-1.2595711865521229,False,-1,0.6186829566480417,True,isolation_forest_only
2023-10-03,S005,P0013,Groceries,North,306,226,0,90.92,15,Cloudy,1,87.16,Autumn,0,208,64092,20547.920000000002,0.738562091503268,3.0606545061397457,True,1,0.6033942613829867,False,zscore_only
2023-10-05,S002,P0020,Furniture,South,198,170,411,144.88,10,Sunny,1,156.44,Autumn,0,142,64239,24629.6,0.8585858585858586,3.918832794031976,True,-1,0.6402741470187417,True,both
2023-10-05,S003,P0011,Electronics,East,193,133,384,168.65,0,Snowy,0,188.7,Autumn,0,204,64250,22430.45,0.689119170984456,3.456458776025127,True,-1,0.6209660924764592,True,both
2023-10-05,S004,P0001,Groceries,West,1204,240,0,15.54,0,Sunny,0,16.86,Autumn,0,219,64260,3729.6,0.19933554817275748,-0.4754181558091771,False,-1,0.6262843557759604,True,isolation_forest_only
2023-10-05,S004,P0014,Furniture,West,304,121,320,209.9,0,Sunny,0,240.36,Autumn,0,145,64273,25397.9,0.3980263157894737,4.080368822968003,True,-1,0.6427320549441371,True,both
2023-10-06,S002,P0001,Groceries,South,213,199,480,97.49,5,Rainy,0,109.18,Autumn,0,179,64320,19400.51,0.9342723004694836,2.819410128993465,False,-1,0.6285941229327534,True,isolation_forest_only
2023-10-06,S004,P0007,Groceries,West,753,227,742,35.45,10,Sunny,1,32.83,Autumn,0,190,64366,8047.150000000001,0.301460823373174,0.43235209244377387,False,-1,0.6365536703385833,True,isolation_forest_only
2023-10-06,S004,P0014,Furniture,West,183,150,0,181.11,10,Sunny,0,194.22,Autumn,0,130,64373,27166.500000000004,0.819672131147541,4.452219168895711,True,-1,0.6360621263077322,True,both
2023-10-06,S005,P0015,Groceries,North,247,247,558,71.21,10,Cloudy,1,61.65,Autumn,0,249,64394,17588.87,1.0,2.438510569626469,False,-1,0.6480143076858602,True,isolation_forest_only
2023-10-09,S001,P0014,Groceries,North,279,222,532,75.06,25,Cloudy,1,84.13,Autumn,1,211,64613,16663.32,0.7956989247311828,2.2439125329458243,False,-1,0.6223444660499783,True,isolation_forest_only
2023-10-12,S002,P0015,Clothing,South,207,207,775,91.5,10,Sunny,0,96.72,Autumn,1,240,64934,18940.5,1.0,2.72269245533622,False,-1,0.6646817535552134,True,isolation_forest_only
2023-10-12,S002,P0019,Clothing,South,816,182,651,98.28,15,Sunny,1,108.05,Autumn,1,192,64938,17886.96,0.22303921568627452,2.5011843622407346,False,-1,0.6343218476649006,True,isolation_forest_only
2023-10-15,S002,P0015,Clothing,South,407,238,0,86.21,15,Cloudy,1,77.99,Autumn,1,217,65234,20517.98,0.5847665847665847,3.0543595839656663,True,1,0.6074147433741275,False,zscore_only
2023-10-17,S001,P0003,Clothing,North,591,271,818,59.82,25,Sunny,1,65.41,Autumn,1,230,65402,16211.22,0.45854483925549916,2.1488579466097866,False,-1,0.6610077376910926,True,isolation_forest_only
2023-10-17,S002,P0019,Clothing,South,905,250,867,108.57,15,Snowy,1,100.76,Autumn,1,211,65438,27142.5,0.27624309392265195,4.447173139096849,True,-1,0.7110600921056183,True,both
2023-10-25,S004,P0001,Groceries,West,573,258,858,13.19,25,Sunny,1,11.6,Autumn,0,251,66260,3403.02,0.450261780104712,-0.5440820062971735,False,-1,0.6560756253552728,True,isolation_forest_only
2023-10-25,S004,P0003,Furniture,West,173,151,424,144.28,25,Sunny,1,133.18,Autumn,0,160,66262,21786.28,0.8728323699421965,3.32102123371129,True,-1,0.6254268182605037,True,both
2023-10-25,S004,P0013,Groceries,West,363,288,711,29.93,10,Sunny,1,27.93,Autumn,0,261,66272,8619.84,0.7933884297520661,0.55276087600667,False,-1,0.6509483000679359,True,isolation_forest_only
2023-10-25,S004,P0014,Furniture,West,180,111,268,195.69,0,Sunny,0,220.89,Autumn,0,121,66273,21721.59,0.6166666666666667,3.3074200808909446,True,-1,0.6159908090468658,True,both
2023-10-25,S005,P0006,Groceries,North,495,209,797,72.19,15,Cloudy,1,65.92,Autumn,0,205,66285,15087.71,0.4222222222222222,1.912638574138206,False,-1,0.618184165720391,True,isolation_forest_only
2023-10-26,S002,P0007,Toys,South,8,8,440,31.37,5,Cloudy,0,27.33,Autumn,0,125,66326,250.96,1.0,-1.20680653495537,False,-1,0.6191658528745616,True,isolation_forest_only
2023-10-26,S003,P0001,Toys,East,0,0,377,19.42,10,Sunny,1,22.34,Autumn,0,180,66340,0.0,0.0,-1.2595711865521229,False,-1,0.6281991077420644,True,isolation_forest_only
2023-10-26,S003,P0004,Groceries,East,260,225,784,29.94,10,Sunny,0,32.69,Autumn,0,231,66343,6736.5,0.8653846153846154,0.15678630261557722,False,-1,0.6370597196400334,True,isolation_forest_only
2023-10-26,S004,P0002,Groceries,West,2,2,436,24.48,15,Sunny,1,21.17,Autumn,0,203,66361,48.96,1.0,-1.2492772857624472,False,-1,0.6246015237693129,True,isolation_forest_only
2023-10-27,S005,P0007,Groceries,North,255,197,317,114.54,0,Sunny,0,98.79,Autumn,0,196,66486,22564.38,0.7725490196078432,3.4846177248151857,True,-1,0.6313354552507533,True,both
2023-10-28,S001,P0011,Furniture,North,187,136,0,187.05,5,Sunny,0,165.96,Autumn,0,117,66510,25438.800000000003,0.7272727272727273,4.088968098750229,True,-1,0.6315573159954613,True,both
2023-10-28,S005,P0009,Groceries,North,524,222,646,106.18,25,Sunny,1,101.83,Autumn,0,220,66588,23571.960000000003,0.42366412213740456,3.6964626708458534,True,-1,0.6533862167657352,True,both
2023-10-28,S005,P0016,Toys,North,298,252,762,47.61,10,Sunny,1,53.97,Autumn,0,248,66595,11997.72,0.8456375838926175,1.2629643400473127,False,-1,0.652154547373672,True,isolation_forest_only
2023-10-29,S003,P0007,Groceries,East,864,127,844,20.47,10,Cloudy,0,20.16,Autumn,0,197,66646,2599.69,0.14699074074074073,-0.7129831362271205,False,-1,0.6149044504565864,True,isolation_forest_only
2023-10-30,S002,P0001,Groceries,South,506,197,441,108.61,0,Cloudy,0,98.02,Autumn,0,181,66720,21396.17,0.3893280632411067,3.239000121843226,True,-1,0.620300666600277,True,both
2023-10-31,S004,P0009,Clothing,West,280,184,559,138.52,5,Sunny,0,157.21,Autumn,0,174,66868,25487.68,0.6571428571428571,4.099245179440574,True,-1,0.6544233070577503,True,both
2023-11-01,S005,P0019,Furniture,North,317,154,246,140.24,20,Rainy,1,150.61,Autumn,0,146,66998,21596.960000000003,0.48580441640378547,3.281216468647945,True,1,0.5872907479124557,False,zscore_only
2023-11-02,S001,P0014,Groceries,North,433,215,618,80.87,20,Sunny,1,73.31,Autumn,0,194,67013,17387.05,0.49653579676674364,2.3960776640428834,False,-1,0.6119267211314227,True,isolation_forest_only
2023-11-02,S002,P0001,Groceries,South,468,244,0,113.83,0,Sunny,0,126.35,Autumn,0,220,67020,27774.52,0.5213675213675214,4.580056128825013,True,-1,0.6437143585210523,True,both
2023-11-02,S002,P0019,Clothing,South,172,172,749,113.24,10,Sunny,1,97.75,Autumn,0,205,67038,19477.28,1.0,2.835551116812571,False,-1,0.6446678071224654,True,isolation_forest_only
2023-11-02,S003,P0011,Electronics,East,383,161,0,135.38,10,Sunny,0,128.86,Autumn,0,142,67050,21796.18,0.42036553524804177,3.32310272100332,True,1,0.5660544580691925,False,zscore_only
2023-11-02,S004,P0020,Furniture,West,192,154,0,141.16,10,Cloudy,1,153.87,Autumn,0,129,67079,21738.64,0.8020833333333334,3.3110048645605517,True,1,0.581702646875493,False,zscore_only
2023-11-02,S005,P0007,Groceries,North,382,255,530,112.1,5,Sunny,0,126.54,Autumn,0,230,67086,28585.5,0.6675392670157068,4.750565680753346,True,-1,0.6812411551336373,True,both
2023-11-04,S003,P0017,Furniture,East,289,175,684,125.99,25,Sunny,1,121.62,Autumn,0,162,67256,22048.25,0.6055363321799307,3.3761007514782704,True,-1,0.6387611431798941,True,both
2023-11-04,S004,P0014,Furniture,West,257,143,247,176.24,20,Cloudy,1,156.03,Autumn,0,144,67273,25202.32,0.556420233463035,4.039247885132121,True,-1,0.6300110616133228,True,both
2023-11-05,S002,P0005,Electronics,South,860,192,0,112.3,10,Snowy,1,99.68,Autumn,0,179,67324,21561.6,0.22325581395348837,3.2737819847442893,True,-1,0.6236824765588839,True,both
2023-11-05,S003,P0007,Groceries,East,811,135,917,17.95,25,Cloudy,1,17.43,Autumn,0,218,67346,2423.25,0.16646115906288533,-0.7500798652984111,False,-1,0.6174558675277836,True,isolation_forest_only
2023-11-05,S003,P0011,Electronics,East,215,165,0,144.13,0,Cloudy,0,167.54,Autumn,0,145,67350,23781.45,0.7674418604651163,3.740508203452658,True,1,0.6016217590493077,False,zscore_only
2023-11-05,S004,P0003,Furniture,West,287,139,438,152.36,10,Cloudy,0,167.26,Autumn,0,134,67362,21178.04,0.4843205574912892,3.1931380185088316,True,1,0.6037704307437607,False,zscore_only
2023-11-05,S004,P0009,Clothing,West,389,144,546,145.68,0,Cloudy,0,140.59,Autumn,0,155,67368,20977.920000000002,0.37017994858611825,3.151062540035999,True,-1,0.6132123824622819,True,both
2023-11-07,S001,P0007,Groceries,North,729,213,1063,34.25,10,Snowy,1,31.04,Autumn,0,236,67506,7295.25,0.29218106995884774,0.2742641838703018,False,-1,0.6404620624035346,True,isolation_forest_only
2023-11-07,S003,P0016,Electronics,East,355,159,317,130.01,0,Cloudy,0,122.51,Autumn,0,165,67555,20671.59,0.447887323943662,3.086656277190791,True,1,0.5749730024287063,False,zscore_only
2023-11-07,S005,P0007,Groceries,North,266,258,472,89.48,25,Snowy,1,104.44,Autumn,0,235,67586,23085.84,0.9699248120300752,3.59425533726993,True,-1,0.668063686795454,True,both
2023-11-08,S001,P0003,Clothing,North,289,240,885,72.73,10,Sunny,1,63.26,Autumn,0,214,67602,17455.2,0.8304498269896193,2.4104062861592315,False,-1,0.6646351578940758,True,isolation_forest_only
2023-11-08,S001,P0010,Furniture,North,471,141,679,143.64,10,Sunny,1,166.47,Autumn,0,143,67609,20253.239999999998,0.29936305732484075,2.9986976702594004,False,-1,0.6237895860883788,True,isolation_forest_only
2023-11-08,S002,P0014,Electronics,South,590,177,748,128.6,20,Snowy,1,118.81,Autumn,0,162,67633,22762.2,0.3,3.5262096254322945,True,-1,0.6594538677071197,True,both
2023-11-08,S003,P0014,Groceries,East,686,222,542,103.69,25,Snowy,1,99.49,Autumn,0,213,67653,23019.18,0.3236151603498542,3.580239989503594,True,-1,0.663439573057202,True,both
2023-11-09,S004,P0017,Clothing,West,161,161,231,131.45,10,Cloudy,1,112.28,Autumn,0,222,67776,21163.449999999997,1.0,3.190070452893607,True,1,0.5954273417180926,False,zscore_only
2023-11-10,S004,P0014,Furniture,West,244,149,278,162.16,20,Sunny,1,182.87,Autumn,0,133,67873,24161.84,0.610655737704918,3.820485673252183,True,-1,0.61557831564517,True,both
2023-11-10,S004,P0020,Furniture,West,160,160,283,144.25,15,Sunny,1,142.16,Autumn,0,139,67879,23080.0,1.0,3.5930274700188733,True,-1,0.626266463854661,True,both
2023-11-10,S005,P0014,Furniture,North,217,167,386,180.72,15,Rainy,1,190.5,Autumn,0,154,67893,30180.24,0.7695852534562212,5.0858617458131405,True,-1,0.6759448392908324,True,both
2023-11-11,S003,P0014,Groceries,East,688,219,0,107.99,15,Sunny,1,123.82,Autumn,0,200,67953,23649.809999999998,0.3183139534883721,3.712830730005906,True,-1,0.6269419030673243,True,both
2023-11-11,S003,P0018,Furniture,East,277,126,0,161.17,0,Sunny,0,141.49,Autumn,0,113,67957,20307.42,0.4548736462093863,3.0100890825303286,True,1,0.5532231081548924,False,zscore_only
2023-11-12,S005,P0014,Furniture,North,0,0,252,155.94,15,Rainy,1,169.28,Autumn,0,105,68093,0.0,0.0,-1.2595711865521229,False,-1,0.6388897243136922,True,isolation_forest_only
2023-11-13,S004,P0007,Groceries,West,1025,247,0,31.17,20,Snowy,1,36.26,Autumn,0,206,68166,7698.990000000001,0.24097560975609755,0.35915102016163536,False,-1,0.61315665356655,True,isolation_forest_only
2023-11-13,S005,P0016,Toys,North,9,9,383,34.26,10,Cloudy,1,36.71,Autumn,0,121,68195,308.34,1.0,-1.1947423187112607,False,-1,0.6117365516103267,True,isolation_forest_only
2023-11-14,S005,P0005,Groceries,North,0,0,357,17.96,10,Rainy,1,19.42,Autumn,0,165,68284,0.0,0.0,-1.2595711865521229,False,-1,0.6263521471024125,True,isolation_forest_only
2023-11-15,S003,P0002,Groceries,East,725,275,825,67.99,20,Sunny,1,62.82,Autumn,0,230,68341,18697.25,0.3793103448275862,2.6715488408123513,False,-1,0.6704079236879016,True,isolation_forest_only
2023-11-15,S003,P0008,Clothing,East,529,183,0,151.97,5,Sunny,0,140.81,Autumn,0,190,68347,27810.51,0.34593572778827975,4.587623071010887,True,-1,0.6165113519040496,True,both
2023-11-15,S003,P0018,Furniture,East,306,152,0,152.06,10,Sunny,1,180.36,Autumn,0,146,68357,23113.12,0.49673202614379086,3.5999909911413015,True,1,0.5835753926600076,False,zscore_only
2023-11-15,S004,P0003,Furniture,West,298,232,0,179.52,10,Sunny,1,189.2,Autumn,0,194,68362,41648.64,0.7785234899328859,7.497107085198703,True,-1,0.6957244828194479,True,both
2023-11-16,S003,P0013,Groceries,East,173,173,912,100.9,15,Cloudy,1,99.23,Autumn,0,264,68452,17455.7,1.0,2.4105114117800412,False,-1,0.6373816938798352,True,isolation_forest_only
2023-11-16,S005,P0014,Furniture,North,408,122,0,193.7,0,Cloudy,0,192.72,Autumn,0,106,68493,23631.399999999998,0.29901960784313725,3.708960004647697,True,1,0.6004095559485138,False,zscore_only
2023-11-18,S002,P0011,Groceries,South,136,136,750,117.93,15,Sunny,1,117.22,Autumn,0,214,68630,16038.480000000001,1.0,2.1125391471324875,False,-1,0.6157670244801268,True,isolation_forest_only
2023-11-18,S002,P0012,Electronics,South,212,211,838,78.82,20,Sunny,1,67.19,Autumn,0,203,68631,16631.019999999997,0.9952830188679245,2.2371214178415237,False,-1,0.6510766752698002,True,isolation_forest_only
2023-11-19,S005,P0010,Groceries,North,320,211,922,84.23,15,Sunny,1,98.43,Autumn,0,297,68789,17772.530000000002,0.659375,2.4771253126622508,False,-1,0.6434863458867027,True,isolation_forest_only
2023-11-20,S003,P0015,Groceries,East,352,236,0,110.28,20,Rainy,1,101.55,Autumn,0,200,68854,26026.08,0.6704545454545454,4.212444447928348,True,-1,0.6413973425464942,True,both
2023-11-20,S003,P0016,Electronics,East,227,175,0,124.56,0,Rainy,0,121.0,Autumn,0,149,68855,21798.0,0.7709251101321586,3.323485378263067,True,1,0.5802102177605327,False,zscore_only
2023-11-21,S003,P0007,Groceries,East,329,230,713,17.83,20,Cloudy,1,19.68,Autumn,0,209,68946,4100.9,0.6990881458966566,-0.3973518697959705,False,-1,0.6350787666521606,True,isolation_forest_only
2023-11-21,S005,P0012,Furniture,North,198,161,0,155.23,5,Sunny,0,164.05,Autumn,0,148,68991,24992.03,0.8131313131313131,3.9950341515320207,True,-1,0.6124711674001952,True,both
2023-11-22,S003,P0015,Groceries,East,546,191,789,115.2,15,Sunny,1,107.84,Autumn,0,193,69054,22003.2,0.3498168498168498,3.3666289330433257,True,-1,0.6495804128142741,True,both
2023-11-22,S005,P0012,Furniture,North,629,103,539,156.07,10,Cloudy,0,145.86,Autumn,0,151,69091,16075.21,0.16375198728139906,2.1202616752371597,False,-1,0.6152369572288515,True,isolation_forest_only
2023-11-22,S005,P0015,Groceries,North,8,8,363,46.76,25,Cloudy,1,49.46,Autumn,0,172,69094,374.08,1.0,-1.1809204020872148,False,-1,0.6096046161118003,True,isolation_forest_only
2023-11-23,S004,P0012,Electronics,West,196,196,206,120.57,25,Cloudy,1,138.52,Autumn,0,214,69171,23631.719999999998,1.0,3.7090272850450154,True,-1,0.6241890136565779,True,both
2023-11-24,S003,P0004,Groceries,East,404,256,771,24.66,25,Cloudy,1,29.29,Autumn,0,226,69243,6312.96,0.6336633663366337,0.06773649174018381,False,-1,0.6495393180764099,True,isolation_forest_only
2023-11-24,S004,P0012,Electronics,West,206,161,158,137.74,10,Cloudy,1,119.48,Autumn,0,174,69271,22176.140000000003,0.7815533980582524,3.4029897827689495,True,1,0.5932684158728716,False,zscore_only
2023-11-25,S001,P0014,Groceries,North,19,19,610,87.14,5,Snowy,0,98.28,Autumn,0,176,69313,1655.66,1.0,-0.9114666158528882,False,-1,0.6244753203745131,True,isolation_forest_only
2023-11-25,S004,P0003,Furniture,West,238,134,0,155.95,5,Rainy,0,177.07,Autumn,0,123,69362,20897.3,0.5630252100840336,3.134112084936659,True,1,0.558896227249318,False,zscore_only
2023-11-26,S001,P0003,Clothing,North,179,179,772,63.13,10,Sunny,0,67.01,Autumn,0,178,69402,11300.27,1.0,1.116324611580006,False,-1,0.6096382697660313,True,isolation_forest_only
2023-11-27,S004,P0003,Furniture,West,477,205,595,154.14,20,Cloudy,1,167.45,Autumn,0,180,69562,31598.699999999997,0.429769392033543,5.384094722000301,True,-1,0.6810754185881367,True,both
2023-11-27,S004,P0016,Furniture,West,13,13,348,134.41,0,Cloudy,0,125.07,Autumn,0,97,69575,1747.33,1.0,-0.8921928845336567,False,-1,0.6194084312498447,True,isolation_forest_only
2023-11-27,S005,P0006,Groceries,North,474,241,1216,85.75,10,Sunny,1,77.4,Autumn,0,255,69585,20665.75,0.5084388185654009,3.085428409939735,True,-1,0.6592960395064371,True,both
2023-11-27,S005,P0014,Furniture,North,267,132,367,190.39,5,Sunny,0,178.12,Autumn,0,116,69593,25131.48,0.4943820224719101,4.024353687175818,True,-1,0.6400896849041463,True,both
2023-11-28,S004,P0004,Groceries,West,896,255,0,63.3,15,Cloudy,1,71.68,Autumn,0,215,69663,16141.5,0.2845982142857143,2.1341992300440964,False,-1,0.6154507140825394,True,isolation_forest_only
2023-11-29,S003,P0016,Electronics,East,199,183,336,123.42,5,Sunny,0,134.3,Autumn,0,184,69755,22585.86,0.9195979899497487,3.489133921485165,True,-1,0.6288380456595816,True,both
2023-11-29,S004,P0003,Furniture,West,230,125,0,181.41,0,Sunny,0,172.69,Autumn,0,140,69762,22676.25,0.5434782608695652,3.5081385312151236,True,1,0.6044683804169184,False,zscore_only
2023-11-30,S003,P0013,Groceries,East,19,19,629,77.42,5,Cloudy,0,82.2,Autumn,0,134,69852,1470.98,1.0,-0.9502958151551211,False,-1,0.6234054542207814,True,isolation_forest_only
2023-12-01,S001,P0003,Clothing,North,888,184,780,63.42,20,Sunny,1,72.5,Winter,0,227,69902,11669.28,0.2072072072072072,1.193909422249905,False,-1,0.6314772741688182,True,isolation_forest_only
2023-12-01,S001,P0011,Furniture,North,245,175,325,186.15,10,Sunny,1,216.21,Winter,0,151,69910,32576.25,0.7142857142857143,5.589625823245144,True,-1,0.6799015807132092,True,both
2023-12-01,S003,P0001,Toys,East,0,0,331,19.24,5,Cloudy,0,20.59,Winter,0,156,69940,0.0,0.0,-1.2595711865521229,False,-1,0.6225874039607351,True,isolation_forest_only
2023-12-01,S004,P0011,Clothing,West,654,188,961,77.32,10,Snowy,1,71.65,Winter,0,206,69970,14536.159999999998,0.2874617737003058,1.7966745018231391,False,-1,0.6133567428713973,True,isolation_forest_only
2023-12-01,S005,P0009,Groceries,North,124,124,830,127.86,20,Sunny,1,116.95,Winter,0,275,69988,15854.64,1.0,2.0738865588732143,False,-1,0.6216100380107471,True,isolation_forest_only
2023-12-02,S001,P0010,Furniture,North,228,138,0,148.58,5,Cloudy,0,139.88,Winter,0,119,70009,20504.04,0.6052631578947368,3.051428681657495,True,1,0.5521155902828148,False,zscore_only
2023-12-02,S003,P0016,Electronics,East,258,176,347,119.99,5,Cloudy,0,129.84,Winter,0,173,70055,21118.239999999998,0.6821705426356589,3.180564994260003,True,1,0.5948129490306822,False,zscore_only
2023-12-02,S005,P0012,Furniture,North,238,176,0,147.6,15,Cloudy,1,138.91,Winter,0,151,70091,25977.6,0.7394957983193278,4.20225146773465,True,-1,0.6197388333609297,True,both
2023-12-02,S005,P0013,Groceries,North,319,222,845,85.33,25,Cloudy,1,95.08,Winter,0,258,70092,18943.26,0.6959247648902821,2.723272748763089,False,-1,0.6542776103271639,True,isolation_forest_only
2023-12-03,S001,P0016,Groceries,North,358,239,670,46.98,15,Cloudy,1,45.2,Winter,0,205,70115,11228.22,0.6675977653631285,1.101176009621343,False,-1,0.6255324184616562,True,isolation_forest_only
2023-12-03,S002,P0016,Clothing,South,454,245,0,109.01,10,Snowy,1,131.64,Winter,0,205,70135,26707.45,0.539647577092511,4.35570333643042,True,-1,0.6459546078395558,True,both
2023-12-03,S003,P0011,Electronics,East,569,146,0,148.73,0,Sunny,0,167.55,Winter,0,156,70150,21714.579999999998,0.2565905096660808,3.3059462196871934,True,1,0.5767258356345543,False,zscore_only
2023-12-03,S003,P0014,Groceries,East,376,201,0,103.1,20,Sunny,1,90.01,Winter,0,185,70153,20723.1,0.5345744680851063,3.0974863186465953,True,1,0.5826904803974062,False,zscore_only
2023-12-03,S003,P0018,Furniture,East,470,143,403,157.43,0,Sunny,0,189.22,Winter,0,122,70157,22512.49,0.30425531914893617,3.4737077878875655,True,-1,0.6217900907165004,True,both
2023-12-03,S005,P0016,Toys,North,0,0,458,36.57,15,Cloudy,1,32.21,Winter,0,145,70195,0.0,0.0,-1.2595711865521229,False,-1,0.6258839164967698,True,isolation_forest_only
2023-12-04,S002,P0010,Groceries,South,174,174,197,125.28,0,Sunny,0,122.76,Winter,0,201,70229,21798.72,1.0,3.3236367591570333,True,1,0.5922314003592715,False,zscore_only
2023-12-04,S004,P0001,Groceries,West,378,237,1047,12.62,25,Snowy,1,11.57,Winter,0,231,70260,2990.9399999999996,0.626984126984127,-0.630722337943611,False,-1,0.651708101767619,True,isolation_forest_only
2023-12-05,S001,P0009,Clothing,North,226,212,214,114.61,5,Cloudy,0,101.27,Winter,0,181,70308,24297.32,0.9380530973451328,3.8489705114667503,True,-1,0.6345299405575006,True,both
2023-12-05,S001,P0016,Groceries,North,18,18,618,49.26,15,Cloudy,1,42.81,Winter,0,225,70315,886.68,1.0,-1.073145615633216,False,-1,0.6225177886202601,True,isolation_forest_only
2023-12-05,S004,P0009,Clothing,West,141,141,492,146.2,0,Sunny,0,167.94,Winter,0,175,70368,20614.199999999997,1.0,3.0745899584342644,True,-1,0.63727806100553,True,both
2023-12-05,S005,P0006,Groceries,North,731,205,801,74.39,0,Cloudy,0,79.97,Winter,0,173,70385,15249.95,0.280437756497948,1.9467497355785042,False,-1,0.6403795124184161,True,isolation_forest_only
2023-12-06,S001,P0010,Furniture,North,223,141,0,159.87,0,Sunny,0,145.66,Winter,0,126,70409,22541.670000000002,0.6322869955156951,3.479842919118014,True,1,0.5862762424464506,False,zscore_only
2023-12-06,S002,P0003,Groceries,South,610,213,693,95.17,15,Sunny,1,91.09,Winter,0,193,70422,20271.21,0.34918032786885245,3.0024758850712976,True,-1,0.642579387548441,True,both
2023-12-06,S003,P0011,Electronics,East,292,234,413,147.23,15,Sunny,1,165.22,Winter,0,215,70450,34451.82,0.8013698630136986,5.983966744488855,True,-1,0.6856559845115894,True,both
2023-12-06,S004,P0003,Furniture,West,274,161,591,157.17,20,Sunny,1,145.11,Winter,0,168,70462,25304.37,0.5875912408759124,4.06070402433936,True,-1,0.6541810267475635,True,both
2023-12-06,S004,P0007,Groceries,West,725,213,719,32.76,15,Sunny,1,36.4,Winter,0,201,70466,6977.879999999999,0.29379310344827586,0.2075367473176181,False,-1,0.6262932376899853,True,isolation_forest_only
2023-12-06,S004,P0009,Clothing,West,369,227,899,155.42,15,Sunny,1,178.71,Winter,0,271,70468,35280.34,0.6151761517615176,6.1581641031951895,True,-1,0.7065705626706412,True,both
2023-12-06,S004,P0012,Electronics,West,151,150,116,138.13,0,Sunny,0,125.91,Winter,0,137,70471,20719.5,0.9933774834437086,3.0967294141767665,True,1,0.5792746857024349,False,zscore_only
2023-12-06,S005,P0014,Furniture,North,183,130,0,185.62,10,Sunny,0,163.27,Winter,0,126,70493,24130.600000000002,0.7103825136612022,3.8139174244639995,True,-1,0.6174556708953775,True,both
2023-12-07,S001,P0009,Clothing,North,185,183,196,116.84,5,Cloudy,0,104.89,Winter,0,188,70508,21381.72,0.9891891891891892,3.235961991401829,True,1,0.5950103843164272,False,zscore_only
2023-12-07,S002,P0016,Clothing,South,647,196,0,103.37,15,Sunny,1,93.33,Winter,0,187,70535,20260.52,0.3029366306027821,3.0002282992983886,True,1,0.5823565541485466,False,zscore_only
2023-12-07,S004,P0004,Groceries,West,536,223,641,77.11,0,Sunny,0,76.72,Winter,0,208,70563,17195.53,0.416044776119403,2.355810346247975,False,-1,0.6191779970792085,True,isolation_forest_only
2023-12-07,S004,P0010,Groceries,West,663,212,741,31.33,5,Sunny,0,33.39,Winter,0,180,70569,6641.96,0.31975867269984914,0.13690915023289862,False,-1,0.6173096739330258,True,isolation_forest_only
2023-12-07,S005,P0009,Groceries,North,681,199,0,113.02,5,Cloudy,0,131.96,Winter,0,171,70588,22490.98,0.2922173274596182,3.4691852836803365,True,1,0.6087063724022124,False,zscore_only
2023-12-08,S001,P0009,Clothing,North,198,198,383,167.34,0,Cloudy,0,154.0,Winter,0,330,70608,33133.32,1.0,5.706750482413948,True,-1,0.6839446877149422,True,both
2023-12-08,S004,P0001,Groceries,West,1366,203,0,11.56,20,Snowy,1,13.1,Winter,0,189,70660,2346.6800000000003,0.1486090775988287,-0.7661788028691927,False,-1,0.6148575938364237,True,isolation_forest_only
2023-12-08,S005,P0009,Groceries,North,482,187,429,120.22,0,Cloudy,0,140.06,Winter,0,175,70688,22481.14,0.3879668049792531,3.467116411462803,True,-1,0.6138021033862329,True,both
2023-12-09,S002,P0011,Groceries,South,0,0,561,97.49,20,Sunny,1,97.42,Winter,0,163,70730,0.0,0.0,-1.2595711865521229,False,-1,0.6443455655825374,True,isolation_forest_only
2023-12-09,S004,P0009,Clothing,West,1272,135,0,119.87,5,Sunny,0,140.59,Winter,0,123,70768,16182.45,0.10613207547169812,2.1428090183884025,False,-1,0.6167316544766467,True,isolation_forest_only
2023-12-10,S001,P0009,Clothing,North,285,196,236,119.63,10,Snowy,0,109.37,Winter,0,220,70808,23447.48,0.6877192982456141,3.6702905962890955,True,-1,0.6246228263300586,True,both
2023-12-11,S005,P0012,Furniture,North,311,161,577,134.52,20,Snowy,1,116.8,Winter,0,140,70991,21657.72,0.5176848874598071,3.2939913340887266,True,-1,0.6225813019491285,True,both
2023-12-12,S001,P0009,Clothing,North,256,182,293,116.51,20,Sunny,1,131.57,Winter,0,285,71008,21204.82,0.7109375,3.1987685467593936,True,1,0.5978836226726829,False,zscore_only
2023-12-12,S003,P0016,Electronics,East,266,178,298,123.63,0,Snowy,0,138.8,Winter,0,165,71055,22006.14,0.6691729323308271,3.367247071693686,True,1,0.6007275826405885,False,zscore_only
2023-12-12,S005,P0006,Groceries,North,646,222,703,70.0,15,Sunny,1,68.64,Winter,0,193,71085,15540.0,0.34365325077399383,2.007733108210151,False,-1,0.624159030544962,True,isolation_forest_only
2023-12-13,S001,P0009,Clothing,North,367,234,273,114.07,25,Sunny,1,111.77,Winter,0,281,71108,26692.379999999997,0.6376021798365122,4.352534850219216,True,-1,0.6488447115458209,True,both
2023-12-13,S003,P0020,Clothing,East,544,203,753,100.08,0,Sunny,0,111.59,Winter,0,199,71159,20316.239999999998,0.37316176470588236,3.01194349848141,True,-1,0.6362628827471238,True,both
2023-12-13,S005,P0009,Groceries,North,209,209,672,136.72,10,Sunny,1,130.11,Winter,0,251,71188,28574.48,1.0,4.748248712070703,True,-1,0.69694357102793,True,both
2023-12-14,S003,P0011,Electronics,East,151,151,229,141.5,0,Cloudy,0,157.97,Winter,0,138,71250,21366.5,1.0,3.232761967504385,True,1,0.5989398287010715,False,zscore_only
2023-12-14,S005,P0014,Furniture,North,156,138,506,183.77,15,Sunny,1,162.09,Winter,0,142,71293,25360.260000000002,0.8846153846153846,4.072454966233457,True,-1,0.6732772864596341,True,both
2023-12-15,S001,P0009,Clothing,North,316,193,0,124.55,0,Snowy,0,132.67,Winter,0,214,71308,24038.149999999998,0.6107594936708861,3.794479697176304,True,1,0.6068535682898353,False,zscore_only
2023-12-15,S003,P0011,Electronics,East,0,0,185,127.39,0,Snowy,0,151.08,Winter,0,104,71350,0.0,0.0,-1.2595711865521229,False,-1,0.6137836587479452,True,isolation_forest_only
2023-12-16,S003,P0015,Groceries,East,335,181,860,114.84,10,Snowy,1,127.65,Winter,0,189,71454,20786.04,0.5402985074626866,3.110719531794108,True,-1,0.6393792012447042,True,both
2023-12-16,S004,P0014,Furniture,West,243,188,322,171.94,25,Sunny,1,184.52,Winter,0,177,71473,32324.72,0.7736625514403292,5.536741328440669,True,-1,0.6796708393164534,True,both
2023-12-17,S005,P0013,Groceries,North,403,221,741,90.77,15,Cloudy,1,82.93,Winter,0,208,71592,20060.17,0.5483870967741935,2.958104463039983,False,-1,0.6412938962232851,True,isolation_forest_only
2023-12-18,S002,P0011,Groceries,South,459,202,699,128.91,0,Sunny,0,146.78,Winter,0,205,71630,26039.82,0.4400871459694989,4.215333299988196,True,-1,0.6643183447394416,True,both
2023-12-18,S003,P0020,Clothing,East,666,255,1284,92.91,25,Sunny,1,110.32,Winter,0,295,71659,23692.05,0.38288288288288286,3.7217117424519017,True,-1,0.6884444344800891,True,both
2023-12-18,S005,P0009,Groceries,North,799,201,673,132.36,15,Cloudy,1,127.88,Winter,0,262,71688,26604.360000000004,0.25156445556946183,4.334028535931897,True,-1,0.6916209422089097,True,both
2023-12-19,S001,P0012,Groceries,North,440,208,573,108.5,15,Sunny,1,97.12,Winter,0,239,71711,22568.0,0.4727272727272727,3.485378834309846,True,-1,0.64230025083696,True,both
2023-12-19,S003,P0014,Groceries,East,578,192,0,111.0,10,Snowy,0,100.21,Winter,0,168,71753,21312.0,0.33217993079584773,3.221303274836139,True,1,0.5881269134905104,False,zscore_only
2023-12-20,S001,P0009,Clothing,North,218,207,171,112.73,0,Snowy,0,122.42,Winter,0,174,71808,23335.11,0.9495412844036697,3.646664664268346,True,-1,0.6251233673102513,True,both
2023-12-20,S003,P0008,Clothing,East,171,171,414,123.78,25,Sunny,1,139.44,Winter,0,224,71847,21166.38,1.0,3.190686489031552,True,-1,0.6218438585058614,True,both
2023-12-20,S003,P0011,Electronics,East,248,151,249,135.34,5,Sunny,0,144.23,Winter,0,141,71850,20436.34,0.6088709677419355,3.0371946725998753,True,1,0.5692583816899209,False,zscore_only
2023-12-21,S003,P0008,Clothing,East,322,171,0,136.5,0,Sunny,0,156.13,Winter,0,150,71947,23341.5,0.531055900621118,3.6480081697022926,True,1,0.593230419459608,False,zscore_only
2023-12-21,S003,P0018,Furniture,East,45,45,461,139.8,10,Sunny,1,138.37,Winter,0,101,71957,6291.000000000001,1.0,0.0631193744742265,False,-1,0.6116285300908533,True,isolation_forest_only
2023-12-21,S004,P0009,Clothing,West,402,187,413,133.65,10,Sunny,1,113.73,Winter,0,162,71968,24992.55,0.4651741293532338,3.9951434821776632,True,-1,0.6333457280767345,True,both
2023-12-21,S005,P0006,Groceries,North,900,190,833,62.94,25,Sunny,1,70.57,Winter,0,222,71985,11958.6,0.2111111111111111,1.2547393114751701,False,-1,0.6387179105995408,True,isolation_forest_only
2023-12-22,S002,P0017,Toys,South,238,200,685,23.13,20,Cloudy,1,25.74,Winter,0,209,72036,4626.0,0.8403361344537815,-0.2869489428217316,False,-1,0.6136432688794297,True,isolation_forest_only
2023-12-22,S002,P0020,Furniture,South,318,155,329,141.43,10,Cloudy,1,156.64,Winter,0,134,72039,21921.65,0.48742138364779874,3.3494829442892806,True,1,0.599565557568786,False,zscore_only
2023-12-23,S003,P0014,Groceries,East,549,179,645,112.21,20,Snowy,1,100.36,Winter,0,220,72153,20085.59,0.32604735883424407,2.963449049601943,False,-1,0.6176255198525687,True,isolation_forest_only
2023-12-23,S003,P0020,Clothing,East,1134,196,0,83.64,25,Snowy,1,73.71,Winter,0,223,72159,16393.44,0.1728395061728395,2.187169927857636,False,-1,0.6108176162010388,True,isolation_forest_only
2023-12-24,S001,P0007,Groceries,North,680,239,907,29.34,20,Sunny,1,28.13,Winter,0,220,72206,7012.26,0.3514705882352941,0.2147651850044862,False,-1,0.6394168724923373,True,isolation_forest_only
2023-12-24,S003,P0007,Groceries,East,633,236,677,17.37,20,Snowy,1,18.66,Winter,0,199,72246,4099.320000000001,0.37282780410742494,-0.3976840667577286,False,-1,0.6158947653939228,True,isolation_forest_only
2023-12-24,S004,P0001,Groceries,West,476,227,892,11.52,25,Cloudy,1,10.37,Winter,0,193,72260,2615.04,0.47689075630252103,-0.709755779668266,False,-1,0.6421101822255043,True,isolation_forest_only
2023-12-24,S004,P0007,Groceries,West,634,238,889,38.25,10,Cloudy,1,35.77,Winter,0,221,72266,9103.5,0.3753943217665615,0.6544509915282093,False,-1,0.6319038446368132,True,isolation_forest_only
2023-12-24,S004,P0014,Furniture,West,178,163,346,191.23,10,Cloudy,1,231.32,Winter,0,149,72273,31170.489999999998,0.9157303370786517,5.294063037826546,True,-1,0.686939912797993,True,both
2023-12-24,S005,P0014,Furniture,North,268,149,422,182.05,10,Sunny,1,200.97,Winter,0,136,72293,27125.45,0.5559701492537313,4.443588355427242,True,-1,0.6526421460417404,True,both
2023-12-26,S002,P0011,Groceries,South,372,225,594,112.46,10,Sunny,1,132.1,Winter,0,192,72430,25303.5,0.6048387096774194,4.060521105759151,True,-1,0.6628225717894997,True,both
2023-12-26,S002,P0014,Electronics,South,300,202,0,155.33,0,Sunny,0,172.95,Winter,0,168,72433,31376.660000000003,0.6733333333333333,5.337410536311176,True,-1,0.6516940015895641,True,both
2023-12-26,S002,P0020,Furniture,South,225,138,0,155.56,0,Sunny,0,168.78,Winter,0,130,72439,21467.28,0.6133333333333333,3.253951087634767,True,1,0.5749829742175117,False,zscore_only
2023-12-26,S003,P0016,Electronics,East,308,252,468,120.44,20,Sunny,1,141.16,Winter,0,246,72455,30350.88,0.8181818181818182,5.121739017683039,True,-1,0.6869770944570904,True,both
2023-12-27,S002,P0019,Clothing,South,420,176,861,123.7,10,Sunny,1,121.81,Winter,1,243,72538,21771.2,0.41904761904761906,3.317850644987673,True,-1,0.6447318518356766,True,both
2023-12-30,S003,P0020,Clothing,East,232,187,781,101.19,5,Cloudy,0,99.13,Winter,1,204,72859,18922.53,0.8060344827586207,2.718914240524323,False,-1,0.639091238070675,True,isolation_forest_only
2023-12-31,S003,P0008,Clothing,East,234,185,424,139.54,10,Sunny,0,136.21,Winter,1,178,72947,25814.899999999998,0.7905982905982906,4.168043590723207,True,-1,0.652570207507445,True,both
2024-01-02,S002,P0015,Clothing,South,779,216,653,89.0,0,Sunny,0,102.99,Winter,1,185,73134,19224.0,0.2772785622593068,2.782298682335262,False,-1,0.6553213445872175,True,isolation_forest_only
2024-01-05,S003,P0020,Clothing,East,1018,270,951,94.38,20,Sunny,1,82.05,Winter,1,248,73459,25482.6,0.26522593320235754,4.098177103133149,True,-1,0.7127097514096234,True,both
2024-01-05,S004,P0009,Clothing,West,319,197,565,151.23,5,Sunny,0,141.76,Winter,1,188,73468,29792.309999999998,0.6175548589341693,5.004298981651805,True,-1,0.6733770898746614,True,both
2024-01-05,S004,P0011,Clothing,West,563,223,908,68.78,20,Sunny,1,61.33,Winter,1,206,73470,15337.94,0.3960923623445826,1.965249742328577,False,-1,0.6305109620439283,True,isolation_forest_only
2024-01-06,S003,P0008,Clothing,East,276,209,0,151.72,5,Cloudy,0,148.84,Winter,1,189,73547,31709.48,0.7572463768115942,5.407386354546876,True,-1,0.6571070281772554,True,both
2024-01-07,S002,P0015,Clothing,South,815,248,799,89.41,10,Sunny,1,98.92,Winter,1,230,73634,22173.68,0.3042944785276074,3.4024725647145657,True,-1,0.6879358834319446,True,both
2024-01-08,S003,P0008,Clothing,East,385,189,414,152.28,0,Snowy,0,164.35,Winter,1,191,73747,28780.920000000002,0.4909090909090909,4.7916529783905695,True,-1,0.6531944715683008,True,both
2024-01-11,S003,P0004,Groceries,East,327,229,792,27.59,20,Sunny,1,26.97,Winter,0,224,74043,6318.11,0.7003058103975535,0.0688192856345226,False,-1,0.631882976685001,True,isolation_forest_only
2024-01-11,S003,P0020,Clothing,East,1248,176,0,90.55,10,Sunny,0,78.88,Winter,0,181,74059,15936.8,0.14102564102564102,2.0911608008846474,False,-1,0.6116111788553577,True,isolation_forest_only
2024-01-11,S004,P0001,Groceries,West,230,223,820,11.69,25,Sunny,1,9.95,Winter,0,199,74060,2606.87,0.9695652173913043,-0.7114735323122947,False,-1,0.6576435095144278,True,isolation_forest_only
2024-01-11,S004,P0011,Clothing,West,671,305,1211,78.11,20,Sunny,1,69.52,Winter,0,262,74070,23823.55,0.45454545454545453,3.749359780724826,True,-1,0.7061701113853944,True,both
2024-01-12,S005,P0009,Groceries,North,136,136,764,127.26,10,Cloudy,0,118.79,Winter,0,219,74188,17307.36,1.0,2.37932274259825,False,-1,0.6257914883024063,True,isolation_forest_only
2024-01-13,S001,P0011,Furniture,North,337,147,295,191.71,15,Sunny,1,209.4,Winter,0,183,74210,28181.370000000003,0.4362017804154303,4.665596846477781,True,-1,0.6542308414875228,True,both
2024-01-13,S002,P0001,Groceries,South,362,220,0,105.56,10,Cloudy,1,93.29,Winter,0,211,74220,23223.2,0.6077348066298343,3.623135447818743,True,-1,0.6201432054557154,True,both
2024-01-13,S003,P0008,Clothing,East,239,180,275,136.34,5,Cloudy,0,158.27,Winter,0,168,74247,24541.2,0.7531380753138075,3.9002465842728404,True,-1,0.6252686668840487,True,both
2024-01-14,S001,P0007,Groceries,North,697,197,694,28.8,10,Snowy,0,33.99,Winter,0,185,74306,5673.6,0.28263988522238165,-0.06668974210146396,False,-1,0.616548228984246,True,isolation_forest_only
2024-01-14,S003,P0014,Groceries,East,374,193,618,109.67,10,Cloudy,0,123.29,Winter,0,183,74353,21166.31,0.516042780748663,3.190671771444639,True,-1,0.6260347278792321,True,both
2024-01-14,S003,P0020,Clothing,East,884,200,987,93.27,10,Cloudy,1,109.7,Winter,0,214,74359,18654.0,0.22624434389140272,2.6624554746123215,False,-1,0.6676343532523888,True,isolation_forest_only
2024-01-14,S004,P0015,Furniture,West,275,169,0,121.1,5,Cloudy,0,109.02,Winter,0,144,74374,20465.899999999998,0.6145454545454545,3.0434096993021384,True,1,0.560209284744275,False,zscore_only
2024-01-15,S001,P0016,Groceries,North,0,0,575,48.07,15,Cloudy,1,58.11,Winter,0,236,74415,0.0,0.0,-1.2595711865521229,False,-1,0.6359306948027956,True,isolation_forest_only
2024-01-15,S002,P0011,Groceries,South,344,233,596,101.31,25,Cloudy,1,112.99,Winter,0,225,74430,23605.23,0.6773255813953488,3.7034577296545232,True,-1,0.658694965975348,True,both
2024-01-17,S001,P0009,Clothing,North,278,204,0,109.46,10,Cloudy,1,108.13,Winter,0,184,74608,22329.84,0.7338129496402878,3.435305398605819,True,-1,0.6169772662987271,True,both
2024-01-17,S003,P0011,Electronics,East,140,140,417,147.29,15,Snowy,1,141.29,Winter,0,194,74650,20620.6,1.0,3.0759355663806276,True,-1,0.6176646069018994,True,both
2024-01-18,S002,P0014,Electronics,South,455,187,808,153.45,10,Sunny,1,147.26,Winter,0,184,74733,28695.149999999998,0.41098901098901097,4.7736197293968905,True,-1,0.6747183182887798,True,both
2024-01-19,S002,P0001,Groceries,South,461,269,826,99.29,15,Snowy,1,107.91,Winter,0,232,74820,26709.010000000002,0.5835140997830802,4.356031328367345,True,-1,0.6939744197049909,True,both
2024-01-20,S002,P0005,Electronics,South,224,165,843,98.39,25,Sunny,1,95.23,Winter,0,199,74924,16234.35,0.7366071428571429,2.1537210578284385,False,-1,0.6117907780058535,True,isolation_forest_only
2024-01-20,S002,P0014,Electronics,South,161,160,0,137.03,10,Sunny,1,152.89,Winter,0,161,74933,21924.8,0.9937888198757764,3.3501452357003805,True,1,0.6006423065616702,False,zscore_only
2024-01-20,S002,P0016,Clothing,South,404,181,451,114.02,10,Sunny,0,128.2,Winter,0,224,74935,20637.62,0.44801980198019803,3.0795140425129865,True,1,0.597383040211907,False,zscore_only
2024-01-20,S003,P0013,Groceries,East,286,232,794,98.76,5,Sunny,0,89.12,Winter,0,206,74952,22912.32,0.8111888111888111,3.557772541824167,True,-1,0.6821424721182022,True,both
2024-01-20,S003,P0015,Groceries,East,999,179,0,128.82,10,Sunny,1,153.88,Winter,0,237,74954,23058.78,0.17917917917917917,3.5885659386717137,True,-1,0.6423105090482674,True,both
2024-01-20,S004,P0014,Furniture,West,199,131,218,170.12,10,Sunny,1,181.63,Winter,0,110,74973,22285.72,0.6582914572864321,3.4260291138255807,True,1,0.6011558560332948,False,zscore_only
2024-01-20,S005,P0009,Groceries,North,328,212,699,122.54,10,Sunny,1,140.14,Winter,0,225,74988,25978.48,0.6463414634146342,4.202436488827275,True,-1,0.6725875398895841,True,both
2024-01-20,S005,P0013,Groceries,North,857,223,0,100.86,5,Sunny,0,96.09,Winter,0,205,74992,22491.78,0.2602100350058343,3.469353484673631,True,-1,0.638510026309398,True,both
2024-01-21,S001,P0020,Furniture,North,10,10,473,118.6,10,Cloudy,1,135.32,Winter,0,104,75019,1186.0,1.0,-1.0102132139917588,False,-1,0.6350693111719856,True,isolation_forest_only
2024-01-21,S003,P0014,Groceries,East,590,182,685,119.49,10,Snowy,1,131.23,Winter,0,218,75053,21747.18,0.30847457627118646,3.31280041016398,True,-1,0.6404371660744443,True,both
2024-01-22,S001,P0001,Electronics,North,372,237,368,90.63,15,Sunny,1,81.18,Winter,0,218,75100,21479.309999999998,0.6370967741935484,3.2564804100714455,True,-1,0.6264318457388787,True,both
2024-01-22,S003,P0015,Groceries,East,750,161,707,127.26,0,Sunny,0,147.1,Winter,0,188,75154,20488.86,0.21466666666666667,3.0482370678097155,True,-1,0.6620051089604152,True,both
2024-01-22,S004,P0017,Clothing,West,249,187,156,111.67,10,Cloudy,1,122.17,Winter,0,177,75176,20882.29,0.751004016064257,3.130956213799955,True,1,0.5843790563630726,False,zscore_only
2024-01-22,S004,P0020,Furniture,West,152,148,363,152.02,15,Cloudy,1,140.31,Winter,0,157,75179,22498.960000000003,0.9736842105263158,3.4708630885884584,True,-1,0.6246700760895855,True,both
2024-01-23,S001,P0011,Furniture,North,324,162,296,192.51,10,Snowy,0,177.11,Winter,0,145,75210,31186.62,0.5,5.297454390353864,True,-1,0.6662361616842918,True,both
2024-01-24,S002,P0009,Groceries,South,320,320,603,80.61,20,Sunny,1,94.8,Winter,0,284,75328,25795.2,1.0,4.16390164126331,True,-1,0.6934716780752604,True,both
2024-01-24,S003,P0008,Clothing,East,374,218,330,120.7,20,Snowy,1,137.43,Winter,0,187,75347,26312.600000000002,0.5828877005347594,4.272685633677081,True,-1,0.652104202343236,True,both
2024-01-24,S004,P0009,Clothing,West,238,202,547,123.36,20,Snowy,1,115.34,Winter,0,176,75368,24918.72,0.8487394957983193,3.979620633008918,True,-1,0.6653665400479071,True,both
2024-01-24,S005,P0001,Groceries,North,324,253,392,15.75,10,Cloudy,1,18.42,Winter,0,236,75380,3984.75,0.7808641975308642,-0.4217725515100398,False,-1,0.6142805264615758,True,isolation_forest_only
2024-01-25,S003,P0015,Groceries,East,330,170,0,127.18,0,Sunny,0,137.72,Winter,0,188,75454,21620.600000000002,0.5151515151515151,3.2861868079998224,True,1,0.5709370595595049,False,zscore_only
2024-01-26,S002,P0015,Clothing,South,802,186,815,70.48,25,Sunny,1,76.6,Winter,0,206,75534,13109.28,0.23192019950124687,1.4966712101815443,False,-1,0.623364254942541,True,isolation_forest_only
2024-01-28,S001,P0018,Groceries,North,248,237,198,80.7,15,Cloudy,1,76.31,Winter,0,245,75717,19125.9,0.9556451612903226,2.7616730355324193,False,-1,0.6156215852591268,True,isolation_forest_only
2024-01-29,S003,P0008,Clothing,East,322,152,373,150.24,0,Snowy,0,132.39,Winter,0,166,75847,22836.480000000003,0.4720496894409938,3.541827087659768,True,-1,0.6102460814139751,True,both
2024-01-29,S004,P0012,Electronics,West,159,153,195,142.51,0,Sunny,0,151.96,Winter,0,166,75871,21804.03,0.9622641509433962,3.3247531932500305,True,1,0.5969011652224353,False,zscore_only
2024-01-30,S003,P0011,Electronics,East,143,143,0,147.24,0,Sunny,0,131.48,Winter,0,134,75950,21055.32,1.0,3.167335986137324,True,1,0.5888496914386718,False,zscore_only
