transaction_id,date,product_id,product_name,category,quantity,unit_price,total_amount,store_id,customer_id,payment_method
T000001,2023-10-16,P001,Notebook,Stationery,1,8.73,8.73,S004,C0208,Card
T000002,2024-04-18,P016,LED Bulb Pack,Household,2,11.53,23.06,S002,C0078,UPI
T000003,2024-07-12,P017,Cotton T-Shirt,Apparel,1,20.11,20.11,S001,C0061,Bank Transfer
T000004,2024-03-17,P021,Garden Gloves,Outdoor,4,8.58,34.32,S003,C0204,Card
T000005,2025-09-28,P006,USB-C Hub,Electronics,3,33.87,101.61,S001,C0261,Card
T000006,2024-08-13,P023,Hand Trowel,Outdoor,1,10.91,10.91,S002,C0073,Card
T000007,2025-05-19,P004,Printer Paper,Stationery,3,6.37,19.11,S003,C0170,Card
T000008,2023-12-11,P004,Printer Paper,Stationery,3,6.68,20.04,S002,C0021,Card
T000009,2025-11-09,P020,Running Socks,Apparel,1,9.75,9.75,S002,C0296,UPI
T000010,2025-10-10,P011,Reusable Water Bottle,Food and Beverage,4,17.17,68.68,S003,C0047,Bank Transfer
T000011,2023-02-26,P002,Ballpoint Pen Pack,Stationery,1,5.16,5.16,S001,C0029,Card
T000012,2024-08-27,P003,Desk Organizer,Stationery,1,13.98,13.98,S001,C0216,Cash
T000013,2025-11-19,P010,Tea Assortment,Food and Beverage,1,12.77,12.77,S002,C0038,Bank Transfer
T000014,2025-01-30,P016,LED Bulb Pack,Household,2,12.0,24.0,S003,C0154,Card
T000015,2024-09-20,P001,Notebook,Stationery,2,8.53,17.06,S002,C0150,Card
T000016,2024-06-16,P011,Reusable Water Bottle,Food and Beverage,3,18.89,56.67,S001,C0043,Cash
T000017,2024-09-25,P006,USB-C Hub,Electronics,4,34.34,137.36,S001,C0268,Cash
T000018,2024-01-07,P016,LED Bulb Pack,Household,3,11.56,34.68,S003,C0064,Bank Transfer
T000019,2025-04-17,P012,Snack Box,Food and Beverage,1,23.72,23.72,S003,C0250,Bank Transfer
T000020,2024-11-17,P001,Notebook,Stationery,1,8.36,8.36,S001,C0029,Card
T000021,2023-01-30,P013,Hand Soap,Household,1,4.74,4.74,S002,C0114,Card
T000022,2025-07-20,P015,Storage Basket,Household,2,17.49,34.98,S004,C0062,Card
T000023,2024-02-10,P002,Ballpoint Pen Pack,Stationery,3,4.95,14.85,S002,C0291,UPI
T000024,2023-11-18,P002,Ballpoint Pen Pack,Stationery,1,5.09,5.09,S004,C0008,UPI
T000025,2023-04-16,P012,Snack Box,Food and Beverage,1,23.59,23.59,S004,C0209,Cash
T000026,2025-08-23,P005,Wireless Mouse,Electronics,1,24.22,24.22,S002,C0139,Bank Transfer
T000027,2025-11-24,P007,Bluetooth Speaker,Electronics,2,49.57,99.14,S001,C0038,UPI
T000028,2023-02-17,P023,Hand Trowel,Outdoor,3,10.13,30.39,S001,C0170,Cash
T000029,2023-07-14,P002,Ballpoint Pen Pack,Stationery,1,5.29,5.29,S001,C0225,Cash
T000030,2024-10-19,P007,Bluetooth Speaker,Electronics,2,47.18,94.36,S001,C0096,Card
T000031,2023-11-13,P005,Wireless Mouse,Electronics,2,26.42,52.84,S004,C0279,Card
T000032,2023-03-03,P006,USB-C Hub,Electronics,1,34.94,34.94,S001,C0169,UPI
T000033,2025-04-11,P018,Canvas Tote Bag,Apparel,2,13.97,27.94,S004,C0193,Card
T000034,2024-11-27,P008,Webcam,Electronics,2,62.38,124.76,S002,C0159,Cash
T000035,2024-12-03,P017,Cotton T-Shirt,Apparel,3,19.35,58.05,S001,C0206,UPI
T000036,2024-05-06,P009,Coffee Beans,Food and Beverage,2,14.63,29.26,S002,C0258,UPI
T000037,2023-07-08,P004,Printer Paper,Stationery,3,6.75,20.25,S001,C0269,Cash
T000038,2024-04-23,P009,Coffee Beans,Food and Beverage,4,15.05,60.2,S001,C0214,Card
T000039,2025-08-30,P016,LED Bulb Pack,Household,5,12.71,63.55,S001,C0108,Card
T000040,2023-04-04,P019,Baseball Cap,Apparel,3,15.81,47.43,S003,C0192,UPI
T000041,2023-06-01,P005,Wireless Mouse,Electronics,1,24.04,24.04,S001,C0141,Cash
T000042,2023-02-11,P005,Wireless Mouse,Electronics,1,24.75,24.75,S003,C0194,UPI
T000043,2025-07-07,P012,Snack Box,Food and Beverage,1,22.56,22.56,S001,C0249,Bank Transfer
T000044,2023-09-24,P004,Printer Paper,Stationery,3,6.81,20.43,S001,C0052,Card
T000045,2023-07-15,P008,Webcam,Electronics,1,58.21,58.21,S002,C0260,Cash
T000046,2023-10-14,P016,LED Bulb Pack,Household,1,11.77,11.77,S002,C0231,Cash
T000047,2024-12-18,P001,Notebook,Stationery,4,8.95,35.8,S001,C0159,Card
T000048,2023-09-20,P001,Notebook,Stationery,1,8.06,8.06,S001,C0265,UPI
T000049,2024-02-08,P014,Cleaning Spray,Household,1,7.25,7.25,S002,C0159,Card
T000050,2025-11-29,P017,Cotton T-Shirt,Apparel,1,19.66,19.66,S001,C0269,Card
T000051,2023-03-27,P007,Bluetooth Speaker,Electronics,3,51.94,155.82,S004,C0026,Card
T000052,2024-08-26,P002,Ballpoint Pen Pack,Stationery,1,5.28,5.28,S003,C0248,Cash
T000053,2024-12-14,P022,Plant Pot,Outdoor,3,11.53,34.59,S002,C0163,Card
T000054,2024-07-24,P022,Plant Pot,Outdoor,4,11.76,47.04,S002,C0214,Card
T000055,2025-06-07,P001,Notebook,Stationery,1,8.03,8.03,S004,C0287,UPI
T000056,2025-09-29,P011,Reusable Water Bottle,Food and Beverage,1,17.6,17.6,S001,C0248,Card
T000057,2025-08-09,P002,Ballpoint Pen Pack,Stationery,2,5.22,10.44,S004,C0058,Card
T000058,2023-02-08,P011,Reusable Water Bottle,Food and Beverage,1,18.22,18.22,S002,C0163,UPI
T000059,2024-10-02,P014,Cleaning Spray,Household,2,7.45,14.9,S004,C0206,Cash
T000060,2025-11-12,P014,Cleaning Spray,Household,4,7.11,28.44,S002,C0015,UPI
T000061,2024-01-15,P002,Ballpoint Pen Pack,Stationery,4,5.39,21.56,S003,C0021,Card
T000062,2025-02-02,P018,Canvas Tote Bag,Apparel,5,13.55,67.75,S003,C0037,Card
T000063,2023-02-22,P017,Cotton T-Shirt,Apparel,2,20.18,40.36,S002,C0228,UPI
T000064,2023-10-28,P001,Notebook,Stationery,2,8.92,17.84,S003,C0262,UPI
T000065,2024-12-07,P021,Garden Gloves,Outdoor,1,9.33,9.33,S001,C0065,Card
T000066,2023-09-16,P017,Cotton T-Shirt,Apparel,4,21.01,84.04,S004,C0189,Card
T000067,2023-08-03,P002,Ballpoint Pen Pack,Stationery,2,5.18,10.36,S003,C0165,Cash
T000068,2025-09-28,P011,Reusable Water Bottle,Food and Beverage,2,18.68,37.36,S001,C0087,UPI
T000069,2024-03-01,P013,Hand Soap,Household,1,4.66,4.66,S004,C0102,UPI
T000070,2025-11-15,P019,Baseball Cap,Apparel,1,16.44,16.44,S001,C0213,Cash
T000071,2023-08-29,P020,Running Socks,Apparel,2,9.99,19.98,S003,C0280,Card
T000072,2024-02-12,P003,Desk Organizer,Stationery,2,13.56,27.12,S003,C0152,Card
T000073,2023-04-19,P011,Reusable Water Bottle,Food and Beverage,2,18.77,37.54,S004,C0126,UPI
T000074,2024-01-07,P004,Printer Paper,Stationery,3,7.02,21.06,S002,C0141,Card
T000075,2025-02-19,P003,Desk Organizer,Stationery,5,14.08,70.4,S001,C0167,Card
T000076,2023-03-19,P022,Plant Pot,Outdoor,1,11.29,11.29,S004,C0040,Cash
T000077,2025-06-21,P010,Tea Assortment,Food and Beverage,5,12.66,63.3,S001,C0102,Card
T000078,2025-06-26,P020,Running Socks,Apparel,1,10.31,10.31,S002,C0265,UPI
T000079,2024-05-21,P001,Notebook,Stationery,2,8.98,17.96,S001,C0283,UPI
T000080,2024-07-24,P014,Cleaning Spray,Household,1,7.18,7.18,S001,C0095,Card
T000081,2023-10-24,P022,Plant Pot,Outdoor,3,12.6,37.8,S001,C0015,Bank Transfer
T000082,2023-10-07,P015,Storage Basket,Household,4,17.48,69.92,S002,C0234,Cash
T000083,2024-10-17,P018,Canvas Tote Bag,Apparel,2,13.39,26.78,S003,C0274,UPI
T000084,2025-08-25,P003,Desk Organizer,Stationery,2,14.22,28.44,S003,C0051,Card
T000085,2023-03-10,P011,Reusable Water Bottle,Food and Beverage,2,17.58,35.16,S001,C0239,Card
T000086,2025-11-22,P021,Garden Gloves,Outdoor,1,9.31,9.31,S003,C0122,Card
T000087,2024-02-14,P003,Desk Organizer,Stationery,2,14.3,28.6,S001,C0278,UPI
T000088,2025-08-24,P007,Bluetooth Speaker,Electronics,2,47.98,95.96,S001,C0148,UPI
T000089,2025-11-05,P008,Webcam,Electronics,4,56.82,227.28,S004,C0103,UPI
T000090,2025-09-09,P008,Webcam,Electronics,4,60.05,240.2,S003,C0239,Card
T000091,2024-12-01,P008,Webcam,Electronics,2,59.96,119.92,S002,C0288,UPI
T000092,2023-03-05,P002,Ballpoint Pen Pack,Stationery,1,4.98,4.98,S003,C0218,Card
T000093,2023-08-15,P019,Baseball Cap,Apparel,3,16.35,49.05,S002,C0253,Card
T000094,2025-08-27,P015,Storage Basket,Household,5,15.57,77.85,S002,C0241,UPI
T000095,2024-12-16,P014,Cleaning Spray,Household,4,7.6,30.4,S003,C0181,UPI
T000096,2023-06-11,P009,Coffee Beans,Food and Beverage,4,14.59,58.36,S001,C0011,UPI
T000097,2024-01-06,P003,Desk Organizer,Stationery,1,14.71,14.71,S004,C0281,Card
T000098,2023-11-14,P003,Desk Organizer,Stationery,1,13.36,13.36,S002,C0041,Card
T000099,2023-11-22,P001,Notebook,Stationery,1,8.57,8.57,S002,C0060,Card
T000100,2023-01-06,P015,Storage Basket,Household,1,16.02,16.02,S001,C0139,UPI
T000101,2024-09-15,P009,Coffee Beans,Food and Beverage,2,15.18,30.36,S003,C0300,Card
T000102,2023-06-03,P002,Ballpoint Pen Pack,Stationery,4,5.28,21.12,S003,C0154,Card
T000103,2025-04-03,P014,Cleaning Spray,Household,2,7.43,14.86,S001,C0069,UPI
T000104,2023-07-19,P011,Reusable Water Bottle,Food and Beverage,2,18.52,37.04,S001,C0060,Card
T000105,2024-11-11,P021,Garden Gloves,Outdoor,2,8.93,17.86,S002,C0231,UPI
T000106,2024-07-25,P021,Garden Gloves,Outdoor,2,8.99,17.98,S002,C0077,Card
T000107,2023-11-05,P017,Cotton T-Shirt,Apparel,6,20.36,122.16,S001,C0206,Card
T000108,2025-02-17,P008,Webcam,Electronics,1,59.96,59.96,S003,C0221,UPI
T000109,2024-02-26,P007,Bluetooth Speaker,Electronics,1,49.66,49.66,S001,C0278,Card
T000110,2024-06-23,P018,Canvas Tote Bag,Apparel,2,13.35,26.7,S001,C0140,Card
T000111,2025-09-21,P018,Canvas Tote Bag,Apparel,5,14.27,71.35,S001,C0220,Cash
T000112,2023-12-13,P001,Notebook,Stationery,2,8.84,17.68,S004,C0148,UPI
T000113,2025-04-07,P006,USB-C Hub,Electronics,1,36.1,36.1,S001,C0170,UPI
T000114,2024-10-20,P014,Cleaning Spray,Household,1,7.07,7.07,S004,C0185,Card
T000115,2025-12-14,P022,Plant Pot,Outdoor,1,12.02,12.02,S001,C0148,UPI
T000116,2025-01-28,P004,Printer Paper,Stationery,5,7.01,35.05,S001,C0087,Cash
T000117,2025-10-28,P004,Printer Paper,Stationery,1,6.83,6.83,S001,C0182,Card
T000118,2024-08-11,P016,LED Bulb Pack,Household,3,12.41,37.23,S004,C0012,Cash
T000119,2024-11-30,P024,Watering Can,Outdoor,3,21.64,64.92,S001,C0021,Card
T000120,2025-12-20,P003,Desk Organizer,Stationery,4,14.3,57.2,S002,C0035,Card
T000121,2024-12-03,P017,Cotton T-Shirt,Apparel,3,20.97,62.91,S004,C0132,Card
T000122,2023-03-22,P006,USB-C Hub,Electronics,2,32.45,64.9,S002,C0013,UPI
T000123,2025-06-02,P011,Reusable Water Bottle,Food and Beverage,2,18.7,37.4,S002,C0293,UPI
T000124,2025-10-11,P001,Notebook,Stationery,4,8.02,32.08,S002,C0051,Card
T000125,2025-12-22,P001,Notebook,Stationery,1,8.85,8.85,S003,C0052,Card
T000126,2024-06-21,P007,Bluetooth Speaker,Electronics,3,52.32,156.96,S003,C0080,Card
T000127,2023-05-18,P003,Desk Organizer,Stationery,2,13.67,27.34,S004,C0074,UPI
T000128,2024-06-07,P002,Ballpoint Pen Pack,Stationery,1,5.55,5.55,S002,C0034,Cash
T000129,2023-06-07,P006,USB-C Hub,Electronics,2,36.42,72.84,S001,C0018,Cash
T000130,2024-06-19,P001,Notebook,Stationery,2,8.81,17.62,S003,C0266,Card
T000131,2024-11-03,P005,Wireless Mouse,Electronics,3,25.79,77.37,S003,C0029,Card
T000132,2023-11-10,P012,Snack Box,Food and Beverage,2,21.3,42.6,S003,C0155,Card
T000133,2023-10-05,P009,Coffee Beans,Food and Beverage,2,14.66,29.32,S001,C0135,Bank Transfer
T000134,2024-05-08,P022,Plant Pot,Outdoor,4,11.78,47.12,S004,C0056,Card
T000135,2025-06-29,P015,Storage Basket,Household,4,17.04,68.16,S002,C0134,Card
T000136,2023-08-02,P001,Notebook,Stationery,1,8.29,8.29,S004,C0133,UPI
T000137,2024-08-15,P018,Canvas Tote Bag,Apparel,2,13.41,26.82,S003,C0194,UPI
T000138,2025-11-06,P007,Bluetooth Speaker,Electronics,1,48.47,48.47,S004,C0229,Card
T000139,2025-02-04,P009,Coffee Beans,Food and Beverage,2,16.06,32.12,S002,C0151,Card
T000140,2025-06-02,P001,Notebook,Stationery,1,8.29,8.29,S002,C0136,Card
T000141,2023-10-27,P019,Baseball Cap,Apparel,2,16.03,32.06,S004,C0207,Card
T000142,2025-01-25,P002,Ballpoint Pen Pack,Stationery,6,5.1,30.6,S002,C0105,Card
T000143,2024-05-11,P008,Webcam,Electronics,1,61.72,61.72,S001,C0293,Cash
T000144,2023-01-02,P016,LED Bulb Pack,Household,1,12.06,12.06,S001,C0140,UPI
T000145,2024-08-31,P019,Baseball Cap,Apparel,2,16.36,32.72,S001,C0024,Cash
T000146,2023-06-16,P005,Wireless Mouse,Electronics,1,24.0,24.0,S001,C0093,Card
T000147,2025-01-31,P024,Watering Can,Outdoor,2,21.16,42.32,S001,C0030,Cash
T000148,2025-11-17,P023,Hand Trowel,Outdoor,2,10.5,21.0,S001,C0066,Card
T000149,2024-06-22,P004,Printer Paper,Stationery,4,6.4,25.6,S002,C0203,Cash
T000150,2024-08-18,P013,Hand Soap,Household,2,4.69,9.38,S003,C0069,Card
T000151,2024-04-11,P014,Cleaning Spray,Household,1,7.07,7.07,S002,C0155,Card
T000152,2025-01-15,P013,Hand Soap,Household,1,4.66,4.66,S003,C0109,UPI
T000153,2023-09-24,P016,LED Bulb Pack,Household,2,12.29,24.58,S001,C0169,UPI
T000154,2025-06-04,P003,Desk Organizer,Stationery,1,13.7,13.7,S002,C0027,Cash
T000155,2025-04-05,P019,Baseball Cap,Apparel,2,16.12,32.24,S002,C0062,UPI
T000156,2024-11-16,P009,Coffee Beans,Food and Beverage,3,15.38,46.14,S001,C0268,Card
T000157,2025-02-17,P006,USB-C Hub,Electronics,5,35.09,175.45,S001,C0226,UPI
T000158,2025-03-08,P017,Cotton T-Shirt,Apparel,1,20.43,20.43,S004,C0012,UPI
T000159,2023-11-23,P008,Webcam,Electronics,2,60.53,121.06,S003,C0299,UPI
T000160,2025-09-26,P022,Plant Pot,Outdoor,4,12.53,50.12,S003,C0003,UPI
T000161,2023-04-23,P001,Notebook,Stationery,5,8.9,44.5,S002,C0206,UPI
T000162,2023-06-14,P014,Cleaning Spray,Household,2,7.06,14.12,S002,C0056,UPI
T000163,2025-02-14,P020,Running Socks,Apparel,1,10.48,10.48,S001,C0297,Card
T000164,2023-04-08,P015,Storage Basket,Household,5,15.99,79.95,S003,C0191,Card
T000165,2025-12-21,P009,Coffee Beans,Food and Beverage,2,15.54,31.08,S001,C0003,Card
T000166,2024-01-07,P010,Tea Assortment,Food and Beverage,2,12.23,24.46,S001,C0283,Cash
T000167,2024-01-30,P008,Webcam,Electronics,2,55.61,111.22,S002,C0200,UPI
T000168,2023-05-28,P016,LED Bulb Pack,Household,1,11.76,11.76,S002,C0171,Cash
T000169,2025-10-04,P018,Canvas Tote Bag,Apparel,3,12.76,38.28,S002,C0180,UPI
T000170,2024-05-03,P017,Cotton T-Shirt,Apparel,4,19.61,78.44,S002,C0292,UPI
T000171,2023-03-08,P018,Canvas Tote Bag,Apparel,1,13.28,13.28,S002,C0154,Cash
T000172,2025-03-11,P015,Storage Basket,Household,6,15.96,95.76,S001,C0065,UPI
T000173,2025-09-01,P002,Ballpoint Pen Pack,Stationery,2,5.14,10.28,S001,C0258,Card
T000174,2024-02-10,P005,Wireless Mouse,Electronics,1,26.14,26.14,S004,C0234,UPI
T000175,2023-02-09,P023,Hand Trowel,Outdoor,3,10.71,32.13,S004,C0191,Bank Transfer
T000176,2024-02-17,P002,Ballpoint Pen Pack,Stationery,4,5.33,21.32,S001,C0009,Card
T000177,2023-07-30,P020,Running Socks,Apparel,2,10.31,20.62,S004,C0051,Card
T000178,2023-07-02,P016,LED Bulb Pack,Household,2,11.69,23.38,S002,C0260,Card
T000179,2023-09-29,P005,Wireless Mouse,Electronics,4,26.42,105.68,S003,C0157,UPI
T000180,2024-01-11,P020,Running Socks,Apparel,4,9.52,38.08,S002,C0103,Card
T000181,2025-08-16,P018,Canvas Tote Bag,Apparel,6,13.0,78.0,S001,C0123,UPI
T000182,2025-09-14,P022,Plant Pot,Outdoor,4,12.69,50.76,S004,C0221,Card
T000183,2023-04-06,P013,Hand Soap,Household,3,4.6,13.8,S002,C0222,Card
T000184,2025-04-13,P018,Canvas Tote Bag,Apparel,1,14.3,14.3,S003,C0127,Card
T000185,2025-06-25,P004,Printer Paper,Stationery,1,6.73,6.73,S003,C0176,Bank Transfer
T000186,2024-09-28,P003,Desk Organizer,Stationery,3,14.18,42.54,S003,C0226,UPI
T000187,2025-02-14,P008,Webcam,Electronics,1,56.36,56.36,S001,C0046,Card
T000188,2025-07-06,P002,Ballpoint Pen Pack,Stationery,3,4.97,14.91,S001,C0288,Card
T000189,2023-11-25,P019,Baseball Cap,Apparel,5,16.54,82.7,S001,C0043,Card
T000190,2023-07-12,P019,Baseball Cap,Apparel,3,16.16,48.48,S001,C0241,Card
T000191,2023-01-13,P016,LED Bulb Pack,Household,4,12.62,50.48,S004,C0151,UPI
T000192,2024-02-06,P020,Running Socks,Apparel,1,10.25,10.25,S002,C0227,UPI
T000193,2024-08-29,P017,Cotton T-Shirt,Apparel,3,20.01,60.03,S002,C0017,Bank Transfer
T000194,2023-10-07,P006,USB-C Hub,Electronics,2,34.79,69.58,S001,C0072,Card
T000195,2023-06-10,P008,Webcam,Electronics,2,55.55,111.1,S002,C0054,UPI
T000196,2023-02-20,P016,LED Bulb Pack,Household,1,12.05,12.05,S001,C0212,Cash
T000197,2025-03-24,P001,Notebook,Stationery,2,8.74,17.48,S003,C0081,UPI
T000198,2024-05-25,P017,Cotton T-Shirt,Apparel,3,20.26,60.78,S004,C0144,UPI
T000199,2023-07-04,P020,Running Socks,Apparel,2,9.49,18.98,S001,C0138,UPI
T000200,2025-05-18,P003,Desk Organizer,Stationery,2,13.4,26.8,S004,C0049,Card
T000201,2025-06-04,P011,Reusable Water Bottle,Food and Beverage,3,19.07,57.21,S003,C0255,UPI
T000202,2025-06-23,P006,USB-C Hub,Electronics,2,32.45,64.9,S002,C0151,Card
T000203,2024-01-26,P012,Snack Box,Food and Beverage,1,23.0,23.0,S001,C0270,Cash
T000204,2024-01-09,P014,Cleaning Spray,Household,3,6.88,20.64,S002,C0223,Cash
T000205,2025-08-22,P017,Cotton T-Shirt,Apparel,3,20.06,60.18,S003,C0072,UPI
T000206,2023-03-22,P006,USB-C Hub,Electronics,2,33.62,67.24,S004,C0150,Cash
T000207,2024-07-17,P014,Cleaning Spray,Household,1,7.57,7.57,S001,C0148,Card
T000208,2025-01-23,P001,Notebook,Stationery,4,8.53,34.12,S003,C0142,UPI
T000209,2025-09-17,P023,Hand Trowel,Outdoor,1,9.94,9.94,S004,C0174,UPI
T000210,2023-05-19,P024,Watering Can,Outdoor,1,21.58,21.58,S001,C0004,UPI
T000211,2024-07-02,P015,Storage Basket,Household,3,15.67,47.01,S002,C0157,Card
T000212,2023-11-28,P019,Baseball Cap,Apparel,1,15.51,15.51,S004,C0142,UPI
T000213,2024-11-29,P009,Coffee Beans,Food and Beverage,1,15.49,15.49,S004,C0018,Cash
T000214,2024-08-31,P002,Ballpoint Pen Pack,Stationery,3,5.52,16.56,S002,C0289,Card
T000215,2023-01-04,P006,USB-C Hub,Electronics,5,35.4,177.0,S001,C0074,Cash
T000216,2024-08-14,P004,Printer Paper,Stationery,1,6.75,6.75,S001,C0109,UPI
T000217,2023-11-01,P015,Storage Basket,Household,2,17.15,34.3,S004,C0109,UPI
T000218,2025-06-09,P017,Cotton T-Shirt,Apparel,3,21.15,63.45,S001,C0028,Card
T000219,2025-10-13,P009,Coffee Beans,Food and Beverage,3,14.77,44.31,S004,C0249,UPI
T000220,2025-02-16,P014,Cleaning Spray,Household,1,7.17,7.17,S001,C0219,UPI
T000221,2023-11-11,P015,Storage Basket,Household,1,15.62,15.62,S003,C0113,Card
T000222,2025-07-11,P006,USB-C Hub,Electronics,1,35.11,35.11,S002,C0204,Card
T000223,2024-03-09,P014,Cleaning Spray,Household,1,6.82,6.82,S001,C0295,Card
T000224,2025-08-10,P021,Garden Gloves,Outdoor,2,9.24,18.48,S003,C0152,Card
T000225,2024-07-16,P002,Ballpoint Pen Pack,Stationery,3,5.54,16.62,S004,C0129,Cash
T000226,2025-08-15,P017,Cotton T-Shirt,Apparel,1,20.49,20.49,S001,C0050,UPI
T000227,2025-12-21,P009,Coffee Beans,Food and Beverage,4,15.06,60.24,S003,C0143,Card
T000228,2024-01-28,P009,Coffee Beans,Food and Beverage,4,16.05,64.2,S001,C0021,Card
T000229,2023-12-17,P024,Watering Can,Outdoor,1,21.41,21.41,S004,C0268,Cash
T000230,2024-10-10,P024,Watering Can,Outdoor,1,21.13,21.13,S001,C0047,Card
T000231,2023-06-20,P001,Notebook,Stationery,1,8.85,8.85,S003,C0237,UPI
T000232,2023-05-18,P020,Running Socks,Apparel,2,10.1,20.2,S004,C0273,UPI
T000233,2023-09-05,P012,Snack Box,Food and Beverage,5,23.81,119.05,S002,C0234,UPI
T000234,2023-04-15,P002,Ballpoint Pen Pack,Stationery,1,5.3,5.3,S001,C0044,Card
T000235,2024-06-01,P006,USB-C Hub,Electronics,2,35.03,70.06,S004,C0086,UPI
T000236,2023-05-13,P017,Cotton T-Shirt,Apparel,4,20.6,82.4,S001,C0149,UPI
T000237,2024-11-10,P014,Cleaning Spray,Household,2,7.06,14.12,S002,C0269,Card
T000238,2023-02-04,P010,Tea Assortment,Food and Beverage,2,12.05,24.1,S002,C0292,UPI
T000239,2024-03-14,P023,Hand Trowel,Outdoor,2,10.84,21.68,S001,C0024,Cash
T000240,2025-03-15,P007,Bluetooth Speaker,Electronics,1,48.12,48.12,S002,C0077,UPI
T000241,2025-09-21,P011,Reusable Water Bottle,Food and Beverage,1,18.9,18.9,S004,C0030,Cash
T000242,2025-04-19,P011,Reusable Water Bottle,Food and Beverage,1,17.87,17.87,S001,C0154,UPI
T000243,2025-01-08,P014,Cleaning Spray,Household,3,7.32,21.96,S001,C0183,Card
T000244,2023-09-28,P009,Coffee Beans,Food and Beverage,3,16.18,48.54,S001,C0225,Card
T000245,2025-04-22,P019,Baseball Cap,Apparel,2,15.1,30.2,S001,C0167,Card
T000246,2025-05-28,P003,Desk Organizer,Stationery,1,14.31,14.31,S002,C0066,UPI
T000247,2025-03-21,P005,Wireless Mouse,Electronics,6,24.35,146.1,S001,C0270,UPI
T000248,2023-07-02,P009,Coffee Beans,Food and Beverage,1,14.71,14.71,S003,C0289,UPI
T000249,2024-07-15,P004,Printer Paper,Stationery,3,6.8,20.4,S001,C0295,Card
T000250,2024-01-08,P006,USB-C Hub,Electronics,1,35.0,35.0,S001,C0015,Card
T000251,2023-11-16,P009,Coffee Beans,Food and Beverage,1,15.18,15.18,S001,C0173,Cash
T000252,2023-09-26,P005,Wireless Mouse,Electronics,1,25.64,25.64,S003,C0215,Bank Transfer
T000253,2024-06-14,P020,Running Socks,Apparel,3,10.39,31.17,S003,C0211,Card
T000254,2023-07-22,P009,Coffee Beans,Food and Beverage,1,15.52,15.52,S001,C0050,Cash
T000255,2025-09-29,P002,Ballpoint Pen Pack,Stationery,2,5.37,10.74,S001,C0157,Card
T000256,2023-11-16,P020,Running Socks,Apparel,3,9.73,29.19,S002,C0063,UPI
T000257,2024-04-14,P013,Hand Soap,Household,3,4.55,13.65,S002,C0073,Bank Transfer
T000258,2025-04-17,P011,Reusable Water Bottle,Food and Beverage,1,18.19,18.19,S003,C0201,Cash
T000259,2023-11-26,P001,Notebook,Stationery,4,8.71,34.84,S003,C0032,Card
T000260,2025-12-19,P003,Desk Organizer,Stationery,3,13.68,41.04,S004,C0240,UPI
T000261,2023-08-24,P024,Watering Can,Outdoor,2,19.85,39.7,S002,C0037,Cash
T000262,2023-06-21,P014,Cleaning Spray,Household,6,7.45,44.7,S003,C0118,Card
T000263,2023-03-29,P023,Hand Trowel,Outdoor,3,10.28,30.84,S003,C0295,Card
T000264,2024-02-28,P020,Running Socks,Apparel,1,9.54,9.54,S004,C0119,Bank Transfer
T000265,2023-03-06,P004,Printer Paper,Stationery,2,7.1,14.2,S004,C0282,Bank Transfer
T000266,2024-07-29,P009,Coffee Beans,Food and Beverage,5,16.13,80.65,S001,C0285,Cash
T000267,2024-07-20,P005,Wireless Mouse,Electronics,1,25.89,25.89,S002,C0033,Cash
T000268,2024-09-15,P023,Hand Trowel,Outdoor,2,10.53,21.06,S002,C0060,Card
T000269,2025-07-09,P001,Notebook,Stationery,1,8.83,8.83,S002,C0085,UPI
T000270,2024-05-31,P019,Baseball Cap,Apparel,1,16.19,16.19,S001,C0121,UPI
T000271,2023-03-16,P008,Webcam,Electronics,3,57.89,173.67,S002,C0191,Cash
T000272,2023-05-29,P006,USB-C Hub,Electronics,2,35.73,71.46,S001,C0023,Bank Transfer
T000273,2023-11-12,P022,Plant Pot,Outdoor,3,12.02,36.06,S002,C0014,UPI
T000274,2023-07-07,P007,Bluetooth Speaker,Electronics,3,52.98,158.94,S001,C0079,Cash
T000275,2024-09-01,P011,Reusable Water Bottle,Food and Beverage,3,19.06,57.18,S001,C0061,Card
T000276,2024-07-20,P016,LED Bulb Pack,Household,1,12.23,12.23,S004,C0146,UPI
T000277,2024-09-27,P024,Watering Can,Outdoor,1,22.1,22.1,S004,C0206,UPI
T000278,2023-10-02,P016,LED Bulb Pack,Household,2,11.5,23.0,S001,C0089,UPI
T000279,2025-12-17,P002,Ballpoint Pen Pack,Stationery,2,5.07,10.14,S002,C0036,Cash
T000280,2025-11-01,P024,Watering Can,Outdoor,1,19.74,19.74,S004,C0117,UPI
T000281,2023-12-05,P005,Wireless Mouse,Electronics,5,24.29,121.45,S004,C0030,Card
T000282,2024-01-15,P006,USB-C Hub,Electronics,1,33.73,33.73,S002,C0253,Cash
T000283,2023-05-07,P005,Wireless Mouse,Electronics,1,24.48,24.48,S001,C0299,Cash
T000284,2023-08-05,P002,Ballpoint Pen Pack,Stationery,3,5.47,16.41,S001,C0024,UPI
T000285,2025-12-01,P003,Desk Organizer,Stationery,2,14.33,28.66,S001,C0113,Cash
T000286,2023-07-05,P013,Hand Soap,Household,1,4.6,4.6,S003,C0160,UPI
T000287,2024-03-10,P016,LED Bulb Pack,Household,1,12.45,12.45,S001,C0055,Card
T000288,2023-11-10,P016,LED Bulb Pack,Household,2,11.8,23.6,S002,C0272,Card
T000289,2025-11-19,P024,Watering Can,Outdoor,3,20.9,62.7,S001,C0271,Cash
T000290,2024-01-08,P020,Running Socks,Apparel,2,10.48,20.96,S002,C0168,Card
T000291,2025-10-12,P021,Garden Gloves,Outdoor,4,9.52,38.08,S004,C0093,Card
T000292,2025-11-23,P017,Cotton T-Shirt,Apparel,4,19.62,78.48,S003,C0093,UPI
T000293,2023-11-29,P007,Bluetooth Speaker,Electronics,5,49.97,249.85,S004,C0279,Card
T000294,2025-03-25,P007,Bluetooth Speaker,Electronics,1,50.33,50.33,S003,C0195,Card
T000295,2023-10-26,P009,Coffee Beans,Food and Beverage,3,15.98,47.94,S002,C0123,Card
T000296,2024-05-12,P012,Snack Box,Food and Beverage,1,22.27,22.27,S001,C0103,Cash
T000297,2025-12-30,P002,Ballpoint Pen Pack,Stationery,1,5.44,5.44,S004,C0283,Card
T000298,2025-12-27,P017,Cotton T-Shirt,Apparel,2,19.07,38.14,S002,C0027,Card
T000299,2025-11-22,P016,LED Bulb Pack,Household,2,12.05,24.1,S001,C0283,Card
T000300,2023-11-16,P008,Webcam,Electronics,2,62.12,124.24,S002,C0183,Cash
T000301,2023-11-30,P016,LED Bulb Pack,Household,1,11.74,11.74,S002,C0217,Card
T000302,2024-05-15,P020,Running Socks,Apparel,5,10.22,51.1,S002,C0031,UPI
T000303,2024-01-03,P007,Bluetooth Speaker,Electronics,1,48.28,48.28,S001,C0281,UPI
T000304,2025-10-11,P023,Hand Trowel,Outdoor,1,10.25,10.25,S001,C0274,Bank Transfer
T000305,2025-02-09,P018,Canvas Tote Bag,Apparel,2,13.4,26.8,S004,C0073,UPI
T000306,2025-08-09,P012,Snack Box,Food and Beverage,3,21.66,64.98,S004,C0168,UPI
T000307,2025-05-13,P006,USB-C Hub,Electronics,2,34.64,69.28,S001,C0290,Cash
T000308,2025-12-21,P006,USB-C Hub,Electronics,3,34.81,104.43,S001,C0154,UPI
T000309,2024-11-17,P002,Ballpoint Pen Pack,Stationery,6,5.51,33.06,S004,C0180,Bank Transfer
T000310,2025-02-19,P005,Wireless Mouse,Electronics,4,26.19,104.76,S001,C0192,Card
T000311,2023-10-22,P004,Printer Paper,Stationery,3,6.85,20.55,S004,C0078,Card
T000312,2023-08-29,P003,Desk Organizer,Stationery,3,14.83,44.49,S003,C0004,Card
T000313,2023-10-13,P011,Reusable Water Bottle,Food and Beverage,1,18.58,18.58,S002,C0101,Card
T000314,2024-12-15,P022,Plant Pot,Outdoor,2,11.29,22.58,S004,C0216,Card
T000315,2024-02-03,P021,Garden Gloves,Outdoor,3,8.69,26.07,S001,C0102,Card
T000316,2025-06-28,P010,Tea Assortment,Food and Beverage,2,13.46,26.92,S002,C0009,Card
T000317,2023-10-23,P017,Cotton T-Shirt,Apparel,1,19.19,19.19,S004,C0015,UPI
T000318,2024-09-01,P004,Printer Paper,Stationery,3,6.44,19.32,S002,C0100,Cash
T000319,2023-02-07,P022,Plant Pot,Outdoor,4,11.86,47.44,S001,C0089,Cash
T000320,2023-10-09,P004,Printer Paper,Stationery,2,7.12,14.24,S002,C0065,Card
T000321,2025-12-07,P019,Baseball Cap,Apparel,2,15.2,30.4,S001,C0177,UPI
T000322,2024-10-05,P018,Canvas Tote Bag,Apparel,1,13.19,13.19,S004,C0002,UPI
T000323,2023-12-24,P022,Plant Pot,Outdoor,5,11.33,56.65,S002,C0277,UPI
T000324,2024-12-14,P009,Coffee Beans,Food and Beverage,1,14.93,14.93,S004,C0079,Cash
T000325,2024-02-02,P001,Notebook,Stationery,2,8.21,16.42,S002,C0123,Card
T000326,2025-12-19,P014,Cleaning Spray,Household,2,7.09,14.18,S001,C0184,Card
T000327,2025-04-15,P019,Baseball Cap,Apparel,3,16.7,50.1,S003,C0070,UPI
T000328,2025-08-23,P014,Cleaning Spray,Household,1,7.13,7.13,S002,C0188,Bank Transfer
T000329,2023-01-03,P011,Reusable Water Bottle,Food and Beverage,1,17.62,17.62,S003,C0075,Card
T000330,2024-12-15,P006,USB-C Hub,Electronics,3,34.53,103.59,S002,C0250,Bank Transfer
T000331,2023-01-27,P015,Storage Basket,Household,6,17.15,102.9,S001,C0237,Cash
T000332,2023-10-05,P024,Watering Can,Outdoor,2,22.24,44.48,S001,C0044,Card
T000333,2023-06-10,P007,Bluetooth Speaker,Electronics,2,48.71,97.42,S002,C0300,Bank Transfer
T000334,2025-12-10,P019,Baseball Cap,Apparel,2,15.58,31.16,S002,C0282,Card
T000335,2024-07-12,P023,Hand Trowel,Outdoor,1,10.35,10.35,S002,C0059,Card
T000336,2023-12-30,P018,Canvas Tote Bag,Apparel,5,13.09,65.45,S001,C0120,Bank Transfer
T000337,2024-10-05,P016,LED Bulb Pack,Household,1,12.02,12.02,S001,C0166,Cash
T000338,2024-01-26,P013,Hand Soap,Household,2,5.0,10.0,S003,C0002,UPI
T000339,2023-07-12,P006,USB-C Hub,Electronics,5,33.17,165.85,S003,C0073,UPI
T000340,2024-10-21,P013,Hand Soap,Household,4,4.79,19.16,S001,C0086,UPI
T000341,2023-08-11,P016,LED Bulb Pack,Household,4,12.19,48.76,S003,C0257,Bank Transfer
T000342,2024-01-04,P005,Wireless Mouse,Electronics,2,24.75,49.5,S001,C0088,UPI
T000343,2024-09-06,P004,Printer Paper,Stationery,1,6.92,6.92,S001,C0272,Card
T000344,2025-04-08,P011,Reusable Water Bottle,Food and Beverage,1,16.99,16.99,S002,C0123,UPI
T000345,2025-04-15,P002,Ballpoint Pen Pack,Stationery,3,5.23,15.69,S001,C0010,Card
T000346,2024-03-01,P008,Webcam,Electronics,5,57.62,288.1,S002,C0253,Card
T000347,2025-01-09,P004,Printer Paper,Stationery,2,7.05,14.1,S003,C0265,UPI
T000348,2024-01-17,P017,Cotton T-Shirt,Apparel,5,19.22,96.1,S002,C0209,Card
T000349,2025-03-04,P016,LED Bulb Pack,Household,1,11.34,11.34,S002,C0117,Cash
T000350,2024-03-24,P006,USB-C Hub,Electronics,1,33.57,33.57,S001,C0124,UPI
T000351,2024-03-31,P018,Canvas Tote Bag,Apparel,2,14.12,28.24,S003,C0097,Bank Transfer
T000352,2023-12-09,P019,Baseball Cap,Apparel,2,15.92,31.84,S004,C0160,UPI
T000353,2023-09-01,P016,LED Bulb Pack,Household,1,11.3,11.3,S001,C0059,UPI
T000354,2024-09-16,P008,Webcam,Electronics,2,56.76,113.52,S002,C0235,UPI
T000355,2025-02-12,P003,Desk Organizer,Stationery,2,14.25,28.5,S003,C0065,Card
T000356,2023-03-04,P017,Cotton T-Shirt,Apparel,4,20.2,80.8,S003,C0266,Card
T000357,2024-09-19,P009,Coffee Beans,Food and Beverage,1,14.79,14.79,S002,C0085,UPI
T000358,2023-04-20,P013,Hand Soap,Household,2,4.92,9.84,S003,C0175,Card
T000359,2023-01-16,P009,Coffee Beans,Food and Beverage,5,15.36,76.8,S002,C0037,UPI
T000360,2024-02-18,P022,Plant Pot,Outdoor,1,11.48,11.48,S001,C0142,Card
T000361,2025-05-14,P010,Tea Assortment,Food and Beverage,3,12.63,37.89,S002,C0263,UPI
T000362,2024-08-06,P013,Hand Soap,Household,1,4.68,4.68,S001,C0222,UPI
T000363,2024-09-15,P002,Ballpoint Pen Pack,Stationery,2,4.98,9.96,S004,C0242,UPI
T000364,2024-08-08,P002,Ballpoint Pen Pack,Stationery,2,5.15,10.3,S002,C0120,Bank Transfer
T000365,2025-04-01,P009,Coffee Beans,Food and Beverage,5,16.0,80.0,S001,C0111,Cash
T000366,2023-04-22,P013,Hand Soap,Household,1,4.65,4.65,S002,C0199,Card
T000367,2025-11-28,P020,Running Socks,Apparel,3,9.72,29.16,S003,C0008,Card
T000368,2025-08-12,P001,Notebook,Stationery,2,8.81,17.62,S001,C0021,Card
T000369,2023-11-22,P015,Storage Basket,Household,1,15.83,15.83,S001,C0278,UPI
T000370,2025-03-18,P001,Notebook,Stationery,2,8.37,16.74,S003,C0109,UPI
T000371,2024-07-20,P012,Snack Box,Food and Beverage,1,23.44,23.44,S001,C0084,UPI
T000372,2024-08-15,P006,USB-C Hub,Electronics,4,35.09,140.36,S001,C0272,Cash
T000373,2023-11-29,P001,Notebook,Stationery,2,8.62,17.24,S003,C0173,Cash
T000374,2024-10-23,P012,Snack Box,Food and Beverage,3,23.59,70.77,S002,C0212,Cash
T000375,2024-09-04,P002,Ballpoint Pen Pack,Stationery,4,5.23,20.92,S004,C0201,Card
T000376,2023-06-03,P003,Desk Organizer,Stationery,3,13.74,41.22,S004,C0285,Cash
T000377,2023-01-26,P013,Hand Soap,Household,2,4.81,9.62,S004,C0142,Bank Transfer
T000378,2025-03-27,P003,Desk Organizer,Stationery,1,13.72,13.72,S003,C0035,Card
T000379,2025-01-29,P003,Desk Organizer,Stationery,1,13.86,13.86,S003,C0006,Cash
T000380,2025-10-01,P009,Coffee Beans,Food and Beverage,4,16.19,64.76,S001,C0083,UPI
T000381,2024-03-21,P003,Desk Organizer,Stationery,6,13.2,79.2,S003,C0127,Card
T000382,2025-11-12,P017,Cotton T-Shirt,Apparel,3,19.5,58.5,S003,C0282,UPI
T000383,2025-10-25,P010,Tea Assortment,Food and Beverage,5,12.96,64.8,S001,C0018,UPI
T000384,2025-01-08,P020,Running Socks,Apparel,2,10.53,21.06,S004,C0289,Card
T000385,2023-11-09,P009,Coffee Beans,Food and Beverage,1,14.64,14.64,S003,C0069,Card
T000386,2023-06-15,P018,Canvas Tote Bag,Apparel,3,12.98,38.94,S004,C0141,UPI
T000387,2025-09-06,P008,Webcam,Electronics,3,56.83,170.49,S004,C0254,UPI
T000388,2025-04-09,P016,LED Bulb Pack,Household,2,12.2,24.4,S003,C0039,Bank Transfer
T000389,2025-09-19,P013,Hand Soap,Household,1,4.8,4.8,S001,C0026,UPI
T000390,2024-08-10,P004,Printer Paper,Stationery,2,6.98,13.96,S001,C0033,Card
T000391,2023-12-23,P005,Wireless Mouse,Electronics,3,26.33,78.99,S004,C0122,UPI
T000392,2024-11-12,P021,Garden Gloves,Outdoor,3,9.33,27.99,S001,C0103,UPI
T000393,2024-03-25,P011,Reusable Water Bottle,Food and Beverage,5,17.47,87.35,S004,C0226,Card
T000394,2025-03-20,P020,Running Socks,Apparel,3,9.96,29.88,S003,C0145,Card
T000395,2024-06-27,P013,Hand Soap,Household,1,4.82,4.82,S001,C0266,Cash
T000396,2023-06-05,P023,Hand Trowel,Outdoor,5,10.91,54.55,S002,C0244,UPI
T000397,2023-06-05,P004,Printer Paper,Stationery,1,6.72,6.72,S002,C0181,Bank Transfer
T000398,2024-10-27,P020,Running Socks,Apparel,3,9.98,29.94,S001,C0009,Cash
T000399,2023-02-28,P014,Cleaning Spray,Household,6,6.89,41.34,S003,C0167,Cash
T000400,2023-07-13,P014,Cleaning Spray,Household,2,6.9,13.8,S002,C0118,Cash
T000401,2024-04-10,P009,Coffee Beans,Food and Beverage,1,14.99,14.99,S001,C0251,Card
T000402,2025-08-24,P024,Watering Can,Outdoor,1,21.49,21.49,S004,C0070,Bank Transfer
T000403,2025-11-07,P006,USB-C Hub,Electronics,1,33.55,33.55,S002,C0234,Bank Transfer
T000404,2025-03-16,P010,Tea Assortment,Food and Beverage,2,13.19,26.38,S001,C0014,Cash
T000405,2024-04-14,P019,Baseball Cap,Apparel,1,16.21,16.21,S001,C0211,Card
T000406,2025-01-01,P013,Hand Soap,Household,6,4.97,29.82,S001,C0004,Cash
T000407,2023-10-18,P023,Hand Trowel,Outdoor,2,10.52,21.04,S001,C0284,UPI
T000408,2024-09-13,P011,Reusable Water Bottle,Food and Beverage,3,17.13,51.39,S002,C0274,Cash
T000409,2023-05-02,P002,Ballpoint Pen Pack,Stationery,1,5.35,5.35,S002,C0126,Card
T000410,2023-08-22,P002,Ballpoint Pen Pack,Stationery,6,5.15,30.9,S003,C0047,Cash
T000411,2024-08-07,P001,Notebook,Stationery,2,8.02,16.04,S004,C0231,UPI
T000412,2025-10-20,P019,Baseball Cap,Apparel,4,15.28,61.12,S001,C0016,Cash
T000413,2024-08-28,P023,Hand Trowel,Outdoor,3,10.95,32.85,S001,C0039,UPI
T000414,2024-11-06,P024,Watering Can,Outdoor,1,19.88,19.88,S002,C0160,Cash
T000415,2024-09-27,P001,Notebook,Stationery,3,8.01,24.03,S001,C0142,Cash
T000416,2025-03-01,P005,Wireless Mouse,Electronics,3,25.45,76.35,S002,C0169,UPI
T000417,2025-01-02,P005,Wireless Mouse,Electronics,1,24.05,24.05,S002,C0269,UPI
T000418,2023-06-27,P013,Hand Soap,Household,2,4.69,9.38,S001,C0276,Card
T000419,2024-03-19,P013,Hand Soap,Household,1,4.48,4.48,S002,C0077,UPI
T000420,2023-02-02,P009,Coffee Beans,Food and Beverage,2,15.12,30.24,S003,C0295,Card
T000421,2023-07-09,P015,Storage Basket,Household,4,17.0,68.0,S003,C0040,UPI
T000422,2025-10-09,P024,Watering Can,Outdoor,3,21.57,64.71,S001,C0224,Cash
T000423,2024-01-18,P024,Watering Can,Outdoor,2,20.85,41.7,S002,C0227,Card
T000424,2024-10-06,P012,Snack Box,Food and Beverage,2,21.34,42.68,S003,C0218,Card
T000425,2023-10-05,P021,Garden Gloves,Outdoor,1,9.06,9.06,S004,C0284,Bank Transfer
T000426,2023-07-29,P006,USB-C Hub,Electronics,6,33.88,203.28,S002,C0056,Card
T000427,2024-07-07,P012,Snack Box,Food and Beverage,1,22.92,22.92,S001,C0156,Bank Transfer
T000428,2025-08-09,P018,Canvas Tote Bag,Apparel,5,13.24,66.2,S001,C0011,Card
T000429,2023-12-27,P018,Canvas Tote Bag,Apparel,4,13.11,52.44,S002,C0172,Cash
T000430,2023-06-22,P006,USB-C Hub,Electronics,4,33.4,133.6,S001,C0235,Cash
T000431,2024-02-12,P010,Tea Assortment,Food and Beverage,2,12.58,25.16,S002,C0102,Card
T000432,2025-01-19,P001,Notebook,Stationery,3,8.7,26.1,S001,C0253,Bank Transfer
T000433,2025-12-06,P009,Coffee Beans,Food and Beverage,3,15.53,46.59,S002,C0092,UPI
T000434,2024-10-05,P013,Hand Soap,Household,2,4.57,9.14,S002,C0228,UPI
T000435,2025-11-17,P010,Tea Assortment,Food and Beverage,4,13.3,53.2,S003,C0179,Card
T000436,2024-03-09,P001,Notebook,Stationery,1,8.94,8.94,S001,C0191,UPI
T000437,2025-02-23,P002,Ballpoint Pen Pack,Stationery,2,5.35,10.7,S001,C0223,Card
T000438,2025-02-11,P009,Coffee Beans,Food and Beverage,3,14.97,44.91,S001,C0025,UPI
T000439,2024-06-30,P017,Cotton T-Shirt,Apparel,2,20.78,41.56,S001,C0200,UPI
T000440,2024-12-24,P020,Running Socks,Apparel,1,10.4,10.4,S004,C0058,Card
T000441,2024-12-21,P003,Desk Organizer,Stationery,1,13.69,13.69,S001,C0105,UPI
T000442,2024-04-03,P012,Snack Box,Food and Beverage,5,23.55,117.75,S002,C0163,UPI
T000443,2025-06-14,P022,Plant Pot,Outdoor,4,11.69,46.76,S001,C0203,UPI
T000444,2025-02-06,P002,Ballpoint Pen Pack,Stationery,3,5.14,15.42,S001,C0277,UPI
T000445,2024-12-01,P007,Bluetooth Speaker,Electronics,2,48.6,97.2,S003,C0205,Card
T000446,2025-01-19,P018,Canvas Tote Bag,Apparel,1,12.77,12.77,S004,C0036,UPI
T000447,2025-08-06,P001,Notebook,Stationery,1,8.91,8.91,S004,C0224,Card
T000448,2023-06-24,P009,Coffee Beans,Food and Beverage,2,14.59,29.18,S002,C0070,UPI
T000449,2023-03-10,P020,Running Socks,Apparel,2,9.66,19.32,S004,C0237,Card
T000450,2023-06-02,P024,Watering Can,Outdoor,1,20.55,20.55,S003,C0006,Card
T000451,2025-06-27,P014,Cleaning Spray,Household,1,7.53,7.53,S003,C0065,UPI
T000452,2025-08-31,P020,Running Socks,Apparel,3,9.66,28.98,S003,C0166,UPI
T000453,2023-03-16,P010,Tea Assortment,Food and Beverage,2,12.74,25.48,S001,C0138,UPI
T000454,2023-01-31,P003,Desk Organizer,Stationery,1,14.73,14.73,S004,C0213,Cash
T000455,2023-03-15,P016,LED Bulb Pack,Household,3,12.04,36.12,S001,C0113,UPI
T000456,2024-05-02,P003,Desk Organizer,Stationery,3,13.71,41.13,S004,C0068,Card
T000457,2024-05-17,P013,Hand Soap,Household,2,4.9,9.8,S004,C0052,UPI
T000458,2023-03-21,P005,Wireless Mouse,Electronics,3,23.64,70.92,S003,C0099,Card
T000459,2025-08-20,P015,Storage Basket,Household,3,15.58,46.74,S004,C0187,Card
T000460,2025-12-03,P001,Notebook,Stationery,2,8.26,16.52,S001,C0225,Card
T000461,2023-01-08,P003,Desk Organizer,Stationery,2,14.36,28.72,S001,C0015,Card
T000462,2025-08-25,P018,Canvas Tote Bag,Apparel,2,12.99,25.98,S004,C0234,UPI
T000463,2024-07-25,P009,Coffee Beans,Food and Beverage,2,16.05,32.1,S001,C0114,Card
T000464,2025-01-02,P005,Wireless Mouse,Electronics,1,25.31,25.31,S004,C0054,Cash
T000465,2025-07-29,P001,Notebook,Stationery,1,8.61,8.61,S001,C0037,UPI
T000466,2023-03-23,P005,Wireless Mouse,Electronics,3,25.16,75.48,S004,C0075,Card
T000467,2024-02-28,P004,Printer Paper,Stationery,2,6.65,13.3,S004,C0177,UPI
T000468,2024-10-28,P003,Desk Organizer,Stationery,2,13.29,26.58,S002,C0212,Card
T000469,2025-04-14,P020,Running Socks,Apparel,2,10.32,20.64,S004,C0002,Card
T000470,2025-03-05,P024,Watering Can,Outdoor,2,20.67,41.34,S003,C0182,Card
T000471,2024-03-23,P015,Storage Basket,Household,1,16.87,16.87,S002,C0284,UPI
T000472,2025-12-17,P001,Notebook,Stationery,2,8.67,17.34,S001,C0211,Card
T000473,2025-08-02,P016,LED Bulb Pack,Household,2,12.41,24.82,S004,C0151,Card
T000474,2023-04-20,P016,LED Bulb Pack,Household,1,11.96,11.96,S004,C0278,Card
T000475,2023-07-08,P019,Baseball Cap,Apparel,4,16.07,64.28,S003,C0169,UPI
T000476,2023-07-06,P010,Tea Assortment,Food and Beverage,1,13.19,13.19,S003,C0090,Cash
T000477,2025-03-28,P020,Running Socks,Apparel,1,9.67,9.67,S003,C0067,Cash
T000478,2023-02-10,P017,Cotton T-Shirt,Apparel,2,19.96,39.92,S001,C0145,Card
T000479,2023-06-16,P002,Ballpoint Pen Pack,Stationery,1,5.08,5.08,S004,C0110,Cash
T000480,2024-06-22,P009,Coffee Beans,Food and Beverage,1,16.1,16.1,S002,C0245,UPI
T000481,2024-01-28,P019,Baseball Cap,Apparel,1,15.77,15.77,S001,C0064,Bank Transfer
T000482,2023-12-16,P004,Printer Paper,Stationery,2,6.77,13.54,S001,C0295,UPI
T000483,2024-12-10,P012,Snack Box,Food and Beverage,1,21.46,21.46,S003,C0294,UPI
T000484,2025-07-17,P006,USB-C Hub,Electronics,4,33.97,135.88,S002,C0075,Cash
T000485,2024-03-02,P001,Notebook,Stationery,2,8.5,17.0,S004,C0011,Card
T000486,2023-03-13,P006,USB-C Hub,Electronics,1,33.21,33.21,S003,C0104,UPI
T000487,2024-06-26,P001,Notebook,Stationery,1,8.68,8.68,S004,C0107,UPI
T000488,2025-10-24,P021,Garden Gloves,Outdoor,1,8.63,8.63,S001,C0178,UPI
T000489,2025-12-01,P021,Garden Gloves,Outdoor,4,8.62,34.48,S002,C0198,UPI
T000490,2023-03-14,P022,Plant Pot,Outdoor,3,12.2,36.6,S001,C0182,UPI
T000491,2023-01-07,P002,Ballpoint Pen Pack,Stationery,1,5.01,5.01,S003,C0028,UPI
T000492,2025-09-01,P008,Webcam,Electronics,2,62.36,124.72,S003,C0027,UPI
T000493,2024-01-26,P006,USB-C Hub,Electronics,2,34.22,68.44,S001,C0181,Card
T000494,2025-02-03,P001,Notebook,Stationery,1,8.27,8.27,S004,C0204,Card
T000495,2025-06-10,P023,Hand Trowel,Outdoor,2,10.91,21.82,S004,C0064,Cash
T000496,2024-07-02,P023,Hand Trowel,Outdoor,2,10.72,21.44,S003,C0266,UPI
T000497,2024-04-29,P010,Tea Assortment,Food and Beverage,1,12.54,12.54,S002,C0035,Cash
T000498,2023-08-30,P007,Bluetooth Speaker,Electronics,1,48.18,48.18,S003,C0130,Card
T000499,2025-11-01,P019,Baseball Cap,Apparel,2,16.28,32.56,S004,C0090,Card
T000500,2025-07-16,P014,Cleaning Spray,Household,4,6.96,27.84,S003,C0243,UPI
T000501,2023-01-30,P001,Notebook,Stationery,2,8.14,16.28,S001,C0056,Cash
T000502,2024-05-25,P022,Plant Pot,Outdoor,3,11.84,35.52,S001,C0017,Card
T000503,2024-07-14,P001,Notebook,Stationery,2,8.59,17.18,S002,C0147,Card
T000504,2023-09-19,P005,Wireless Mouse,Electronics,4,26.29,105.16,S003,C0011,UPI
T000505,2023-06-20,P013,Hand Soap,Household,3,4.79,14.37,S002,C0111,UPI
T000506,2023-01-11,P021,Garden Gloves,Outdoor,1,8.52,8.52,S001,C0042,UPI
T000507,2024-04-02,P023,Hand Trowel,Outdoor,5,10.91,54.55,S001,C0170,Card
T000508,2024-12-28,P020,Running Socks,Apparel,1,10.06,10.06,S002,C0073,Card
T000509,2025-02-01,P011,Reusable Water Bottle,Food and Beverage,4,17.55,70.2,S003,C0198,Card
T000510,2024-10-14,P005,Wireless Mouse,Electronics,1,26.06,26.06,S003,C0175,UPI
T000511,2025-06-18,P014,Cleaning Spray,Household,2,7.04,14.08,S001,C0003,Card
T000512,2025-06-10,P014,Cleaning Spray,Household,3,7.33,21.99,S003,C0205,Card
T000513,2025-03-17,P001,Notebook,Stationery,2,8.04,16.08,S004,C0201,Card
T000514,2025-10-29,P005,Wireless Mouse,Electronics,4,25.74,102.96,S003,C0188,UPI
T000515,2025-06-20,P003,Desk Organizer,Stationery,3,14.14,42.42,S001,C0042,UPI
T000516,2025-01-15,P020,Running Socks,Apparel,1,9.61,9.61,S003,C0292,UPI
T000517,2023-01-22,P024,Watering Can,Outdoor,5,20.35,101.75,S001,C0286,Bank Transfer
T000518,2023-05-05,P022,Plant Pot,Outdoor,3,11.84,35.52,S004,C0227,Card
T000519,2023-05-03,P009,Coffee Beans,Food and Beverage,1,15.22,15.22,S001,C0101,Cash
T000520,2023-10-03,P011,Reusable Water Bottle,Food and Beverage,2,17.41,34.82,S003,C0081,Card
T000521,2024-04-21,P010,Tea Assortment,Food and Beverage,1,12.23,12.23,S002,C0031,Card
T000522,2025-06-11,P012,Snack Box,Food and Beverage,4,21.39,85.56,S003,C0271,UPI
T000523,2025-10-17,P019,Baseball Cap,Apparel,4,16.58,66.32,S004,C0001,UPI
T000524,2023-12-10,P017,Cotton T-Shirt,Apparel,6,20.28,121.68,S004,C0223,Cash
T000525,2024-04-06,P015,Storage Basket,Household,3,15.94,47.82,S003,C0204,Card
T000526,2023-03-17,P003,Desk Organizer,Stationery,3,14.25,42.75,S003,C0030,UPI
T000527,2024-12-28,P001,Notebook,Stationery,5,8.07,40.35,S004,C0229,UPI
T000528,2023-12-07,P021,Garden Gloves,Outdoor,3,8.58,25.74,S003,C0171,Card
T000529,2024-10-15,P012,Snack Box,Food and Beverage,2,21.39,42.78,S002,C0014,UPI
T000530,2024-08-27,P020,Running Socks,Apparel,1,10.01,10.01,S001,C0082,Card
T000531,2023-03-16,P006,USB-C Hub,Electronics,1,33.65,33.65,S001,C0207,UPI
T000532,2024-05-30,P009,Coffee Beans,Food and Beverage,3,15.56,46.68,S002,C0039,Card
T000533,2024-07-19,P023,Hand Trowel,Outdoor,2,9.88,19.76,S001,C0116,UPI
T000534,2025-11-29,P015,Storage Basket,Household,5,16.78,83.9,S001,C0080,Card
T000535,2024-02-24,P013,Hand Soap,Household,4,4.84,19.36,S002,C0139,Card
T000536,2024-05-02,P024,Watering Can,Outdoor,2,21.94,43.88,S002,C0104,Card
T000537,2024-10-08,P017,Cotton T-Shirt,Apparel,1,20.94,20.94,S002,C0171,UPI
T000538,2025-07-13,P018,Canvas Tote Bag,Apparel,2,13.59,27.18,S001,C0092,Bank Transfer
T000539,2023-06-22,P018,Canvas Tote Bag,Apparel,1,14.13,14.13,S003,C0245,Cash
T000540,2025-12-30,P010,Tea Assortment,Food and Beverage,2,12.75,25.5,S001,C0201,Cash
T000541,2023-10-21,P009,Coffee Beans,Food and Beverage,2,16.32,32.64,S004,C0120,Card
T000542,2024-06-30,P002,Ballpoint Pen Pack,Stationery,4,5.06,20.24,S003,C0201,Cash
T000543,2025-10-30,P016,LED Bulb Pack,Household,2,11.83,23.66,S004,C0045,Card
T000544,2024-05-30,P016,LED Bulb Pack,Household,4,11.45,45.8,S004,C0247,Card
T000545,2025-06-13,P001,Notebook,Stationery,5,8.43,42.15,S004,C0020,Card
T000546,2023-08-06,P005,Wireless Mouse,Electronics,1,24.66,24.66,S003,C0223,UPI
T000547,2023-03-26,P021,Garden Gloves,Outdoor,3,9.29,27.87,S003,C0159,Card
T000548,2023-07-10,P001,Notebook,Stationery,2,8.55,17.1,S002,C0034,Bank Transfer
T000549,2023-06-18,P004,Printer Paper,Stationery,3,7.09,21.27,S001,C0021,Card
T000550,2025-08-22,P007,Bluetooth Speaker,Electronics,2,47.84,95.68,S003,C0155,UPI
T000551,2024-02-24,P010,Tea Assortment,Food and Beverage,2,13.45,26.9,S003,C0019,Card
T000552,2025-03-07,P023,Hand Trowel,Outdoor,1,10.98,10.98,S001,C0249,Cash
T000553,2023-04-16,P002,Ballpoint Pen Pack,Stationery,3,5.21,15.63,S003,C0110,Cash
T000554,2025-01-07,P008,Webcam,Electronics,3,59.62,178.86,S001,C0132,Cash
T000555,2025-06-12,P003,Desk Organizer,Stationery,1,13.61,13.61,S002,C0169,UPI
T000556,2025-02-08,P013,Hand Soap,Household,6,4.78,28.68,S001,C0136,Card
T000557,2023-04-15,P009,Coffee Beans,Food and Beverage,3,15.1,45.3,S001,C0051,Card
T000558,2024-06-08,P020,Running Socks,Apparel,2,9.73,19.46,S001,C0261,UPI
T000559,2025-02-09,P009,Coffee Beans,Food and Beverage,2,14.75,29.5,S001,C0298,Card
T000560,2023-10-05,P024,Watering Can,Outdoor,1,21.6,21.6,S002,C0152,UPI
T000561,2023-03-11,P011,Reusable Water Bottle,Food and Beverage,2,17.15,34.3,S004,C0015,Cash
T000562,2024-10-31,P012,Snack Box,Food and Beverage,1,23.57,23.57,S001,C0134,UPI
T000563,2024-11-03,P019,Baseball Cap,Apparel,1,15.68,15.68,S001,C0299,Card
T000564,2023-10-25,P005,Wireless Mouse,Electronics,2,25.2,50.4,S004,C0104,Card
T000565,2023-10-27,P009,Coffee Beans,Food and Beverage,3,15.45,46.35,S001,C0106,Card
T000566,2025-06-06,P009,Coffee Beans,Food and Beverage,2,14.73,29.46,S002,C0218,Card
T000567,2024-11-12,P008,Webcam,Electronics,3,62.18,186.54,S001,C0124,Card
T000568,2023-04-20,P015,Storage Basket,Household,2,17.05,34.1,S004,C0082,Cash
T000569,2024-12-08,P016,LED Bulb Pack,Household,2,11.33,22.66,S003,C0188,Cash
T000570,2024-09-27,P023,Hand Trowel,Outdoor,1,10.95,10.95,S001,C0236,Card
T000571,2023-11-06,P009,Coffee Beans,Food and Beverage,2,15.1,30.2,S004,C0107,Card
T000572,2024-09-21,P016,LED Bulb Pack,Household,2,12.63,25.26,S002,C0020,UPI
T000573,2023-06-17,P002,Ballpoint Pen Pack,Stationery,1,5.17,5.17,S002,C0212,Cash
T000574,2023-01-12,P016,LED Bulb Pack,Household,2,12.28,24.56,S001,C0063,UPI
T000575,2025-10-02,P014,Cleaning Spray,Household,6,7.43,44.58,S001,C0077,UPI
T000576,2023-09-08,P011,Reusable Water Bottle,Food and Beverage,6,17.52,105.12,S002,C0015,Card
T000577,2025-02-26,P016,LED Bulb Pack,Household,1,12.11,12.11,S002,C0150,UPI
T000578,2025-02-11,P005,Wireless Mouse,Electronics,1,24.23,24.23,S004,C0149,Bank Transfer
T000579,2024-05-04,P006,USB-C Hub,Electronics,4,35.08,140.32,S002,C0113,Card
T000580,2023-04-29,P001,Notebook,Stationery,4,8.19,32.76,S003,C0224,Bank Transfer
T000581,2024-12-16,P006,USB-C Hub,Electronics,2,36.3,72.6,S003,C0086,UPI
T000582,2024-12-04,P006,USB-C Hub,Electronics,3,35.67,107.01,S004,C0162,Card
T000583,2025-09-07,P019,Baseball Cap,Apparel,1,16.09,16.09,S002,C0263,Card
T000584,2023-01-13,P002,Ballpoint Pen Pack,Stationery,1,5.17,5.17,S001,C0294,UPI
T000585,2024-01-27,P019,Baseball Cap,Apparel,3,16.36,49.08,S004,C0228,Card
T000586,2025-11-15,P004,Printer Paper,Stationery,2,6.98,13.96,S001,C0238,UPI
T000587,2024-11-15,P022,Plant Pot,Outdoor,6,12.0,72.0,S002,C0055,Card
T000588,2024-08-09,P015,Storage Basket,Household,2,16.5,33.0,S001,C0234,Card
T000589,2023-06-21,P023,Hand Trowel,Outdoor,3,10.4,31.2,S002,C0265,UPI
T000590,2024-10-20,P013,Hand Soap,Household,2,4.48,8.96,S002,C0118,Card
T000591,2024-11-07,P009,Coffee Beans,Food and Beverage,5,15.4,77.0,S003,C0054,Card
T000592,2023-04-21,P008,Webcam,Electronics,5,59.72,298.6,S004,C0205,Cash
T000593,2025-11-02,P005,Wireless Mouse,Electronics,4,26.38,105.52,S003,C0242,Card
T000594,2024-10-12,P002,Ballpoint Pen Pack,Stationery,2,5.32,10.64,S004,C0139,Cash
T000595,2023-07-01,P003,Desk Organizer,Stationery,5,14.05,70.25,S003,C0078,Card
T000596,2025-09-03,P007,Bluetooth Speaker,Electronics,5,48.07,240.35,S003,C0226,Card
T000597,2023-11-25,P004,Printer Paper,Stationery,3,7.0,21.0,S002,C0058,UPI
T000598,2025-07-03,P011,Reusable Water Bottle,Food and Beverage,3,17.15,51.45,S002,C0046,Card
T000599,2023-06-19,P019,Baseball Cap,Apparel,2,16.5,33.0,S001,C0203,Card
T000600,2023-03-27,P014,Cleaning Spray,Household,1,7.41,7.41,S002,C0256,Cash
T000601,2023-10-29,P018,Canvas Tote Bag,Apparel,4,13.78,55.12,S002,C0218,Card
T000602,2024-10-27,P021,Garden Gloves,Outdoor,2,9.0,18.0,S003,C0229,UPI
T000603,2024-10-12,P021,Garden Gloves,Outdoor,3,9.41,28.23,S003,C0185,UPI
T000604,2024-09-05,P022,Plant Pot,Outdoor,1,12.57,12.57,S002,C0198,Cash
T000605,2023-09-19,P001,Notebook,Stationery,3,8.56,25.68,S004,C0037,Card
T000606,2023-04-25,P011,Reusable Water Bottle,Food and Beverage,1,17.25,17.25,S003,C0046,Cash
T000607,2025-04-02,P002,Ballpoint Pen Pack,Stationery,1,5.02,5.02,S004,C0087,UPI
T000608,2024-10-18,P010,Tea Assortment,Food and Beverage,3,12.99,38.97,S003,C0012,Card
T000609,2025-01-08,P013,Hand Soap,Household,4,4.72,18.88,S003,C0282,Card
T000610,2025-02-17,P005,Wireless Mouse,Electronics,4,25.19,100.76,S002,C0117,UPI
T000611,2025-08-01,P004,Printer Paper,Stationery,1,7.15,7.15,S004,C0227,UPI
T000612,2023-07-15,P007,Bluetooth Speaker,Electronics,2,51.33,102.66,S003,C0093,UPI
T000613,2024-01-11,P017,Cotton T-Shirt,Apparel,2,19.55,39.1,S001,C0018,Bank Transfer
T000614,2024-02-11,P008,Webcam,Electronics,4,61.05,244.2,S003,C0141,UPI
T000615,2024-07-26,P005,Wireless Mouse,Electronics,2,23.92,47.84,S003,C0136,Card
T000616,2023-01-02,P014,Cleaning Spray,Household,2,7.39,14.78,S002,C0254,UPI
T000617,2023-05-12,P002,Ballpoint Pen Pack,Stationery,2,5.27,10.54,S001,C0276,Card
T000618,2023-03-11,P011,Reusable Water Bottle,Food and Beverage,1,18.38,18.38,S004,C0286,UPI
T000619,2023-05-24,P001,Notebook,Stationery,2,8.22,16.44,S002,C0214,Card
T000620,2023-10-27,P002,Ballpoint Pen Pack,Stationery,1,5.28,5.28,S002,C0092,UPI
T000621,2023-04-20,P022,Plant Pot,Outdoor,2,11.7,23.4,S004,C0213,UPI
T000622,2023-07-19,P001,Notebook,Stationery,1,8.8,8.8,S003,C0170,Card
T000623,2024-11-18,P014,Cleaning Spray,Household,2,7.51,15.02,S002,C0007,Card
T000624,2025-09-04,P002,Ballpoint Pen Pack,Stationery,3,5.33,15.99,S004,C0157,UPI
T000625,2024-06-22,P010,Tea Assortment,Food and Beverage,2,12.38,24.76,S002,C0018,Card
T000626,2024-07-30,P006,USB-C Hub,Electronics,3,35.34,106.02,S003,C0273,Cash
T000627,2025-11-22,P001,Notebook,Stationery,4,8.85,35.4,S001,C0157,UPI
T000628,2025-07-11,P010,Tea Assortment,Food and Beverage,2,13.12,26.24,S002,C0088,UPI
T000629,2025-05-17,P015,Storage Basket,Household,2,16.0,32.0,S001,C0182,Bank Transfer
T000630,2025-09-05,P009,Coffee Beans,Food and Beverage,1,15.43,15.43,S003,C0210,Card
T000631,2023-10-19,P021,Garden Gloves,Outdoor,1,9.51,9.51,S001,C0217,Cash
T000632,2024-07-18,P008,Webcam,Electronics,1,57.41,57.41,S001,C0036,Cash
T000633,2025-01-02,P001,Notebook,Stationery,4,8.26,33.04,S001,C0034,Bank Transfer
T000634,2024-12-14,P022,Plant Pot,Outdoor,2,11.9,23.8,S001,C0095,Cash
T000635,2024-04-10,P020,Running Socks,Apparel,4,10.44,41.76,S004,C0031,Card
T000636,2023-10-05,P015,Storage Basket,Household,1,16.84,16.84,S002,C0244,UPI
T000637,2025-10-19,P005,Wireless Mouse,Electronics,2,23.75,47.5,S003,C0251,Card
T000638,2025-08-07,P024,Watering Can,Outdoor,2,19.88,39.76,S001,C0267,Card
T000639,2024-03-27,P009,Coffee Beans,Food and Beverage,1,15.24,15.24,S001,C0291,Bank Transfer
T000640,2025-06-26,P013,Hand Soap,Household,4,4.76,19.04,S003,C0022,Card
T000641,2025-12-13,P004,Printer Paper,Stationery,2,6.37,12.74,S001,C0106,Cash
T000642,2023-05-10,P013,Hand Soap,Household,2,4.65,9.3,S001,C0073,Cash
T000643,2024-09-01,P017,Cotton T-Shirt,Apparel,1,20.17,20.17,S001,C0186,Card
T000644,2023-02-14,P015,Storage Basket,Household,3,17.27,51.81,S001,C0201,Card
T000645,2024-12-21,P005,Wireless Mouse,Electronics,2,26.48,52.96,S003,C0237,UPI
T000646,2024-04-15,P003,Desk Organizer,Stationery,1,13.57,13.57,S002,C0153,Cash
T000647,2024-02-03,P017,Cotton T-Shirt,Apparel,2,21.06,42.12,S003,C0265,Card
T000648,2023-05-03,P021,Garden Gloves,Outdoor,1,9.06,9.06,S001,C0036,Bank Transfer
T000649,2023-12-28,P016,LED Bulb Pack,Household,2,12.39,24.78,S003,C0073,Card
T000650,2024-02-16,P014,Cleaning Spray,Household,3,7.1,21.3,S001,C0292,UPI
T000651,2025-05-10,P010,Tea Assortment,Food and Beverage,3,13.12,39.36,S001,C0227,Card
T000652,2024-05-29,P009,Coffee Beans,Food and Beverage,2,15.4,30.8,S003,C0094,UPI
T000653,2023-12-09,P012,Snack Box,Food and Beverage,2,23.83,47.66,S003,C0149,Card
T000654,2025-08-30,P005,Wireless Mouse,Electronics,2,24.75,49.5,S001,C0033,Card
T000655,2024-10-26,P020,Running Socks,Apparel,4,10.02,40.08,S003,C0256,UPI
T000656,2023-03-02,P015,Storage Basket,Household,1,15.79,15.79,S003,C0282,UPI
T000657,2024-04-26,P010,Tea Assortment,Food and Beverage,5,12.41,62.05,S002,C0121,Card
T000658,2024-10-24,P003,Desk Organizer,Stationery,1,13.19,13.19,S004,C0278,Cash
T000659,2025-07-03,P004,Printer Paper,Stationery,1,6.44,6.44,S001,C0052,UPI
T000660,2023-08-18,P001,Notebook,Stationery,4,8.92,35.68,S001,C0007,Cash
T000661,2024-05-11,P001,Notebook,Stationery,1,8.0,8.0,S003,C0036,Bank Transfer
T000662,2024-08-14,P024,Watering Can,Outdoor,3,20.44,61.32,S002,C0204,UPI
T000663,2024-04-28,P018,Canvas Tote Bag,Apparel,2,12.74,25.48,S003,C0265,Card
T000664,2023-01-29,P023,Hand Trowel,Outdoor,3,10.86,32.58,S001,C0127,Bank Transfer
T000665,2024-07-18,P017,Cotton T-Shirt,Apparel,2,19.08,38.16,S004,C0211,Bank Transfer
T000666,2024-05-21,P004,Printer Paper,Stationery,1,6.96,6.96,S004,C0299,Card
T000667,2024-06-15,P001,Notebook,Stationery,1,8.65,8.65,S004,C0195,Bank Transfer
T000668,2024-08-09,P024,Watering Can,Outdoor,2,21.95,43.9,S002,C0002,UPI
T000669,2025-03-13,P009,Coffee Beans,Food and Beverage,6,14.91,89.46,S001,C0210,UPI
T000670,2025-01-18,P019,Baseball Cap,Apparel,1,15.06,15.06,S002,C0145,Cash
T000671,2024-10-25,P020,Running Socks,Apparel,1,10.08,10.08,S003,C0083,Card
T000672,2024-07-21,P005,Wireless Mouse,Electronics,1,23.93,23.93,S001,C0238,Card
T000673,2023-06-20,P001,Notebook,Stationery,3,8.77,26.31,S004,C0291,UPI
T000674,2023-03-18,P022,Plant Pot,Outdoor,4,12.64,50.56,S002,C0072,UPI
T000675,2023-09-26,P018,Canvas Tote Bag,Apparel,1,13.63,13.63,S001,C0147,Cash
T000676,2023-07-08,P021,Garden Gloves,Outdoor,1,8.97,8.97,S003,C0227,Card
T000677,2024-05-14,P013,Hand Soap,Household,1,4.66,4.66,S003,C0282,Bank Transfer
T000678,2025-09-14,P020,Running Socks,Apparel,1,10.41,10.41,S004,C0135,Cash
T000679,2023-02-20,P004,Printer Paper,Stationery,1,6.73,6.73,S002,C0232,Card
T000680,2025-03-22,P006,USB-C Hub,Electronics,1,32.67,32.67,S004,C0173,Cash
T000681,2024-11-25,P007,Bluetooth Speaker,Electronics,2,47.15,94.3,S001,C0130,Card
T000682,2025-10-01,P017,Cotton T-Shirt,Apparel,1,20.9,20.9,S003,C0063,UPI
T000683,2023-05-13,P004,Printer Paper,Stationery,1,6.72,6.72,S001,C0105,Cash
T000684,2024-05-28,P023,Hand Trowel,Outdoor,1,10.66,10.66,S002,C0050,UPI
T000685,2024-01-04,P003,Desk Organizer,Stationery,3,14.13,42.39,S001,C0095,UPI
T000686,2025-10-29,P017,Cotton T-Shirt,Apparel,3,19.55,58.65,S001,C0010,Card
T000687,2024-08-12,P002,Ballpoint Pen Pack,Stationery,4,5.11,20.44,S001,C0007,Card
T000688,2025-06-30,P019,Baseball Cap,Apparel,1,16.94,16.94,S004,C0022,Card
T000689,2024-12-29,P023,Hand Trowel,Outdoor,2,10.73,21.46,S002,C0043,Card
T000690,2023-09-23,P005,Wireless Mouse,Electronics,3,24.17,72.51,S004,C0124,Card
T000691,2024-05-22,P018,Canvas Tote Bag,Apparel,2,13.2,26.4,S003,C0004,Cash
T000692,2024-12-01,P003,Desk Organizer,Stationery,4,13.52,54.08,S002,C0001,UPI
T000693,2024-11-22,P010,Tea Assortment,Food and Beverage,3,12.38,37.14,S001,C0025,UPI
T000694,2025-04-12,P021,Garden Gloves,Outdoor,2,8.46,16.92,S003,C0213,UPI
T000695,2023-02-02,P021,Garden Gloves,Outdoor,1,8.9,8.9,S004,C0056,Card
T000696,2024-05-28,P017,Cotton T-Shirt,Apparel,3,19.1,57.3,S003,C0209,Cash
T000697,2023-06-13,P004,Printer Paper,Stationery,1,6.54,6.54,S002,C0186,Card
T000698,2025-06-15,P009,Coffee Beans,Food and Beverage,4,15.41,61.64,S002,C0198,UPI
T000699,2025-02-08,P019,Baseball Cap,Apparel,1,15.82,15.82,S003,C0117,UPI
T000700,2025-09-17,P022,Plant Pot,Outdoor,2,11.44,22.88,S003,C0107,Cash
T000701,2025-07-14,P013,Hand Soap,Household,1,4.72,4.72,S001,C0134,UPI
T000702,2024-04-20,P014,Cleaning Spray,Household,1,7.2,7.2,S001,C0211,UPI
T000703,2023-07-29,P004,Printer Paper,Stationery,1,6.63,6.63,S003,C0131,Cash
T000704,2023-03-06,P011,Reusable Water Bottle,Food and Beverage,6,17.28,103.68,S003,C0059,Cash
T000705,2023-06-25,P003,Desk Organizer,Stationery,2,14.56,29.12,S001,C0150,Card
T000706,2024-12-28,P006,USB-C Hub,Electronics,1,36.06,36.06,S004,C0178,Card
T000707,2025-08-08,P016,LED Bulb Pack,Household,1,11.28,11.28,S001,C0163,Card
T000708,2025-01-19,P006,USB-C Hub,Electronics,1,35.95,35.95,S004,C0161,UPI
T000709,2024-10-01,P020,Running Socks,Apparel,1,10.58,10.58,S003,C0169,UPI
T000710,2023-08-18,P004,Printer Paper,Stationery,2,6.66,13.32,S002,C0101,UPI
T000711,2023-02-22,P013,Hand Soap,Household,1,4.78,4.78,S002,C0191,Card
T000712,2024-09-02,P002,Ballpoint Pen Pack,Stationery,2,5.48,10.96,S001,C0170,Cash
T000713,2024-05-25,P017,Cotton T-Shirt,Apparel,1,19.8,19.8,S002,C0068,Card
T000714,2024-01-19,P004,Printer Paper,Stationery,2,6.51,13.02,S003,C0125,Cash
T000715,2024-08-24,P005,Wireless Mouse,Electronics,2,24.52,49.04,S004,C0218,Cash
T000716,2024-03-18,P003,Desk Organizer,Stationery,1,14.64,14.64,S004,C0218,Card
T000717,2024-08-18,P010,Tea Assortment,Food and Beverage,4,12.6,50.4,S001,C0200,Bank Transfer
T000718,2024-02-09,P017,Cotton T-Shirt,Apparel,1,20.45,20.45,S004,C0159,Cash
T000719,2024-03-30,P020,Running Socks,Apparel,2,10.33,20.66,S004,C0254,Bank Transfer
T000720,2025-09-15,P006,USB-C Hub,Electronics,5,35.7,178.5,S002,C0202,Cash
T000721,2024-03-29,P012,Snack Box,Food and Beverage,2,23.35,46.7,S001,C0299,Card
T000722,2023-03-21,P014,Cleaning Spray,Household,6,7.23,43.38,S004,C0252,Cash
T000723,2023-08-07,P010,Tea Assortment,Food and Beverage,1,13.0,13.0,S001,C0280,Card
T000724,2025-04-25,P006,USB-C Hub,Electronics,1,32.75,32.75,S003,C0114,Card
T000725,2023-01-12,P009,Coffee Beans,Food and Beverage,1,16.39,16.39,S001,C0264,Card
T000726,2023-11-09,P019,Baseball Cap,Apparel,1,16.03,16.03,S003,C0023,UPI
T000727,2024-08-29,P008,Webcam,Electronics,1,59.43,59.43,S003,C0292,Cash
T000728,2025-02-18,P001,Notebook,Stationery,1,8.08,8.08,S001,C0134,UPI
T000729,2025-07-20,P009,Coffee Beans,Food and Beverage,2,15.05,30.1,S003,C0007,Card
T000730,2025-05-25,P002,Ballpoint Pen Pack,Stationery,3,5.01,15.03,S004,C0203,Cash
T000731,2025-06-01,P019,Baseball Cap,Apparel,1,15.52,15.52,S004,C0295,Card
T000732,2025-01-30,P017,Cotton T-Shirt,Apparel,1,20.16,20.16,S004,C0136,Card
T000733,2023-04-06,P013,Hand Soap,Household,2,4.83,9.66,S003,C0290,UPI
T000734,2023-03-30,P019,Baseball Cap,Apparel,2,15.82,31.64,S002,C0007,Bank Transfer
T000735,2025-08-22,P024,Watering Can,Outdoor,5,21.18,105.9,S004,C0023,Card
T000736,2023-10-16,P016,LED Bulb Pack,Household,1,11.5,11.5,S004,C0024,Card
T000737,2023-02-22,P020,Running Socks,Apparel,2,10.58,21.16,S001,C0297,Card
T000738,2025-01-21,P017,Cotton T-Shirt,Apparel,1,19.18,19.18,S001,C0171,UPI
T000739,2024-02-08,P002,Ballpoint Pen Pack,Stationery,1,5.4,5.4,S001,C0144,Card
T000740,2023-12-06,P001,Notebook,Stationery,1,8.48,8.48,S001,C0206,Cash
T000741,2023-08-31,P014,Cleaning Spray,Household,1,7.47,7.47,S001,C0269,Cash
T000742,2023-12-19,P015,Storage Basket,Household,5,17.42,87.1,S004,C0257,Bank Transfer
T000743,2023-03-21,P022,Plant Pot,Outdoor,3,12.11,36.33,S004,C0223,UPI
T000744,2025-04-18,P019,Baseball Cap,Apparel,1,16.47,16.47,S002,C0025,Card
T000745,2023-01-30,P020,Running Socks,Apparel,1,9.79,9.79,S004,C0129,UPI
T000746,2025-02-20,P009,Coffee Beans,Food and Beverage,3,16.15,48.45,S002,C0297,Card
T000747,2023-01-25,P022,Plant Pot,Outdoor,3,12.6,37.8,S003,C0006,UPI
T000748,2024-12-12,P007,Bluetooth Speaker,Electronics,4,52.85,211.4,S004,C0091,UPI
T000749,2024-03-21,P018,Canvas Tote Bag,Apparel,3,13.2,39.6,S003,C0264,Card
T000750,2023-11-21,P024,Watering Can,Outdoor,2,21.75,43.5,S004,C0130,Cash
T000751,2023-04-14,P004,Printer Paper,Stationery,2,7.12,14.24,S001,C0117,Card
T000752,2023-12-25,P013,Hand Soap,Household,1,4.91,4.91,S001,C0072,Cash
T000753,2023-04-14,P019,Baseball Cap,Apparel,4,15.15,60.6,S003,C0068,UPI
T000754,2024-11-05,P022,Plant Pot,Outdoor,1,12.05,12.05,S001,C0257,Cash
T000755,2024-02-14,P016,LED Bulb Pack,Household,3,11.65,34.95,S003,C0160,UPI
T000756,2023-07-28,P010,Tea Assortment,Food and Beverage,1,13.31,13.31,S002,C0204,Card
T000757,2023-11-13,P006,USB-C Hub,Electronics,3,32.45,97.35,S002,C0255,Cash
T000758,2025-09-29,P020,Running Socks,Apparel,5,9.88,49.4,S002,C0030,Card
T000759,2025-12-28,P021,Garden Gloves,Outdoor,2,8.85,17.7,S003,C0271,UPI
T000760,2023-12-29,P017,Cotton T-Shirt,Apparel,2,20.83,41.66,S004,C0217,Card
T000761,2023-11-25,P021,Garden Gloves,Outdoor,1,8.86,8.86,S002,C0080,UPI
T000762,2023-09-13,P011,Reusable Water Bottle,Food and Beverage,3,17.04,51.12,S004,C0255,Cash
T000763,2025-10-20,P022,Plant Pot,Outdoor,1,12.27,12.27,S001,C0129,Cash
T000764,2024-08-29,P016,LED Bulb Pack,Household,1,12.28,12.28,S001,C0299,Card
T000765,2024-12-19,P011,Reusable Water Bottle,Food and Beverage,4,17.54,70.16,S003,C0110,Card
T000766,2025-10-17,P018,Canvas Tote Bag,Apparel,2,13.63,27.26,S003,C0159,UPI
T000767,2025-04-14,P010,Tea Assortment,Food and Beverage,2,12.26,24.52,S002,C0178,UPI
T000768,2024-01-28,P007,Bluetooth Speaker,Electronics,4,52.7,210.8,S003,C0202,Cash
T000769,2024-04-07,P011,Reusable Water Bottle,Food and Beverage,4,18.56,74.24,S002,C0232,Card
T000770,2025-10-15,P016,LED Bulb Pack,Household,1,12.58,12.58,S002,C0266,UPI
T000771,2025-11-26,P016,LED Bulb Pack,Household,2,12.31,24.62,S004,C0150,Bank Transfer
T000772,2025-07-24,P014,Cleaning Spray,Household,2,7.07,14.14,S003,C0028,Card
T000773,2025-10-20,P007,Bluetooth Speaker,Electronics,4,47.16,188.64,S004,C0282,Card
T000774,2025-06-23,P017,Cotton T-Shirt,Apparel,2,20.24,40.48,S003,C0201,UPI
T000775,2024-09-10,P014,Cleaning Spray,Household,1,7.09,7.09,S004,C0214,UPI
T000776,2025-02-16,P022,Plant Pot,Outdoor,2,12.39,24.78,S004,C0286,UPI
T000777,2024-05-15,P010,Tea Assortment,Food and Beverage,3,12.87,38.61,S001,C0079,UPI
T000778,2024-06-15,P006,USB-C Hub,Electronics,2,33.56,67.12,S002,C0258,Card
T000779,2023-11-20,P023,Hand Trowel,Outdoor,4,10.37,41.48,S002,C0187,Cash
T000780,2024-04-11,P023,Hand Trowel,Outdoor,2,10.4,20.8,S001,C0214,UPI
T000781,2025-09-07,P023,Hand Trowel,Outdoor,4,9.94,39.76,S004,C0010,UPI
T000782,2024-09-03,P010,Tea Assortment,Food and Beverage,3,13.26,39.78,S003,C0290,Card
T000783,2023-08-15,P018,Canvas Tote Bag,Apparel,4,12.84,51.36,S001,C0068,UPI
T000784,2024-01-08,P009,Coffee Beans,Food and Beverage,1,14.85,14.85,S004,C0200,UPI
T000785,2023-05-30,P010,Tea Assortment,Food and Beverage,5,13.26,66.3,S004,C0231,Card
T000786,2024-04-10,P001,Notebook,Stationery,4,8.03,32.12,S004,C0123,UPI
T000787,2024-02-02,P009,Coffee Beans,Food and Beverage,1,15.96,15.96,S003,C0267,UPI
T000788,2023-07-28,P004,Printer Paper,Stationery,1,6.67,6.67,S003,C0048,Card
T000789,2023-05-03,P001,Notebook,Stationery,1,9.0,9.0,S001,C0045,UPI
T000790,2024-02-04,P001,Notebook,Stationery,3,8.89,26.67,S001,C0041,UPI
T000791,2024-02-21,P009,Coffee Beans,Food and Beverage,2,15.65,31.3,S003,C0245,Card
T000792,2023-09-19,P021,Garden Gloves,Outdoor,5,8.59,42.95,S001,C0179,UPI
T000793,2024-07-06,P020,Running Socks,Apparel,5,9.83,49.15,S001,C0035,Bank Transfer
T000794,2024-08-02,P020,Running Socks,Apparel,3,9.96,29.88,S002,C0070,Card
T000795,2024-05-18,P008,Webcam,Electronics,1,59.65,59.65,S001,C0255,Card
T000796,2023-04-26,P017,Cotton T-Shirt,Apparel,1,19.72,19.72,S001,C0115,UPI
T000797,2023-07-14,P008,Webcam,Electronics,4,56.13,224.52,S001,C0078,Card
T000798,2025-04-21,P006,USB-C Hub,Electronics,2,33.37,66.74,S001,C0135,UPI
T000799,2024-01-19,P003,Desk Organizer,Stationery,2,13.18,26.36,S002,C0282,UPI
T000800,2024-11-17,P004,Printer Paper,Stationery,4,6.96,27.84,S002,C0109,UPI
T000801,2024-05-29,P007,Bluetooth Speaker,Electronics,2,50.87,101.74,S003,C0129,Card
T000802,2025-06-08,P004,Printer Paper,Stationery,3,6.83,20.49,S001,C0125,Cash
T000803,2024-06-24,P006,USB-C Hub,Electronics,2,33.44,66.88,S001,C0177,Bank Transfer
T000804,2025-12-27,P014,Cleaning Spray,Household,1,6.84,6.84,S001,C0093,Cash
T000805,2024-10-05,P016,LED Bulb Pack,Household,1,12.17,12.17,S002,C0228,Card
T000806,2024-08-06,P022,Plant Pot,Outdoor,5,11.39,56.95,S004,C0267,Cash
T000807,2024-03-19,P002,Ballpoint Pen Pack,Stationery,2,5.33,10.66,S002,C0092,Cash
T000808,2023-10-29,P005,Wireless Mouse,Electronics,3,23.91,71.73,S001,C0255,Card
T000809,2023-09-10,P005,Wireless Mouse,Electronics,3,25.76,77.28,S004,C0221,Card
T000810,2025-07-21,P002,Ballpoint Pen Pack,Stationery,2,5.03,10.06,S004,C0273,Bank Transfer
T000811,2025-08-25,P017,Cotton T-Shirt,Apparel,2,20.74,41.48,S002,C0032,Card
T000812,2025-08-22,P022,Plant Pot,Outdoor,2,12.26,24.52,S002,C0037,UPI
T000813,2025-02-18,P009,Coffee Beans,Food and Beverage,3,15.49,46.47,S003,C0294,Bank Transfer
T000814,2025-04-03,P016,LED Bulb Pack,Household,1,12.3,12.3,S001,C0268,Cash
T000815,2023-09-27,P008,Webcam,Electronics,1,60.74,60.74,S004,C0088,Card
T000816,2023-08-03,P016,LED Bulb Pack,Household,2,11.37,22.74,S002,C0233,Bank Transfer
T000817,2024-04-06,P021,Garden Gloves,Outdoor,5,9.1,45.5,S002,C0034,UPI
T000818,2025-10-01,P018,Canvas Tote Bag,Apparel,3,14.19,42.57,S004,C0164,UPI
T000819,2023-12-04,P021,Garden Gloves,Outdoor,1,8.69,8.69,S001,C0029,UPI
T000820,2024-12-16,P009,Coffee Beans,Food and Beverage,5,15.06,75.3,S002,C0070,Card
T000821,2023-01-15,P020,Running Socks,Apparel,3,9.95,29.85,S001,C0199,Card
T000822,2023-08-19,P014,Cleaning Spray,Household,4,7.58,30.32,S003,C0246,UPI
T000823,2025-09-07,P014,Cleaning Spray,Household,2,7.11,14.22,S004,C0121,Cash
T000824,2025-10-24,P006,USB-C Hub,Electronics,3,34.29,102.87,S002,C0026,Cash
T000825,2024-11-13,P009,Coffee Beans,Food and Beverage,1,14.79,14.79,S002,C0062,UPI
T000826,2024-09-03,P013,Hand Soap,Household,1,4.97,4.97,S002,C0001,UPI
T000827,2023-05-29,P004,Printer Paper,Stationery,3,6.75,20.25,S004,C0069,Cash
T000828,2023-08-11,P017,Cotton T-Shirt,Apparel,1,20.29,20.29,S001,C0170,Card
T000829,2023-07-15,P015,Storage Basket,Household,1,15.8,15.8,S003,C0003,Cash
T000830,2025-08-29,P007,Bluetooth Speaker,Electronics,2,50.3,100.6,S001,C0090,Bank Transfer
T000831,2025-10-15,P006,USB-C Hub,Electronics,1,32.51,32.51,S004,C0292,Cash
T000832,2023-04-23,P014,Cleaning Spray,Household,1,7.56,7.56,S002,C0141,Cash
T000833,2023-07-12,P015,Storage Basket,Household,3,16.28,48.84,S001,C0270,Card
T000834,2024-05-14,P023,Hand Trowel,Outdoor,2,10.18,20.36,S002,C0150,UPI
T000835,2025-03-01,P019,Baseball Cap,Apparel,4,15.22,60.88,S001,C0140,Card
T000836,2023-08-05,P013,Hand Soap,Household,1,4.51,4.51,S004,C0086,UPI
T000837,2024-04-15,P011,Reusable Water Bottle,Food and Beverage,3,18.84,56.52,S002,C0024,Cash
T000838,2024-09-14,P008,Webcam,Electronics,1,61.22,61.22,S001,C0257,UPI
T000839,2024-10-02,P004,Printer Paper,Stationery,3,7.03,21.09,S004,C0029,Cash
T000840,2023-09-22,P009,Coffee Beans,Food and Beverage,2,15.14,30.28,S002,C0288,Card
T000841,2024-05-28,P010,Tea Assortment,Food and Beverage,2,12.0,24.0,S004,C0116,Cash
T000842,2024-04-28,P010,Tea Assortment,Food and Beverage,2,12.04,24.08,S002,C0171,UPI
T000843,2025-09-12,P001,Notebook,Stationery,4,8.92,35.68,S002,C0009,Cash
T000844,2023-05-13,P002,Ballpoint Pen Pack,Stationery,4,5.54,22.16,S004,C0132,Cash
T000845,2025-12-24,P002,Ballpoint Pen Pack,Stationery,6,5.22,31.32,S002,C0027,UPI
T000846,2024-11-07,P004,Printer Paper,Stationery,1,6.47,6.47,S002,C0119,Card
T000847,2024-06-26,P009,Coffee Beans,Food and Beverage,4,15.8,63.2,S003,C0062,Bank Transfer
T000848,2023-06-20,P021,Garden Gloves,Outdoor,3,9.12,27.36,S003,C0189,Bank Transfer
T000849,2023-08-04,P010,Tea Assortment,Food and Beverage,1,13.27,13.27,S003,C0236,Card
T000850,2025-02-25,P008,Webcam,Electronics,2,61.19,122.38,S002,C0249,Card
T000851,2025-10-19,P004,Printer Paper,Stationery,4,6.95,27.8,S001,C0150,Bank Transfer
T000852,2025-06-28,P015,Storage Basket,Household,4,16.45,65.8,S004,C0126,Bank Transfer
T000853,2023-04-21,P002,Ballpoint Pen Pack,Stationery,2,5.07,10.14,S004,C0275,Card
T000854,2023-12-14,P012,Snack Box,Food and Beverage,4,21.68,86.72,S001,C0065,UPI
T000855,2023-04-28,P009,Coffee Beans,Food and Beverage,1,15.72,15.72,S004,C0113,UPI
T000856,2025-06-09,P013,Hand Soap,Household,1,4.74,4.74,S002,C0271,Card
T000857,2023-03-08,P001,Notebook,Stationery,3,8.09,24.27,S002,C0106,Card
T000858,2025-07-21,P008,Webcam,Electronics,3,61.75,185.25,S003,C0278,Card
T000859,2023-01-21,P010,Tea Assortment,Food and Beverage,1,13.07,13.07,S001,C0179,UPI
T000860,2023-10-17,P013,Hand Soap,Household,1,4.62,4.62,S004,C0273,UPI
T000861,2024-12-25,P005,Wireless Mouse,Electronics,4,24.79,99.16,S004,C0021,Cash
T000862,2025-10-03,P011,Reusable Water Bottle,Food and Beverage,6,18.46,110.76,S003,C0005,UPI
T000863,2023-11-23,P001,Notebook,Stationery,1,8.96,8.96,S003,C0174,Cash
T000864,2025-12-03,P004,Printer Paper,Stationery,2,6.43,12.86,S004,C0271,UPI
T000865,2025-05-18,P005,Wireless Mouse,Electronics,1,25.86,25.86,S002,C0117,Cash
T000866,2024-10-16,P001,Notebook,Stationery,5,8.58,42.9,S003,C0014,UPI
T000867,2023-09-21,P009,Coffee Beans,Food and Beverage,6,15.6,93.6,S001,C0128,UPI
T000868,2023-06-18,P001,Notebook,Stationery,1,8.52,8.52,S002,C0107,Cash
T000869,2023-02-27,P023,Hand Trowel,Outdoor,1,10.14,10.14,S003,C0287,Bank Transfer
T000870,2023-07-30,P003,Desk Organizer,Stationery,3,13.2,39.6,S004,C0174,UPI
T000871,2025-10-19,P009,Coffee Beans,Food and Beverage,1,15.74,15.74,S002,C0145,Cash
T000872,2025-12-29,P005,Wireless Mouse,Electronics,3,25.65,76.95,S004,C0194,Card
T000873,2023-07-11,P017,Cotton T-Shirt,Apparel,2,19.62,39.24,S001,C0070,Card
T000874,2023-07-30,P002,Ballpoint Pen Pack,Stationery,4,5.41,21.64,S001,C0232,Cash
T000875,2023-06-11,P017,Cotton T-Shirt,Apparel,3,21.03,63.09,S003,C0269,UPI
T000876,2023-04-14,P009,Coffee Beans,Food and Beverage,6,16.36,98.16,S001,C0260,Card
T000877,2025-08-17,P024,Watering Can,Outdoor,2,22.14,44.28,S004,C0093,Bank Transfer
T000878,2023-02-12,P024,Watering Can,Outdoor,4,19.78,79.12,S001,C0026,UPI
T000879,2023-07-07,P010,Tea Assortment,Food and Beverage,1,12.3,12.3,S002,C0008,UPI
T000880,2024-09-08,P006,USB-C Hub,Electronics,3,35.37,106.11,S004,C0104,Cash
T000881,2024-08-03,P002,Ballpoint Pen Pack,Stationery,2,5.44,10.88,S003,C0192,Card
T000882,2025-08-11,P014,Cleaning Spray,Household,5,7.1,35.5,S003,C0253,Card
T000883,2025-11-13,P010,Tea Assortment,Food and Beverage,5,13.48,67.4,S001,C0166,UPI
T000884,2023-08-05,P006,USB-C Hub,Electronics,6,34.97,209.82,S001,C0207,Card
T000885,2023-12-19,P014,Cleaning Spray,Household,3,7.6,22.8,S004,C0240,UPI
T000886,2024-02-27,P006,USB-C Hub,Electronics,1,36.02,36.02,S004,C0245,Card
T000887,2025-10-03,P001,Notebook,Stationery,4,8.14,32.56,S003,C0244,Card
T000888,2024-09-24,P002,Ballpoint Pen Pack,Stationery,2,5.08,10.16,S001,C0172,UPI
T000889,2025-08-14,P008,Webcam,Electronics,3,61.96,185.88,S003,C0162,UPI
T000890,2025-12-29,P013,Hand Soap,Household,1,4.62,4.62,S003,C0262,Card
T000891,2025-04-25,P015,Storage Basket,Household,4,16.33,65.32,S002,C0203,Cash
T000892,2025-09-24,P003,Desk Organizer,Stationery,2,13.66,27.32,S001,C0044,Card
T000893,2025-12-30,P017,Cotton T-Shirt,Apparel,2,19.64,39.28,S003,C0038,Card
T000894,2023-11-17,P016,LED Bulb Pack,Household,2,12.26,24.52,S004,C0223,Cash
T000895,2025-08-16,P003,Desk Organizer,Stationery,3,14.32,42.96,S003,C0239,Card
T000896,2024-09-06,P002,Ballpoint Pen Pack,Stationery,1,5.33,5.33,S003,C0116,Bank Transfer
T000897,2024-11-10,P006,USB-C Hub,Electronics,3,33.05,99.15,S002,C0060,UPI
T000898,2025-05-16,P009,Coffee Beans,Food and Beverage,4,14.72,58.88,S004,C0268,Card
T000899,2025-11-04,P003,Desk Organizer,Stationery,2,14.16,28.32,S001,C0084,Card
T000900,2025-12-29,P005,Wireless Mouse,Electronics,2,26.39,52.78,S001,C0231,Card
T000901,2023-09-20,P022,Plant Pot,Outdoor,1,12.46,12.46,S004,C0144,UPI
T000902,2025-03-06,P018,Canvas Tote Bag,Apparel,1,13.07,13.07,S004,C0229,Card
T000903,2023-10-01,P001,Notebook,Stationery,1,8.74,8.74,S004,C0277,Bank Transfer
T000904,2025-05-19,P020,Running Socks,Apparel,3,9.44,28.32,S002,C0203,Card
T000905,2023-06-28,P015,Storage Basket,Household,3,16.75,50.25,S001,C0139,UPI
T000906,2023-12-20,P011,Reusable Water Bottle,Food and Beverage,1,18.6,18.6,S004,C0158,UPI
T000907,2023-06-18,P016,LED Bulb Pack,Household,2,11.46,22.92,S001,C0199,UPI
T000908,2023-02-21,P015,Storage Basket,Household,2,16.16,32.32,S002,C0001,Bank Transfer
T000909,2023-09-01,P006,USB-C Hub,Electronics,1,34.3,34.3,S002,C0061,Bank Transfer
T000910,2025-11-03,P010,Tea Assortment,Food and Beverage,3,12.77,38.31,S002,C0033,UPI
T000911,2023-05-05,P014,Cleaning Spray,Household,1,6.92,6.92,S004,C0299,UPI
T000912,2025-11-27,P004,Printer Paper,Stationery,5,6.39,31.95,S004,C0239,UPI
T000913,2025-12-19,P001,Notebook,Stationery,1,8.54,8.54,S002,C0049,Card
T000914,2024-12-26,P001,Notebook,Stationery,2,8.56,17.12,S003,C0091,UPI
T000915,2024-12-21,P013,Hand Soap,Household,1,4.89,4.89,S004,C0276,Card
T000916,2025-06-10,P013,Hand Soap,Household,3,4.88,14.64,S001,C0259,UPI
T000917,2025-07-17,P017,Cotton T-Shirt,Apparel,3,19.79,59.37,S002,C0076,Card
T000918,2023-05-30,P004,Printer Paper,Stationery,1,6.7,6.7,S003,C0225,Cash
T000919,2024-05-12,P022,Plant Pot,Outdoor,1,12.09,12.09,S002,C0277,UPI
T000920,2023-08-15,P005,Wireless Mouse,Electronics,3,25.01,75.03,S003,C0063,UPI
T000921,2025-06-23,P004,Printer Paper,Stationery,3,6.74,20.22,S003,C0280,Card
T000922,2024-02-24,P018,Canvas Tote Bag,Apparel,2,14.14,28.28,S002,C0123,Cash
T000923,2025-08-05,P020,Running Socks,Apparel,1,10.46,10.46,S004,C0135,Cash
T000924,2023-06-18,P020,Running Socks,Apparel,1,9.7,9.7,S001,C0269,Bank Transfer
T000925,2023-11-06,P012,Snack Box,Food and Beverage,2,21.25,42.5,S001,C0150,UPI
T000926,2025-07-28,P018,Canvas Tote Bag,Apparel,1,12.71,12.71,S002,C0295,UPI
T000927,2025-09-27,P021,Garden Gloves,Outdoor,4,9.29,37.16,S003,C0111,UPI
T000928,2025-10-18,P006,USB-C Hub,Electronics,4,33.42,133.68,S002,C0036,Bank Transfer
T000929,2024-08-02,P007,Bluetooth Speaker,Electronics,5,51.43,257.15,S004,C0096,Card
T000930,2023-05-10,P017,Cotton T-Shirt,Apparel,1,19.82,19.82,S004,C0002,Bank Transfer
T000931,2025-06-06,P020,Running Socks,Apparel,1,9.5,9.5,S004,C0056,Cash
T000932,2025-01-29,P021,Garden Gloves,Outdoor,1,8.72,8.72,S001,C0185,UPI
T000933,2023-12-27,P020,Running Socks,Apparel,1,10.16,10.16,S004,C0218,Cash
T000934,2023-07-04,P024,Watering Can,Outdoor,3,21.16,63.48,S004,C0239,Cash
T000935,2024-02-06,P001,Notebook,Stationery,3,8.31,24.93,S003,C0177,UPI
T000936,2023-10-26,P016,LED Bulb Pack,Household,4,11.76,47.04,S002,C0198,Bank Transfer
T000937,2024-09-07,P002,Ballpoint Pen Pack,Stationery,1,5.29,5.29,S001,C0075,Bank Transfer
T000938,2025-09-07,P024,Watering Can,Outdoor,3,21.07,63.21,S002,C0260,UPI
T000939,2025-01-15,P023,Hand Trowel,Outdoor,1,10.07,10.07,S003,C0178,Card
T000940,2025-08-20,P013,Hand Soap,Household,6,4.87,29.22,S004,C0146,Card
T000941,2025-02-04,P014,Cleaning Spray,Household,4,6.94,27.76,S001,C0285,UPI
T000942,2023-10-21,P023,Hand Trowel,Outdoor,2,10.6,21.2,S004,C0224,UPI
T000943,2023-08-31,P021,Garden Gloves,Outdoor,3,8.69,26.07,S002,C0265,UPI
T000944,2023-04-14,P015,Storage Basket,Household,3,16.86,50.58,S004,C0015,Card
T000945,2025-10-01,P015,Storage Basket,Household,1,16.38,16.38,S001,C0229,Card
T000946,2023-01-13,P009,Coffee Beans,Food and Beverage,1,15.23,15.23,S001,C0149,UPI
T000947,2023-11-13,P007,Bluetooth Speaker,Electronics,2,48.59,97.18,S001,C0274,UPI
T000948,2024-12-24,P014,Cleaning Spray,Household,2,7.47,14.94,S001,C0214,Cash
T000949,2025-10-23,P006,USB-C Hub,Electronics,1,33.94,33.94,S002,C0067,Cash
T000950,2024-07-07,P016,LED Bulb Pack,Household,1,11.9,11.9,S001,C0228,Card
T000951,2024-08-23,P021,Garden Gloves,Outdoor,2,9.51,19.02,S004,C0154,UPI
T000952,2024-05-04,P006,USB-C Hub,Electronics,1,35.28,35.28,S004,C0287,Cash
T000953,2025-04-16,P001,Notebook,Stationery,1,8.99,8.99,S003,C0159,Bank Transfer
T000954,2025-09-11,P024,Watering Can,Outdoor,4,21.24,84.96,S002,C0120,UPI
T000955,2025-09-17,P016,LED Bulb Pack,Household,1,12.25,12.25,S003,C0263,Cash
T000956,2023-01-31,P002,Ballpoint Pen Pack,Stationery,5,5.18,25.9,S004,C0189,Card
T000957,2025-04-14,P017,Cotton T-Shirt,Apparel,4,19.6,78.4,S001,C0262,Card
T000958,2023-11-12,P016,LED Bulb Pack,Household,1,11.72,11.72,S004,C0285,Cash
T000959,2024-07-30,P012,Snack Box,Food and Beverage,4,23.11,92.44,S001,C0014,Card
T000960,2023-06-19,P024,Watering Can,Outdoor,1,21.42,21.42,S001,C0155,Card
T000961,2023-01-19,P008,Webcam,Electronics,3,57.06,171.18,S004,C0143,Cash
T000962,2025-02-04,P017,Cotton T-Shirt,Apparel,2,19.6,39.2,S002,C0090,Card
T000963,2025-03-31,P021,Garden Gloves,Outdoor,4,8.93,35.72,S002,C0177,Card
T000964,2024-02-11,P008,Webcam,Electronics,4,57.1,228.4,S004,C0277,UPI
T000965,2023-06-24,P024,Watering Can,Outdoor,2,19.98,39.96,S002,C0175,UPI
T000966,2024-01-17,P024,Watering Can,Outdoor,1,20.86,20.86,S002,C0083,UPI
T000967,2024-06-11,P001,Notebook,Stationery,1,8.41,8.41,S001,C0130,Card
T000968,2025-11-26,P023,Hand Trowel,Outdoor,2,10.16,20.32,S001,C0231,Card
T000969,2023-02-16,P013,Hand Soap,Household,3,4.94,14.82,S003,C0098,UPI
T000970,2025-02-15,P009,Coffee Beans,Food and Beverage,3,16.32,48.96,S001,C0244,Card
T000971,2024-08-30,P013,Hand Soap,Household,1,4.94,4.94,S001,C0257,UPI
T000972,2023-12-24,P017,Cotton T-Shirt,Apparel,4,20.05,80.2,S003,C0281,Card
T000973,2023-06-05,P022,Plant Pot,Outdoor,1,12.67,12.67,S004,C0078,Cash
T000974,2023-07-04,P022,Plant Pot,Outdoor,2,11.46,22.92,S004,C0168,Card
T000975,2023-04-12,P020,Running Socks,Apparel,1,9.69,9.69,S001,C0236,UPI
T000976,2025-01-01,P001,Notebook,Stationery,3,8.28,24.84,S001,C0157,UPI
T000977,2024-01-12,P006,USB-C Hub,Electronics,1,33.89,33.89,S001,C0008,Cash
T000978,2023-01-31,P003,Desk Organizer,Stationery,1,14.15,14.15,S003,C0051,Cash
T000979,2024-12-29,P014,Cleaning Spray,Household,1,7.17,7.17,S001,C0223,UPI
T000980,2024-09-21,P022,Plant Pot,Outdoor,4,11.7,46.8,S003,C0255,Bank Transfer
T000981,2025-03-24,P006,USB-C Hub,Electronics,3,36.43,109.29,S001,C0259,Bank Transfer
T000982,2023-09-30,P020,Running Socks,Apparel,2,10.5,21.0,S001,C0106,Cash
T000983,2023-05-17,P013,Hand Soap,Household,3,4.71,14.13,S001,C0093,Cash
T000984,2025-10-10,P008,Webcam,Electronics,3,55.56,166.68,S003,C0169,Card
T000985,2025-11-23,P014,Cleaning Spray,Household,1,7.12,7.12,S001,C0066,Card
T000986,2023-09-18,P010,Tea Assortment,Food and Beverage,1,12.8,12.8,S004,C0214,Bank Transfer
T000987,2025-12-31,P020,Running Socks,Apparel,6,9.88,59.28,S001,C0071,Cash
T000988,2024-08-16,P024,Watering Can,Outdoor,2,20.57,41.14,S004,C0092,UPI
T000989,2024-05-08,P010,Tea Assortment,Food and Beverage,1,13.38,13.38,S002,C0023,UPI
T000990,2023-03-30,P011,Reusable Water Bottle,Food and Beverage,2,17.17,34.34,S003,C0262,Cash
T000991,2025-07-24,P009,Coffee Beans,Food and Beverage,1,16.1,16.1,S001,C0038,Card
T000992,2024-09-03,P001,Notebook,Stationery,3,8.2,24.6,S002,C0066,Cash
T000993,2025-11-20,P011,Reusable Water Bottle,Food and Beverage,2,17.56,35.12,S002,C0191,UPI
T000994,2024-07-14,P009,Coffee Beans,Food and Beverage,2,16.4,32.8,S003,C0177,Card
T000995,2025-05-28,P001,Notebook,Stationery,4,8.48,33.92,S001,C0084,Card
T000996,2025-08-27,P010,Tea Assortment,Food and Beverage,4,12.11,48.44,S001,C0187,Card
T000997,2025-11-10,P003,Desk Organizer,Stationery,1,14.7,14.7,S004,C0136,Card
T000998,2023-07-31,P008,Webcam,Electronics,3,55.56,166.68,S004,C0189,UPI
T000999,2023-12-06,P002,Ballpoint Pen Pack,Stationery,2,5.07,10.14,S001,C0232,Card
T001000,2024-09-04,P011,Reusable Water Bottle,Food and Beverage,5,17.15,85.75,S002,C0062,Cash
T001001,2023-09-03,P022,Plant Pot,Outdoor,2,12.49,24.98,S004,C0209,Card
T001002,2025-02-24,P014,Cleaning Spray,Household,3,7.02,21.06,S003,C0104,Card
T001003,2025-08-16,P014,Cleaning Spray,Household,3,7.3,21.9,S004,C0211,Card
T001004,2025-08-25,P006,USB-C Hub,Electronics,2,34.75,69.5,S004,C0027,Card
T001005,2024-05-08,P004,Printer Paper,Stationery,3,6.91,20.73,S004,C0084,Card
T001006,2023-06-07,P019,Baseball Cap,Apparel,1,15.3,15.3,S003,C0252,UPI
T001007,2023-08-24,P009,Coffee Beans,Food and Beverage,2,15.49,30.98,S003,C0289,Cash
T001008,2024-07-30,P017,Cotton T-Shirt,Apparel,6,19.51,117.06,S002,C0130,Bank Transfer
T001009,2024-05-27,P024,Watering Can,Outdoor,3,20.05,60.15,S003,C0241,Card
T001010,2024-09-18,P013,Hand Soap,Household,1,4.84,4.84,S002,C0110,UPI
T001011,2023-11-23,P014,Cleaning Spray,Household,6,7.32,43.92,S003,C0178,Card
T001012,2024-11-17,P013,Hand Soap,Household,1,4.62,4.62,S002,C0054,UPI
T001013,2025-03-30,P005,Wireless Mouse,Electronics,3,25.1,75.3,S003,C0231,Card
T001014,2023-09-16,P004,Printer Paper,Stationery,2,6.76,13.52,S003,C0151,Card
T001015,2023-05-10,P004,Printer Paper,Stationery,5,6.78,33.9,S002,C0100,UPI
T001016,2024-12-15,P009,Coffee Beans,Food and Beverage,1,16.3,16.3,S004,C0112,Cash
T001017,2023-10-07,P003,Desk Organizer,Stationery,2,14.19,28.38,S002,C0191,UPI
T001018,2024-01-26,P003,Desk Organizer,Stationery,4,13.65,54.6,S002,C0111,Card
T001019,2025-10-08,P009,Coffee Beans,Food and Beverage,4,15.65,62.6,S001,C0098,UPI
T001020,2023-07-31,P018,Canvas Tote Bag,Apparel,2,13.23,26.46,S003,C0007,Card
T001021,2025-10-24,P004,Printer Paper,Stationery,2,7.04,14.08,S001,C0098,Card
T001022,2023-09-29,P012,Snack Box,Food and Beverage,4,23.06,92.24,S002,C0011,Card
T001023,2025-02-15,P022,Plant Pot,Outdoor,2,12.71,25.42,S002,C0248,Card
T001024,2024-11-14,P002,Ballpoint Pen Pack,Stationery,1,5.03,5.03,S003,C0069,Card
T001025,2024-05-22,P004,Printer Paper,Stationery,1,7.05,7.05,S002,C0300,Cash
T001026,2023-09-04,P003,Desk Organizer,Stationery,1,14.0,14.0,S002,C0213,UPI
T001027,2023-03-04,P017,Cotton T-Shirt,Apparel,3,19.92,59.76,S003,C0046,UPI
T001028,2024-02-13,P017,Cotton T-Shirt,Apparel,2,19.68,39.36,S003,C0195,Cash
T001029,2025-01-02,P013,Hand Soap,Household,6,4.85,29.1,S004,C0286,Bank Transfer
T001030,2023-01-02,P008,Webcam,Electronics,2,55.61,111.22,S003,C0143,Card
T001031,2024-02-16,P004,Printer Paper,Stationery,6,6.88,41.28,S002,C0077,UPI
T001032,2023-10-12,P001,Notebook,Stationery,2,8.57,17.14,S003,C0052,Cash
T001033,2024-03-10,P005,Wireless Mouse,Electronics,2,24.83,49.66,S002,C0087,Card
T001034,2023-12-11,P001,Notebook,Stationery,1,8.18,8.18,S003,C0072,UPI
T001035,2023-12-29,P017,Cotton T-Shirt,Apparel,1,20.84,20.84,S001,C0298,Card
T001036,2023-01-11,P021,Garden Gloves,Outdoor,1,8.9,8.9,S001,C0120,Card
T001037,2024-11-05,P010,Tea Assortment,Food and Beverage,2,12.73,25.46,S004,C0111,Card
T001038,2024-12-11,P005,Wireless Mouse,Electronics,2,24.78,49.56,S002,C0011,Card
T001039,2025-07-03,P005,Wireless Mouse,Electronics,4,25.19,100.76,S001,C0196,Bank Transfer
T001040,2023-02-22,P009,Coffee Beans,Food and Beverage,1,14.68,14.68,S004,C0160,Card
T001041,2025-02-13,P001,Notebook,Stationery,2,8.92,17.84,S003,C0141,Bank Transfer
T001042,2023-09-01,P004,Printer Paper,Stationery,1,6.36,6.36,S001,C0007,UPI
T001043,2025-02-15,P018,Canvas Tote Bag,Apparel,2,13.34,26.68,S004,C0276,Card
T001044,2025-02-22,P013,Hand Soap,Household,1,4.71,4.71,S002,C0062,Cash
T001045,2024-09-07,P018,Canvas Tote Bag,Apparel,2,12.95,25.9,S003,C0155,Card
T001046,2025-02-12,P019,Baseball Cap,Apparel,3,15.61,46.83,S002,C0196,Card
T001047,2024-05-11,P009,Coffee Beans,Food and Beverage,1,15.54,15.54,S002,C0284,Card
T001048,2024-03-24,P003,Desk Organizer,Stationery,2,13.36,26.72,S004,C0202,Card
T001049,2023-03-28,P002,Ballpoint Pen Pack,Stationery,2,5.37,10.74,S001,C0061,Card
T001050,2024-03-20,P021,Garden Gloves,Outdoor,3,8.88,26.64,S002,C0264,Bank Transfer
T001051,2023-01-05,P017,Cotton T-Shirt,Apparel,1,20.96,20.96,S003,C0285,Card
T001052,2024-03-24,P002,Ballpoint Pen Pack,Stationery,4,5.42,21.68,S002,C0215,UPI
T001053,2023-02-03,P017,Cotton T-Shirt,Apparel,3,19.71,59.13,S001,C0210,Cash
T001054,2023-01-31,P012,Snack Box,Food and Beverage,1,21.85,21.85,S004,C0296,Card
T001055,2025-01-17,P013,Hand Soap,Household,2,4.82,9.64,S004,C0066,Bank Transfer
T001056,2023-05-28,P023,Hand Trowel,Outdoor,1,10.5,10.5,S002,C0039,Card
T001057,2024-08-02,P019,Baseball Cap,Apparel,2,15.46,30.92,S002,C0144,UPI
T001058,2024-08-17,P019,Baseball Cap,Apparel,3,15.57,46.71,S001,C0173,Bank Transfer
T001059,2025-07-22,P011,Reusable Water Bottle,Food and Beverage,5,18.93,94.65,S003,C0023,Card
T001060,2025-12-25,P013,Hand Soap,Household,1,4.87,4.87,S004,C0092,Bank Transfer
T001061,2025-05-16,P017,Cotton T-Shirt,Apparel,3,20.22,60.66,S002,C0008,Bank Transfer
T001062,2025-05-26,P010,Tea Assortment,Food and Beverage,3,12.13,36.39,S002,C0159,Card
T001063,2024-10-26,P007,Bluetooth Speaker,Electronics,1,47.74,47.74,S002,C0277,UPI
T001064,2024-12-22,P002,Ballpoint Pen Pack,Stationery,3,5.51,16.53,S004,C0068,Card
T001065,2025-06-14,P024,Watering Can,Outdoor,1,21.7,21.7,S001,C0030,Card
T001066,2025-11-12,P020,Running Socks,Apparel,1,9.87,9.87,S001,C0139,UPI
T001067,2023-03-11,P001,Notebook,Stationery,1,8.7,8.7,S001,C0200,Card
T001068,2023-09-26,P005,Wireless Mouse,Electronics,2,24.73,49.46,S002,C0039,Card
T001069,2023-12-28,P018,Canvas Tote Bag,Apparel,2,13.02,26.04,S003,C0235,Card
T001070,2023-04-18,P001,Notebook,Stationery,3,8.81,26.43,S002,C0222,Card
T001071,2023-04-01,P010,Tea Assortment,Food and Beverage,1,13.51,13.51,S003,C0186,Card
T001072,2023-08-16,P010,Tea Assortment,Food and Beverage,1,12.55,12.55,S004,C0155,UPI
T001073,2025-04-07,P015,Storage Basket,Household,2,15.58,31.16,S002,C0054,UPI
T001074,2023-05-06,P006,USB-C Hub,Electronics,2,33.72,67.44,S004,C0217,UPI
T001075,2024-06-25,P011,Reusable Water Bottle,Food and Beverage,1,17.87,17.87,S001,C0061,Cash
T001076,2023-06-01,P015,Storage Basket,Household,3,16.17,48.51,S003,C0050,Card
T001077,2025-03-26,P001,Notebook,Stationery,3,8.52,25.56,S002,C0261,UPI
T001078,2023-01-07,P002,Ballpoint Pen Pack,Stationery,2,5.08,10.16,S003,C0086,Cash
T001079,2023-04-21,P014,Cleaning Spray,Household,1,7.02,7.02,S002,C0263,Card
T001080,2024-08-30,P014,Cleaning Spray,Household,3,7.02,21.06,S003,C0296,Cash
T001081,2023-01-15,P001,Notebook,Stationery,1,8.5,8.5,S001,C0071,Card
T001082,2024-04-17,P015,Storage Basket,Household,2,15.84,31.68,S001,C0243,Cash
T001083,2025-12-29,P003,Desk Organizer,Stationery,2,13.95,27.9,S004,C0120,Cash
T001084,2024-01-21,P007,Bluetooth Speaker,Electronics,2,52.64,105.28,S004,C0215,UPI
T001085,2024-09-09,P021,Garden Gloves,Outdoor,1,9.02,9.02,S001,C0006,Card
T001086,2024-08-09,P016,LED Bulb Pack,Household,3,11.37,34.11,S004,C0232,UPI
T001087,2025-11-26,P007,Bluetooth Speaker,Electronics,4,47.12,188.48,S001,C0228,Card
T001088,2025-04-02,P021,Garden Gloves,Outdoor,3,8.94,26.82,S001,C0125,Cash
T001089,2025-11-12,P007,Bluetooth Speaker,Electronics,1,48.11,48.11,S002,C0061,Card
T001090,2024-10-03,P015,Storage Basket,Household,3,15.85,47.55,S004,C0300,Bank Transfer
T001091,2023-06-10,P006,USB-C Hub,Electronics,1,33.52,33.52,S004,C0069,UPI
T001092,2023-12-25,P003,Desk Organizer,Stationery,4,14.59,58.36,S002,C0122,UPI
T001093,2025-10-24,P005,Wireless Mouse,Electronics,1,24.17,24.17,S002,C0042,UPI
T001094,2025-08-19,P015,Storage Basket,Household,1,17.38,17.38,S001,C0132,Bank Transfer
T001095,2025-12-17,P011,Reusable Water Bottle,Food and Beverage,1,17.82,17.82,S002,C0268,UPI
T001096,2024-09-01,P005,Wireless Mouse,Electronics,1,24.93,24.93,S004,C0248,UPI
T001097,2025-01-03,P021,Garden Gloves,Outdoor,2,9.49,18.98,S001,C0156,Cash
T001098,2024-03-17,P007,Bluetooth Speaker,Electronics,2,51.03,102.06,S001,C0160,UPI
T001099,2025-08-03,P009,Coffee Beans,Food and Beverage,1,16.27,16.27,S002,C0218,Cash
T001100,2024-07-03,P003,Desk Organizer,Stationery,1,14.56,14.56,S001,C0189,Card
T001101,2023-11-26,P003,Desk Organizer,Stationery,1,14.02,14.02,S003,C0231,UPI
T001102,2024-04-22,P020,Running Socks,Apparel,5,10.08,50.4,S002,C0121,Bank Transfer
T001103,2025-10-14,P006,USB-C Hub,Electronics,1,36.46,36.46,S001,C0180,Card
T001104,2024-04-15,P024,Watering Can,Outdoor,2,19.95,39.9,S004,C0220,Card
T001105,2024-01-30,P004,Printer Paper,Stationery,2,7.07,14.14,S001,C0284,Card
T001106,2023-10-17,P014,Cleaning Spray,Household,2,7.34,14.68,S003,C0268,Card
T001107,2024-04-13,P006,USB-C Hub,Electronics,1,36.25,36.25,S001,C0184,Cash
T001108,2025-12-04,P006,USB-C Hub,Electronics,1,33.37,33.37,S001,C0226,Card
T001109,2025-07-13,P012,Snack Box,Food and Beverage,6,23.67,142.02,S003,C0093,Card
T001110,2024-12-21,P017,Cotton T-Shirt,Apparel,2,19.91,39.82,S001,C0189,Card
T001111,2023-09-03,P006,USB-C Hub,Electronics,1,35.5,35.5,S004,C0153,UPI
T001112,2024-09-06,P020,Running Socks,Apparel,3,10.5,31.5,S004,C0294,Card
T001113,2023-02-26,P006,USB-C Hub,Electronics,1,36.26,36.26,S002,C0145,Card
T001114,2023-03-24,P018,Canvas Tote Bag,Apparel,1,13.9,13.9,S004,C0097,UPI
T001115,2025-05-13,P019,Baseball Cap,Apparel,4,15.69,62.76,S001,C0143,Card
T001116,2023-12-02,P017,Cotton T-Shirt,Apparel,2,18.91,37.82,S001,C0268,UPI
T001117,2023-04-27,P009,Coffee Beans,Food and Beverage,2,15.38,30.76,S002,C0260,Card
T001118,2025-07-10,P018,Canvas Tote Bag,Apparel,3,14.27,42.81,S001,C0054,Card
T001119,2024-02-06,P020,Running Socks,Apparel,1,9.78,9.78,S002,C0259,Card
T001120,2025-01-26,P002,Ballpoint Pen Pack,Stationery,4,5.24,20.96,S003,C0146,UPI
T001121,2025-03-26,P005,Wireless Mouse,Electronics,1,24.99,24.99,S003,C0144,Cash
T001122,2024-09-26,P006,USB-C Hub,Electronics,1,34.13,34.13,S004,C0142,UPI
T001123,2024-12-07,P003,Desk Organizer,Stationery,1,14.48,14.48,S001,C0215,UPI
T001124,2023-03-25,P021,Garden Gloves,Outdoor,1,9.35,9.35,S001,C0084,UPI
T001125,2023-01-28,P016,LED Bulb Pack,Household,3,12.51,37.53,S001,C0136,UPI
T001126,2025-06-23,P009,Coffee Beans,Food and Beverage,3,16.15,48.45,S001,C0178,UPI
T001127,2025-02-09,P010,Tea Assortment,Food and Beverage,1,12.85,12.85,S002,C0059,Card
T001128,2024-07-19,P007,Bluetooth Speaker,Electronics,3,48.43,145.29,S002,C0053,Card
T001129,2024-03-15,P009,Coffee Beans,Food and Beverage,4,15.78,63.12,S001,C0288,UPI
T001130,2025-05-21,P017,Cotton T-Shirt,Apparel,2,20.95,41.9,S003,C0005,UPI
T001131,2023-02-22,P004,Printer Paper,Stationery,3,6.55,19.65,S002,C0209,Card
T001132,2025-08-11,P017,Cotton T-Shirt,Apparel,1,19.39,19.39,S001,C0107,UPI
T001133,2023-03-11,P012,Snack Box,Food and Beverage,4,21.5,86.0,S004,C0115,UPI
T001134,2024-01-02,P006,USB-C Hub,Electronics,1,33.39,33.39,S002,C0255,Bank Transfer
T001135,2025-04-21,P014,Cleaning Spray,Household,2,7.5,15.0,S004,C0152,Bank Transfer
T001136,2025-02-01,P009,Coffee Beans,Food and Beverage,1,15.21,15.21,S003,C0211,Cash
T001137,2025-07-21,P001,Notebook,Stationery,1,8.06,8.06,S001,C0162,Cash
T001138,2025-07-11,P009,Coffee Beans,Food and Beverage,6,14.62,87.72,S003,C0117,Card
T001139,2024-11-23,P013,Hand Soap,Household,4,4.78,19.12,S004,C0042,UPI
T001140,2025-07-07,P023,Hand Trowel,Outdoor,4,10.09,40.36,S001,C0078,Card
T001141,2024-06-16,P020,Running Socks,Apparel,5,9.87,49.35,S001,C0147,UPI
T001142,2024-12-09,P024,Watering Can,Outdoor,2,21.5,43.0,S002,C0060,UPI
T001143,2023-04-25,P019,Baseball Cap,Apparel,3,15.92,47.76,S004,C0171,Card
T001144,2023-10-18,P018,Canvas Tote Bag,Apparel,2,12.87,25.74,S002,C0026,UPI
T001145,2023-02-23,P006,USB-C Hub,Electronics,4,34.07,136.28,S002,C0258,Cash
T001146,2025-06-22,P005,Wireless Mouse,Electronics,3,25.36,76.08,S001,C0239,Bank Transfer
T001147,2025-05-23,P006,USB-C Hub,Electronics,1,35.37,35.37,S003,C0148,Card
T001148,2023-02-09,P018,Canvas Tote Bag,Apparel,1,13.71,13.71,S002,C0232,Card
T001149,2025-07-31,P008,Webcam,Electronics,2,62.05,124.1,S002,C0046,UPI
T001150,2024-12-29,P018,Canvas Tote Bag,Apparel,1,13.88,13.88,S002,C0159,Cash
T001151,2025-06-03,P006,USB-C Hub,Electronics,1,33.66,33.66,S004,C0073,UPI
T001152,2023-04-03,P015,Storage Basket,Household,1,16.2,16.2,S001,C0109,Cash
T001153,2025-08-22,P013,Hand Soap,Household,1,4.48,4.48,S003,C0045,Cash
T001154,2025-10-17,P004,Printer Paper,Stationery,3,7.02,21.06,S001,C0255,Cash
T001155,2025-02-16,P008,Webcam,Electronics,2,60.88,121.76,S003,C0064,Card
T001156,2025-10-14,P009,Coffee Beans,Food and Beverage,3,14.88,44.64,S004,C0129,Cash
T001157,2023-10-09,P001,Notebook,Stationery,1,8.98,8.98,S004,C0184,Card
T001158,2025-11-23,P024,Watering Can,Outdoor,2,19.93,39.86,S004,C0153,UPI
T001159,2025-02-27,P016,LED Bulb Pack,Household,1,11.79,11.79,S003,C0175,UPI
T001160,2025-01-31,P001,Notebook,Stationery,2,8.86,17.72,S003,C0233,Cash
T001161,2025-08-27,P002,Ballpoint Pen Pack,Stationery,3,5.19,15.57,S002,C0134,Card
T001162,2023-11-02,P010,Tea Assortment,Food and Beverage,4,12.13,48.52,S002,C0011,Bank Transfer
T001163,2023-05-19,P001,Notebook,Stationery,2,8.16,16.32,S001,C0229,UPI
T001164,2023-09-16,P002,Ballpoint Pen Pack,Stationery,2,5.25,10.5,S001,C0244,Cash
T001165,2024-02-26,P024,Watering Can,Outdoor,1,21.1,21.1,S004,C0030,Card
T001166,2024-08-26,P017,Cotton T-Shirt,Apparel,4,20.09,80.36,S003,C0026,Cash
T001167,2024-01-14,P007,Bluetooth Speaker,Electronics,3,52.38,157.14,S003,C0126,Card
T001168,2023-06-17,P019,Baseball Cap,Apparel,2,16.45,32.9,S003,C0094,Bank Transfer
T001169,2023-10-13,P003,Desk Organizer,Stationery,1,13.84,13.84,S003,C0050,Card
T001170,2025-09-15,P017,Cotton T-Shirt,Apparel,5,19.88,99.4,S004,C0081,Bank Transfer
T001171,2025-05-10,P020,Running Socks,Apparel,1,10.55,10.55,S003,C0281,Card
T001172,2024-08-31,P004,Printer Paper,Stationery,1,6.82,6.82,S001,C0163,Card
T001173,2023-06-26,P013,Hand Soap,Household,2,5.02,10.04,S002,C0068,UPI
T001174,2023-11-18,P009,Coffee Beans,Food and Beverage,1,15.61,15.61,S001,C0226,UPI
T001175,2024-02-16,P023,Hand Trowel,Outdoor,2,10.05,20.1,S003,C0244,Cash
T001176,2024-02-14,P007,Bluetooth Speaker,Electronics,3,50.21,150.63,S002,C0178,Card
T001177,2023-01-15,P004,Printer Paper,Stationery,4,6.65,26.6,S001,C0128,Card
T001178,2023-02-10,P017,Cotton T-Shirt,Apparel,2,19.83,39.66,S001,C0027,Card
T001179,2023-09-24,P014,Cleaning Spray,Household,1,7.44,7.44,S003,C0052,UPI
T001180,2024-12-02,P010,Tea Assortment,Food and Beverage,3,13.09,39.27,S001,C0164,Card
T001181,2024-03-28,P005,Wireless Mouse,Electronics,3,23.92,71.76,S002,C0291,Card
T001182,2025-05-17,P005,Wireless Mouse,Electronics,2,26.3,52.6,S001,C0051,Cash
T001183,2025-07-08,P005,Wireless Mouse,Electronics,4,26.23,104.92,S002,C0280,UPI
T001184,2023-06-30,P021,Garden Gloves,Outdoor,2,8.66,17.32,S002,C0087,Card
T001185,2024-11-29,P004,Printer Paper,Stationery,2,7.0,14.0,S002,C0221,UPI
T001186,2024-06-17,P003,Desk Organizer,Stationery,1,13.67,13.67,S004,C0022,Cash
T001187,2024-12-31,P001,Notebook,Stationery,1,8.88,8.88,S004,C0251,Card
T001188,2023-01-27,P019,Baseball Cap,Apparel,4,16.72,66.88,S004,C0267,Cash
T001189,2025-05-09,P004,Printer Paper,Stationery,1,7.15,7.15,S004,C0232,UPI
T001190,2023-03-11,P004,Printer Paper,Stationery,3,6.6,19.8,S003,C0299,Card
T001191,2023-10-03,P006,USB-C Hub,Electronics,1,33.14,33.14,S004,C0034,Card
T001192,2024-08-10,P016,LED Bulb Pack,Household,3,12.4,37.2,S001,C0150,UPI
T001193,2025-07-28,P005,Wireless Mouse,Electronics,4,25.91,103.64,S001,C0089,Card
T001194,2024-12-25,P002,Ballpoint Pen Pack,Stationery,2,5.28,10.56,S002,C0055,Card
T001195,2025-12-01,P013,Hand Soap,Household,6,4.78,28.68,S004,C0293,Card
T001196,2025-01-24,P014,Cleaning Spray,Household,1,7.29,7.29,S001,C0129,Cash
T001197,2024-03-04,P001,Notebook,Stationery,2,8.98,17.96,S004,C0076,UPI
T001198,2025-08-23,P018,Canvas Tote Bag,Apparel,3,13.61,40.83,S002,C0106,Bank Transfer
T001199,2025-05-03,P017,Cotton T-Shirt,Apparel,1,20.05,20.05,S001,C0122,UPI
T001200,2023-08-30,P010,Tea Assortment,Food and Beverage,1,12.03,12.03,S004,C0255,UPI
T001201,2023-11-02,P010,Tea Assortment,Food and Beverage,2,12.85,25.7,S003,C0255,Cash
T001202,2025-07-12,P017,Cotton T-Shirt,Apparel,1,20.76,20.76,S004,C0060,UPI
T001203,2023-11-08,P002,Ballpoint Pen Pack,Stationery,2,5.46,10.92,S002,C0227,Card
T001204,2024-09-30,P021,Garden Gloves,Outdoor,4,8.58,34.32,S002,C0170,Card
T001205,2024-01-04,P009,Coffee Beans,Food and Beverage,3,15.98,47.94,S002,C0205,Card
T001206,2025-08-05,P012,Snack Box,Food and Beverage,2,22.89,45.78,S002,C0188,Cash
T001207,2023-06-24,P005,Wireless Mouse,Electronics,4,25.16,100.64,S001,C0205,UPI
T001208,2023-04-28,P006,USB-C Hub,Electronics,4,34.68,138.72,S003,C0189,UPI
T001209,2024-09-18,P006,USB-C Hub,Electronics,3,34.1,102.3,S001,C0062,UPI
T001210,2024-03-15,P018,Canvas Tote Bag,Apparel,1,13.77,13.77,S004,C0227,Cash
T001211,2024-09-10,P019,Baseball Cap,Apparel,6,15.51,93.06,S002,C0257,Card
T001212,2024-01-13,P014,Cleaning Spray,Household,1,7.33,7.33,S002,C0238,UPI
T001213,2025-11-18,P008,Webcam,Electronics,2,59.97,119.94,S003,C0189,Card
T001214,2025-01-30,P005,Wireless Mouse,Electronics,5,23.6,118.0,S003,C0217,Card
T001215,2024-03-09,P022,Plant Pot,Outdoor,3,11.98,35.94,S003,C0042,Bank Transfer
T001216,2025-05-24,P024,Watering Can,Outdoor,2,20.37,40.74,S002,C0272,Card
T001217,2025-07-08,P012,Snack Box,Food and Beverage,1,23.82,23.82,S002,C0101,Card
T001218,2025-08-21,P016,LED Bulb Pack,Household,1,11.42,11.42,S004,C0044,UPI
T001219,2024-01-03,P024,Watering Can,Outdoor,4,20.42,81.68,S002,C0268,UPI
T001220,2025-10-01,P020,Running Socks,Apparel,1,9.48,9.48,S004,C0243,Bank Transfer
T001221,2023-10-05,P019,Baseball Cap,Apparel,3,15.6,46.8,S002,C0245,Card
T001222,2025-12-25,P006,USB-C Hub,Electronics,3,35.75,107.25,S002,C0256,Card
T001223,2025-12-07,P009,Coffee Beans,Food and Beverage,5,14.91,74.55,S003,C0040,UPI
T001224,2024-03-17,P004,Printer Paper,Stationery,1,6.56,6.56,S001,C0153,UPI
T001225,2024-07-20,P011,Reusable Water Bottle,Food and Beverage,2,17.43,34.86,S003,C0224,UPI
T001226,2023-12-03,P008,Webcam,Electronics,2,60.11,120.22,S003,C0053,Card
T001227,2025-06-30,P010,Tea Assortment,Food and Beverage,1,13.22,13.22,S002,C0225,Bank Transfer
T001228,2025-06-17,P010,Tea Assortment,Food and Beverage,1,13.22,13.22,S001,C0056,Card
T001229,2024-03-18,P011,Reusable Water Bottle,Food and Beverage,1,17.98,17.98,S003,C0065,UPI
T001230,2024-11-25,P013,Hand Soap,Household,5,4.7,23.5,S004,C0200,UPI
T001231,2025-12-07,P006,USB-C Hub,Electronics,2,32.61,65.22,S003,C0107,Card
T001232,2024-09-29,P017,Cotton T-Shirt,Apparel,5,19.07,95.35,S001,C0284,UPI
T001233,2023-07-06,P006,USB-C Hub,Electronics,3,35.01,105.03,S002,C0226,UPI
T001234,2025-12-01,P005,Wireless Mouse,Electronics,2,24.43,48.86,S002,C0063,Cash
T001235,2025-07-07,P021,Garden Gloves,Outdoor,1,8.9,8.9,S003,C0070,Cash
T001236,2025-06-15,P021,Garden Gloves,Outdoor,1,8.59,8.59,S003,C0270,Card
T001237,2024-07-15,P015,Storage Basket,Household,1,16.66,16.66,S002,C0093,Card
T001238,2025-09-03,P018,Canvas Tote Bag,Apparel,4,12.83,51.32,S001,C0044,UPI
T001239,2023-07-14,P015,Storage Basket,Household,3,17.06,51.18,S001,C0126,Card
T001240,2024-08-05,P005,Wireless Mouse,Electronics,1,25.17,25.17,S002,C0036,Cash
T001241,2024-11-17,P001,Notebook,Stationery,4,8.8,35.2,S001,C0031,Card
T001242,2025-02-01,P012,Snack Box,Food and Beverage,1,23.8,23.8,S003,C0104,Card
T001243,2024-04-11,P009,Coffee Beans,Food and Beverage,1,14.62,14.62,S003,C0047,Card
T001244,2025-12-12,P021,Garden Gloves,Outdoor,6,8.58,51.48,S004,C0242,UPI
T001245,2024-08-30,P020,Running Socks,Apparel,1,10.08,10.08,S001,C0279,Card
T001246,2023-12-07,P021,Garden Gloves,Outdoor,2,9.2,18.4,S002,C0257,UPI
T001247,2024-10-11,P008,Webcam,Electronics,5,58.57,292.85,S003,C0084,UPI
T001248,2025-08-24,P007,Bluetooth Speaker,Electronics,1,52.79,52.79,S004,C0269,Card
T001249,2025-07-29,P021,Garden Gloves,Outdoor,1,8.87,8.87,S003,C0163,UPI
T001250,2025-08-13,P009,Coffee Beans,Food and Beverage,1,16.07,16.07,S002,C0259,UPI
T001251,2023-10-31,P001,Notebook,Stationery,2,8.36,16.72,S001,C0196,UPI
T001252,2024-04-16,P014,Cleaning Spray,Household,4,7.04,28.16,S002,C0017,UPI
T001253,2024-08-15,P007,Bluetooth Speaker,Electronics,2,47.26,94.52,S002,C0198,Card
T001254,2023-05-15,P017,Cotton T-Shirt,Apparel,1,20.56,20.56,S002,C0123,UPI
T001255,2025-03-31,P005,Wireless Mouse,Electronics,2,25.19,50.38,S002,C0142,UPI
T001256,2024-07-23,P021,Garden Gloves,Outdoor,1,9.21,9.21,S004,C0235,UPI
T001257,2023-10-01,P005,Wireless Mouse,Electronics,2,24.7,49.4,S001,C0034,Card
T001258,2023-02-16,P005,Wireless Mouse,Electronics,4,24.83,99.32,S003,C0005,UPI
T001259,2023-09-30,P010,Tea Assortment,Food and Beverage,2,12.52,25.04,S003,C0212,UPI
T001260,2024-01-19,P023,Hand Trowel,Outdoor,1,11.09,11.09,S003,C0161,UPI
T001261,2025-07-25,P020,Running Socks,Apparel,2,10.39,20.78,S001,C0176,Bank Transfer
T001262,2025-01-13,P009,Coffee Beans,Food and Beverage,5,14.85,74.25,S003,C0193,Card
T001263,2025-11-03,P007,Bluetooth Speaker,Electronics,3,51.64,154.92,S004,C0044,Card
T001264,2024-02-18,P001,Notebook,Stationery,5,8.41,42.05,S004,C0161,UPI
T001265,2023-10-19,P011,Reusable Water Bottle,Food and Beverage,1,18.45,18.45,S001,C0113,Cash
T001266,2025-01-19,P002,Ballpoint Pen Pack,Stationery,1,5.2,5.2,S003,C0249,UPI
T001267,2025-01-31,P004,Printer Paper,Stationery,1,6.74,6.74,S002,C0056,Card
T001268,2025-09-07,P007,Bluetooth Speaker,Electronics,1,51.4,51.4,S001,C0283,Card
T001269,2024-11-02,P002,Ballpoint Pen Pack,Stationery,2,5.02,10.04,S003,C0052,Card
T001270,2023-04-22,P007,Bluetooth Speaker,Electronics,2,48.59,97.18,S001,C0066,UPI
T001271,2025-09-30,P018,Canvas Tote Bag,Apparel,3,12.85,38.55,S001,C0218,Card
T001272,2023-12-21,P004,Printer Paper,Stationery,1,6.41,6.41,S001,C0193,UPI
T001273,2025-01-18,P006,USB-C Hub,Electronics,4,32.89,131.56,S001,C0036,UPI
T001274,2024-12-25,P017,Cotton T-Shirt,Apparel,1,20.34,20.34,S001,C0277,UPI
T001275,2025-11-30,P023,Hand Trowel,Outdoor,2,10.03,20.06,S002,C0141,Card
T001276,2023-05-06,P008,Webcam,Electronics,1,57.9,57.9,S001,C0045,UPI
T001277,2024-10-09,P005,Wireless Mouse,Electronics,1,26.39,26.39,S004,C0243,Card
T001278,2024-06-14,P017,Cotton T-Shirt,Apparel,2,20.42,40.84,S002,C0283,UPI
T001279,2025-10-13,P003,Desk Organizer,Stationery,2,14.13,28.26,S002,C0163,Cash
T001280,2023-07-09,P010,Tea Assortment,Food and Beverage,5,12.41,62.05,S002,C0170,Cash
T001281,2024-05-27,P013,Hand Soap,Household,2,4.65,9.3,S002,C0213,Cash
T001282,2023-04-22,P005,Wireless Mouse,Electronics,1,24.93,24.93,S002,C0046,UPI
T001283,2025-11-26,P015,Storage Basket,Household,2,15.83,31.66,S002,C0270,UPI
T001284,2024-09-10,P003,Desk Organizer,Stationery,1,14.31,14.31,S001,C0052,UPI
T001285,2024-05-23,P004,Printer Paper,Stationery,3,7.1,21.3,S001,C0170,Cash
T001286,2025-02-17,P007,Bluetooth Speaker,Electronics,3,51.36,154.08,S004,C0117,UPI
T001287,2025-04-13,P010,Tea Assortment,Food and Beverage,4,13.03,52.12,S004,C0197,Card
T001288,2023-07-28,P009,Coffee Beans,Food and Beverage,1,15.95,15.95,S002,C0013,Card
T001289,2024-06-17,P001,Notebook,Stationery,2,8.0,16.0,S003,C0240,UPI
T001290,2025-06-26,P011,Reusable Water Bottle,Food and Beverage,6,17.61,105.66,S002,C0129,Cash
T001291,2023-06-20,P004,Printer Paper,Stationery,1,7.03,7.03,S001,C0039,Card
T001292,2023-05-29,P018,Canvas Tote Bag,Apparel,1,13.77,13.77,S001,C0207,UPI
T001293,2024-03-30,P001,Notebook,Stationery,3,8.2,24.6,S002,C0148,UPI
T001294,2025-07-17,P003,Desk Organizer,Stationery,3,14.33,42.99,S004,C0192,UPI
T001295,2025-09-10,P013,Hand Soap,Household,3,4.7,14.1,S003,C0059,Cash
T001296,2023-04-09,P022,Plant Pot,Outdoor,3,12.21,36.63,S002,C0231,UPI
T001297,2024-05-13,P004,Printer Paper,Stationery,3,6.35,19.05,S001,C0267,Card
T001298,2025-02-03,P006,USB-C Hub,Electronics,2,33.07,66.14,S004,C0008,Cash
T001299,2025-04-03,P019,Baseball Cap,Apparel,6,16.43,98.58,S002,C0131,Cash
T001300,2023-12-13,P004,Printer Paper,Stationery,3,6.77,20.31,S001,C0141,Card
T001301,2025-11-22,P010,Tea Assortment,Food and Beverage,1,12.64,12.64,S001,C0140,UPI
T001302,2023-04-12,P005,Wireless Mouse,Electronics,2,26.37,52.74,S001,C0069,Cash
T001303,2025-04-27,P021,Garden Gloves,Outdoor,2,9.19,18.38,S004,C0019,Card
T001304,2025-06-17,P004,Printer Paper,Stationery,1,6.37,6.37,S002,C0161,Card
T001305,2024-08-03,P005,Wireless Mouse,Electronics,2,25.32,50.64,S003,C0260,UPI
T001306,2024-07-12,P007,Bluetooth Speaker,Electronics,2,49.75,99.5,S001,C0218,Card
T001307,2023-02-22,P013,Hand Soap,Household,2,4.97,9.94,S001,C0082,Bank Transfer
T001308,2024-11-27,P001,Notebook,Stationery,2,8.23,16.46,S003,C0175,UPI
T001309,2025-06-26,P021,Garden Gloves,Outdoor,6,8.49,50.94,S001,C0031,Card
T001310,2023-03-26,P009,Coffee Beans,Food and Beverage,4,16.13,64.52,S003,C0241,UPI
T001311,2025-03-29,P006,USB-C Hub,Electronics,1,35.77,35.77,S002,C0254,Card
T001312,2023-06-20,P002,Ballpoint Pen Pack,Stationery,3,5.13,15.39,S002,C0211,Card
T001313,2023-06-23,P017,Cotton T-Shirt,Apparel,4,20.94,83.76,S003,C0022,Card
T001314,2025-02-02,P011,Reusable Water Bottle,Food and Beverage,5,17.8,89.0,S003,C0125,UPI
T001315,2025-03-16,P022,Plant Pot,Outdoor,5,11.29,56.45,S003,C0276,Cash
T001316,2025-08-28,P019,Baseball Cap,Apparel,2,16.44,32.88,S004,C0198,Cash
T001317,2024-01-13,P002,Ballpoint Pen Pack,Stationery,1,5.52,5.52,S001,C0019,Cash
T001318,2025-05-30,P021,Garden Gloves,Outdoor,1,9.07,9.07,S004,C0092,UPI
T001319,2025-10-19,P002,Ballpoint Pen Pack,Stationery,2,4.94,9.88,S003,C0099,UPI
T001320,2024-08-19,P005,Wireless Mouse,Electronics,2,24.09,48.18,S001,C0053,Bank Transfer
T001321,2023-05-05,P004,Printer Paper,Stationery,1,6.59,6.59,S003,C0020,Card
T001322,2023-05-31,P014,Cleaning Spray,Household,2,7.46,14.92,S003,C0200,Card
T001323,2024-02-20,P024,Watering Can,Outdoor,2,21.8,43.6,S004,C0236,UPI
T001324,2023-08-01,P011,Reusable Water Bottle,Food and Beverage,3,17.93,53.79,S003,C0078,UPI
T001325,2024-05-26,P013,Hand Soap,Household,2,4.87,9.74,S003,C0095,Cash
T001326,2024-08-23,P001,Notebook,Stationery,4,8.25,33.0,S001,C0168,UPI
T001327,2025-02-02,P020,Running Socks,Apparel,2,9.82,19.64,S001,C0013,Bank Transfer
T001328,2023-09-08,P020,Running Socks,Apparel,4,10.31,41.24,S003,C0223,Card
T001329,2024-11-03,P006,USB-C Hub,Electronics,2,35.83,71.66,S003,C0031,UPI
T001330,2024-11-20,P009,Coffee Beans,Food and Beverage,3,16.3,48.9,S001,C0042,UPI
T001331,2023-11-23,P013,Hand Soap,Household,3,4.95,14.85,S004,C0101,UPI
T001332,2025-10-20,P019,Baseball Cap,Apparel,4,15.25,61.0,S004,C0295,UPI
T001333,2025-11-15,P014,Cleaning Spray,Household,4,7.4,29.6,S001,C0286,Card
T001334,2025-09-05,P021,Garden Gloves,Outdoor,3,9.33,27.99,S004,C0283,Card
T001335,2023-03-22,P009,Coffee Beans,Food and Beverage,1,15.03,15.03,S002,C0287,Bank Transfer
T001336,2024-11-06,P022,Plant Pot,Outdoor,1,11.63,11.63,S003,C0024,Card
T001337,2025-08-25,P016,LED Bulb Pack,Household,2,11.83,23.66,S004,C0055,Card
T001338,2023-01-17,P011,Reusable Water Bottle,Food and Beverage,1,18.95,18.95,S001,C0050,Cash
T001339,2024-11-26,P007,Bluetooth Speaker,Electronics,2,52.62,105.24,S003,C0073,Cash
T001340,2023-10-02,P017,Cotton T-Shirt,Apparel,1,21.15,21.15,S001,C0127,Card
T001341,2025-04-10,P005,Wireless Mouse,Electronics,4,26.29,105.16,S002,C0121,Cash
T001342,2024-06-04,P024,Watering Can,Outdoor,2,21.02,42.04,S002,C0062,Cash
T001343,2024-06-04,P019,Baseball Cap,Apparel,1,15.15,15.15,S002,C0279,Cash
T001344,2023-06-01,P024,Watering Can,Outdoor,3,20.23,60.69,S004,C0219,UPI
T001345,2023-12-12,P016,LED Bulb Pack,Household,3,11.76,35.28,S001,C0198,Cash
T001346,2024-05-13,P003,Desk Organizer,Stationery,1,14.01,14.01,S002,C0261,Card
T001347,2024-08-08,P004,Printer Paper,Stationery,4,7.06,28.24,S002,C0022,Cash
T001348,2023-05-03,P023,Hand Trowel,Outdoor,3,10.43,31.29,S002,C0063,Bank Transfer
T001349,2024-01-10,P022,Plant Pot,Outdoor,3,11.89,35.67,S004,C0211,UPI
T001350,2024-05-26,P008,Webcam,Electronics,4,56.96,227.84,S002,C0172,Card
T001351,2024-01-24,P005,Wireless Mouse,Electronics,4,23.52,94.08,S003,C0260,Bank Transfer
T001352,2024-04-29,P009,Coffee Beans,Food and Beverage,1,15.0,15.0,S001,C0175,Card
T001353,2025-05-03,P019,Baseball Cap,Apparel,4,15.55,62.2,S002,C0153,UPI
T001354,2023-04-29,P016,LED Bulb Pack,Household,4,11.38,45.52,S003,C0286,Card
T001355,2025-03-15,P001,Notebook,Stationery,3,8.5,25.5,S003,C0117,Card
T001356,2025-08-12,P016,LED Bulb Pack,Household,2,11.32,22.64,S003,C0127,Card
T001357,2023-08-05,P018,Canvas Tote Bag,Apparel,5,13.44,67.2,S004,C0182,Card
T001358,2025-08-09,P014,Cleaning Spray,Household,4,7.55,30.2,S001,C0078,Card
T001359,2025-09-01,P018,Canvas Tote Bag,Apparel,3,12.7,38.1,S004,C0241,Card
T001360,2025-10-09,P024,Watering Can,Outdoor,4,20.34,81.36,S003,C0159,UPI
T001361,2023-01-03,P007,Bluetooth Speaker,Electronics,1,52.74,52.74,S003,C0026,UPI
T001362,2025-07-27,P019,Baseball Cap,Apparel,1,15.68,15.68,S002,C0247,UPI
T001363,2025-06-15,P006,USB-C Hub,Electronics,2,35.64,71.28,S004,C0031,Card
T001364,2025-12-20,P018,Canvas Tote Bag,Apparel,5,13.96,69.8,S001,C0017,Card
T001365,2023-05-18,P012,Snack Box,Food and Beverage,2,21.25,42.5,S004,C0172,UPI
T001366,2024-09-07,P018,Canvas Tote Bag,Apparel,3,14.1,42.3,S003,C0004,UPI
T001367,2024-09-10,P010,Tea Assortment,Food and Beverage,2,12.42,24.84,S001,C0165,Cash
T001368,2024-11-16,P014,Cleaning Spray,Household,4,7.42,29.68,S001,C0175,Card
T001369,2023-10-10,P010,Tea Assortment,Food and Beverage,5,12.91,64.55,S004,C0135,Cash
T001370,2024-10-11,P004,Printer Paper,Stationery,1,7.0,7.0,S001,C0227,UPI
T001371,2024-05-28,P002,Ballpoint Pen Pack,Stationery,2,5.38,10.76,S002,C0022,Card
T001372,2025-10-14,P010,Tea Assortment,Food and Beverage,2,12.36,24.72,S001,C0038,UPI
T001373,2023-03-06,P014,Cleaning Spray,Household,4,7.61,30.44,S003,C0034,Card
T001374,2023-05-07,P005,Wireless Mouse,Electronics,1,23.57,23.57,S003,C0281,Card
T001375,2024-03-11,P004,Printer Paper,Stationery,1,7.01,7.01,S003,C0028,UPI
T001376,2025-06-04,P010,Tea Assortment,Food and Beverage,3,12.26,36.78,S002,C0165,Cash
T001377,2023-09-09,P009,Coffee Beans,Food and Beverage,5,14.93,74.65,S003,C0114,Card
T001378,2024-06-04,P019,Baseball Cap,Apparel,2,16.31,32.62,S001,C0078,Cash
T001379,2025-12-21,P010,Tea Assortment,Food and Beverage,4,13.16,52.64,S001,C0031,Card
T001380,2025-05-10,P020,Running Socks,Apparel,6,9.71,58.26,S002,C0079,Cash
T001381,2023-05-25,P006,USB-C Hub,Electronics,2,33.27,66.54,S004,C0261,Card
T001382,2025-06-04,P017,Cotton T-Shirt,Apparel,2,21.16,42.32,S001,C0211,Card
T001383,2024-12-01,P006,USB-C Hub,Electronics,6,33.19,199.14,S001,C0184,Card
T001384,2024-02-03,P016,LED Bulb Pack,Household,1,12.24,12.24,S001,C0263,UPI
T001385,2024-07-30,P005,Wireless Mouse,Electronics,5,26.16,130.8,S004,C0242,Bank Transfer
T001386,2023-07-01,P023,Hand Trowel,Outdoor,3,10.93,32.79,S002,C0241,Cash
T001387,2024-10-25,P020,Running Socks,Apparel,2,10.21,20.42,S003,C0159,Cash
T001388,2025-12-10,P008,Webcam,Electronics,2,59.69,119.38,S002,C0203,Card
T001389,2023-07-13,P013,Hand Soap,Household,2,5.01,10.02,S001,C0157,UPI
T001390,2024-07-31,P022,Plant Pot,Outdoor,4,12.48,49.92,S001,C0092,Bank Transfer
T001391,2025-06-10,P017,Cotton T-Shirt,Apparel,1,19.55,19.55,S004,C0202,Cash
T001392,2024-04-15,P010,Tea Assortment,Food and Beverage,2,12.3,24.6,S001,C0155,Cash
T001393,2023-04-24,P001,Notebook,Stationery,2,8.22,16.44,S002,C0137,Card
T001394,2023-03-08,P011,Reusable Water Bottle,Food and Beverage,3,17.41,52.23,S002,C0072,Cash
T001395,2023-03-31,P015,Storage Basket,Household,3,15.73,47.19,S001,C0133,Card
T001396,2025-07-14,P004,Printer Paper,Stationery,2,6.54,13.08,S001,C0190,Cash
T001397,2024-03-03,P022,Plant Pot,Outdoor,2,12.23,24.46,S004,C0188,UPI
T001398,2023-12-07,P020,Running Socks,Apparel,3,10.19,30.57,S001,C0289,Cash
T001399,2024-10-18,P016,LED Bulb Pack,Household,2,12.45,24.9,S003,C0238,Card
T001400,2025-10-14,P011,Reusable Water Bottle,Food and Beverage,5,18.88,94.4,S003,C0128,UPI
T001401,2023-02-08,P024,Watering Can,Outdoor,2,20.93,41.86,S002,C0231,Card
T001402,2025-03-25,P015,Storage Basket,Household,2,16.63,33.26,S002,C0139,Card
T001403,2025-01-27,P014,Cleaning Spray,Household,2,7.1,14.2,S001,C0094,Card
T001404,2023-06-23,P010,Tea Assortment,Food and Beverage,1,12.32,12.32,S003,C0227,Card
T001405,2024-11-16,P017,Cotton T-Shirt,Apparel,3,20.04,60.12,S001,C0074,UPI
T001406,2023-04-30,P017,Cotton T-Shirt,Apparel,1,19.19,19.19,S001,C0047,Card
T001407,2025-02-12,P001,Notebook,Stationery,2,8.83,17.66,S001,C0276,Cash
T001408,2023-01-14,P009,Coffee Beans,Food and Beverage,4,15.81,63.24,S001,C0039,Card
T001409,2023-07-19,P018,Canvas Tote Bag,Apparel,1,13.37,13.37,S003,C0214,Card
T001410,2024-02-16,P013,Hand Soap,Household,1,4.75,4.75,S001,C0094,UPI
T001411,2024-06-03,P008,Webcam,Electronics,1,55.96,55.96,S003,C0052,UPI
T001412,2025-10-29,P007,Bluetooth Speaker,Electronics,1,47.91,47.91,S003,C0191,Card
T001413,2025-02-24,P001,Notebook,Stationery,2,8.48,16.96,S001,C0264,Cash
T001414,2023-04-25,P013,Hand Soap,Household,1,4.51,4.51,S002,C0061,UPI
T001415,2023-09-12,P001,Notebook,Stationery,3,8.17,24.51,S002,C0113,Card
T001416,2025-01-02,P009,Coffee Beans,Food and Beverage,1,16.35,16.35,S001,C0133,UPI
T001417,2024-11-29,P012,Snack Box,Food and Beverage,1,22.72,22.72,S002,C0257,Card
T001418,2023-08-30,P014,Cleaning Spray,Household,1,7.62,7.62,S001,C0096,Card
T001419,2023-04-11,P020,Running Socks,Apparel,2,10.3,20.6,S002,C0097,Card
T001420,2024-11-08,P005,Wireless Mouse,Electronics,1,24.97,24.97,S003,C0184,UPI
T001421,2023-10-10,P003,Desk Organizer,Stationery,1,13.55,13.55,S001,C0264,UPI
T001422,2023-07-02,P005,Wireless Mouse,Electronics,3,25.6,76.8,S001,C0206,Card
T001423,2023-11-17,P001,Notebook,Stationery,3,8.12,24.36,S004,C0122,Card
T001424,2025-04-06,P016,LED Bulb Pack,Household,1,11.78,11.78,S001,C0231,Card
T001425,2025-05-10,P022,Plant Pot,Outdoor,4,11.34,45.36,S004,C0232,Card
T001426,2025-09-13,P023,Hand Trowel,Outdoor,1,10.63,10.63,S003,C0183,UPI
T001427,2025-09-12,P012,Snack Box,Food and Beverage,1,23.05,23.05,S001,C0011,Cash
T001428,2023-01-25,P012,Snack Box,Food and Beverage,1,21.73,21.73,S001,C0069,Card
T001429,2024-06-25,P004,Printer Paper,Stationery,2,6.94,13.88,S004,C0209,Card
T001430,2023-01-03,P002,Ballpoint Pen Pack,Stationery,3,5.07,15.21,S002,C0267,UPI
T001431,2025-04-23,P002,Ballpoint Pen Pack,Stationery,1,5.05,5.05,S004,C0056,Cash
T001432,2024-03-29,P011,Reusable Water Bottle,Food and Beverage,2,18.5,37.0,S001,C0193,Card
T001433,2024-09-01,P009,Coffee Beans,Food and Beverage,3,15.06,45.18,S002,C0226,Card
T001434,2023-06-04,P022,Plant Pot,Outdoor,2,11.82,23.64,S003,C0156,Cash
T001435,2025-12-16,P009,Coffee Beans,Food and Beverage,2,15.43,30.86,S001,C0139,Card
T001436,2024-01-11,P008,Webcam,Electronics,1,56.4,56.4,S003,C0029,Card
T001437,2025-12-16,P020,Running Socks,Apparel,3,10.26,30.78,S004,C0069,UPI
T001438,2025-01-24,P005,Wireless Mouse,Electronics,2,24.75,49.5,S001,C0129,Bank Transfer
T001439,2025-09-23,P021,Garden Gloves,Outdoor,2,8.88,17.76,S004,C0031,Card
T001440,2025-05-22,P005,Wireless Mouse,Electronics,2,26.28,52.56,S002,C0227,Card
T001441,2025-11-20,P017,Cotton T-Shirt,Apparel,3,19.23,57.69,S003,C0209,Cash
T001442,2025-10-12,P001,Notebook,Stationery,1,8.67,8.67,S003,C0007,Card
T001443,2023-04-05,P022,Plant Pot,Outdoor,4,12.11,48.44,S003,C0281,Card
T001444,2024-07-19,P013,Hand Soap,Household,2,4.97,9.94,S002,C0124,Card
T001445,2025-04-18,P004,Printer Paper,Stationery,1,6.71,6.71,S001,C0269,Cash
T001446,2024-04-11,P021,Garden Gloves,Outdoor,6,8.68,52.08,S002,C0201,UPI
T001447,2024-11-21,P001,Notebook,Stationery,1,8.49,8.49,S002,C0243,Cash
T001448,2025-12-07,P016,LED Bulb Pack,Household,1,12.05,12.05,S001,C0086,UPI
T001449,2023-06-24,P024,Watering Can,Outdoor,2,21.66,43.32,S003,C0193,UPI
T001450,2023-12-07,P003,Desk Organizer,Stationery,2,13.81,27.62,S003,C0002,UPI
T001451,2025-01-22,P010,Tea Assortment,Food and Beverage,2,12.22,24.44,S001,C0174,Card
T001452,2024-06-07,P001,Notebook,Stationery,1,8.24,8.24,S001,C0044,UPI
T001453,2023-06-21,P018,Canvas Tote Bag,Apparel,2,13.95,27.9,S003,C0295,Card
T001454,2025-03-10,P005,Wireless Mouse,Electronics,2,24.57,49.14,S004,C0226,Card
T001455,2025-11-29,P005,Wireless Mouse,Electronics,2,24.73,49.46,S002,C0189,UPI
T001456,2025-08-01,P004,Printer Paper,Stationery,3,7.03,21.09,S003,C0214,Cash
T001457,2024-10-12,P005,Wireless Mouse,Electronics,2,23.98,47.96,S001,C0168,Cash
T001458,2024-06-03,P003,Desk Organizer,Stationery,2,14.64,29.28,S001,C0102,Cash
T001459,2023-08-06,P021,Garden Gloves,Outdoor,3,9.22,27.66,S002,C0021,UPI
T001460,2023-07-09,P012,Snack Box,Food and Beverage,1,22.78,22.78,S003,C0039,Bank Transfer
T001461,2023-12-14,P004,Printer Paper,Stationery,4,6.9,27.6,S002,C0216,Card
T001462,2025-02-18,P006,USB-C Hub,Electronics,3,33.76,101.28,S003,C0090,UPI
T001463,2025-02-11,P014,Cleaning Spray,Household,2,6.94,13.88,S001,C0224,Cash
T001464,2024-07-07,P014,Cleaning Spray,Household,4,7.16,28.64,S003,C0124,Card
T001465,2023-03-01,P006,USB-C Hub,Electronics,1,35.55,35.55,S003,C0173,UPI
T001466,2023-04-04,P016,LED Bulb Pack,Household,1,11.58,11.58,S003,C0057,Card
T001467,2025-04-19,P021,Garden Gloves,Outdoor,2,8.8,17.6,S002,C0138,UPI
T001468,2025-04-26,P007,Bluetooth Speaker,Electronics,4,47.26,189.04,S002,C0197,Card
T001469,2024-12-23,P014,Cleaning Spray,Household,4,7.47,29.88,S003,C0280,UPI
T001470,2024-09-02,P005,Wireless Mouse,Electronics,4,24.64,98.56,S001,C0293,Cash
T001471,2025-06-17,P004,Printer Paper,Stationery,1,6.6,6.6,S004,C0068,Cash
T001472,2024-02-23,P006,USB-C Hub,Electronics,1,33.61,33.61,S002,C0290,UPI
T001473,2025-02-15,P005,Wireless Mouse,Electronics,1,25.5,25.5,S004,C0150,Card
T001474,2025-06-10,P015,Storage Basket,Household,1,16.5,16.5,S001,C0185,Cash
T001475,2023-10-30,P008,Webcam,Electronics,1,55.48,55.48,S003,C0247,Cash
T001476,2023-01-13,P017,Cotton T-Shirt,Apparel,6,20.82,124.92,S001,C0145,Card
T001477,2024-10-07,P010,Tea Assortment,Food and Beverage,2,12.27,24.54,S004,C0026,Card
T001478,2023-07-27,P001,Notebook,Stationery,1,8.21,8.21,S004,C0067,UPI
T001479,2023-06-17,P007,Bluetooth Speaker,Electronics,1,52.27,52.27,S001,C0130,UPI
T001480,2023-09-11,P017,Cotton T-Shirt,Apparel,1,20.5,20.5,S001,C0091,UPI
T001481,2025-08-07,P002,Ballpoint Pen Pack,Stationery,4,5.49,21.96,S004,C0064,Cash
T001482,2024-06-12,P013,Hand Soap,Household,3,4.73,14.19,S002,C0124,UPI
T001483,2025-12-22,P007,Bluetooth Speaker,Electronics,2,47.12,94.24,S001,C0065,Cash
T001484,2025-04-20,P016,LED Bulb Pack,Household,1,12.62,12.62,S001,C0184,UPI
T001485,2024-04-21,P004,Printer Paper,Stationery,1,6.35,6.35,S004,C0260,Card
T001486,2025-07-21,P021,Garden Gloves,Outdoor,1,9.14,9.14,S001,C0278,UPI
T001487,2024-02-18,P019,Baseball Cap,Apparel,2,15.25,30.5,S002,C0145,Cash
T001488,2024-01-03,P023,Hand Trowel,Outdoor,1,10.88,10.88,S004,C0256,UPI
T001489,2024-02-07,P005,Wireless Mouse,Electronics,3,26.21,78.63,S001,C0142,Card
T001490,2025-05-31,P007,Bluetooth Speaker,Electronics,1,47.79,47.79,S003,C0102,UPI
T001491,2025-06-12,P005,Wireless Mouse,Electronics,1,24.6,24.6,S002,C0130,UPI
T001492,2024-11-05,P013,Hand Soap,Household,2,4.89,9.78,S001,C0190,Cash
T001493,2023-02-03,P010,Tea Assortment,Food and Beverage,4,12.17,48.68,S004,C0259,UPI
T001494,2023-06-17,P021,Garden Gloves,Outdoor,1,8.77,8.77,S002,C0131,UPI
T001495,2025-08-26,P014,Cleaning Spray,Household,3,6.83,20.49,S003,C0197,Cash
T001496,2025-12-06,P001,Notebook,Stationery,2,8.49,16.98,S002,C0114,Cash
T001497,2025-04-18,P024,Watering Can,Outdoor,4,21.81,87.24,S003,C0139,Card
T001498,2024-10-22,P001,Notebook,Stationery,2,8.77,17.54,S003,C0019,UPI
T001499,2024-05-25,P011,Reusable Water Bottle,Food and Beverage,1,17.46,17.46,S001,C0288,UPI
T001500,2024-10-13,P001,Notebook,Stationery,1,8.28,8.28,S004,C0092,UPI
T001501,2023-09-03,P010,Tea Assortment,Food and Beverage,2,12.56,25.12,S003,C0223,Card
T001502,2024-04-23,P024,Watering Can,Outdoor,2,19.82,39.64,S001,C0123,Card
T001503,2024-04-07,P007,Bluetooth Speaker,Electronics,2,50.56,101.12,S001,C0281,Bank Transfer
T001504,2023-04-23,P003,Desk Organizer,Stationery,1,14.43,14.43,S001,C0023,Card
T001505,2025-05-31,P017,Cotton T-Shirt,Apparel,1,20.61,20.61,S001,C0118,Card
T001506,2024-08-23,P019,Baseball Cap,Apparel,3,15.27,45.81,S004,C0036,Cash
T001507,2025-02-01,P005,Wireless Mouse,Electronics,1,25.59,25.59,S002,C0015,Bank Transfer
T001508,2023-11-10,P016,LED Bulb Pack,Household,1,12.68,12.68,S003,C0205,Card
T001509,2023-08-18,P014,Cleaning Spray,Household,1,7.52,7.52,S002,C0143,UPI
T001510,2025-11-24,P013,Hand Soap,Household,2,4.86,9.72,S003,C0237,Cash
T001511,2024-02-24,P024,Watering Can,Outdoor,2,21.8,43.6,S002,C0111,UPI
T001512,2025-04-11,P016,LED Bulb Pack,Household,4,12.66,50.64,S004,C0065,Cash
T001513,2025-02-11,P004,Printer Paper,Stationery,3,6.71,20.13,S001,C0028,Card
T001514,2025-05-09,P011,Reusable Water Bottle,Food and Beverage,4,18.26,73.04,S003,C0252,Cash
T001515,2024-06-19,P024,Watering Can,Outdoor,1,20.69,20.69,S001,C0272,UPI
T001516,2023-09-08,P012,Snack Box,Food and Beverage,1,21.95,21.95,S001,C0141,Cash
T001517,2023-01-03,P002,Ballpoint Pen Pack,Stationery,4,5.41,21.64,S003,C0083,Bank Transfer
T001518,2025-03-17,P007,Bluetooth Speaker,Electronics,2,49.74,99.48,S001,C0108,UPI
T001519,2023-07-15,P003,Desk Organizer,Stationery,3,14.37,43.11,S001,C0015,Cash
T001520,2023-03-06,P005,Wireless Mouse,Electronics,2,25.1,50.2,S002,C0214,Bank Transfer
T001521,2023-10-21,P007,Bluetooth Speaker,Electronics,2,51.49,102.98,S002,C0069,UPI
T001522,2023-04-27,P003,Desk Organizer,Stationery,1,13.95,13.95,S004,C0237,UPI
T001523,2024-12-20,P015,Storage Basket,Household,2,17.07,34.14,S001,C0074,Cash
T001524,2024-07-05,P015,Storage Basket,Household,3,17.23,51.69,S004,C0188,Card
T001525,2025-01-08,P024,Watering Can,Outdoor,3,20.62,61.86,S001,C0087,UPI
T001526,2023-01-25,P024,Watering Can,Outdoor,1,20.49,20.49,S001,C0183,Cash
T001527,2025-03-29,P024,Watering Can,Outdoor,2,22.06,44.12,S001,C0299,UPI
T001528,2025-11-08,P020,Running Socks,Apparel,3,10.52,31.56,S004,C0005,Cash
T001529,2024-04-20,P024,Watering Can,Outdoor,2,21.06,42.12,S001,C0057,UPI
T001530,2025-02-20,P002,Ballpoint Pen Pack,Stationery,2,5.36,10.72,S003,C0066,Card
T001531,2023-12-23,P006,USB-C Hub,Electronics,3,34.65,103.95,S004,C0192,UPI
T001532,2023-03-02,P019,Baseball Cap,Apparel,4,15.55,62.2,S003,C0038,Cash
T001533,2023-02-14,P003,Desk Organizer,Stationery,3,13.6,40.8,S003,C0274,Card
T001534,2024-07-19,P017,Cotton T-Shirt,Apparel,4,20.25,81.0,S002,C0228,Card
T001535,2025-12-18,P005,Wireless Mouse,Electronics,2,24.01,48.02,S001,C0012,Card
T001536,2023-10-12,P002,Ballpoint Pen Pack,Stationery,1,5.46,5.46,S002,C0244,Card
T001537,2024-05-18,P016,LED Bulb Pack,Household,1,12.24,12.24,S004,C0053,Card
T001538,2025-12-07,P013,Hand Soap,Household,1,4.78,4.78,S003,C0039,Cash
T001539,2024-03-25,P019,Baseball Cap,Apparel,1,15.93,15.93,S003,C0123,UPI
T001540,2023-10-24,P018,Canvas Tote Bag,Apparel,1,14.14,14.14,S003,C0010,Bank Transfer
T001541,2025-07-15,P024,Watering Can,Outdoor,4,22.16,88.64,S003,C0185,UPI
T001542,2023-08-31,P010,Tea Assortment,Food and Beverage,3,12.02,36.06,S003,C0260,Card
T001543,2024-08-11,P020,Running Socks,Apparel,1,10.15,10.15,S002,C0149,Cash
T001544,2024-04-21,P018,Canvas Tote Bag,Apparel,1,13.47,13.47,S002,C0233,Cash
T001545,2024-12-17,P019,Baseball Cap,Apparel,3,16.29,48.87,S001,C0086,UPI
T001546,2024-11-02,P016,LED Bulb Pack,Household,1,11.98,11.98,S002,C0116,Card
T001547,2023-08-27,P005,Wireless Mouse,Electronics,2,25.6,51.2,S001,C0172,Card
T001548,2024-03-11,P002,Ballpoint Pen Pack,Stationery,4,4.97,19.88,S004,C0216,Card
T001549,2023-01-21,P018,Canvas Tote Bag,Apparel,2,13.55,27.1,S003,C0048,UPI
T001550,2025-04-22,P017,Cotton T-Shirt,Apparel,2,20.84,41.68,S001,C0004,Card
T001551,2025-07-23,P019,Baseball Cap,Apparel,4,16.95,67.8,S004,C0171,UPI
T001552,2023-01-29,P004,Printer Paper,Stationery,2,7.15,14.3,S002,C0005,Card
T001553,2023-03-20,P013,Hand Soap,Household,1,5.0,5.0,S002,C0129,UPI
T001554,2023-08-03,P009,Coffee Beans,Food and Beverage,1,15.39,15.39,S002,C0082,Card
T001555,2024-05-20,P013,Hand Soap,Household,5,4.72,23.6,S001,C0121,Cash
T001556,2025-12-13,P007,Bluetooth Speaker,Electronics,2,51.22,102.44,S001,C0230,Card
T001557,2024-11-27,P011,Reusable Water Bottle,Food and Beverage,1,17.65,17.65,S003,C0237,UPI
T001558,2025-05-09,P006,USB-C Hub,Electronics,2,35.04,70.08,S002,C0271,UPI
T001559,2023-02-24,P016,LED Bulb Pack,Household,3,12.67,38.01,S003,C0139,UPI
T001560,2025-08-07,P015,Storage Basket,Household,3,17.33,51.99,S001,C0074,UPI
T001561,2023-10-03,P007,Bluetooth Speaker,Electronics,2,47.04,94.08,S003,C0122,Bank Transfer
T001562,2024-05-02,P016,LED Bulb Pack,Household,1,11.97,11.97,S004,C0295,UPI
T001563,2024-03-03,P004,Printer Paper,Stationery,2,6.39,12.78,S001,C0192,UPI
T001564,2025-07-30,P003,Desk Organizer,Stationery,2,13.37,26.74,S002,C0140,Card
T001565,2025-06-29,P017,Cotton T-Shirt,Apparel,2,21.1,42.2,S002,C0116,Card
T001566,2024-10-20,P024,Watering Can,Outdoor,3,21.93,65.79,S004,C0229,Card
T001567,2023-09-16,P004,Printer Paper,Stationery,1,6.96,6.96,S001,C0029,Bank Transfer
T001568,2024-08-17,P004,Printer Paper,Stationery,1,6.7,6.7,S003,C0002,UPI
T001569,2025-09-26,P019,Baseball Cap,Apparel,3,15.83,47.49,S004,C0163,UPI
T001570,2023-01-25,P012,Snack Box,Food and Beverage,1,21.25,21.25,S003,C0022,UPI
T001571,2024-11-30,P005,Wireless Mouse,Electronics,1,23.54,23.54,S004,C0202,Cash
T001572,2024-05-25,P021,Garden Gloves,Outdoor,3,9.43,28.29,S004,C0297,Card
T001573,2023-12-14,P012,Snack Box,Food and Beverage,1,21.52,21.52,S004,C0093,Card
T001574,2025-12-20,P015,Storage Basket,Household,4,16.71,66.84,S003,C0222,Cash
T001575,2025-08-18,P011,Reusable Water Bottle,Food and Beverage,3,17.44,52.32,S004,C0250,Cash
T001576,2024-11-13,P016,LED Bulb Pack,Household,1,11.86,11.86,S001,C0095,Bank Transfer
T001577,2024-09-25,P010,Tea Assortment,Food and Beverage,1,12.68,12.68,S002,C0190,Card
T001578,2025-07-25,P019,Baseball Cap,Apparel,2,15.87,31.74,S004,C0038,Card
T001579,2024-04-22,P021,Garden Gloves,Outdoor,1,9.3,9.3,S002,C0042,Cash
T001580,2025-08-19,P011,Reusable Water Bottle,Food and Beverage,2,17.18,34.36,S003,C0083,Card
T001581,2023-07-26,P017,Cotton T-Shirt,Apparel,1,19.65,19.65,S004,C0212,Cash
T001582,2025-02-15,P005,Wireless Mouse,Electronics,1,26.0,26.0,S001,C0021,Card
T001583,2024-12-03,P009,Coffee Beans,Food and Beverage,4,16.05,64.2,S003,C0299,Bank Transfer
T001584,2025-02-20,P007,Bluetooth Speaker,Electronics,2,48.99,97.98,S003,C0065,Card
T001585,2024-03-17,P013,Hand Soap,Household,2,4.92,9.84,S002,C0155,UPI
T001586,2024-03-24,P023,Hand Trowel,Outdoor,2,10.46,20.92,S004,C0229,Bank Transfer
T001587,2024-04-13,P001,Notebook,Stationery,1,8.12,8.12,S001,C0192,UPI
T001588,2023-02-18,P023,Hand Trowel,Outdoor,2,10.12,20.24,S003,C0002,Bank Transfer
T001589,2024-05-13,P015,Storage Basket,Household,3,16.58,49.74,S003,C0190,Card
T001590,2025-07-13,P001,Notebook,Stationery,3,8.16,24.48,S003,C0113,UPI
T001591,2024-03-04,P009,Coffee Beans,Food and Beverage,1,14.93,14.93,S003,C0166,Card
T001592,2023-11-15,P001,Notebook,Stationery,1,8.77,8.77,S003,C0286,UPI
T001593,2024-02-06,P022,Plant Pot,Outdoor,3,11.61,34.83,S003,C0140,Cash
T001594,2023-01-12,P005,Wireless Mouse,Electronics,2,25.03,50.06,S002,C0157,UPI
T001595,2025-04-15,P017,Cotton T-Shirt,Apparel,1,20.43,20.43,S003,C0257,UPI
T001596,2024-04-27,P014,Cleaning Spray,Household,6,7.65,45.9,S001,C0179,Card
T001597,2024-08-08,P006,USB-C Hub,Electronics,2,32.62,65.24,S002,C0099,UPI
T001598,2025-03-27,P009,Coffee Beans,Food and Beverage,1,15.18,15.18,S004,C0233,Card
T001599,2023-05-01,P020,Running Socks,Apparel,4,9.63,38.52,S003,C0041,UPI
T001600,2024-01-01,P021,Garden Gloves,Outdoor,3,8.47,25.41,S001,C0147,UPI
T001601,2025-09-24,P006,USB-C Hub,Electronics,2,36.38,72.76,S002,C0129,UPI
T001602,2025-12-20,P003,Desk Organizer,Stationery,1,14.36,14.36,S002,C0284,UPI
T001603,2023-10-11,P002,Ballpoint Pen Pack,Stationery,3,5.31,15.93,S002,C0117,Card
T001604,2024-12-13,P017,Cotton T-Shirt,Apparel,3,20.29,60.87,S001,C0285,Cash
T001605,2024-01-07,P005,Wireless Mouse,Electronics,2,25.29,50.58,S002,C0119,Card
T001606,2023-02-15,P023,Hand Trowel,Outdoor,3,10.9,32.7,S002,C0152,Cash
T001607,2023-11-18,P004,Printer Paper,Stationery,2,6.92,13.84,S003,C0197,Card
T001608,2023-12-01,P002,Ballpoint Pen Pack,Stationery,3,5.48,16.44,S003,C0286,Card
T001609,2023-03-30,P009,Coffee Beans,Food and Beverage,1,15.97,15.97,S002,C0082,UPI
T001610,2023-03-04,P012,Snack Box,Food and Beverage,4,21.44,85.76,S004,C0106,UPI
T001611,2025-04-18,P002,Ballpoint Pen Pack,Stationery,1,5.28,5.28,S003,C0038,UPI
T001612,2024-05-30,P009,Coffee Beans,Food and Beverage,3,14.96,44.88,S001,C0033,Cash
T001613,2023-09-07,P005,Wireless Mouse,Electronics,5,24.65,123.25,S002,C0287,Cash
T001614,2024-08-26,P008,Webcam,Electronics,3,60.65,181.95,S002,C0076,Cash
T001615,2023-09-11,P018,Canvas Tote Bag,Apparel,4,14.19,56.76,S001,C0150,Card
T001616,2025-02-16,P022,Plant Pot,Outdoor,2,11.67,23.34,S003,C0020,Bank Transfer
T001617,2023-10-07,P007,Bluetooth Speaker,Electronics,3,52.45,157.35,S001,C0022,Cash
T001618,2023-03-07,P007,Bluetooth Speaker,Electronics,1,50.38,50.38,S002,C0195,UPI
T001619,2024-04-24,P016,LED Bulb Pack,Household,4,11.8,47.2,S002,C0053,UPI
T001620,2024-08-24,P002,Ballpoint Pen Pack,Stationery,2,5.29,10.58,S004,C0197,UPI
T001621,2024-03-03,P007,Bluetooth Speaker,Electronics,3,52.92,158.76,S003,C0046,Card
T001622,2024-05-11,P007,Bluetooth Speaker,Electronics,3,48.62,145.86,S001,C0084,Card
T001623,2023-02-10,P014,Cleaning Spray,Household,1,7.68,7.68,S001,C0208,UPI
T001624,2024-11-02,P012,Snack Box,Food and Beverage,1,22.66,22.66,S002,C0182,Card
T001625,2025-05-05,P011,Reusable Water Bottle,Food and Beverage,2,18.46,36.92,S004,C0183,Card
T001626,2024-05-29,P009,Coffee Beans,Food and Beverage,2,16.25,32.5,S004,C0057,Card
T001627,2023-11-20,P021,Garden Gloves,Outdoor,1,8.89,8.89,S002,C0099,UPI
T001628,2025-06-11,P017,Cotton T-Shirt,Apparel,3,20.96,62.88,S004,C0030,UPI
T001629,2024-08-14,P004,Printer Paper,Stationery,3,7.04,21.12,S002,C0036,Cash
T001630,2023-05-22,P024,Watering Can,Outdoor,2,19.96,39.92,S003,C0027,Card
T001631,2023-10-25,P004,Printer Paper,Stationery,2,6.35,12.7,S001,C0082,Card
T001632,2024-03-31,P013,Hand Soap,Household,3,4.79,14.37,S001,C0147,Card
T001633,2024-03-26,P001,Notebook,Stationery,4,8.9,35.6,S002,C0245,UPI
T001634,2024-09-19,P017,Cotton T-Shirt,Apparel,3,19.54,58.62,S002,C0026,Cash
T001635,2024-12-17,P011,Reusable Water Bottle,Food and Beverage,3,18.35,55.05,S002,C0238,Card
T001636,2023-01-28,P006,USB-C Hub,Electronics,3,36.31,108.93,S001,C0257,UPI
T001637,2024-03-01,P002,Ballpoint Pen Pack,Stationery,1,5.49,5.49,S001,C0226,Card
T001638,2024-08-24,P005,Wireless Mouse,Electronics,2,25.99,51.98,S001,C0012,Cash
T001639,2023-05-29,P014,Cleaning Spray,Household,3,7.45,22.35,S003,C0287,Card
T001640,2023-10-21,P012,Snack Box,Food and Beverage,3,22.77,68.31,S001,C0184,Card
T001641,2024-12-09,P006,USB-C Hub,Electronics,1,36.11,36.11,S002,C0218,UPI
T001642,2023-09-10,P016,LED Bulb Pack,Household,2,11.64,23.28,S001,C0247,UPI
T001643,2023-01-22,P007,Bluetooth Speaker,Electronics,2,47.32,94.64,S002,C0230,UPI
T001644,2024-12-05,P022,Plant Pot,Outdoor,1,12.26,12.26,S003,C0126,UPI
T001645,2024-01-17,P018,Canvas Tote Bag,Apparel,2,13.43,26.86,S001,C0053,Card
T001646,2025-07-07,P004,Printer Paper,Stationery,2,6.36,12.72,S002,C0233,Card
T001647,2023-12-20,P022,Plant Pot,Outdoor,1,12.62,12.62,S004,C0031,Card
T001648,2023-03-14,P011,Reusable Water Bottle,Food and Beverage,4,18.56,74.24,S002,C0132,Card
T001649,2024-07-28,P022,Plant Pot,Outdoor,2,11.92,23.84,S004,C0181,Card
T001650,2023-10-30,P009,Coffee Beans,Food and Beverage,4,15.11,60.44,S001,C0041,Card
T001651,2025-12-27,P021,Garden Gloves,Outdoor,1,9.32,9.32,S002,C0065,UPI
T001652,2025-02-27,P006,USB-C Hub,Electronics,2,34.85,69.7,S001,C0083,UPI
T001653,2024-10-26,P022,Plant Pot,Outdoor,2,11.42,22.84,S004,C0182,Card
T001654,2023-05-17,P019,Baseball Cap,Apparel,4,16.33,65.32,S002,C0230,UPI
T001655,2024-02-10,P018,Canvas Tote Bag,Apparel,4,14.19,56.76,S001,C0206,UPI
T001656,2023-09-30,P020,Running Socks,Apparel,1,10.31,10.31,S002,C0299,Card
T001657,2023-06-01,P010,Tea Assortment,Food and Beverage,1,12.84,12.84,S001,C0145,Bank Transfer
T001658,2023-06-06,P004,Printer Paper,Stationery,4,6.58,26.32,S001,C0174,Card
T001659,2023-12-29,P005,Wireless Mouse,Electronics,1,24.53,24.53,S001,C0275,UPI
T001660,2024-02-08,P005,Wireless Mouse,Electronics,1,24.83,24.83,S004,C0216,Cash
T001661,2023-06-15,P022,Plant Pot,Outdoor,2,12.67,25.34,S001,C0082,UPI
T001662,2023-10-26,P008,Webcam,Electronics,1,59.95,59.95,S003,C0063,UPI
T001663,2023-03-15,P017,Cotton T-Shirt,Apparel,1,20.29,20.29,S004,C0048,Card
T001664,2024-05-29,P003,Desk Organizer,Stationery,2,14.32,28.64,S003,C0189,Cash
T001665,2024-09-22,P017,Cotton T-Shirt,Apparel,4,19.47,77.88,S001,C0083,Card
T001666,2023-02-07,P012,Snack Box,Food and Beverage,1,23.02,23.02,S004,C0018,Card
T001667,2024-04-17,P006,USB-C Hub,Electronics,1,33.33,33.33,S004,C0227,UPI
T001668,2025-08-11,P012,Snack Box,Food and Beverage,5,22.92,114.6,S002,C0249,UPI
T001669,2023-05-24,P002,Ballpoint Pen Pack,Stationery,3,4.98,14.94,S003,C0225,Card
T001670,2025-01-01,P017,Cotton T-Shirt,Apparel,1,19.31,19.31,S003,C0121,Card
T001671,2025-09-03,P019,Baseball Cap,Apparel,3,15.83,47.49,S002,C0179,Card
T001672,2024-06-14,P005,Wireless Mouse,Electronics,4,25.76,103.04,S002,C0134,Bank Transfer
T001673,2024-03-26,P014,Cleaning Spray,Household,1,6.84,6.84,S002,C0107,Cash
T001674,2023-11-09,P005,Wireless Mouse,Electronics,1,26.33,26.33,S002,C0281,Card
T001675,2023-03-21,P010,Tea Assortment,Food and Beverage,4,13.36,53.44,S001,C0122,UPI
T001676,2025-06-27,P006,USB-C Hub,Electronics,4,35.1,140.4,S003,C0179,Card
T001677,2023-03-01,P006,USB-C Hub,Electronics,3,35.16,105.48,S001,C0290,UPI
T001678,2024-09-05,P011,Reusable Water Bottle,Food and Beverage,1,17.2,17.2,S002,C0226,UPI
T001679,2024-11-05,P004,Printer Paper,Stationery,4,6.42,25.68,S004,C0235,Bank Transfer
T001680,2023-10-24,P008,Webcam,Electronics,3,56.71,170.13,S001,C0208,Card
T001681,2025-08-25,P024,Watering Can,Outdoor,2,20.86,41.72,S001,C0211,Card
T001682,2024-09-28,P022,Plant Pot,Outdoor,4,11.29,45.16,S004,C0251,Card
T001683,2023-01-04,P010,Tea Assortment,Food and Beverage,2,12.26,24.52,S002,C0076,Bank Transfer
T001684,2025-04-03,P024,Watering Can,Outdoor,3,20.57,61.71,S002,C0134,Cash
T001685,2024-10-23,P012,Snack Box,Food and Beverage,1,22.28,22.28,S001,C0037,Bank Transfer
T001686,2025-08-03,P010,Tea Assortment,Food and Beverage,2,13.01,26.02,S002,C0128,Card
T001687,2025-12-28,P005,Wireless Mouse,Electronics,4,26.2,104.8,S001,C0248,Cash
T001688,2025-02-10,P009,Coffee Beans,Food and Beverage,1,14.63,14.63,S002,C0090,Card
T001689,2023-02-20,P016,LED Bulb Pack,Household,1,11.34,11.34,S003,C0148,Cash
T001690,2024-06-06,P002,Ballpoint Pen Pack,Stationery,2,5.47,10.94,S002,C0116,Card
T001691,2023-09-16,P016,LED Bulb Pack,Household,1,11.6,11.6,S002,C0070,Card
T001692,2025-12-15,P017,Cotton T-Shirt,Apparel,1,19.04,19.04,S001,C0241,Card
T001693,2025-08-23,P003,Desk Organizer,Stationery,3,13.6,40.8,S002,C0090,Card
T001694,2025-09-06,P014,Cleaning Spray,Household,3,7.37,22.11,S003,C0142,UPI
T001695,2023-03-10,P016,LED Bulb Pack,Household,1,12.61,12.61,S003,C0232,Bank Transfer
T001696,2024-08-15,P004,Printer Paper,Stationery,2,6.65,13.3,S002,C0257,UPI
T001697,2024-10-23,P010,Tea Assortment,Food and Beverage,2,12.57,25.14,S004,C0274,UPI
T001698,2023-02-03,P024,Watering Can,Outdoor,3,21.01,63.03,S004,C0093,UPI
T001699,2024-01-25,P019,Baseball Cap,Apparel,2,15.58,31.16,S001,C0094,Cash
T001700,2023-04-02,P020,Running Socks,Apparel,1,9.91,9.91,S004,C0256,Card
T001701,2025-06-29,P008,Webcam,Electronics,1,58.58,58.58,S004,C0293,Bank Transfer
T001702,2024-06-20,P003,Desk Organizer,Stationery,2,14.07,28.14,S004,C0278,Bank Transfer
T001703,2023-07-15,P005,Wireless Mouse,Electronics,1,24.07,24.07,S004,C0180,Card
T001704,2024-07-13,P002,Ballpoint Pen Pack,Stationery,2,5.35,10.7,S004,C0199,Card
T001705,2024-09-05,P020,Running Socks,Apparel,1,10.35,10.35,S003,C0290,UPI
T001706,2025-05-27,P002,Ballpoint Pen Pack,Stationery,1,4.95,4.95,S002,C0069,UPI
T001707,2025-03-29,P003,Desk Organizer,Stationery,1,14.67,14.67,S002,C0099,Card
T001708,2023-10-10,P004,Printer Paper,Stationery,1,6.49,6.49,S002,C0268,UPI
T001709,2024-09-14,P015,Storage Basket,Household,3,16.94,50.82,S001,C0139,Card
T001710,2025-11-18,P006,USB-C Hub,Electronics,1,33.51,33.51,S001,C0013,UPI
T001711,2025-04-18,P003,Desk Organizer,Stationery,3,13.87,41.61,S002,C0141,Card
T001712,2025-04-14,P023,Hand Trowel,Outdoor,1,10.19,10.19,S002,C0081,Card
T001713,2023-10-29,P002,Ballpoint Pen Pack,Stationery,1,5.41,5.41,S003,C0138,Card
T001714,2025-10-20,P002,Ballpoint Pen Pack,Stationery,2,5.16,10.32,S002,C0150,Cash
T001715,2024-03-10,P009,Coffee Beans,Food and Beverage,1,15.36,15.36,S003,C0002,Card
T001716,2025-04-20,P007,Bluetooth Speaker,Electronics,1,49.7,49.7,S002,C0201,Card
T001717,2025-07-15,P004,Printer Paper,Stationery,2,6.74,13.48,S004,C0160,Card
T001718,2024-10-11,P001,Notebook,Stationery,2,8.8,17.6,S004,C0022,Card
T001719,2023-03-15,P013,Hand Soap,Household,2,4.54,9.08,S004,C0103,Cash
T001720,2025-12-24,P024,Watering Can,Outdoor,1,21.61,21.61,S001,C0001,UPI
T001721,2023-03-11,P024,Watering Can,Outdoor,1,20.45,20.45,S002,C0030,UPI
T001722,2024-09-18,P021,Garden Gloves,Outdoor,1,9.12,9.12,S004,C0067,Cash
T001723,2025-09-18,P011,Reusable Water Bottle,Food and Beverage,1,17.8,17.8,S001,C0256,UPI
T001724,2025-12-12,P020,Running Socks,Apparel,1,9.49,9.49,S002,C0140,UPI
T001725,2024-02-09,P023,Hand Trowel,Outdoor,3,10.38,31.14,S001,C0027,UPI
T001726,2025-11-02,P013,Hand Soap,Household,3,4.61,13.83,S004,C0049,UPI
T001727,2023-06-12,P005,Wireless Mouse,Electronics,2,24.77,49.54,S001,C0024,UPI
T001728,2023-06-19,P002,Ballpoint Pen Pack,Stationery,2,5.27,10.54,S003,C0262,Card
T001729,2025-09-13,P009,Coffee Beans,Food and Beverage,1,14.69,14.69,S003,C0077,Card
T001730,2024-04-07,P003,Desk Organizer,Stationery,2,14.52,29.04,S002,C0047,UPI
T001731,2023-04-28,P020,Running Socks,Apparel,3,10.07,30.21,S001,C0190,UPI
T001732,2024-01-19,P017,Cotton T-Shirt,Apparel,2,18.86,37.72,S001,C0090,Cash
T001733,2023-05-30,P005,Wireless Mouse,Electronics,1,26.02,26.02,S002,C0087,Card
T001734,2025-02-25,P016,LED Bulb Pack,Household,3,12.41,37.23,S003,C0118,Bank Transfer
T001735,2024-02-26,P017,Cotton T-Shirt,Apparel,2,19.83,39.66,S001,C0053,Card
T001736,2025-10-09,P005,Wireless Mouse,Electronics,1,23.86,23.86,S001,C0287,Cash
T001737,2025-04-24,P017,Cotton T-Shirt,Apparel,1,19.37,19.37,S002,C0299,Cash
T001738,2025-04-26,P002,Ballpoint Pen Pack,Stationery,1,5.15,5.15,S004,C0236,UPI
T001739,2025-12-30,P020,Running Socks,Apparel,2,9.6,19.2,S001,C0136,Card
T001740,2025-01-11,P023,Hand Trowel,Outdoor,4,10.75,43.0,S002,C0015,UPI
T001741,2025-01-18,P017,Cotton T-Shirt,Apparel,5,20.16,100.8,S002,C0188,UPI
T001742,2023-09-27,P017,Cotton T-Shirt,Apparel,1,20.46,20.46,S003,C0269,Card
T001743,2024-09-23,P014,Cleaning Spray,Household,1,7.47,7.47,S001,C0198,UPI
T001744,2023-03-08,P008,Webcam,Electronics,1,56.13,56.13,S003,C0184,Card
T001745,2024-08-26,P001,Notebook,Stationery,3,8.68,26.04,S002,C0208,UPI
T001746,2023-10-16,P022,Plant Pot,Outdoor,5,12.63,63.15,S004,C0256,Card
T001747,2025-05-03,P007,Bluetooth Speaker,Electronics,3,52.26,156.78,S001,C0239,Bank Transfer
T001748,2025-03-03,P002,Ballpoint Pen Pack,Stationery,2,5.46,10.92,S003,C0235,Card
T001749,2025-04-18,P021,Garden Gloves,Outdoor,2,8.74,17.48,S003,C0077,Cash
T001750,2024-02-21,P010,Tea Assortment,Food and Beverage,1,12.87,12.87,S002,C0064,UPI
T001751,2023-12-18,P013,Hand Soap,Household,2,4.47,8.94,S002,C0195,Cash
T001752,2023-01-28,P009,Coffee Beans,Food and Beverage,2,16.27,32.54,S004,C0148,Bank Transfer
T001753,2023-08-30,P012,Snack Box,Food and Beverage,2,21.99,43.98,S001,C0078,Cash
T001754,2024-03-13,P015,Storage Basket,Household,6,15.82,94.92,S001,C0210,Card
T001755,2025-10-31,P007,Bluetooth Speaker,Electronics,3,51.63,154.89,S003,C0118,Card
T001756,2024-05-02,P021,Garden Gloves,Outdoor,2,9.12,18.24,S001,C0224,UPI
T001757,2023-08-31,P008,Webcam,Electronics,2,60.0,120.0,S004,C0031,Card
T001758,2024-01-26,P020,Running Socks,Apparel,3,10.34,31.02,S002,C0027,UPI
T001759,2025-11-15,P018,Canvas Tote Bag,Apparel,1,13.57,13.57,S004,C0029,UPI
T001760,2023-01-14,P018,Canvas Tote Bag,Apparel,1,13.11,13.11,S004,C0042,Card
T001761,2025-06-09,P008,Webcam,Electronics,1,62.49,62.49,S001,C0269,Bank Transfer
T001762,2025-09-24,P008,Webcam,Electronics,3,56.58,169.74,S002,C0282,Card
T001763,2024-10-08,P004,Printer Paper,Stationery,1,6.62,6.62,S004,C0124,UPI
T001764,2023-09-30,P015,Storage Basket,Household,3,16.04,48.12,S003,C0050,Card
T001765,2023-11-05,P019,Baseball Cap,Apparel,1,16.06,16.06,S004,C0108,Card
T001766,2023-12-20,P017,Cotton T-Shirt,Apparel,1,20.08,20.08,S002,C0035,Cash
T001767,2025-08-23,P023,Hand Trowel,Outdoor,2,10.29,20.58,S004,C0291,Bank Transfer
T001768,2024-11-30,P015,Storage Basket,Household,1,16.61,16.61,S001,C0080,Card
T001769,2025-10-16,P015,Storage Basket,Household,1,16.88,16.88,S004,C0010,Card
T001770,2024-09-20,P021,Garden Gloves,Outdoor,2,8.63,17.26,S001,C0120,Card
T001771,2024-08-16,P013,Hand Soap,Household,2,4.69,9.38,S001,C0231,Cash
T001772,2025-12-07,P022,Plant Pot,Outdoor,1,11.92,11.92,S002,C0046,Bank Transfer
T001773,2025-04-23,P001,Notebook,Stationery,2,8.49,16.98,S001,C0101,Bank Transfer
T001774,2025-02-27,P010,Tea Assortment,Food and Beverage,1,12.47,12.47,S002,C0078,UPI
T001775,2024-10-28,P020,Running Socks,Apparel,4,10.22,40.88,S002,C0002,UPI
T001776,2025-02-03,P018,Canvas Tote Bag,Apparel,3,14.05,42.15,S003,C0193,UPI
T001777,2025-04-08,P007,Bluetooth Speaker,Electronics,6,51.63,309.78,S001,C0223,Card
T001778,2024-01-28,P008,Webcam,Electronics,4,55.48,221.92,S003,C0009,UPI
T001779,2025-10-26,P017,Cotton T-Shirt,Apparel,1,21.03,21.03,S002,C0248,UPI
T001780,2024-10-13,P003,Desk Organizer,Stationery,1,13.99,13.99,S001,C0044,Card
T001781,2024-03-14,P002,Ballpoint Pen Pack,Stationery,1,4.99,4.99,S004,C0057,UPI
T001782,2024-01-20,P011,Reusable Water Bottle,Food and Beverage,2,17.61,35.22,S001,C0180,Bank Transfer
T001783,2023-04-15,P021,Garden Gloves,Outdoor,2,8.8,17.6,S004,C0134,Bank Transfer
T001784,2024-08-31,P020,Running Socks,Apparel,2,10.31,20.62,S003,C0106,Bank Transfer
T001785,2025-04-09,P022,Plant Pot,Outdoor,3,11.69,35.07,S003,C0285,Bank Transfer
T001786,2023-03-26,P009,Coffee Beans,Food and Beverage,1,15.52,15.52,S001,C0218,Bank Transfer
T001787,2024-08-06,P017,Cotton T-Shirt,Apparel,2,19.65,39.3,S002,C0200,Bank Transfer
T001788,2023-12-23,P021,Garden Gloves,Outdoor,2,9.1,18.2,S002,C0235,Card
T001789,2024-08-28,P001,Notebook,Stationery,1,8.91,8.91,S001,C0255,Card
T001790,2023-01-26,P023,Hand Trowel,Outdoor,1,10.22,10.22,S003,C0124,Card
T001791,2023-01-13,P021,Garden Gloves,Outdoor,2,8.47,16.94,S003,C0258,UPI
T001792,2025-02-27,P010,Tea Assortment,Food and Beverage,3,13.28,39.84,S002,C0172,Bank Transfer
T001793,2025-08-18,P003,Desk Organizer,Stationery,2,13.88,27.76,S003,C0127,Card
T001794,2024-12-18,P007,Bluetooth Speaker,Electronics,1,49.8,49.8,S002,C0159,Card
T001795,2023-03-02,P007,Bluetooth Speaker,Electronics,1,48.23,48.23,S001,C0277,Card
T001796,2023-10-25,P005,Wireless Mouse,Electronics,2,25.62,51.24,S002,C0004,UPI
T001797,2024-09-09,P001,Notebook,Stationery,1,8.99,8.99,S003,C0228,Card
T001798,2024-05-24,P016,LED Bulb Pack,Household,1,12.07,12.07,S002,C0220,Cash
T001799,2023-10-30,P009,Coffee Beans,Food and Beverage,3,14.61,43.83,S002,C0160,Card
T001800,2023-07-17,P012,Snack Box,Food and Beverage,5,23.26,116.3,S001,C0086,Card
T001801,2023-10-10,P006,USB-C Hub,Electronics,1,33.69,33.69,S001,C0033,UPI
T001802,2024-05-16,P022,Plant Pot,Outdoor,1,12.06,12.06,S001,C0076,UPI
T001803,2024-08-16,P011,Reusable Water Bottle,Food and Beverage,2,16.93,33.86,S002,C0226,UPI
T001804,2023-12-09,P009,Coffee Beans,Food and Beverage,2,16.38,32.76,S002,C0210,Bank Transfer
T001805,2024-05-09,P005,Wireless Mouse,Electronics,3,24.23,72.69,S002,C0131,UPI
T001806,2024-08-08,P022,Plant Pot,Outdoor,1,11.32,11.32,S001,C0298,UPI
T001807,2023-12-10,P009,Coffee Beans,Food and Beverage,2,15.99,31.98,S003,C0053,Card
T001808,2024-09-16,P019,Baseball Cap,Apparel,2,15.49,30.98,S003,C0051,Bank Transfer
T001809,2023-08-17,P015,Storage Basket,Household,3,15.51,46.53,S001,C0177,Card
T001810,2024-06-15,P005,Wireless Mouse,Electronics,2,24.97,49.94,S004,C0197,Card
T001811,2024-10-29,P015,Storage Basket,Household,1,16.29,16.29,S002,C0106,UPI
T001812,2023-01-01,P009,Coffee Beans,Food and Beverage,5,14.71,73.55,S003,C0215,Card
T001813,2025-04-25,P003,Desk Organizer,Stationery,1,14.31,14.31,S001,C0232,Cash
T001814,2024-07-06,P014,Cleaning Spray,Household,2,7.45,14.9,S004,C0259,Card
T001815,2023-05-09,P014,Cleaning Spray,Household,4,7.08,28.32,S002,C0023,Card
T001816,2024-03-02,P009,Coffee Beans,Food and Beverage,3,16.03,48.09,S001,C0153,Card
T001817,2025-02-08,P019,Baseball Cap,Apparel,1,16.15,16.15,S003,C0070,Cash
T001818,2024-02-22,P010,Tea Assortment,Food and Beverage,3,13.04,39.12,S004,C0003,Card
T001819,2024-10-12,P010,Tea Assortment,Food and Beverage,2,13.23,26.46,S004,C0204,UPI
T001820,2023-04-06,P002,Ballpoint Pen Pack,Stationery,1,5.36,5.36,S003,C0152,Bank Transfer
T001821,2024-10-13,P015,Storage Basket,Household,4,17.08,68.32,S001,C0238,UPI
T001822,2024-12-22,P022,Plant Pot,Outdoor,1,11.31,11.31,S004,C0025,Cash
T001823,2024-11-21,P015,Storage Basket,Household,3,17.26,51.78,S003,C0047,UPI
T001824,2025-05-22,P013,Hand Soap,Household,2,4.99,9.98,S002,C0259,UPI
T001825,2023-07-19,P009,Coffee Beans,Food and Beverage,5,14.63,73.15,S003,C0122,UPI
T001826,2024-08-02,P020,Running Socks,Apparel,1,9.68,9.68,S001,C0126,UPI
T001827,2025-06-21,P021,Garden Gloves,Outdoor,4,8.74,34.96,S001,C0188,Card
T001828,2024-03-05,P001,Notebook,Stationery,4,8.98,35.92,S004,C0098,UPI
T001829,2024-01-04,P014,Cleaning Spray,Household,2,7.04,14.08,S003,C0097,UPI
T001830,2025-03-15,P005,Wireless Mouse,Electronics,6,23.98,143.88,S001,C0080,Card
T001831,2025-05-04,P020,Running Socks,Apparel,3,10.3,30.9,S004,C0170,Cash
T001832,2025-07-18,P005,Wireless Mouse,Electronics,1,23.78,23.78,S003,C0212,Card
T001833,2024-01-06,P020,Running Socks,Apparel,1,9.47,9.47,S004,C0080,Bank Transfer
T001834,2023-10-08,P004,Printer Paper,Stationery,4,6.4,25.6,S002,C0052,Card
T001835,2025-11-01,P012,Snack Box,Food and Beverage,3,22.82,68.46,S002,C0132,Card
T001836,2023-04-26,P002,Ballpoint Pen Pack,Stationery,2,5.24,10.48,S002,C0261,UPI
T001837,2024-11-02,P023,Hand Trowel,Outdoor,2,9.95,19.9,S001,C0196,Card
T001838,2023-11-02,P016,LED Bulb Pack,Household,1,11.43,11.43,S003,C0161,UPI
T001839,2024-04-01,P006,USB-C Hub,Electronics,3,34.5,103.5,S003,C0016,Card
T001840,2023-10-15,P020,Running Socks,Apparel,1,9.97,9.97,S002,C0276,UPI
T001841,2024-12-20,P003,Desk Organizer,Stationery,1,13.69,13.69,S004,C0275,Cash
T001842,2023-07-27,P018,Canvas Tote Bag,Apparel,5,14.25,71.25,S004,C0166,Cash
T001843,2023-12-07,P021,Garden Gloves,Outdoor,6,9.15,54.9,S002,C0116,UPI
T001844,2024-08-18,P012,Snack Box,Food and Beverage,5,21.75,108.75,S003,C0069,Cash
T001845,2024-08-14,P014,Cleaning Spray,Household,3,7.21,21.63,S002,C0159,Card
T001846,2023-09-20,P016,LED Bulb Pack,Household,2,11.37,22.74,S004,C0197,Bank Transfer
T001847,2023-05-22,P006,USB-C Hub,Electronics,2,35.91,71.82,S001,C0163,Card
T001848,2025-10-25,P001,Notebook,Stationery,2,8.1,16.2,S003,C0221,Card
T001849,2024-08-09,P019,Baseball Cap,Apparel,2,15.39,30.78,S001,C0024,UPI
T001850,2024-04-13,P001,Notebook,Stationery,1,8.6,8.6,S001,C0247,UPI
T001851,2023-01-22,P020,Running Socks,Apparel,1,9.69,9.69,S003,C0166,Card
T001852,2025-04-29,P003,Desk Organizer,Stationery,3,14.01,42.03,S002,C0107,UPI
T001853,2023-01-29,P020,Running Socks,Apparel,6,9.85,59.1,S002,C0124,UPI
T001854,2025-07-17,P013,Hand Soap,Household,1,4.8,4.8,S003,C0158,Card
T001855,2023-05-10,P001,Notebook,Stationery,6,8.84,53.04,S001,C0221,Card
T001856,2025-09-17,P019,Baseball Cap,Apparel,2,16.54,33.08,S001,C0032,UPI
T001857,2024-12-10,P020,Running Socks,Apparel,2,10.31,20.62,S001,C0059,Cash
T001858,2024-11-25,P010,Tea Assortment,Food and Beverage,1,12.69,12.69,S002,C0162,Card
T001859,2025-12-06,P006,USB-C Hub,Electronics,5,32.84,164.2,S001,C0258,Cash
T001860,2023-12-18,P023,Hand Trowel,Outdoor,1,10.99,10.99,S003,C0098,UPI
T001861,2023-12-01,P005,Wireless Mouse,Electronics,4,25.94,103.76,S001,C0192,Card
T001862,2025-07-27,P014,Cleaning Spray,Household,6,7.05,42.3,S001,C0068,UPI
T001863,2025-08-17,P011,Reusable Water Bottle,Food and Beverage,2,19.06,38.12,S002,C0061,UPI
T001864,2023-03-11,P017,Cotton T-Shirt,Apparel,4,20.49,81.96,S003,C0024,Cash
T001865,2023-08-18,P010,Tea Assortment,Food and Beverage,2,13.08,26.16,S003,C0055,Card
T001866,2024-04-12,P020,Running Socks,Apparel,2,9.56,19.12,S002,C0114,Card
T001867,2023-03-18,P004,Printer Paper,Stationery,6,7.1,42.6,S002,C0060,Card
T001868,2023-03-22,P019,Baseball Cap,Apparel,2,16.39,32.78,S001,C0198,Cash
T001869,2024-04-11,P003,Desk Organizer,Stationery,3,13.45,40.35,S001,C0200,UPI
T001870,2025-10-08,P002,Ballpoint Pen Pack,Stationery,4,4.98,19.92,S001,C0201,Cash
T001871,2024-10-13,P002,Ballpoint Pen Pack,Stationery,1,5.21,5.21,S003,C0012,Card
T001872,2023-11-18,P021,Garden Gloves,Outdoor,2,9.43,18.86,S001,C0285,UPI
T001873,2024-03-15,P013,Hand Soap,Household,1,4.82,4.82,S001,C0155,Card
T001874,2023-01-26,P017,Cotton T-Shirt,Apparel,2,21.02,42.04,S001,C0233,Card
T001875,2024-12-28,P002,Ballpoint Pen Pack,Stationery,2,5.21,10.42,S004,C0163,UPI
T001876,2025-09-06,P005,Wireless Mouse,Electronics,1,23.75,23.75,S004,C0273,UPI
T001877,2025-08-29,P001,Notebook,Stationery,1,8.4,8.4,S004,C0182,UPI
T001878,2024-05-19,P003,Desk Organizer,Stationery,3,13.45,40.35,S004,C0041,UPI
T001879,2025-10-23,P020,Running Socks,Apparel,2,9.98,19.96,S003,C0299,Card
T001880,2023-02-04,P006,USB-C Hub,Electronics,1,33.04,33.04,S004,C0258,Card
T001881,2023-09-19,P013,Hand Soap,Household,1,4.73,4.73,S001,C0015,UPI
T001882,2025-04-17,P010,Tea Assortment,Food and Beverage,1,13.4,13.4,S003,C0162,Card
T001883,2025-09-07,P021,Garden Gloves,Outdoor,1,8.69,8.69,S001,C0241,Card
T001884,2025-09-10,P008,Webcam,Electronics,2,60.88,121.76,S001,C0261,Card
T001885,2023-10-15,P017,Cotton T-Shirt,Apparel,2,20.34,40.68,S002,C0025,Card
T001886,2024-08-05,P005,Wireless Mouse,Electronics,2,26.29,52.58,S001,C0034,UPI
T001887,2024-06-14,P013,Hand Soap,Household,2,4.82,9.64,S002,C0071,Card
T001888,2023-07-01,P002,Ballpoint Pen Pack,Stationery,3,5.1,15.3,S001,C0084,Card
T001889,2023-05-24,P012,Snack Box,Food and Beverage,2,22.98,45.96,S002,C0025,UPI
T001890,2024-09-16,P009,Coffee Beans,Food and Beverage,2,16.07,32.14,S003,C0204,Card
T001891,2025-11-06,P006,USB-C Hub,Electronics,2,32.93,65.86,S002,C0140,Card
T001892,2023-12-10,P020,Running Socks,Apparel,2,10.08,20.16,S003,C0196,Cash
T001893,2024-09-21,P009,Coffee Beans,Food and Beverage,1,15.61,15.61,S003,C0270,UPI
T001894,2025-03-23,P007,Bluetooth Speaker,Electronics,5,49.14,245.7,S003,C0148,UPI
T001895,2024-11-04,P007,Bluetooth Speaker,Electronics,2,47.07,94.14,S003,C0129,Cash
T001896,2023-02-25,P001,Notebook,Stationery,1,8.05,8.05,S001,C0161,UPI
T001897,2024-01-06,P002,Ballpoint Pen Pack,Stationery,1,5.41,5.41,S001,C0175,Cash
T001898,2024-03-02,P017,Cotton T-Shirt,Apparel,2,20.41,40.82,S002,C0263,Cash
T001899,2023-05-08,P002,Ballpoint Pen Pack,Stationery,2,4.99,9.98,S001,C0279,UPI
T001900,2024-09-17,P003,Desk Organizer,Stationery,2,14.43,28.86,S001,C0022,Card
T001901,2025-04-29,P006,USB-C Hub,Electronics,2,36.27,72.54,S001,C0125,UPI
T001902,2024-11-21,P013,Hand Soap,Household,3,4.65,13.95,S003,C0180,Card
T001903,2024-04-27,P022,Plant Pot,Outdoor,1,12.0,12.0,S003,C0003,UPI
T001904,2024-02-28,P012,Snack Box,Food and Beverage,4,21.26,85.04,S002,C0088,Cash
T001905,2025-08-05,P010,Tea Assortment,Food and Beverage,1,12.76,12.76,S001,C0162,UPI
T001906,2025-12-17,P007,Bluetooth Speaker,Electronics,1,49.08,49.08,S002,C0128,Card
T001907,2023-02-02,P015,Storage Basket,Household,5,16.01,80.05,S003,C0027,Card
T001908,2025-06-17,P017,Cotton T-Shirt,Apparel,2,20.24,40.48,S001,C0172,UPI
T001909,2024-06-12,P016,LED Bulb Pack,Household,3,12.36,37.08,S003,C0270,Cash
T001910,2024-01-19,P003,Desk Organizer,Stationery,4,14.79,59.16,S003,C0071,Cash
T001911,2023-10-20,P010,Tea Assortment,Food and Beverage,1,12.2,12.2,S003,C0047,Card
T001912,2024-06-24,P007,Bluetooth Speaker,Electronics,2,52.76,105.52,S004,C0230,UPI
T001913,2023-10-07,P015,Storage Basket,Household,6,15.97,95.82,S004,C0002,Card
T001914,2025-09-13,P005,Wireless Mouse,Electronics,1,24.19,24.19,S002,C0134,Cash
T001915,2025-05-17,P005,Wireless Mouse,Electronics,4,23.74,94.96,S001,C0267,Card
T001916,2023-04-05,P007,Bluetooth Speaker,Electronics,1,52.04,52.04,S004,C0079,Bank Transfer
T001917,2023-05-24,P014,Cleaning Spray,Household,1,7.11,7.11,S002,C0168,Card
T001918,2025-07-18,P001,Notebook,Stationery,1,8.16,8.16,S002,C0049,Cash
T001919,2024-05-21,P013,Hand Soap,Household,2,4.9,9.8,S003,C0171,Bank Transfer
T001920,2024-09-28,P018,Canvas Tote Bag,Apparel,3,13.09,39.27,S004,C0297,Card
T001921,2024-01-07,P018,Canvas Tote Bag,Apparel,4,12.78,51.12,S002,C0267,Cash
T001922,2024-04-28,P021,Garden Gloves,Outdoor,5,8.94,44.7,S001,C0232,UPI
T001923,2023-06-25,P009,Coffee Beans,Food and Beverage,2,14.83,29.66,S004,C0235,Cash
T001924,2025-01-04,P011,Reusable Water Bottle,Food and Beverage,1,17.68,17.68,S001,C0276,Bank Transfer
T001925,2025-05-14,P008,Webcam,Electronics,2,60.41,120.82,S001,C0053,UPI
T001926,2023-03-16,P017,Cotton T-Shirt,Apparel,3,19.05,57.15,S003,C0011,Card
T001927,2023-09-29,P011,Reusable Water Bottle,Food and Beverage,2,18.5,37.0,S004,C0133,UPI
T001928,2023-08-20,P010,Tea Assortment,Food and Beverage,5,12.74,63.7,S001,C0232,Card
T001929,2024-02-14,P015,Storage Basket,Household,2,16.29,32.58,S003,C0256,UPI
T001930,2023-10-06,P016,LED Bulb Pack,Household,2,11.82,23.64,S003,C0063,Card
T001931,2024-07-15,P020,Running Socks,Apparel,4,10.37,41.48,S001,C0073,Cash
T001932,2024-03-08,P022,Plant Pot,Outdoor,3,12.4,37.2,S003,C0190,UPI
T001933,2025-07-20,P019,Baseball Cap,Apparel,1,16.72,16.72,S004,C0115,UPI
T001934,2025-04-04,P017,Cotton T-Shirt,Apparel,2,20.79,41.58,S001,C0022,Card
T001935,2025-07-21,P021,Garden Gloves,Outdoor,2,8.66,17.32,S002,C0031,Card
T001936,2024-05-07,P018,Canvas Tote Bag,Apparel,2,14.18,28.36,S001,C0254,Card
T001937,2023-11-10,P012,Snack Box,Food and Beverage,2,22.68,45.36,S003,C0058,Cash
T001938,2023-08-17,P013,Hand Soap,Household,1,4.79,4.79,S004,C0175,Cash
T001939,2023-09-17,P008,Webcam,Electronics,1,60.27,60.27,S001,C0178,Cash
T001940,2024-01-17,P001,Notebook,Stationery,2,8.42,16.84,S002,C0151,Cash
T001941,2025-02-05,P002,Ballpoint Pen Pack,Stationery,3,5.55,16.65,S001,C0016,Card
T001942,2025-07-10,P011,Reusable Water Bottle,Food and Beverage,1,17.43,17.43,S002,C0110,UPI
T001943,2025-10-22,P012,Snack Box,Food and Beverage,1,22.54,22.54,S003,C0057,UPI
T001944,2024-06-03,P019,Baseball Cap,Apparel,5,16.75,83.75,S002,C0150,UPI
T001945,2023-11-04,P006,USB-C Hub,Electronics,2,33.46,66.92,S003,C0202,UPI
T001946,2024-12-07,P021,Garden Gloves,Outdoor,3,9.05,27.15,S001,C0023,Bank Transfer
T001947,2023-09-29,P015,Storage Basket,Household,4,16.72,66.88,S003,C0242,Card
T001948,2024-09-08,P001,Notebook,Stationery,1,8.18,8.18,S003,C0148,Card
T001949,2024-10-24,P009,Coffee Beans,Food and Beverage,4,16.03,64.12,S002,C0283,Card
T001950,2023-09-29,P009,Coffee Beans,Food and Beverage,2,14.66,29.32,S002,C0227,Card
T001951,2025-02-01,P024,Watering Can,Outdoor,1,20.44,20.44,S001,C0151,Card
T001952,2025-10-18,P016,LED Bulb Pack,Household,1,11.75,11.75,S001,C0235,UPI
T001953,2023-09-23,P010,Tea Assortment,Food and Beverage,5,12.57,62.85,S001,C0034,UPI
T001954,2025-07-29,P002,Ballpoint Pen Pack,Stationery,1,5.17,5.17,S003,C0054,UPI
T001955,2023-01-05,P024,Watering Can,Outdoor,5,21.67,108.35,S003,C0144,Card
T001956,2025-09-12,P002,Ballpoint Pen Pack,Stationery,2,5.1,10.2,S003,C0292,Cash
T001957,2024-04-03,P011,Reusable Water Bottle,Food and Beverage,2,19.05,38.1,S003,C0080,Card
T001958,2023-02-13,P010,Tea Assortment,Food and Beverage,3,13.48,40.44,S001,C0185,Bank Transfer
T001959,2025-02-15,P004,Printer Paper,Stationery,1,6.81,6.81,S001,C0222,Cash
T001960,2023-08-24,P022,Plant Pot,Outdoor,2,12.5,25.0,S001,C0159,Card
T001961,2024-11-22,P011,Reusable Water Bottle,Food and Beverage,3,18.13,54.39,S001,C0226,Card
T001962,2025-08-08,P009,Coffee Beans,Food and Beverage,3,15.56,46.68,S003,C0057,UPI
T001963,2024-01-13,P004,Printer Paper,Stationery,4,7.07,28.28,S001,C0287,Card
T001964,2025-10-23,P020,Running Socks,Apparel,5,9.51,47.55,S001,C0246,UPI
T001965,2023-04-28,P022,Plant Pot,Outdoor,1,12.22,12.22,S004,C0263,Cash
T001966,2024-11-11,P004,Printer Paper,Stationery,6,7.08,42.48,S003,C0164,UPI
T001967,2023-07-03,P005,Wireless Mouse,Electronics,4,24.78,99.12,S004,C0048,UPI
T001968,2023-11-21,P024,Watering Can,Outdoor,2,21.06,42.12,S004,C0162,UPI
T001969,2023-08-22,P012,Snack Box,Food and Beverage,2,22.78,45.56,S003,C0231,Card
T001970,2023-12-31,P001,Notebook,Stationery,6,9.01,54.06,S001,C0132,UPI
T001971,2023-04-06,P019,Baseball Cap,Apparel,1,15.82,15.82,S002,C0003,UPI
T001972,2025-09-12,P019,Baseball Cap,Apparel,3,16.62,49.86,S001,C0197,Bank Transfer
T001973,2023-08-17,P017,Cotton T-Shirt,Apparel,1,20.27,20.27,S003,C0043,UPI
T001974,2023-05-14,P011,Reusable Water Bottle,Food and Beverage,2,17.9,35.8,S003,C0031,UPI
T001975,2023-04-25,P016,LED Bulb Pack,Household,1,12.27,12.27,S004,C0072,Bank Transfer
T001976,2025-10-18,P011,Reusable Water Bottle,Food and Beverage,4,17.77,71.08,S001,C0083,Card
T001977,2023-05-08,P013,Hand Soap,Household,3,4.63,13.89,S002,C0202,Card
T001978,2024-02-18,P012,Snack Box,Food and Beverage,2,22.86,45.72,S001,C0003,Cash
T001979,2024-06-23,P003,Desk Organizer,Stationery,2,13.74,27.48,S002,C0101,Cash
T001980,2023-02-26,P019,Baseball Cap,Apparel,1,15.98,15.98,S002,C0145,Card
T001981,2024-10-03,P009,Coffee Beans,Food and Beverage,3,14.66,43.98,S002,C0115,Card
T001982,2024-07-16,P016,LED Bulb Pack,Household,2,12.28,24.56,S001,C0185,Card
T001983,2024-11-02,P006,USB-C Hub,Electronics,3,34.63,103.89,S003,C0024,UPI
T001984,2025-05-17,P014,Cleaning Spray,Household,3,7.14,21.42,S004,C0247,Bank Transfer
T001985,2025-05-05,P019,Baseball Cap,Apparel,4,15.79,63.16,S004,C0220,Cash
T001986,2023-01-03,P017,Cotton T-Shirt,Apparel,2,19.0,38.0,S001,C0204,Card
T001987,2024-03-05,P016,LED Bulb Pack,Household,3,11.37,34.11,S002,C0226,Card
T001988,2023-09-16,P013,Hand Soap,Household,4,5.03,20.12,S002,C0001,Card
T001989,2023-11-10,P002,Ballpoint Pen Pack,Stationery,1,5.19,5.19,S004,C0088,UPI
T001990,2025-02-18,P005,Wireless Mouse,Electronics,2,24.96,49.92,S003,C0206,Card
T001991,2025-11-17,P013,Hand Soap,Household,1,4.88,4.88,S003,C0120,Card
T001992,2023-11-21,P020,Running Socks,Apparel,1,9.4,9.4,S002,C0221,UPI
T001993,2023-10-19,P002,Ballpoint Pen Pack,Stationery,6,5.49,32.94,S004,C0198,UPI
T001994,2025-04-23,P003,Desk Organizer,Stationery,1,13.27,13.27,S001,C0109,UPI
T001995,2024-11-15,P005,Wireless Mouse,Electronics,3,24.98,74.94,S004,C0201,Card
T001996,2025-10-18,P009,Coffee Beans,Food and Beverage,4,14.6,58.4,S001,C0001,Cash
T001997,2024-06-09,P006,USB-C Hub,Electronics,1,34.21,34.21,S003,C0242,Cash
T001998,2024-10-28,P011,Reusable Water Bottle,Food and Beverage,1,18.55,18.55,S003,C0111,UPI
T001999,2024-12-27,P014,Cleaning Spray,Household,4,7.5,30.0,S003,C0237,Card
T002000,2025-04-15,P013,Hand Soap,Household,2,4.7,9.4,S001,C0102,Card
T002001,2024-11-14,P024,Watering Can,Outdoor,2,21.4,42.8,S004,C0231,Card
T002002,2024-01-21,P002,Ballpoint Pen Pack,Stationery,3,4.99,14.97,S001,C0154,Card
T002003,2024-02-11,P018,Canvas Tote Bag,Apparel,3,12.79,38.37,S004,C0073,Cash
T002004,2023-07-05,P008,Webcam,Electronics,3,60.38,181.14,S002,C0094,UPI
T002005,2025-12-27,P004,Printer Paper,Stationery,2,6.77,13.54,S004,C0207,Card
T002006,2024-06-04,P022,Plant Pot,Outdoor,4,11.48,45.92,S003,C0264,UPI
T002007,2024-06-28,P023,Hand Trowel,Outdoor,3,10.79,32.37,S004,C0136,Cash
T002008,2025-10-01,P022,Plant Pot,Outdoor,6,12.7,76.2,S003,C0043,Card
T002009,2023-11-14,P018,Canvas Tote Bag,Apparel,6,14.11,84.66,S002,C0214,UPI
T002010,2024-09-24,P020,Running Socks,Apparel,1,9.63,9.63,S003,C0132,Cash
T002011,2025-08-01,P003,Desk Organizer,Stationery,3,14.75,44.25,S001,C0173,UPI
T002012,2025-01-21,P010,Tea Assortment,Food and Beverage,2,12.65,25.3,S002,C0047,Card
T002013,2023-04-30,P024,Watering Can,Outdoor,3,20.82,62.46,S001,C0245,Card
T002014,2023-04-13,P005,Wireless Mouse,Electronics,2,25.69,51.38,S001,C0164,Card
T002015,2023-05-17,P024,Watering Can,Outdoor,1,22.07,22.07,S002,C0026,Cash
T002016,2023-09-26,P016,LED Bulb Pack,Household,2,12.45,24.9,S002,C0270,UPI
T002017,2025-07-17,P020,Running Socks,Apparel,2,9.76,19.52,S003,C0108,Card
T002018,2023-08-19,P012,Snack Box,Food and Beverage,3,21.8,65.4,S001,C0268,Bank Transfer
T002019,2025-01-20,P002,Ballpoint Pen Pack,Stationery,5,4.96,24.8,S001,C0174,Card
T002020,2024-02-11,P017,Cotton T-Shirt,Apparel,1,20.76,20.76,S004,C0126,UPI
T002021,2025-11-20,P019,Baseball Cap,Apparel,1,15.61,15.61,S003,C0183,Cash
T002022,2023-12-01,P018,Canvas Tote Bag,Apparel,2,13.8,27.6,S001,C0096,UPI
T002023,2024-02-08,P022,Plant Pot,Outdoor,4,12.16,48.64,S002,C0224,Card
T002024,2025-08-28,P019,Baseball Cap,Apparel,1,16.41,16.41,S002,C0231,Cash
T002025,2025-11-28,P012,Snack Box,Food and Beverage,4,23.39,93.56,S004,C0115,UPI
T002026,2023-10-28,P002,Ballpoint Pen Pack,Stationery,3,5.39,16.17,S001,C0211,Card
T002027,2024-11-07,P006,USB-C Hub,Electronics,1,35.73,35.73,S003,C0198,UPI
T002028,2024-03-25,P006,USB-C Hub,Electronics,1,33.86,33.86,S004,C0263,Card
T002029,2025-08-12,P016,LED Bulb Pack,Household,3,12.0,36.0,S002,C0148,Cash
T002030,2025-10-12,P005,Wireless Mouse,Electronics,4,25.62,102.48,S001,C0163,Bank Transfer
T002031,2025-05-28,P002,Ballpoint Pen Pack,Stationery,1,4.99,4.99,S002,C0262,Card
T002032,2024-01-05,P015,Storage Basket,Household,3,15.94,47.82,S003,C0150,Card
T002033,2023-12-25,P022,Plant Pot,Outdoor,3,11.79,35.37,S002,C0176,UPI
T002034,2023-08-01,P022,Plant Pot,Outdoor,1,12.61,12.61,S001,C0067,Cash
T002035,2025-02-25,P015,Storage Basket,Household,2,17.34,34.68,S002,C0092,Card
T002036,2024-04-29,P002,Ballpoint Pen Pack,Stationery,3,5.52,16.56,S003,C0210,Card
T002037,2025-06-03,P002,Ballpoint Pen Pack,Stationery,1,5.17,5.17,S002,C0280,Card
T002038,2025-05-13,P016,LED Bulb Pack,Household,2,12.21,24.42,S001,C0193,Card
T002039,2025-01-09,P006,USB-C Hub,Electronics,2,32.48,64.96,S002,C0199,UPI
T002040,2023-10-03,P007,Bluetooth Speaker,Electronics,1,49.7,49.7,S004,C0265,Cash
T002041,2023-09-13,P004,Printer Paper,Stationery,3,7.15,21.45,S001,C0116,UPI
T002042,2024-11-29,P002,Ballpoint Pen Pack,Stationery,4,5.38,21.52,S002,C0270,UPI
T002043,2023-03-09,P009,Coffee Beans,Food and Beverage,1,16.17,16.17,S001,C0059,UPI
T002044,2025-07-05,P010,Tea Assortment,Food and Beverage,5,13.15,65.75,S004,C0138,Card
T002045,2025-07-27,P005,Wireless Mouse,Electronics,3,23.66,70.98,S004,C0043,Card
T002046,2023-02-26,P006,USB-C Hub,Electronics,2,34.17,68.34,S002,C0103,UPI
T002047,2024-09-28,P003,Desk Organizer,Stationery,5,13.83,69.15,S001,C0252,Cash
T002048,2023-06-29,P023,Hand Trowel,Outdoor,4,10.53,42.12,S004,C0190,UPI
T002049,2023-12-29,P017,Cotton T-Shirt,Apparel,2,19.52,39.04,S001,C0267,Card
T002050,2024-11-11,P006,USB-C Hub,Electronics,4,35.1,140.4,S003,C0121,Bank Transfer
T002051,2024-12-19,P017,Cotton T-Shirt,Apparel,2,19.2,38.4,S004,C0069,UPI
T002052,2025-01-27,P005,Wireless Mouse,Electronics,2,25.59,51.18,S004,C0151,Card
T002053,2024-08-08,P018,Canvas Tote Bag,Apparel,1,14.21,14.21,S001,C0093,Bank Transfer
T002054,2025-01-07,P014,Cleaning Spray,Household,1,7.62,7.62,S003,C0241,UPI
T002055,2024-01-01,P006,USB-C Hub,Electronics,3,36.42,109.26,S004,C0243,Card
T002056,2025-05-02,P017,Cotton T-Shirt,Apparel,1,21.19,21.19,S002,C0004,Card
T002057,2025-12-23,P017,Cotton T-Shirt,Apparel,2,19.41,38.82,S004,C0283,UPI
T002058,2023-03-04,P006,USB-C Hub,Electronics,1,32.47,32.47,S004,C0221,Card
T002059,2024-01-06,P024,Watering Can,Outdoor,5,20.44,102.2,S002,C0026,UPI
T002060,2023-06-14,P018,Canvas Tote Bag,Apparel,1,13.53,13.53,S002,C0089,UPI
T002061,2025-09-16,P004,Printer Paper,Stationery,1,7.04,7.04,S003,C0182,Card
T002062,2024-11-13,P011,Reusable Water Bottle,Food and Beverage,5,17.36,86.8,S002,C0196,UPI
T002063,2024-03-21,P016,LED Bulb Pack,Household,3,11.49,34.47,S002,C0036,Card
T002064,2023-06-11,P010,Tea Assortment,Food and Beverage,1,12.01,12.01,S001,C0237,UPI
T002065,2023-10-26,P012,Snack Box,Food and Beverage,1,22.8,22.8,S001,C0005,Card
T002066,2024-10-04,P018,Canvas Tote Bag,Apparel,2,13.18,26.36,S004,C0298,UPI
T002067,2024-10-27,P016,LED Bulb Pack,Household,6,11.98,71.88,S002,C0283,Card
T002068,2024-08-07,P010,Tea Assortment,Food and Beverage,1,12.02,12.02,S002,C0165,UPI
T002069,2023-03-07,P015,Storage Basket,Household,1,17.03,17.03,S001,C0213,Card
T002070,2024-01-22,P006,USB-C Hub,Electronics,3,35.92,107.76,S001,C0221,Bank Transfer
T002071,2024-02-17,P005,Wireless Mouse,Electronics,4,23.82,95.28,S001,C0291,UPI
T002072,2023-07-16,P013,Hand Soap,Household,2,4.91,9.82,S001,C0170,Card
T002073,2025-09-27,P022,Plant Pot,Outdoor,2,11.36,22.72,S001,C0008,Card
T002074,2024-11-17,P005,Wireless Mouse,Electronics,1,25.72,25.72,S001,C0216,Card
T002075,2024-03-30,P001,Notebook,Stationery,1,8.09,8.09,S003,C0180,UPI
T002076,2024-01-28,P008,Webcam,Electronics,4,56.5,226.0,S001,C0098,UPI
T002077,2024-06-10,P024,Watering Can,Outdoor,1,21.75,21.75,S001,C0121,Cash
T002078,2023-09-14,P008,Webcam,Electronics,4,57.1,228.4,S004,C0086,UPI
T002079,2025-01-27,P003,Desk Organizer,Stationery,2,13.33,26.66,S002,C0113,Card
T002080,2024-09-04,P003,Desk Organizer,Stationery,3,14.36,43.08,S002,C0142,UPI
T002081,2024-02-02,P005,Wireless Mouse,Electronics,4,24.44,97.76,S003,C0268,Card
T002082,2024-07-31,P002,Ballpoint Pen Pack,Stationery,4,5.2,20.8,S004,C0018,UPI
T002083,2025-01-19,P002,Ballpoint Pen Pack,Stationery,5,5.43,27.15,S002,C0203,UPI
T002084,2023-05-01,P001,Notebook,Stationery,5,8.25,41.25,S002,C0220,Card
T002085,2024-12-04,P018,Canvas Tote Bag,Apparel,1,13.53,13.53,S003,C0044,Card
T002086,2023-12-04,P002,Ballpoint Pen Pack,Stationery,2,5.5,11.0,S001,C0068,UPI
T002087,2024-06-03,P002,Ballpoint Pen Pack,Stationery,4,5.31,21.24,S002,C0102,Bank Transfer
T002088,2024-02-04,P005,Wireless Mouse,Electronics,1,25.29,25.29,S004,C0105,Cash
T002089,2024-01-18,P013,Hand Soap,Household,1,5.01,5.01,S003,C0021,Card
T002090,2024-10-25,P001,Notebook,Stationery,1,8.28,8.28,S004,C0132,UPI
T002091,2024-01-13,P013,Hand Soap,Household,2,4.56,9.12,S004,C0032,UPI
T002092,2025-04-03,P016,LED Bulb Pack,Household,3,12.67,38.01,S004,C0094,Cash
T002093,2023-01-17,P014,Cleaning Spray,Household,1,7.44,7.44,S002,C0054,UPI
T002094,2023-07-06,P015,Storage Basket,Household,3,16.08,48.24,S002,C0245,Bank Transfer
T002095,2024-05-29,P005,Wireless Mouse,Electronics,1,24.03,24.03,S002,C0292,Cash
T002096,2023-10-24,P001,Notebook,Stationery,5,8.68,43.4,S004,C0163,Cash
T002097,2024-06-07,P005,Wireless Mouse,Electronics,2,24.28,48.56,S001,C0154,Cash
T002098,2025-05-17,P011,Reusable Water Bottle,Food and Beverage,1,17.81,17.81,S004,C0143,Card
T002099,2024-09-22,P014,Cleaning Spray,Household,1,6.91,6.91,S003,C0265,Card
T002100,2024-09-04,P014,Cleaning Spray,Household,5,7.65,38.25,S004,C0133,Cash
T002101,2024-12-05,P022,Plant Pot,Outdoor,4,11.37,45.48,S001,C0134,Card
T002102,2024-10-24,P017,Cotton T-Shirt,Apparel,5,19.59,97.95,S004,C0067,Card
T002103,2024-08-03,P005,Wireless Mouse,Electronics,3,24.45,73.35,S003,C0293,UPI
T002104,2023-06-24,P017,Cotton T-Shirt,Apparel,4,19.13,76.52,S003,C0016,Cash
T002105,2023-12-27,P009,Coffee Beans,Food and Beverage,2,16.32,32.64,S002,C0111,Card
T002106,2023-07-05,P008,Webcam,Electronics,1,62.05,62.05,S003,C0037,Card
T002107,2024-04-09,P017,Cotton T-Shirt,Apparel,3,20.09,60.27,S001,C0105,Cash
T002108,2023-01-28,P014,Cleaning Spray,Household,2,6.87,13.74,S003,C0256,Card
T002109,2023-11-30,P018,Canvas Tote Bag,Apparel,1,13.13,13.13,S001,C0067,Card
T002110,2025-12-06,P009,Coffee Beans,Food and Beverage,2,14.58,29.16,S003,C0146,Cash
T002111,2024-01-04,P023,Hand Trowel,Outdoor,1,9.93,9.93,S003,C0098,Bank Transfer
T002112,2023-08-14,P002,Ballpoint Pen Pack,Stationery,2,5.42,10.84,S003,C0240,UPI
T002113,2023-12-08,P022,Plant Pot,Outdoor,2,11.92,23.84,S003,C0007,Card
T002114,2023-02-05,P015,Storage Basket,Household,1,15.78,15.78,S002,C0026,UPI
T002115,2023-08-20,P024,Watering Can,Outdoor,2,19.77,39.54,S002,C0115,Card
T002116,2025-11-17,P017,Cotton T-Shirt,Apparel,3,18.82,56.46,S002,C0214,Card
T002117,2023-04-26,P023,Hand Trowel,Outdoor,1,10.52,10.52,S001,C0152,UPI
T002118,2024-08-21,P014,Cleaning Spray,Household,2,6.89,13.78,S001,C0146,Cash
T002119,2024-06-28,P004,Printer Paper,Stationery,3,6.6,19.8,S003,C0005,UPI
T002120,2023-12-07,P007,Bluetooth Speaker,Electronics,1,51.43,51.43,S001,C0068,UPI
T002121,2023-06-04,P015,Storage Basket,Household,3,17.42,52.26,S003,C0169,Cash
T002122,2023-02-15,P012,Snack Box,Food and Beverage,3,22.23,66.69,S002,C0138,Card
T002123,2025-07-21,P002,Ballpoint Pen Pack,Stationery,2,5.19,10.38,S002,C0181,UPI
T002124,2025-10-28,P012,Snack Box,Food and Beverage,3,23.09,69.27,S001,C0125,Card
T002125,2025-07-23,P001,Notebook,Stationery,3,8.5,25.5,S001,C0174,Card
T002126,2024-06-28,P011,Reusable Water Bottle,Food and Beverage,5,17.2,86.0,S001,C0198,Card
T002127,2024-07-06,P017,Cotton T-Shirt,Apparel,2,20.92,41.84,S001,C0271,Bank Transfer
T002128,2024-08-17,P020,Running Socks,Apparel,3,10.42,31.26,S001,C0145,Cash
T002129,2025-08-02,P018,Canvas Tote Bag,Apparel,2,13.2,26.4,S001,C0048,Cash
T002130,2025-04-30,P006,USB-C Hub,Electronics,1,32.9,32.9,S004,C0086,UPI
T002131,2025-08-24,P001,Notebook,Stationery,5,8.26,41.3,S002,C0137,Card
T002132,2025-03-04,P020,Running Socks,Apparel,1,9.76,9.76,S001,C0016,Cash
T002133,2024-11-03,P005,Wireless Mouse,Electronics,1,25.61,25.61,S002,C0273,Card
T002134,2024-11-30,P013,Hand Soap,Household,2,4.76,9.52,S001,C0254,Cash
T002135,2024-07-19,P010,Tea Assortment,Food and Beverage,3,13.12,39.36,S002,C0113,Cash
T002136,2023-07-23,P004,Printer Paper,Stationery,1,6.43,6.43,S002,C0017,Card
T002137,2025-02-18,P016,LED Bulb Pack,Household,2,12.26,24.52,S002,C0076,Card
T002138,2025-08-16,P002,Ballpoint Pen Pack,Stationery,1,5.13,5.13,S002,C0055,Cash
T002139,2025-02-16,P014,Cleaning Spray,Household,1,7.21,7.21,S001,C0097,UPI
T002140,2025-04-19,P017,Cotton T-Shirt,Apparel,3,20.46,61.38,S003,C0099,UPI
T002141,2024-05-18,P017,Cotton T-Shirt,Apparel,2,20.08,40.16,S002,C0214,Bank Transfer
T002142,2025-10-19,P021,Garden Gloves,Outdoor,1,9.36,9.36,S002,C0268,UPI
T002143,2025-05-09,P017,Cotton T-Shirt,Apparel,1,21.04,21.04,S004,C0209,Cash
T002144,2023-05-15,P008,Webcam,Electronics,3,61.45,184.35,S001,C0205,Cash
T002145,2024-02-23,P022,Plant Pot,Outdoor,4,11.98,47.92,S001,C0020,Cash
T002146,2023-12-23,P002,Ballpoint Pen Pack,Stationery,2,5.0,10.0,S001,C0091,Card
T002147,2024-11-10,P006,USB-C Hub,Electronics,1,34.56,34.56,S002,C0105,Cash
T002148,2024-04-09,P005,Wireless Mouse,Electronics,2,25.77,51.54,S001,C0193,UPI
T002149,2024-02-11,P004,Printer Paper,Stationery,2,6.67,13.34,S004,C0299,Card
T002150,2024-01-24,P004,Printer Paper,Stationery,1,6.46,6.46,S003,C0237,Card
T002151,2023-09-19,P002,Ballpoint Pen Pack,Stationery,1,5.12,5.12,S001,C0102,Cash
T002152,2024-07-22,P022,Plant Pot,Outdoor,2,11.94,23.88,S004,C0298,Card
T002153,2024-08-23,P008,Webcam,Electronics,1,60.75,60.75,S002,C0167,Bank Transfer
T002154,2023-04-09,P005,Wireless Mouse,Electronics,4,24.48,97.92,S003,C0160,UPI
T002155,2025-10-08,P001,Notebook,Stationery,5,8.14,40.7,S002,C0037,UPI
T002156,2025-07-09,P009,Coffee Beans,Food and Beverage,1,15.77,15.77,S002,C0052,Cash
T002157,2024-08-31,P003,Desk Organizer,Stationery,3,14.03,42.09,S004,C0155,UPI
T002158,2023-09-28,P006,USB-C Hub,Electronics,5,35.68,178.4,S004,C0046,UPI
T002159,2024-05-20,P022,Plant Pot,Outdoor,1,11.72,11.72,S004,C0020,Card
T002160,2024-07-31,P019,Baseball Cap,Apparel,2,15.2,30.4,S004,C0209,UPI
T002161,2023-10-31,P010,Tea Assortment,Food and Beverage,1,12.48,12.48,S003,C0114,Bank Transfer
T002162,2025-08-03,P005,Wireless Mouse,Electronics,4,24.78,99.12,S004,C0276,Bank Transfer
T002163,2025-08-13,P009,Coffee Beans,Food and Beverage,6,16.36,98.16,S002,C0066,Card
T002164,2023-11-09,P001,Notebook,Stationery,3,8.55,25.65,S002,C0265,UPI
T002165,2025-05-19,P022,Plant Pot,Outdoor,4,12.69,50.76,S001,C0215,Cash
T002166,2023-02-28,P002,Ballpoint Pen Pack,Stationery,2,5.51,11.02,S004,C0210,Card
T002167,2023-02-23,P012,Snack Box,Food and Beverage,1,21.31,21.31,S004,C0039,UPI
T002168,2025-08-28,P009,Coffee Beans,Food and Beverage,4,16.21,64.84,S001,C0158,Bank Transfer
T002169,2025-03-22,P001,Notebook,Stationery,2,9.01,18.02,S003,C0281,Card
T002170,2023-08-14,P001,Notebook,Stationery,2,8.67,17.34,S001,C0192,Bank Transfer
T002171,2025-08-25,P018,Canvas Tote Bag,Apparel,3,13.12,39.36,S004,C0225,UPI
T002172,2024-07-16,P006,USB-C Hub,Electronics,2,32.65,65.3,S001,C0224,UPI
T002173,2025-01-29,P021,Garden Gloves,Outdoor,1,9.22,9.22,S003,C0300,Card
T002174,2024-06-29,P002,Ballpoint Pen Pack,Stationery,3,5.15,15.45,S003,C0300,Card
T002175,2023-11-26,P017,Cotton T-Shirt,Apparel,2,20.71,41.42,S001,C0055,Cash
T002176,2023-08-19,P014,Cleaning Spray,Household,4,6.97,27.88,S004,C0046,Card
T002177,2025-09-06,P002,Ballpoint Pen Pack,Stationery,3,5.05,15.15,S001,C0235,Cash
T002178,2023-12-02,P003,Desk Organizer,Stationery,1,13.42,13.42,S004,C0288,UPI
T002179,2024-07-06,P005,Wireless Mouse,Electronics,3,23.83,71.49,S001,C0180,UPI
T002180,2023-03-16,P012,Snack Box,Food and Beverage,1,22.42,22.42,S001,C0061,Card
T002181,2025-05-05,P022,Plant Pot,Outdoor,1,11.87,11.87,S001,C0229,Bank Transfer
T002182,2025-02-01,P005,Wireless Mouse,Electronics,1,25.32,25.32,S002,C0046,Card
T002183,2024-02-28,P018,Canvas Tote Bag,Apparel,3,13.17,39.51,S004,C0181,Card
T002184,2025-09-18,P016,LED Bulb Pack,Household,4,11.46,45.84,S003,C0167,Card
T002185,2024-10-19,P002,Ballpoint Pen Pack,Stationery,1,5.56,5.56,S003,C0179,UPI
T002186,2025-05-29,P008,Webcam,Electronics,2,61.44,122.88,S001,C0099,Card
T002187,2023-04-24,P001,Notebook,Stationery,2,8.47,16.94,S001,C0002,Card
T002188,2025-03-27,P014,Cleaning Spray,Household,2,7.18,14.36,S003,C0278,Cash
T002189,2023-11-05,P018,Canvas Tote Bag,Apparel,1,13.88,13.88,S002,C0205,UPI
T002190,2023-09-09,P002,Ballpoint Pen Pack,Stationery,2,5.21,10.42,S001,C0089,UPI
T002191,2025-08-07,P022,Plant Pot,Outdoor,3,12.65,37.95,S002,C0037,Cash
T002192,2024-03-26,P021,Garden Gloves,Outdoor,2,8.93,17.86,S003,C0135,Card
T002193,2025-12-08,P005,Wireless Mouse,Electronics,1,25.61,25.61,S003,C0146,Card
T002194,2024-09-13,P024,Watering Can,Outdoor,5,20.55,102.75,S001,C0039,Card
T002195,2024-07-29,P014,Cleaning Spray,Household,6,6.89,41.34,S004,C0088,UPI
T002196,2025-07-11,P006,USB-C Hub,Electronics,1,34.48,34.48,S003,C0018,Cash
T002197,2024-07-14,P014,Cleaning Spray,Household,4,7.48,29.92,S004,C0222,Card
T002198,2024-02-11,P007,Bluetooth Speaker,Electronics,1,51.9,51.9,S002,C0285,Cash
T002199,2024-12-13,P003,Desk Organizer,Stationery,5,14.49,72.45,S002,C0238,Bank Transfer
T002200,2025-04-11,P010,Tea Assortment,Food and Beverage,5,12.67,63.35,S001,C0028,UPI
T002201,2024-05-12,P001,Notebook,Stationery,2,8.76,17.52,S001,C0225,Card
T002202,2024-08-13,P004,Printer Paper,Stationery,1,6.46,6.46,S003,C0179,Card
T002203,2024-08-05,P008,Webcam,Electronics,4,61.73,246.92,S001,C0286,Cash
T002204,2024-01-17,P018,Canvas Tote Bag,Apparel,4,14.02,56.08,S001,C0094,UPI
T002205,2024-11-16,P011,Reusable Water Bottle,Food and Beverage,1,18.42,18.42,S004,C0201,Bank Transfer
T002206,2023-02-22,P019,Baseball Cap,Apparel,3,16.3,48.9,S002,C0139,Card
T002207,2023-05-23,P014,Cleaning Spray,Household,4,7.24,28.96,S004,C0290,Cash
T002208,2025-07-17,P009,Coffee Beans,Food and Beverage,3,15.15,45.45,S001,C0105,Cash
T002209,2025-02-08,P019,Baseball Cap,Apparel,4,16.67,66.68,S001,C0284,Card
T002210,2023-05-04,P021,Garden Gloves,Outdoor,4,8.54,34.16,S001,C0014,UPI
T002211,2025-04-23,P013,Hand Soap,Household,2,4.84,9.68,S003,C0088,UPI
T002212,2025-04-15,P001,Notebook,Stationery,3,8.91,26.73,S001,C0299,UPI
T002213,2025-12-04,P007,Bluetooth Speaker,Electronics,2,49.32,98.64,S001,C0006,Card
T002214,2023-06-12,P018,Canvas Tote Bag,Apparel,2,14.12,28.24,S001,C0034,UPI
T002215,2024-12-30,P006,USB-C Hub,Electronics,2,35.3,70.6,S001,C0228,Card
T002216,2024-01-11,P011,Reusable Water Bottle,Food and Beverage,2,17.38,34.76,S004,C0009,Cash
T002217,2024-01-02,P001,Notebook,Stationery,2,8.78,17.56,S002,C0196,UPI
T002218,2025-06-23,P018,Canvas Tote Bag,Apparel,1,12.79,12.79,S002,C0041,UPI
T002219,2023-12-17,P001,Notebook,Stationery,5,8.3,41.5,S001,C0062,Card
T002220,2023-11-16,P001,Notebook,Stationery,1,8.94,8.94,S004,C0297,UPI
T002221,2025-03-15,P015,Storage Basket,Household,2,17.14,34.28,S004,C0028,Card
T002222,2023-08-18,P008,Webcam,Electronics,6,60.04,360.24,S003,C0233,Card
T002223,2024-02-23,P021,Garden Gloves,Outdoor,1,9.05,9.05,S004,C0221,UPI
T002224,2023-02-18,P018,Canvas Tote Bag,Apparel,1,13.02,13.02,S001,C0139,Card
T002225,2024-03-01,P023,Hand Trowel,Outdoor,2,10.61,21.22,S004,C0031,Bank Transfer
T002226,2024-11-28,P004,Printer Paper,Stationery,1,6.47,6.47,S002,C0137,UPI
T002227,2023-08-15,P006,USB-C Hub,Electronics,3,35.35,106.05,S001,C0155,Card
T002228,2024-08-30,P006,USB-C Hub,Electronics,3,34.25,102.75,S001,C0071,Cash
T002229,2024-01-17,P012,Snack Box,Food and Beverage,1,23.11,23.11,S002,C0032,UPI
T002230,2025-06-28,P007,Bluetooth Speaker,Electronics,2,50.95,101.9,S001,C0221,UPI
T002231,2023-05-04,P014,Cleaning Spray,Household,3,7.09,21.27,S004,C0155,Card
T002232,2025-12-25,P019,Baseball Cap,Apparel,2,16.49,32.98,S002,C0022,UPI
T002233,2025-05-01,P007,Bluetooth Speaker,Electronics,4,50.19,200.76,S004,C0220,UPI
T002234,2024-07-26,P013,Hand Soap,Household,6,4.73,28.38,S002,C0045,UPI
T002235,2024-03-24,P001,Notebook,Stationery,4,8.76,35.04,S001,C0048,Bank Transfer
T002236,2024-02-28,P008,Webcam,Electronics,2,59.01,118.02,S002,C0024,UPI
T002237,2025-02-24,P018,Canvas Tote Bag,Apparel,2,13.36,26.72,S004,C0215,Bank Transfer
T002238,2025-10-31,P019,Baseball Cap,Apparel,4,16.12,64.48,S003,C0136,UPI
T002239,2025-10-20,P001,Notebook,Stationery,3,8.08,24.24,S002,C0039,Card
T002240,2024-05-11,P002,Ballpoint Pen Pack,Stationery,4,5.04,20.16,S004,C0115,Cash
T002241,2025-11-20,P002,Ballpoint Pen Pack,Stationery,5,5.22,26.1,S001,C0004,Cash
T002242,2023-07-22,P007,Bluetooth Speaker,Electronics,1,48.48,48.48,S003,C0178,Cash
T002243,2025-09-10,P015,Storage Basket,Household,1,16.32,16.32,S002,C0124,UPI
T002244,2024-05-21,P014,Cleaning Spray,Household,2,6.89,13.78,S004,C0166,UPI
T002245,2023-02-28,P009,Coffee Beans,Food and Beverage,1,15.98,15.98,S004,C0030,Bank Transfer
T002246,2023-12-03,P001,Notebook,Stationery,1,8.61,8.61,S004,C0182,UPI
T002247,2023-05-10,P004,Printer Paper,Stationery,3,6.95,20.85,S002,C0204,UPI
T002248,2024-04-09,P004,Printer Paper,Stationery,6,6.63,39.78,S001,C0005,Card
T002249,2023-09-21,P009,Coffee Beans,Food and Beverage,2,15.65,31.3,S002,C0117,UPI
T002250,2025-01-26,P013,Hand Soap,Household,1,4.97,4.97,S002,C0287,Card
T002251,2024-03-04,P018,Canvas Tote Bag,Apparel,1,13.05,13.05,S003,C0075,Card
T002252,2025-03-26,P021,Garden Gloves,Outdoor,1,8.86,8.86,S001,C0159,UPI
T002253,2025-01-02,P004,Printer Paper,Stationery,5,6.49,32.45,S001,C0075,UPI
T002254,2025-06-05,P013,Hand Soap,Household,5,4.71,23.55,S002,C0163,UPI
T002255,2024-08-15,P015,Storage Basket,Household,2,16.19,32.38,S004,C0025,Cash
T002256,2024-04-21,P002,Ballpoint Pen Pack,Stationery,1,5.05,5.05,S002,C0277,Cash
T002257,2025-02-15,P002,Ballpoint Pen Pack,Stationery,6,5.01,30.06,S001,C0174,UPI
T002258,2024-01-12,P004,Printer Paper,Stationery,2,6.49,12.98,S001,C0091,Card
T002259,2025-12-21,P008,Webcam,Electronics,1,61.91,61.91,S004,C0137,Bank Transfer
T002260,2024-09-09,P021,Garden Gloves,Outdoor,1,9.24,9.24,S001,C0045,Card
T002261,2025-11-19,P006,USB-C Hub,Electronics,3,32.69,98.07,S001,C0077,Card
T002262,2025-06-14,P003,Desk Organizer,Stationery,1,13.42,13.42,S003,C0224,Card
T002263,2023-11-26,P002,Ballpoint Pen Pack,Stationery,1,4.96,4.96,S001,C0079,Card
T002264,2023-04-28,P012,Snack Box,Food and Beverage,1,21.33,21.33,S001,C0095,Card
T002265,2023-06-18,P002,Ballpoint Pen Pack,Stationery,2,5.28,10.56,S003,C0048,Card
T002266,2024-03-17,P018,Canvas Tote Bag,Apparel,2,14.1,28.2,S001,C0202,Card
T002267,2023-12-27,P019,Baseball Cap,Apparel,5,16.08,80.4,S004,C0141,UPI
T002268,2024-09-01,P004,Printer Paper,Stationery,1,6.43,6.43,S002,C0251,Card
T002269,2024-01-12,P007,Bluetooth Speaker,Electronics,1,48.45,48.45,S003,C0069,Cash
T002270,2024-01-30,P003,Desk Organizer,Stationery,1,13.28,13.28,S002,C0235,Card
T002271,2024-12-16,P011,Reusable Water Bottle,Food and Beverage,1,17.86,17.86,S003,C0264,Card
T002272,2023-11-06,P010,Tea Assortment,Food and Beverage,3,12.38,37.14,S002,C0014,UPI
T002273,2025-05-17,P006,USB-C Hub,Electronics,1,36.36,36.36,S002,C0100,Cash
T002274,2024-11-01,P015,Storage Basket,Household,2,16.8,33.6,S001,C0151,UPI
T002275,2023-11-04,P005,Wireless Mouse,Electronics,1,26.36,26.36,S004,C0009,UPI
T002276,2023-05-14,P005,Wireless Mouse,Electronics,1,23.66,23.66,S003,C0232,Cash
T002277,2024-08-15,P016,LED Bulb Pack,Household,1,11.82,11.82,S001,C0156,UPI
T002278,2023-03-31,P023,Hand Trowel,Outdoor,3,9.92,29.76,S003,C0260,Card
T002279,2025-10-31,P002,Ballpoint Pen Pack,Stationery,3,5.52,16.56,S001,C0143,Card
T002280,2024-12-21,P021,Garden Gloves,Outdoor,2,9.18,18.36,S001,C0230,Card
T002281,2024-03-31,P006,USB-C Hub,Electronics,1,35.84,35.84,S002,C0089,Card
T002282,2025-11-15,P006,USB-C Hub,Electronics,3,34.87,104.61,S003,C0239,Card
T002283,2023-07-19,P002,Ballpoint Pen Pack,Stationery,3,5.49,16.47,S001,C0130,Card
T002284,2025-12-08,P010,Tea Assortment,Food and Beverage,1,13.45,13.45,S003,C0009,Card
T002285,2024-11-07,P017,Cotton T-Shirt,Apparel,2,18.92,37.84,S003,C0294,Card
T002286,2024-03-11,P010,Tea Assortment,Food and Beverage,2,13.41,26.82,S001,C0226,Card
T002287,2024-02-21,P015,Storage Basket,Household,5,15.53,77.65,S001,C0246,UPI
T002288,2023-01-28,P020,Running Socks,Apparel,5,9.95,49.75,S001,C0112,Card
T002289,2025-06-26,P017,Cotton T-Shirt,Apparel,2,20.38,40.76,S001,C0239,Card
T002290,2025-09-23,P011,Reusable Water Bottle,Food and Beverage,1,18.78,18.78,S003,C0168,Card
T002291,2023-12-22,P009,Coffee Beans,Food and Beverage,2,15.37,30.74,S001,C0020,UPI
T002292,2025-02-22,P002,Ballpoint Pen Pack,Stationery,2,5.22,10.44,S002,C0035,Cash
T002293,2023-01-20,P023,Hand Trowel,Outdoor,1,10.46,10.46,S003,C0162,Card
T002294,2023-09-10,P020,Running Socks,Apparel,2,9.61,19.22,S003,C0203,UPI
T002295,2025-10-07,P014,Cleaning Spray,Household,1,7.22,7.22,S001,C0053,Bank Transfer
T002296,2024-01-26,P011,Reusable Water Bottle,Food and Beverage,2,17.65,35.3,S003,C0197,UPI
T002297,2025-08-08,P006,USB-C Hub,Electronics,1,33.37,33.37,S002,C0012,Card
T002298,2025-06-18,P001,Notebook,Stationery,3,8.69,26.07,S001,C0069,Cash
T002299,2024-12-13,P022,Plant Pot,Outdoor,1,11.7,11.7,S001,C0214,Card
T002300,2023-07-27,P003,Desk Organizer,Stationery,2,13.66,27.32,S004,C0092,UPI
T002301,2023-10-17,P002,Ballpoint Pen Pack,Stationery,6,5.14,30.84,S002,C0176,Cash
T002302,2025-12-15,P017,Cotton T-Shirt,Apparel,6,18.8,112.8,S004,C0133,Bank Transfer
T002303,2023-08-14,P005,Wireless Mouse,Electronics,1,24.59,24.59,S002,C0299,Cash
T002304,2023-10-09,P012,Snack Box,Food and Beverage,4,21.48,85.92,S001,C0169,UPI
T002305,2023-04-02,P016,LED Bulb Pack,Household,1,11.4,11.4,S004,C0110,Bank Transfer
T002306,2023-02-26,P007,Bluetooth Speaker,Electronics,4,47.52,190.08,S003,C0084,Cash
T002307,2023-07-20,P006,USB-C Hub,Electronics,3,33.61,100.83,S002,C0180,UPI
T002308,2024-07-22,P012,Snack Box,Food and Beverage,4,23.83,95.32,S001,C0209,UPI
T002309,2024-06-02,P010,Tea Assortment,Food and Beverage,1,12.71,12.71,S003,C0249,Card
T002310,2023-03-22,P013,Hand Soap,Household,1,4.94,4.94,S003,C0017,Card
T002311,2023-08-20,P017,Cotton T-Shirt,Apparel,4,20.94,83.76,S002,C0077,Card
T002312,2024-01-18,P001,Notebook,Stationery,2,8.75,17.5,S001,C0060,Card
T002313,2023-04-30,P021,Garden Gloves,Outdoor,1,9.39,9.39,S002,C0131,UPI
T002314,2025-10-24,P024,Watering Can,Outdoor,1,21.01,21.01,S004,C0176,Card
T002315,2025-06-10,P016,LED Bulb Pack,Household,1,12.48,12.48,S004,C0028,UPI
T002316,2025-03-16,P011,Reusable Water Bottle,Food and Beverage,3,16.93,50.79,S001,C0225,UPI
T002317,2023-03-11,P004,Printer Paper,Stationery,3,6.38,19.14,S004,C0110,Card
T002318,2024-05-05,P013,Hand Soap,Household,5,4.94,24.7,S003,C0153,Cash
T002319,2024-05-21,P019,Baseball Cap,Apparel,5,16.53,82.65,S002,C0114,Bank Transfer
T002320,2025-01-28,P017,Cotton T-Shirt,Apparel,1,19.85,19.85,S004,C0122,UPI
T002321,2023-06-15,P017,Cotton T-Shirt,Apparel,2,18.81,37.62,S004,C0284,Card
T002322,2023-10-14,P020,Running Socks,Apparel,1,10.22,10.22,S001,C0026,UPI
T002323,2024-09-19,P016,LED Bulb Pack,Household,1,12.13,12.13,S003,C0094,UPI
T002324,2023-02-06,P002,Ballpoint Pen Pack,Stationery,4,5.38,21.52,S002,C0034,Card
T002325,2024-06-22,P005,Wireless Mouse,Electronics,1,25.05,25.05,S003,C0068,Bank Transfer
T002326,2025-01-21,P024,Watering Can,Outdoor,3,21.66,64.98,S001,C0146,Cash
T002327,2025-06-13,P010,Tea Assortment,Food and Beverage,6,12.72,76.32,S001,C0037,Card
T002328,2025-03-24,P010,Tea Assortment,Food and Beverage,1,12.03,12.03,S004,C0156,Card
T002329,2023-09-18,P002,Ballpoint Pen Pack,Stationery,2,5.19,10.38,S001,C0012,UPI
T002330,2024-11-15,P018,Canvas Tote Bag,Apparel,1,14.0,14.0,S001,C0040,Card
T002331,2024-11-27,P020,Running Socks,Apparel,5,10.19,50.95,S004,C0111,Card
T002332,2023-11-28,P004,Printer Paper,Stationery,5,6.46,32.3,S002,C0261,Bank Transfer
T002333,2024-11-01,P003,Desk Organizer,Stationery,1,13.84,13.84,S002,C0237,Card
T002334,2023-01-24,P002,Ballpoint Pen Pack,Stationery,2,5.0,10.0,S002,C0059,Card
T002335,2025-05-09,P013,Hand Soap,Household,2,4.86,9.72,S001,C0083,Card
T002336,2024-03-05,P001,Notebook,Stationery,2,8.84,17.68,S003,C0088,Bank Transfer
T002337,2024-03-12,P013,Hand Soap,Household,2,4.76,9.52,S003,C0261,UPI
T002338,2023-01-24,P019,Baseball Cap,Apparel,1,15.45,15.45,S003,C0020,UPI
T002339,2023-01-04,P012,Snack Box,Food and Beverage,1,23.38,23.38,S002,C0097,Bank Transfer
T002340,2025-08-23,P001,Notebook,Stationery,1,8.11,8.11,S002,C0198,Cash
T002341,2024-11-24,P001,Notebook,Stationery,4,8.17,32.68,S001,C0100,Card
T002342,2023-10-03,P022,Plant Pot,Outdoor,2,11.36,22.72,S002,C0289,UPI
T002343,2023-12-28,P001,Notebook,Stationery,3,8.29,24.87,S003,C0017,Card
T002344,2025-03-07,P020,Running Socks,Apparel,1,10.42,10.42,S002,C0037,Card
T002345,2024-11-09,P001,Notebook,Stationery,2,8.93,17.86,S002,C0016,Card
T002346,2024-02-28,P002,Ballpoint Pen Pack,Stationery,2,5.07,10.14,S001,C0284,Card
T002347,2024-04-03,P001,Notebook,Stationery,3,8.69,26.07,S004,C0160,Bank Transfer
T002348,2024-07-08,P023,Hand Trowel,Outdoor,2,10.67,21.34,S002,C0277,Card
T002349,2024-12-28,P019,Baseball Cap,Apparel,2,15.34,30.68,S003,C0300,UPI
T002350,2025-02-11,P001,Notebook,Stationery,1,8.66,8.66,S001,C0059,Card
T002351,2025-03-14,P006,USB-C Hub,Electronics,1,33.93,33.93,S001,C0003,Card
T002352,2025-12-17,P002,Ballpoint Pen Pack,Stationery,3,5.22,15.66,S001,C0102,UPI
T002353,2023-10-14,P020,Running Socks,Apparel,3,10.55,31.65,S002,C0150,Cash
T002354,2025-07-30,P005,Wireless Mouse,Electronics,1,26.02,26.02,S004,C0062,Bank Transfer
T002355,2024-09-28,P024,Watering Can,Outdoor,3,21.63,64.89,S001,C0088,Card
T002356,2025-08-21,P018,Canvas Tote Bag,Apparel,3,13.88,41.64,S004,C0229,Cash
T002357,2025-11-16,P010,Tea Assortment,Food and Beverage,1,12.9,12.9,S001,C0145,UPI
T002358,2023-04-01,P018,Canvas Tote Bag,Apparel,2,13.88,27.76,S002,C0054,Card
T002359,2024-10-05,P023,Hand Trowel,Outdoor,1,10.46,10.46,S002,C0166,Card
T002360,2025-01-14,P007,Bluetooth Speaker,Electronics,1,52.84,52.84,S001,C0186,Card
T002361,2023-04-11,P023,Hand Trowel,Outdoor,4,10.56,42.24,S002,C0093,Card
T002362,2023-02-26,P005,Wireless Mouse,Electronics,3,25.17,75.51,S002,C0076,UPI
T002363,2025-11-06,P020,Running Socks,Apparel,2,9.51,19.02,S001,C0168,Card
T002364,2024-01-06,P017,Cotton T-Shirt,Apparel,3,20.31,60.93,S002,C0031,UPI
T002365,2023-10-02,P017,Cotton T-Shirt,Apparel,1,19.19,19.19,S004,C0242,Cash
T002366,2025-07-10,P024,Watering Can,Outdoor,1,21.86,21.86,S002,C0071,Cash
T002367,2025-09-14,P001,Notebook,Stationery,2,8.97,17.94,S004,C0165,UPI
T002368,2025-08-26,P018,Canvas Tote Bag,Apparel,1,13.27,13.27,S003,C0176,Card
T002369,2025-07-24,P012,Snack Box,Food and Beverage,1,23.03,23.03,S004,C0013,Card
T002370,2025-06-09,P018,Canvas Tote Bag,Apparel,6,13.2,79.2,S004,C0186,Card
T002371,2023-01-23,P009,Coffee Beans,Food and Beverage,2,15.06,30.12,S002,C0261,Card
T002372,2025-08-28,P014,Cleaning Spray,Household,1,6.9,6.9,S003,C0003,Card
T002373,2025-08-26,P022,Plant Pot,Outdoor,4,11.63,46.52,S004,C0013,Card
T002374,2025-01-04,P012,Snack Box,Food and Beverage,6,21.38,128.28,S003,C0025,Card
T002375,2024-09-28,P014,Cleaning Spray,Household,1,7.17,7.17,S001,C0110,Card
T002376,2024-08-31,P017,Cotton T-Shirt,Apparel,3,20.69,62.07,S003,C0207,Card
T002377,2024-12-11,P016,LED Bulb Pack,Household,3,12.24,36.72,S002,C0182,UPI
T002378,2023-02-09,P018,Canvas Tote Bag,Apparel,1,13.98,13.98,S004,C0283,UPI
T002379,2023-05-28,P022,Plant Pot,Outdoor,3,12.17,36.51,S003,C0222,UPI
T002380,2025-11-14,P007,Bluetooth Speaker,Electronics,3,49.8,149.4,S001,C0100,UPI
T002381,2024-07-18,P002,Ballpoint Pen Pack,Stationery,1,5.13,5.13,S003,C0248,Card
T002382,2024-12-22,P001,Notebook,Stationery,2,8.89,17.78,S002,C0071,Card
T002383,2023-09-01,P015,Storage Basket,Household,3,16.37,49.11,S004,C0276,UPI
T002384,2024-10-26,P024,Watering Can,Outdoor,3,19.89,59.67,S004,C0211,Card
T002385,2024-01-27,P021,Garden Gloves,Outdoor,3,9.33,27.99,S001,C0090,Cash
T002386,2023-07-05,P003,Desk Organizer,Stationery,2,14.2,28.4,S003,C0294,Card
T002387,2023-10-27,P017,Cotton T-Shirt,Apparel,2,19.0,38.0,S003,C0299,UPI
T002388,2025-08-14,P009,Coffee Beans,Food and Beverage,3,15.49,46.47,S002,C0015,Card
T002389,2025-08-18,P009,Coffee Beans,Food and Beverage,1,15.28,15.28,S003,C0027,Cash
T002390,2025-10-26,P017,Cotton T-Shirt,Apparel,3,20.26,60.78,S004,C0013,Card
T002391,2025-03-25,P016,LED Bulb Pack,Household,3,11.67,35.01,S001,C0124,Card
T002392,2023-03-03,P018,Canvas Tote Bag,Apparel,2,13.42,26.84,S002,C0128,Card
T002393,2025-12-25,P009,Coffee Beans,Food and Beverage,1,14.77,14.77,S001,C0224,Card
T002394,2024-07-13,P022,Plant Pot,Outdoor,1,11.41,11.41,S001,C0179,Card
T002395,2024-04-17,P024,Watering Can,Outdoor,4,21.45,85.8,S002,C0007,Card
T002396,2023-01-30,P009,Coffee Beans,Food and Beverage,2,15.82,31.64,S003,C0037,Card
T002397,2023-06-06,P022,Plant Pot,Outdoor,4,12.31,49.24,S003,C0078,Card
T002398,2025-01-27,P023,Hand Trowel,Outdoor,6,10.43,62.58,S004,C0037,Card
T002399,2025-04-02,P003,Desk Organizer,Stationery,1,14.76,14.76,S001,C0295,Bank Transfer
T002400,2023-04-23,P004,Printer Paper,Stationery,3,6.36,19.08,S001,C0138,Cash
T002401,2025-07-17,P014,Cleaning Spray,Household,1,7.59,7.59,S001,C0205,UPI
T002402,2024-12-07,P020,Running Socks,Apparel,6,10.4,62.4,S001,C0031,UPI
T002403,2025-07-21,P019,Baseball Cap,Apparel,1,16.11,16.11,S001,C0126,Card
T002404,2023-11-07,P005,Wireless Mouse,Electronics,1,23.97,23.97,S003,C0198,Card
T002405,2024-10-21,P017,Cotton T-Shirt,Apparel,2,20.43,40.86,S001,C0110,Cash
T002406,2025-08-17,P002,Ballpoint Pen Pack,Stationery,4,5.41,21.64,S002,C0001,UPI
T002407,2023-05-06,P024,Watering Can,Outdoor,1,20.23,20.23,S003,C0079,UPI
T002408,2024-09-17,P013,Hand Soap,Household,1,4.64,4.64,S004,C0010,Bank Transfer
T002409,2025-11-20,P004,Printer Paper,Stationery,1,6.92,6.92,S003,C0191,Card
T002410,2023-04-25,P008,Webcam,Electronics,2,61.19,122.38,S002,C0207,Card
T002411,2025-10-29,P017,Cotton T-Shirt,Apparel,5,19.57,97.85,S001,C0180,Card
T002412,2025-12-02,P001,Notebook,Stationery,2,8.92,17.84,S003,C0220,Card
T002413,2025-10-16,P017,Cotton T-Shirt,Apparel,1,21.07,21.07,S001,C0113,Cash
T002414,2023-04-17,P014,Cleaning Spray,Household,2,7.25,14.5,S002,C0107,Card
T002415,2024-03-20,P009,Coffee Beans,Food and Beverage,6,15.13,90.78,S002,C0213,UPI
T002416,2023-08-31,P008,Webcam,Electronics,1,58.31,58.31,S001,C0192,Cash
T002417,2025-03-16,P010,Tea Assortment,Food and Beverage,1,12.43,12.43,S003,C0110,Cash
T002418,2023-01-31,P009,Coffee Beans,Food and Beverage,2,15.05,30.1,S004,C0204,UPI
T002419,2025-09-14,P001,Notebook,Stationery,1,8.84,8.84,S002,C0130,Cash
T002420,2024-06-28,P016,LED Bulb Pack,Household,1,11.83,11.83,S001,C0114,Card
T002421,2025-08-06,P022,Plant Pot,Outdoor,1,11.91,11.91,S001,C0197,UPI
T002422,2025-11-09,P016,LED Bulb Pack,Household,3,11.34,34.02,S002,C0127,Card
T002423,2023-04-14,P016,LED Bulb Pack,Household,3,11.64,34.92,S004,C0004,Card
T002424,2025-11-22,P005,Wireless Mouse,Electronics,4,25.27,101.08,S003,C0275,UPI
T002425,2023-09-17,P006,USB-C Hub,Electronics,2,35.78,71.56,S001,C0083,UPI
T002426,2025-02-13,P024,Watering Can,Outdoor,2,21.93,43.86,S004,C0083,Card
T002427,2024-05-13,P009,Coffee Beans,Food and Beverage,2,16.01,32.02,S001,C0042,Cash
T002428,2025-06-09,P019,Baseball Cap,Apparel,3,16.68,50.04,S001,C0215,Card
T002429,2023-12-16,P024,Watering Can,Outdoor,1,21.73,21.73,S004,C0206,Cash
T002430,2025-08-26,P024,Watering Can,Outdoor,5,20.64,103.2,S002,C0133,UPI
T002431,2023-06-17,P021,Garden Gloves,Outdoor,2,8.96,17.92,S001,C0088,Card
T002432,2025-09-16,P001,Notebook,Stationery,2,8.47,16.94,S001,C0104,Bank Transfer
T002433,2023-08-25,P002,Ballpoint Pen Pack,Stationery,4,4.94,19.76,S004,C0187,Cash
T002434,2023-02-12,P016,LED Bulb Pack,Household,1,12.67,12.67,S003,C0298,Cash
T002435,2025-10-07,P009,Coffee Beans,Food and Beverage,2,14.64,29.28,S004,C0011,UPI
T002436,2023-04-02,P016,LED Bulb Pack,Household,1,11.82,11.82,S002,C0157,Card
T002437,2024-05-26,P016,LED Bulb Pack,Household,1,11.82,11.82,S004,C0006,UPI
T002438,2023-03-26,P007,Bluetooth Speaker,Electronics,3,50.1,150.3,S001,C0027,UPI
T002439,2024-04-08,P024,Watering Can,Outdoor,1,21.83,21.83,S002,C0136,UPI
T002440,2023-04-30,P020,Running Socks,Apparel,2,10.19,20.38,S003,C0014,Card
T002441,2023-07-02,P014,Cleaning Spray,Household,2,7.07,14.14,S004,C0290,Card
T002442,2024-11-07,P001,Notebook,Stationery,2,8.62,17.24,S004,C0042,Cash
T002443,2024-12-27,P009,Coffee Beans,Food and Beverage,1,14.86,14.86,S003,C0050,Card
T002444,2025-08-28,P024,Watering Can,Outdoor,2,21.1,42.2,S003,C0285,UPI
T002445,2025-06-21,P020,Running Socks,Apparel,3,10.08,30.24,S004,C0172,UPI
T002446,2023-08-05,P014,Cleaning Spray,Household,2,7.09,14.18,S001,C0108,Card
T002447,2023-11-18,P010,Tea Assortment,Food and Beverage,2,12.26,24.52,S002,C0184,Card
T002448,2023-03-29,P022,Plant Pot,Outdoor,5,12.09,60.45,S001,C0209,UPI
T002449,2024-04-01,P023,Hand Trowel,Outdoor,2,10.13,20.26,S004,C0045,Card
T002450,2025-06-15,P017,Cotton T-Shirt,Apparel,3,21.08,63.24,S001,C0097,Card
T002451,2024-05-13,P007,Bluetooth Speaker,Electronics,1,51.83,51.83,S003,C0253,Card
T002452,2023-06-28,P014,Cleaning Spray,Household,5,7.22,36.1,S003,C0230,Card
T002453,2024-09-06,P017,Cotton T-Shirt,Apparel,1,21.02,21.02,S001,C0202,Card
T002454,2024-03-08,P014,Cleaning Spray,Household,5,7.06,35.3,S003,C0091,Card
T002455,2023-03-13,P006,USB-C Hub,Electronics,3,33.75,101.25,S002,C0257,Card
T002456,2025-10-05,P002,Ballpoint Pen Pack,Stationery,1,5.33,5.33,S004,C0182,Cash
T002457,2025-09-01,P008,Webcam,Electronics,4,62.38,249.52,S003,C0007,Card
T002458,2023-07-25,P024,Watering Can,Outdoor,3,20.36,61.08,S002,C0171,UPI
T002459,2024-03-10,P007,Bluetooth Speaker,Electronics,4,51.93,207.72,S004,C0288,Bank Transfer
T002460,2024-04-09,P002,Ballpoint Pen Pack,Stationery,2,5.28,10.56,S003,C0226,UPI
T002461,2023-05-22,P020,Running Socks,Apparel,3,10.16,30.48,S001,C0257,Card
T002462,2023-02-15,P018,Canvas Tote Bag,Apparel,4,13.44,53.76,S001,C0266,Cash
T002463,2023-08-02,P017,Cotton T-Shirt,Apparel,3,19.88,59.64,S003,C0211,Card
T002464,2024-07-21,P021,Garden Gloves,Outdoor,2,9.11,18.22,S004,C0101,Cash
T002465,2025-10-26,P005,Wireless Mouse,Electronics,4,23.76,95.04,S004,C0187,UPI
T002466,2024-11-22,P013,Hand Soap,Household,5,4.73,23.65,S001,C0289,Cash
T002467,2023-03-08,P017,Cotton T-Shirt,Apparel,1,20.58,20.58,S001,C0116,Bank Transfer
T002468,2025-02-15,P018,Canvas Tote Bag,Apparel,1,13.63,13.63,S004,C0129,UPI
T002469,2024-06-23,P018,Canvas Tote Bag,Apparel,3,13.27,39.81,S002,C0047,Bank Transfer
T002470,2024-03-02,P024,Watering Can,Outdoor,2,20.79,41.58,S004,C0078,Card
T002471,2025-05-23,P008,Webcam,Electronics,1,58.0,58.0,S001,C0067,UPI
T002472,2024-02-23,P012,Snack Box,Food and Beverage,2,21.95,43.9,S001,C0149,Card
T002473,2023-11-28,P015,Storage Basket,Household,4,16.6,66.4,S004,C0076,UPI
T002474,2023-10-24,P002,Ballpoint Pen Pack,Stationery,3,5.55,16.65,S002,C0131,Card
T002475,2024-01-20,P001,Notebook,Stationery,2,8.93,17.86,S003,C0280,UPI
T002476,2025-12-24,P022,Plant Pot,Outdoor,3,11.82,35.46,S001,C0058,Cash
T002477,2025-10-14,P017,Cotton T-Shirt,Apparel,1,18.86,18.86,S001,C0228,Bank Transfer
T002478,2025-07-21,P005,Wireless Mouse,Electronics,1,24.36,24.36,S001,C0145,Cash
T002479,2025-06-15,P012,Snack Box,Food and Beverage,5,21.55,107.75,S001,C0290,Cash
T002480,2025-01-20,P018,Canvas Tote Bag,Apparel,1,13.19,13.19,S004,C0112,Card
T002481,2023-10-17,P015,Storage Basket,Household,5,16.91,84.55,S003,C0278,Cash
T002482,2025-06-13,P020,Running Socks,Apparel,3,9.76,29.28,S001,C0286,UPI
T002483,2025-07-18,P018,Canvas Tote Bag,Apparel,1,13.17,13.17,S003,C0233,UPI
T002484,2023-12-23,P005,Wireless Mouse,Electronics,2,24.07,48.14,S002,C0196,UPI
T002485,2025-11-18,P004,Printer Paper,Stationery,5,7.05,35.25,S002,C0278,Card
T002486,2023-05-21,P005,Wireless Mouse,Electronics,2,25.24,50.48,S001,C0182,Card
T002487,2023-11-28,P022,Plant Pot,Outdoor,1,11.6,11.6,S001,C0288,Card
T002488,2025-11-23,P004,Printer Paper,Stationery,1,6.71,6.71,S002,C0164,UPI
T002489,2024-02-18,P005,Wireless Mouse,Electronics,3,24.4,73.2,S001,C0217,Card
T002490,2025-01-08,P009,Coffee Beans,Food and Beverage,1,16.32,16.32,S003,C0034,Bank Transfer
T002491,2023-03-06,P010,Tea Assortment,Food and Beverage,1,13.5,13.5,S001,C0243,UPI
T002492,2023-01-29,P002,Ballpoint Pen Pack,Stationery,1,5.18,5.18,S004,C0101,UPI
T002493,2025-04-24,P014,Cleaning Spray,Household,2,7.36,14.72,S003,C0220,Card
T002494,2024-10-02,P018,Canvas Tote Bag,Apparel,6,13.5,81.0,S002,C0253,UPI
T002495,2025-05-06,P021,Garden Gloves,Outdoor,2,9.21,18.42,S001,C0171,Card
T002496,2024-12-01,P017,Cotton T-Shirt,Apparel,3,19.65,58.95,S002,C0040,Card
T002497,2025-02-09,P009,Coffee Beans,Food and Beverage,1,14.78,14.78,S004,C0219,Card
T002498,2023-01-17,P014,Cleaning Spray,Household,2,6.93,13.86,S002,C0070,Card
T002499,2023-03-23,P002,Ballpoint Pen Pack,Stationery,2,5.29,10.58,S002,C0034,UPI
T002500,2024-08-12,P014,Cleaning Spray,Household,1,7.38,7.38,S001,C0294,Bank Transfer
T002501,2025-07-25,P020,Running Socks,Apparel,4,9.7,38.8,S001,C0202,UPI
T002502,2025-11-13,P009,Coffee Beans,Food and Beverage,1,15.81,15.81,S004,C0277,Card
T002503,2024-09-02,P003,Desk Organizer,Stationery,3,13.65,40.95,S001,C0071,UPI
T002504,2024-02-25,P005,Wireless Mouse,Electronics,2,24.88,49.76,S001,C0280,Card
T002505,2023-09-21,P008,Webcam,Electronics,1,59.49,59.49,S001,C0239,UPI
T002506,2024-08-15,P021,Garden Gloves,Outdoor,2,9.2,18.4,S004,C0105,UPI
T002507,2023-01-26,P024,Watering Can,Outdoor,1,21.34,21.34,S001,C0066,Card
T002508,2023-10-02,P003,Desk Organizer,Stationery,2,14.18,28.36,S002,C0113,UPI
T002509,2024-04-18,P006,USB-C Hub,Electronics,1,34.21,34.21,S001,C0207,Card
T002510,2024-04-19,P015,Storage Basket,Household,2,15.95,31.9,S001,C0182,Card
T002511,2024-07-30,P003,Desk Organizer,Stationery,2,13.72,27.44,S004,C0273,UPI
T002512,2023-08-10,P005,Wireless Mouse,Electronics,6,25.96,155.76,S001,C0038,Card
T002513,2024-04-04,P013,Hand Soap,Household,6,4.81,28.86,S001,C0021,Card
T002514,2023-11-24,P008,Webcam,Electronics,2,58.26,116.52,S002,C0167,UPI
T002515,2024-04-11,P020,Running Socks,Apparel,2,10.35,20.7,S003,C0163,Cash
T002516,2024-04-02,P001,Notebook,Stationery,2,8.56,17.12,S003,C0293,Card
T002517,2024-12-07,P005,Wireless Mouse,Electronics,1,23.77,23.77,S001,C0108,Card
T002518,2024-05-24,P015,Storage Basket,Household,2,17.45,34.9,S001,C0295,Bank Transfer
T002519,2023-12-25,P017,Cotton T-Shirt,Apparel,1,19.48,19.48,S003,C0099,Card
T002520,2023-06-15,P005,Wireless Mouse,Electronics,3,23.89,71.67,S002,C0053,Bank Transfer
T002521,2023-09-05,P006,USB-C Hub,Electronics,1,32.75,32.75,S001,C0286,Card
T002522,2024-08-28,P015,Storage Basket,Household,1,16.97,16.97,S004,C0220,UPI
T002523,2025-08-25,P022,Plant Pot,Outdoor,1,11.56,11.56,S004,C0015,Cash
T002524,2023-10-18,P014,Cleaning Spray,Household,1,7.62,7.62,S001,C0103,Card
T002525,2024-01-23,P008,Webcam,Electronics,2,62.01,124.02,S003,C0067,Card
T002526,2023-09-07,P015,Storage Basket,Household,1,16.28,16.28,S004,C0015,Cash
T002527,2024-02-18,P017,Cotton T-Shirt,Apparel,3,19.97,59.91,S004,C0238,UPI
T002528,2023-07-02,P011,Reusable Water Bottle,Food and Beverage,1,17.01,17.01,S003,C0163,Card
T002529,2024-10-02,P012,Snack Box,Food and Beverage,1,22.48,22.48,S004,C0090,Cash
T002530,2025-05-25,P004,Printer Paper,Stationery,5,6.53,32.65,S002,C0294,Card
T002531,2024-02-04,P004,Printer Paper,Stationery,2,6.57,13.14,S001,C0097,UPI
T002532,2023-02-01,P006,USB-C Hub,Electronics,3,35.73,107.19,S003,C0115,Card
T002533,2024-06-06,P022,Plant Pot,Outdoor,5,12.64,63.2,S004,C0058,Cash
T002534,2024-02-04,P012,Snack Box,Food and Beverage,1,22.15,22.15,S002,C0085,Cash
T002535,2024-02-25,P020,Running Socks,Apparel,2,9.93,19.86,S003,C0053,UPI
T002536,2023-08-16,P008,Webcam,Electronics,1,57.64,57.64,S002,C0151,UPI
T002537,2024-05-20,P017,Cotton T-Shirt,Apparel,1,19.35,19.35,S003,C0001,UPI
T002538,2025-10-04,P018,Canvas Tote Bag,Apparel,1,13.67,13.67,S004,C0183,Cash
T002539,2023-04-28,P012,Snack Box,Food and Beverage,2,22.48,44.96,S002,C0289,Card
T002540,2025-07-29,P017,Cotton T-Shirt,Apparel,1,21.08,21.08,S002,C0122,Card
T002541,2024-09-30,P008,Webcam,Electronics,1,60.08,60.08,S003,C0019,Card
T002542,2023-06-25,P006,USB-C Hub,Electronics,5,32.59,162.95,S002,C0096,Cash
T002543,2024-06-12,P015,Storage Basket,Household,3,15.68,47.04,S001,C0144,UPI
T002544,2024-07-01,P010,Tea Assortment,Food and Beverage,1,12.07,12.07,S001,C0221,UPI
T002545,2024-02-15,P022,Plant Pot,Outdoor,1,11.51,11.51,S001,C0059,Cash
T002546,2025-03-19,P017,Cotton T-Shirt,Apparel,3,18.92,56.76,S001,C0119,Card
T002547,2025-08-10,P005,Wireless Mouse,Electronics,5,24.88,124.4,S001,C0270,Card
T002548,2025-06-09,P015,Storage Basket,Household,1,16.05,16.05,S003,C0221,Cash
T002549,2023-05-10,P005,Wireless Mouse,Electronics,2,24.16,48.32,S004,C0067,UPI
T002550,2023-08-05,P013,Hand Soap,Household,2,4.75,9.5,S002,C0129,Card
T002551,2025-11-28,P024,Watering Can,Outdoor,1,22.17,22.17,S002,C0115,Bank Transfer
T002552,2025-12-03,P011,Reusable Water Bottle,Food and Beverage,3,18.89,56.67,S004,C0292,UPI
T002553,2024-05-04,P016,LED Bulb Pack,Household,3,11.76,35.28,S002,C0053,Card
T002554,2025-02-24,P019,Baseball Cap,Apparel,1,16.06,16.06,S004,C0053,Card
T002555,2023-11-03,P001,Notebook,Stationery,2,8.44,16.88,S002,C0289,Card
T002556,2023-04-24,P020,Running Socks,Apparel,3,10.01,30.03,S004,C0127,Card
T002557,2025-07-14,P017,Cotton T-Shirt,Apparel,1,19.71,19.71,S001,C0080,Card
T002558,2023-11-06,P003,Desk Organizer,Stationery,2,13.55,27.1,S003,C0025,UPI
T002559,2024-08-24,P010,Tea Assortment,Food and Beverage,3,12.21,36.63,S004,C0296,Cash
T002560,2025-02-22,P009,Coffee Beans,Food and Beverage,1,16.25,16.25,S001,C0070,UPI
T002561,2025-03-26,P003,Desk Organizer,Stationery,4,13.64,54.56,S002,C0132,Bank Transfer
T002562,2024-12-03,P017,Cotton T-Shirt,Apparel,3,20.37,61.11,S001,C0281,UPI
T002563,2023-01-03,P006,USB-C Hub,Electronics,2,36.16,72.32,S001,C0146,UPI
T002564,2024-04-08,P013,Hand Soap,Household,2,4.52,9.04,S001,C0061,Card
T002565,2024-06-04,P005,Wireless Mouse,Electronics,4,25.33,101.32,S002,C0042,UPI
T002566,2023-11-10,P008,Webcam,Electronics,1,57.81,57.81,S002,C0086,UPI
T002567,2025-06-20,P007,Bluetooth Speaker,Electronics,1,48.65,48.65,S004,C0038,Card
T002568,2025-10-21,P014,Cleaning Spray,Household,1,7.5,7.5,S002,C0043,UPI
T002569,2025-11-18,P013,Hand Soap,Household,2,4.62,9.24,S004,C0052,UPI
T002570,2023-09-28,P008,Webcam,Electronics,2,56.48,112.96,S001,C0265,Cash
T002571,2024-03-29,P014,Cleaning Spray,Household,2,6.86,13.72,S004,C0016,UPI
T002572,2024-12-09,P022,Plant Pot,Outdoor,4,12.49,49.96,S004,C0121,Cash
T002573,2025-05-16,P002,Ballpoint Pen Pack,Stationery,1,5.07,5.07,S003,C0160,Bank Transfer
T002574,2025-08-21,P004,Printer Paper,Stationery,1,6.48,6.48,S003,C0191,Cash
T002575,2025-10-17,P004,Printer Paper,Stationery,1,6.91,6.91,S001,C0223,Card
T002576,2024-05-18,P006,USB-C Hub,Electronics,1,35.55,35.55,S002,C0226,UPI
T002577,2025-11-16,P021,Garden Gloves,Outdoor,1,9.25,9.25,S002,C0025,Card
T002578,2025-09-04,P009,Coffee Beans,Food and Beverage,2,16.28,32.56,S001,C0196,Card
T002579,2025-01-09,P021,Garden Gloves,Outdoor,1,9.36,9.36,S001,C0179,Cash
T002580,2024-10-07,P006,USB-C Hub,Electronics,3,34.5,103.5,S004,C0197,Card
T002581,2025-11-27,P022,Plant Pot,Outdoor,5,12.48,62.4,S001,C0170,Card
T002582,2025-11-10,P014,Cleaning Spray,Household,3,7.12,21.36,S004,C0077,UPI
T002583,2024-08-19,P017,Cotton T-Shirt,Apparel,1,19.36,19.36,S001,C0215,Card
T002584,2023-10-18,P023,Hand Trowel,Outdoor,1,10.45,10.45,S004,C0062,UPI
T002585,2023-02-25,P009,Coffee Beans,Food and Beverage,2,14.81,29.62,S001,C0105,Bank Transfer
T002586,2023-01-20,P019,Baseball Cap,Apparel,4,16.17,64.68,S001,C0204,Card
T002587,2023-10-11,P020,Running Socks,Apparel,4,9.54,38.16,S002,C0099,Cash
T002588,2023-02-26,P016,LED Bulb Pack,Household,6,11.37,68.22,S004,C0130,Cash
T002589,2025-12-13,P007,Bluetooth Speaker,Electronics,2,50.68,101.36,S002,C0243,Card
T002590,2025-12-19,P017,Cotton T-Shirt,Apparel,2,21.03,42.06,S002,C0221,UPI
T002591,2025-10-01,P020,Running Socks,Apparel,2,9.75,19.5,S003,C0234,Card
T002592,2023-09-08,P006,USB-C Hub,Electronics,1,34.58,34.58,S001,C0150,Card
T002593,2023-06-18,P002,Ballpoint Pen Pack,Stationery,2,5.5,11.0,S004,C0180,Card
T002594,2025-12-15,P020,Running Socks,Apparel,2,9.99,19.98,S002,C0183,Card
T002595,2024-07-19,P005,Wireless Mouse,Electronics,3,23.83,71.49,S004,C0056,Cash
T002596,2023-12-07,P023,Hand Trowel,Outdoor,1,10.83,10.83,S004,C0121,Card
T002597,2024-07-16,P016,LED Bulb Pack,Household,3,11.37,34.11,S004,C0031,Bank Transfer
T002598,2023-08-19,P006,USB-C Hub,Electronics,2,34.55,69.1,S001,C0262,Card
T002599,2025-10-08,P005,Wireless Mouse,Electronics,2,25.3,50.6,S002,C0043,Card
T002600,2024-04-07,P014,Cleaning Spray,Household,4,7.2,28.8,S003,C0261,Cash
T002601,2024-08-05,P004,Printer Paper,Stationery,3,6.75,20.25,S001,C0023,Card
T002602,2023-12-20,P024,Watering Can,Outdoor,1,20.96,20.96,S002,C0192,Card
T002603,2023-10-07,P014,Cleaning Spray,Household,1,7.52,7.52,S004,C0002,UPI
T002604,2023-07-18,P013,Hand Soap,Household,3,4.83,14.49,S001,C0256,Cash
T002605,2024-10-28,P005,Wireless Mouse,Electronics,1,26.2,26.2,S003,C0046,Card
T002606,2024-05-28,P008,Webcam,Electronics,5,57.36,286.8,S002,C0072,Bank Transfer
T002607,2023-11-01,P007,Bluetooth Speaker,Electronics,6,49.92,299.52,S003,C0280,Cash
T002608,2025-04-16,P005,Wireless Mouse,Electronics,3,25.0,75.0,S002,C0096,Cash
T002609,2023-06-02,P008,Webcam,Electronics,3,57.05,171.15,S002,C0122,UPI
T002610,2025-03-01,P003,Desk Organizer,Stationery,3,14.73,44.19,S002,C0115,Card
T002611,2025-04-22,P014,Cleaning Spray,Household,1,7.41,7.41,S004,C0148,Card
T002612,2023-09-07,P006,USB-C Hub,Electronics,3,34.68,104.04,S001,C0252,UPI
T002613,2025-12-06,P005,Wireless Mouse,Electronics,2,24.18,48.36,S001,C0229,Cash
T002614,2023-06-30,P018,Canvas Tote Bag,Apparel,1,12.87,12.87,S002,C0146,UPI
T002615,2024-11-09,P011,Reusable Water Bottle,Food and Beverage,2,18.82,37.64,S002,C0144,Card
T002616,2025-10-04,P004,Printer Paper,Stationery,4,6.52,26.08,S004,C0032,UPI
T002617,2025-07-10,P001,Notebook,Stationery,2,8.56,17.12,S003,C0029,Cash
T002618,2023-07-30,P001,Notebook,Stationery,5,8.93,44.65,S002,C0037,Cash
T002619,2024-10-29,P013,Hand Soap,Household,5,4.94,24.7,S001,C0136,Card
T002620,2023-12-19,P004,Printer Paper,Stationery,2,6.58,13.16,S001,C0251,Bank Transfer
T002621,2023-05-05,P004,Printer Paper,Stationery,1,6.51,6.51,S002,C0292,Card
T002622,2024-02-16,P005,Wireless Mouse,Electronics,3,26.19,78.57,S002,C0260,Cash
T002623,2023-08-19,P006,USB-C Hub,Electronics,1,34.57,34.57,S001,C0292,Card
T002624,2023-02-22,P012,Snack Box,Food and Beverage,2,21.44,42.88,S004,C0066,Card
T002625,2025-09-27,P007,Bluetooth Speaker,Electronics,2,49.49,98.98,S001,C0148,Card
T002626,2025-06-16,P002,Ballpoint Pen Pack,Stationery,2,5.33,10.66,S002,C0036,UPI
T002627,2025-07-11,P003,Desk Organizer,Stationery,4,13.48,53.92,S003,C0254,Card
T002628,2025-02-10,P005,Wireless Mouse,Electronics,1,26.01,26.01,S001,C0176,Card
T002629,2023-05-19,P023,Hand Trowel,Outdoor,1,10.66,10.66,S001,C0220,UPI
T002630,2023-12-06,P013,Hand Soap,Household,1,4.7,4.7,S003,C0082,Card
T002631,2024-11-08,P013,Hand Soap,Household,3,4.51,13.53,S004,C0202,Card
T002632,2025-03-28,P011,Reusable Water Bottle,Food and Beverage,2,18.62,37.24,S002,C0077,Card
T002633,2025-02-21,P020,Running Socks,Apparel,6,9.44,56.64,S001,C0030,UPI
T002634,2024-09-06,P011,Reusable Water Bottle,Food and Beverage,4,18.26,73.04,S004,C0173,Card
T002635,2023-06-19,P001,Notebook,Stationery,3,8.57,25.71,S001,C0038,Card
T002636,2024-04-12,P015,Storage Basket,Household,5,16.25,81.25,S001,C0284,Card
T002637,2024-09-11,P012,Snack Box,Food and Beverage,6,22.69,136.14,S004,C0005,UPI
T002638,2023-02-16,P012,Snack Box,Food and Beverage,1,21.65,21.65,S001,C0045,UPI
T002639,2023-07-19,P006,USB-C Hub,Electronics,5,35.04,175.2,S003,C0138,Card
T002640,2023-04-29,P007,Bluetooth Speaker,Electronics,2,51.69,103.38,S003,C0259,Card
T002641,2025-06-24,P006,USB-C Hub,Electronics,4,35.31,141.24,S001,C0163,UPI
T002642,2024-06-22,P022,Plant Pot,Outdoor,2,12.69,25.38,S002,C0256,Card
T002643,2024-09-30,P018,Canvas Tote Bag,Apparel,1,14.22,14.22,S003,C0207,UPI
T002644,2024-09-15,P002,Ballpoint Pen Pack,Stationery,2,5.11,10.22,S003,C0089,Cash
T002645,2025-07-18,P001,Notebook,Stationery,2,8.83,17.66,S002,C0089,Bank Transfer
T002646,2023-08-26,P006,USB-C Hub,Electronics,2,34.8,69.6,S001,C0211,Card
T002647,2025-09-06,P019,Baseball Cap,Apparel,4,15.66,62.64,S003,C0010,Card
T002648,2023-11-28,P016,LED Bulb Pack,Household,5,11.63,58.15,S004,C0292,Card
T002649,2025-05-02,P021,Garden Gloves,Outdoor,2,9.13,18.26,S002,C0092,Card
T002650,2025-11-09,P006,USB-C Hub,Electronics,3,32.59,97.77,S001,C0070,Card
T002651,2024-08-23,P024,Watering Can,Outdoor,2,22.01,44.02,S001,C0036,Bank Transfer
T002652,2023-01-02,P020,Running Socks,Apparel,3,10.55,31.65,S001,C0162,UPI
T002653,2025-11-23,P013,Hand Soap,Household,4,4.7,18.8,S002,C0283,Card
T002654,2025-04-05,P002,Ballpoint Pen Pack,Stationery,2,5.36,10.72,S002,C0198,Card
T002655,2023-12-26,P016,LED Bulb Pack,Household,1,11.47,11.47,S004,C0059,Card
T002656,2025-04-02,P005,Wireless Mouse,Electronics,1,23.88,23.88,S001,C0221,Bank Transfer
T002657,2025-02-16,P012,Snack Box,Food and Beverage,1,22.42,22.42,S002,C0165,Card
T002658,2025-05-23,P020,Running Socks,Apparel,3,10.25,30.75,S003,C0013,Card
T002659,2024-12-03,P007,Bluetooth Speaker,Electronics,2,48.77,97.54,S003,C0002,Bank Transfer
T002660,2025-02-04,P001,Notebook,Stationery,2,8.79,17.58,S001,C0286,Cash
T002661,2024-06-12,P006,USB-C Hub,Electronics,6,32.71,196.26,S003,C0010,UPI
T002662,2023-10-13,P004,Printer Paper,Stationery,3,7.06,21.18,S002,C0144,Card
T002663,2025-12-05,P005,Wireless Mouse,Electronics,2,24.28,48.56,S003,C0176,Bank Transfer
T002664,2023-03-25,P017,Cotton T-Shirt,Apparel,3,19.82,59.46,S002,C0098,Card
T002665,2025-04-16,P001,Notebook,Stationery,1,8.21,8.21,S001,C0122,Card
T002666,2024-03-06,P002,Ballpoint Pen Pack,Stationery,2,5.04,10.08,S003,C0198,Card
T002667,2023-03-08,P006,USB-C Hub,Electronics,2,33.37,66.74,S004,C0031,UPI
T002668,2023-04-09,P014,Cleaning Spray,Household,1,7.2,7.2,S001,C0006,Bank Transfer
T002669,2025-04-02,P001,Notebook,Stationery,1,8.3,8.3,S001,C0060,UPI
T002670,2023-08-11,P011,Reusable Water Bottle,Food and Beverage,3,18.46,55.38,S002,C0035,UPI
T002671,2023-01-21,P012,Snack Box,Food and Beverage,1,22.57,22.57,S003,C0122,UPI
T002672,2023-01-02,P003,Desk Organizer,Stationery,3,13.73,41.19,S001,C0051,Card
T002673,2025-08-18,P012,Snack Box,Food and Beverage,2,21.89,43.78,S003,C0004,Card
T002674,2024-01-01,P008,Webcam,Electronics,5,58.64,293.2,S004,C0267,Bank Transfer
T002675,2025-06-13,P009,Coffee Beans,Food and Beverage,2,15.39,30.78,S001,C0073,UPI
T002676,2024-05-06,P002,Ballpoint Pen Pack,Stationery,1,5.02,5.02,S002,C0197,Cash
T002677,2023-12-29,P017,Cotton T-Shirt,Apparel,4,20.17,80.68,S001,C0209,UPI
T002678,2024-08-09,P013,Hand Soap,Household,5,5.0,25.0,S001,C0095,Cash
T002679,2025-12-06,P012,Snack Box,Food and Beverage,3,23.16,69.48,S003,C0111,Cash
T002680,2023-10-08,P004,Printer Paper,Stationery,2,6.74,13.48,S004,C0028,UPI
T002681,2024-07-19,P005,Wireless Mouse,Electronics,4,25.81,103.24,S001,C0224,Bank Transfer
T002682,2024-04-28,P005,Wireless Mouse,Electronics,4,25.38,101.52,S001,C0213,UPI
T002683,2024-10-01,P013,Hand Soap,Household,6,4.91,29.46,S002,C0082,UPI
T002684,2024-06-18,P010,Tea Assortment,Food and Beverage,3,13.03,39.09,S003,C0072,Card
T002685,2024-08-18,P005,Wireless Mouse,Electronics,4,25.55,102.2,S001,C0015,UPI
T002686,2023-08-04,P013,Hand Soap,Household,2,4.58,9.16,S001,C0066,Cash
T002687,2024-07-11,P015,Storage Basket,Household,1,16.87,16.87,S001,C0205,Card
T002688,2024-11-08,P001,Notebook,Stationery,2,8.55,17.1,S002,C0050,Bank Transfer
T002689,2025-01-28,P023,Hand Trowel,Outdoor,5,10.89,54.45,S002,C0242,Card
T002690,2025-12-11,P016,LED Bulb Pack,Household,1,11.55,11.55,S001,C0102,Card
T002691,2024-10-27,P011,Reusable Water Bottle,Food and Beverage,2,18.68,37.36,S004,C0097,Bank Transfer
T002692,2024-06-17,P004,Printer Paper,Stationery,2,6.76,13.52,S002,C0058,Bank Transfer
T002693,2023-10-25,P007,Bluetooth Speaker,Electronics,3,51.0,153.0,S004,C0259,UPI
T002694,2023-11-03,P003,Desk Organizer,Stationery,4,14.53,58.12,S002,C0284,Cash
T002695,2024-02-19,P006,USB-C Hub,Electronics,1,36.33,36.33,S003,C0277,Card
T002696,2025-04-04,P001,Notebook,Stationery,1,8.85,8.85,S002,C0089,UPI
T002697,2025-05-22,P008,Webcam,Electronics,4,58.45,233.8,S001,C0153,Bank Transfer
T002698,2025-10-31,P022,Plant Pot,Outdoor,1,11.76,11.76,S003,C0043,Card
T002699,2024-01-13,P017,Cotton T-Shirt,Apparel,5,20.86,104.3,S003,C0066,Card
T002700,2024-06-11,P023,Hand Trowel,Outdoor,3,11.1,33.3,S003,C0023,Cash
T002701,2023-09-06,P003,Desk Organizer,Stationery,2,13.59,27.18,S002,C0152,Cash
T002702,2024-07-26,P005,Wireless Mouse,Electronics,2,24.84,49.68,S004,C0031,Card
T002703,2024-01-28,P023,Hand Trowel,Outdoor,1,10.91,10.91,S002,C0291,Card
T002704,2023-02-19,P009,Coffee Beans,Food and Beverage,2,15.99,31.98,S001,C0146,Bank Transfer
T002705,2023-06-29,P003,Desk Organizer,Stationery,4,14.53,58.12,S002,C0166,UPI
T002706,2024-03-15,P019,Baseball Cap,Apparel,1,16.17,16.17,S001,C0062,UPI
T002707,2024-11-20,P007,Bluetooth Speaker,Electronics,1,47.31,47.31,S001,C0058,Card
T002708,2025-01-04,P010,Tea Assortment,Food and Beverage,1,12.52,12.52,S003,C0143,Cash
T002709,2025-04-01,P017,Cotton T-Shirt,Apparel,1,20.0,20.0,S003,C0285,Card
T002710,2024-01-06,P001,Notebook,Stationery,4,8.68,34.72,S001,C0117,Card
T002711,2024-08-08,P002,Ballpoint Pen Pack,Stationery,1,4.96,4.96,S003,C0124,UPI
T002712,2024-08-30,P024,Watering Can,Outdoor,2,20.36,40.72,S004,C0038,Cash
T002713,2023-04-18,P015,Storage Basket,Household,2,15.57,31.14,S001,C0148,Card
T002714,2025-05-01,P024,Watering Can,Outdoor,5,21.93,109.65,S001,C0089,Bank Transfer
T002715,2023-06-01,P021,Garden Gloves,Outdoor,3,8.9,26.7,S003,C0005,Cash
T002716,2024-03-04,P021,Garden Gloves,Outdoor,1,9.39,9.39,S003,C0052,UPI
T002717,2025-01-18,P002,Ballpoint Pen Pack,Stationery,3,5.4,16.2,S001,C0298,UPI
T002718,2025-01-01,P023,Hand Trowel,Outdoor,4,10.92,43.68,S001,C0178,UPI
T002719,2025-11-25,P006,USB-C Hub,Electronics,2,34.75,69.5,S002,C0107,Card
T002720,2025-02-28,P011,Reusable Water Bottle,Food and Beverage,3,18.37,55.11,S001,C0121,Cash
T002721,2024-10-25,P002,Ballpoint Pen Pack,Stationery,1,5.02,5.02,S003,C0051,UPI
T002722,2024-04-30,P002,Ballpoint Pen Pack,Stationery,2,5.13,10.26,S001,C0280,Card
T002723,2024-01-26,P024,Watering Can,Outdoor,3,20.99,62.97,S001,C0036,Card
T002724,2024-06-17,P013,Hand Soap,Household,2,4.64,9.28,S004,C0038,Card
T002725,2025-08-15,P014,Cleaning Spray,Household,1,6.88,6.88,S002,C0194,UPI
T002726,2023-07-25,P006,USB-C Hub,Electronics,1,35.37,35.37,S001,C0199,Card
T002727,2023-04-23,P017,Cotton T-Shirt,Apparel,1,19.5,19.5,S002,C0181,Cash
T002728,2024-04-23,P001,Notebook,Stationery,1,8.96,8.96,S002,C0273,Card
T002729,2024-05-26,P017,Cotton T-Shirt,Apparel,3,19.19,57.57,S004,C0075,UPI
T002730,2025-04-21,P023,Hand Trowel,Outdoor,2,10.46,20.92,S001,C0258,Card
T002731,2023-08-23,P004,Printer Paper,Stationery,1,7.1,7.1,S001,C0058,Cash
T002732,2024-07-29,P012,Snack Box,Food and Beverage,3,23.83,71.49,S003,C0238,Cash
T002733,2025-06-06,P002,Ballpoint Pen Pack,Stationery,2,5.18,10.36,S001,C0117,Card
T002734,2025-01-26,P007,Bluetooth Speaker,Electronics,1,48.58,48.58,S002,C0091,UPI
T002735,2023-07-11,P015,Storage Basket,Household,1,17.38,17.38,S004,C0119,Bank Transfer
T002736,2025-09-19,P024,Watering Can,Outdoor,1,20.75,20.75,S002,C0033,UPI
T002737,2024-10-24,P004,Printer Paper,Stationery,1,6.96,6.96,S002,C0154,Cash
T002738,2023-05-21,P013,Hand Soap,Household,2,4.88,9.76,S002,C0298,Card
T002739,2024-04-30,P014,Cleaning Spray,Household,4,6.83,27.32,S001,C0206,UPI
T002740,2025-11-14,P004,Printer Paper,Stationery,4,6.52,26.08,S001,C0110,Card
T002741,2024-05-18,P006,USB-C Hub,Electronics,1,33.13,33.13,S003,C0134,Card
T002742,2025-04-03,P004,Printer Paper,Stationery,1,6.62,6.62,S002,C0073,Card
T002743,2024-03-15,P023,Hand Trowel,Outdoor,2,10.7,21.4,S003,C0153,Bank Transfer
T002744,2025-03-24,P010,Tea Assortment,Food and Beverage,2,12.34,24.68,S002,C0297,Card
T002745,2023-06-29,P017,Cotton T-Shirt,Apparel,3,20.58,61.74,S002,C0248,Card
T002746,2024-11-17,P004,Printer Paper,Stationery,1,6.75,6.75,S001,C0182,UPI
T002747,2025-06-30,P014,Cleaning Spray,Household,1,7.46,7.46,S004,C0026,Card
T002748,2025-09-07,P008,Webcam,Electronics,1,58.1,58.1,S002,C0017,UPI
T002749,2024-07-05,P004,Printer Paper,Stationery,1,6.44,6.44,S001,C0091,UPI
T002750,2023-06-03,P011,Reusable Water Bottle,Food and Beverage,4,17.75,71.0,S004,C0239,UPI
T002751,2024-11-30,P013,Hand Soap,Household,1,4.6,4.6,S002,C0160,UPI
T002752,2023-03-21,P016,LED Bulb Pack,Household,2,12.71,25.42,S004,C0216,Cash
T002753,2023-10-26,P006,USB-C Hub,Electronics,3,33.55,100.65,S002,C0043,Card
T002754,2023-05-03,P006,USB-C Hub,Electronics,2,35.33,70.66,S003,C0117,Cash
T002755,2025-05-07,P006,USB-C Hub,Electronics,2,36.07,72.14,S003,C0034,Bank Transfer
T002756,2023-04-17,P017,Cotton T-Shirt,Apparel,4,19.31,77.24,S004,C0164,UPI
T002757,2023-05-13,P001,Notebook,Stationery,3,8.01,24.03,S002,C0155,Bank Transfer
T002758,2023-03-26,P022,Plant Pot,Outdoor,3,11.64,34.92,S001,C0249,Card
T002759,2024-08-19,P010,Tea Assortment,Food and Beverage,3,11.99,35.97,S004,C0178,UPI
T002760,2025-08-29,P009,Coffee Beans,Food and Beverage,3,15.74,47.22,S004,C0230,UPI
T002761,2024-02-12,P004,Printer Paper,Stationery,2,6.6,13.2,S001,C0020,Cash
T002762,2025-01-22,P006,USB-C Hub,Electronics,3,32.8,98.4,S004,C0144,Card
T002763,2024-08-05,P004,Printer Paper,Stationery,2,7.09,14.18,S001,C0239,Cash
T002764,2023-03-31,P014,Cleaning Spray,Household,2,7.54,15.08,S002,C0157,Card
T002765,2025-02-18,P005,Wireless Mouse,Electronics,1,25.28,25.28,S002,C0055,UPI
T002766,2023-09-07,P003,Desk Organizer,Stationery,1,13.81,13.81,S001,C0209,Cash
T002767,2024-01-31,P016,LED Bulb Pack,Household,2,12.61,25.22,S002,C0104,UPI
T002768,2025-04-24,P023,Hand Trowel,Outdoor,1,9.97,9.97,S003,C0205,Card
T002769,2024-07-13,P018,Canvas Tote Bag,Apparel,3,14.25,42.75,S001,C0129,Bank Transfer
T002770,2025-04-24,P021,Garden Gloves,Outdoor,1,9.28,9.28,S003,C0030,UPI
T002771,2025-11-29,P019,Baseball Cap,Apparel,1,16.25,16.25,S001,C0172,UPI
T002772,2025-10-10,P006,USB-C Hub,Electronics,1,34.99,34.99,S004,C0201,UPI
T002773,2023-10-10,P008,Webcam,Electronics,1,56.85,56.85,S002,C0139,UPI
T002774,2024-01-01,P013,Hand Soap,Household,3,4.81,14.43,S004,C0284,Card
T002775,2025-03-19,P003,Desk Organizer,Stationery,4,13.81,55.24,S001,C0116,UPI
T002776,2023-03-25,P011,Reusable Water Bottle,Food and Beverage,1,18.6,18.6,S004,C0237,Bank Transfer
T002777,2024-07-25,P010,Tea Assortment,Food and Beverage,5,12.96,64.8,S001,C0123,Cash
T002778,2024-07-04,P016,LED Bulb Pack,Household,4,12.14,48.56,S004,C0187,UPI
T002779,2024-06-14,P001,Notebook,Stationery,1,8.02,8.02,S001,C0166,Cash
T002780,2025-04-04,P021,Garden Gloves,Outdoor,1,9.52,9.52,S001,C0275,Bank Transfer
T002781,2024-04-20,P022,Plant Pot,Outdoor,1,11.54,11.54,S002,C0255,UPI
T002782,2024-06-16,P006,USB-C Hub,Electronics,1,36.49,36.49,S001,C0049,UPI
T002783,2023-07-22,P006,USB-C Hub,Electronics,2,33.69,67.38,S001,C0209,Cash
T002784,2023-06-22,P007,Bluetooth Speaker,Electronics,1,52.01,52.01,S002,C0149,Card
T002785,2025-07-08,P003,Desk Organizer,Stationery,2,13.31,26.62,S004,C0284,UPI
T002786,2024-08-18,P017,Cotton T-Shirt,Apparel,1,19.84,19.84,S002,C0292,UPI
T002787,2025-08-11,P004,Printer Paper,Stationery,1,6.56,6.56,S003,C0014,UPI
T002788,2023-12-18,P018,Canvas Tote Bag,Apparel,2,14.28,28.56,S004,C0047,Card
T002789,2023-04-27,P013,Hand Soap,Household,6,4.67,28.02,S004,C0026,UPI
T002790,2025-01-26,P010,Tea Assortment,Food and Beverage,1,13.25,13.25,S002,C0178,UPI
T002791,2025-04-10,P019,Baseball Cap,Apparel,1,15.44,15.44,S003,C0108,UPI
T002792,2023-01-28,P024,Watering Can,Outdoor,1,21.73,21.73,S003,C0044,Cash
T002793,2024-10-13,P018,Canvas Tote Bag,Apparel,1,14.1,14.1,S003,C0087,Card
T002794,2024-06-21,P001,Notebook,Stationery,3,8.12,24.36,S004,C0148,Bank Transfer
T002795,2025-02-07,P010,Tea Assortment,Food and Beverage,3,12.89,38.67,S001,C0023,UPI
T002796,2024-07-27,P006,USB-C Hub,Electronics,3,34.21,102.63,S003,C0064,UPI
T002797,2025-07-20,P015,Storage Basket,Household,4,16.1,64.4,S001,C0004,Card
T002798,2025-10-26,P019,Baseball Cap,Apparel,1,15.29,15.29,S002,C0067,UPI
T002799,2025-11-17,P022,Plant Pot,Outdoor,1,11.78,11.78,S002,C0209,Card
T002800,2024-11-20,P017,Cotton T-Shirt,Apparel,1,21.12,21.12,S002,C0186,Cash
T002801,2023-08-25,P003,Desk Organizer,Stationery,1,14.64,14.64,S003,C0081,UPI
T002802,2024-12-30,P013,Hand Soap,Household,6,4.5,27.0,S003,C0008,Cash
T002803,2025-08-05,P015,Storage Basket,Household,4,16.34,65.36,S001,C0014,Cash
T002804,2025-11-04,P017,Cotton T-Shirt,Apparel,6,19.99,119.94,S002,C0088,UPI
T002805,2025-09-17,P012,Snack Box,Food and Beverage,3,21.24,63.72,S002,C0244,UPI
T002806,2024-09-25,P001,Notebook,Stationery,1,8.97,8.97,S002,C0192,Cash
T002807,2024-03-21,P015,Storage Basket,Household,3,16.93,50.79,S001,C0014,Card
T002808,2024-08-05,P014,Cleaning Spray,Household,3,6.96,20.88,S002,C0033,Cash
T002809,2024-04-02,P014,Cleaning Spray,Household,1,6.94,6.94,S003,C0220,Card
T002810,2023-12-31,P002,Ballpoint Pen Pack,Stationery,1,5.31,5.31,S001,C0118,Cash
T002811,2025-03-25,P004,Printer Paper,Stationery,2,7.02,14.04,S002,C0255,Cash
T002812,2024-11-16,P003,Desk Organizer,Stationery,1,14.78,14.78,S003,C0297,Cash
T002813,2024-12-02,P008,Webcam,Electronics,1,62.11,62.11,S004,C0078,Card
T002814,2024-12-15,P018,Canvas Tote Bag,Apparel,3,13.56,40.68,S004,C0181,Card
T002815,2024-01-12,P019,Baseball Cap,Apparel,3,15.12,45.36,S004,C0149,Card
T002816,2024-06-30,P024,Watering Can,Outdoor,1,20.13,20.13,S001,C0035,UPI
T002817,2025-02-15,P005,Wireless Mouse,Electronics,1,24.55,24.55,S001,C0135,UPI
T002818,2025-04-14,P007,Bluetooth Speaker,Electronics,3,48.09,144.27,S004,C0170,Cash
T002819,2025-08-13,P020,Running Socks,Apparel,5,9.46,47.3,S001,C0257,Card
T002820,2024-09-26,P001,Notebook,Stationery,1,8.57,8.57,S004,C0196,Card
T002821,2023-11-07,P016,LED Bulb Pack,Household,4,12.08,48.32,S001,C0117,Card
T002822,2025-01-12,P016,LED Bulb Pack,Household,3,12.26,36.78,S003,C0132,Card
T002823,2025-08-31,P003,Desk Organizer,Stationery,1,14.36,14.36,S001,C0050,Cash
T002824,2025-05-07,P001,Notebook,Stationery,4,8.52,34.08,S004,C0279,Card
T002825,2025-01-30,P018,Canvas Tote Bag,Apparel,1,13.44,13.44,S004,C0019,Card
T002826,2025-06-30,P019,Baseball Cap,Apparel,1,15.76,15.76,S003,C0045,Card
T002827,2023-04-23,P019,Baseball Cap,Apparel,5,15.13,75.65,S001,C0118,Bank Transfer
T002828,2025-07-01,P021,Garden Gloves,Outdoor,5,8.48,42.4,S001,C0039,UPI
T002829,2023-07-25,P009,Coffee Beans,Food and Beverage,6,15.79,94.74,S001,C0268,UPI
T002830,2025-05-20,P013,Hand Soap,Household,3,4.52,13.56,S002,C0059,Card
T002831,2024-12-21,P005,Wireless Mouse,Electronics,5,26.17,130.85,S002,C0038,Card
T002832,2023-05-10,P013,Hand Soap,Household,1,4.49,4.49,S004,C0150,Card
T002833,2023-04-09,P010,Tea Assortment,Food and Beverage,2,12.03,24.06,S001,C0011,UPI
T002834,2025-03-07,P011,Reusable Water Bottle,Food and Beverage,2,17.7,35.4,S001,C0123,Cash
T002835,2024-07-18,P001,Notebook,Stationery,4,8.5,34.0,S001,C0083,Bank Transfer
T002836,2024-09-02,P010,Tea Assortment,Food and Beverage,1,13.29,13.29,S001,C0092,Card
T002837,2025-11-15,P005,Wireless Mouse,Electronics,4,24.56,98.24,S004,C0075,UPI
T002838,2024-11-22,P012,Snack Box,Food and Beverage,4,21.39,85.56,S003,C0202,Cash
T002839,2023-11-27,P010,Tea Assortment,Food and Beverage,1,12.07,12.07,S001,C0051,Cash
T002840,2025-10-27,P023,Hand Trowel,Outdoor,3,10.4,31.2,S002,C0020,Cash
T002841,2025-12-07,P011,Reusable Water Bottle,Food and Beverage,3,17.37,52.11,S002,C0272,Card
T002842,2023-07-23,P001,Notebook,Stationery,1,8.25,8.25,S003,C0290,Card
T002843,2023-06-16,P001,Notebook,Stationery,2,8.25,16.5,S002,C0127,UPI
T002844,2024-11-02,P018,Canvas Tote Bag,Apparel,3,13.27,39.81,S004,C0019,Card
T002845,2023-12-13,P004,Printer Paper,Stationery,3,7.04,21.12,S003,C0124,Card
T002846,2024-08-06,P024,Watering Can,Outdoor,1,21.28,21.28,S001,C0179,UPI
T002847,2024-06-18,P004,Printer Paper,Stationery,2,6.76,13.52,S002,C0267,Card
T002848,2025-05-29,P007,Bluetooth Speaker,Electronics,1,49.36,49.36,S004,C0211,UPI
T002849,2024-02-03,P024,Watering Can,Outdoor,2,21.55,43.1,S002,C0150,Card
T002850,2025-06-27,P015,Storage Basket,Household,2,17.09,34.18,S001,C0001,Card
T002851,2024-07-10,P016,LED Bulb Pack,Household,1,11.91,11.91,S002,C0273,Cash
T002852,2024-04-08,P001,Notebook,Stationery,2,8.19,16.38,S002,C0134,Card
T002853,2025-09-24,P002,Ballpoint Pen Pack,Stationery,2,5.24,10.48,S002,C0281,Card
T002854,2023-03-15,P004,Printer Paper,Stationery,1,6.72,6.72,S003,C0090,UPI
T002855,2024-12-11,P021,Garden Gloves,Outdoor,1,9.29,9.29,S002,C0298,Card
T002856,2023-05-29,P012,Snack Box,Food and Beverage,1,22.95,22.95,S002,C0090,Card
T002857,2025-04-28,P005,Wireless Mouse,Electronics,4,24.69,98.76,S002,C0248,UPI
T002858,2025-07-05,P001,Notebook,Stationery,4,8.57,34.28,S002,C0003,Card
T002859,2025-01-18,P002,Ballpoint Pen Pack,Stationery,1,5.0,5.0,S004,C0143,Card
T002860,2023-03-09,P003,Desk Organizer,Stationery,4,13.83,55.32,S003,C0117,Card
T002861,2025-08-20,P009,Coffee Beans,Food and Beverage,1,14.63,14.63,S001,C0296,UPI
T002862,2023-04-23,P022,Plant Pot,Outdoor,4,12.68,50.72,S001,C0031,Card
T002863,2024-05-22,P010,Tea Assortment,Food and Beverage,3,12.35,37.05,S004,C0167,Bank Transfer
T002864,2023-10-04,P012,Snack Box,Food and Beverage,2,23.35,46.7,S002,C0255,UPI
T002865,2024-03-04,P006,USB-C Hub,Electronics,3,33.32,99.96,S001,C0094,Card
T002866,2023-06-04,P020,Running Socks,Apparel,3,10.47,31.41,S001,C0189,Cash
T002867,2023-11-27,P010,Tea Assortment,Food and Beverage,2,13.36,26.72,S001,C0281,Card
T002868,2025-12-23,P005,Wireless Mouse,Electronics,6,25.2,151.2,S003,C0218,UPI
T002869,2024-08-19,P001,Notebook,Stationery,3,8.91,26.73,S001,C0185,UPI
T002870,2024-04-11,P017,Cotton T-Shirt,Apparel,1,20.08,20.08,S003,C0135,Card
T002871,2023-02-23,P002,Ballpoint Pen Pack,Stationery,1,4.98,4.98,S003,C0281,Card
T002872,2024-01-27,P006,USB-C Hub,Electronics,1,34.09,34.09,S003,C0113,Bank Transfer
T002873,2024-09-10,P002,Ballpoint Pen Pack,Stationery,2,5.42,10.84,S004,C0130,Card
T002874,2023-04-21,P013,Hand Soap,Household,3,4.85,14.55,S004,C0097,Card
T002875,2025-10-17,P016,LED Bulb Pack,Household,4,12.23,48.92,S003,C0288,UPI
T002876,2023-11-02,P018,Canvas Tote Bag,Apparel,6,13.42,80.52,S003,C0056,Card
T002877,2024-07-31,P018,Canvas Tote Bag,Apparel,2,13.73,27.46,S004,C0148,Card
T002878,2024-08-07,P003,Desk Organizer,Stationery,1,14.52,14.52,S003,C0199,Card
T002879,2025-05-21,P016,LED Bulb Pack,Household,1,11.92,11.92,S001,C0177,Cash
T002880,2025-02-15,P013,Hand Soap,Household,2,4.52,9.04,S002,C0069,Card
T002881,2023-05-10,P005,Wireless Mouse,Electronics,3,24.51,73.53,S002,C0299,UPI
T002882,2024-01-09,P005,Wireless Mouse,Electronics,3,24.85,74.55,S004,C0270,UPI
T002883,2023-04-30,P018,Canvas Tote Bag,Apparel,1,13.17,13.17,S002,C0206,Card
T002884,2024-02-29,P003,Desk Organizer,Stationery,4,13.79,55.16,S003,C0211,Card
T002885,2025-04-09,P021,Garden Gloves,Outdoor,4,8.73,34.92,S003,C0170,Bank Transfer
T002886,2025-09-27,P001,Notebook,Stationery,1,8.45,8.45,S003,C0022,Card
T002887,2023-07-12,P015,Storage Basket,Household,1,17.39,17.39,S001,C0083,Cash
T002888,2024-01-16,P023,Hand Trowel,Outdoor,1,11.06,11.06,S004,C0262,UPI
T002889,2025-01-31,P001,Notebook,Stationery,3,8.82,26.46,S001,C0257,UPI
T002890,2023-07-10,P011,Reusable Water Bottle,Food and Beverage,3,18.89,56.67,S004,C0270,Card
T002891,2023-06-21,P002,Ballpoint Pen Pack,Stationery,4,5.3,21.2,S002,C0055,UPI
T002892,2024-08-26,P016,LED Bulb Pack,Household,2,11.42,22.84,S004,C0133,Card
T002893,2025-12-29,P006,USB-C Hub,Electronics,1,32.48,32.48,S003,C0291,Card
T002894,2023-03-30,P008,Webcam,Electronics,6,57.3,343.8,S003,C0001,Card
T002895,2024-08-13,P018,Canvas Tote Bag,Apparel,1,14.02,14.02,S003,C0039,Cash
T002896,2023-05-16,P002,Ballpoint Pen Pack,Stationery,4,5.21,20.84,S001,C0267,UPI
T002897,2025-08-25,P010,Tea Assortment,Food and Beverage,1,12.9,12.9,S003,C0109,UPI
T002898,2025-12-09,P015,Storage Basket,Household,1,17.44,17.44,S001,C0221,UPI
T002899,2025-05-11,P012,Snack Box,Food and Beverage,1,22.99,22.99,S001,C0225,UPI
T002900,2025-11-05,P016,LED Bulb Pack,Household,5,11.56,57.8,S001,C0126,UPI
T002901,2024-05-08,P017,Cotton T-Shirt,Apparel,3,20.95,62.85,S003,C0213,UPI
T002902,2023-08-22,P017,Cotton T-Shirt,Apparel,3,19.93,59.79,S002,C0086,Cash
T002903,2024-02-12,P003,Desk Organizer,Stationery,2,13.4,26.8,S001,C0271,Card
T002904,2025-07-24,P001,Notebook,Stationery,1,8.83,8.83,S001,C0298,Bank Transfer
T002905,2023-05-08,P021,Garden Gloves,Outdoor,2,8.76,17.52,S003,C0289,UPI
T002906,2023-12-06,P015,Storage Basket,Household,1,15.71,15.71,S004,C0081,UPI
T002907,2024-12-14,P005,Wireless Mouse,Electronics,1,24.29,24.29,S004,C0189,UPI
T002908,2023-05-10,P014,Cleaning Spray,Household,1,6.82,6.82,S001,C0223,Cash
T002909,2024-05-13,P024,Watering Can,Outdoor,2,20.24,40.48,S001,C0195,UPI
T002910,2023-01-24,P006,USB-C Hub,Electronics,1,33.93,33.93,S002,C0056,Card
T002911,2025-09-04,P024,Watering Can,Outdoor,3,21.57,64.71,S003,C0273,Card
T002912,2023-03-11,P007,Bluetooth Speaker,Electronics,4,47.98,191.92,S001,C0037,Card
T002913,2023-03-13,P017,Cotton T-Shirt,Apparel,1,19.82,19.82,S002,C0142,Cash
T002914,2025-12-21,P011,Reusable Water Bottle,Food and Beverage,1,18.3,18.3,S002,C0285,Card
T002915,2024-08-13,P013,Hand Soap,Household,1,4.61,4.61,S002,C0037,UPI
T002916,2023-03-06,P002,Ballpoint Pen Pack,Stationery,3,5.2,15.6,S004,C0121,UPI
T002917,2023-05-28,P011,Reusable Water Bottle,Food and Beverage,1,18.05,18.05,S002,C0052,Card
T002918,2023-12-09,P008,Webcam,Electronics,3,55.62,166.86,S001,C0071,Card
T002919,2024-09-04,P002,Ballpoint Pen Pack,Stationery,4,5.47,21.88,S004,C0006,Card
T002920,2024-09-03,P021,Garden Gloves,Outdoor,2,9.02,18.04,S001,C0178,UPI
T002921,2025-06-29,P014,Cleaning Spray,Household,1,6.82,6.82,S003,C0289,UPI
T002922,2025-10-28,P016,LED Bulb Pack,Household,3,12.51,37.53,S001,C0037,Card
T002923,2025-12-05,P005,Wireless Mouse,Electronics,4,25.34,101.36,S001,C0251,UPI
T002924,2024-09-09,P005,Wireless Mouse,Electronics,5,24.48,122.4,S003,C0025,UPI
T002925,2025-06-20,P014,Cleaning Spray,Household,2,7.65,15.3,S004,C0297,Cash
T002926,2023-11-12,P021,Garden Gloves,Outdoor,3,8.56,25.68,S002,C0107,Card
T002927,2024-10-27,P007,Bluetooth Speaker,Electronics,1,50.57,50.57,S004,C0045,UPI
T002928,2025-11-16,P004,Printer Paper,Stationery,3,6.53,19.59,S002,C0016,UPI
T002929,2024-12-08,P005,Wireless Mouse,Electronics,2,24.12,48.24,S002,C0081,Card
T002930,2023-09-20,P021,Garden Gloves,Outdoor,5,8.47,42.35,S001,C0180,Card
T002931,2023-01-26,P002,Ballpoint Pen Pack,Stationery,1,5.09,5.09,S003,C0218,Cash
T002932,2024-11-28,P018,Canvas Tote Bag,Apparel,2,14.29,28.58,S002,C0236,Card
T002933,2024-05-12,P009,Coffee Beans,Food and Beverage,1,15.44,15.44,S001,C0219,UPI
T002934,2024-11-24,P014,Cleaning Spray,Household,4,7.29,29.16,S004,C0092,Card
T002935,2024-01-10,P005,Wireless Mouse,Electronics,1,25.34,25.34,S001,C0091,Bank Transfer
T002936,2024-07-26,P009,Coffee Beans,Food and Beverage,2,15.94,31.88,S001,C0235,UPI
T002937,2025-02-22,P008,Webcam,Electronics,3,55.97,167.91,S004,C0219,UPI
T002938,2024-08-14,P001,Notebook,Stationery,3,8.23,24.69,S001,C0187,Card
T002939,2023-12-22,P020,Running Socks,Apparel,3,10.35,31.05,S001,C0227,Card
T002940,2023-09-21,P016,LED Bulb Pack,Household,4,11.41,45.64,S004,C0067,Card
T002941,2025-04-10,P024,Watering Can,Outdoor,2,21.4,42.8,S003,C0228,Bank Transfer
T002942,2023-11-03,P016,LED Bulb Pack,Household,2,11.98,23.96,S001,C0058,UPI
T002943,2023-07-06,P009,Coffee Beans,Food and Beverage,2,16.32,32.64,S003,C0207,UPI
T002944,2025-09-02,P001,Notebook,Stationery,5,8.93,44.65,S003,C0279,Card
T002945,2023-10-29,P008,Webcam,Electronics,4,58.79,235.16,S001,C0220,Card
T002946,2023-06-03,P022,Plant Pot,Outdoor,1,11.9,11.9,S003,C0175,Card
T002947,2024-04-11,P021,Garden Gloves,Outdoor,5,9.16,45.8,S002,C0287,Cash
T002948,2025-11-12,P003,Desk Organizer,Stationery,3,13.61,40.83,S003,C0200,Card
T002949,2025-01-23,P008,Webcam,Electronics,4,60.79,243.16,S003,C0137,UPI
T002950,2025-03-06,P016,LED Bulb Pack,Household,4,12.24,48.96,S003,C0122,UPI
T002951,2024-10-22,P003,Desk Organizer,Stationery,2,14.17,28.34,S001,C0171,Cash
T002952,2024-03-21,P018,Canvas Tote Bag,Apparel,5,13.88,69.4,S004,C0086,Cash
T002953,2023-04-21,P008,Webcam,Electronics,1,62.12,62.12,S002,C0095,UPI
T002954,2025-02-03,P018,Canvas Tote Bag,Apparel,1,13.81,13.81,S003,C0242,Bank Transfer
T002955,2024-08-26,P021,Garden Gloves,Outdoor,1,9.15,9.15,S004,C0238,Card
T002956,2023-01-01,P016,LED Bulb Pack,Household,3,12.25,36.75,S003,C0161,Bank Transfer
T002957,2024-04-06,P021,Garden Gloves,Outdoor,5,9.37,46.85,S004,C0168,Card
T002958,2023-05-08,P005,Wireless Mouse,Electronics,2,25.08,50.16,S001,C0137,Card
T002959,2023-10-10,P016,LED Bulb Pack,Household,1,12.13,12.13,S003,C0241,Card
T002960,2025-06-16,P002,Ballpoint Pen Pack,Stationery,2,5.01,10.02,S003,C0066,UPI
T002961,2025-08-13,P004,Printer Paper,Stationery,1,6.74,6.74,S001,C0270,Card
T002962,2025-07-25,P014,Cleaning Spray,Household,6,7.62,45.72,S001,C0209,UPI
T002963,2024-12-27,P015,Storage Basket,Household,1,17.29,17.29,S001,C0208,Bank Transfer
T002964,2025-07-17,P001,Notebook,Stationery,2,8.02,16.04,S004,C0257,UPI
T002965,2024-10-12,P018,Canvas Tote Bag,Apparel,6,13.95,83.7,S002,C0070,Card
T002966,2024-07-26,P013,Hand Soap,Household,4,4.66,18.64,S002,C0145,Card
T002967,2024-06-20,P005,Wireless Mouse,Electronics,4,25.86,103.44,S002,C0086,Card
T002968,2024-10-18,P011,Reusable Water Bottle,Food and Beverage,3,18.58,55.74,S002,C0149,UPI
T002969,2023-11-12,P005,Wireless Mouse,Electronics,1,23.62,23.62,S004,C0045,Card
T002970,2024-08-10,P015,Storage Basket,Household,1,17.46,17.46,S004,C0115,Card
T002971,2025-02-24,P007,Bluetooth Speaker,Electronics,1,49.74,49.74,S002,C0202,UPI
T002972,2025-02-18,P003,Desk Organizer,Stationery,2,13.64,27.28,S002,C0181,Card
T002973,2024-01-25,P016,LED Bulb Pack,Household,3,12.38,37.14,S002,C0077,Card
T002974,2023-07-21,P011,Reusable Water Bottle,Food and Beverage,2,18.54,37.08,S004,C0199,Bank Transfer
T002975,2025-12-14,P015,Storage Basket,Household,2,16.58,33.16,S003,C0260,Card
T002976,2023-10-19,P017,Cotton T-Shirt,Apparel,1,18.85,18.85,S001,C0219,Card
T002977,2023-07-28,P001,Notebook,Stationery,2,8.88,17.76,S001,C0130,Card
T002978,2025-08-05,P020,Running Socks,Apparel,3,9.42,28.26,S002,C0277,Bank Transfer
T002979,2023-09-12,P013,Hand Soap,Household,1,4.5,4.5,S004,C0199,Card
T002980,2023-06-28,P009,Coffee Beans,Food and Beverage,1,15.84,15.84,S001,C0146,Card
T002981,2023-09-06,P009,Coffee Beans,Food and Beverage,1,14.6,14.6,S002,C0259,Cash
T002982,2025-09-14,P017,Cotton T-Shirt,Apparel,6,19.08,114.48,S001,C0034,Cash
T002983,2024-02-19,P022,Plant Pot,Outdoor,6,11.68,70.08,S002,C0039,Card
T002984,2024-11-21,P014,Cleaning Spray,Household,5,7.03,35.15,S003,C0150,UPI
T002985,2025-07-11,P004,Printer Paper,Stationery,5,6.67,33.35,S001,C0005,Card
T002986,2024-07-10,P011,Reusable Water Bottle,Food and Beverage,3,18.02,54.06,S001,C0230,Bank Transfer
T002987,2023-02-12,P019,Baseball Cap,Apparel,5,15.93,79.65,S003,C0105,UPI
T002988,2023-01-09,P021,Garden Gloves,Outdoor,3,8.77,26.31,S004,C0272,Cash
T002989,2024-03-01,P015,Storage Basket,Household,3,16.03,48.09,S002,C0134,Card
T002990,2025-09-17,P004,Printer Paper,Stationery,2,6.5,13.0,S004,C0018,Cash
T002991,2025-10-15,P018,Canvas Tote Bag,Apparel,4,13.0,52.0,S004,C0171,Card
T002992,2025-04-07,P022,Plant Pot,Outdoor,2,12.21,24.42,S002,C0249,UPI
T002993,2024-10-04,P022,Plant Pot,Outdoor,4,11.8,47.2,S004,C0095,UPI
T002994,2025-12-06,P001,Notebook,Stationery,3,8.26,24.78,S002,C0049,Card
T002995,2025-09-20,P006,USB-C Hub,Electronics,3,36.3,108.9,S001,C0299,Card
T002996,2024-07-26,P002,Ballpoint Pen Pack,Stationery,1,5.25,5.25,S001,C0244,UPI
T002997,2025-08-10,P008,Webcam,Electronics,4,60.53,242.12,S003,C0096,UPI
T002998,2023-06-18,P011,Reusable Water Bottle,Food and Beverage,1,17.76,17.76,S001,C0212,UPI
T002999,2025-04-27,P001,Notebook,Stationery,1,8.36,8.36,S003,C0179,Card
T003000,2023-10-14,P009,Coffee Beans,Food and Beverage,4,16.07,64.28,S003,C0233,Bank Transfer
T003001,2023-06-20,P022,Plant Pot,Outdoor,1,12.72,12.72,S002,C0073,Bank Transfer
T003002,2023-07-13,P014,Cleaning Spray,Household,4,6.98,27.92,S003,C0015,Card
T003003,2024-11-21,P011,Reusable Water Bottle,Food and Beverage,2,18.81,37.62,S003,C0286,UPI
T003004,2023-02-10,P020,Running Socks,Apparel,3,9.5,28.5,S002,C0111,Card
T003005,2025-03-06,P015,Storage Basket,Household,3,15.86,47.58,S004,C0291,UPI
T003006,2023-02-05,P010,Tea Assortment,Food and Beverage,2,12.98,25.96,S001,C0011,Cash
T003007,2025-06-25,P022,Plant Pot,Outdoor,5,11.82,59.1,S002,C0192,UPI
T003008,2025-07-20,P016,LED Bulb Pack,Household,2,12.22,24.44,S002,C0212,Card
T003009,2025-05-06,P024,Watering Can,Outdoor,1,22.04,22.04,S003,C0107,Card
T003010,2023-04-15,P001,Notebook,Stationery,2,8.41,16.82,S001,C0006,Cash
T003011,2024-02-10,P005,Wireless Mouse,Electronics,3,24.97,74.91,S001,C0220,Card
T003012,2024-04-19,P019,Baseball Cap,Apparel,4,16.55,66.2,S004,C0148,Bank Transfer
T003013,2024-06-05,P017,Cotton T-Shirt,Apparel,3,19.12,57.36,S004,C0144,Cash
T003014,2025-12-12,P007,Bluetooth Speaker,Electronics,1,47.74,47.74,S001,C0038,Card
T003015,2025-05-16,P007,Bluetooth Speaker,Electronics,1,48.53,48.53,S002,C0168,UPI
T003016,2023-07-19,P021,Garden Gloves,Outdoor,4,8.9,35.6,S001,C0176,Cash
T003017,2024-12-07,P024,Watering Can,Outdoor,2,21.69,43.38,S004,C0203,Card
T003018,2025-05-31,P001,Notebook,Stationery,3,8.35,25.05,S004,C0299,Card
T003019,2023-04-07,P023,Hand Trowel,Outdoor,1,10.72,10.72,S001,C0202,Card
T003020,2025-12-29,P014,Cleaning Spray,Household,1,7.57,7.57,S003,C0115,Bank Transfer
T003021,2023-02-18,P012,Snack Box,Food and Beverage,4,21.48,85.92,S003,C0052,Card
T003022,2025-05-09,P002,Ballpoint Pen Pack,Stationery,1,5.53,5.53,S001,C0193,Card
T003023,2025-05-02,P022,Plant Pot,Outdoor,2,12.13,24.26,S001,C0007,Card
T003024,2024-09-26,P013,Hand Soap,Household,1,4.69,4.69,S002,C0114,UPI
T003025,2025-07-17,P013,Hand Soap,Household,2,4.69,9.38,S003,C0008,UPI
T003026,2025-12-31,P022,Plant Pot,Outdoor,3,11.86,35.58,S001,C0060,Card
T003027,2023-01-06,P014,Cleaning Spray,Household,1,7.45,7.45,S001,C0056,Cash
T003028,2024-08-08,P016,LED Bulb Pack,Household,1,12.05,12.05,S001,C0165,Card
T003029,2025-02-06,P020,Running Socks,Apparel,2,9.61,19.22,S001,C0262,Cash
T003030,2023-01-25,P017,Cotton T-Shirt,Apparel,1,19.53,19.53,S002,C0122,Card
T003031,2023-06-28,P002,Ballpoint Pen Pack,Stationery,4,5.26,21.04,S001,C0085,Card
T003032,2023-02-04,P011,Reusable Water Bottle,Food and Beverage,2,17.36,34.72,S003,C0199,Cash
T003033,2025-03-24,P023,Hand Trowel,Outdoor,1,11.08,11.08,S004,C0016,Cash
T003034,2025-06-04,P002,Ballpoint Pen Pack,Stationery,2,5.01,10.02,S001,C0085,UPI
T003035,2023-09-10,P002,Ballpoint Pen Pack,Stationery,1,5.52,5.52,S004,C0248,Card
T003036,2025-12-11,P009,Coffee Beans,Food and Beverage,2,15.36,30.72,S003,C0293,Card
T003037,2025-01-20,P015,Storage Basket,Household,2,16.91,33.82,S004,C0277,UPI
T003038,2024-08-27,P009,Coffee Beans,Food and Beverage,1,14.62,14.62,S003,C0167,Card
T003039,2023-06-10,P013,Hand Soap,Household,5,4.7,23.5,S001,C0088,Cash
T003040,2025-07-13,P005,Wireless Mouse,Electronics,1,26.25,26.25,S004,C0250,Card
T003041,2023-03-27,P019,Baseball Cap,Apparel,3,16.2,48.6,S004,C0046,Card
T003042,2024-08-02,P006,USB-C Hub,Electronics,4,32.94,131.76,S001,C0039,Cash
T003043,2023-10-18,P011,Reusable Water Bottle,Food and Beverage,2,17.68,35.36,S002,C0261,Card
T003044,2023-02-11,P006,USB-C Hub,Electronics,4,34.99,139.96,S001,C0211,UPI
T003045,2025-10-15,P022,Plant Pot,Outdoor,1,12.37,12.37,S003,C0193,Card
T003046,2024-10-26,P019,Baseball Cap,Apparel,1,16.21,16.21,S003,C0029,Bank Transfer
T003047,2024-06-03,P010,Tea Assortment,Food and Beverage,1,12.62,12.62,S003,C0170,UPI
T003048,2025-02-05,P009,Coffee Beans,Food and Beverage,1,16.09,16.09,S003,C0101,Cash
T003049,2025-09-29,P002,Ballpoint Pen Pack,Stationery,3,5.53,16.59,S001,C0046,Card
T003050,2023-08-14,P022,Plant Pot,Outdoor,3,11.76,35.28,S004,C0110,UPI
T003051,2024-04-02,P005,Wireless Mouse,Electronics,3,25.25,75.75,S002,C0152,Cash
T003052,2024-07-01,P022,Plant Pot,Outdoor,4,12.02,48.08,S001,C0191,Cash
T003053,2023-03-24,P023,Hand Trowel,Outdoor,4,9.97,39.88,S002,C0092,UPI
T003054,2023-12-24,P001,Notebook,Stationery,2,8.05,16.1,S001,C0248,Cash
T003055,2024-08-05,P007,Bluetooth Speaker,Electronics,2,52.02,104.04,S004,C0027,UPI
T003056,2023-12-25,P007,Bluetooth Speaker,Electronics,3,51.35,154.05,S003,C0177,Cash
T003057,2024-10-16,P017,Cotton T-Shirt,Apparel,1,18.99,18.99,S003,C0050,UPI
T003058,2024-05-04,P017,Cotton T-Shirt,Apparel,1,20.83,20.83,S001,C0085,Cash
T003059,2023-09-22,P006,USB-C Hub,Electronics,3,34.8,104.4,S002,C0046,UPI
T003060,2023-10-13,P022,Plant Pot,Outdoor,3,12.39,37.17,S004,C0212,Card
T003061,2025-02-07,P009,Coffee Beans,Food and Beverage,4,15.8,63.2,S003,C0060,Card
T003062,2023-08-22,P011,Reusable Water Bottle,Food and Beverage,1,17.76,17.76,S003,C0097,Cash
T003063,2025-06-11,P010,Tea Assortment,Food and Beverage,1,11.99,11.99,S003,C0211,Card
T003064,2023-08-28,P004,Printer Paper,Stationery,1,7.0,7.0,S003,C0020,UPI
T003065,2025-03-17,P011,Reusable Water Bottle,Food and Beverage,3,17.75,53.25,S001,C0285,Card
T003066,2024-02-10,P017,Cotton T-Shirt,Apparel,1,20.53,20.53,S002,C0209,Card
T003067,2025-06-06,P022,Plant Pot,Outdoor,3,12.21,36.63,S003,C0045,Bank Transfer
T003068,2024-09-25,P005,Wireless Mouse,Electronics,2,25.92,51.84,S001,C0284,UPI
T003069,2023-10-10,P022,Plant Pot,Outdoor,1,12.65,12.65,S004,C0268,Cash
T003070,2024-02-10,P005,Wireless Mouse,Electronics,2,24.89,49.78,S003,C0143,Card
T003071,2025-10-24,P011,Reusable Water Bottle,Food and Beverage,1,18.76,18.76,S001,C0044,UPI
T003072,2023-01-12,P012,Snack Box,Food and Beverage,4,21.61,86.44,S002,C0124,Bank Transfer
T003073,2024-05-06,P011,Reusable Water Bottle,Food and Beverage,3,17.95,53.85,S002,C0153,Card
T003074,2025-11-08,P010,Tea Assortment,Food and Beverage,4,13.08,52.32,S001,C0130,Bank Transfer
T003075,2025-06-05,P006,USB-C Hub,Electronics,2,34.56,69.12,S004,C0072,Card
T003076,2025-12-06,P018,Canvas Tote Bag,Apparel,2,13.89,27.78,S001,C0056,UPI
T003077,2023-01-08,P005,Wireless Mouse,Electronics,1,24.11,24.11,S003,C0043,Cash
T003078,2023-10-06,P003,Desk Organizer,Stationery,1,13.89,13.89,S003,C0218,Bank Transfer
T003079,2024-11-20,P020,Running Socks,Apparel,3,9.6,28.8,S002,C0280,UPI
T003080,2024-02-04,P009,Coffee Beans,Food and Beverage,1,15.76,15.76,S004,C0016,UPI
T003081,2024-11-06,P005,Wireless Mouse,Electronics,2,24.37,48.74,S001,C0199,UPI
T003082,2025-08-17,P002,Ballpoint Pen Pack,Stationery,3,4.99,14.97,S001,C0209,Card
T003083,2025-04-27,P023,Hand Trowel,Outdoor,1,10.17,10.17,S001,C0096,UPI
T003084,2025-03-26,P014,Cleaning Spray,Household,3,7.03,21.09,S001,C0181,Cash
T003085,2023-08-21,P007,Bluetooth Speaker,Electronics,3,51.36,154.08,S003,C0044,UPI
T003086,2025-04-22,P011,Reusable Water Bottle,Food and Beverage,2,17.02,34.04,S003,C0236,UPI
T003087,2024-07-01,P010,Tea Assortment,Food and Beverage,2,13.19,26.38,S002,C0251,Cash
T003088,2025-12-04,P007,Bluetooth Speaker,Electronics,1,47.85,47.85,S001,C0034,Card
T003089,2023-09-13,P004,Printer Paper,Stationery,3,6.72,20.16,S004,C0260,Cash
T003090,2025-01-14,P017,Cotton T-Shirt,Apparel,6,18.86,113.16,S003,C0037,Cash
T003091,2023-02-19,P017,Cotton T-Shirt,Apparel,1,21.1,21.1,S001,C0199,Cash
T003092,2024-12-25,P006,USB-C Hub,Electronics,5,32.8,164.0,S003,C0104,UPI
T003093,2023-04-04,P014,Cleaning Spray,Household,2,7.4,14.8,S004,C0197,Card
T003094,2025-11-24,P022,Plant Pot,Outdoor,3,12.55,37.65,S002,C0273,Cash
T003095,2024-07-20,P019,Baseball Cap,Apparel,2,16.53,33.06,S001,C0209,Card
T003096,2024-04-19,P003,Desk Organizer,Stationery,2,13.16,26.32,S001,C0176,Card
T003097,2023-12-01,P007,Bluetooth Speaker,Electronics,4,49.28,197.12,S003,C0103,Cash
T003098,2025-09-26,P006,USB-C Hub,Electronics,2,35.83,71.66,S002,C0036,Card
T003099,2025-03-23,P008,Webcam,Electronics,1,60.46,60.46,S004,C0198,Card
T003100,2025-01-25,P009,Coffee Beans,Food and Beverage,6,14.68,88.08,S002,C0126,Card
T003101,2025-06-02,P003,Desk Organizer,Stationery,1,14.39,14.39,S001,C0052,Card
T003102,2023-10-04,P021,Garden Gloves,Outdoor,2,9.16,18.32,S001,C0223,Card
T003103,2023-06-14,P007,Bluetooth Speaker,Electronics,1,51.5,51.5,S003,C0059,Card
T003104,2025-10-19,P009,Coffee Beans,Food and Beverage,2,15.75,31.5,S001,C0088,Cash
T003105,2025-11-20,P003,Desk Organizer,Stationery,6,14.43,86.58,S004,C0230,Card
T003106,2024-05-29,P004,Printer Paper,Stationery,2,6.95,13.9,S003,C0287,Card
T003107,2023-09-07,P024,Watering Can,Outdoor,4,20.2,80.8,S002,C0162,UPI
T003108,2024-08-18,P024,Watering Can,Outdoor,1,20.41,20.41,S004,C0018,UPI
T003109,2025-06-28,P007,Bluetooth Speaker,Electronics,2,48.67,97.34,S001,C0040,Card
T003110,2023-05-22,P013,Hand Soap,Household,1,4.81,4.81,S002,C0238,UPI
T003111,2025-05-14,P006,USB-C Hub,Electronics,5,35.28,176.4,S004,C0070,UPI
T003112,2023-07-24,P013,Hand Soap,Household,5,4.54,22.7,S002,C0057,Card
T003113,2025-09-29,P002,Ballpoint Pen Pack,Stationery,2,5.11,10.22,S003,C0078,Card
T003114,2024-10-09,P012,Snack Box,Food and Beverage,3,21.99,65.97,S004,C0077,UPI
T003115,2023-02-19,P005,Wireless Mouse,Electronics,1,26.27,26.27,S001,C0097,UPI
T003116,2023-07-30,P012,Snack Box,Food and Beverage,1,21.24,21.24,S001,C0138,Cash
T003117,2025-09-17,P005,Wireless Mouse,Electronics,1,24.91,24.91,S004,C0190,Bank Transfer
T003118,2023-01-14,P007,Bluetooth Speaker,Electronics,1,50.62,50.62,S003,C0074,Bank Transfer
T003119,2023-11-24,P002,Ballpoint Pen Pack,Stationery,2,5.14,10.28,S001,C0022,Cash
T003120,2023-08-23,P023,Hand Trowel,Outdoor,4,10.27,41.08,S002,C0278,Card
T003121,2024-10-16,P013,Hand Soap,Household,1,4.82,4.82,S002,C0234,Card
T003122,2023-06-30,P003,Desk Organizer,Stationery,2,13.3,26.6,S001,C0108,Cash
T003123,2024-11-29,P003,Desk Organizer,Stationery,4,13.21,52.84,S002,C0182,Card
T003124,2024-04-19,P015,Storage Basket,Household,3,17.23,51.69,S004,C0023,Card
T003125,2025-11-08,P008,Webcam,Electronics,4,58.94,235.76,S003,C0235,Card
T003126,2023-12-03,P016,LED Bulb Pack,Household,2,11.94,23.88,S002,C0052,Card
T003127,2025-11-11,P015,Storage Basket,Household,4,15.9,63.6,S003,C0204,Card
T003128,2024-07-13,P017,Cotton T-Shirt,Apparel,1,21.12,21.12,S002,C0288,Card
T003129,2023-08-20,P004,Printer Paper,Stationery,1,6.42,6.42,S002,C0277,Cash
T003130,2023-06-16,P024,Watering Can,Outdoor,1,20.97,20.97,S001,C0287,Card
T003131,2023-12-17,P011,Reusable Water Bottle,Food and Beverage,2,18.91,37.82,S004,C0246,UPI
T003132,2024-07-08,P008,Webcam,Electronics,2,57.72,115.44,S003,C0192,UPI
T003133,2023-11-07,P024,Watering Can,Outdoor,4,20.37,81.48,S002,C0055,UPI
T003134,2023-03-15,P016,LED Bulb Pack,Household,3,11.77,35.31,S001,C0216,UPI
T003135,2023-02-22,P002,Ballpoint Pen Pack,Stationery,1,5.3,5.3,S004,C0167,Card
T003136,2024-06-20,P006,USB-C Hub,Electronics,4,35.35,141.4,S002,C0290,Card
T003137,2024-10-17,P006,USB-C Hub,Electronics,1,32.48,32.48,S002,C0172,Card
T003138,2024-11-22,P002,Ballpoint Pen Pack,Stationery,2,5.05,10.1,S001,C0219,Card
T003139,2023-05-07,P014,Cleaning Spray,Household,3,7.67,23.01,S004,C0013,Card
T003140,2023-05-18,P005,Wireless Mouse,Electronics,4,25.85,103.4,S004,C0023,Card
T003141,2025-09-16,P007,Bluetooth Speaker,Electronics,1,47.63,47.63,S002,C0142,Cash
T003142,2023-02-11,P004,Printer Paper,Stationery,2,6.37,12.74,S002,C0010,Cash
T003143,2023-03-25,P019,Baseball Cap,Apparel,2,16.13,32.26,S002,C0286,Card
T003144,2023-10-07,P009,Coffee Beans,Food and Beverage,1,16.16,16.16,S004,C0154,UPI
T003145,2024-11-26,P016,LED Bulb Pack,Household,3,11.74,35.22,S002,C0020,UPI
T003146,2024-06-29,P016,LED Bulb Pack,Household,5,11.28,56.4,S002,C0097,Card
T003147,2024-04-11,P001,Notebook,Stationery,3,8.69,26.07,S001,C0156,Card
T003148,2023-02-19,P015,Storage Basket,Household,2,16.59,33.18,S001,C0161,UPI
T003149,2024-06-09,P006,USB-C Hub,Electronics,2,36.02,72.04,S002,C0184,Card
T003150,2023-11-02,P004,Printer Paper,Stationery,3,6.51,19.53,S004,C0160,UPI
T003151,2023-10-08,P013,Hand Soap,Household,1,4.55,4.55,S001,C0186,Cash
T003152,2025-01-16,P023,Hand Trowel,Outdoor,1,10.05,10.05,S004,C0203,Cash
T003153,2023-10-28,P002,Ballpoint Pen Pack,Stationery,3,5.28,15.84,S003,C0024,Cash
T003154,2023-07-19,P020,Running Socks,Apparel,2,9.97,19.94,S002,C0250,UPI
T003155,2023-01-07,P005,Wireless Mouse,Electronics,1,26.11,26.11,S001,C0113,UPI
T003156,2024-01-21,P018,Canvas Tote Bag,Apparel,4,13.58,54.32,S001,C0228,Cash
T003157,2023-12-04,P019,Baseball Cap,Apparel,2,16.5,33.0,S001,C0062,Card
T003158,2023-01-03,P006,USB-C Hub,Electronics,3,34.99,104.97,S004,C0290,Card
T003159,2024-08-23,P021,Garden Gloves,Outdoor,1,8.92,8.92,S001,C0094,Card
T003160,2024-02-09,P006,USB-C Hub,Electronics,1,34.59,34.59,S002,C0106,Card
T003161,2023-06-04,P004,Printer Paper,Stationery,2,6.66,13.32,S002,C0196,Card
T003162,2024-06-27,P002,Ballpoint Pen Pack,Stationery,3,5.14,15.42,S002,C0249,Card
T003163,2025-07-07,P021,Garden Gloves,Outdoor,1,8.63,8.63,S001,C0043,Card
T003164,2025-11-12,P001,Notebook,Stationery,2,8.6,17.2,S001,C0073,Card
T003165,2024-03-31,P007,Bluetooth Speaker,Electronics,3,51.63,154.89,S003,C0119,UPI
T003166,2023-11-26,P016,LED Bulb Pack,Household,2,11.65,23.3,S003,C0207,Card
T003167,2024-01-31,P008,Webcam,Electronics,4,59.7,238.8,S004,C0132,Card
T003168,2024-07-15,P006,USB-C Hub,Electronics,2,34.58,69.16,S004,C0146,Cash
T003169,2025-10-21,P013,Hand Soap,Household,1,5.0,5.0,S004,C0046,Card
T003170,2024-07-05,P007,Bluetooth Speaker,Electronics,5,50.93,254.65,S001,C0070,Cash
T003171,2023-12-23,P012,Snack Box,Food and Beverage,3,23.41,70.23,S002,C0265,Cash
T003172,2023-06-07,P010,Tea Assortment,Food and Beverage,1,12.06,12.06,S002,C0144,Card
T003173,2023-12-02,P017,Cotton T-Shirt,Apparel,1,19.11,19.11,S001,C0041,UPI
T003174,2024-03-05,P005,Wireless Mouse,Electronics,1,25.56,25.56,S001,C0148,Card
T003175,2025-12-06,P014,Cleaning Spray,Household,2,7.29,14.58,S002,C0300,Card
T003176,2025-06-15,P005,Wireless Mouse,Electronics,1,24.12,24.12,S003,C0131,Card
T003177,2024-04-24,P006,USB-C Hub,Electronics,1,32.61,32.61,S004,C0039,Card
T003178,2025-05-29,P005,Wireless Mouse,Electronics,2,23.81,47.62,S002,C0058,Card
T003179,2023-03-10,P018,Canvas Tote Bag,Apparel,2,12.75,25.5,S002,C0017,Cash
T003180,2023-08-02,P013,Hand Soap,Household,2,4.73,9.46,S004,C0008,Card
T003181,2023-05-02,P018,Canvas Tote Bag,Apparel,5,12.98,64.9,S003,C0192,Card
T003182,2023-12-12,P011,Reusable Water Bottle,Food and Beverage,3,19.03,57.09,S002,C0175,Card
T003183,2023-12-18,P011,Reusable Water Bottle,Food and Beverage,1,17.86,17.86,S003,C0149,Card
T003184,2024-10-23,P022,Plant Pot,Outdoor,1,11.55,11.55,S001,C0163,UPI
T003185,2023-02-11,P022,Plant Pot,Outdoor,4,11.85,47.4,S003,C0113,UPI
T003186,2023-04-12,P016,LED Bulb Pack,Household,3,11.63,34.89,S004,C0127,UPI
T003187,2023-02-05,P002,Ballpoint Pen Pack,Stationery,3,5.38,16.14,S002,C0192,Card
T003188,2025-11-26,P011,Reusable Water Bottle,Food and Beverage,6,17.58,105.48,S001,C0194,UPI
T003189,2025-12-29,P014,Cleaning Spray,Household,3,7.32,21.96,S001,C0112,Cash
T003190,2025-11-17,P001,Notebook,Stationery,1,8.81,8.81,S002,C0279,UPI
T003191,2024-11-21,P008,Webcam,Electronics,1,57.99,57.99,S004,C0191,Card
T003192,2025-05-07,P011,Reusable Water Bottle,Food and Beverage,3,17.01,51.03,S001,C0229,Cash
T003193,2025-02-14,P007,Bluetooth Speaker,Electronics,3,49.41,148.23,S001,C0295,Card
T003194,2024-11-27,P023,Hand Trowel,Outdoor,1,10.65,10.65,S001,C0281,Bank Transfer
T003195,2024-09-23,P011,Reusable Water Bottle,Food and Beverage,1,18.06,18.06,S001,C0251,UPI
T003196,2024-10-03,P017,Cotton T-Shirt,Apparel,1,19.6,19.6,S002,C0187,Card
T003197,2025-12-26,P017,Cotton T-Shirt,Apparel,5,19.8,99.0,S001,C0188,UPI
T003198,2023-09-09,P011,Reusable Water Bottle,Food and Beverage,1,17.18,17.18,S003,C0026,Cash
T003199,2025-09-26,P006,USB-C Hub,Electronics,1,35.97,35.97,S003,C0008,UPI
T003200,2024-08-16,P013,Hand Soap,Household,2,4.89,9.78,S001,C0142,Card
T003201,2023-12-02,P018,Canvas Tote Bag,Apparel,3,13.98,41.94,S002,C0262,Card
T003202,2025-10-08,P016,LED Bulb Pack,Household,5,12.11,60.55,S002,C0123,Card
T003203,2024-10-13,P001,Notebook,Stationery,1,8.38,8.38,S001,C0220,Cash
T003204,2023-09-02,P008,Webcam,Electronics,3,60.8,182.4,S002,C0183,Bank Transfer
T003205,2023-04-13,P024,Watering Can,Outdoor,1,20.66,20.66,S001,C0166,UPI
T003206,2023-09-10,P017,Cotton T-Shirt,Apparel,2,19.37,38.74,S003,C0175,Card
T003207,2025-05-30,P016,LED Bulb Pack,Household,2,12.03,24.06,S002,C0181,Cash
T003208,2025-11-22,P016,LED Bulb Pack,Household,2,12.15,24.3,S001,C0148,Card
T003209,2023-11-16,P006,USB-C Hub,Electronics,5,34.73,173.65,S002,C0020,Bank Transfer
T003210,2023-06-26,P016,LED Bulb Pack,Household,2,12.65,25.3,S001,C0115,Card
T003211,2025-07-13,P014,Cleaning Spray,Household,1,7.43,7.43,S002,C0099,Card
T003212,2025-09-07,P001,Notebook,Stationery,1,8.15,8.15,S003,C0239,Card
T003213,2025-10-31,P015,Storage Basket,Household,2,15.63,31.26,S002,C0230,Cash
T003214,2025-09-23,P018,Canvas Tote Bag,Apparel,1,14.02,14.02,S001,C0022,UPI
T003215,2024-04-29,P021,Garden Gloves,Outdoor,6,8.82,52.92,S004,C0078,UPI
T003216,2024-02-07,P005,Wireless Mouse,Electronics,1,25.84,25.84,S003,C0170,Card
T003217,2023-08-20,P008,Webcam,Electronics,1,57.94,57.94,S002,C0089,Card
T003218,2024-12-23,P002,Ballpoint Pen Pack,Stationery,1,5.38,5.38,S003,C0103,Cash
T003219,2024-10-27,P010,Tea Assortment,Food and Beverage,1,12.69,12.69,S002,C0201,Card
T003220,2023-03-11,P018,Canvas Tote Bag,Apparel,4,13.32,53.28,S001,C0217,UPI
T003221,2024-07-20,P013,Hand Soap,Household,4,4.5,18.0,S002,C0065,Cash
T003222,2023-04-14,P018,Canvas Tote Bag,Apparel,1,13.25,13.25,S002,C0152,UPI
T003223,2024-03-02,P003,Desk Organizer,Stationery,3,14.09,42.27,S004,C0129,Card
T003224,2023-07-27,P001,Notebook,Stationery,1,8.6,8.6,S002,C0299,Cash
T003225,2025-05-03,P013,Hand Soap,Household,2,4.58,9.16,S002,C0238,Card
T003226,2025-08-21,P018,Canvas Tote Bag,Apparel,3,13.48,40.44,S002,C0030,Card
T003227,2025-04-14,P002,Ballpoint Pen Pack,Stationery,2,4.95,9.9,S001,C0015,UPI
T003228,2023-03-23,P002,Ballpoint Pen Pack,Stationery,2,5.26,10.52,S001,C0283,Card
T003229,2024-09-03,P016,LED Bulb Pack,Household,2,11.73,23.46,S004,C0196,Cash
T003230,2023-02-08,P005,Wireless Mouse,Electronics,2,23.91,47.82,S003,C0298,Bank Transfer
T003231,2024-11-09,P009,Coffee Beans,Food and Beverage,5,15.52,77.6,S003,C0025,Cash
T003232,2024-04-09,P009,Coffee Beans,Food and Beverage,3,15.58,46.74,S002,C0208,UPI
T003233,2023-01-06,P001,Notebook,Stationery,2,8.3,16.6,S003,C0132,UPI
T003234,2025-03-28,P001,Notebook,Stationery,2,8.92,17.84,S002,C0103,Bank Transfer
T003235,2023-11-17,P004,Printer Paper,Stationery,1,6.97,6.97,S002,C0189,UPI
T003236,2023-07-15,P010,Tea Assortment,Food and Beverage,1,12.11,12.11,S003,C0034,UPI
T003237,2023-12-21,P020,Running Socks,Apparel,6,9.82,58.92,S002,C0096,Card
T003238,2023-12-10,P006,USB-C Hub,Electronics,2,36.41,72.82,S002,C0058,Card
T003239,2024-02-10,P013,Hand Soap,Household,3,5.03,15.09,S003,C0029,UPI
T003240,2025-05-18,P023,Hand Trowel,Outdoor,1,10.53,10.53,S003,C0119,UPI
T003241,2025-11-17,P002,Ballpoint Pen Pack,Stationery,2,5.25,10.5,S001,C0091,UPI
T003242,2025-06-27,P024,Watering Can,Outdoor,1,21.3,21.3,S001,C0264,UPI
T003243,2023-04-20,P012,Snack Box,Food and Beverage,4,22.04,88.16,S002,C0218,Card
T003244,2025-11-22,P011,Reusable Water Bottle,Food and Beverage,1,17.21,17.21,S002,C0197,Card
T003245,2025-08-01,P007,Bluetooth Speaker,Electronics,1,49.15,49.15,S002,C0064,Card
T003246,2025-05-17,P010,Tea Assortment,Food and Beverage,1,13.4,13.4,S001,C0194,UPI
T003247,2025-08-06,P019,Baseball Cap,Apparel,1,15.53,15.53,S002,C0134,Cash
T003248,2023-04-19,P006,USB-C Hub,Electronics,4,35.01,140.04,S002,C0232,Cash
T003249,2024-05-08,P013,Hand Soap,Household,3,4.7,14.1,S003,C0274,Card
T003250,2025-12-15,P009,Coffee Beans,Food and Beverage,1,15.61,15.61,S001,C0239,Card
T003251,2025-08-27,P003,Desk Organizer,Stationery,4,13.58,54.32,S002,C0010,UPI
T003252,2023-04-18,P016,LED Bulb Pack,Household,1,11.5,11.5,S002,C0287,UPI
T003253,2024-05-02,P009,Coffee Beans,Food and Beverage,3,16.38,49.14,S002,C0004,Cash
T003254,2025-05-19,P002,Ballpoint Pen Pack,Stationery,4,5.19,20.76,S002,C0239,Cash
T003255,2023-01-12,P007,Bluetooth Speaker,Electronics,4,48.1,192.4,S002,C0254,Card
T003256,2024-01-22,P015,Storage Basket,Household,2,16.39,32.78,S004,C0184,Card
T003257,2024-09-17,P004,Printer Paper,Stationery,1,6.63,6.63,S002,C0150,Card
T003258,2023-05-23,P013,Hand Soap,Household,3,4.73,14.19,S003,C0047,UPI
T003259,2025-04-25,P016,LED Bulb Pack,Household,1,12.14,12.14,S002,C0026,Card
T003260,2025-11-16,P001,Notebook,Stationery,1,8.69,8.69,S004,C0209,UPI
T003261,2025-09-20,P005,Wireless Mouse,Electronics,3,25.73,77.19,S004,C0165,UPI
T003262,2024-10-05,P014,Cleaning Spray,Household,1,6.98,6.98,S001,C0093,UPI
T003263,2024-06-22,P015,Storage Basket,Household,3,16.7,50.1,S002,C0165,Card
T003264,2025-02-15,P007,Bluetooth Speaker,Electronics,2,52.2,104.4,S001,C0234,UPI
T003265,2024-07-22,P003,Desk Organizer,Stationery,1,14.55,14.55,S001,C0264,Cash
T003266,2025-05-10,P007,Bluetooth Speaker,Electronics,1,50.92,50.92,S002,C0065,Card
T003267,2024-02-05,P016,LED Bulb Pack,Household,4,12.57,50.28,S001,C0220,Card
T003268,2023-07-20,P020,Running Socks,Apparel,2,10.0,20.0,S002,C0181,Card
T003269,2023-10-29,P015,Storage Basket,Household,2,16.41,32.82,S003,C0143,Card
T003270,2024-01-26,P019,Baseball Cap,Apparel,1,16.15,16.15,S002,C0141,Card
T003271,2023-02-03,P020,Running Socks,Apparel,1,10.33,10.33,S003,C0284,UPI
T003272,2023-05-27,P010,Tea Assortment,Food and Beverage,1,12.21,12.21,S003,C0235,Cash
T003273,2025-01-08,P014,Cleaning Spray,Household,5,7.37,36.85,S004,C0124,Cash
T003274,2023-04-10,P024,Watering Can,Outdoor,2,21.02,42.04,S001,C0085,Cash
T003275,2024-12-14,P019,Baseball Cap,Apparel,3,15.99,47.97,S001,C0169,Card
T003276,2024-10-21,P023,Hand Trowel,Outdoor,2,10.5,21.0,S004,C0099,Card
T003277,2025-07-31,P012,Snack Box,Food and Beverage,1,22.33,22.33,S002,C0272,UPI
T003278,2024-10-08,P016,LED Bulb Pack,Household,3,12.48,37.44,S002,C0062,Cash
T003279,2024-09-15,P004,Printer Paper,Stationery,2,6.65,13.3,S003,C0097,Card
T003280,2024-09-29,P005,Wireless Mouse,Electronics,1,24.28,24.28,S001,C0179,Cash
T003281,2025-07-16,P016,LED Bulb Pack,Household,6,11.99,71.94,S001,C0260,UPI
T003282,2023-10-21,P007,Bluetooth Speaker,Electronics,4,52.22,208.88,S002,C0068,Card
T003283,2023-07-02,P009,Coffee Beans,Food and Beverage,1,15.67,15.67,S004,C0261,Cash
T003284,2023-02-19,P020,Running Socks,Apparel,3,9.92,29.76,S001,C0283,UPI
T003285,2025-01-31,P009,Coffee Beans,Food and Beverage,4,15.91,63.64,S002,C0020,UPI
T003286,2024-11-13,P024,Watering Can,Outdoor,6,20.79,124.74,S001,C0295,Card
T003287,2023-05-11,P005,Wireless Mouse,Electronics,1,23.84,23.84,S004,C0071,Card
T003288,2023-07-07,P014,Cleaning Spray,Household,3,7.47,22.41,S003,C0092,Card
T003289,2023-07-29,P004,Printer Paper,Stationery,2,6.77,13.54,S003,C0152,Cash
T003290,2023-10-11,P019,Baseball Cap,Apparel,3,15.33,45.99,S003,C0120,Card
T003291,2024-07-30,P007,Bluetooth Speaker,Electronics,1,51.85,51.85,S001,C0155,Bank Transfer
T003292,2024-02-21,P006,USB-C Hub,Electronics,2,33.6,67.2,S001,C0278,Card
T003293,2024-12-27,P017,Cotton T-Shirt,Apparel,2,20.98,41.96,S003,C0232,Card
T003294,2024-06-09,P002,Ballpoint Pen Pack,Stationery,3,5.13,15.39,S002,C0085,Card
T003295,2024-12-12,P017,Cotton T-Shirt,Apparel,2,19.49,38.98,S001,C0194,Cash
T003296,2024-09-27,P015,Storage Basket,Household,5,16.67,83.35,S002,C0230,Card
T003297,2025-11-13,P012,Snack Box,Food and Beverage,4,22.06,88.24,S001,C0134,Card
T003298,2025-02-09,P007,Bluetooth Speaker,Electronics,2,51.4,102.8,S001,C0041,Bank Transfer
T003299,2023-04-22,P024,Watering Can,Outdoor,6,20.89,125.34,S002,C0080,Card
T003300,2023-04-08,P005,Wireless Mouse,Electronics,4,24.68,98.72,S003,C0211,Cash
T003301,2023-06-30,P014,Cleaning Spray,Household,1,7.63,7.63,S002,C0282,UPI
T003302,2025-09-02,P017,Cotton T-Shirt,Apparel,3,19.08,57.24,S002,C0212,Card
T003303,2024-06-14,P016,LED Bulb Pack,Household,2,12.56,25.12,S002,C0192,Bank Transfer
T003304,2023-11-03,P016,LED Bulb Pack,Household,5,11.54,57.7,S001,C0095,Card
T003305,2023-04-05,P015,Storage Basket,Household,2,15.81,31.62,S002,C0250,Card
T003306,2025-07-01,P022,Plant Pot,Outdoor,4,11.29,45.16,S004,C0063,UPI
T003307,2025-03-16,P007,Bluetooth Speaker,Electronics,1,52.02,52.02,S002,C0153,Cash
T003308,2024-02-01,P009,Coffee Beans,Food and Beverage,2,14.97,29.94,S001,C0010,Card
T003309,2023-06-02,P012,Snack Box,Food and Beverage,1,23.73,23.73,S004,C0248,Card
T003310,2025-01-26,P011,Reusable Water Bottle,Food and Beverage,2,18.71,37.42,S004,C0264,Card
T003311,2023-06-18,P014,Cleaning Spray,Household,3,7.03,21.09,S004,C0143,Card
T003312,2025-06-08,P008,Webcam,Electronics,1,58.12,58.12,S004,C0127,UPI
T003313,2024-05-25,P003,Desk Organizer,Stationery,1,14.75,14.75,S001,C0194,Card
T003314,2023-11-26,P006,USB-C Hub,Electronics,3,35.7,107.1,S001,C0082,UPI
T003315,2025-03-06,P002,Ballpoint Pen Pack,Stationery,1,5.05,5.05,S001,C0096,Card
T003316,2023-01-20,P020,Running Socks,Apparel,1,9.57,9.57,S004,C0115,UPI
T003317,2025-01-14,P015,Storage Basket,Household,2,16.35,32.7,S001,C0123,Card
T003318,2023-08-16,P012,Snack Box,Food and Beverage,1,22.65,22.65,S001,C0199,Card
T003319,2023-06-18,P017,Cotton T-Shirt,Apparel,1,20.62,20.62,S002,C0176,Cash
T003320,2024-05-23,P002,Ballpoint Pen Pack,Stationery,5,5.49,27.45,S001,C0228,Card
T003321,2025-02-23,P009,Coffee Beans,Food and Beverage,1,15.63,15.63,S002,C0153,Card
T003322,2024-08-08,P016,LED Bulb Pack,Household,2,11.6,23.2,S001,C0160,Card
T003323,2024-04-04,P012,Snack Box,Food and Beverage,2,23.41,46.82,S001,C0011,Card
T003324,2024-10-10,P017,Cotton T-Shirt,Apparel,1,21.15,21.15,S001,C0174,UPI
T003325,2023-08-07,P008,Webcam,Electronics,5,62.27,311.35,S004,C0111,Card
T003326,2024-07-29,P008,Webcam,Electronics,4,60.6,242.4,S001,C0269,UPI
T003327,2023-12-11,P009,Coffee Beans,Food and Beverage,1,14.59,14.59,S001,C0137,Cash
T003328,2023-10-04,P015,Storage Basket,Household,3,17.21,51.63,S003,C0251,UPI
T003329,2023-07-15,P012,Snack Box,Food and Beverage,1,22.38,22.38,S002,C0023,Card
T003330,2023-09-11,P004,Printer Paper,Stationery,3,6.6,19.8,S001,C0139,Card
T003331,2024-03-11,P021,Garden Gloves,Outdoor,1,8.82,8.82,S001,C0047,Card
T003332,2023-12-21,P017,Cotton T-Shirt,Apparel,1,20.24,20.24,S002,C0006,Card
T003333,2024-02-09,P002,Ballpoint Pen Pack,Stationery,1,5.42,5.42,S003,C0055,Card
T003334,2023-11-27,P013,Hand Soap,Household,1,4.79,4.79,S002,C0225,Card
T003335,2024-02-08,P001,Notebook,Stationery,4,8.57,34.28,S003,C0209,UPI
T003336,2024-04-29,P016,LED Bulb Pack,Household,1,12.12,12.12,S001,C0045,UPI
T003337,2025-02-26,P010,Tea Assortment,Food and Beverage,3,12.46,37.38,S003,C0034,Card
T003338,2023-12-10,P013,Hand Soap,Household,2,4.95,9.9,S001,C0236,Card
T003339,2023-04-03,P019,Baseball Cap,Apparel,2,16.09,32.18,S002,C0106,Card
T003340,2025-02-15,P019,Baseball Cap,Apparel,3,15.88,47.64,S003,C0117,Cash
T003341,2023-06-06,P001,Notebook,Stationery,2,8.0,16.0,S003,C0281,Card
T003342,2023-07-30,P001,Notebook,Stationery,1,8.82,8.82,S003,C0160,Bank Transfer
T003343,2025-09-16,P004,Printer Paper,Stationery,2,6.87,13.74,S002,C0011,Cash
T003344,2024-06-02,P009,Coffee Beans,Food and Beverage,3,15.06,45.18,S001,C0187,Bank Transfer
T003345,2024-04-19,P006,USB-C Hub,Electronics,2,33.18,66.36,S001,C0175,Card
T003346,2023-10-24,P015,Storage Basket,Household,2,16.62,33.24,S002,C0197,Card
T003347,2024-03-31,P014,Cleaning Spray,Household,2,7.37,14.74,S001,C0246,UPI
T003348,2024-12-07,P017,Cotton T-Shirt,Apparel,3,20.37,61.11,S001,C0235,UPI
T003349,2023-08-24,P006,USB-C Hub,Electronics,2,36.48,72.96,S003,C0262,Cash
T003350,2025-07-19,P002,Ballpoint Pen Pack,Stationery,4,5.0,20.0,S002,C0253,Cash
T003351,2025-03-29,P003,Desk Organizer,Stationery,3,14.52,43.56,S003,C0046,Card
T003352,2025-11-01,P013,Hand Soap,Household,1,4.77,4.77,S004,C0099,Card
T003353,2024-12-21,P019,Baseball Cap,Apparel,2,15.53,31.06,S004,C0069,Cash
T003354,2024-07-11,P016,LED Bulb Pack,Household,1,12.67,12.67,S002,C0027,Cash
T003355,2024-10-17,P009,Coffee Beans,Food and Beverage,1,14.98,14.98,S002,C0231,UPI
T003356,2025-05-24,P003,Desk Organizer,Stationery,2,13.32,26.64,S001,C0013,UPI
T003357,2024-12-18,P015,Storage Basket,Household,2,15.86,31.72,S001,C0039,Card
T003358,2025-11-12,P011,Reusable Water Bottle,Food and Beverage,1,18.77,18.77,S003,C0152,Card
T003359,2023-12-05,P013,Hand Soap,Household,2,4.69,9.38,S001,C0125,Card
T003360,2025-03-24,P023,Hand Trowel,Outdoor,1,10.51,10.51,S002,C0202,UPI
T003361,2025-03-27,P010,Tea Assortment,Food and Beverage,4,13.28,53.12,S003,C0052,UPI
T003362,2023-12-25,P010,Tea Assortment,Food and Beverage,4,13.22,52.88,S001,C0070,Cash
T003363,2025-11-06,P005,Wireless Mouse,Electronics,1,25.33,25.33,S001,C0129,Card
T003364,2024-03-05,P018,Canvas Tote Bag,Apparel,6,13.27,79.62,S003,C0190,Card
T003365,2025-09-20,P015,Storage Basket,Household,5,16.98,84.9,S002,C0174,Card
T003366,2023-11-21,P012,Snack Box,Food and Beverage,2,22.16,44.32,S003,C0020,Bank Transfer
T003367,2024-04-26,P016,LED Bulb Pack,Household,1,12.12,12.12,S001,C0132,Card
T003368,2023-05-30,P021,Garden Gloves,Outdoor,1,9.24,9.24,S003,C0039,Card
T003369,2024-10-10,P010,Tea Assortment,Food and Beverage,2,13.23,26.46,S001,C0224,Card
T003370,2024-12-05,P009,Coffee Beans,Food and Beverage,1,16.22,16.22,S004,C0197,Cash
T003371,2025-08-20,P019,Baseball Cap,Apparel,1,15.37,15.37,S001,C0170,UPI
T003372,2023-05-08,P022,Plant Pot,Outdoor,3,12.22,36.66,S001,C0245,Card
T003373,2025-01-14,P011,Reusable Water Bottle,Food and Beverage,2,17.33,34.66,S004,C0246,Card
T003374,2025-01-21,P012,Snack Box,Food and Beverage,4,23.05,92.2,S001,C0123,Cash
T003375,2023-04-24,P018,Canvas Tote Bag,Apparel,1,12.86,12.86,S001,C0188,UPI
T003376,2024-06-21,P001,Notebook,Stationery,3,8.46,25.38,S002,C0213,UPI
T003377,2025-08-06,P019,Baseball Cap,Apparel,1,15.26,15.26,S001,C0293,Bank Transfer
T003378,2023-12-25,P014,Cleaning Spray,Household,3,7.65,22.95,S002,C0089,UPI
T003379,2023-09-28,P020,Running Socks,Apparel,2,10.02,20.04,S004,C0096,Card
T003380,2023-11-15,P002,Ballpoint Pen Pack,Stationery,5,5.04,25.2,S001,C0299,UPI
T003381,2025-09-26,P015,Storage Basket,Household,3,17.16,51.48,S003,C0063,Card
T003382,2023-10-16,P004,Printer Paper,Stationery,4,7.04,28.16,S004,C0037,Cash
T003383,2025-01-22,P016,LED Bulb Pack,Household,1,12.61,12.61,S002,C0149,Card
T003384,2024-10-25,P012,Snack Box,Food and Beverage,2,21.78,43.56,S004,C0121,Card
T003385,2025-12-20,P020,Running Socks,Apparel,1,9.98,9.98,S003,C0293,UPI
T003386,2023-04-12,P011,Reusable Water Bottle,Food and Beverage,3,18.78,56.34,S001,C0181,UPI
T003387,2023-09-06,P017,Cotton T-Shirt,Apparel,2,20.59,41.18,S001,C0065,Card
T003388,2025-02-12,P020,Running Socks,Apparel,3,10.01,30.03,S003,C0283,UPI
T003389,2024-07-26,P009,Coffee Beans,Food and Beverage,1,15.64,15.64,S002,C0040,Card
T003390,2025-08-13,P008,Webcam,Electronics,1,55.57,55.57,S003,C0055,UPI
T003391,2024-11-08,P013,Hand Soap,Household,1,4.89,4.89,S003,C0289,Card
T003392,2025-03-12,P023,Hand Trowel,Outdoor,2,10.79,21.58,S002,C0222,Card
T003393,2023-07-14,P009,Coffee Beans,Food and Beverage,1,15.2,15.2,S002,C0149,Bank Transfer
T003394,2024-08-27,P006,USB-C Hub,Electronics,1,34.54,34.54,S003,C0232,Cash
T003395,2024-07-20,P001,Notebook,Stationery,1,8.56,8.56,S001,C0191,Card
T003396,2024-08-14,P006,USB-C Hub,Electronics,2,34.25,68.5,S001,C0017,UPI
T003397,2024-08-08,P002,Ballpoint Pen Pack,Stationery,2,5.45,10.9,S001,C0287,Cash
T003398,2023-11-23,P014,Cleaning Spray,Household,2,7.64,15.28,S003,C0207,Card
T003399,2025-06-09,P012,Snack Box,Food and Beverage,3,23.76,71.28,S002,C0202,UPI
T003400,2024-04-04,P022,Plant Pot,Outdoor,1,12.6,12.6,S003,C0065,Card
T003401,2024-08-24,P002,Ballpoint Pen Pack,Stationery,3,5.24,15.72,S002,C0055,UPI
T003402,2024-03-19,P009,Coffee Beans,Food and Beverage,2,14.98,29.96,S004,C0286,Card
T003403,2023-04-23,P002,Ballpoint Pen Pack,Stationery,2,5.03,10.06,S001,C0276,UPI
T003404,2024-03-18,P021,Garden Gloves,Outdoor,1,8.8,8.8,S004,C0016,Card
T003405,2025-06-04,P019,Baseball Cap,Apparel,1,16.13,16.13,S001,C0190,UPI
T003406,2024-06-18,P019,Baseball Cap,Apparel,4,16.82,67.28,S001,C0112,Card
T003407,2025-08-15,P005,Wireless Mouse,Electronics,3,25.24,75.72,S004,C0017,Card
T003408,2024-06-30,P020,Running Socks,Apparel,4,10.44,41.76,S004,C0014,Card
T003409,2025-08-06,P001,Notebook,Stationery,2,8.13,16.26,S002,C0128,Card
T003410,2024-07-24,P018,Canvas Tote Bag,Apparel,3,12.79,38.37,S003,C0273,UPI
T003411,2024-10-30,P022,Plant Pot,Outdoor,3,11.85,35.55,S002,C0050,UPI
T003412,2023-06-24,P008,Webcam,Electronics,5,56.1,280.5,S002,C0217,Cash
T003413,2025-10-16,P016,LED Bulb Pack,Household,3,11.99,35.97,S003,C0111,Card
T003414,2023-09-03,P009,Coffee Beans,Food and Beverage,1,15.34,15.34,S004,C0038,Cash
T003415,2023-07-02,P009,Coffee Beans,Food and Beverage,1,15.17,15.17,S003,C0254,UPI
T003416,2024-08-15,P004,Printer Paper,Stationery,1,7.09,7.09,S001,C0042,Card
T003417,2024-06-11,P012,Snack Box,Food and Beverage,1,21.93,21.93,S002,C0004,UPI
T003418,2025-01-12,P021,Garden Gloves,Outdoor,3,8.64,25.92,S003,C0007,Card
T003419,2024-02-12,P001,Notebook,Stationery,1,8.21,8.21,S002,C0137,UPI
T003420,2024-07-01,P005,Wireless Mouse,Electronics,3,23.62,70.86,S001,C0260,Card
T003421,2023-10-17,P005,Wireless Mouse,Electronics,2,24.95,49.9,S002,C0097,UPI
T003422,2024-05-07,P019,Baseball Cap,Apparel,4,16.44,65.76,S001,C0193,UPI
T003423,2025-07-13,P012,Snack Box,Food and Beverage,1,22.45,22.45,S004,C0291,Cash
T003424,2025-11-19,P011,Reusable Water Bottle,Food and Beverage,6,17.81,106.86,S001,C0052,Cash
T003425,2025-04-15,P020,Running Socks,Apparel,4,10.56,42.24,S002,C0166,UPI
T003426,2023-09-23,P016,LED Bulb Pack,Household,2,11.32,22.64,S001,C0142,Card
T003427,2024-10-16,P011,Reusable Water Bottle,Food and Beverage,1,18.15,18.15,S001,C0260,Card
T003428,2023-07-01,P021,Garden Gloves,Outdoor,4,8.84,35.36,S003,C0129,UPI
T003429,2023-02-27,P011,Reusable Water Bottle,Food and Beverage,1,17.83,17.83,S004,C0196,UPI
T003430,2024-10-09,P016,LED Bulb Pack,Household,1,12.28,12.28,S003,C0199,UPI
T003431,2023-04-05,P017,Cotton T-Shirt,Apparel,4,19.42,77.68,S002,C0162,Card
T003432,2024-02-07,P010,Tea Assortment,Food and Beverage,3,12.97,38.91,S001,C0265,Cash
T003433,2023-09-10,P004,Printer Paper,Stationery,1,6.4,6.4,S004,C0139,Card
T003434,2025-09-06,P009,Coffee Beans,Food and Beverage,2,15.08,30.16,S004,C0014,UPI
T003435,2025-02-03,P015,Storage Basket,Household,2,16.59,33.18,S001,C0211,UPI
T003436,2023-11-22,P004,Printer Paper,Stationery,2,7.03,14.06,S004,C0075,Card
T003437,2024-02-05,P023,Hand Trowel,Outdoor,1,10.08,10.08,S002,C0013,Cash
T003438,2024-05-12,P003,Desk Organizer,Stationery,1,13.24,13.24,S001,C0299,Card
T003439,2024-08-26,P002,Ballpoint Pen Pack,Stationery,1,5.44,5.44,S003,C0212,Card
T003440,2024-04-01,P021,Garden Gloves,Outdoor,2,8.87,17.74,S003,C0189,UPI
T003441,2023-10-31,P004,Printer Paper,Stationery,2,6.75,13.5,S001,C0214,Card
T003442,2025-02-12,P007,Bluetooth Speaker,Electronics,1,51.49,51.49,S003,C0154,Bank Transfer
T003443,2023-03-24,P002,Ballpoint Pen Pack,Stationery,1,5.46,5.46,S004,C0234,Card
T003444,2023-05-27,P017,Cotton T-Shirt,Apparel,4,19.37,77.48,S002,C0215,Cash
T003445,2024-04-19,P012,Snack Box,Food and Beverage,1,22.71,22.71,S002,C0185,Card
T003446,2023-05-13,P011,Reusable Water Bottle,Food and Beverage,1,18.57,18.57,S003,C0160,Card
T003447,2025-07-12,P005,Wireless Mouse,Electronics,2,23.7,47.4,S003,C0039,Card
T003448,2024-06-07,P023,Hand Trowel,Outdoor,4,11.11,44.44,S001,C0165,Card
T003449,2025-03-12,P010,Tea Assortment,Food and Beverage,2,12.83,25.66,S002,C0297,Card
T003450,2024-08-08,P005,Wireless Mouse,Electronics,2,25.43,50.86,S004,C0257,Card
T003451,2023-06-23,P005,Wireless Mouse,Electronics,4,24.41,97.64,S001,C0300,Card
T003452,2023-04-23,P004,Printer Paper,Stationery,2,7.04,14.08,S003,C0268,Card
T003453,2025-09-08,P019,Baseball Cap,Apparel,2,16.33,32.66,S004,C0041,Cash
T003454,2025-09-02,P004,Printer Paper,Stationery,1,6.9,6.9,S001,C0288,UPI
T003455,2023-03-10,P020,Running Socks,Apparel,4,10.22,40.88,S001,C0122,UPI
T003456,2023-07-23,P005,Wireless Mouse,Electronics,1,24.02,24.02,S002,C0103,UPI
T003457,2025-09-08,P013,Hand Soap,Household,2,4.99,9.98,S001,C0093,UPI
T003458,2025-07-26,P005,Wireless Mouse,Electronics,3,24.58,73.74,S003,C0271,Card
T003459,2025-07-17,P001,Notebook,Stationery,4,8.37,33.48,S001,C0155,UPI
T003460,2023-08-07,P017,Cotton T-Shirt,Apparel,4,19.77,79.08,S001,C0022,Cash
T003461,2025-08-13,P022,Plant Pot,Outdoor,2,12.29,24.58,S001,C0097,UPI
T003462,2024-06-04,P008,Webcam,Electronics,1,61.66,61.66,S002,C0158,Cash
T003463,2023-05-23,P009,Coffee Beans,Food and Beverage,4,15.84,63.36,S002,C0196,Card
T003464,2025-05-20,P024,Watering Can,Outdoor,2,20.83,41.66,S004,C0180,UPI
T003465,2025-01-23,P001,Notebook,Stationery,2,8.66,17.32,S001,C0063,UPI
T003466,2024-10-09,P011,Reusable Water Bottle,Food and Beverage,3,19.05,57.15,S003,C0174,Card
T003467,2024-01-11,P005,Wireless Mouse,Electronics,2,24.44,48.88,S003,C0233,Cash
T003468,2023-05-18,P004,Printer Paper,Stationery,3,6.87,20.61,S002,C0300,Card
T003469,2025-11-04,P002,Ballpoint Pen Pack,Stationery,1,5.31,5.31,S003,C0129,UPI
T003470,2023-10-06,P004,Printer Paper,Stationery,1,6.93,6.93,S002,C0127,Cash
T003471,2023-12-21,P001,Notebook,Stationery,2,8.52,17.04,S002,C0059,UPI
T003472,2023-02-02,P016,LED Bulb Pack,Household,2,11.75,23.5,S003,C0191,Cash
T003473,2023-05-05,P013,Hand Soap,Household,4,4.9,19.6,S001,C0051,Cash
T003474,2025-05-02,P005,Wireless Mouse,Electronics,2,23.69,47.38,S001,C0268,Card
T003475,2025-01-06,P002,Ballpoint Pen Pack,Stationery,1,5.26,5.26,S002,C0085,Card
T003476,2024-05-28,P002,Ballpoint Pen Pack,Stationery,5,5.05,25.25,S001,C0132,Card
T003477,2025-10-16,P023,Hand Trowel,Outdoor,2,10.21,20.42,S001,C0151,Card
T003478,2025-05-23,P010,Tea Assortment,Food and Beverage,1,13.13,13.13,S002,C0236,UPI
T003479,2025-02-23,P010,Tea Assortment,Food and Beverage,2,12.27,24.54,S001,C0038,Card
T003480,2025-12-19,P014,Cleaning Spray,Household,1,7.19,7.19,S001,C0023,UPI
T003481,2024-11-20,P002,Ballpoint Pen Pack,Stationery,3,5.29,15.87,S004,C0060,UPI
T003482,2023-07-04,P010,Tea Assortment,Food and Beverage,1,12.08,12.08,S003,C0298,Card
T003483,2024-07-04,P001,Notebook,Stationery,2,8.99,17.98,S003,C0189,Card
T003484,2025-09-08,P014,Cleaning Spray,Household,2,7.67,15.34,S002,C0046,UPI
T003485,2024-11-19,P018,Canvas Tote Bag,Apparel,3,14.01,42.03,S004,C0296,Card
T003486,2023-11-05,P021,Garden Gloves,Outdoor,4,8.65,34.6,S003,C0245,Cash
T003487,2024-04-05,P015,Storage Basket,Household,2,16.55,33.1,S001,C0011,Bank Transfer
T003488,2023-11-01,P024,Watering Can,Outdoor,2,20.02,40.04,S003,C0098,UPI
T003489,2023-08-18,P017,Cotton T-Shirt,Apparel,1,19.48,19.48,S004,C0231,Cash
T003490,2025-12-22,P022,Plant Pot,Outdoor,1,12.19,12.19,S001,C0102,Cash
T003491,2024-09-13,P004,Printer Paper,Stationery,1,7.08,7.08,S004,C0206,Card
T003492,2023-06-30,P002,Ballpoint Pen Pack,Stationery,2,5.43,10.86,S003,C0074,UPI
T003493,2025-01-18,P010,Tea Assortment,Food and Beverage,1,13.41,13.41,S002,C0029,Cash
T003494,2023-03-23,P021,Garden Gloves,Outdoor,2,8.47,16.94,S004,C0240,Bank Transfer
T003495,2025-08-19,P014,Cleaning Spray,Household,1,7.2,7.2,S004,C0294,Card
T003496,2024-07-12,P002,Ballpoint Pen Pack,Stationery,1,5.17,5.17,S001,C0031,Card
T003497,2025-09-07,P003,Desk Organizer,Stationery,2,13.24,26.48,S003,C0159,Bank Transfer
T003498,2024-08-04,P007,Bluetooth Speaker,Electronics,3,51.16,153.48,S003,C0118,Card
T003499,2023-11-16,P013,Hand Soap,Household,1,5.0,5.0,S001,C0130,UPI
T003500,2023-03-30,P015,Storage Basket,Household,3,15.81,47.43,S002,C0036,Card
T003501,2023-05-16,P005,Wireless Mouse,Electronics,1,24.02,24.02,S003,C0078,Card
T003502,2025-10-05,P005,Wireless Mouse,Electronics,1,24.89,24.89,S001,C0120,UPI
T003503,2025-05-13,P002,Ballpoint Pen Pack,Stationery,6,5.28,31.68,S001,C0255,UPI
T003504,2024-08-25,P024,Watering Can,Outdoor,1,20.21,20.21,S002,C0169,UPI
T003505,2024-04-30,P006,USB-C Hub,Electronics,4,33.0,132.0,S001,C0030,Card
T003506,2025-07-27,P009,Coffee Beans,Food and Beverage,1,15.92,15.92,S002,C0282,Cash
T003507,2025-12-17,P014,Cleaning Spray,Household,2,6.97,13.94,S001,C0036,Card
T003508,2024-12-01,P001,Notebook,Stationery,1,8.51,8.51,S002,C0278,Card
T003509,2024-08-03,P001,Notebook,Stationery,3,8.29,24.87,S003,C0260,Card
T003510,2024-03-07,P020,Running Socks,Apparel,5,9.83,49.15,S004,C0222,Card
T003511,2024-11-23,P002,Ballpoint Pen Pack,Stationery,3,5.11,15.33,S004,C0262,UPI
T003512,2025-12-23,P004,Printer Paper,Stationery,1,6.89,6.89,S001,C0159,Card
T003513,2024-08-08,P003,Desk Organizer,Stationery,1,14.52,14.52,S002,C0011,Card
T003514,2023-11-02,P002,Ballpoint Pen Pack,Stationery,3,4.95,14.85,S002,C0201,Cash
T003515,2025-07-31,P002,Ballpoint Pen Pack,Stationery,5,5.15,25.75,S002,C0071,Cash
T003516,2025-06-16,P002,Ballpoint Pen Pack,Stationery,6,5.16,30.96,S004,C0059,Cash
T003517,2023-05-28,P018,Canvas Tote Bag,Apparel,3,13.92,41.76,S004,C0090,Cash
T003518,2024-11-29,P001,Notebook,Stationery,4,8.69,34.76,S001,C0020,UPI
T003519,2025-04-26,P018,Canvas Tote Bag,Apparel,4,13.71,54.84,S004,C0290,UPI
T003520,2023-12-13,P009,Coffee Beans,Food and Beverage,1,16.18,16.18,S002,C0273,Cash
T003521,2023-01-10,P015,Storage Basket,Household,3,16.5,49.5,S002,C0194,UPI
T003522,2024-09-02,P002,Ballpoint Pen Pack,Stationery,2,5.15,10.3,S002,C0261,Card
T003523,2024-12-17,P005,Wireless Mouse,Electronics,1,25.31,25.31,S003,C0185,Card
T003524,2024-09-01,P014,Cleaning Spray,Household,3,7.35,22.05,S001,C0176,Card
T003525,2024-01-17,P024,Watering Can,Outdoor,3,21.27,63.81,S001,C0213,Cash
T003526,2023-04-24,P014,Cleaning Spray,Household,4,7.19,28.76,S004,C0259,Card
T003527,2024-03-10,P001,Notebook,Stationery,1,9.0,9.0,S001,C0004,UPI
T003528,2024-03-16,P010,Tea Assortment,Food and Beverage,4,12.1,48.4,S003,C0193,UPI
T003529,2023-03-20,P001,Notebook,Stationery,4,8.24,32.96,S002,C0082,UPI
T003530,2024-05-08,P018,Canvas Tote Bag,Apparel,1,13.07,13.07,S001,C0223,Card
T003531,2024-09-12,P016,LED Bulb Pack,Household,1,11.54,11.54,S002,C0116,UPI
T003532,2023-07-05,P011,Reusable Water Bottle,Food and Beverage,1,17.59,17.59,S002,C0200,Card
T003533,2025-10-17,P011,Reusable Water Bottle,Food and Beverage,6,17.32,103.92,S004,C0184,Cash
T003534,2025-09-26,P013,Hand Soap,Household,3,4.8,14.4,S003,C0285,Bank Transfer
T003535,2023-03-14,P008,Webcam,Electronics,1,56.82,56.82,S003,C0181,UPI
T003536,2025-09-18,P001,Notebook,Stationery,2,8.43,16.86,S003,C0147,Cash
T003537,2024-03-15,P011,Reusable Water Bottle,Food and Beverage,4,18.99,75.96,S004,C0083,Bank Transfer
T003538,2023-10-31,P008,Webcam,Electronics,1,59.31,59.31,S001,C0133,Card
T003539,2025-05-01,P014,Cleaning Spray,Household,3,7.29,21.87,S002,C0198,Card
T003540,2024-12-06,P017,Cotton T-Shirt,Apparel,1,19.22,19.22,S004,C0033,Card
T003541,2023-12-01,P005,Wireless Mouse,Electronics,3,25.41,76.23,S003,C0287,Card
T003542,2023-09-20,P005,Wireless Mouse,Electronics,2,25.37,50.74,S001,C0285,UPI
T003543,2024-07-01,P010,Tea Assortment,Food and Beverage,4,12.94,51.76,S003,C0263,Cash
T003544,2024-10-31,P006,USB-C Hub,Electronics,5,35.0,175.0,S002,C0104,Card
T003545,2025-07-30,P010,Tea Assortment,Food and Beverage,1,12.34,12.34,S001,C0039,Cash
T003546,2024-08-19,P015,Storage Basket,Household,3,16.49,49.47,S001,C0295,UPI
T003547,2025-02-28,P008,Webcam,Electronics,5,62.42,312.1,S001,C0072,UPI
T003548,2023-11-26,P007,Bluetooth Speaker,Electronics,1,51.01,51.01,S002,C0068,Bank Transfer
T003549,2024-11-01,P004,Printer Paper,Stationery,5,6.73,33.65,S003,C0022,UPI
T003550,2025-05-25,P008,Webcam,Electronics,1,60.88,60.88,S002,C0154,Card
T003551,2024-05-15,P008,Webcam,Electronics,4,61.8,247.2,S001,C0060,Bank Transfer
T003552,2023-01-19,P020,Running Socks,Apparel,3,9.91,29.73,S002,C0255,Card
T003553,2024-06-30,P005,Wireless Mouse,Electronics,5,26.38,131.9,S001,C0105,UPI
T003554,2023-05-01,P022,Plant Pot,Outdoor,2,12.47,24.94,S003,C0147,Card
T003555,2024-07-01,P013,Hand Soap,Household,4,4.72,18.88,S003,C0007,Cash
T003556,2025-07-11,P024,Watering Can,Outdoor,2,19.76,39.52,S004,C0014,Card
T003557,2025-12-24,P021,Garden Gloves,Outdoor,1,9.33,9.33,S001,C0053,Card
T003558,2025-04-22,P017,Cotton T-Shirt,Apparel,1,20.95,20.95,S001,C0151,Card
T003559,2023-10-22,P022,Plant Pot,Outdoor,1,12.57,12.57,S002,C0020,Card
T003560,2024-08-17,P001,Notebook,Stationery,1,8.36,8.36,S002,C0263,UPI
T003561,2025-01-10,P022,Plant Pot,Outdoor,3,12.22,36.66,S002,C0063,Bank Transfer
T003562,2023-11-09,P002,Ballpoint Pen Pack,Stationery,3,4.97,14.91,S002,C0182,Card
T003563,2024-11-26,P015,Storage Basket,Household,3,16.64,49.92,S004,C0258,Bank Transfer
T003564,2025-10-10,P024,Watering Can,Outdoor,1,21.46,21.46,S001,C0154,UPI
T003565,2025-04-16,P018,Canvas Tote Bag,Apparel,3,13.6,40.8,S002,C0171,UPI
T003566,2024-10-17,P017,Cotton T-Shirt,Apparel,2,19.73,39.46,S003,C0294,UPI
T003567,2023-12-17,P005,Wireless Mouse,Electronics,2,24.48,48.96,S002,C0134,Bank Transfer
T003568,2023-09-24,P017,Cotton T-Shirt,Apparel,1,20.88,20.88,S003,C0235,Card
T003569,2024-01-27,P018,Canvas Tote Bag,Apparel,4,14.03,56.12,S003,C0234,Card
T003570,2023-11-28,P021,Garden Gloves,Outdoor,2,8.66,17.32,S003,C0247,Card
T003571,2023-03-13,P012,Snack Box,Food and Beverage,6,23.19,139.14,S002,C0283,UPI
T003572,2023-03-22,P001,Notebook,Stationery,4,8.12,32.48,S003,C0169,UPI
T003573,2024-12-21,P011,Reusable Water Bottle,Food and Beverage,1,18.45,18.45,S004,C0002,Cash
T003574,2024-11-14,P011,Reusable Water Bottle,Food and Beverage,2,17.68,35.36,S002,C0254,Bank Transfer
T003575,2025-05-13,P010,Tea Assortment,Food and Beverage,1,12.44,12.44,S001,C0020,Card
T003576,2023-12-14,P007,Bluetooth Speaker,Electronics,1,47.36,47.36,S001,C0085,Card
T003577,2025-06-10,P006,USB-C Hub,Electronics,1,33.27,33.27,S001,C0121,UPI
T003578,2024-02-28,P005,Wireless Mouse,Electronics,2,26.16,52.32,S001,C0017,Card
T003579,2024-07-16,P009,Coffee Beans,Food and Beverage,1,15.96,15.96,S001,C0234,UPI
T003580,2025-06-24,P022,Plant Pot,Outdoor,2,12.14,24.28,S002,C0032,Bank Transfer
T003581,2024-05-01,P008,Webcam,Electronics,1,59.13,59.13,S004,C0053,Cash
T003582,2023-10-09,P018,Canvas Tote Bag,Apparel,1,13.01,13.01,S003,C0216,Card
T003583,2023-05-27,P004,Printer Paper,Stationery,5,6.84,34.2,S001,C0044,Card
T003584,2023-09-14,P010,Tea Assortment,Food and Beverage,3,12.12,36.36,S002,C0237,UPI
T003585,2024-08-14,P002,Ballpoint Pen Pack,Stationery,2,5.35,10.7,S002,C0204,Card
T003586,2023-01-16,P020,Running Socks,Apparel,2,9.84,19.68,S003,C0272,UPI
T003587,2023-01-06,P018,Canvas Tote Bag,Apparel,6,12.73,76.38,S001,C0052,UPI
T003588,2025-04-21,P011,Reusable Water Bottle,Food and Beverage,2,18.08,36.16,S004,C0240,UPI
T003589,2024-10-02,P009,Coffee Beans,Food and Beverage,3,15.01,45.03,S002,C0264,Bank Transfer
T003590,2024-04-02,P006,USB-C Hub,Electronics,1,32.63,32.63,S002,C0229,Cash
T003591,2025-05-04,P009,Coffee Beans,Food and Beverage,1,16.33,16.33,S001,C0020,UPI
T003592,2025-04-18,P020,Running Socks,Apparel,2,10.07,20.14,S002,C0284,Bank Transfer
T003593,2025-11-21,P024,Watering Can,Outdoor,1,22.1,22.1,S001,C0296,UPI
T003594,2025-11-04,P021,Garden Gloves,Outdoor,2,8.84,17.68,S001,C0040,Card
T003595,2023-04-03,P008,Webcam,Electronics,2,57.42,114.84,S003,C0203,UPI
T003596,2024-05-13,P018,Canvas Tote Bag,Apparel,1,12.72,12.72,S002,C0177,Card
T003597,2025-08-20,P022,Plant Pot,Outdoor,1,11.69,11.69,S001,C0243,Card
T003598,2025-06-18,P016,LED Bulb Pack,Household,3,11.92,35.76,S004,C0297,UPI
T003599,2023-10-09,P008,Webcam,Electronics,5,60.52,302.6,S001,C0159,Card
T003600,2024-11-02,P001,Notebook,Stationery,1,8.28,8.28,S001,C0277,Card
T003601,2024-09-25,P001,Notebook,Stationery,4,8.88,35.52,S001,C0255,Card
T003602,2023-07-25,P022,Plant Pot,Outdoor,2,11.94,23.88,S002,C0058,Bank Transfer
T003603,2024-10-29,P002,Ballpoint Pen Pack,Stationery,4,5.07,20.28,S004,C0266,Card
T003604,2023-03-03,P005,Wireless Mouse,Electronics,1,23.5,23.5,S001,C0046,Card
T003605,2023-01-15,P004,Printer Paper,Stationery,1,6.4,6.4,S003,C0068,UPI
T003606,2025-05-10,P014,Cleaning Spray,Household,2,6.88,13.76,S002,C0262,UPI
T003607,2025-03-11,P007,Bluetooth Speaker,Electronics,3,52.33,156.99,S002,C0205,Card
T003608,2024-04-24,P018,Canvas Tote Bag,Apparel,1,12.99,12.99,S004,C0151,Bank Transfer
T003609,2025-09-28,P007,Bluetooth Speaker,Electronics,1,49.72,49.72,S001,C0195,Cash
T003610,2023-07-16,P011,Reusable Water Bottle,Food and Beverage,5,18.28,91.4,S001,C0167,Card
T003611,2025-03-31,P023,Hand Trowel,Outdoor,4,10.37,41.48,S001,C0087,Cash
T003612,2023-11-17,P018,Canvas Tote Bag,Apparel,2,13.37,26.74,S001,C0258,Cash
T003613,2024-10-20,P014,Cleaning Spray,Household,1,7.51,7.51,S003,C0264,Card
T003614,2024-05-03,P018,Canvas Tote Bag,Apparel,5,12.86,64.3,S002,C0067,UPI
T003615,2023-12-20,P002,Ballpoint Pen Pack,Stationery,6,5.08,30.48,S002,C0218,Card
T003616,2025-09-12,P017,Cotton T-Shirt,Apparel,4,20.56,82.24,S001,C0009,Cash
T003617,2025-01-29,P004,Printer Paper,Stationery,5,6.65,33.25,S001,C0146,UPI
T003618,2025-08-09,P020,Running Socks,Apparel,3,10.15,30.45,S001,C0165,Card
T003619,2024-02-01,P013,Hand Soap,Household,4,4.57,18.28,S001,C0016,Card
T003620,2023-10-15,P001,Notebook,Stationery,2,8.67,17.34,S002,C0232,Card
T003621,2024-09-29,P001,Notebook,Stationery,3,8.69,26.07,S002,C0186,Card
T003622,2024-11-07,P010,Tea Assortment,Food and Beverage,2,12.84,25.68,S001,C0111,Card
T003623,2023-12-31,P020,Running Socks,Apparel,3,9.86,29.58,S004,C0254,Card
T003624,2024-12-14,P005,Wireless Mouse,Electronics,2,24.07,48.14,S003,C0258,Card
T003625,2025-01-30,P019,Baseball Cap,Apparel,4,16.73,66.92,S001,C0072,UPI
T003626,2025-08-04,P005,Wireless Mouse,Electronics,2,24.56,49.12,S004,C0288,UPI
T003627,2025-03-19,P019,Baseball Cap,Apparel,1,15.46,15.46,S003,C0230,UPI
T003628,2025-01-22,P022,Plant Pot,Outdoor,4,11.73,46.92,S001,C0144,UPI
T003629,2025-12-08,P011,Reusable Water Bottle,Food and Beverage,1,18.06,18.06,S002,C0112,Card
T003630,2025-07-01,P009,Coffee Beans,Food and Beverage,2,16.23,32.46,S001,C0092,Bank Transfer
T003631,2024-12-08,P018,Canvas Tote Bag,Apparel,1,13.12,13.12,S001,C0014,Card
T003632,2025-10-17,P017,Cotton T-Shirt,Apparel,1,21.14,21.14,S001,C0083,Card
T003633,2023-12-03,P010,Tea Assortment,Food and Beverage,1,12.83,12.83,S003,C0060,Bank Transfer
T003634,2023-08-25,P019,Baseball Cap,Apparel,5,16.93,84.65,S002,C0251,Cash
T003635,2025-07-04,P022,Plant Pot,Outdoor,2,11.57,23.14,S004,C0096,Card
T003636,2024-11-07,P006,USB-C Hub,Electronics,2,34.8,69.6,S004,C0289,UPI
T003637,2024-04-09,P002,Ballpoint Pen Pack,Stationery,2,5.34,10.68,S002,C0228,Card
T003638,2024-06-05,P018,Canvas Tote Bag,Apparel,2,13.35,26.7,S001,C0269,Cash
T003639,2024-04-25,P011,Reusable Water Bottle,Food and Beverage,3,17.58,52.74,S001,C0108,Bank Transfer
T003640,2023-05-12,P018,Canvas Tote Bag,Apparel,3,13.82,41.46,S003,C0138,Bank Transfer
T003641,2024-06-26,P009,Coffee Beans,Food and Beverage,1,15.55,15.55,S002,C0070,Card
T003642,2023-01-26,P014,Cleaning Spray,Household,5,6.96,34.8,S004,C0186,Card
T003643,2024-02-09,P014,Cleaning Spray,Household,2,7.63,15.26,S001,C0255,Card
T003644,2023-11-26,P021,Garden Gloves,Outdoor,5,8.63,43.15,S001,C0225,Card
T003645,2024-11-18,P009,Coffee Beans,Food and Beverage,1,15.65,15.65,S002,C0218,Card
T003646,2024-07-14,P002,Ballpoint Pen Pack,Stationery,3,5.28,15.84,S004,C0228,Card
T003647,2025-10-27,P015,Storage Basket,Household,5,17.14,85.7,S002,C0167,UPI
T003648,2024-06-18,P010,Tea Assortment,Food and Beverage,3,12.95,38.85,S001,C0058,Card
T003649,2024-04-25,P015,Storage Basket,Household,2,16.03,32.06,S002,C0200,UPI
T003650,2025-03-11,P010,Tea Assortment,Food and Beverage,1,12.29,12.29,S004,C0094,Card
T003651,2025-08-06,P024,Watering Can,Outdoor,3,21.26,63.78,S001,C0152,Card
T003652,2025-01-09,P003,Desk Organizer,Stationery,2,13.31,26.62,S002,C0186,Cash
T003653,2024-03-18,P014,Cleaning Spray,Household,6,6.88,41.28,S001,C0018,UPI
T003654,2023-02-02,P005,Wireless Mouse,Electronics,4,24.73,98.92,S002,C0114,UPI
T003655,2023-09-09,P001,Notebook,Stationery,1,8.52,8.52,S003,C0147,UPI
T003656,2025-10-22,P016,LED Bulb Pack,Household,1,11.43,11.43,S001,C0061,Cash
T003657,2025-04-13,P015,Storage Basket,Household,4,16.62,66.48,S002,C0280,Card
T003658,2025-03-21,P007,Bluetooth Speaker,Electronics,1,50.71,50.71,S002,C0203,UPI
T003659,2024-05-16,P016,LED Bulb Pack,Household,2,11.41,22.82,S001,C0115,Card
T003660,2025-10-17,P015,Storage Basket,Household,2,16.5,33.0,S003,C0071,Card
T003661,2024-03-23,P004,Printer Paper,Stationery,6,6.77,40.62,S004,C0157,Card
T003662,2024-05-13,P001,Notebook,Stationery,4,8.47,33.88,S001,C0240,Card
T003663,2024-03-05,P013,Hand Soap,Household,5,4.67,23.35,S002,C0054,Card
T003664,2023-12-22,P010,Tea Assortment,Food and Beverage,4,13.06,52.24,S002,C0132,Cash
T003665,2023-04-12,P009,Coffee Beans,Food and Beverage,2,15.2,30.4,S003,C0039,UPI
T003666,2024-10-25,P013,Hand Soap,Household,2,4.95,9.9,S004,C0037,Card
T003667,2025-02-09,P015,Storage Basket,Household,3,15.85,47.55,S001,C0076,Cash
T003668,2023-08-17,P010,Tea Assortment,Food and Beverage,1,13.05,13.05,S002,C0142,Bank Transfer
T003669,2025-11-08,P021,Garden Gloves,Outdoor,3,8.91,26.73,S001,C0075,Card
T003670,2025-10-18,P014,Cleaning Spray,Household,1,6.89,6.89,S004,C0153,Cash
T003671,2023-06-29,P021,Garden Gloves,Outdoor,2,8.66,17.32,S003,C0089,Card
T003672,2025-12-31,P009,Coffee Beans,Food and Beverage,2,16.3,32.6,S003,C0113,Card
T003673,2025-08-25,P023,Hand Trowel,Outdoor,1,10.26,10.26,S004,C0162,Cash
T003674,2025-04-14,P007,Bluetooth Speaker,Electronics,2,52.18,104.36,S001,C0070,Card
T003675,2025-03-03,P020,Running Socks,Apparel,1,10.15,10.15,S001,C0026,Cash
T003676,2023-01-24,P018,Canvas Tote Bag,Apparel,5,13.25,66.25,S002,C0271,Cash
T003677,2024-02-18,P001,Notebook,Stationery,1,8.5,8.5,S001,C0266,Cash
T003678,2024-05-20,P015,Storage Basket,Household,1,16.31,16.31,S001,C0265,Cash
T003679,2024-08-01,P017,Cotton T-Shirt,Apparel,4,19.63,78.52,S002,C0294,Card
T003680,2024-09-25,P019,Baseball Cap,Apparel,2,15.08,30.16,S001,C0125,Card
T003681,2025-08-09,P022,Plant Pot,Outdoor,2,12.11,24.22,S001,C0010,Card
T003682,2024-08-25,P024,Watering Can,Outdoor,5,19.74,98.7,S003,C0244,Card
T003683,2025-05-11,P017,Cotton T-Shirt,Apparel,1,19.12,19.12,S002,C0299,Card
T003684,2024-11-05,P024,Watering Can,Outdoor,2,21.91,43.82,S002,C0033,Card
T003685,2024-11-09,P001,Notebook,Stationery,1,8.27,8.27,S002,C0198,UPI
T003686,2023-04-15,P004,Printer Paper,Stationery,2,7.07,14.14,S001,C0071,Card
T003687,2025-08-08,P005,Wireless Mouse,Electronics,2,24.54,49.08,S003,C0282,Cash
T003688,2023-06-07,P010,Tea Assortment,Food and Beverage,5,13.12,65.6,S003,C0287,UPI
T003689,2025-10-26,P008,Webcam,Electronics,5,58.38,291.9,S004,C0067,Bank Transfer
T003690,2023-03-08,P011,Reusable Water Bottle,Food and Beverage,5,18.92,94.6,S003,C0135,Card
T003691,2023-02-12,P006,USB-C Hub,Electronics,4,32.66,130.64,S004,C0184,Card
T003692,2024-06-01,P014,Cleaning Spray,Household,1,7.2,7.2,S003,C0046,UPI
T003693,2025-12-23,P008,Webcam,Electronics,1,57.0,57.0,S001,C0172,Bank Transfer
T003694,2024-07-20,P009,Coffee Beans,Food and Beverage,2,14.76,29.52,S003,C0298,Card
T003695,2025-08-17,P024,Watering Can,Outdoor,3,21.91,65.73,S003,C0222,Cash
T003696,2024-05-10,P017,Cotton T-Shirt,Apparel,2,19.3,38.6,S002,C0203,Card
T003697,2023-07-20,P001,Notebook,Stationery,6,8.51,51.06,S003,C0075,Cash
T003698,2025-07-16,P017,Cotton T-Shirt,Apparel,4,19.55,78.2,S001,C0076,UPI
T003699,2024-03-15,P007,Bluetooth Speaker,Electronics,2,49.86,99.72,S001,C0140,Card
T003700,2025-04-18,P008,Webcam,Electronics,2,61.03,122.06,S001,C0141,Card
T003701,2023-04-21,P015,Storage Basket,Household,2,16.17,32.34,S002,C0102,UPI
T003702,2025-11-20,P002,Ballpoint Pen Pack,Stationery,3,5.12,15.36,S004,C0096,UPI
T003703,2025-10-26,P006,USB-C Hub,Electronics,1,36.13,36.13,S001,C0238,Cash
T003704,2025-08-09,P017,Cotton T-Shirt,Apparel,2,20.11,40.22,S004,C0126,UPI
T003705,2025-01-11,P006,USB-C Hub,Electronics,1,33.34,33.34,S004,C0012,UPI
T003706,2024-12-19,P009,Coffee Beans,Food and Beverage,3,14.61,43.83,S002,C0279,Card
T003707,2024-11-07,P020,Running Socks,Apparel,1,10.14,10.14,S003,C0070,Card
T003708,2023-03-23,P018,Canvas Tote Bag,Apparel,3,13.52,40.56,S002,C0109,UPI
T003709,2025-11-29,P014,Cleaning Spray,Household,4,7.65,30.6,S004,C0184,Cash
T003710,2025-01-17,P002,Ballpoint Pen Pack,Stationery,3,5.11,15.33,S003,C0271,Cash
T003711,2023-10-16,P010,Tea Assortment,Food and Beverage,3,13.16,39.48,S003,C0241,Bank Transfer
T003712,2024-11-18,P008,Webcam,Electronics,4,59.88,239.52,S002,C0247,Cash
T003713,2023-08-02,P017,Cotton T-Shirt,Apparel,2,21.0,42.0,S001,C0161,Card
T003714,2025-05-23,P009,Coffee Beans,Food and Beverage,3,14.64,43.92,S001,C0222,Cash
T003715,2024-04-23,P024,Watering Can,Outdoor,3,20.32,60.96,S001,C0117,Card
T003716,2024-05-06,P010,Tea Assortment,Food and Beverage,1,12.45,12.45,S001,C0089,Card
T003717,2025-11-20,P002,Ballpoint Pen Pack,Stationery,4,5.25,21.0,S004,C0093,Card
T003718,2024-06-16,P005,Wireless Mouse,Electronics,5,25.26,126.3,S002,C0160,UPI
T003719,2023-05-19,P005,Wireless Mouse,Electronics,1,23.55,23.55,S001,C0014,Card
T003720,2024-01-18,P010,Tea Assortment,Food and Beverage,5,12.1,60.5,S004,C0207,Card
T003721,2025-12-31,P005,Wireless Mouse,Electronics,1,25.28,25.28,S002,C0107,UPI
T003722,2025-10-31,P016,LED Bulb Pack,Household,2,12.09,24.18,S002,C0043,UPI
T003723,2024-03-03,P009,Coffee Beans,Food and Beverage,2,16.42,32.84,S002,C0015,Bank Transfer
T003724,2024-01-13,P022,Plant Pot,Outdoor,2,12.04,24.08,S004,C0045,Cash
T003725,2025-01-29,P020,Running Socks,Apparel,1,9.46,9.46,S003,C0197,Card
T003726,2024-05-12,P013,Hand Soap,Household,2,4.67,9.34,S002,C0213,Card
T003727,2023-07-27,P001,Notebook,Stationery,3,8.83,26.49,S004,C0185,UPI
T003728,2025-07-13,P018,Canvas Tote Bag,Apparel,2,13.99,27.98,S001,C0033,Card
T003729,2023-04-18,P011,Reusable Water Bottle,Food and Beverage,1,18.78,18.78,S003,C0057,Card
T003730,2024-11-22,P018,Canvas Tote Bag,Apparel,3,13.63,40.89,S003,C0202,Bank Transfer
T003731,2024-07-18,P002,Ballpoint Pen Pack,Stationery,1,4.95,4.95,S002,C0193,UPI
T003732,2024-03-30,P009,Coffee Beans,Food and Beverage,2,15.62,31.24,S002,C0103,Card
T003733,2024-08-11,P011,Reusable Water Bottle,Food and Beverage,3,18.28,54.84,S001,C0059,Cash
T003734,2023-05-08,P023,Hand Trowel,Outdoor,2,10.32,20.64,S003,C0091,UPI
T003735,2023-10-31,P001,Notebook,Stationery,3,8.83,26.49,S001,C0075,Card
T003736,2023-11-16,P016,LED Bulb Pack,Household,2,12.09,24.18,S002,C0166,UPI
T003737,2025-09-14,P009,Coffee Beans,Food and Beverage,2,15.25,30.5,S001,C0119,Card
T003738,2024-11-29,P022,Plant Pot,Outdoor,2,11.62,23.24,S001,C0002,Card
T003739,2025-07-29,P007,Bluetooth Speaker,Electronics,4,52.51,210.04,S003,C0235,Card
T003740,2025-01-17,P003,Desk Organizer,Stationery,2,13.38,26.76,S003,C0143,UPI
T003741,2023-05-14,P003,Desk Organizer,Stationery,2,14.63,29.26,S003,C0063,Card
T003742,2024-02-09,P005,Wireless Mouse,Electronics,1,25.11,25.11,S001,C0172,Card
T003743,2024-06-15,P020,Running Socks,Apparel,3,10.21,30.63,S003,C0142,Card
T003744,2023-07-06,P013,Hand Soap,Household,2,4.62,9.24,S002,C0089,Cash
T003745,2024-07-11,P006,USB-C Hub,Electronics,4,34.61,138.44,S001,C0063,Cash
T003746,2023-08-02,P015,Storage Basket,Household,1,16.48,16.48,S001,C0234,UPI
T003747,2023-09-30,P001,Notebook,Stationery,2,8.35,16.7,S002,C0259,Card
T003748,2025-10-25,P016,LED Bulb Pack,Household,2,12.34,24.68,S004,C0038,Cash
T003749,2024-06-14,P009,Coffee Beans,Food and Beverage,1,14.79,14.79,S002,C0057,Card
T003750,2024-02-19,P004,Printer Paper,Stationery,2,6.6,13.2,S002,C0123,Card
T003751,2024-11-14,P017,Cotton T-Shirt,Apparel,3,20.63,61.89,S001,C0295,UPI
T003752,2025-08-21,P006,USB-C Hub,Electronics,4,34.22,136.88,S002,C0290,UPI
T003753,2025-10-28,P004,Printer Paper,Stationery,4,7.02,28.08,S003,C0084,Card
T003754,2025-12-13,P022,Plant Pot,Outdoor,1,12.25,12.25,S001,C0109,Card
T003755,2023-09-18,P019,Baseball Cap,Apparel,2,15.46,30.92,S004,C0194,Card
T003756,2025-05-08,P017,Cotton T-Shirt,Apparel,2,20.28,40.56,S003,C0045,Card
T003757,2023-12-06,P007,Bluetooth Speaker,Electronics,2,49.7,99.4,S004,C0169,UPI
T003758,2023-08-04,P014,Cleaning Spray,Household,3,6.94,20.82,S003,C0284,Card
T003759,2024-04-25,P024,Watering Can,Outdoor,5,19.92,99.6,S001,C0295,Card
T003760,2023-02-24,P002,Ballpoint Pen Pack,Stationery,2,5.26,10.52,S004,C0250,Card
T003761,2024-03-01,P015,Storage Basket,Household,3,16.44,49.32,S003,C0071,UPI
T003762,2025-12-29,P004,Printer Paper,Stationery,1,6.4,6.4,S001,C0282,Card
T003763,2025-04-22,P013,Hand Soap,Household,1,4.88,4.88,S003,C0254,UPI
T003764,2025-11-12,P006,USB-C Hub,Electronics,1,35.95,35.95,S001,C0234,Card
T003765,2024-02-15,P022,Plant Pot,Outdoor,3,11.47,34.41,S001,C0083,Card
T003766,2024-02-24,P020,Running Socks,Apparel,1,9.49,9.49,S003,C0182,UPI
T003767,2024-11-30,P005,Wireless Mouse,Electronics,1,26.45,26.45,S001,C0284,UPI
T003768,2024-01-06,P011,Reusable Water Bottle,Food and Beverage,2,18.78,37.56,S001,C0198,UPI
T003769,2023-04-04,P023,Hand Trowel,Outdoor,2,10.4,20.8,S003,C0034,Cash
T003770,2025-10-01,P004,Printer Paper,Stationery,6,6.96,41.76,S001,C0297,UPI
T003771,2025-12-03,P022,Plant Pot,Outdoor,4,12.03,48.12,S003,C0113,Card
T003772,2023-12-30,P010,Tea Assortment,Food and Beverage,1,12.03,12.03,S001,C0132,UPI
T003773,2025-07-10,P002,Ballpoint Pen Pack,Stationery,1,5.1,5.1,S004,C0280,UPI
T003774,2023-06-29,P002,Ballpoint Pen Pack,Stationery,2,5.2,10.4,S001,C0193,UPI
T003775,2024-09-22,P016,LED Bulb Pack,Household,4,12.18,48.72,S004,C0182,UPI
T003776,2025-11-04,P019,Baseball Cap,Apparel,4,15.91,63.64,S001,C0087,Bank Transfer
T003777,2023-11-20,P021,Garden Gloves,Outdoor,2,9.53,19.06,S001,C0297,UPI
T003778,2023-02-24,P017,Cotton T-Shirt,Apparel,1,20.98,20.98,S001,C0187,Cash
T003779,2025-12-08,P006,USB-C Hub,Electronics,2,34.11,68.22,S001,C0019,UPI
T003780,2024-11-27,P013,Hand Soap,Household,2,4.59,9.18,S002,C0021,UPI
T003781,2023-06-17,P012,Snack Box,Food and Beverage,4,21.46,85.84,S002,C0096,Card
T003782,2025-09-14,P020,Running Socks,Apparel,2,9.41,18.82,S002,C0018,Card
T003783,2024-03-05,P002,Ballpoint Pen Pack,Stationery,3,4.99,14.97,S003,C0262,Card
T003784,2025-01-30,P022,Plant Pot,Outdoor,3,12.01,36.03,S004,C0189,Cash
T003785,2024-11-04,P019,Baseball Cap,Apparel,2,15.44,30.88,S003,C0028,Card
T003786,2023-11-23,P022,Plant Pot,Outdoor,1,12.51,12.51,S003,C0056,Cash
T003787,2023-10-20,P004,Printer Paper,Stationery,1,6.92,6.92,S001,C0164,Card
T003788,2025-05-13,P024,Watering Can,Outdoor,3,20.85,62.55,S004,C0264,Cash
T003789,2025-04-22,P015,Storage Basket,Household,1,16.03,16.03,S003,C0011,Cash
T003790,2024-01-22,P005,Wireless Mouse,Electronics,5,24.64,123.2,S002,C0173,UPI
T003791,2024-10-15,P009,Coffee Beans,Food and Beverage,4,16.31,65.24,S003,C0159,UPI
T003792,2024-06-22,P014,Cleaning Spray,Household,3,7.39,22.17,S002,C0022,UPI
T003793,2025-12-25,P004,Printer Paper,Stationery,1,6.97,6.97,S002,C0064,Cash
T003794,2025-08-09,P023,Hand Trowel,Outdoor,3,10.5,31.5,S003,C0014,Card
T003795,2025-03-20,P022,Plant Pot,Outdoor,1,11.36,11.36,S001,C0214,Card
T003796,2025-02-18,P011,Reusable Water Bottle,Food and Beverage,1,17.02,17.02,S004,C0261,Bank Transfer
T003797,2025-10-22,P017,Cotton T-Shirt,Apparel,1,20.32,20.32,S002,C0011,Card
T003798,2023-01-04,P006,USB-C Hub,Electronics,1,33.58,33.58,S004,C0033,Cash
T003799,2024-06-25,P013,Hand Soap,Household,3,4.64,13.92,S001,C0300,Card
T003800,2024-02-09,P004,Printer Paper,Stationery,1,7.14,7.14,S004,C0044,Cash
T003801,2024-06-15,P008,Webcam,Electronics,1,58.35,58.35,S003,C0228,Card
T003802,2024-10-16,P012,Snack Box,Food and Beverage,2,21.98,43.96,S004,C0204,UPI
T003803,2024-01-21,P003,Desk Organizer,Stationery,1,13.69,13.69,S003,C0187,UPI
T003804,2024-10-16,P006,USB-C Hub,Electronics,2,36.57,73.14,S003,C0026,UPI
T003805,2025-04-26,P003,Desk Organizer,Stationery,1,13.74,13.74,S003,C0158,UPI
T003806,2023-12-02,P023,Hand Trowel,Outdoor,2,10.54,21.08,S001,C0103,Cash
T003807,2024-01-25,P005,Wireless Mouse,Electronics,5,24.39,121.95,S004,C0098,UPI
T003808,2024-11-18,P016,LED Bulb Pack,Household,1,11.64,11.64,S004,C0119,Card
T003809,2023-03-09,P009,Coffee Beans,Food and Beverage,4,16.34,65.36,S003,C0057,Card
T003810,2025-08-03,P001,Notebook,Stationery,3,8.64,25.92,S001,C0075,Card
T003811,2023-01-19,P001,Notebook,Stationery,1,8.28,8.28,S001,C0126,Cash
T003812,2024-04-08,P023,Hand Trowel,Outdoor,2,10.57,21.14,S003,C0030,Card
T003813,2023-06-11,P006,USB-C Hub,Electronics,4,35.95,143.8,S002,C0246,Card
T003814,2023-03-30,P014,Cleaning Spray,Household,1,7.48,7.48,S002,C0264,Card
T003815,2023-08-05,P012,Snack Box,Food and Beverage,1,21.98,21.98,S004,C0123,Card
T003816,2024-07-21,P016,LED Bulb Pack,Household,1,11.96,11.96,S003,C0271,Card
T003817,2025-05-29,P016,LED Bulb Pack,Household,6,11.53,69.18,S004,C0279,Bank Transfer
T003818,2024-04-14,P006,USB-C Hub,Electronics,2,32.66,65.32,S004,C0274,Card
T003819,2024-08-20,P001,Notebook,Stationery,1,8.66,8.66,S003,C0119,Card
T003820,2024-10-26,P013,Hand Soap,Household,4,4.74,18.96,S001,C0106,UPI
T003821,2025-12-20,P001,Notebook,Stationery,3,8.67,26.01,S002,C0087,Card
T003822,2023-06-11,P002,Ballpoint Pen Pack,Stationery,1,5.14,5.14,S001,C0183,Cash
T003823,2023-07-15,P008,Webcam,Electronics,1,57.78,57.78,S001,C0020,Card
T003824,2023-09-27,P004,Printer Paper,Stationery,2,6.64,13.28,S002,C0093,UPI
T003825,2025-05-21,P008,Webcam,Electronics,1,58.6,58.6,S003,C0087,Card
T003826,2025-04-01,P001,Notebook,Stationery,2,8.26,16.52,S001,C0064,Card
T003827,2023-10-04,P010,Tea Assortment,Food and Beverage,6,13.3,79.8,S002,C0167,UPI
T003828,2025-10-11,P018,Canvas Tote Bag,Apparel,1,13.53,13.53,S003,C0068,Cash
T003829,2024-08-19,P001,Notebook,Stationery,3,8.18,24.54,S002,C0049,Card
T003830,2024-09-22,P022,Plant Pot,Outdoor,6,11.46,68.76,S004,C0237,Card
T003831,2025-05-19,P020,Running Socks,Apparel,2,9.72,19.44,S003,C0230,UPI
T003832,2024-07-11,P014,Cleaning Spray,Household,2,7.46,14.92,S001,C0174,UPI
T003833,2023-06-24,P022,Plant Pot,Outdoor,1,11.44,11.44,S001,C0141,Cash
T003834,2024-05-08,P018,Canvas Tote Bag,Apparel,6,13.27,79.62,S001,C0149,Cash
T003835,2023-05-09,P009,Coffee Beans,Food and Beverage,1,15.17,15.17,S004,C0226,Cash
T003836,2023-10-06,P021,Garden Gloves,Outdoor,4,8.47,33.88,S001,C0223,Card
T003837,2023-01-24,P005,Wireless Mouse,Electronics,1,24.56,24.56,S002,C0164,UPI
T003838,2025-09-03,P007,Bluetooth Speaker,Electronics,1,47.28,47.28,S002,C0267,Cash
T003839,2023-08-31,P017,Cotton T-Shirt,Apparel,2,20.35,40.7,S002,C0139,Cash
T003840,2023-01-30,P013,Hand Soap,Household,4,5.02,20.08,S001,C0112,Card
T003841,2023-09-02,P008,Webcam,Electronics,1,55.67,55.67,S001,C0029,UPI
T003842,2025-09-27,P004,Printer Paper,Stationery,2,6.84,13.68,S003,C0181,Cash
T003843,2025-11-19,P019,Baseball Cap,Apparel,2,15.61,31.22,S001,C0110,UPI
T003844,2024-02-24,P013,Hand Soap,Household,3,4.6,13.8,S001,C0038,UPI
T003845,2025-06-23,P004,Printer Paper,Stationery,1,6.61,6.61,S003,C0127,Card
T003846,2023-05-07,P013,Hand Soap,Household,2,4.55,9.1,S002,C0145,Card
T003847,2024-04-28,P010,Tea Assortment,Food and Beverage,4,12.62,50.48,S002,C0244,Card
T003848,2025-12-04,P018,Canvas Tote Bag,Apparel,2,12.76,25.52,S003,C0179,Bank Transfer
T003849,2024-04-06,P012,Snack Box,Food and Beverage,2,23.47,46.94,S004,C0130,Card
T003850,2023-06-24,P020,Running Socks,Apparel,1,10.57,10.57,S001,C0262,Card
T003851,2024-04-30,P009,Coffee Beans,Food and Beverage,3,15.6,46.8,S002,C0079,Card
T003852,2023-07-09,P006,USB-C Hub,Electronics,2,32.44,64.88,S002,C0178,Card
T003853,2024-07-08,P022,Plant Pot,Outdoor,3,12.5,37.5,S004,C0256,UPI
T003854,2023-03-17,P016,LED Bulb Pack,Household,3,12.15,36.45,S002,C0096,Cash
T003855,2023-08-21,P008,Webcam,Electronics,4,62.34,249.36,S004,C0220,Cash
T003856,2025-06-25,P012,Snack Box,Food and Beverage,1,22.0,22.0,S003,C0118,Card
T003857,2025-12-05,P017,Cotton T-Shirt,Apparel,2,21.12,42.24,S003,C0039,Cash
T003858,2024-06-06,P016,LED Bulb Pack,Household,6,12.42,74.52,S002,C0251,Cash
T003859,2023-05-19,P016,LED Bulb Pack,Household,1,12.61,12.61,S002,C0092,UPI
T003860,2025-09-29,P017,Cotton T-Shirt,Apparel,5,20.5,102.5,S001,C0276,Card
T003861,2023-04-21,P003,Desk Organizer,Stationery,3,13.64,40.92,S003,C0146,Cash
T003862,2023-12-06,P001,Notebook,Stationery,1,8.18,8.18,S004,C0198,Cash
T003863,2023-09-13,P011,Reusable Water Bottle,Food and Beverage,1,18.34,18.34,S004,C0087,Bank Transfer
T003864,2024-10-13,P001,Notebook,Stationery,1,8.94,8.94,S004,C0221,UPI
T003865,2025-04-04,P015,Storage Basket,Household,4,16.65,66.6,S001,C0026,UPI
T003866,2024-09-21,P024,Watering Can,Outdoor,1,20.9,20.9,S002,C0290,Card
T003867,2025-04-12,P022,Plant Pot,Outdoor,3,11.65,34.95,S003,C0049,Card
T003868,2025-05-11,P009,Coffee Beans,Food and Beverage,1,15.9,15.9,S002,C0128,Cash
T003869,2023-09-29,P013,Hand Soap,Household,4,4.93,19.72,S002,C0164,Cash
T003870,2023-05-25,P010,Tea Assortment,Food and Beverage,2,13.04,26.08,S001,C0279,Cash
T003871,2023-06-22,P003,Desk Organizer,Stationery,3,13.86,41.58,S003,C0126,Card
T003872,2024-01-10,P011,Reusable Water Bottle,Food and Beverage,4,18.6,74.4,S003,C0147,Card
T003873,2023-10-21,P005,Wireless Mouse,Electronics,2,25.23,50.46,S001,C0275,Bank Transfer
T003874,2025-08-27,P006,USB-C Hub,Electronics,1,34.83,34.83,S001,C0092,Card
T003875,2024-12-16,P022,Plant Pot,Outdoor,5,11.45,57.25,S002,C0065,UPI
T003876,2023-04-13,P001,Notebook,Stationery,2,8.92,17.84,S001,C0185,UPI
T003877,2025-02-22,P001,Notebook,Stationery,2,8.44,16.88,S004,C0221,UPI
T003878,2023-08-06,P013,Hand Soap,Household,1,4.48,4.48,S004,C0076,Card
T003879,2025-04-20,P010,Tea Assortment,Food and Beverage,3,12.5,37.5,S001,C0111,Cash
T003880,2023-04-21,P023,Hand Trowel,Outdoor,5,10.72,53.6,S002,C0234,Card
T003881,2024-04-22,P006,USB-C Hub,Electronics,5,36.09,180.45,S002,C0285,Card
T003882,2024-01-16,P019,Baseball Cap,Apparel,2,16.71,33.42,S001,C0269,UPI
T003883,2024-01-16,P006,USB-C Hub,Electronics,2,33.55,67.1,S001,C0131,Card
T003884,2023-07-16,P010,Tea Assortment,Food and Beverage,3,12.68,38.04,S003,C0079,Card
T003885,2025-05-18,P024,Watering Can,Outdoor,1,20.15,20.15,S002,C0149,Card
T003886,2023-12-15,P017,Cotton T-Shirt,Apparel,2,20.02,40.04,S001,C0017,UPI
T003887,2024-07-17,P014,Cleaning Spray,Household,3,6.86,20.58,S002,C0292,Card
T003888,2023-06-08,P007,Bluetooth Speaker,Electronics,2,50.61,101.22,S003,C0133,UPI
T003889,2024-06-01,P018,Canvas Tote Bag,Apparel,1,14.28,14.28,S001,C0104,Cash
T003890,2025-02-01,P003,Desk Organizer,Stationery,2,13.35,26.7,S002,C0140,UPI
T003891,2024-10-20,P023,Hand Trowel,Outdoor,1,10.59,10.59,S001,C0086,UPI
T003892,2025-10-20,P022,Plant Pot,Outdoor,1,11.29,11.29,S001,C0114,Card
T003893,2024-03-11,P010,Tea Assortment,Food and Beverage,2,12.53,25.06,S001,C0282,Cash
T003894,2025-07-23,P007,Bluetooth Speaker,Electronics,2,48.89,97.78,S003,C0158,Card
T003895,2023-04-14,P019,Baseball Cap,Apparel,3,16.01,48.03,S004,C0093,Cash
T003896,2025-09-25,P014,Cleaning Spray,Household,1,7.09,7.09,S004,C0134,UPI
T003897,2023-05-07,P004,Printer Paper,Stationery,2,6.95,13.9,S001,C0077,Card
T003898,2024-11-08,P018,Canvas Tote Bag,Apparel,1,13.7,13.7,S001,C0183,Cash
T003899,2025-04-14,P019,Baseball Cap,Apparel,4,16.74,66.96,S001,C0069,Card
T003900,2025-07-04,P019,Baseball Cap,Apparel,3,16.49,49.47,S003,C0140,Card
T003901,2023-11-03,P009,Coffee Beans,Food and Beverage,2,15.12,30.24,S004,C0165,Card
T003902,2024-11-19,P002,Ballpoint Pen Pack,Stationery,1,4.94,4.94,S001,C0137,UPI
T003903,2023-01-05,P024,Watering Can,Outdoor,6,20.08,120.48,S001,C0193,Card
T003904,2025-08-30,P006,USB-C Hub,Electronics,2,34.53,69.06,S003,C0002,Cash
T003905,2023-06-19,P010,Tea Assortment,Food and Beverage,6,13.18,79.08,S003,C0230,Card
T003906,2023-12-14,P013,Hand Soap,Household,2,4.66,9.32,S004,C0257,Cash
T003907,2023-10-04,P010,Tea Assortment,Food and Beverage,2,13.4,26.8,S002,C0123,UPI
T003908,2023-06-03,P009,Coffee Beans,Food and Beverage,1,15.12,15.12,S002,C0296,Cash
T003909,2023-09-09,P001,Notebook,Stationery,2,8.97,17.94,S002,C0241,Card
T003910,2024-07-27,P005,Wireless Mouse,Electronics,3,25.26,75.78,S001,C0165,UPI
T003911,2024-03-20,P024,Watering Can,Outdoor,1,20.46,20.46,S003,C0037,UPI
T003912,2023-04-04,P018,Canvas Tote Bag,Apparel,2,12.9,25.8,S001,C0076,UPI
T003913,2023-06-15,P016,LED Bulb Pack,Household,2,12.16,24.32,S001,C0236,UPI
T003914,2023-04-15,P020,Running Socks,Apparel,1,10.1,10.1,S003,C0063,Card
T003915,2024-07-12,P012,Snack Box,Food and Beverage,5,21.7,108.5,S001,C0165,Card
T003916,2024-02-16,P015,Storage Basket,Household,1,16.13,16.13,S002,C0122,Bank Transfer
T003917,2025-09-21,P005,Wireless Mouse,Electronics,3,24.68,74.04,S002,C0222,Card
T003918,2024-01-08,P015,Storage Basket,Household,1,15.56,15.56,S001,C0134,Cash
T003919,2023-09-06,P013,Hand Soap,Household,1,4.92,4.92,S004,C0159,UPI
T003920,2024-01-18,P006,USB-C Hub,Electronics,3,34.63,103.89,S004,C0021,Card
T003921,2025-05-05,P019,Baseball Cap,Apparel,1,16.05,16.05,S003,C0003,UPI
T003922,2024-07-10,P006,USB-C Hub,Electronics,4,32.54,130.16,S003,C0035,UPI
T003923,2025-05-02,P010,Tea Assortment,Food and Beverage,1,12.46,12.46,S004,C0054,UPI
T003924,2023-08-27,P013,Hand Soap,Household,2,4.64,9.28,S001,C0226,UPI
T003925,2023-01-07,P011,Reusable Water Bottle,Food and Beverage,1,17.44,17.44,S004,C0164,UPI
T003926,2024-04-29,P014,Cleaning Spray,Household,1,6.86,6.86,S002,C0204,UPI
T003927,2024-03-30,P019,Baseball Cap,Apparel,1,16.48,16.48,S001,C0244,UPI
T003928,2025-09-14,P008,Webcam,Electronics,2,56.09,112.18,S004,C0195,Cash
T003929,2023-08-06,P016,LED Bulb Pack,Household,1,11.87,11.87,S001,C0251,Card
T003930,2024-01-21,P004,Printer Paper,Stationery,1,6.57,6.57,S002,C0140,UPI
T003931,2024-11-25,P013,Hand Soap,Household,1,4.65,4.65,S001,C0108,Card
T003932,2025-05-14,P009,Coffee Beans,Food and Beverage,1,14.57,14.57,S003,C0054,UPI
T003933,2023-11-09,P007,Bluetooth Speaker,Electronics,2,49.3,98.6,S002,C0295,Card
T003934,2024-09-13,P009,Coffee Beans,Food and Beverage,4,14.6,58.4,S001,C0267,Card
T003935,2025-07-20,P024,Watering Can,Outdoor,1,21.56,21.56,S002,C0115,Card
T003936,2025-01-12,P020,Running Socks,Apparel,3,10.01,30.03,S002,C0251,Card
T003937,2025-08-09,P001,Notebook,Stationery,4,8.52,34.08,S001,C0064,Card
T003938,2024-08-14,P008,Webcam,Electronics,1,58.49,58.49,S001,C0260,Card
T003939,2024-07-12,P010,Tea Assortment,Food and Beverage,6,13.15,78.9,S004,C0010,Card
T003940,2023-03-21,P006,USB-C Hub,Electronics,2,34.28,68.56,S002,C0084,UPI
T003941,2025-05-31,P001,Notebook,Stationery,6,8.01,48.06,S004,C0183,Bank Transfer
T003942,2023-10-26,P008,Webcam,Electronics,1,55.47,55.47,S003,C0149,Bank Transfer
T003943,2024-03-07,P004,Printer Paper,Stationery,1,6.43,6.43,S001,C0195,UPI
T003944,2024-09-17,P010,Tea Assortment,Food and Beverage,5,12.32,61.6,S002,C0117,Cash
T003945,2025-06-18,P007,Bluetooth Speaker,Electronics,1,50.37,50.37,S002,C0219,Card
T003946,2025-03-27,P005,Wireless Mouse,Electronics,1,24.83,24.83,S003,C0009,UPI
T003947,2023-10-17,P005,Wireless Mouse,Electronics,2,25.53,51.06,S001,C0281,Card
T003948,2023-10-07,P009,Coffee Beans,Food and Beverage,3,15.24,45.72,S001,C0253,Card
T003949,2023-04-08,P002,Ballpoint Pen Pack,Stationery,2,5.49,10.98,S001,C0020,UPI
T003950,2025-09-08,P019,Baseball Cap,Apparel,3,15.25,45.75,S002,C0078,Bank Transfer
T003951,2024-04-01,P003,Desk Organizer,Stationery,3,13.58,40.74,S002,C0272,Bank Transfer
T003952,2024-07-18,P006,USB-C Hub,Electronics,6,34.42,206.52,S003,C0090,Cash
T003953,2025-12-04,P022,Plant Pot,Outdoor,1,12.53,12.53,S002,C0045,Card
T003954,2024-04-17,P013,Hand Soap,Household,1,4.8,4.8,S002,C0140,UPI
T003955,2024-08-12,P007,Bluetooth Speaker,Electronics,2,49.82,99.64,S002,C0268,UPI
T003956,2024-05-03,P010,Tea Assortment,Food and Beverage,3,12.54,37.62,S001,C0220,Card
T003957,2024-08-15,P012,Snack Box,Food and Beverage,1,21.44,21.44,S002,C0089,Card
T003958,2024-04-21,P004,Printer Paper,Stationery,3,6.65,19.95,S002,C0194,Card
T003959,2023-03-12,P007,Bluetooth Speaker,Electronics,2,47.55,95.1,S004,C0064,Cash
T003960,2023-05-27,P007,Bluetooth Speaker,Electronics,2,49.52,99.04,S002,C0033,Card
T003961,2023-06-12,P002,Ballpoint Pen Pack,Stationery,4,5.0,20.0,S003,C0035,Card
T003962,2024-02-08,P001,Notebook,Stationery,2,8.89,17.78,S002,C0140,Card
T003963,2023-01-02,P006,USB-C Hub,Electronics,4,35.37,141.48,S001,C0277,Card
T003964,2024-12-05,P004,Printer Paper,Stationery,3,7.14,21.42,S001,C0244,UPI
T003965,2023-07-08,P021,Garden Gloves,Outdoor,2,8.98,17.96,S004,C0176,Card
T003966,2024-12-27,P015,Storage Basket,Household,4,15.91,63.64,S001,C0165,Card
T003967,2023-06-14,P004,Printer Paper,Stationery,2,6.45,12.9,S004,C0020,Bank Transfer
T003968,2024-07-01,P004,Printer Paper,Stationery,3,7.0,21.0,S001,C0117,UPI
T003969,2025-09-19,P007,Bluetooth Speaker,Electronics,3,47.99,143.97,S001,C0135,Card
T003970,2024-04-05,P014,Cleaning Spray,Household,4,7.41,29.64,S004,C0289,Card
T003971,2024-07-29,P001,Notebook,Stationery,3,8.7,26.1,S004,C0169,Card
T003972,2023-07-21,P003,Desk Organizer,Stationery,1,14.21,14.21,S003,C0236,Card
T003973,2025-03-23,P018,Canvas Tote Bag,Apparel,2,12.76,25.52,S002,C0068,Cash
T003974,2024-11-13,P012,Snack Box,Food and Beverage,1,23.06,23.06,S003,C0100,Cash
T003975,2025-11-14,P013,Hand Soap,Household,4,4.48,17.92,S004,C0222,Card
T003976,2024-05-10,P010,Tea Assortment,Food and Beverage,4,12.26,49.04,S001,C0119,Cash
T003977,2024-01-05,P011,Reusable Water Bottle,Food and Beverage,4,18.53,74.12,S003,C0070,Cash
T003978,2024-08-24,P008,Webcam,Electronics,1,57.84,57.84,S004,C0299,UPI
T003979,2023-10-02,P005,Wireless Mouse,Electronics,1,24.9,24.9,S002,C0241,Cash
T003980,2025-10-06,P022,Plant Pot,Outdoor,1,11.32,11.32,S001,C0022,UPI
T003981,2024-06-20,P006,USB-C Hub,Electronics,3,34.3,102.9,S001,C0276,Card
T003982,2024-01-07,P016,LED Bulb Pack,Household,1,12.65,12.65,S001,C0074,UPI
T003983,2025-12-31,P018,Canvas Tote Bag,Apparel,1,14.25,14.25,S004,C0222,Card
T003984,2024-09-11,P018,Canvas Tote Bag,Apparel,1,13.94,13.94,S001,C0133,UPI
T003985,2025-12-16,P003,Desk Organizer,Stationery,6,13.83,82.98,S004,C0272,Card
T003986,2025-06-30,P001,Notebook,Stationery,3,8.73,26.19,S001,C0236,Bank Transfer
T003987,2024-05-10,P006,USB-C Hub,Electronics,2,33.76,67.52,S004,C0172,Bank Transfer
T003988,2024-07-26,P013,Hand Soap,Household,1,4.81,4.81,S001,C0249,Card
T003989,2024-08-12,P022,Plant Pot,Outdoor,2,11.89,23.78,S002,C0280,Cash
T003990,2025-05-20,P004,Printer Paper,Stationery,1,6.6,6.6,S003,C0164,Card
T003991,2025-07-05,P023,Hand Trowel,Outdoor,1,10.86,10.86,S001,C0153,Card
T003992,2024-09-22,P011,Reusable Water Bottle,Food and Beverage,1,18.62,18.62,S002,C0238,UPI
T003993,2025-09-27,P009,Coffee Beans,Food and Beverage,4,14.79,59.16,S004,C0214,UPI
T003994,2025-10-26,P015,Storage Basket,Household,1,16.45,16.45,S001,C0171,Card
T003995,2024-03-22,P022,Plant Pot,Outdoor,4,11.54,46.16,S003,C0219,Card
T003996,2024-01-29,P010,Tea Assortment,Food and Beverage,3,12.31,36.93,S001,C0259,Card
T003997,2024-08-08,P008,Webcam,Electronics,1,58.61,58.61,S003,C0219,UPI
T003998,2023-10-10,P021,Garden Gloves,Outdoor,1,9.29,9.29,S001,C0021,UPI
T003999,2024-03-23,P010,Tea Assortment,Food and Beverage,2,12.78,25.56,S001,C0049,Cash
T004000,2024-05-12,P016,LED Bulb Pack,Household,1,12.48,12.48,S002,C0020,Card
T004001,2024-09-19,P023,Hand Trowel,Outdoor,1,10.02,10.02,S001,C0145,Card
T004002,2023-03-14,P019,Baseball Cap,Apparel,2,16.92,33.84,S003,C0268,Cash
T004003,2024-07-07,P016,LED Bulb Pack,Household,6,11.5,69.0,S001,C0134,UPI
T004004,2025-03-08,P007,Bluetooth Speaker,Electronics,4,49.79,199.16,S003,C0018,Card
T004005,2023-03-29,P013,Hand Soap,Household,1,4.95,4.95,S003,C0133,Card
T004006,2023-07-28,P022,Plant Pot,Outdoor,4,11.38,45.52,S004,C0074,Cash
T004007,2025-09-08,P002,Ballpoint Pen Pack,Stationery,3,5.49,16.47,S002,C0072,Card
T004008,2025-08-12,P021,Garden Gloves,Outdoor,1,9.53,9.53,S004,C0258,UPI
T004009,2024-11-23,P003,Desk Organizer,Stationery,1,13.51,13.51,S002,C0009,UPI
T004010,2025-08-27,P021,Garden Gloves,Outdoor,1,9.21,9.21,S003,C0274,UPI
T004011,2023-09-24,P024,Watering Can,Outdoor,3,20.2,60.6,S003,C0129,Cash
T004012,2023-10-16,P005,Wireless Mouse,Electronics,1,25.34,25.34,S001,C0030,Card
T004013,2023-05-30,P004,Printer Paper,Stationery,2,7.09,14.18,S003,C0277,UPI
T004014,2024-09-14,P001,Notebook,Stationery,3,8.66,25.98,S003,C0035,Card
T004015,2024-04-26,P003,Desk Organizer,Stationery,2,13.98,27.96,S002,C0224,Bank Transfer
T004016,2023-09-03,P002,Ballpoint Pen Pack,Stationery,1,5.14,5.14,S001,C0248,UPI
T004017,2025-01-12,P012,Snack Box,Food and Beverage,4,21.34,85.36,S001,C0273,Card
T004018,2024-07-13,P018,Canvas Tote Bag,Apparel,2,13.73,27.46,S001,C0220,Card
T004019,2023-08-01,P004,Printer Paper,Stationery,1,6.53,6.53,S004,C0139,Card
T004020,2023-02-26,P017,Cotton T-Shirt,Apparel,1,20.69,20.69,S001,C0298,UPI
T004021,2025-08-06,P002,Ballpoint Pen Pack,Stationery,2,5.25,10.5,S003,C0118,Cash
T004022,2025-11-15,P006,USB-C Hub,Electronics,2,33.1,66.2,S002,C0139,Card
T004023,2023-08-09,P006,USB-C Hub,Electronics,2,35.87,71.74,S004,C0055,Card
T004024,2023-04-13,P001,Notebook,Stationery,1,8.15,8.15,S002,C0263,UPI
T004025,2023-08-29,P003,Desk Organizer,Stationery,2,13.49,26.98,S004,C0006,Bank Transfer
T004026,2024-01-04,P005,Wireless Mouse,Electronics,3,25.68,77.04,S003,C0253,Card
T004027,2024-08-02,P018,Canvas Tote Bag,Apparel,1,13.05,13.05,S004,C0190,UPI
T004028,2023-02-26,P005,Wireless Mouse,Electronics,2,23.96,47.92,S004,C0278,UPI
T004029,2025-08-03,P020,Running Socks,Apparel,4,10.55,42.2,S003,C0058,Card
T004030,2025-02-17,P011,Reusable Water Bottle,Food and Beverage,3,17.16,51.48,S002,C0155,Bank Transfer
T004031,2023-11-01,P013,Hand Soap,Household,1,4.59,4.59,S004,C0103,Card
T004032,2023-10-18,P021,Garden Gloves,Outdoor,5,8.83,44.15,S004,C0140,Card
T004033,2025-11-26,P011,Reusable Water Bottle,Food and Beverage,2,18.49,36.98,S001,C0158,UPI
T004034,2024-12-05,P004,Printer Paper,Stationery,3,6.9,20.7,S004,C0238,UPI
T004035,2024-12-15,P023,Hand Trowel,Outdoor,1,11.08,11.08,S002,C0129,Card
T004036,2023-02-16,P003,Desk Organizer,Stationery,1,14.57,14.57,S004,C0015,Card
T004037,2025-01-30,P010,Tea Assortment,Food and Beverage,4,12.46,49.84,S001,C0155,Card
T004038,2025-09-27,P005,Wireless Mouse,Electronics,1,25.75,25.75,S002,C0013,Card
T004039,2024-03-16,P019,Baseball Cap,Apparel,2,15.74,31.48,S001,C0005,Cash
T004040,2024-09-02,P021,Garden Gloves,Outdoor,1,9.25,9.25,S002,C0170,UPI
T004041,2023-09-14,P009,Coffee Beans,Food and Beverage,2,15.0,30.0,S001,C0213,Card
T004042,2025-06-13,P014,Cleaning Spray,Household,3,6.97,20.91,S002,C0300,Card
T004043,2023-09-25,P014,Cleaning Spray,Household,4,6.96,27.84,S002,C0056,UPI
T004044,2025-08-07,P004,Printer Paper,Stationery,4,6.35,25.4,S002,C0294,Cash
T004045,2025-03-19,P013,Hand Soap,Household,1,4.84,4.84,S001,C0030,Card
T004046,2024-01-14,P005,Wireless Mouse,Electronics,1,26.25,26.25,S003,C0050,Bank Transfer
T004047,2025-05-16,P003,Desk Organizer,Stationery,2,14.21,28.42,S001,C0147,Card
T004048,2024-10-08,P002,Ballpoint Pen Pack,Stationery,2,5.5,11.0,S002,C0266,Card
T004049,2024-08-26,P024,Watering Can,Outdoor,3,20.09,60.27,S002,C0229,UPI
T004050,2023-05-17,P016,LED Bulb Pack,Household,1,11.7,11.7,S002,C0292,Card
T004051,2024-07-20,P009,Coffee Beans,Food and Beverage,3,16.26,48.78,S003,C0248,UPI
T004052,2023-06-18,P007,Bluetooth Speaker,Electronics,1,50.04,50.04,S004,C0188,Card
T004053,2025-05-23,P010,Tea Assortment,Food and Beverage,1,12.47,12.47,S004,C0214,Card
T004054,2024-03-30,P024,Watering Can,Outdoor,2,21.14,42.28,S004,C0032,Card
T004055,2023-09-25,P003,Desk Organizer,Stationery,1,13.19,13.19,S001,C0045,Card
T004056,2025-09-08,P021,Garden Gloves,Outdoor,2,9.34,18.68,S002,C0105,Card
T004057,2024-03-17,P004,Printer Paper,Stationery,2,6.65,13.3,S002,C0110,Bank Transfer
T004058,2025-08-17,P018,Canvas Tote Bag,Apparel,1,13.4,13.4,S001,C0194,Cash
T004059,2023-06-11,P005,Wireless Mouse,Electronics,3,23.71,71.13,S001,C0089,Bank Transfer
T004060,2024-10-19,P011,Reusable Water Bottle,Food and Beverage,1,18.56,18.56,S002,C0293,Card
T004061,2024-01-28,P004,Printer Paper,Stationery,4,7.04,28.16,S002,C0261,Card
T004062,2025-01-31,P015,Storage Basket,Household,5,16.44,82.2,S002,C0275,Card
T004063,2023-06-09,P005,Wireless Mouse,Electronics,2,24.23,48.46,S004,C0153,Card
T004064,2025-06-16,P010,Tea Assortment,Food and Beverage,5,12.79,63.95,S002,C0051,UPI
T004065,2024-02-10,P015,Storage Basket,Household,2,15.71,31.42,S001,C0103,Cash
T004066,2024-11-08,P012,Snack Box,Food and Beverage,1,22.96,22.96,S003,C0154,Card
T004067,2023-10-28,P019,Baseball Cap,Apparel,3,15.1,45.3,S003,C0061,Card
T004068,2024-05-19,P002,Ballpoint Pen Pack,Stationery,1,5.39,5.39,S003,C0236,UPI
T004069,2025-05-11,P005,Wireless Mouse,Electronics,3,24.86,74.58,S002,C0195,Cash
T004070,2024-03-02,P017,Cotton T-Shirt,Apparel,1,20.84,20.84,S002,C0041,Card
T004071,2024-04-18,P019,Baseball Cap,Apparel,2,15.24,30.48,S003,C0086,Card
T004072,2024-05-13,P002,Ballpoint Pen Pack,Stationery,1,4.98,4.98,S001,C0178,Card
T004073,2023-10-19,P019,Baseball Cap,Apparel,1,15.61,15.61,S004,C0175,Card
T004074,2023-03-05,P016,LED Bulb Pack,Household,3,11.65,34.95,S003,C0077,Cash
T004075,2024-06-25,P021,Garden Gloves,Outdoor,2,9.48,18.96,S001,C0286,Card
T004076,2023-10-16,P017,Cotton T-Shirt,Apparel,4,20.12,80.48,S001,C0140,Cash
T004077,2024-08-24,P022,Plant Pot,Outdoor,1,11.43,11.43,S004,C0130,Cash
T004078,2024-07-03,P009,Coffee Beans,Food and Beverage,1,15.65,15.65,S001,C0035,Card
T004079,2023-11-14,P005,Wireless Mouse,Electronics,1,24.75,24.75,S002,C0244,Bank Transfer
T004080,2023-07-26,P003,Desk Organizer,Stationery,1,13.76,13.76,S001,C0279,UPI
T004081,2024-04-20,P009,Coffee Beans,Food and Beverage,4,15.99,63.96,S002,C0229,UPI
T004082,2025-05-04,P005,Wireless Mouse,Electronics,1,26.13,26.13,S001,C0292,UPI
T004083,2023-12-12,P015,Storage Basket,Household,1,16.88,16.88,S004,C0236,UPI
T004084,2025-09-04,P006,USB-C Hub,Electronics,1,35.94,35.94,S004,C0222,Cash
T004085,2023-10-10,P010,Tea Assortment,Food and Beverage,2,13.21,26.42,S002,C0190,UPI
T004086,2023-08-18,P013,Hand Soap,Household,2,4.57,9.14,S003,C0091,Cash
T004087,2023-09-25,P002,Ballpoint Pen Pack,Stationery,2,5.46,10.92,S004,C0289,Cash
T004088,2025-06-25,P007,Bluetooth Speaker,Electronics,1,48.22,48.22,S003,C0185,UPI
T004089,2025-06-28,P006,USB-C Hub,Electronics,2,32.5,65.0,S002,C0025,Card
T004090,2024-04-26,P001,Notebook,Stationery,2,8.31,16.62,S003,C0179,Card
T004091,2023-07-16,P013,Hand Soap,Household,2,4.72,9.44,S001,C0114,Card
T004092,2023-09-28,P024,Watering Can,Outdoor,2,21.09,42.18,S003,C0187,Bank Transfer
T004093,2023-07-28,P001,Notebook,Stationery,2,8.4,16.8,S002,C0108,UPI
T004094,2023-11-24,P006,USB-C Hub,Electronics,3,34.39,103.17,S003,C0281,Card
T004095,2024-10-07,P010,Tea Assortment,Food and Beverage,2,12.4,24.8,S001,C0273,Card
T004096,2023-11-01,P016,LED Bulb Pack,Household,5,12.27,61.35,S003,C0037,UPI
T004097,2024-02-03,P004,Printer Paper,Stationery,3,6.45,19.35,S004,C0224,Card
T004098,2024-04-05,P019,Baseball Cap,Apparel,1,15.49,15.49,S001,C0019,UPI
T004099,2023-11-01,P023,Hand Trowel,Outdoor,2,10.31,20.62,S001,C0179,UPI
T004100,2024-08-08,P016,LED Bulb Pack,Household,4,12.3,49.2,S001,C0189,Cash
T004101,2023-01-07,P018,Canvas Tote Bag,Apparel,1,13.18,13.18,S001,C0247,UPI
T004102,2025-07-05,P007,Bluetooth Speaker,Electronics,1,49.0,49.0,S003,C0158,Card
T004103,2023-12-25,P013,Hand Soap,Household,4,4.74,18.96,S002,C0248,Card
T004104,2024-01-25,P005,Wireless Mouse,Electronics,1,24.38,24.38,S002,C0173,UPI
T004105,2025-10-12,P009,Coffee Beans,Food and Beverage,2,15.14,30.28,S002,C0172,Cash
T004106,2023-08-17,P003,Desk Organizer,Stationery,1,13.57,13.57,S002,C0112,UPI
T004107,2024-02-13,P015,Storage Basket,Household,5,17.0,85.0,S003,C0256,UPI
T004108,2025-11-17,P024,Watering Can,Outdoor,2,21.91,43.82,S001,C0066,Card
T004109,2023-09-03,P021,Garden Gloves,Outdoor,3,8.49,25.47,S001,C0201,Card
T004110,2024-05-31,P009,Coffee Beans,Food and Beverage,2,14.59,29.18,S004,C0203,Card
T004111,2025-12-06,P022,Plant Pot,Outdoor,1,11.39,11.39,S002,C0041,Bank Transfer
T004112,2024-01-31,P004,Printer Paper,Stationery,1,6.54,6.54,S002,C0015,UPI
T004113,2023-02-04,P019,Baseball Cap,Apparel,4,16.47,65.88,S003,C0173,Cash
T004114,2025-12-11,P023,Hand Trowel,Outdoor,6,10.22,61.32,S003,C0111,Bank Transfer
T004115,2023-02-21,P011,Reusable Water Bottle,Food and Beverage,3,18.08,54.24,S001,C0161,Cash
T004116,2023-12-06,P002,Ballpoint Pen Pack,Stationery,1,5.39,5.39,S003,C0281,Card
T004117,2025-09-26,P017,Cotton T-Shirt,Apparel,3,20.01,60.03,S004,C0098,Cash
T004118,2023-09-17,P001,Notebook,Stationery,6,8.38,50.28,S004,C0289,Card
T004119,2025-12-25,P004,Printer Paper,Stationery,2,6.95,13.9,S003,C0017,UPI
T004120,2024-03-15,P013,Hand Soap,Household,2,4.57,9.14,S004,C0182,Cash
T004121,2023-03-19,P002,Ballpoint Pen Pack,Stationery,2,5.38,10.76,S003,C0288,UPI
T004122,2023-03-02,P019,Baseball Cap,Apparel,3,16.03,48.09,S001,C0114,Card
T004123,2023-01-15,P011,Reusable Water Bottle,Food and Beverage,1,16.95,16.95,S001,C0202,Card
T004124,2024-09-26,P012,Snack Box,Food and Beverage,1,22.33,22.33,S003,C0258,Card
T004125,2025-05-31,P003,Desk Organizer,Stationery,3,13.47,40.41,S002,C0091,Cash
T004126,2023-05-21,P021,Garden Gloves,Outdoor,1,9.06,9.06,S004,C0164,Card
T004127,2025-04-26,P006,USB-C Hub,Electronics,1,36.44,36.44,S003,C0041,Card
T004128,2024-10-16,P023,Hand Trowel,Outdoor,2,10.04,20.08,S003,C0086,Bank Transfer
T004129,2025-06-28,P024,Watering Can,Outdoor,2,20.44,40.88,S004,C0206,Card
T004130,2025-04-01,P015,Storage Basket,Household,4,15.52,62.08,S001,C0212,Cash
T004131,2025-03-04,P021,Garden Gloves,Outdoor,4,8.85,35.4,S001,C0008,Card
T004132,2025-07-26,P008,Webcam,Electronics,3,60.0,180.0,S004,C0194,Bank Transfer
T004133,2024-04-01,P005,Wireless Mouse,Electronics,2,25.82,51.64,S001,C0009,Card
T004134,2023-12-29,P017,Cotton T-Shirt,Apparel,5,20.82,104.1,S003,C0240,Card
T004135,2025-01-30,P018,Canvas Tote Bag,Apparel,1,13.32,13.32,S001,C0103,UPI
T004136,2023-12-09,P020,Running Socks,Apparel,1,9.79,9.79,S001,C0151,UPI
T004137,2023-06-14,P014,Cleaning Spray,Household,2,6.85,13.7,S003,C0187,Bank Transfer
T004138,2023-10-09,P007,Bluetooth Speaker,Electronics,1,48.72,48.72,S004,C0251,Card
T004139,2024-08-14,P010,Tea Assortment,Food and Beverage,3,12.22,36.66,S003,C0281,Bank Transfer
T004140,2024-07-15,P001,Notebook,Stationery,2,8.13,16.26,S004,C0206,Card
T004141,2025-01-31,P002,Ballpoint Pen Pack,Stationery,2,4.94,9.88,S002,C0140,UPI
T004142,2024-09-20,P008,Webcam,Electronics,1,60.17,60.17,S002,C0080,Bank Transfer
T004143,2025-07-24,P018,Canvas Tote Bag,Apparel,2,14.3,28.6,S003,C0054,Card
T004144,2024-10-22,P012,Snack Box,Food and Beverage,1,22.34,22.34,S001,C0059,Card
T004145,2023-03-13,P006,USB-C Hub,Electronics,1,32.67,32.67,S001,C0202,Cash
T004146,2024-06-05,P007,Bluetooth Speaker,Electronics,3,48.95,146.85,S003,C0289,UPI
T004147,2024-09-16,P018,Canvas Tote Bag,Apparel,5,13.69,68.45,S002,C0246,Card
T004148,2024-06-23,P011,Reusable Water Bottle,Food and Beverage,2,18.33,36.66,S004,C0280,Card
T004149,2025-03-30,P020,Running Socks,Apparel,3,9.77,29.31,S001,C0067,Card
T004150,2023-01-19,P002,Ballpoint Pen Pack,Stationery,1,5.55,5.55,S002,C0227,UPI
T004151,2023-12-20,P012,Snack Box,Food and Beverage,1,23.62,23.62,S003,C0217,Cash
T004152,2025-04-22,P012,Snack Box,Food and Beverage,5,21.17,105.85,S001,C0113,UPI
T004153,2025-02-15,P016,LED Bulb Pack,Household,3,12.35,37.05,S002,C0094,Card
T004154,2025-10-13,P007,Bluetooth Speaker,Electronics,1,49.93,49.93,S001,C0189,Card
T004155,2025-10-28,P011,Reusable Water Bottle,Food and Beverage,4,18.18,72.72,S001,C0177,UPI
T004156,2024-08-30,P009,Coffee Beans,Food and Beverage,3,16.16,48.48,S003,C0141,Cash
T004157,2025-01-15,P022,Plant Pot,Outdoor,2,12.67,25.34,S003,C0157,Card
T004158,2025-02-13,P008,Webcam,Electronics,1,61.34,61.34,S002,C0234,UPI
T004159,2024-05-01,P020,Running Socks,Apparel,4,9.94,39.76,S003,C0248,Card
T004160,2024-04-06,P005,Wireless Mouse,Electronics,1,23.77,23.77,S003,C0190,Card
T004161,2025-06-05,P013,Hand Soap,Household,2,4.96,9.92,S003,C0295,Card
T004162,2023-03-27,P007,Bluetooth Speaker,Electronics,3,52.4,157.2,S002,C0019,UPI
T004163,2024-01-19,P009,Coffee Beans,Food and Beverage,5,15.7,78.5,S004,C0071,UPI
T004164,2025-08-29,P015,Storage Basket,Household,1,16.71,16.71,S001,C0297,UPI
T004165,2025-08-21,P016,LED Bulb Pack,Household,4,11.96,47.84,S002,C0283,Card
T004166,2025-11-14,P006,USB-C Hub,Electronics,3,35.38,106.14,S003,C0124,Card
T004167,2024-06-22,P011,Reusable Water Bottle,Food and Beverage,2,17.81,35.62,S002,C0147,Card
T004168,2023-07-07,P001,Notebook,Stationery,3,8.93,26.79,S001,C0049,Card
T004169,2023-11-30,P009,Coffee Beans,Food and Beverage,4,14.78,59.12,S001,C0117,Card
T004170,2023-04-19,P006,USB-C Hub,Electronics,1,34.23,34.23,S001,C0127,Card
T004171,2025-10-23,P018,Canvas Tote Bag,Apparel,1,12.8,12.8,S004,C0225,UPI
T004172,2025-04-18,P007,Bluetooth Speaker,Electronics,1,52.09,52.09,S004,C0041,UPI
T004173,2024-08-26,P013,Hand Soap,Household,1,4.98,4.98,S004,C0069,UPI
T004174,2024-02-20,P020,Running Socks,Apparel,2,10.47,20.94,S001,C0017,Card
T004175,2023-06-28,P016,LED Bulb Pack,Household,3,12.05,36.15,S003,C0099,UPI
T004176,2025-11-03,P002,Ballpoint Pen Pack,Stationery,3,5.15,15.45,S004,C0038,UPI
T004177,2024-12-18,P011,Reusable Water Bottle,Food and Beverage,1,18.03,18.03,S001,C0074,UPI
T004178,2024-10-13,P003,Desk Organizer,Stationery,2,13.21,26.42,S001,C0092,Card
T004179,2024-01-19,P021,Garden Gloves,Outdoor,3,8.84,26.52,S004,C0008,UPI
T004180,2023-02-09,P001,Notebook,Stationery,2,8.27,16.54,S003,C0283,Bank Transfer
T004181,2023-05-21,P023,Hand Trowel,Outdoor,3,10.83,32.49,S001,C0293,Bank Transfer
T004182,2025-05-07,P010,Tea Assortment,Food and Beverage,3,13.2,39.6,S004,C0041,Card
T004183,2024-09-27,P013,Hand Soap,Household,5,4.99,24.95,S001,C0293,Card
T004184,2024-03-20,P017,Cotton T-Shirt,Apparel,1,20.3,20.3,S003,C0155,Card
T004185,2025-07-04,P002,Ballpoint Pen Pack,Stationery,3,5.27,15.81,S002,C0267,UPI
T004186,2024-12-31,P008,Webcam,Electronics,6,61.58,369.48,S003,C0206,UPI
T004187,2024-08-11,P009,Coffee Beans,Food and Beverage,6,15.53,93.18,S003,C0290,Card
T004188,2025-05-02,P015,Storage Basket,Household,2,17.04,34.08,S002,C0054,UPI
T004189,2023-07-25,P010,Tea Assortment,Food and Beverage,3,12.73,38.19,S002,C0128,UPI
T004190,2025-03-10,P003,Desk Organizer,Stationery,1,13.4,13.4,S002,C0008,Bank Transfer
T004191,2025-04-22,P012,Snack Box,Food and Beverage,1,23.16,23.16,S003,C0053,Bank Transfer
T004192,2025-09-08,P007,Bluetooth Speaker,Electronics,1,51.41,51.41,S003,C0075,Cash
T004193,2025-10-13,P012,Snack Box,Food and Beverage,1,22.79,22.79,S002,C0032,UPI
T004194,2023-09-09,P006,USB-C Hub,Electronics,1,33.29,33.29,S001,C0287,Cash
T004195,2024-11-26,P015,Storage Basket,Household,1,16.4,16.4,S002,C0164,Card
T004196,2023-10-09,P009,Coffee Beans,Food and Beverage,1,14.99,14.99,S003,C0229,UPI
T004197,2023-03-30,P016,LED Bulb Pack,Household,6,11.45,68.7,S001,C0216,UPI
T004198,2024-10-12,P009,Coffee Beans,Food and Beverage,2,15.68,31.36,S004,C0107,UPI
T004199,2023-12-13,P018,Canvas Tote Bag,Apparel,2,13.2,26.4,S001,C0072,Card
T004200,2025-10-27,P020,Running Socks,Apparel,3,10.24,30.72,S002,C0101,UPI
T004201,2023-04-01,P006,USB-C Hub,Electronics,3,32.77,98.31,S001,C0092,Card
T004202,2025-03-17,P016,LED Bulb Pack,Household,1,12.17,12.17,S003,C0093,Cash
T004203,2023-03-20,P005,Wireless Mouse,Electronics,1,25.6,25.6,S001,C0087,UPI
T004204,2023-12-30,P023,Hand Trowel,Outdoor,2,10.89,21.78,S001,C0130,Cash
T004205,2023-09-06,P010,Tea Assortment,Food and Beverage,5,12.3,61.5,S003,C0281,Card
T004206,2023-11-18,P001,Notebook,Stationery,1,8.73,8.73,S002,C0180,Bank Transfer
T004207,2023-01-06,P008,Webcam,Electronics,3,59.98,179.94,S003,C0225,UPI
T004208,2023-06-03,P004,Printer Paper,Stationery,2,6.62,13.24,S001,C0088,UPI
T004209,2024-03-06,P005,Wireless Mouse,Electronics,1,25.26,25.26,S001,C0032,Card
T004210,2024-09-10,P019,Baseball Cap,Apparel,4,16.78,67.12,S003,C0214,Card
T004211,2025-11-13,P013,Hand Soap,Household,1,4.57,4.57,S001,C0033,Cash
T004212,2024-03-19,P001,Notebook,Stationery,1,8.67,8.67,S003,C0061,Cash
T004213,2023-09-13,P010,Tea Assortment,Food and Beverage,3,13.32,39.96,S002,C0166,UPI
T004214,2025-02-03,P001,Notebook,Stationery,1,8.34,8.34,S002,C0253,Card
T004215,2023-09-06,P013,Hand Soap,Household,1,4.99,4.99,S002,C0256,UPI
T004216,2023-07-22,P004,Printer Paper,Stationery,1,6.76,6.76,S001,C0230,UPI
T004217,2023-04-22,P015,Storage Basket,Household,1,16.25,16.25,S003,C0016,Cash
T004218,2024-07-04,P024,Watering Can,Outdoor,1,21.47,21.47,S001,C0066,Card
T004219,2023-04-06,P007,Bluetooth Speaker,Electronics,3,52.61,157.83,S001,C0261,Card
T004220,2023-11-17,P005,Wireless Mouse,Electronics,2,23.51,47.02,S003,C0233,Card
T004221,2024-06-13,P022,Plant Pot,Outdoor,2,12.01,24.02,S004,C0080,Card
T004222,2023-01-28,P011,Reusable Water Bottle,Food and Beverage,2,17.82,35.64,S001,C0224,Cash
T004223,2023-05-29,P024,Watering Can,Outdoor,1,21.42,21.42,S002,C0098,Card
T004224,2023-01-11,P009,Coffee Beans,Food and Beverage,1,14.82,14.82,S004,C0089,Cash
T004225,2024-01-29,P020,Running Socks,Apparel,1,9.47,9.47,S001,C0229,Card
T004226,2024-07-07,P010,Tea Assortment,Food and Beverage,4,12.03,48.12,S004,C0167,UPI
T004227,2024-07-23,P012,Snack Box,Food and Beverage,1,23.4,23.4,S001,C0103,UPI
T004228,2025-04-23,P009,Coffee Beans,Food and Beverage,6,15.62,93.72,S002,C0135,Card
T004229,2024-04-14,P017,Cotton T-Shirt,Apparel,6,20.25,121.5,S001,C0094,Cash
T004230,2023-12-26,P008,Webcam,Electronics,1,56.49,56.49,S004,C0300,UPI
T004231,2025-08-22,P005,Wireless Mouse,Electronics,1,24.04,24.04,S001,C0250,UPI
T004232,2023-02-21,P018,Canvas Tote Bag,Apparel,6,14.13,84.78,S003,C0027,Card
T004233,2024-09-04,P010,Tea Assortment,Food and Beverage,2,13.19,26.38,S002,C0180,UPI
T004234,2024-05-15,P012,Snack Box,Food and Beverage,1,22.95,22.95,S004,C0057,UPI
T004235,2025-12-31,P002,Ballpoint Pen Pack,Stationery,1,4.98,4.98,S004,C0067,UPI
T004236,2025-01-24,P006,USB-C Hub,Electronics,2,33.28,66.56,S004,C0078,UPI
T004237,2025-09-28,P017,Cotton T-Shirt,Apparel,2,20.99,41.98,S001,C0277,Card
T004238,2023-08-21,P005,Wireless Mouse,Electronics,5,24.86,124.3,S002,C0092,Cash
T004239,2023-01-23,P013,Hand Soap,Household,2,4.7,9.4,S003,C0199,Cash
T004240,2024-10-18,P010,Tea Assortment,Food and Beverage,4,13.37,53.48,S003,C0090,Card
T004241,2024-11-25,P017,Cotton T-Shirt,Apparel,3,18.94,56.82,S004,C0277,UPI
T004242,2023-07-24,P011,Reusable Water Bottle,Food and Beverage,1,17.44,17.44,S001,C0169,Card
T004243,2023-08-29,P001,Notebook,Stationery,1,8.93,8.93,S001,C0300,Card
T004244,2025-10-21,P002,Ballpoint Pen Pack,Stationery,2,5.56,11.12,S001,C0285,Card
T004245,2023-12-15,P017,Cotton T-Shirt,Apparel,3,20.74,62.22,S002,C0159,Card
T004246,2024-09-28,P014,Cleaning Spray,Household,5,7.3,36.5,S003,C0247,Bank Transfer
T004247,2023-12-27,P009,Coffee Beans,Food and Beverage,1,15.49,15.49,S003,C0221,Card
T004248,2024-11-23,P023,Hand Trowel,Outdoor,1,11.07,11.07,S003,C0040,UPI
T004249,2024-03-14,P009,Coffee Beans,Food and Beverage,4,15.78,63.12,S003,C0209,Cash
T004250,2024-02-07,P023,Hand Trowel,Outdoor,4,10.49,41.96,S003,C0057,UPI
T004251,2024-12-21,P017,Cotton T-Shirt,Apparel,1,20.45,20.45,S002,C0115,UPI
T004252,2023-11-05,P002,Ballpoint Pen Pack,Stationery,1,5.11,5.11,S004,C0113,Card
T004253,2025-09-07,P005,Wireless Mouse,Electronics,3,25.57,76.71,S004,C0150,Cash
T004254,2023-10-23,P002,Ballpoint Pen Pack,Stationery,1,5.53,5.53,S003,C0077,Bank Transfer
T004255,2025-11-14,P015,Storage Basket,Household,4,17.17,68.68,S001,C0176,Card
T004256,2024-08-16,P015,Storage Basket,Household,3,16.21,48.63,S001,C0189,Card
T004257,2024-02-27,P003,Desk Organizer,Stationery,4,14.75,59.0,S004,C0109,UPI
T004258,2025-11-21,P005,Wireless Mouse,Electronics,3,23.87,71.61,S004,C0079,UPI
T004259,2025-05-29,P022,Plant Pot,Outdoor,1,11.29,11.29,S001,C0272,UPI
T004260,2025-05-28,P017,Cotton T-Shirt,Apparel,2,20.35,40.7,S004,C0064,UPI
T004261,2023-12-21,P013,Hand Soap,Household,1,4.52,4.52,S003,C0013,Card
T004262,2023-05-20,P024,Watering Can,Outdoor,2,20.79,41.58,S004,C0130,UPI
T004263,2023-03-19,P013,Hand Soap,Household,1,4.71,4.71,S002,C0117,UPI
T004264,2023-03-13,P012,Snack Box,Food and Beverage,5,22.64,113.2,S002,C0067,Card
T004265,2025-07-07,P018,Canvas Tote Bag,Apparel,3,13.91,41.73,S001,C0060,Card
T004266,2025-10-18,P017,Cotton T-Shirt,Apparel,1,19.42,19.42,S003,C0080,Card
T004267,2025-12-03,P006,USB-C Hub,Electronics,4,33.98,135.92,S001,C0094,Card
T004268,2025-08-14,P002,Ballpoint Pen Pack,Stationery,3,5.49,16.47,S002,C0180,UPI
T004269,2024-11-10,P005,Wireless Mouse,Electronics,4,25.84,103.36,S004,C0127,Card
T004270,2024-04-15,P013,Hand Soap,Household,1,4.63,4.63,S002,C0233,Card
T004271,2024-11-08,P006,USB-C Hub,Electronics,3,32.76,98.28,S003,C0174,Card
T004272,2025-02-09,P006,USB-C Hub,Electronics,4,33.15,132.6,S001,C0108,Card
T004273,2024-12-31,P008,Webcam,Electronics,2,57.34,114.68,S001,C0240,UPI
T004274,2025-05-24,P017,Cotton T-Shirt,Apparel,3,20.95,62.85,S004,C0243,Bank Transfer
T004275,2024-06-16,P014,Cleaning Spray,Household,5,7.0,35.0,S001,C0066,Cash
T004276,2023-12-22,P010,Tea Assortment,Food and Beverage,2,12.04,24.08,S003,C0243,Bank Transfer
T004277,2024-08-03,P002,Ballpoint Pen Pack,Stationery,5,5.22,26.1,S002,C0022,Cash
T004278,2024-01-01,P003,Desk Organizer,Stationery,5,14.58,72.9,S004,C0236,Bank Transfer
T004279,2025-04-12,P007,Bluetooth Speaker,Electronics,5,47.99,239.95,S003,C0101,Card
T004280,2023-08-19,P004,Printer Paper,Stationery,4,6.67,26.68,S002,C0122,UPI
T004281,2023-03-21,P003,Desk Organizer,Stationery,3,13.86,41.58,S001,C0237,UPI
T004282,2024-06-30,P018,Canvas Tote Bag,Apparel,1,13.84,13.84,S003,C0120,UPI
T004283,2023-10-06,P004,Printer Paper,Stationery,1,6.61,6.61,S003,C0141,UPI
T004284,2024-01-17,P003,Desk Organizer,Stationery,2,14.76,29.52,S002,C0095,UPI
T004285,2023-02-02,P003,Desk Organizer,Stationery,4,13.52,54.08,S002,C0186,UPI
T004286,2024-03-02,P005,Wireless Mouse,Electronics,1,24.1,24.1,S002,C0196,Card
T004287,2025-03-28,P007,Bluetooth Speaker,Electronics,2,49.05,98.1,S004,C0093,UPI
T004288,2024-09-20,P021,Garden Gloves,Outdoor,2,9.08,18.16,S002,C0189,UPI
T004289,2024-09-15,P009,Coffee Beans,Food and Beverage,1,14.95,14.95,S001,C0082,Cash
T004290,2025-11-06,P005,Wireless Mouse,Electronics,6,25.54,153.24,S002,C0105,UPI
T004291,2025-08-10,P018,Canvas Tote Bag,Apparel,1,13.4,13.4,S002,C0017,UPI
T004292,2025-06-19,P003,Desk Organizer,Stationery,1,14.71,14.71,S002,C0007,UPI
T004293,2023-07-06,P010,Tea Assortment,Food and Beverage,1,12.33,12.33,S001,C0174,Card
T004294,2023-07-20,P006,USB-C Hub,Electronics,2,32.51,65.02,S004,C0300,Card
T004295,2025-10-24,P011,Reusable Water Bottle,Food and Beverage,3,18.38,55.14,S002,C0166,Bank Transfer
T004296,2025-03-02,P009,Coffee Beans,Food and Beverage,1,16.35,16.35,S001,C0089,UPI
T004297,2023-07-22,P004,Printer Paper,Stationery,2,6.47,12.94,S002,C0018,UPI
T004298,2025-01-30,P016,LED Bulb Pack,Household,1,12.3,12.3,S001,C0269,UPI
T004299,2024-03-17,P022,Plant Pot,Outdoor,3,11.97,35.91,S004,C0286,Cash
T004300,2024-09-19,P008,Webcam,Electronics,1,58.57,58.57,S001,C0055,Card
T004301,2025-08-31,P006,USB-C Hub,Electronics,1,35.53,35.53,S004,C0008,Card
T004302,2025-07-21,P015,Storage Basket,Household,2,16.71,33.42,S003,C0223,Cash
T004303,2024-04-28,P006,USB-C Hub,Electronics,1,35.69,35.69,S002,C0155,Card
T004304,2023-05-02,P015,Storage Basket,Household,1,16.8,16.8,S002,C0267,Card
T004305,2024-11-07,P002,Ballpoint Pen Pack,Stationery,1,5.02,5.02,S003,C0202,UPI
T004306,2025-03-03,P009,Coffee Beans,Food and Beverage,1,16.16,16.16,S003,C0106,UPI
T004307,2024-07-27,P005,Wireless Mouse,Electronics,1,24.54,24.54,S004,C0061,Cash
T004308,2025-01-21,P002,Ballpoint Pen Pack,Stationery,1,4.95,4.95,S003,C0243,Card
T004309,2024-11-02,P012,Snack Box,Food and Beverage,6,23.68,142.08,S002,C0012,UPI
T004310,2025-04-26,P017,Cotton T-Shirt,Apparel,3,19.63,58.89,S004,C0120,UPI
T004311,2025-11-06,P009,Coffee Beans,Food and Beverage,1,15.4,15.4,S004,C0034,Card
T004312,2023-03-07,P004,Printer Paper,Stationery,2,6.81,13.62,S002,C0235,Card
T004313,2023-11-29,P024,Watering Can,Outdoor,6,21.15,126.9,S002,C0054,Card
T004314,2023-09-01,P014,Cleaning Spray,Household,3,6.85,20.55,S004,C0035,Bank Transfer
T004315,2024-02-12,P011,Reusable Water Bottle,Food and Beverage,3,17.53,52.59,S003,C0238,Cash
T004316,2024-10-19,P012,Snack Box,Food and Beverage,2,21.38,42.76,S004,C0175,UPI
T004317,2024-07-08,P005,Wireless Mouse,Electronics,4,26.05,104.2,S003,C0051,Card
T004318,2023-05-29,P022,Plant Pot,Outdoor,3,11.72,35.16,S001,C0300,Card
T004319,2023-08-09,P010,Tea Assortment,Food and Beverage,2,12.82,25.64,S002,C0233,Cash
T004320,2025-04-29,P017,Cotton T-Shirt,Apparel,1,19.58,19.58,S002,C0204,Card
T004321,2023-08-25,P005,Wireless Mouse,Electronics,2,25.14,50.28,S001,C0238,Cash
T004322,2025-11-03,P021,Garden Gloves,Outdoor,1,8.8,8.8,S001,C0190,UPI
T004323,2024-07-18,P017,Cotton T-Shirt,Apparel,1,19.81,19.81,S002,C0137,Card
T004324,2023-09-15,P006,USB-C Hub,Electronics,2,33.12,66.24,S001,C0243,Bank Transfer
T004325,2023-10-19,P010,Tea Assortment,Food and Beverage,1,12.34,12.34,S003,C0039,Card
T004326,2025-09-02,P022,Plant Pot,Outdoor,3,11.83,35.49,S003,C0007,Card
T004327,2025-05-21,P013,Hand Soap,Household,1,4.81,4.81,S002,C0217,Card
T004328,2024-06-19,P019,Baseball Cap,Apparel,2,16.16,32.32,S004,C0223,UPI
T004329,2024-08-07,P013,Hand Soap,Household,1,4.66,4.66,S002,C0280,Card
T004330,2024-11-22,P021,Garden Gloves,Outdoor,1,9.14,9.14,S001,C0009,UPI
T004331,2025-10-17,P002,Ballpoint Pen Pack,Stationery,3,5.11,15.33,S004,C0247,UPI
T004332,2023-06-29,P007,Bluetooth Speaker,Electronics,4,48.3,193.2,S001,C0152,Card
T004333,2023-12-20,P006,USB-C Hub,Electronics,3,35.55,106.65,S002,C0075,Card
T004334,2024-10-11,P005,Wireless Mouse,Electronics,1,24.32,24.32,S002,C0214,Card
T004335,2025-07-17,P005,Wireless Mouse,Electronics,2,24.87,49.74,S004,C0040,Bank Transfer
T004336,2024-05-18,P003,Desk Organizer,Stationery,4,13.87,55.48,S004,C0247,Cash
T004337,2023-12-11,P011,Reusable Water Bottle,Food and Beverage,1,17.53,17.53,S001,C0229,UPI
T004338,2024-07-14,P018,Canvas Tote Bag,Apparel,5,13.77,68.85,S004,C0070,UPI
T004339,2025-04-10,P003,Desk Organizer,Stationery,5,14.2,71.0,S003,C0004,UPI
T004340,2025-05-19,P005,Wireless Mouse,Electronics,1,25.12,25.12,S002,C0179,Card
T004341,2023-01-13,P024,Watering Can,Outdoor,2,20.84,41.68,S001,C0047,Cash
T004342,2023-01-27,P014,Cleaning Spray,Household,1,7.52,7.52,S004,C0004,Card
T004343,2024-07-23,P006,USB-C Hub,Electronics,2,36.03,72.06,S004,C0019,Card
T004344,2024-04-08,P022,Plant Pot,Outdoor,1,12.61,12.61,S001,C0278,UPI
T004345,2025-05-20,P009,Coffee Beans,Food and Beverage,2,15.49,30.98,S001,C0241,UPI
T004346,2025-06-25,P014,Cleaning Spray,Household,3,7.1,21.3,S001,C0117,Card
T004347,2025-09-05,P015,Storage Basket,Household,1,16.03,16.03,S002,C0238,Cash
T004348,2024-04-28,P013,Hand Soap,Household,2,4.74,9.48,S003,C0188,UPI
T004349,2025-07-01,P022,Plant Pot,Outdoor,1,12.1,12.1,S003,C0296,Cash
T004350,2024-06-01,P015,Storage Basket,Household,1,17.39,17.39,S001,C0011,Card
T004351,2025-09-19,P018,Canvas Tote Bag,Apparel,1,13.79,13.79,S001,C0283,Card
T004352,2025-11-17,P018,Canvas Tote Bag,Apparel,1,13.56,13.56,S003,C0143,UPI
T004353,2023-03-02,P013,Hand Soap,Household,4,4.5,18.0,S001,C0170,Cash
T004354,2024-11-22,P002,Ballpoint Pen Pack,Stationery,1,5.21,5.21,S002,C0045,UPI
T004355,2025-06-15,P019,Baseball Cap,Apparel,2,16.89,33.78,S004,C0190,Card
T004356,2023-02-02,P013,Hand Soap,Household,1,4.91,4.91,S001,C0249,Bank Transfer
T004357,2025-09-08,P013,Hand Soap,Household,1,4.61,4.61,S002,C0275,Cash
T004358,2023-03-15,P024,Watering Can,Outdoor,3,20.15,60.45,S004,C0070,UPI
T004359,2025-08-15,P009,Coffee Beans,Food and Beverage,4,16.12,64.48,S004,C0048,Card
T004360,2025-09-18,P012,Snack Box,Food and Beverage,3,22.2,66.6,S004,C0023,Cash
T004361,2025-09-06,P009,Coffee Beans,Food and Beverage,2,15.51,31.02,S004,C0162,Card
T004362,2024-05-13,P014,Cleaning Spray,Household,1,7.13,7.13,S003,C0298,Card
T004363,2023-09-30,P012,Snack Box,Food and Beverage,3,21.81,65.43,S004,C0014,Card
T004364,2025-04-28,P006,USB-C Hub,Electronics,2,36.52,73.04,S003,C0243,UPI
T004365,2025-12-10,P009,Coffee Beans,Food and Beverage,1,15.84,15.84,S004,C0222,Cash
T004366,2025-11-08,P007,Bluetooth Speaker,Electronics,1,49.55,49.55,S004,C0034,Cash
T004367,2023-04-08,P016,LED Bulb Pack,Household,4,11.9,47.6,S003,C0101,Card
T004368,2025-10-03,P005,Wireless Mouse,Electronics,5,23.83,119.15,S002,C0121,Card
T004369,2024-07-30,P024,Watering Can,Outdoor,2,20.69,41.38,S004,C0122,Card
T004370,2023-03-21,P013,Hand Soap,Household,2,4.74,9.48,S001,C0076,UPI
T004371,2025-03-15,P006,USB-C Hub,Electronics,1,33.82,33.82,S004,C0134,Cash
T004372,2025-06-12,P017,Cotton T-Shirt,Apparel,1,20.33,20.33,S002,C0187,UPI
T004373,2025-05-23,P006,USB-C Hub,Electronics,2,33.88,67.76,S003,C0122,Card
T004374,2024-04-18,P002,Ballpoint Pen Pack,Stationery,3,5.25,15.75,S004,C0127,Card
T004375,2024-04-23,P009,Coffee Beans,Food and Beverage,2,15.92,31.84,S001,C0147,Card
T004376,2025-04-26,P017,Cotton T-Shirt,Apparel,1,18.93,18.93,S003,C0292,UPI
T004377,2024-12-10,P020,Running Socks,Apparel,1,10.0,10.0,S001,C0111,Cash
T004378,2025-03-05,P020,Running Socks,Apparel,4,10.44,41.76,S001,C0260,Card
T004379,2023-09-26,P013,Hand Soap,Household,2,4.6,9.2,S001,C0156,Card
T004380,2023-11-01,P020,Running Socks,Apparel,2,10.22,20.44,S001,C0227,Card
T004381,2024-08-08,P017,Cotton T-Shirt,Apparel,2,19.47,38.94,S001,C0012,Bank Transfer
T004382,2023-05-24,P005,Wireless Mouse,Electronics,1,24.22,24.22,S003,C0129,Card
T004383,2024-03-12,P018,Canvas Tote Bag,Apparel,3,13.56,40.68,S003,C0122,Card
T004384,2024-01-11,P010,Tea Assortment,Food and Beverage,1,12.06,12.06,S001,C0199,Bank Transfer
T004385,2025-04-08,P022,Plant Pot,Outdoor,1,12.44,12.44,S004,C0160,Card
T004386,2025-06-06,P017,Cotton T-Shirt,Apparel,1,19.69,19.69,S002,C0131,Card
T004387,2023-11-28,P013,Hand Soap,Household,1,4.78,4.78,S003,C0169,Card
T004388,2025-09-04,P003,Desk Organizer,Stationery,1,13.38,13.38,S001,C0080,Card
T004389,2024-01-10,P011,Reusable Water Bottle,Food and Beverage,3,17.41,52.23,S003,C0282,Card
T004390,2024-11-09,P016,LED Bulb Pack,Household,2,12.11,24.22,S001,C0095,UPI
T004391,2025-01-05,P014,Cleaning Spray,Household,4,7.25,29.0,S001,C0266,Cash
T004392,2025-12-07,P023,Hand Trowel,Outdoor,1,11.1,11.1,S001,C0181,Card
T004393,2023-07-25,P024,Watering Can,Outdoor,3,20.55,61.65,S001,C0243,Card
T004394,2024-04-25,P005,Wireless Mouse,Electronics,1,24.26,24.26,S003,C0049,Cash
T004395,2025-05-01,P010,Tea Assortment,Food and Beverage,1,13.11,13.11,S003,C0149,Bank Transfer
T004396,2024-07-04,P011,Reusable Water Bottle,Food and Beverage,2,18.96,37.92,S001,C0004,Card
T004397,2025-02-03,P011,Reusable Water Bottle,Food and Beverage,5,18.73,93.65,S004,C0054,UPI
T004398,2024-05-12,P016,LED Bulb Pack,Household,2,11.43,22.86,S004,C0116,Bank Transfer
T004399,2023-01-11,P004,Printer Paper,Stationery,1,6.74,6.74,S003,C0002,Card
T004400,2024-04-01,P014,Cleaning Spray,Household,2,7.28,14.56,S004,C0160,UPI
T004401,2023-05-19,P023,Hand Trowel,Outdoor,6,9.98,59.88,S002,C0273,UPI
T004402,2025-06-18,P002,Ballpoint Pen Pack,Stationery,1,5.15,5.15,S003,C0192,Card
T004403,2024-10-19,P004,Printer Paper,Stationery,2,6.42,12.84,S002,C0291,Card
T004404,2025-03-16,P013,Hand Soap,Household,2,4.8,9.6,S003,C0108,UPI
T004405,2023-12-19,P012,Snack Box,Food and Beverage,1,23.83,23.83,S004,C0183,UPI
T004406,2023-05-11,P017,Cotton T-Shirt,Apparel,4,20.49,81.96,S001,C0082,Card
T004407,2024-05-10,P017,Cotton T-Shirt,Apparel,1,20.2,20.2,S003,C0175,Cash
T004408,2024-11-10,P001,Notebook,Stationery,1,8.17,8.17,S001,C0167,Bank Transfer
T004409,2024-09-12,P010,Tea Assortment,Food and Beverage,1,12.4,12.4,S004,C0114,Card
T004410,2025-01-30,P013,Hand Soap,Household,4,4.54,18.16,S002,C0134,Card
T004411,2023-01-26,P014,Cleaning Spray,Household,6,7.27,43.62,S003,C0215,Card
T004412,2023-04-22,P021,Garden Gloves,Outdoor,5,9.3,46.5,S001,C0109,Cash
T004413,2025-09-09,P010,Tea Assortment,Food and Beverage,6,12.18,73.08,S004,C0237,Card
T004414,2025-02-26,P011,Reusable Water Bottle,Food and Beverage,3,17.52,52.56,S001,C0112,UPI
T004415,2025-12-08,P021,Garden Gloves,Outdoor,3,8.63,25.89,S002,C0289,Card
T004416,2023-12-17,P007,Bluetooth Speaker,Electronics,2,52.84,105.68,S004,C0037,UPI
T004417,2024-09-05,P007,Bluetooth Speaker,Electronics,3,50.77,152.31,S004,C0237,Card
T004418,2024-07-29,P007,Bluetooth Speaker,Electronics,3,49.93,149.79,S004,C0245,UPI
T004419,2024-05-22,P021,Garden Gloves,Outdoor,3,9.13,27.39,S001,C0062,UPI
T004420,2023-06-22,P009,Coffee Beans,Food and Beverage,5,15.02,75.1,S001,C0165,Card
T004421,2024-08-21,P021,Garden Gloves,Outdoor,5,9.21,46.05,S002,C0183,Cash
T004422,2023-09-19,P016,LED Bulb Pack,Household,1,12.35,12.35,S002,C0188,Card
T004423,2024-11-06,P015,Storage Basket,Household,1,16.14,16.14,S003,C0143,Card
T004424,2025-09-08,P004,Printer Paper,Stationery,2,7.1,14.2,S002,C0096,Card
T004425,2024-11-13,P016,LED Bulb Pack,Household,4,12.57,50.28,S003,C0226,UPI
T004426,2023-08-28,P006,USB-C Hub,Electronics,3,36.32,108.96,S001,C0187,Cash
T004427,2023-02-16,P012,Snack Box,Food and Beverage,3,22.88,68.64,S002,C0075,UPI
T004428,2023-05-18,P002,Ballpoint Pen Pack,Stationery,3,5.26,15.78,S003,C0062,Card
T004429,2024-07-22,P009,Coffee Beans,Food and Beverage,2,15.42,30.84,S001,C0164,Bank Transfer
T004430,2025-12-27,P006,USB-C Hub,Electronics,2,33.14,66.28,S004,C0087,Card
T004431,2024-01-21,P022,Plant Pot,Outdoor,2,12.07,24.14,S004,C0034,Card
T004432,2024-02-04,P008,Webcam,Electronics,3,60.88,182.64,S002,C0050,Bank Transfer
T004433,2023-03-10,P017,Cotton T-Shirt,Apparel,2,19.55,39.1,S004,C0213,Cash
T004434,2025-04-08,P008,Webcam,Electronics,1,61.74,61.74,S002,C0234,Cash
T004435,2024-08-27,P018,Canvas Tote Bag,Apparel,5,13.65,68.25,S001,C0021,Card
T004436,2025-04-12,P013,Hand Soap,Household,1,4.5,4.5,S001,C0032,UPI
T004437,2024-10-16,P001,Notebook,Stationery,6,8.75,52.5,S004,C0039,UPI
T004438,2025-02-01,P006,USB-C Hub,Electronics,3,35.12,105.36,S001,C0118,UPI
T004439,2024-08-24,P019,Baseball Cap,Apparel,1,16.05,16.05,S001,C0137,Card
T004440,2025-05-08,P015,Storage Basket,Household,1,16.4,16.4,S004,C0210,Card
T004441,2023-08-24,P001,Notebook,Stationery,3,8.79,26.37,S003,C0254,Card
T004442,2023-09-02,P022,Plant Pot,Outdoor,1,12.49,12.49,S002,C0019,UPI
T004443,2024-06-27,P001,Notebook,Stationery,2,8.21,16.42,S001,C0135,Card
T004444,2025-12-01,P006,USB-C Hub,Electronics,2,35.69,71.38,S004,C0226,Bank Transfer
T004445,2025-10-18,P009,Coffee Beans,Food and Beverage,2,14.96,29.92,S003,C0262,Cash
T004446,2024-12-24,P015,Storage Basket,Household,2,16.51,33.02,S003,C0113,Card
T004447,2024-03-12,P016,LED Bulb Pack,Household,2,12.35,24.7,S002,C0243,Cash
T004448,2025-01-02,P008,Webcam,Electronics,4,58.07,232.28,S003,C0138,Card
T004449,2023-07-02,P009,Coffee Beans,Food and Beverage,4,16.04,64.16,S002,C0128,Cash
T004450,2023-08-05,P002,Ballpoint Pen Pack,Stationery,2,5.53,11.06,S001,C0008,Bank Transfer
T004451,2023-08-02,P002,Ballpoint Pen Pack,Stationery,2,5.55,11.1,S003,C0223,UPI
T004452,2024-11-16,P015,Storage Basket,Household,3,17.43,52.29,S002,C0273,Cash
T004453,2025-02-22,P011,Reusable Water Bottle,Food and Beverage,1,17.8,17.8,S002,C0228,Card
T004454,2024-12-26,P002,Ballpoint Pen Pack,Stationery,4,5.24,20.96,S002,C0076,UPI
T004455,2023-05-29,P013,Hand Soap,Household,2,4.72,9.44,S001,C0279,Card
T004456,2023-02-27,P002,Ballpoint Pen Pack,Stationery,2,5.46,10.92,S003,C0079,UPI
T004457,2024-07-19,P020,Running Socks,Apparel,3,10.3,30.9,S002,C0177,Card
T004458,2025-09-24,P020,Running Socks,Apparel,2,10.58,21.16,S001,C0010,UPI
T004459,2025-03-27,P001,Notebook,Stationery,2,8.9,17.8,S004,C0003,UPI
T004460,2024-07-21,P007,Bluetooth Speaker,Electronics,1,50.96,50.96,S001,C0255,UPI
T004461,2025-11-15,P008,Webcam,Electronics,1,61.59,61.59,S001,C0073,UPI
T004462,2024-03-24,P004,Printer Paper,Stationery,1,6.78,6.78,S001,C0138,Card
T004463,2024-01-13,P005,Wireless Mouse,Electronics,4,24.48,97.92,S003,C0021,Card
T004464,2023-10-14,P002,Ballpoint Pen Pack,Stationery,1,4.99,4.99,S003,C0053,Bank Transfer
T004465,2023-02-19,P018,Canvas Tote Bag,Apparel,4,13.93,55.72,S004,C0050,UPI
T004466,2025-07-27,P023,Hand Trowel,Outdoor,1,10.6,10.6,S004,C0140,Card
T004467,2023-01-02,P016,LED Bulb Pack,Household,1,12.62,12.62,S003,C0286,Card
T004468,2024-11-16,P023,Hand Trowel,Outdoor,2,10.34,20.68,S002,C0206,Card
T004469,2023-10-15,P003,Desk Organizer,Stationery,2,13.95,27.9,S004,C0081,Card
T004470,2023-04-23,P008,Webcam,Electronics,1,61.69,61.69,S004,C0030,UPI
T004471,2023-05-02,P008,Webcam,Electronics,1,61.31,61.31,S004,C0198,Card
T004472,2024-04-23,P006,USB-C Hub,Electronics,5,36.18,180.9,S001,C0244,Cash
T004473,2025-08-09,P005,Wireless Mouse,Electronics,2,26.36,52.72,S001,C0060,Card
T004474,2023-03-25,P008,Webcam,Electronics,2,59.73,119.46,S001,C0233,Card
T004475,2024-05-28,P003,Desk Organizer,Stationery,3,14.11,42.33,S002,C0139,Card
T004476,2025-11-04,P008,Webcam,Electronics,2,55.92,111.84,S001,C0026,UPI
T004477,2023-07-14,P006,USB-C Hub,Electronics,1,36.52,36.52,S001,C0198,UPI
T004478,2024-10-12,P016,LED Bulb Pack,Household,5,12.65,63.25,S004,C0082,Cash
T004479,2024-07-06,P010,Tea Assortment,Food and Beverage,1,12.08,12.08,S003,C0184,UPI
T004480,2024-03-02,P010,Tea Assortment,Food and Beverage,3,12.54,37.62,S003,C0249,UPI
T004481,2024-08-20,P024,Watering Can,Outdoor,1,20.09,20.09,S004,C0116,Card
T004482,2025-11-04,P005,Wireless Mouse,Electronics,3,24.42,73.26,S003,C0148,Bank Transfer
T004483,2025-08-08,P015,Storage Basket,Household,1,17.38,17.38,S002,C0262,UPI
T004484,2023-07-08,P010,Tea Assortment,Food and Beverage,1,13.07,13.07,S003,C0056,Cash
T004485,2025-05-25,P004,Printer Paper,Stationery,1,6.45,6.45,S001,C0084,Cash
T004486,2023-02-04,P015,Storage Basket,Household,4,16.43,65.72,S001,C0250,Cash
T004487,2025-08-05,P008,Webcam,Electronics,2,61.17,122.34,S001,C0282,Card
T004488,2025-06-19,P020,Running Socks,Apparel,2,10.32,20.64,S003,C0218,Cash
T004489,2025-10-13,P019,Baseball Cap,Apparel,1,16.75,16.75,S002,C0053,Card
T004490,2023-09-03,P012,Snack Box,Food and Beverage,4,23.12,92.48,S001,C0018,Cash
T004491,2025-12-05,P018,Canvas Tote Bag,Apparel,2,12.81,25.62,S004,C0291,UPI
T004492,2025-11-13,P017,Cotton T-Shirt,Apparel,3,20.19,60.57,S003,C0043,Cash
T004493,2025-05-01,P004,Printer Paper,Stationery,1,6.84,6.84,S001,C0119,Card
T004494,2024-02-27,P021,Garden Gloves,Outdoor,1,8.51,8.51,S003,C0224,Card
T004495,2024-09-21,P009,Coffee Beans,Food and Beverage,1,15.72,15.72,S003,C0250,Cash
T004496,2025-07-08,P014,Cleaning Spray,Household,2,7.3,14.6,S001,C0237,Cash
T004497,2023-05-25,P002,Ballpoint Pen Pack,Stationery,3,5.06,15.18,S004,C0257,Card
T004498,2023-02-06,P009,Coffee Beans,Food and Beverage,6,14.99,89.94,S001,C0057,UPI
T004499,2023-05-10,P001,Notebook,Stationery,1,8.46,8.46,S004,C0104,Bank Transfer
T004500,2023-08-06,P023,Hand Trowel,Outdoor,1,10.45,10.45,S001,C0255,UPI
T004501,2024-04-03,P021,Garden Gloves,Outdoor,5,8.48,42.4,S001,C0198,Card
T004502,2024-06-08,P024,Watering Can,Outdoor,2,22.14,44.28,S004,C0006,Cash
T004503,2024-07-26,P017,Cotton T-Shirt,Apparel,3,19.31,57.93,S001,C0122,UPI
T004504,2023-11-12,P004,Printer Paper,Stationery,5,7.09,35.45,S001,C0173,UPI
T004505,2023-05-26,P023,Hand Trowel,Outdoor,3,11.1,33.3,S001,C0198,UPI
T004506,2024-07-20,P011,Reusable Water Bottle,Food and Beverage,6,17.6,105.6,S002,C0156,Card
T004507,2025-12-06,P001,Notebook,Stationery,1,8.06,8.06,S001,C0079,UPI
T004508,2025-09-02,P020,Running Socks,Apparel,3,10.02,30.06,S004,C0075,Card
T004509,2024-02-13,P008,Webcam,Electronics,2,61.08,122.16,S002,C0227,Cash
T004510,2024-01-14,P024,Watering Can,Outdoor,1,21.22,21.22,S002,C0280,Card
T004511,2023-04-02,P015,Storage Basket,Household,1,16.44,16.44,S004,C0059,Card
T004512,2024-11-13,P024,Watering Can,Outdoor,1,21.32,21.32,S001,C0205,Cash
T004513,2023-06-19,P016,LED Bulb Pack,Household,3,12.27,36.81,S003,C0069,Cash
T004514,2023-07-19,P022,Plant Pot,Outdoor,5,11.81,59.05,S001,C0198,UPI
T004515,2025-11-18,P010,Tea Assortment,Food and Beverage,4,12.82,51.28,S004,C0009,UPI
T004516,2024-06-16,P017,Cotton T-Shirt,Apparel,1,19.6,19.6,S001,C0205,UPI
T004517,2023-04-27,P012,Snack Box,Food and Beverage,4,22.9,91.6,S003,C0075,UPI
T004518,2023-08-05,P014,Cleaning Spray,Household,2,7.12,14.24,S004,C0186,UPI
T004519,2025-07-15,P006,USB-C Hub,Electronics,2,33.24,66.48,S001,C0119,Card
T004520,2025-08-12,P015,Storage Basket,Household,4,17.04,68.16,S004,C0215,Cash
T004521,2023-11-14,P008,Webcam,Electronics,1,59.4,59.4,S003,C0084,UPI
T004522,2023-03-19,P002,Ballpoint Pen Pack,Stationery,3,5.03,15.09,S004,C0286,UPI
T004523,2023-10-19,P001,Notebook,Stationery,1,8.72,8.72,S001,C0043,UPI
T004524,2023-05-28,P005,Wireless Mouse,Electronics,4,24.52,98.08,S001,C0099,UPI
T004525,2023-08-31,P003,Desk Organizer,Stationery,3,14.53,43.59,S004,C0276,Cash
T004526,2025-01-10,P009,Coffee Beans,Food and Beverage,1,14.58,14.58,S001,C0089,Card
T004527,2024-11-04,P022,Plant Pot,Outdoor,1,12.11,12.11,S002,C0255,Card
T004528,2025-02-06,P018,Canvas Tote Bag,Apparel,4,14.17,56.68,S002,C0027,UPI
T004529,2024-06-01,P004,Printer Paper,Stationery,4,7.03,28.12,S003,C0068,Card
T004530,2025-05-19,P019,Baseball Cap,Apparel,4,16.62,66.48,S002,C0168,UPI
T004531,2024-03-25,P017,Cotton T-Shirt,Apparel,2,20.78,41.56,S003,C0114,Card
T004532,2024-05-01,P023,Hand Trowel,Outdoor,4,10.11,40.44,S001,C0290,UPI
T004533,2025-10-23,P016,LED Bulb Pack,Household,1,11.91,11.91,S003,C0218,Card
T004534,2023-01-01,P002,Ballpoint Pen Pack,Stationery,3,5.11,15.33,S003,C0030,Bank Transfer
T004535,2023-12-18,P021,Garden Gloves,Outdoor,5,9.0,45.0,S004,C0201,Card
T004536,2025-06-27,P002,Ballpoint Pen Pack,Stationery,2,4.95,9.9,S004,C0067,Cash
T004537,2025-06-18,P014,Cleaning Spray,Household,3,7.41,22.23,S004,C0191,Bank Transfer
T004538,2025-05-07,P018,Canvas Tote Bag,Apparel,1,12.93,12.93,S001,C0191,Card
T004539,2025-07-13,P024,Watering Can,Outdoor,2,20.42,40.84,S001,C0291,Cash
T004540,2024-05-04,P005,Wireless Mouse,Electronics,2,24.24,48.48,S002,C0098,Cash
T004541,2024-11-28,P006,USB-C Hub,Electronics,1,34.0,34.0,S001,C0299,UPI
T004542,2024-02-09,P017,Cotton T-Shirt,Apparel,1,20.59,20.59,S001,C0076,Cash
T004543,2023-11-28,P004,Printer Paper,Stationery,2,6.84,13.68,S004,C0249,Card
T004544,2025-12-21,P024,Watering Can,Outdoor,2,20.32,40.64,S002,C0119,Card
T004545,2025-08-05,P001,Notebook,Stationery,1,8.62,8.62,S001,C0055,Card
T004546,2023-08-23,P001,Notebook,Stationery,4,8.4,33.6,S003,C0229,Cash
T004547,2024-12-07,P023,Hand Trowel,Outdoor,2,10.01,20.02,S003,C0200,Card
T004548,2024-05-18,P019,Baseball Cap,Apparel,2,15.87,31.74,S003,C0140,Card
T004549,2024-08-19,P012,Snack Box,Food and Beverage,2,22.32,44.64,S002,C0224,Cash
T004550,2023-06-06,P024,Watering Can,Outdoor,1,20.4,20.4,S002,C0065,Card
T004551,2024-07-16,P016,LED Bulb Pack,Household,1,12.0,12.0,S002,C0207,Cash
T004552,2024-08-03,P002,Ballpoint Pen Pack,Stationery,4,5.46,21.84,S002,C0023,UPI
T004553,2025-01-12,P002,Ballpoint Pen Pack,Stationery,1,5.55,5.55,S001,C0147,Cash
T004554,2025-03-21,P016,LED Bulb Pack,Household,5,11.78,58.9,S002,C0290,Card
T004555,2023-02-02,P006,USB-C Hub,Electronics,2,35.27,70.54,S002,C0009,UPI
T004556,2024-08-21,P018,Canvas Tote Bag,Apparel,2,12.75,25.5,S002,C0124,Card
T004557,2023-10-28,P005,Wireless Mouse,Electronics,4,25.73,102.92,S001,C0239,Cash
T004558,2025-05-19,P020,Running Socks,Apparel,1,10.52,10.52,S002,C0090,UPI
T004559,2023-08-28,P004,Printer Paper,Stationery,5,6.89,34.45,S004,C0231,UPI
T004560,2024-12-04,P018,Canvas Tote Bag,Apparel,2,13.89,27.78,S004,C0282,Bank Transfer
T004561,2025-12-18,P017,Cotton T-Shirt,Apparel,2,19.64,39.28,S003,C0254,UPI
T004562,2025-07-17,P016,LED Bulb Pack,Household,2,11.47,22.94,S004,C0107,UPI
T004563,2024-04-30,P023,Hand Trowel,Outdoor,4,10.35,41.4,S002,C0137,UPI
T004564,2024-06-27,P008,Webcam,Electronics,1,59.78,59.78,S004,C0221,Bank Transfer
T004565,2023-08-06,P002,Ballpoint Pen Pack,Stationery,3,5.13,15.39,S002,C0191,Cash
T004566,2023-06-28,P001,Notebook,Stationery,5,8.69,43.45,S003,C0256,Card
T004567,2023-01-30,P017,Cotton T-Shirt,Apparel,3,19.77,59.31,S003,C0250,UPI
T004568,2025-08-29,P003,Desk Organizer,Stationery,2,13.57,27.14,S004,C0024,Bank Transfer
T004569,2025-06-22,P002,Ballpoint Pen Pack,Stationery,1,5.1,5.1,S001,C0019,UPI
T004570,2023-04-06,P002,Ballpoint Pen Pack,Stationery,2,5.05,10.1,S003,C0038,Bank Transfer
T004571,2025-11-23,P006,USB-C Hub,Electronics,2,35.64,71.28,S002,C0111,Card
T004572,2023-07-02,P015,Storage Basket,Household,4,16.95,67.8,S001,C0237,UPI
T004573,2025-12-24,P014,Cleaning Spray,Household,4,7.29,29.16,S001,C0233,Cash
T004574,2025-05-13,P024,Watering Can,Outdoor,3,21.91,65.73,S002,C0155,Cash
T004575,2025-03-17,P006,USB-C Hub,Electronics,3,35.64,106.92,S002,C0197,UPI
T004576,2024-07-23,P015,Storage Basket,Household,2,17.13,34.26,S004,C0081,UPI
T004577,2023-03-13,P002,Ballpoint Pen Pack,Stationery,5,5.03,25.15,S002,C0256,Card
T004578,2023-04-30,P012,Snack Box,Food and Beverage,5,23.05,115.25,S004,C0285,Card
T004579,2025-12-11,P002,Ballpoint Pen Pack,Stationery,2,5.22,10.44,S004,C0043,Card
T004580,2023-07-11,P002,Ballpoint Pen Pack,Stationery,1,5.33,5.33,S002,C0227,UPI
T004581,2023-12-01,P001,Notebook,Stationery,2,9.01,18.02,S003,C0141,UPI
T004582,2024-10-04,P017,Cotton T-Shirt,Apparel,2,20.84,41.68,S003,C0177,UPI
T004583,2025-12-10,P023,Hand Trowel,Outdoor,1,11.03,11.03,S002,C0123,UPI
T004584,2025-09-25,P014,Cleaning Spray,Household,4,6.84,27.36,S003,C0001,Card
T004585,2025-02-12,P010,Tea Assortment,Food and Beverage,1,12.1,12.1,S001,C0104,Cash
T004586,2024-11-28,P004,Printer Paper,Stationery,2,7.15,14.3,S001,C0256,Card
T004587,2024-12-13,P004,Printer Paper,Stationery,1,6.71,6.71,S003,C0291,Card
T004588,2023-05-21,P005,Wireless Mouse,Electronics,2,24.6,49.2,S001,C0258,Card
T004589,2025-09-22,P024,Watering Can,Outdoor,3,21.15,63.45,S002,C0104,Card
T004590,2023-02-25,P023,Hand Trowel,Outdoor,2,10.13,20.26,S003,C0019,Card
T004591,2025-05-19,P002,Ballpoint Pen Pack,Stationery,3,5.26,15.78,S003,C0131,UPI
T004592,2024-08-21,P019,Baseball Cap,Apparel,3,16.54,49.62,S004,C0198,UPI
T004593,2023-03-26,P016,LED Bulb Pack,Household,3,12.03,36.09,S003,C0195,Card
T004594,2025-05-30,P009,Coffee Beans,Food and Beverage,2,15.17,30.34,S004,C0200,UPI
T004595,2024-06-03,P012,Snack Box,Food and Beverage,2,23.67,47.34,S002,C0066,Card
T004596,2023-03-29,P009,Coffee Beans,Food and Beverage,2,16.35,32.7,S001,C0263,Card
T004597,2023-12-27,P015,Storage Basket,Household,2,16.05,32.1,S002,C0243,Card
T004598,2024-12-26,P012,Snack Box,Food and Beverage,1,21.59,21.59,S004,C0179,UPI
T004599,2025-06-27,P006,USB-C Hub,Electronics,1,33.98,33.98,S002,C0046,UPI
T004600,2023-03-24,P019,Baseball Cap,Apparel,6,15.72,94.32,S002,C0112,UPI
T004601,2024-11-24,P008,Webcam,Electronics,1,57.69,57.69,S004,C0061,Card
T004602,2023-05-27,P005,Wireless Mouse,Electronics,2,24.06,48.12,S001,C0181,Card
T004603,2023-04-28,P011,Reusable Water Bottle,Food and Beverage,4,18.25,73.0,S003,C0227,UPI
T004604,2023-09-27,P006,USB-C Hub,Electronics,2,33.55,67.1,S002,C0111,UPI
T004605,2023-10-15,P010,Tea Assortment,Food and Beverage,1,12.82,12.82,S003,C0220,Card
T004606,2023-04-18,P001,Notebook,Stationery,3,8.16,24.48,S003,C0147,Card
T004607,2023-08-08,P012,Snack Box,Food and Beverage,1,22.26,22.26,S001,C0214,Card
T004608,2025-04-19,P007,Bluetooth Speaker,Electronics,1,51.19,51.19,S004,C0193,UPI
T004609,2025-03-25,P001,Notebook,Stationery,1,8.83,8.83,S004,C0248,Card
T004610,2023-04-16,P009,Coffee Beans,Food and Beverage,3,14.87,44.61,S004,C0145,UPI
T004611,2023-07-23,P014,Cleaning Spray,Household,3,7.23,21.69,S004,C0283,Card
T004612,2024-02-27,P010,Tea Assortment,Food and Beverage,2,12.95,25.9,S001,C0172,UPI
T004613,2023-05-14,P018,Canvas Tote Bag,Apparel,1,12.74,12.74,S001,C0008,Card
T004614,2023-02-26,P001,Notebook,Stationery,4,8.96,35.84,S001,C0007,UPI
T004615,2023-09-29,P008,Webcam,Electronics,2,55.57,111.14,S002,C0147,UPI
T004616,2023-06-23,P003,Desk Organizer,Stationery,1,14.76,14.76,S004,C0104,Cash
T004617,2024-06-01,P014,Cleaning Spray,Household,3,7.15,21.45,S002,C0294,Card
T004618,2023-04-19,P017,Cotton T-Shirt,Apparel,1,19.4,19.4,S002,C0055,Card
T004619,2023-05-12,P007,Bluetooth Speaker,Electronics,1,51.73,51.73,S002,C0060,Cash
T004620,2025-12-03,P009,Coffee Beans,Food and Beverage,5,15.03,75.15,S001,C0261,Card
T004621,2025-03-29,P003,Desk Organizer,Stationery,1,13.9,13.9,S004,C0020,Cash
T004622,2024-04-03,P011,Reusable Water Bottle,Food and Beverage,5,17.82,89.1,S003,C0295,UPI
T004623,2025-12-28,P020,Running Socks,Apparel,3,9.7,29.1,S003,C0274,Card
T004624,2023-09-23,P016,LED Bulb Pack,Household,1,12.62,12.62,S004,C0256,Cash
T004625,2025-06-12,P005,Wireless Mouse,Electronics,2,25.52,51.04,S003,C0210,Card
T004626,2024-06-30,P005,Wireless Mouse,Electronics,1,23.57,23.57,S004,C0009,Cash
T004627,2023-10-27,P003,Desk Organizer,Stationery,1,14.69,14.69,S003,C0137,Card
T004628,2024-01-22,P012,Snack Box,Food and Beverage,1,23.71,23.71,S001,C0069,Card
T004629,2024-01-06,P010,Tea Assortment,Food and Beverage,1,12.83,12.83,S003,C0201,Card
T004630,2025-10-26,P013,Hand Soap,Household,3,4.93,14.79,S004,C0027,UPI
T004631,2025-09-14,P023,Hand Trowel,Outdoor,2,9.99,19.98,S004,C0084,Cash
T004632,2024-07-11,P011,Reusable Water Bottle,Food and Beverage,3,17.65,52.95,S004,C0171,Card
T004633,2024-11-07,P018,Canvas Tote Bag,Apparel,1,13.54,13.54,S002,C0294,UPI
T004634,2023-07-26,P009,Coffee Beans,Food and Beverage,1,15.18,15.18,S004,C0204,Card
T004635,2025-10-07,P002,Ballpoint Pen Pack,Stationery,2,4.97,9.94,S002,C0171,Card
T004636,2024-06-11,P006,USB-C Hub,Electronics,2,34.75,69.5,S002,C0052,Card
T004637,2023-01-16,P018,Canvas Tote Bag,Apparel,4,13.6,54.4,S001,C0025,Card
T004638,2024-06-07,P006,USB-C Hub,Electronics,1,33.79,33.79,S001,C0185,Cash
T004639,2023-07-28,P005,Wireless Mouse,Electronics,1,24.67,24.67,S001,C0016,Card
T004640,2023-12-17,P017,Cotton T-Shirt,Apparel,3,19.18,57.54,S003,C0100,Cash
T004641,2024-12-18,P014,Cleaning Spray,Household,2,7.5,15.0,S001,C0293,UPI
T004642,2023-07-30,P017,Cotton T-Shirt,Apparel,5,20.71,103.55,S003,C0098,UPI
T004643,2025-02-05,P016,LED Bulb Pack,Household,2,11.55,23.1,S001,C0214,Card
T004644,2025-01-20,P024,Watering Can,Outdoor,4,19.8,79.2,S001,C0233,Cash
T004645,2023-04-16,P019,Baseball Cap,Apparel,1,15.8,15.8,S004,C0268,Bank Transfer
T004646,2023-10-19,P001,Notebook,Stationery,3,8.07,24.21,S002,C0035,Cash
T004647,2024-03-15,P003,Desk Organizer,Stationery,1,14.66,14.66,S003,C0279,Bank Transfer
T004648,2025-09-21,P007,Bluetooth Speaker,Electronics,4,47.39,189.56,S004,C0220,Card
T004649,2025-09-20,P017,Cotton T-Shirt,Apparel,3,20.26,60.78,S002,C0195,Card
T004650,2024-09-03,P008,Webcam,Electronics,2,57.71,115.42,S003,C0027,UPI
T004651,2025-06-07,P021,Garden Gloves,Outdoor,1,9.06,9.06,S004,C0203,Cash
T004652,2023-04-30,P021,Garden Gloves,Outdoor,3,8.48,25.44,S004,C0037,Card
T004653,2024-06-21,P009,Coffee Beans,Food and Beverage,2,15.1,30.2,S001,C0104,Card
T004654,2025-08-10,P005,Wireless Mouse,Electronics,1,25.68,25.68,S003,C0156,Card
T004655,2023-01-09,P001,Notebook,Stationery,4,8.38,33.52,S001,C0201,UPI
T004656,2025-08-24,P024,Watering Can,Outdoor,1,19.81,19.81,S002,C0263,Cash
T004657,2024-06-10,P005,Wireless Mouse,Electronics,2,25.65,51.3,S001,C0300,UPI
T004658,2024-05-02,P009,Coffee Beans,Food and Beverage,5,15.63,78.15,S003,C0070,Cash
T004659,2024-09-23,P003,Desk Organizer,Stationery,5,13.23,66.15,S002,C0277,Card
T004660,2025-09-23,P012,Snack Box,Food and Beverage,4,21.78,87.12,S002,C0077,UPI
T004661,2025-07-23,P016,LED Bulb Pack,Household,3,12.38,37.14,S001,C0018,Card
T004662,2023-10-04,P007,Bluetooth Speaker,Electronics,3,47.5,142.5,S001,C0201,UPI
T004663,2025-10-06,P016,LED Bulb Pack,Household,1,11.47,11.47,S003,C0130,Card
T004664,2025-07-15,P007,Bluetooth Speaker,Electronics,1,52.04,52.04,S001,C0082,Cash
T004665,2023-01-07,P002,Ballpoint Pen Pack,Stationery,2,5.28,10.56,S001,C0245,Cash
T004666,2024-03-11,P003,Desk Organizer,Stationery,2,14.73,29.46,S003,C0182,Card
T004667,2025-07-12,P001,Notebook,Stationery,2,8.68,17.36,S001,C0018,Card
T004668,2025-03-02,P007,Bluetooth Speaker,Electronics,1,47.41,47.41,S001,C0183,Cash
T004669,2023-08-05,P001,Notebook,Stationery,2,8.93,17.86,S001,C0217,UPI
T004670,2025-11-19,P016,LED Bulb Pack,Household,5,11.77,58.85,S003,C0262,UPI
T004671,2023-12-23,P002,Ballpoint Pen Pack,Stationery,1,5.0,5.0,S001,C0055,Card
T004672,2024-01-25,P021,Garden Gloves,Outdoor,1,9.41,9.41,S004,C0212,UPI
T004673,2024-09-20,P003,Desk Organizer,Stationery,3,14.27,42.81,S002,C0061,Cash
T004674,2023-03-26,P018,Canvas Tote Bag,Apparel,1,13.53,13.53,S004,C0066,UPI
T004675,2024-02-07,P005,Wireless Mouse,Electronics,2,24.81,49.62,S004,C0049,Card
T004676,2024-11-08,P002,Ballpoint Pen Pack,Stationery,3,5.05,15.15,S001,C0251,Card
T004677,2023-12-19,P022,Plant Pot,Outdoor,5,11.88,59.4,S004,C0120,Card
T004678,2024-03-22,P018,Canvas Tote Bag,Apparel,3,13.1,39.3,S001,C0062,Card
T004679,2024-01-12,P016,LED Bulb Pack,Household,1,11.73,11.73,S001,C0213,Card
T004680,2023-03-17,P005,Wireless Mouse,Electronics,1,23.97,23.97,S002,C0027,Card
T004681,2024-08-06,P021,Garden Gloves,Outdoor,1,8.5,8.5,S001,C0052,UPI
T004682,2023-11-08,P014,Cleaning Spray,Household,1,6.88,6.88,S002,C0169,Bank Transfer
T004683,2023-06-18,P011,Reusable Water Bottle,Food and Beverage,2,18.72,37.44,S001,C0246,UPI
T004684,2024-04-28,P016,LED Bulb Pack,Household,2,12.07,24.14,S003,C0234,UPI
T004685,2023-08-01,P018,Canvas Tote Bag,Apparel,1,13.9,13.9,S003,C0098,UPI
T004686,2024-09-27,P007,Bluetooth Speaker,Electronics,1,52.54,52.54,S001,C0102,Card
T004687,2025-01-25,P012,Snack Box,Food and Beverage,1,22.13,22.13,S001,C0009,Card
T004688,2025-03-05,P014,Cleaning Spray,Household,6,7.24,43.44,S002,C0224,Bank Transfer
T004689,2023-09-09,P017,Cotton T-Shirt,Apparel,2,19.29,38.58,S004,C0058,Cash
T004690,2024-11-12,P003,Desk Organizer,Stationery,3,13.51,40.53,S004,C0092,Card
T004691,2024-04-06,P022,Plant Pot,Outdoor,1,11.71,11.71,S003,C0232,Bank Transfer
T004692,2023-10-13,P013,Hand Soap,Household,1,4.57,4.57,S004,C0103,UPI
T004693,2025-01-16,P021,Garden Gloves,Outdoor,1,8.84,8.84,S002,C0278,Cash
T004694,2024-10-05,P007,Bluetooth Speaker,Electronics,2,47.02,94.04,S001,C0265,UPI
T004695,2025-12-29,P009,Coffee Beans,Food and Beverage,5,15.73,78.65,S002,C0209,Card
T004696,2023-11-29,P022,Plant Pot,Outdoor,5,11.5,57.5,S004,C0157,Card
T004697,2023-03-22,P014,Cleaning Spray,Household,1,7.02,7.02,S003,C0159,UPI
T004698,2025-07-24,P005,Wireless Mouse,Electronics,1,25.0,25.0,S004,C0109,Card
T004699,2023-02-10,P007,Bluetooth Speaker,Electronics,1,52.8,52.8,S002,C0185,Card
T004700,2025-03-26,P022,Plant Pot,Outdoor,1,11.68,11.68,S001,C0230,Card
T004701,2024-04-24,P020,Running Socks,Apparel,2,9.92,19.84,S001,C0033,Cash
T004702,2023-11-15,P002,Ballpoint Pen Pack,Stationery,4,5.15,20.6,S004,C0010,Card
T004703,2023-04-20,P004,Printer Paper,Stationery,1,6.38,6.38,S003,C0169,Card
T004704,2025-10-12,P024,Watering Can,Outdoor,4,22.15,88.6,S004,C0054,UPI
T004705,2023-11-06,P023,Hand Trowel,Outdoor,4,10.21,40.84,S001,C0185,Card
T004706,2025-06-26,P009,Coffee Beans,Food and Beverage,2,14.77,29.54,S003,C0165,Card
T004707,2025-04-20,P002,Ballpoint Pen Pack,Stationery,5,5.18,25.9,S003,C0168,Card
T004708,2025-08-03,P021,Garden Gloves,Outdoor,1,9.21,9.21,S001,C0184,Card
T004709,2025-09-11,P024,Watering Can,Outdoor,4,20.66,82.64,S002,C0178,Card
T004710,2024-06-01,P003,Desk Organizer,Stationery,4,14.17,56.68,S001,C0183,Card
T004711,2024-12-31,P014,Cleaning Spray,Household,2,7.18,14.36,S001,C0041,UPI
T004712,2024-02-18,P011,Reusable Water Bottle,Food and Beverage,2,17.27,34.54,S004,C0140,Cash
T004713,2024-07-25,P004,Printer Paper,Stationery,3,6.57,19.71,S003,C0232,Card
T004714,2023-04-13,P022,Plant Pot,Outdoor,1,11.35,11.35,S002,C0258,UPI
T004715,2025-08-13,P016,LED Bulb Pack,Household,3,12.4,37.2,S002,C0054,Card
T004716,2024-05-22,P002,Ballpoint Pen Pack,Stationery,2,5.04,10.08,S003,C0226,Card
T004717,2025-06-09,P004,Printer Paper,Stationery,3,6.61,19.83,S001,C0178,Card
T004718,2025-11-02,P006,USB-C Hub,Electronics,4,34.77,139.08,S001,C0051,Card
T004719,2024-12-29,P015,Storage Basket,Household,1,15.85,15.85,S004,C0295,Card
T004720,2023-12-09,P008,Webcam,Electronics,5,60.66,303.3,S002,C0023,Card
T004721,2024-02-13,P022,Plant Pot,Outdoor,1,12.27,12.27,S001,C0158,UPI
T004722,2024-08-03,P016,LED Bulb Pack,Household,1,12.01,12.01,S001,C0171,Bank Transfer
T004723,2023-12-15,P009,Coffee Beans,Food and Beverage,1,15.34,15.34,S002,C0037,UPI
T004724,2025-08-02,P018,Canvas Tote Bag,Apparel,4,13.59,54.36,S004,C0199,Card
T004725,2024-04-10,P017,Cotton T-Shirt,Apparel,6,20.91,125.46,S004,C0262,Card
T004726,2023-12-20,P005,Wireless Mouse,Electronics,2,25.9,51.8,S003,C0210,Card
T004727,2024-10-26,P022,Plant Pot,Outdoor,3,12.09,36.27,S003,C0029,Card
T004728,2024-10-17,P009,Coffee Beans,Food and Beverage,1,15.2,15.2,S004,C0102,UPI
T004729,2025-11-16,P010,Tea Assortment,Food and Beverage,1,13.35,13.35,S004,C0084,UPI
T004730,2024-10-31,P022,Plant Pot,Outdoor,1,11.33,11.33,S004,C0222,UPI
T004731,2025-03-30,P005,Wireless Mouse,Electronics,1,24.56,24.56,S001,C0175,UPI
T004732,2023-02-22,P020,Running Socks,Apparel,3,10.36,31.08,S002,C0164,UPI
T004733,2024-09-12,P020,Running Socks,Apparel,4,9.89,39.56,S002,C0215,Card
T004734,2023-07-11,P011,Reusable Water Bottle,Food and Beverage,1,17.31,17.31,S003,C0208,Cash
T004735,2024-08-31,P006,USB-C Hub,Electronics,2,33.6,67.2,S001,C0006,UPI
T004736,2023-08-13,P021,Garden Gloves,Outdoor,5,8.68,43.4,S004,C0063,Card
T004737,2025-03-18,P009,Coffee Beans,Food and Beverage,3,15.8,47.4,S001,C0248,UPI
T004738,2023-10-21,P016,LED Bulb Pack,Household,3,12.35,37.05,S003,C0005,Cash
T004739,2025-10-31,P009,Coffee Beans,Food and Beverage,5,15.59,77.95,S001,C0046,Card
T004740,2024-02-10,P005,Wireless Mouse,Electronics,2,25.29,50.58,S001,C0131,Card
T004741,2024-09-03,P006,USB-C Hub,Electronics,1,33.66,33.66,S001,C0248,UPI
T004742,2025-01-25,P023,Hand Trowel,Outdoor,2,10.42,20.84,S003,C0111,Bank Transfer
T004743,2025-02-17,P015,Storage Basket,Household,3,16.2,48.6,S004,C0140,UPI
T004744,2023-04-08,P017,Cotton T-Shirt,Apparel,2,20.44,40.88,S001,C0250,Bank Transfer
T004745,2023-10-29,P019,Baseball Cap,Apparel,1,16.61,16.61,S003,C0208,Bank Transfer
T004746,2024-01-15,P013,Hand Soap,Household,3,4.89,14.67,S001,C0177,Card
T004747,2023-11-28,P006,USB-C Hub,Electronics,4,33.79,135.16,S004,C0191,Cash
T004748,2025-06-24,P008,Webcam,Electronics,2,61.11,122.22,S001,C0186,UPI
T004749,2023-04-05,P006,USB-C Hub,Electronics,2,33.98,67.96,S001,C0232,Card
T004750,2024-11-02,P019,Baseball Cap,Apparel,1,15.65,15.65,S002,C0167,Card
T004751,2025-05-31,P005,Wireless Mouse,Electronics,3,23.93,71.79,S002,C0212,UPI
T004752,2023-05-23,P007,Bluetooth Speaker,Electronics,1,50.57,50.57,S001,C0025,Card
T004753,2025-03-09,P005,Wireless Mouse,Electronics,1,24.01,24.01,S003,C0027,Card
T004754,2024-04-27,P005,Wireless Mouse,Electronics,4,25.58,102.32,S002,C0128,UPI
T004755,2025-03-07,P012,Snack Box,Food and Beverage,2,23.15,46.3,S002,C0136,Card
T004756,2025-06-15,P009,Coffee Beans,Food and Beverage,3,15.75,47.25,S001,C0190,Card
T004757,2024-03-08,P023,Hand Trowel,Outdoor,2,10.35,20.7,S002,C0159,Card
T004758,2023-01-14,P008,Webcam,Electronics,2,56.74,113.48,S003,C0073,Cash
T004759,2024-06-30,P010,Tea Assortment,Food and Beverage,1,13.19,13.19,S003,C0037,Bank Transfer
T004760,2023-02-12,P016,LED Bulb Pack,Household,2,12.63,25.26,S004,C0177,Card
T004761,2025-08-22,P020,Running Socks,Apparel,5,9.76,48.8,S002,C0138,Card
T004762,2023-10-12,P006,USB-C Hub,Electronics,3,34.75,104.25,S004,C0221,Bank Transfer
T004763,2023-09-12,P013,Hand Soap,Household,4,5.02,20.08,S001,C0267,UPI
T004764,2023-11-15,P004,Printer Paper,Stationery,1,6.42,6.42,S002,C0042,Cash
T004765,2023-07-14,P005,Wireless Mouse,Electronics,3,24.47,73.41,S001,C0107,UPI
T004766,2023-12-13,P009,Coffee Beans,Food and Beverage,2,14.68,29.36,S003,C0061,Card
T004767,2025-02-09,P008,Webcam,Electronics,2,59.88,119.76,S001,C0204,Card
T004768,2023-12-30,P018,Canvas Tote Bag,Apparel,1,14.01,14.01,S003,C0293,Cash
T004769,2024-12-26,P024,Watering Can,Outdoor,4,19.9,79.6,S004,C0235,Card
T004770,2024-07-12,P013,Hand Soap,Household,2,4.57,9.14,S001,C0057,Card
T004771,2025-10-09,P021,Garden Gloves,Outdoor,4,9.17,36.68,S004,C0052,Card
T004772,2024-02-05,P020,Running Socks,Apparel,2,9.89,19.78,S001,C0153,Card
T004773,2023-02-20,P015,Storage Basket,Household,1,16.4,16.4,S003,C0059,UPI
T004774,2024-06-05,P011,Reusable Water Bottle,Food and Beverage,2,17.44,34.88,S001,C0118,UPI
T004775,2023-02-19,P014,Cleaning Spray,Household,4,7.17,28.68,S001,C0159,UPI
T004776,2023-04-21,P005,Wireless Mouse,Electronics,4,23.49,93.96,S003,C0158,Cash
T004777,2025-12-02,P011,Reusable Water Bottle,Food and Beverage,2,18.9,37.8,S001,C0081,Cash
T004778,2023-12-10,P008,Webcam,Electronics,5,55.72,278.6,S001,C0235,Card
T004779,2024-04-16,P002,Ballpoint Pen Pack,Stationery,4,5.52,22.08,S003,C0182,Cash
T004780,2024-03-12,P006,USB-C Hub,Electronics,2,33.36,66.72,S002,C0059,Card
T004781,2024-08-18,P009,Coffee Beans,Food and Beverage,1,15.89,15.89,S001,C0060,UPI
T004782,2025-08-04,P021,Garden Gloves,Outdoor,1,9.12,9.12,S004,C0255,Card
T004783,2025-12-18,P009,Coffee Beans,Food and Beverage,2,15.09,30.18,S002,C0180,UPI
T004784,2025-02-26,P017,Cotton T-Shirt,Apparel,3,19.76,59.28,S002,C0272,UPI
T004785,2025-05-10,P012,Snack Box,Food and Beverage,3,23.3,69.9,S003,C0253,Card
T004786,2023-08-24,P019,Baseball Cap,Apparel,1,16.54,16.54,S001,C0244,UPI
T004787,2025-01-20,P004,Printer Paper,Stationery,1,7.14,7.14,S003,C0284,UPI
T004788,2024-03-22,P013,Hand Soap,Household,1,4.75,4.75,S002,C0024,Card
T004789,2024-07-07,P003,Desk Organizer,Stationery,3,14.46,43.38,S002,C0207,Bank Transfer
T004790,2025-12-13,P019,Baseball Cap,Apparel,5,15.74,78.7,S001,C0092,Card
T004791,2023-08-17,P004,Printer Paper,Stationery,2,7.08,14.16,S001,C0072,Bank Transfer
T004792,2023-02-09,P017,Cotton T-Shirt,Apparel,2,20.7,41.4,S001,C0035,Card
T004793,2024-01-02,P016,LED Bulb Pack,Household,3,12.41,37.23,S002,C0240,UPI
T004794,2024-07-14,P022,Plant Pot,Outdoor,1,11.81,11.81,S004,C0209,Cash
T004795,2024-07-06,P010,Tea Assortment,Food and Beverage,3,13.31,39.93,S002,C0168,UPI
T004796,2024-05-26,P024,Watering Can,Outdoor,3,21.76,65.28,S001,C0035,Cash
T004797,2025-12-12,P005,Wireless Mouse,Electronics,2,25.94,51.88,S001,C0023,Card
T004798,2024-02-28,P007,Bluetooth Speaker,Electronics,1,50.11,50.11,S004,C0121,Cash
T004799,2024-11-01,P006,USB-C Hub,Electronics,1,35.14,35.14,S002,C0284,Cash
T004800,2024-07-09,P017,Cotton T-Shirt,Apparel,1,19.84,19.84,S002,C0141,Bank Transfer
T004801,2023-04-02,P004,Printer Paper,Stationery,3,7.05,21.15,S003,C0120,Cash
T004802,2024-07-31,P007,Bluetooth Speaker,Electronics,4,51.03,204.12,S002,C0282,Cash
T004803,2025-04-03,P021,Garden Gloves,Outdoor,1,9.38,9.38,S001,C0057,Bank Transfer
T004804,2024-08-28,P007,Bluetooth Speaker,Electronics,2,50.54,101.08,S002,C0157,Cash
T004805,2025-11-22,P005,Wireless Mouse,Electronics,1,25.87,25.87,S003,C0182,Bank Transfer
T004806,2024-03-28,P006,USB-C Hub,Electronics,4,34.29,137.16,S003,C0291,Card
T004807,2023-04-24,P013,Hand Soap,Household,2,4.94,9.88,S003,C0259,Cash
T004808,2025-03-18,P010,Tea Assortment,Food and Beverage,2,12.76,25.52,S003,C0232,Bank Transfer
T004809,2025-09-20,P018,Canvas Tote Bag,Apparel,3,13.68,41.04,S003,C0010,Card
T004810,2024-12-06,P015,Storage Basket,Household,1,16.1,16.1,S004,C0179,Card
T004811,2024-06-12,P023,Hand Trowel,Outdoor,1,10.92,10.92,S001,C0042,Card
T004812,2025-05-12,P018,Canvas Tote Bag,Apparel,1,14.17,14.17,S001,C0200,Card
T004813,2023-08-01,P014,Cleaning Spray,Household,1,7.3,7.3,S001,C0056,Card
T004814,2024-12-19,P008,Webcam,Electronics,3,59.84,179.52,S003,C0136,Card
T004815,2025-02-26,P019,Baseball Cap,Apparel,1,16.15,16.15,S002,C0136,Card
T004816,2023-06-24,P001,Notebook,Stationery,2,8.31,16.62,S001,C0246,UPI
T004817,2025-05-24,P009,Coffee Beans,Food and Beverage,1,16.37,16.37,S003,C0231,UPI
T004818,2024-10-31,P019,Baseball Cap,Apparel,3,16.0,48.0,S001,C0144,UPI
T004819,2024-12-26,P024,Watering Can,Outdoor,1,20.4,20.4,S002,C0146,UPI
T004820,2024-01-02,P017,Cotton T-Shirt,Apparel,2,20.83,41.66,S002,C0096,Card
T004821,2024-09-10,P004,Printer Paper,Stationery,3,6.48,19.44,S003,C0040,Card
T004822,2023-09-27,P006,USB-C Hub,Electronics,2,33.24,66.48,S003,C0277,Cash
T004823,2025-10-21,P007,Bluetooth Speaker,Electronics,3,48.72,146.16,S001,C0014,Card
T004824,2023-12-27,P020,Running Socks,Apparel,1,10.11,10.11,S003,C0017,UPI
T004825,2023-02-03,P018,Canvas Tote Bag,Apparel,1,13.36,13.36,S002,C0188,UPI
T004826,2025-01-18,P020,Running Socks,Apparel,2,10.2,20.4,S003,C0123,Cash
T004827,2024-11-07,P016,LED Bulb Pack,Household,4,12.05,48.2,S002,C0172,UPI
T004828,2023-01-20,P024,Watering Can,Outdoor,4,20.57,82.28,S002,C0295,UPI
T004829,2023-08-10,P004,Printer Paper,Stationery,2,6.92,13.84,S004,C0076,Cash
T004830,2025-06-01,P024,Watering Can,Outdoor,3,20.96,62.88,S003,C0267,UPI
T004831,2024-02-03,P010,Tea Assortment,Food and Beverage,1,12.09,12.09,S001,C0124,Cash
T004832,2024-07-07,P001,Notebook,Stationery,1,8.84,8.84,S001,C0262,Bank Transfer
T004833,2025-07-30,P020,Running Socks,Apparel,2,10.49,20.98,S002,C0287,Card
T004834,2023-02-27,P013,Hand Soap,Household,1,4.59,4.59,S001,C0123,Cash
T004835,2023-03-14,P007,Bluetooth Speaker,Electronics,1,50.66,50.66,S002,C0014,Card
T004836,2023-08-08,P001,Notebook,Stationery,1,8.36,8.36,S002,C0209,UPI
T004837,2025-10-17,P006,USB-C Hub,Electronics,1,36.03,36.03,S002,C0276,UPI
T004838,2024-11-16,P020,Running Socks,Apparel,1,10.49,10.49,S003,C0012,Card
T004839,2024-02-09,P017,Cotton T-Shirt,Apparel,1,19.14,19.14,S003,C0104,UPI
T004840,2025-09-06,P016,LED Bulb Pack,Household,3,11.67,35.01,S004,C0050,Card
T004841,2025-09-20,P007,Bluetooth Speaker,Electronics,1,52.16,52.16,S002,C0262,Card
T004842,2023-08-26,P020,Running Socks,Apparel,3,9.95,29.85,S003,C0256,Card
T004843,2025-03-05,P024,Watering Can,Outdoor,1,20.17,20.17,S001,C0121,Card
T004844,2023-03-02,P009,Coffee Beans,Food and Beverage,1,15.41,15.41,S001,C0253,UPI
T004845,2024-11-21,P024,Watering Can,Outdoor,4,21.0,84.0,S002,C0175,UPI
T004846,2025-07-22,P016,LED Bulb Pack,Household,1,11.41,11.41,S001,C0021,UPI
T004847,2023-04-09,P005,Wireless Mouse,Electronics,1,23.58,23.58,S002,C0091,Card
T004848,2025-04-05,P005,Wireless Mouse,Electronics,5,23.71,118.55,S001,C0095,Bank Transfer
T004849,2023-02-05,P017,Cotton T-Shirt,Apparel,2,20.23,40.46,S004,C0032,UPI
T004850,2025-03-02,P010,Tea Assortment,Food and Beverage,2,13.22,26.44,S002,C0140,Card
T004851,2025-07-14,P016,LED Bulb Pack,Household,2,12.64,25.28,S001,C0033,Card
T004852,2024-04-10,P017,Cotton T-Shirt,Apparel,1,20.97,20.97,S001,C0262,Card
T004853,2023-12-19,P003,Desk Organizer,Stationery,5,14.27,71.35,S003,C0028,Bank Transfer
T004854,2025-06-18,P011,Reusable Water Bottle,Food and Beverage,5,17.95,89.75,S002,C0076,Card
T004855,2024-09-08,P020,Running Socks,Apparel,1,9.45,9.45,S001,C0297,Card
T004856,2024-02-16,P022,Plant Pot,Outdoor,1,11.42,11.42,S001,C0300,Card
T004857,2024-04-07,P021,Garden Gloves,Outdoor,1,8.58,8.58,S002,C0047,UPI
T004858,2024-04-16,P014,Cleaning Spray,Household,2,7.17,14.34,S001,C0216,UPI
T004859,2024-08-19,P014,Cleaning Spray,Household,1,7.61,7.61,S002,C0013,Bank Transfer
T004860,2023-10-10,P020,Running Socks,Apparel,1,9.95,9.95,S001,C0171,Card
T004861,2023-09-15,P013,Hand Soap,Household,1,4.64,4.64,S003,C0228,Card
T004862,2023-05-21,P013,Hand Soap,Household,4,4.76,19.04,S004,C0065,Card
T004863,2025-03-28,P015,Storage Basket,Household,1,15.68,15.68,S002,C0156,Card
T004864,2025-12-03,P019,Baseball Cap,Apparel,4,15.13,60.52,S001,C0093,UPI
T004865,2025-11-24,P022,Plant Pot,Outdoor,4,11.46,45.84,S004,C0059,Card
T004866,2023-10-12,P018,Canvas Tote Bag,Apparel,6,14.11,84.66,S001,C0203,Card
T004867,2025-10-31,P023,Hand Trowel,Outdoor,5,10.23,51.15,S004,C0255,Bank Transfer
T004868,2025-05-06,P021,Garden Gloves,Outdoor,1,8.47,8.47,S001,C0099,UPI
T004869,2025-10-31,P017,Cotton T-Shirt,Apparel,1,20.12,20.12,S004,C0035,UPI
T004870,2023-12-22,P017,Cotton T-Shirt,Apparel,1,19.4,19.4,S002,C0214,UPI
T004871,2025-03-22,P006,USB-C Hub,Electronics,5,34.81,174.05,S001,C0299,Card
T004872,2023-02-02,P010,Tea Assortment,Food and Beverage,1,12.66,12.66,S002,C0060,Card
T004873,2025-09-27,P010,Tea Assortment,Food and Beverage,2,13.0,26.0,S002,C0218,UPI
T004874,2023-08-30,P016,LED Bulb Pack,Household,2,11.77,23.54,S004,C0259,Cash
T004875,2025-08-02,P005,Wireless Mouse,Electronics,1,25.29,25.29,S003,C0010,Cash
T004876,2024-10-14,P024,Watering Can,Outdoor,1,20.42,20.42,S004,C0289,Cash
T004877,2025-06-01,P023,Hand Trowel,Outdoor,5,10.43,52.15,S004,C0188,Card
T004878,2023-02-09,P004,Printer Paper,Stationery,2,6.59,13.18,S001,C0089,Cash
T004879,2025-09-25,P015,Storage Basket,Household,4,16.3,65.2,S002,C0028,Card
T004880,2023-03-17,P007,Bluetooth Speaker,Electronics,1,50.29,50.29,S004,C0030,UPI
T004881,2025-01-13,P005,Wireless Mouse,Electronics,2,26.4,52.8,S002,C0142,UPI
T004882,2024-06-02,P010,Tea Assortment,Food and Beverage,2,12.01,24.02,S002,C0120,Card
T004883,2024-11-02,P007,Bluetooth Speaker,Electronics,4,49.11,196.44,S004,C0161,Card
T004884,2025-07-06,P015,Storage Basket,Household,3,15.82,47.46,S004,C0255,Cash
T004885,2025-12-20,P004,Printer Paper,Stationery,4,6.6,26.4,S001,C0244,Card
T004886,2025-07-25,P010,Tea Assortment,Food and Beverage,4,12.51,50.04,S004,C0072,Cash
T004887,2025-06-22,P011,Reusable Water Bottle,Food and Beverage,3,18.51,55.53,S003,C0218,Bank Transfer
T004888,2024-11-15,P009,Coffee Beans,Food and Beverage,1,15.63,15.63,S001,C0192,Card
T004889,2025-05-22,P014,Cleaning Spray,Household,1,6.82,6.82,S003,C0267,UPI
T004890,2025-11-26,P010,Tea Assortment,Food and Beverage,5,12.45,62.25,S004,C0106,UPI
T004891,2023-01-16,P005,Wireless Mouse,Electronics,4,24.69,98.76,S002,C0268,Bank Transfer
T004892,2023-08-24,P016,LED Bulb Pack,Household,1,12.64,12.64,S004,C0067,UPI
T004893,2023-09-29,P007,Bluetooth Speaker,Electronics,1,52.79,52.79,S003,C0056,Card
T004894,2023-05-05,P016,LED Bulb Pack,Household,3,11.41,34.23,S003,C0232,UPI
T004895,2023-02-03,P023,Hand Trowel,Outdoor,3,10.37,31.11,S003,C0189,Card
T004896,2024-09-03,P004,Printer Paper,Stationery,3,6.42,19.26,S001,C0068,Card
T004897,2023-12-04,P014,Cleaning Spray,Household,3,7.04,21.12,S001,C0096,Card
T004898,2025-02-23,P013,Hand Soap,Household,2,4.48,8.96,S001,C0188,Card
T004899,2024-06-01,P021,Garden Gloves,Outdoor,1,9.29,9.29,S002,C0005,UPI
T004900,2025-04-04,P005,Wireless Mouse,Electronics,5,24.06,120.3,S004,C0249,Cash
T004901,2024-06-09,P019,Baseball Cap,Apparel,5,16.43,82.15,S002,C0236,Cash
T004902,2025-03-06,P019,Baseball Cap,Apparel,3,16.02,48.06,S004,C0029,Card
T004903,2024-09-18,P024,Watering Can,Outdoor,3,21.6,64.8,S002,C0010,UPI
T004904,2023-06-13,P021,Garden Gloves,Outdoor,1,8.75,8.75,S003,C0111,Card
T004905,2023-04-19,P018,Canvas Tote Bag,Apparel,2,13.58,27.16,S003,C0072,Cash
T004906,2023-04-27,P010,Tea Assortment,Food and Beverage,2,12.37,24.74,S004,C0098,UPI
T004907,2025-05-18,P004,Printer Paper,Stationery,3,6.44,19.32,S004,C0159,Card
T004908,2025-01-16,P010,Tea Assortment,Food and Beverage,1,13.21,13.21,S001,C0001,Card
T004909,2024-11-02,P008,Webcam,Electronics,4,61.62,246.48,S003,C0196,UPI
T004910,2025-12-17,P002,Ballpoint Pen Pack,Stationery,1,4.96,4.96,S002,C0173,Card
T004911,2025-03-01,P012,Snack Box,Food and Beverage,4,23.49,93.96,S002,C0237,Card
T004912,2025-08-05,P003,Desk Organizer,Stationery,4,14.2,56.8,S004,C0005,UPI
T004913,2024-02-24,P024,Watering Can,Outdoor,1,21.35,21.35,S001,C0115,UPI
T004914,2023-06-22,P005,Wireless Mouse,Electronics,1,26.45,26.45,S002,C0248,UPI
T004915,2024-05-22,P002,Ballpoint Pen Pack,Stationery,2,5.48,10.96,S004,C0107,Bank Transfer
T004916,2023-03-24,P002,Ballpoint Pen Pack,Stationery,4,4.94,19.76,S002,C0227,Cash
T004917,2024-07-22,P009,Coffee Beans,Food and Beverage,1,14.82,14.82,S004,C0226,UPI
T004918,2024-03-21,P020,Running Socks,Apparel,4,9.79,39.16,S002,C0062,UPI
T004919,2023-03-23,P010,Tea Assortment,Food and Beverage,2,12.5,25.0,S001,C0117,Cash
T004920,2023-07-06,P011,Reusable Water Bottle,Food and Beverage,2,17.86,35.72,S001,C0076,Cash
T004921,2024-07-07,P021,Garden Gloves,Outdoor,4,8.93,35.72,S002,C0222,UPI
T004922,2025-08-08,P020,Running Socks,Apparel,3,10.36,31.08,S003,C0010,Card
T004923,2023-08-02,P019,Baseball Cap,Apparel,3,15.91,47.73,S003,C0278,UPI
T004924,2024-09-17,P015,Storage Basket,Household,2,16.44,32.88,S004,C0248,UPI
T004925,2024-05-09,P013,Hand Soap,Household,1,4.74,4.74,S001,C0300,Card
T004926,2023-11-27,P006,USB-C Hub,Electronics,4,32.87,131.48,S003,C0175,Card
T004927,2024-05-14,P018,Canvas Tote Bag,Apparel,2,12.95,25.9,S002,C0166,Card
T004928,2023-10-23,P003,Desk Organizer,Stationery,5,14.54,72.7,S001,C0107,Cash
T004929,2023-03-18,P005,Wireless Mouse,Electronics,1,25.58,25.58,S002,C0010,Card
T004930,2023-11-04,P019,Baseball Cap,Apparel,4,15.88,63.52,S003,C0241,Card
T004931,2023-07-16,P024,Watering Can,Outdoor,5,20.98,104.9,S002,C0058,Cash
T004932,2025-12-25,P021,Garden Gloves,Outdoor,1,9.42,9.42,S004,C0200,Cash
T004933,2025-12-26,P021,Garden Gloves,Outdoor,1,9.23,9.23,S001,C0001,Card
T004934,2024-10-15,P020,Running Socks,Apparel,1,9.49,9.49,S003,C0272,Card
T004935,2024-07-31,P005,Wireless Mouse,Electronics,1,26.24,26.24,S001,C0003,Cash
T004936,2025-11-14,P003,Desk Organizer,Stationery,2,14.65,29.3,S002,C0025,Card
T004937,2025-06-09,P014,Cleaning Spray,Household,1,7.43,7.43,S004,C0170,UPI
T004938,2023-05-02,P015,Storage Basket,Household,1,16.03,16.03,S003,C0093,Card
T004939,2025-11-09,P021,Garden Gloves,Outdoor,4,8.57,34.28,S003,C0233,Bank Transfer
T004940,2023-07-17,P003,Desk Organizer,Stationery,2,14.42,28.84,S003,C0251,Card
T004941,2024-01-06,P021,Garden Gloves,Outdoor,1,9.14,9.14,S003,C0093,Card
T004942,2025-06-12,P001,Notebook,Stationery,1,8.91,8.91,S004,C0041,UPI
T004943,2025-03-22,P003,Desk Organizer,Stationery,1,14.04,14.04,S002,C0214,UPI
T004944,2024-01-15,P022,Plant Pot,Outdoor,5,12.31,61.55,S003,C0197,Card
T004945,2023-03-15,P011,Reusable Water Bottle,Food and Beverage,1,18.63,18.63,S003,C0059,UPI
T004946,2023-12-11,P014,Cleaning Spray,Household,3,6.86,20.58,S001,C0207,UPI
T004947,2024-12-19,P021,Garden Gloves,Outdoor,5,8.57,42.85,S003,C0240,Card
T004948,2025-07-05,P016,LED Bulb Pack,Household,3,11.67,35.01,S002,C0023,UPI
T004949,2025-06-13,P006,USB-C Hub,Electronics,3,32.53,97.59,S003,C0118,Bank Transfer
T004950,2025-01-24,P002,Ballpoint Pen Pack,Stationery,2,5.35,10.7,S004,C0195,UPI
T004951,2025-11-20,P014,Cleaning Spray,Household,1,7.35,7.35,S004,C0029,Cash
T004952,2025-05-11,P006,USB-C Hub,Electronics,1,34.89,34.89,S003,C0015,Cash
T004953,2024-03-07,P023,Hand Trowel,Outdoor,1,10.3,10.3,S001,C0128,UPI
T004954,2025-07-08,P018,Canvas Tote Bag,Apparel,1,12.79,12.79,S004,C0283,Cash
T004955,2024-03-26,P010,Tea Assortment,Food and Beverage,4,12.97,51.88,S004,C0068,Card
T004956,2024-04-30,P011,Reusable Water Bottle,Food and Beverage,1,18.26,18.26,S004,C0145,Cash
T004957,2023-04-05,P013,Hand Soap,Household,1,5.03,5.03,S004,C0270,Cash
T004958,2024-12-17,P008,Webcam,Electronics,2,58.67,117.34,S004,C0182,UPI
T004959,2024-03-04,P013,Hand Soap,Household,4,4.94,19.76,S001,C0143,Card
T004960,2023-05-21,P009,Coffee Beans,Food and Beverage,2,15.24,30.48,S004,C0122,Cash
T004961,2025-04-21,P009,Coffee Beans,Food and Beverage,2,16.12,32.24,S002,C0195,UPI
T004962,2025-06-25,P002,Ballpoint Pen Pack,Stationery,3,5.15,15.45,S003,C0109,Cash
T004963,2023-01-21,P004,Printer Paper,Stationery,2,6.79,13.58,S001,C0024,UPI
T004964,2024-03-12,P002,Ballpoint Pen Pack,Stationery,1,5.29,5.29,S002,C0173,UPI
T004965,2024-12-05,P013,Hand Soap,Household,4,4.94,19.76,S001,C0254,Card
T004966,2023-09-21,P019,Baseball Cap,Apparel,1,15.22,15.22,S003,C0038,Cash
T004967,2025-10-10,P007,Bluetooth Speaker,Electronics,2,49.8,99.6,S003,C0061,UPI
T004968,2023-11-23,P011,Reusable Water Bottle,Food and Beverage,2,17.83,35.66,S004,C0204,Cash
T004969,2024-10-17,P022,Plant Pot,Outdoor,1,12.42,12.42,S002,C0005,Card
T004970,2025-02-08,P013,Hand Soap,Household,3,4.86,14.58,S004,C0071,Card
T004971,2024-12-03,P002,Ballpoint Pen Pack,Stationery,2,5.17,10.34,S001,C0191,Bank Transfer
T004972,2024-07-27,P008,Webcam,Electronics,2,59.11,118.22,S003,C0210,Cash
T004973,2025-07-31,P019,Baseball Cap,Apparel,5,15.26,76.3,S001,C0142,UPI
T004974,2023-09-09,P008,Webcam,Electronics,3,59.64,178.92,S002,C0167,Card
T004975,2025-07-05,P006,USB-C Hub,Electronics,1,34.09,34.09,S004,C0046,Card
T004976,2024-07-20,P018,Canvas Tote Bag,Apparel,1,13.75,13.75,S003,C0248,UPI
T004977,2025-09-09,P011,Reusable Water Bottle,Food and Beverage,2,18.38,36.76,S004,C0010,UPI
T004978,2023-01-12,P004,Printer Paper,Stationery,1,6.38,6.38,S002,C0078,Cash
T004979,2023-04-15,P007,Bluetooth Speaker,Electronics,1,50.38,50.38,S002,C0125,Card
T004980,2024-05-24,P019,Baseball Cap,Apparel,3,16.02,48.06,S001,C0041,Card
T004981,2023-05-23,P001,Notebook,Stationery,3,8.63,25.89,S002,C0212,Card
T004982,2025-11-26,P020,Running Socks,Apparel,4,9.67,38.68,S003,C0049,UPI
T004983,2024-04-07,P003,Desk Organizer,Stationery,1,14.23,14.23,S003,C0021,Card
T004984,2024-01-14,P009,Coffee Beans,Food and Beverage,3,15.66,46.98,S003,C0175,Cash
T004985,2024-12-06,P001,Notebook,Stationery,5,8.92,44.6,S001,C0111,UPI
T004986,2024-09-08,P012,Snack Box,Food and Beverage,2,23.28,46.56,S004,C0151,Card
T004987,2024-02-11,P022,Plant Pot,Outdoor,2,11.79,23.58,S004,C0203,Card
T004988,2024-05-10,P007,Bluetooth Speaker,Electronics,4,48.51,194.04,S001,C0214,Cash
T004989,2024-03-17,P009,Coffee Beans,Food and Beverage,1,15.4,15.4,S003,C0138,Card
T004990,2024-08-17,P011,Reusable Water Bottle,Food and Beverage,3,16.93,50.79,S004,C0256,Card
T004991,2023-04-09,P024,Watering Can,Outdoor,6,20.97,125.82,S001,C0284,UPI
T004992,2023-08-09,P001,Notebook,Stationery,3,8.34,25.02,S004,C0011,Cash
T004993,2024-03-26,P021,Garden Gloves,Outdoor,1,9.05,9.05,S004,C0126,UPI
T004994,2024-06-04,P009,Coffee Beans,Food and Beverage,3,14.6,43.8,S001,C0255,UPI
T004995,2025-08-02,P017,Cotton T-Shirt,Apparel,1,19.5,19.5,S001,C0297,Cash
T004996,2023-12-20,P005,Wireless Mouse,Electronics,2,25.98,51.96,S002,C0249,UPI
T004997,2024-01-23,P019,Baseball Cap,Apparel,2,15.5,31.0,S003,C0128,Card
T004998,2025-10-28,P013,Hand Soap,Household,1,4.92,4.92,S001,C0047,Bank Transfer
T004999,2025-05-11,P016,LED Bulb Pack,Household,6,12.0,72.0,S001,C0082,Bank Transfer
T005000,2024-10-15,P005,Wireless Mouse,Electronics,1,23.68,23.68,S003,C0198,Card
T005001,2023-02-11,P018,Canvas Tote Bag,Apparel,2,14.08,28.16,S002,C0164,Card
T005002,2025-08-14,P017,Cotton T-Shirt,Apparel,2,19.96,39.92,S004,C0231,Cash
T005003,2024-11-04,P024,Watering Can,Outdoor,1,21.45,21.45,S001,C0025,Cash
T005004,2025-08-21,P009,Coffee Beans,Food and Beverage,3,15.97,47.91,S001,C0030,Bank Transfer
T005005,2024-03-16,P009,Coffee Beans,Food and Beverage,1,16.28,16.28,S002,C0211,Card
T005006,2024-12-28,P022,Plant Pot,Outdoor,4,11.57,46.28,S003,C0149,Cash
T005007,2024-04-15,P007,Bluetooth Speaker,Electronics,3,51.14,153.42,S002,C0161,Card
T005008,2025-02-05,P001,Notebook,Stationery,1,8.25,8.25,S003,C0279,Card
T005009,2024-05-05,P012,Snack Box,Food and Beverage,2,21.55,43.1,S003,C0165,Card
T005010,2024-11-19,P005,Wireless Mouse,Electronics,3,24.54,73.62,S002,C0098,UPI
T005011,2024-07-04,P014,Cleaning Spray,Household,3,7.25,21.75,S003,C0160,UPI
T005012,2023-07-02,P021,Garden Gloves,Outdoor,5,9.05,45.25,S002,C0200,UPI
T005013,2023-09-04,P005,Wireless Mouse,Electronics,2,24.06,48.12,S002,C0178,Card
T005014,2024-11-03,P009,Coffee Beans,Food and Beverage,4,15.25,61.0,S002,C0255,Cash
T005015,2023-09-09,P010,Tea Assortment,Food and Beverage,5,11.99,59.95,S001,C0117,UPI
T005016,2023-09-10,P018,Canvas Tote Bag,Apparel,6,13.22,79.32,S002,C0079,Cash
T005017,2025-06-16,P022,Plant Pot,Outdoor,2,12.66,25.32,S001,C0103,Cash
T005018,2024-11-26,P014,Cleaning Spray,Household,3,7.48,22.44,S001,C0245,UPI
T005019,2023-01-20,P003,Desk Organizer,Stationery,2,13.23,26.46,S003,C0202,Cash
T005020,2025-06-01,P024,Watering Can,Outdoor,3,20.6,61.8,S002,C0015,Bank Transfer
T005021,2023-03-26,P022,Plant Pot,Outdoor,6,12.61,75.66,S002,C0229,Bank Transfer
T005022,2025-09-01,P020,Running Socks,Apparel,1,10.43,10.43,S001,C0243,Cash
T005023,2025-12-01,P005,Wireless Mouse,Electronics,1,25.44,25.44,S002,C0180,Cash
T005024,2025-06-07,P001,Notebook,Stationery,2,8.02,16.04,S002,C0215,Card
T005025,2025-04-14,P020,Running Socks,Apparel,1,9.7,9.7,S003,C0202,Card
T005026,2024-02-09,P013,Hand Soap,Household,3,5.01,15.03,S003,C0041,Bank Transfer
T005027,2025-04-29,P002,Ballpoint Pen Pack,Stationery,6,5.08,30.48,S002,C0097,Card
T005028,2025-12-09,P020,Running Socks,Apparel,4,9.93,39.72,S002,C0236,Card
T005029,2023-07-29,P012,Snack Box,Food and Beverage,1,23.72,23.72,S002,C0168,Card
T005030,2025-05-09,P002,Ballpoint Pen Pack,Stationery,5,4.94,24.7,S003,C0140,UPI
T005031,2023-11-13,P007,Bluetooth Speaker,Electronics,3,49.74,149.22,S002,C0168,Card
T005032,2023-10-20,P004,Printer Paper,Stationery,4,6.47,25.88,S001,C0249,Cash
T005033,2025-06-18,P022,Plant Pot,Outdoor,1,11.32,11.32,S001,C0284,Card
T005034,2023-01-08,P005,Wireless Mouse,Electronics,4,26.13,104.52,S004,C0141,Bank Transfer
T005035,2025-02-14,P004,Printer Paper,Stationery,5,6.37,31.85,S003,C0210,UPI
T005036,2025-05-13,P018,Canvas Tote Bag,Apparel,4,13.36,53.44,S004,C0121,Card
T005037,2025-11-30,P020,Running Socks,Apparel,1,10.54,10.54,S001,C0215,Card
T005038,2025-07-02,P015,Storage Basket,Household,4,17.26,69.04,S002,C0187,UPI
T005039,2025-11-25,P019,Baseball Cap,Apparel,3,16.64,49.92,S001,C0272,Card
T005040,2024-03-09,P024,Watering Can,Outdoor,4,21.35,85.4,S001,C0146,Card
T005041,2024-05-05,P005,Wireless Mouse,Electronics,3,25.33,75.99,S001,C0021,UPI
T005042,2023-04-01,P016,LED Bulb Pack,Household,3,12.66,37.98,S003,C0224,Card
T005043,2024-12-15,P004,Printer Paper,Stationery,4,6.52,26.08,S002,C0061,UPI
T005044,2025-02-10,P019,Baseball Cap,Apparel,2,16.73,33.46,S004,C0230,UPI
T005045,2024-10-06,P006,USB-C Hub,Electronics,1,33.64,33.64,S003,C0129,UPI
T005046,2023-10-13,P002,Ballpoint Pen Pack,Stationery,2,5.37,10.74,S001,C0277,UPI
T005047,2023-03-27,P013,Hand Soap,Household,4,4.86,19.44,S004,C0267,UPI
T005048,2024-01-10,P024,Watering Can,Outdoor,1,21.25,21.25,S001,C0071,Card
T005049,2025-12-19,P001,Notebook,Stationery,1,8.48,8.48,S003,C0015,UPI
T005050,2023-09-26,P008,Webcam,Electronics,3,57.41,172.23,S001,C0119,UPI
T005051,2023-08-09,P022,Plant Pot,Outdoor,1,11.69,11.69,S004,C0261,UPI
T005052,2025-12-04,P002,Ballpoint Pen Pack,Stationery,5,5.01,25.05,S001,C0262,Card
T005053,2024-05-01,P017,Cotton T-Shirt,Apparel,1,20.15,20.15,S004,C0074,Card
T005054,2025-05-10,P007,Bluetooth Speaker,Electronics,3,51.99,155.97,S004,C0235,Cash
T005055,2023-05-27,P024,Watering Can,Outdoor,1,21.89,21.89,S004,C0254,UPI
T005056,2025-10-20,P018,Canvas Tote Bag,Apparel,3,14.24,42.72,S001,C0059,Bank Transfer
T005057,2024-03-24,P023,Hand Trowel,Outdoor,3,10.03,30.09,S001,C0101,Card
T005058,2023-08-23,P017,Cotton T-Shirt,Apparel,3,20.07,60.21,S001,C0051,Card
T005059,2023-04-19,P018,Canvas Tote Bag,Apparel,2,13.61,27.22,S001,C0133,Card
T005060,2023-03-18,P003,Desk Organizer,Stationery,2,13.67,27.34,S001,C0170,Bank Transfer
T005061,2024-06-22,P015,Storage Basket,Household,3,15.73,47.19,S002,C0109,UPI
T005062,2023-04-16,P001,Notebook,Stationery,1,8.49,8.49,S003,C0134,Card
T005063,2025-03-17,P008,Webcam,Electronics,2,59.59,119.18,S002,C0276,Cash
T005064,2023-06-04,P022,Plant Pot,Outdoor,1,11.81,11.81,S001,C0173,Card
T005065,2023-05-22,P004,Printer Paper,Stationery,4,6.64,26.56,S004,C0220,UPI
T005066,2023-05-02,P008,Webcam,Electronics,5,56.16,280.8,S002,C0292,UPI
T005067,2025-01-04,P009,Coffee Beans,Food and Beverage,4,15.11,60.44,S004,C0121,UPI
T005068,2024-11-08,P001,Notebook,Stationery,4,8.34,33.36,S003,C0060,Card
T005069,2025-02-08,P001,Notebook,Stationery,2,8.12,16.24,S001,C0236,UPI
T005070,2025-11-29,P018,Canvas Tote Bag,Apparel,1,13.8,13.8,S001,C0026,UPI
T005071,2024-03-23,P016,LED Bulb Pack,Household,4,11.77,47.08,S002,C0121,UPI
T005072,2023-10-08,P015,Storage Basket,Household,3,17.14,51.42,S003,C0187,Cash
T005073,2023-07-12,P007,Bluetooth Speaker,Electronics,1,52.82,52.82,S001,C0037,UPI
T005074,2024-01-31,P006,USB-C Hub,Electronics,2,33.07,66.14,S001,C0102,UPI
T005075,2023-09-27,P003,Desk Organizer,Stationery,1,14.81,14.81,S001,C0034,Card
T005076,2024-06-06,P008,Webcam,Electronics,3,56.57,169.71,S002,C0161,Card
T005077,2023-12-10,P021,Garden Gloves,Outdoor,3,8.84,26.52,S003,C0246,Card
T005078,2024-12-05,P018,Canvas Tote Bag,Apparel,3,13.13,39.39,S001,C0031,UPI
T005079,2024-09-06,P018,Canvas Tote Bag,Apparel,2,12.71,25.42,S002,C0016,Card
T005080,2023-06-11,P004,Printer Paper,Stationery,3,6.9,20.7,S003,C0133,Card
T005081,2025-12-01,P011,Reusable Water Bottle,Food and Beverage,4,18.7,74.8,S002,C0238,Card
T005082,2024-12-28,P005,Wireless Mouse,Electronics,3,26.42,79.26,S004,C0132,Cash
T005083,2024-11-24,P009,Coffee Beans,Food and Beverage,6,15.66,93.96,S004,C0135,UPI
T005084,2024-07-27,P016,LED Bulb Pack,Household,3,11.92,35.76,S001,C0160,UPI
T005085,2025-10-30,P016,LED Bulb Pack,Household,1,12.69,12.69,S001,C0029,Card
T005086,2024-09-28,P002,Ballpoint Pen Pack,Stationery,2,5.51,11.02,S002,C0088,Card
T005087,2024-01-21,P009,Coffee Beans,Food and Beverage,1,15.09,15.09,S002,C0101,Card
T005088,2023-05-22,P004,Printer Paper,Stationery,1,6.42,6.42,S002,C0005,Card
T005089,2023-05-05,P002,Ballpoint Pen Pack,Stationery,2,5.56,11.12,S004,C0101,UPI
T005090,2025-03-19,P014,Cleaning Spray,Household,2,7.09,14.18,S002,C0033,Cash
T005091,2023-02-15,P004,Printer Paper,Stationery,5,6.72,33.6,S001,C0191,Card
T005092,2023-12-01,P013,Hand Soap,Household,3,4.77,14.31,S002,C0022,UPI
T005093,2025-08-31,P021,Garden Gloves,Outdoor,4,8.97,35.88,S004,C0167,Bank Transfer
T005094,2024-02-18,P006,USB-C Hub,Electronics,2,34.78,69.56,S003,C0126,Card
T005095,2024-06-09,P003,Desk Organizer,Stationery,2,13.41,26.82,S003,C0280,UPI
T005096,2023-07-23,P004,Printer Paper,Stationery,2,7.13,14.26,S003,C0163,UPI
T005097,2023-06-13,P019,Baseball Cap,Apparel,1,15.87,15.87,S004,C0177,Cash
T005098,2023-05-26,P010,Tea Assortment,Food and Beverage,4,12.16,48.64,S001,C0162,Card
T005099,2025-12-30,P001,Notebook,Stationery,1,8.05,8.05,S001,C0260,Card
T005100,2023-11-28,P006,USB-C Hub,Electronics,5,34.11,170.55,S004,C0022,Card
T005101,2023-02-02,P013,Hand Soap,Household,1,4.71,4.71,S002,C0208,UPI
T005102,2024-01-10,P009,Coffee Beans,Food and Beverage,2,15.67,31.34,S001,C0299,UPI
T005103,2023-10-16,P002,Ballpoint Pen Pack,Stationery,1,5.24,5.24,S004,C0031,Card
T005104,2024-08-01,P013,Hand Soap,Household,6,4.99,29.94,S003,C0152,UPI
T005105,2025-05-16,P006,USB-C Hub,Electronics,1,36.47,36.47,S004,C0053,UPI
T005106,2024-09-12,P004,Printer Paper,Stationery,1,6.72,6.72,S002,C0079,Card
T005107,2024-12-23,P004,Printer Paper,Stationery,2,6.57,13.14,S004,C0032,Bank Transfer
T005108,2025-10-18,P007,Bluetooth Speaker,Electronics,2,49.47,98.94,S001,C0206,Bank Transfer
T005109,2024-09-03,P006,USB-C Hub,Electronics,1,34.76,34.76,S001,C0198,Cash
T005110,2023-05-06,P002,Ballpoint Pen Pack,Stationery,1,5.24,5.24,S003,C0094,Card
T005111,2025-01-16,P011,Reusable Water Bottle,Food and Beverage,4,17.81,71.24,S001,C0285,Card
T005112,2025-11-01,P001,Notebook,Stationery,2,8.59,17.18,S004,C0257,UPI
T005113,2024-09-07,P024,Watering Can,Outdoor,2,20.59,41.18,S001,C0086,UPI
T005114,2025-08-20,P005,Wireless Mouse,Electronics,2,24.39,48.78,S002,C0210,Card
T005115,2024-01-02,P015,Storage Basket,Household,1,16.84,16.84,S004,C0187,Card
T005116,2023-01-30,P018,Canvas Tote Bag,Apparel,1,13.27,13.27,S002,C0220,Cash
T005117,2024-12-08,P009,Coffee Beans,Food and Beverage,3,14.74,44.22,S002,C0279,UPI
T005118,2025-11-10,P007,Bluetooth Speaker,Electronics,2,47.89,95.78,S004,C0161,UPI
T005119,2024-12-09,P020,Running Socks,Apparel,5,9.46,47.3,S003,C0140,Bank Transfer
T005120,2025-01-22,P005,Wireless Mouse,Electronics,1,25.63,25.63,S003,C0080,Card
T005121,2025-11-21,P007,Bluetooth Speaker,Electronics,4,47.84,191.36,S001,C0224,Card
T005122,2024-05-03,P024,Watering Can,Outdoor,4,21.75,87.0,S001,C0257,Card
T005123,2025-04-15,P014,Cleaning Spray,Household,1,7.42,7.42,S001,C0150,Card
T005124,2023-02-05,P009,Coffee Beans,Food and Beverage,2,14.91,29.82,S001,C0147,Card
T005125,2025-11-12,P010,Tea Assortment,Food and Beverage,2,12.75,25.5,S001,C0072,Card
T005126,2025-11-10,P016,LED Bulb Pack,Household,1,11.83,11.83,S002,C0050,UPI
T005127,2024-10-19,P002,Ballpoint Pen Pack,Stationery,1,5.05,5.05,S001,C0282,Card
T005128,2025-01-11,P020,Running Socks,Apparel,2,9.71,19.42,S001,C0023,UPI
T005129,2023-11-20,P014,Cleaning Spray,Household,2,7.6,15.2,S004,C0154,Bank Transfer
T005130,2023-01-10,P024,Watering Can,Outdoor,4,20.26,81.04,S001,C0223,Card
T005131,2025-09-14,P009,Coffee Beans,Food and Beverage,6,15.08,90.48,S001,C0099,UPI
T005132,2025-03-09,P006,USB-C Hub,Electronics,2,32.99,65.98,S001,C0068,Card
T005133,2024-01-05,P005,Wireless Mouse,Electronics,4,25.77,103.08,S001,C0009,UPI
T005134,2023-08-27,P001,Notebook,Stationery,4,8.29,33.16,S002,C0232,Card
T005135,2025-01-16,P010,Tea Assortment,Food and Beverage,4,13.32,53.28,S001,C0138,Card
T005136,2025-06-27,P015,Storage Basket,Household,2,16.59,33.18,S002,C0219,UPI
T005137,2024-06-03,P019,Baseball Cap,Apparel,1,15.35,15.35,S003,C0165,UPI
T005138,2025-06-17,P007,Bluetooth Speaker,Electronics,3,51.28,153.84,S003,C0096,Card
T005139,2025-01-14,P014,Cleaning Spray,Household,1,7.62,7.62,S001,C0296,UPI
T005140,2023-10-29,P021,Garden Gloves,Outdoor,2,8.71,17.42,S002,C0087,Card
T005141,2023-06-17,P002,Ballpoint Pen Pack,Stationery,2,5.56,11.12,S001,C0214,Bank Transfer
T005142,2024-07-26,P018,Canvas Tote Bag,Apparel,1,13.86,13.86,S004,C0226,Card
T005143,2025-01-19,P023,Hand Trowel,Outdoor,1,9.9,9.9,S003,C0300,Card
T005144,2024-02-04,P016,LED Bulb Pack,Household,2,12.54,25.08,S004,C0187,Card
T005145,2023-01-09,P018,Canvas Tote Bag,Apparel,2,13.07,26.14,S001,C0047,UPI
T005146,2023-05-27,P005,Wireless Mouse,Electronics,4,23.68,94.72,S001,C0026,UPI
T005147,2023-02-15,P013,Hand Soap,Household,1,4.71,4.71,S003,C0077,UPI
T005148,2023-01-26,P016,LED Bulb Pack,Household,6,12.33,73.98,S004,C0055,UPI
T005149,2023-06-20,P001,Notebook,Stationery,2,8.04,16.08,S001,C0043,UPI
T005150,2023-02-28,P014,Cleaning Spray,Household,1,7.07,7.07,S001,C0039,Cash
T005151,2025-10-16,P001,Notebook,Stationery,1,8.98,8.98,S001,C0042,Card
T005152,2023-10-06,P015,Storage Basket,Household,2,16.54,33.08,S001,C0279,Card
T005153,2024-11-26,P005,Wireless Mouse,Electronics,2,25.79,51.58,S003,C0098,Card
T005154,2025-03-02,P019,Baseball Cap,Apparel,4,16.07,64.28,S004,C0009,UPI
T005155,2023-10-06,P001,Notebook,Stationery,1,8.64,8.64,S001,C0014,Card
T005156,2024-10-23,P007,Bluetooth Speaker,Electronics,2,48.28,96.56,S003,C0048,Card
T005157,2024-12-29,P017,Cotton T-Shirt,Apparel,2,18.93,37.86,S002,C0243,UPI
T005158,2024-12-27,P012,Snack Box,Food and Beverage,2,22.49,44.98,S001,C0236,Card
T005159,2025-04-20,P015,Storage Basket,Household,2,16.88,33.76,S002,C0157,Card
T005160,2024-12-08,P012,Snack Box,Food and Beverage,3,23.37,70.11,S004,C0043,Cash
T005161,2025-03-16,P018,Canvas Tote Bag,Apparel,1,13.6,13.6,S004,C0003,Card
T005162,2025-10-26,P017,Cotton T-Shirt,Apparel,2,19.42,38.84,S002,C0144,Bank Transfer
T005163,2023-02-06,P002,Ballpoint Pen Pack,Stationery,2,5.46,10.92,S002,C0065,Card
T005164,2024-05-25,P005,Wireless Mouse,Electronics,1,24.58,24.58,S004,C0071,Card
T005165,2025-06-26,P005,Wireless Mouse,Electronics,5,24.82,124.1,S003,C0252,Cash
T005166,2023-08-13,P014,Cleaning Spray,Household,4,7.34,29.36,S001,C0072,UPI
T005167,2023-02-03,P010,Tea Assortment,Food and Beverage,1,12.08,12.08,S001,C0291,Card
T005168,2025-01-04,P023,Hand Trowel,Outdoor,2,10.06,20.12,S004,C0240,Card
T005169,2023-08-25,P001,Notebook,Stationery,1,8.78,8.78,S004,C0258,Bank Transfer
T005170,2025-08-17,P002,Ballpoint Pen Pack,Stationery,2,5.33,10.66,S003,C0224,Card
T005171,2025-04-08,P017,Cotton T-Shirt,Apparel,1,20.3,20.3,S001,C0265,Cash
T005172,2023-06-04,P003,Desk Organizer,Stationery,1,13.4,13.4,S003,C0292,UPI
T005173,2025-02-14,P013,Hand Soap,Household,1,4.73,4.73,S002,C0166,Card
T005174,2023-11-26,P020,Running Socks,Apparel,3,9.99,29.97,S004,C0162,Cash
T005175,2024-09-04,P010,Tea Assortment,Food and Beverage,1,13.31,13.31,S001,C0032,UPI
T005176,2025-03-16,P013,Hand Soap,Household,2,4.57,9.14,S004,C0164,Card
T005177,2024-08-25,P007,Bluetooth Speaker,Electronics,1,51.09,51.09,S004,C0065,Card
T005178,2025-07-30,P002,Ballpoint Pen Pack,Stationery,3,5.13,15.39,S003,C0220,Card
T005179,2024-05-08,P005,Wireless Mouse,Electronics,1,24.02,24.02,S001,C0206,Card
T005180,2025-09-25,P001,Notebook,Stationery,3,8.21,24.63,S001,C0143,Card
T005181,2025-06-13,P021,Garden Gloves,Outdoor,1,8.46,8.46,S001,C0262,UPI
T005182,2024-04-26,P002,Ballpoint Pen Pack,Stationery,4,5.36,21.44,S002,C0237,Card
T005183,2025-01-17,P014,Cleaning Spray,Household,3,7.37,22.11,S003,C0178,UPI
T005184,2023-12-19,P004,Printer Paper,Stationery,5,6.39,31.95,S001,C0152,Card
T005185,2025-04-22,P005,Wireless Mouse,Electronics,1,26.22,26.22,S003,C0265,Card
T005186,2024-04-05,P014,Cleaning Spray,Household,2,6.93,13.86,S001,C0245,UPI
T005187,2023-04-03,P016,LED Bulb Pack,Household,1,12.35,12.35,S001,C0276,Card
T005188,2025-03-23,P014,Cleaning Spray,Household,2,7.12,14.24,S001,C0050,Card
T005189,2023-03-27,P002,Ballpoint Pen Pack,Stationery,2,5.47,10.94,S004,C0143,Cash
T005190,2025-08-04,P013,Hand Soap,Household,1,5.03,5.03,S002,C0140,UPI
T005191,2025-12-11,P003,Desk Organizer,Stationery,3,13.56,40.68,S003,C0098,Card
T005192,2024-07-19,P014,Cleaning Spray,Household,1,7.57,7.57,S004,C0258,Cash
T005193,2024-12-28,P014,Cleaning Spray,Household,2,7.09,14.18,S004,C0158,Card
T005194,2025-01-25,P001,Notebook,Stationery,4,8.67,34.68,S002,C0054,Cash
T005195,2025-09-18,P004,Printer Paper,Stationery,2,6.63,13.26,S002,C0167,Card
T005196,2025-04-01,P015,Storage Basket,Household,5,16.59,82.95,S004,C0241,Card
T005197,2024-09-25,P015,Storage Basket,Household,2,17.11,34.22,S003,C0029,Card
T005198,2025-07-17,P015,Storage Basket,Household,2,17.42,34.84,S002,C0200,UPI
T005199,2024-03-18,P013,Hand Soap,Household,2,4.52,9.04,S001,C0188,Card
T005200,2024-08-31,P017,Cotton T-Shirt,Apparel,2,20.26,40.52,S004,C0083,Card
T005201,2023-12-29,P007,Bluetooth Speaker,Electronics,3,48.76,146.28,S001,C0036,Cash
T005202,2025-05-06,P001,Notebook,Stationery,1,8.57,8.57,S002,C0168,UPI
T005203,2024-01-30,P006,USB-C Hub,Electronics,2,33.45,66.9,S001,C0223,Card
T005204,2023-03-17,P016,LED Bulb Pack,Household,1,12.1,12.1,S001,C0107,UPI
T005205,2023-04-22,P012,Snack Box,Food and Beverage,1,22.23,22.23,S004,C0010,Bank Transfer
T005206,2023-01-14,P021,Garden Gloves,Outdoor,2,9.36,18.72,S003,C0137,Card
T005207,2024-07-17,P018,Canvas Tote Bag,Apparel,2,13.02,26.04,S003,C0215,UPI
T005208,2024-03-12,P017,Cotton T-Shirt,Apparel,1,19.25,19.25,S001,C0007,Card
T005209,2025-01-23,P012,Snack Box,Food and Beverage,6,23.48,140.88,S002,C0022,Card
T005210,2023-03-13,P003,Desk Organizer,Stationery,5,13.88,69.4,S004,C0198,Bank Transfer
T005211,2023-04-12,P009,Coffee Beans,Food and Beverage,6,14.67,88.02,S002,C0128,Cash
T005212,2023-07-22,P003,Desk Organizer,Stationery,3,14.72,44.16,S002,C0192,Card
T005213,2023-05-02,P015,Storage Basket,Household,2,15.77,31.54,S003,C0208,Card
T005214,2024-10-10,P009,Coffee Beans,Food and Beverage,1,14.63,14.63,S003,C0187,Cash
T005215,2024-12-22,P001,Notebook,Stationery,2,8.28,16.56,S004,C0156,UPI
T005216,2023-12-12,P007,Bluetooth Speaker,Electronics,3,50.72,152.16,S001,C0269,UPI
T005217,2025-08-14,P007,Bluetooth Speaker,Electronics,1,47.29,47.29,S001,C0065,UPI
T005218,2024-09-24,P007,Bluetooth Speaker,Electronics,1,48.23,48.23,S004,C0120,Card
T005219,2023-08-21,P008,Webcam,Electronics,2,59.13,118.26,S001,C0205,Card
T005220,2023-07-24,P020,Running Socks,Apparel,3,9.54,28.62,S004,C0174,Cash
T005221,2024-03-29,P013,Hand Soap,Household,1,4.87,4.87,S002,C0295,Card
T005222,2023-03-21,P020,Running Socks,Apparel,1,10.24,10.24,S001,C0074,Card
T005223,2024-02-04,P010,Tea Assortment,Food and Beverage,1,12.78,12.78,S004,C0222,Cash
T005224,2023-05-03,P008,Webcam,Electronics,2,56.99,113.98,S002,C0183,UPI
T005225,2025-08-25,P013,Hand Soap,Household,1,5.02,5.02,S001,C0203,Card
T005226,2024-11-29,P005,Wireless Mouse,Electronics,1,24.3,24.3,S003,C0216,Cash
T005227,2023-04-22,P006,USB-C Hub,Electronics,2,33.6,67.2,S002,C0213,Card
T005228,2025-10-09,P002,Ballpoint Pen Pack,Stationery,1,5.52,5.52,S004,C0109,Card
T005229,2023-11-12,P022,Plant Pot,Outdoor,1,11.98,11.98,S004,C0019,Card
T005230,2023-01-16,P009,Coffee Beans,Food and Beverage,3,15.76,47.28,S003,C0082,Card
T005231,2024-01-04,P013,Hand Soap,Household,1,4.69,4.69,S001,C0285,Bank Transfer
T005232,2025-11-15,P001,Notebook,Stationery,3,8.4,25.2,S001,C0088,Cash
T005233,2023-01-14,P013,Hand Soap,Household,2,4.61,9.22,S004,C0081,Card
T005234,2023-11-10,P012,Snack Box,Food and Beverage,2,22.65,45.3,S001,C0180,Card
T005235,2025-12-24,P015,Storage Basket,Household,4,16.86,67.44,S001,C0020,UPI
T005236,2023-03-14,P005,Wireless Mouse,Electronics,5,23.7,118.5,S001,C0263,Card
T005237,2025-05-27,P024,Watering Can,Outdoor,4,20.75,83.0,S002,C0061,UPI
T005238,2023-08-02,P001,Notebook,Stationery,2,8.72,17.44,S004,C0300,Card
T005239,2023-11-10,P019,Baseball Cap,Apparel,1,16.36,16.36,S001,C0297,Cash
T005240,2024-11-23,P003,Desk Organizer,Stationery,2,14.41,28.82,S002,C0185,Card
T005241,2024-10-03,P021,Garden Gloves,Outdoor,5,8.61,43.05,S004,C0013,Card
T005242,2025-06-15,P005,Wireless Mouse,Electronics,3,23.89,71.67,S001,C0263,Bank Transfer
T005243,2024-09-25,P005,Wireless Mouse,Electronics,1,25.38,25.38,S003,C0143,UPI
T005244,2023-09-07,P006,USB-C Hub,Electronics,3,35.42,106.26,S002,C0079,UPI
T005245,2025-01-13,P007,Bluetooth Speaker,Electronics,1,52.24,52.24,S004,C0271,Card
T005246,2025-08-22,P006,USB-C Hub,Electronics,1,33.03,33.03,S002,C0053,Card
T005247,2023-11-05,P008,Webcam,Electronics,3,61.59,184.77,S003,C0165,Cash
T005248,2025-04-20,P017,Cotton T-Shirt,Apparel,3,19.81,59.43,S003,C0194,Cash
T005249,2025-10-15,P010,Tea Assortment,Food and Beverage,2,12.77,25.54,S004,C0012,Card
T005250,2024-04-14,P016,LED Bulb Pack,Household,1,12.46,12.46,S004,C0062,UPI
T005251,2023-02-25,P003,Desk Organizer,Stationery,2,13.9,27.8,S002,C0241,Card
T005252,2023-01-14,P018,Canvas Tote Bag,Apparel,1,13.7,13.7,S003,C0211,Cash
T005253,2025-10-12,P002,Ballpoint Pen Pack,Stationery,5,5.47,27.35,S001,C0215,UPI
T005254,2023-02-25,P022,Plant Pot,Outdoor,1,11.61,11.61,S004,C0136,Cash
T005255,2025-06-27,P007,Bluetooth Speaker,Electronics,6,52.38,314.28,S001,C0298,UPI
T005256,2025-12-10,P021,Garden Gloves,Outdoor,2,8.85,17.7,S001,C0133,Card
T005257,2023-08-09,P001,Notebook,Stationery,4,8.95,35.8,S002,C0029,Card
T005258,2025-02-04,P014,Cleaning Spray,Household,6,7.09,42.54,S004,C0266,Card
T005259,2024-01-09,P023,Hand Trowel,Outdoor,1,10.6,10.6,S004,C0203,Card
T005260,2024-07-10,P002,Ballpoint Pen Pack,Stationery,1,5.39,5.39,S002,C0106,Bank Transfer
T005261,2025-11-24,P016,LED Bulb Pack,Household,4,11.72,46.88,S001,C0242,UPI
T005262,2023-01-01,P005,Wireless Mouse,Electronics,2,23.52,47.04,S002,C0163,UPI
T005263,2023-09-20,P002,Ballpoint Pen Pack,Stationery,1,5.5,5.5,S001,C0265,UPI
T005264,2023-09-21,P024,Watering Can,Outdoor,2,20.03,40.06,S004,C0274,UPI
T005265,2023-12-26,P003,Desk Organizer,Stationery,5,14.07,70.35,S003,C0187,UPI
T005266,2023-12-17,P009,Coffee Beans,Food and Beverage,4,15.75,63.0,S003,C0102,UPI
T005267,2025-06-26,P004,Printer Paper,Stationery,1,7.06,7.06,S004,C0007,Card
T005268,2024-07-18,P014,Cleaning Spray,Household,3,7.68,23.04,S001,C0015,UPI
T005269,2023-05-24,P023,Hand Trowel,Outdoor,2,11.01,22.02,S002,C0191,Card
T005270,2023-02-25,P024,Watering Can,Outdoor,2,20.77,41.54,S004,C0171,UPI
T005271,2024-04-24,P002,Ballpoint Pen Pack,Stationery,2,5.03,10.06,S001,C0092,UPI
T005272,2024-12-13,P003,Desk Organizer,Stationery,2,14.8,29.6,S001,C0058,Card
T005273,2024-09-13,P001,Notebook,Stationery,3,8.6,25.8,S004,C0116,UPI
T005274,2023-05-26,P024,Watering Can,Outdoor,2,21.73,43.46,S002,C0033,Card
T005275,2024-08-28,P007,Bluetooth Speaker,Electronics,2,52.49,104.98,S003,C0254,UPI
T005276,2025-08-30,P018,Canvas Tote Bag,Apparel,1,13.06,13.06,S001,C0263,Card
T005277,2024-09-28,P020,Running Socks,Apparel,2,9.63,19.26,S003,C0182,UPI
T005278,2025-07-11,P009,Coffee Beans,Food and Beverage,5,15.73,78.65,S002,C0201,UPI
T005279,2023-10-10,P017,Cotton T-Shirt,Apparel,2,19.15,38.3,S001,C0020,UPI
T005280,2025-08-09,P005,Wireless Mouse,Electronics,1,26.43,26.43,S004,C0235,Bank Transfer
T005281,2023-04-16,P022,Plant Pot,Outdoor,3,11.83,35.49,S002,C0051,UPI
T005282,2025-05-29,P018,Canvas Tote Bag,Apparel,1,13.89,13.89,S004,C0229,Cash
T005283,2025-04-11,P002,Ballpoint Pen Pack,Stationery,1,5.0,5.0,S002,C0042,UPI
T005284,2025-12-13,P002,Ballpoint Pen Pack,Stationery,2,5.35,10.7,S003,C0241,UPI
T005285,2024-05-20,P019,Baseball Cap,Apparel,2,15.63,31.26,S004,C0275,UPI
T005286,2024-08-20,P015,Storage Basket,Household,2,15.73,31.46,S001,C0007,Card
T005287,2025-05-02,P011,Reusable Water Bottle,Food and Beverage,2,17.86,35.72,S003,C0274,Card
T005288,2024-08-28,P003,Desk Organizer,Stationery,2,14.51,29.02,S004,C0060,UPI
T005289,2025-07-09,P005,Wireless Mouse,Electronics,2,24.27,48.54,S002,C0072,Card
T005290,2024-12-07,P011,Reusable Water Bottle,Food and Beverage,5,18.34,91.7,S004,C0111,UPI
T005291,2023-06-12,P017,Cotton T-Shirt,Apparel,1,21.16,21.16,S003,C0098,UPI
T005292,2025-05-08,P020,Running Socks,Apparel,3,9.62,28.86,S001,C0189,UPI
T005293,2023-05-27,P010,Tea Assortment,Food and Beverage,3,12.99,38.97,S004,C0137,Cash
T005294,2025-08-03,P014,Cleaning Spray,Household,1,6.97,6.97,S004,C0221,UPI
T005295,2023-07-29,P017,Cotton T-Shirt,Apparel,3,19.54,58.62,S003,C0075,UPI
T005296,2025-12-06,P002,Ballpoint Pen Pack,Stationery,4,5.2,20.8,S001,C0124,Card
T005297,2025-12-03,P021,Garden Gloves,Outdoor,5,8.56,42.8,S001,C0128,UPI
T005298,2024-04-20,P001,Notebook,Stationery,1,8.74,8.74,S003,C0298,Card
T005299,2023-03-17,P009,Coffee Beans,Food and Beverage,1,14.66,14.66,S003,C0040,Card
T005300,2024-03-07,P002,Ballpoint Pen Pack,Stationery,5,5.33,26.65,S004,C0002,Card
T005301,2025-11-07,P006,USB-C Hub,Electronics,1,32.73,32.73,S002,C0002,Cash
T005302,2024-03-09,P017,Cotton T-Shirt,Apparel,6,20.2,121.2,S004,C0119,Card
T005303,2023-07-04,P024,Watering Can,Outdoor,3,20.65,61.95,S001,C0161,Bank Transfer
T005304,2025-09-21,P003,Desk Organizer,Stationery,2,14.77,29.54,S003,C0066,Card
T005305,2024-02-26,P014,Cleaning Spray,Household,1,7.04,7.04,S004,C0161,Card
T005306,2023-10-08,P009,Coffee Beans,Food and Beverage,2,16.07,32.14,S003,C0003,Cash
T005307,2023-03-15,P009,Coffee Beans,Food and Beverage,2,16.2,32.4,S001,C0086,UPI
T005308,2024-08-23,P006,USB-C Hub,Electronics,3,35.53,106.59,S002,C0222,Card
T005309,2023-09-29,P015,Storage Basket,Household,1,16.23,16.23,S004,C0280,UPI
T005310,2024-07-23,P008,Webcam,Electronics,3,61.45,184.35,S003,C0217,Cash
T005311,2024-06-19,P020,Running Socks,Apparel,1,10.49,10.49,S001,C0300,Cash
T005312,2024-11-30,P003,Desk Organizer,Stationery,3,13.89,41.67,S003,C0291,Card
T005313,2024-02-03,P024,Watering Can,Outdoor,1,20.42,20.42,S004,C0261,Card
T005314,2024-01-25,P017,Cotton T-Shirt,Apparel,2,19.32,38.64,S002,C0108,UPI
T005315,2025-01-23,P010,Tea Assortment,Food and Beverage,1,13.29,13.29,S004,C0185,Bank Transfer
T005316,2024-03-31,P018,Canvas Tote Bag,Apparel,1,12.95,12.95,S002,C0039,Cash
T005317,2024-06-19,P008,Webcam,Electronics,3,57.61,172.83,S001,C0110,Cash
T005318,2025-09-26,P021,Garden Gloves,Outdoor,3,8.77,26.31,S003,C0095,Card
T005319,2025-08-29,P020,Running Socks,Apparel,1,10.13,10.13,S004,C0286,Cash
T005320,2024-12-08,P023,Hand Trowel,Outdoor,1,10.39,10.39,S004,C0153,UPI
T005321,2023-04-19,P014,Cleaning Spray,Household,1,7.22,7.22,S001,C0294,Card
T005322,2024-07-18,P003,Desk Organizer,Stationery,1,14.78,14.78,S004,C0238,Card
T005323,2024-10-17,P022,Plant Pot,Outdoor,3,11.92,35.76,S003,C0054,Card
T005324,2024-12-09,P016,LED Bulb Pack,Household,3,11.86,35.58,S004,C0027,UPI
T005325,2023-01-17,P015,Storage Basket,Household,6,16.44,98.64,S003,C0210,UPI
T005326,2023-08-15,P023,Hand Trowel,Outdoor,1,10.1,10.1,S002,C0193,Cash
T005327,2025-06-28,P005,Wireless Mouse,Electronics,2,24.47,48.94,S001,C0070,Cash
T005328,2025-08-31,P001,Notebook,Stationery,1,8.81,8.81,S003,C0259,Card
T005329,2023-09-22,P009,Coffee Beans,Food and Beverage,2,16.23,32.46,S002,C0060,UPI
T005330,2024-11-21,P001,Notebook,Stationery,2,8.73,17.46,S002,C0206,Card
T005331,2025-03-25,P008,Webcam,Electronics,5,56.03,280.15,S001,C0011,Card
T005332,2025-02-11,P024,Watering Can,Outdoor,4,21.11,84.44,S002,C0153,UPI
T005333,2024-08-08,P006,USB-C Hub,Electronics,1,32.61,32.61,S001,C0029,Card
T005334,2025-05-06,P024,Watering Can,Outdoor,3,19.95,59.85,S004,C0089,UPI
T005335,2023-02-16,P005,Wireless Mouse,Electronics,3,26.0,78.0,S001,C0134,UPI
T005336,2023-12-11,P004,Printer Paper,Stationery,1,6.97,6.97,S003,C0113,Cash
T005337,2024-11-04,P024,Watering Can,Outdoor,4,21.14,84.56,S001,C0170,UPI
T005338,2024-12-12,P015,Storage Basket,Household,1,16.18,16.18,S001,C0156,UPI
T005339,2025-02-09,P014,Cleaning Spray,Household,2,7.09,14.18,S001,C0084,UPI
T005340,2025-09-29,P019,Baseball Cap,Apparel,2,15.39,30.78,S001,C0192,Cash
T005341,2024-05-15,P003,Desk Organizer,Stationery,2,14.59,29.18,S001,C0293,UPI
T005342,2023-11-28,P017,Cotton T-Shirt,Apparel,1,20.15,20.15,S002,C0198,Cash
T005343,2025-06-07,P012,Snack Box,Food and Beverage,2,23.0,46.0,S001,C0268,Card
T005344,2023-12-23,P004,Printer Paper,Stationery,3,6.71,20.13,S002,C0003,Bank Transfer
T005345,2025-07-08,P013,Hand Soap,Household,3,4.76,14.28,S002,C0255,Card
T005346,2025-04-30,P020,Running Socks,Apparel,3,9.68,29.04,S004,C0208,Card
T005347,2023-02-21,P001,Notebook,Stationery,4,8.89,35.56,S004,C0029,UPI
T005348,2023-07-01,P001,Notebook,Stationery,2,8.97,17.94,S002,C0189,Card
T005349,2024-02-03,P018,Canvas Tote Bag,Apparel,5,13.84,69.2,S001,C0037,Card
T005350,2025-02-07,P020,Running Socks,Apparel,3,10.12,30.36,S001,C0073,Cash
T005351,2024-05-11,P020,Running Socks,Apparel,2,10.5,21.0,S003,C0050,Card
T005352,2023-06-05,P010,Tea Assortment,Food and Beverage,2,13.05,26.1,S003,C0266,UPI
T005353,2025-05-21,P007,Bluetooth Speaker,Electronics,3,49.9,149.7,S001,C0003,Cash
T005354,2024-01-31,P017,Cotton T-Shirt,Apparel,6,20.52,123.12,S003,C0175,Bank Transfer
T005355,2024-03-24,P007,Bluetooth Speaker,Electronics,3,50.6,151.8,S004,C0026,Cash
T005356,2025-04-09,P007,Bluetooth Speaker,Electronics,1,48.59,48.59,S003,C0214,Bank Transfer
T005357,2024-12-12,P019,Baseball Cap,Apparel,1,15.44,15.44,S001,C0191,UPI
T005358,2025-04-24,P005,Wireless Mouse,Electronics,5,26.37,131.85,S004,C0267,UPI
T005359,2025-04-13,P007,Bluetooth Speaker,Electronics,4,52.4,209.6,S004,C0295,UPI
T005360,2024-01-21,P020,Running Socks,Apparel,3,10.38,31.14,S002,C0078,Card
T005361,2023-09-15,P020,Running Socks,Apparel,2,10.26,20.52,S004,C0292,Card
T005362,2025-03-08,P024,Watering Can,Outdoor,3,21.12,63.36,S004,C0149,Cash
T005363,2024-01-27,P022,Plant Pot,Outdoor,2,11.59,23.18,S001,C0237,Cash
T005364,2024-02-28,P003,Desk Organizer,Stationery,1,14.39,14.39,S001,C0008,UPI
T005365,2023-05-22,P018,Canvas Tote Bag,Apparel,3,14.27,42.81,S001,C0229,Cash
T005366,2023-09-20,P003,Desk Organizer,Stationery,1,14.41,14.41,S004,C0225,Cash
T005367,2023-02-05,P010,Tea Assortment,Food and Beverage,3,13.19,39.57,S001,C0293,UPI
T005368,2025-03-18,P003,Desk Organizer,Stationery,1,14.45,14.45,S003,C0220,Card
T005369,2025-08-20,P016,LED Bulb Pack,Household,3,11.8,35.4,S001,C0249,Card
T005370,2025-04-21,P009,Coffee Beans,Food and Beverage,3,14.94,44.82,S003,C0152,Cash
T005371,2025-04-01,P003,Desk Organizer,Stationery,2,14.0,28.0,S004,C0108,UPI
T005372,2024-01-13,P021,Garden Gloves,Outdoor,3,8.8,26.4,S003,C0016,UPI
T005373,2024-10-29,P013,Hand Soap,Household,4,4.98,19.92,S003,C0099,UPI
T005374,2023-05-03,P019,Baseball Cap,Apparel,3,15.43,46.29,S003,C0149,Bank Transfer
T005375,2025-07-26,P005,Wireless Mouse,Electronics,1,25.28,25.28,S002,C0028,Card
T005376,2024-09-20,P017,Cotton T-Shirt,Apparel,3,20.12,60.36,S003,C0002,Cash
T005377,2023-07-16,P015,Storage Basket,Household,1,16.91,16.91,S001,C0012,Bank Transfer
T005378,2025-04-24,P002,Ballpoint Pen Pack,Stationery,2,5.17,10.34,S001,C0240,Card
T005379,2024-11-10,P017,Cotton T-Shirt,Apparel,1,19.45,19.45,S002,C0266,UPI
T005380,2025-01-14,P010,Tea Assortment,Food and Beverage,1,12.07,12.07,S002,C0022,UPI
T005381,2025-07-01,P009,Coffee Beans,Food and Beverage,4,15.41,61.64,S002,C0142,Cash
T005382,2025-02-27,P001,Notebook,Stationery,3,8.49,25.47,S001,C0295,Cash
T005383,2024-06-24,P019,Baseball Cap,Apparel,1,16.32,16.32,S004,C0228,Cash
T005384,2025-07-04,P010,Tea Assortment,Food and Beverage,2,12.38,24.76,S001,C0157,Card
T005385,2024-03-20,P013,Hand Soap,Household,5,4.64,23.2,S001,C0046,Card
T005386,2025-09-12,P014,Cleaning Spray,Household,4,6.82,27.28,S004,C0070,UPI
T005387,2024-05-12,P005,Wireless Mouse,Electronics,4,25.05,100.2,S002,C0019,Card
T005388,2024-02-18,P001,Notebook,Stationery,2,8.4,16.8,S001,C0219,UPI
T005389,2024-11-17,P022,Plant Pot,Outdoor,2,12.45,24.9,S001,C0261,Cash
T005390,2025-02-14,P016,LED Bulb Pack,Household,1,12.01,12.01,S001,C0234,UPI
T005391,2024-12-20,P009,Coffee Beans,Food and Beverage,1,15.5,15.5,S003,C0285,Card
T005392,2025-10-27,P002,Ballpoint Pen Pack,Stationery,4,5.18,20.72,S003,C0264,UPI
T005393,2024-12-01,P020,Running Socks,Apparel,2,9.95,19.9,S001,C0135,Card
T005394,2024-12-28,P020,Running Socks,Apparel,1,9.6,9.6,S001,C0221,Cash
T005395,2024-01-20,P014,Cleaning Spray,Household,4,7.18,28.72,S001,C0257,UPI
T005396,2024-05-28,P017,Cotton T-Shirt,Apparel,5,20.27,101.35,S001,C0254,Card
T005397,2024-09-02,P005,Wireless Mouse,Electronics,4,26.1,104.4,S004,C0208,Card
T005398,2025-11-14,P020,Running Socks,Apparel,1,9.43,9.43,S002,C0194,Cash
T005399,2023-02-05,P008,Webcam,Electronics,3,58.91,176.73,S002,C0042,Card
T005400,2023-03-21,P011,Reusable Water Bottle,Food and Beverage,2,18.47,36.94,S003,C0122,Card
T005401,2024-04-28,P020,Running Socks,Apparel,5,9.65,48.25,S003,C0277,Cash
T005402,2023-04-12,P008,Webcam,Electronics,1,59.55,59.55,S002,C0278,Card
T005403,2025-01-28,P015,Storage Basket,Household,1,15.91,15.91,S003,C0075,Bank Transfer
T005404,2025-11-09,P002,Ballpoint Pen Pack,Stationery,4,5.27,21.08,S004,C0279,UPI
T005405,2024-01-25,P016,LED Bulb Pack,Household,1,11.45,11.45,S001,C0248,Bank Transfer
T005406,2023-04-02,P015,Storage Basket,Household,6,15.98,95.88,S003,C0229,UPI
T005407,2025-03-03,P009,Coffee Beans,Food and Beverage,5,14.72,73.6,S004,C0109,Cash
T005408,2023-07-05,P017,Cotton T-Shirt,Apparel,2,21.0,42.0,S002,C0222,UPI
T005409,2025-04-23,P004,Printer Paper,Stationery,1,7.14,7.14,S004,C0222,UPI
T005410,2023-12-15,P013,Hand Soap,Household,1,4.93,4.93,S003,C0215,Card
T005411,2025-10-11,P024,Watering Can,Outdoor,2,19.79,39.58,S002,C0036,UPI
T005412,2025-01-20,P006,USB-C Hub,Electronics,2,34.34,68.68,S003,C0140,Cash
T005413,2023-11-07,P006,USB-C Hub,Electronics,1,33.61,33.61,S003,C0282,Card
T005414,2024-08-16,P017,Cotton T-Shirt,Apparel,3,20.03,60.09,S002,C0281,Card
T005415,2023-11-29,P016,LED Bulb Pack,Household,2,12.4,24.8,S003,C0285,Cash
T005416,2023-02-14,P001,Notebook,Stationery,4,8.1,32.4,S001,C0054,Card
T005417,2025-01-23,P017,Cotton T-Shirt,Apparel,3,20.48,61.44,S001,C0174,Card
T005418,2025-05-05,P018,Canvas Tote Bag,Apparel,3,14.04,42.12,S002,C0168,Card
T005419,2024-09-08,P017,Cotton T-Shirt,Apparel,2,21.14,42.28,S001,C0094,Bank Transfer
T005420,2025-03-26,P001,Notebook,Stationery,1,8.63,8.63,S002,C0046,UPI
T005421,2025-02-06,P003,Desk Organizer,Stationery,1,14.63,14.63,S003,C0161,Bank Transfer
T005422,2023-05-10,P020,Running Socks,Apparel,2,10.38,20.76,S001,C0216,UPI
T005423,2025-02-26,P004,Printer Paper,Stationery,5,6.95,34.75,S004,C0246,Card
T005424,2024-05-28,P014,Cleaning Spray,Household,3,7.47,22.41,S001,C0175,UPI
T005425,2025-12-26,P001,Notebook,Stationery,3,8.13,24.39,S001,C0126,UPI
T005426,2024-04-23,P008,Webcam,Electronics,2,61.32,122.64,S001,C0220,Cash
T005427,2023-08-14,P019,Baseball Cap,Apparel,2,16.74,33.48,S001,C0080,Cash
T005428,2024-06-01,P011,Reusable Water Bottle,Food and Beverage,3,18.8,56.4,S004,C0265,Cash
T005429,2025-01-25,P009,Coffee Beans,Food and Beverage,2,16.42,32.84,S003,C0031,UPI
T005430,2023-08-04,P007,Bluetooth Speaker,Electronics,3,52.74,158.22,S001,C0219,UPI
T005431,2023-07-09,P011,Reusable Water Bottle,Food and Beverage,3,17.8,53.4,S002,C0159,Card
T005432,2024-08-14,P024,Watering Can,Outdoor,5,20.17,100.85,S002,C0086,UPI
T005433,2024-03-21,P009,Coffee Beans,Food and Beverage,2,16.22,32.44,S001,C0119,Bank Transfer
T005434,2023-03-11,P005,Wireless Mouse,Electronics,1,24.99,24.99,S003,C0111,Card
T005435,2024-06-04,P014,Cleaning Spray,Household,3,6.82,20.46,S001,C0098,UPI
T005436,2024-05-30,P001,Notebook,Stationery,2,8.33,16.66,S001,C0220,Card
T005437,2024-07-06,P007,Bluetooth Speaker,Electronics,4,48.21,192.84,S003,C0067,Card
T005438,2025-01-23,P009,Coffee Beans,Food and Beverage,2,14.68,29.36,S001,C0011,UPI
T005439,2024-01-27,P002,Ballpoint Pen Pack,Stationery,1,5.18,5.18,S004,C0146,Cash
T005440,2025-01-03,P009,Coffee Beans,Food and Beverage,2,15.01,30.02,S004,C0153,Card
T005441,2023-11-03,P002,Ballpoint Pen Pack,Stationery,2,5.41,10.82,S003,C0173,Card
T005442,2025-08-05,P011,Reusable Water Bottle,Food and Beverage,2,18.49,36.98,S003,C0060,Card
T005443,2025-04-19,P011,Reusable Water Bottle,Food and Beverage,3,18.49,55.47,S004,C0167,UPI
T005444,2025-12-11,P013,Hand Soap,Household,2,4.62,9.24,S001,C0099,Card
T005445,2025-02-19,P021,Garden Gloves,Outdoor,1,8.89,8.89,S001,C0284,Card
T005446,2025-07-21,P021,Garden Gloves,Outdoor,4,9.16,36.64,S001,C0285,UPI
T005447,2024-06-11,P019,Baseball Cap,Apparel,1,15.53,15.53,S001,C0114,Cash
T005448,2024-10-04,P013,Hand Soap,Household,1,4.68,4.68,S003,C0080,Card
T005449,2023-02-03,P015,Storage Basket,Household,1,16.11,16.11,S002,C0201,UPI
T005450,2025-04-29,P017,Cotton T-Shirt,Apparel,3,19.26,57.78,S003,C0254,Card
T005451,2025-03-27,P004,Printer Paper,Stationery,6,6.53,39.18,S001,C0057,Card
T005452,2025-10-07,P022,Plant Pot,Outdoor,2,12.61,25.22,S003,C0085,UPI
T005453,2025-10-04,P001,Notebook,Stationery,1,8.24,8.24,S003,C0192,Card
T005454,2025-09-14,P011,Reusable Water Bottle,Food and Beverage,1,17.06,17.06,S001,C0101,UPI
T005455,2025-11-09,P018,Canvas Tote Bag,Apparel,1,13.29,13.29,S001,C0045,Card
T005456,2024-01-17,P016,LED Bulb Pack,Household,3,12.44,37.32,S001,C0021,Cash
T005457,2023-06-14,P016,LED Bulb Pack,Household,1,12.65,12.65,S001,C0252,UPI
T005458,2023-12-20,P005,Wireless Mouse,Electronics,5,26.45,132.25,S003,C0047,UPI
T005459,2023-09-24,P004,Printer Paper,Stationery,2,6.35,12.7,S001,C0237,Card
T005460,2025-01-19,P019,Baseball Cap,Apparel,6,16.04,96.24,S001,C0174,UPI
T005461,2025-02-13,P018,Canvas Tote Bag,Apparel,3,13.04,39.12,S001,C0289,Cash
T005462,2025-01-20,P022,Plant Pot,Outdoor,2,12.08,24.16,S001,C0030,Card
T005463,2023-10-16,P004,Printer Paper,Stationery,3,6.95,20.85,S004,C0106,Card
T005464,2025-07-09,P013,Hand Soap,Household,2,4.86,9.72,S001,C0107,Card
T005465,2025-05-09,P005,Wireless Mouse,Electronics,1,24.61,24.61,S002,C0218,Cash
T005466,2023-12-30,P011,Reusable Water Bottle,Food and Beverage,4,17.3,69.2,S003,C0086,Card
T005467,2023-10-06,P012,Snack Box,Food and Beverage,1,21.2,21.2,S001,C0141,Card
T005468,2024-04-09,P011,Reusable Water Bottle,Food and Beverage,3,18.91,56.73,S003,C0199,Card
T005469,2023-01-26,P004,Printer Paper,Stationery,2,6.54,13.08,S003,C0052,Cash
T005470,2023-04-16,P014,Cleaning Spray,Household,2,7.06,14.12,S001,C0141,UPI
T005471,2025-12-07,P003,Desk Organizer,Stationery,2,13.49,26.98,S001,C0243,UPI
T005472,2025-03-24,P005,Wireless Mouse,Electronics,2,24.43,48.86,S001,C0027,Card
T005473,2024-02-11,P014,Cleaning Spray,Household,1,7.14,7.14,S002,C0010,Cash
T005474,2025-05-17,P007,Bluetooth Speaker,Electronics,2,46.99,93.98,S004,C0063,Card
T005475,2023-11-11,P010,Tea Assortment,Food and Beverage,1,12.09,12.09,S004,C0272,Cash
T005476,2023-12-28,P001,Notebook,Stationery,3,8.54,25.62,S001,C0014,UPI
T005477,2025-10-15,P005,Wireless Mouse,Electronics,4,26.28,105.12,S001,C0146,Card
T005478,2024-09-28,P011,Reusable Water Bottle,Food and Beverage,1,18.4,18.4,S004,C0018,Cash
T005479,2023-03-28,P020,Running Socks,Apparel,1,10.07,10.07,S004,C0093,Cash
T005480,2025-11-17,P013,Hand Soap,Household,1,4.7,4.7,S001,C0089,UPI
T005481,2024-05-02,P003,Desk Organizer,Stationery,2,14.44,28.88,S002,C0098,Bank Transfer
T005482,2025-02-28,P009,Coffee Beans,Food and Beverage,5,16.12,80.6,S002,C0026,Card
T005483,2024-02-24,P010,Tea Assortment,Food and Beverage,2,12.05,24.1,S002,C0026,Card
T005484,2025-03-21,P021,Garden Gloves,Outdoor,1,9.39,9.39,S001,C0058,UPI
T005485,2023-10-02,P006,USB-C Hub,Electronics,4,35.65,142.6,S001,C0188,Card
T005486,2023-01-17,P021,Garden Gloves,Outdoor,3,8.68,26.04,S001,C0260,Cash
T005487,2025-11-16,P011,Reusable Water Bottle,Food and Beverage,1,18.75,18.75,S002,C0156,UPI
T005488,2025-05-04,P023,Hand Trowel,Outdoor,2,10.52,21.04,S001,C0214,Card
T005489,2023-10-30,P006,USB-C Hub,Electronics,1,35.26,35.26,S001,C0188,UPI
T005490,2024-03-28,P012,Snack Box,Food and Beverage,5,21.26,106.3,S002,C0073,Card
T005491,2025-11-09,P006,USB-C Hub,Electronics,2,33.77,67.54,S003,C0103,Card
T005492,2025-03-26,P011,Reusable Water Bottle,Food and Beverage,2,16.98,33.96,S002,C0082,Card
T005493,2024-06-10,P023,Hand Trowel,Outdoor,3,10.97,32.91,S001,C0239,Card
T005494,2025-08-18,P001,Notebook,Stationery,1,8.46,8.46,S002,C0050,UPI
T005495,2025-06-08,P015,Storage Basket,Household,3,17.21,51.63,S002,C0297,Bank Transfer
T005496,2024-07-07,P014,Cleaning Spray,Household,3,7.51,22.53,S004,C0289,UPI
T005497,2025-02-24,P013,Hand Soap,Household,3,4.97,14.91,S004,C0186,Card
T005498,2023-11-18,P001,Notebook,Stationery,1,8.77,8.77,S002,C0158,UPI
T005499,2025-06-11,P015,Storage Basket,Household,2,16.82,33.64,S003,C0094,Card
T005500,2025-04-17,P008,Webcam,Electronics,1,55.89,55.89,S004,C0236,Card
T005501,2025-12-21,P013,Hand Soap,Household,1,4.59,4.59,S001,C0039,Card
T005502,2023-07-25,P002,Ballpoint Pen Pack,Stationery,3,5.22,15.66,S002,C0013,Bank Transfer
T005503,2025-03-24,P011,Reusable Water Bottle,Food and Beverage,5,18.66,93.3,S004,C0102,Card
T005504,2023-10-10,P010,Tea Assortment,Food and Beverage,3,12.0,36.0,S001,C0260,Cash
T005505,2023-02-22,P003,Desk Organizer,Stationery,4,14.84,59.36,S001,C0134,Card
T005506,2024-12-20,P005,Wireless Mouse,Electronics,2,24.03,48.06,S003,C0133,UPI
T005507,2024-07-31,P002,Ballpoint Pen Pack,Stationery,2,5.08,10.16,S002,C0240,Card
T005508,2025-11-29,P016,LED Bulb Pack,Household,4,11.54,46.16,S003,C0049,Bank Transfer
T005509,2024-04-15,P009,Coffee Beans,Food and Beverage,4,15.65,62.6,S002,C0009,Cash
T005510,2023-12-12,P014,Cleaning Spray,Household,2,7.62,15.24,S004,C0202,UPI
T005511,2023-03-08,P011,Reusable Water Bottle,Food and Beverage,2,17.86,35.72,S002,C0034,Card
T005512,2025-02-09,P009,Coffee Beans,Food and Beverage,1,15.42,15.42,S001,C0286,Card
T005513,2025-09-13,P023,Hand Trowel,Outdoor,3,11.11,33.33,S001,C0146,Card
T005514,2025-01-19,P019,Baseball Cap,Apparel,2,15.27,30.54,S001,C0062,Card
T005515,2024-07-15,P023,Hand Trowel,Outdoor,2,10.1,20.2,S001,C0158,Cash
T005516,2024-03-21,P007,Bluetooth Speaker,Electronics,2,51.91,103.82,S002,C0106,Card
T005517,2024-09-14,P019,Baseball Cap,Apparel,2,16.41,32.82,S004,C0090,Card
T005518,2025-03-02,P004,Printer Paper,Stationery,2,7.06,14.12,S002,C0206,UPI
T005519,2024-08-17,P002,Ballpoint Pen Pack,Stationery,1,4.95,4.95,S002,C0197,Cash
T005520,2024-12-01,P010,Tea Assortment,Food and Beverage,2,12.58,25.16,S001,C0289,UPI
T005521,2025-12-24,P010,Tea Assortment,Food and Beverage,3,12.82,38.46,S001,C0011,Bank Transfer
T005522,2023-07-07,P009,Coffee Beans,Food and Beverage,1,14.75,14.75,S002,C0286,Card
T005523,2025-10-05,P012,Snack Box,Food and Beverage,3,22.87,68.61,S002,C0174,UPI
T005524,2023-11-01,P020,Running Socks,Apparel,1,9.78,9.78,S001,C0022,UPI
T005525,2025-10-23,P009,Coffee Beans,Food and Beverage,2,16.36,32.72,S001,C0071,Card
T005526,2024-02-10,P003,Desk Organizer,Stationery,3,14.18,42.54,S002,C0285,Cash
T005527,2023-09-18,P010,Tea Assortment,Food and Beverage,2,13.21,26.42,S003,C0017,UPI
T005528,2025-06-12,P004,Printer Paper,Stationery,2,6.66,13.32,S003,C0085,Card
T005529,2024-10-10,P005,Wireless Mouse,Electronics,3,26.44,79.32,S003,C0059,Card
T005530,2024-08-11,P009,Coffee Beans,Food and Beverage,3,15.38,46.14,S001,C0251,UPI
T005531,2023-06-04,P004,Printer Paper,Stationery,2,6.75,13.5,S003,C0116,Card
T005532,2024-06-19,P020,Running Socks,Apparel,2,9.87,19.74,S001,C0226,Card
T005533,2023-08-22,P007,Bluetooth Speaker,Electronics,1,48.18,48.18,S001,C0226,Card
T005534,2023-10-25,P002,Ballpoint Pen Pack,Stationery,2,5.45,10.9,S003,C0078,Bank Transfer
T005535,2023-04-28,P020,Running Socks,Apparel,2,10.39,20.78,S002,C0255,Cash
T005536,2023-08-22,P022,Plant Pot,Outdoor,3,11.42,34.26,S001,C0102,Card
T005537,2024-08-18,P001,Notebook,Stationery,3,8.19,24.57,S002,C0090,Cash
T005538,2024-03-17,P002,Ballpoint Pen Pack,Stationery,3,5.3,15.9,S002,C0291,Card
T005539,2023-09-04,P019,Baseball Cap,Apparel,3,16.44,49.32,S003,C0042,UPI
T005540,2023-08-16,P001,Notebook,Stationery,1,8.2,8.2,S003,C0151,Card
T005541,2025-12-03,P007,Bluetooth Speaker,Electronics,1,48.03,48.03,S002,C0254,Cash
T005542,2024-09-13,P020,Running Socks,Apparel,5,10.55,52.75,S003,C0033,UPI
T005543,2023-05-02,P023,Hand Trowel,Outdoor,2,10.0,20.0,S001,C0095,UPI
T005544,2024-09-08,P015,Storage Basket,Household,2,16.19,32.38,S001,C0212,UPI
T005545,2024-02-28,P005,Wireless Mouse,Electronics,3,24.2,72.6,S004,C0021,Bank Transfer
T005546,2023-09-23,P024,Watering Can,Outdoor,3,19.86,59.58,S003,C0214,UPI
T005547,2025-07-19,P005,Wireless Mouse,Electronics,2,25.51,51.02,S001,C0022,Card
T005548,2025-01-28,P020,Running Socks,Apparel,1,9.57,9.57,S004,C0266,UPI
T005549,2025-11-16,P016,LED Bulb Pack,Household,1,12.43,12.43,S001,C0137,Cash
T005550,2025-03-21,P006,USB-C Hub,Electronics,2,34.61,69.22,S004,C0097,UPI
T005551,2024-02-14,P017,Cotton T-Shirt,Apparel,3,20.56,61.68,S004,C0236,UPI
T005552,2024-05-31,P018,Canvas Tote Bag,Apparel,2,13.03,26.06,S001,C0067,UPI
T005553,2025-10-23,P008,Webcam,Electronics,3,55.62,166.86,S001,C0103,UPI
T005554,2023-02-05,P014,Cleaning Spray,Household,4,7.45,29.8,S004,C0141,UPI
T005555,2023-05-20,P003,Desk Organizer,Stationery,2,14.46,28.92,S003,C0193,UPI
T005556,2024-07-07,P013,Hand Soap,Household,4,4.91,19.64,S003,C0082,Card
T005557,2023-07-31,P024,Watering Can,Outdoor,2,20.98,41.96,S004,C0238,UPI
T005558,2025-01-06,P005,Wireless Mouse,Electronics,1,23.78,23.78,S002,C0006,UPI
T005559,2025-06-24,P020,Running Socks,Apparel,1,10.59,10.59,S004,C0094,Card
T005560,2023-12-29,P014,Cleaning Spray,Household,3,7.43,22.29,S002,C0244,UPI
T005561,2024-04-04,P005,Wireless Mouse,Electronics,1,24.06,24.06,S002,C0220,Card
T005562,2023-06-01,P018,Canvas Tote Bag,Apparel,1,13.54,13.54,S004,C0176,Bank Transfer
T005563,2025-09-23,P005,Wireless Mouse,Electronics,2,24.73,49.46,S004,C0250,Card
T005564,2023-12-23,P007,Bluetooth Speaker,Electronics,4,47.68,190.72,S002,C0091,Card
T005565,2024-10-02,P002,Ballpoint Pen Pack,Stationery,3,5.4,16.2,S001,C0143,Cash
T005566,2024-01-15,P015,Storage Basket,Household,1,15.67,15.67,S002,C0154,Bank Transfer
T005567,2023-03-24,P022,Plant Pot,Outdoor,1,11.81,11.81,S001,C0169,Card
T005568,2023-07-10,P020,Running Socks,Apparel,3,10.39,31.17,S003,C0287,Cash
T005569,2025-12-30,P011,Reusable Water Bottle,Food and Beverage,2,19.07,38.14,S002,C0288,UPI
T005570,2024-11-28,P020,Running Socks,Apparel,3,10.11,30.33,S004,C0292,Card
T005571,2024-06-27,P012,Snack Box,Food and Beverage,1,23.01,23.01,S002,C0041,UPI
T005572,2023-04-15,P014,Cleaning Spray,Household,2,7.19,14.38,S001,C0293,Card
T005573,2025-12-01,P001,Notebook,Stationery,1,8.16,8.16,S001,C0042,Card
T005574,2023-08-01,P021,Garden Gloves,Outdoor,2,9.02,18.04,S002,C0003,UPI
T005575,2025-04-13,P022,Plant Pot,Outdoor,1,11.69,11.69,S001,C0157,UPI
T005576,2024-02-04,P022,Plant Pot,Outdoor,2,11.72,23.44,S004,C0287,Card
T005577,2024-08-14,P004,Printer Paper,Stationery,4,6.35,25.4,S004,C0166,UPI
T005578,2024-11-17,P005,Wireless Mouse,Electronics,1,26.19,26.19,S003,C0232,Cash
T005579,2023-11-13,P019,Baseball Cap,Apparel,1,15.41,15.41,S002,C0199,Bank Transfer
T005580,2024-02-11,P013,Hand Soap,Household,1,4.58,4.58,S003,C0058,Card
T005581,2023-05-13,P020,Running Socks,Apparel,2,9.73,19.46,S003,C0291,Card
T005582,2023-03-25,P005,Wireless Mouse,Electronics,3,25.16,75.48,S002,C0273,Bank Transfer
T005583,2023-02-09,P022,Plant Pot,Outdoor,1,11.51,11.51,S001,C0077,UPI
T005584,2024-01-02,P019,Baseball Cap,Apparel,1,16.22,16.22,S002,C0220,UPI
T005585,2023-05-29,P004,Printer Paper,Stationery,3,7.04,21.12,S001,C0295,UPI
T005586,2025-08-01,P006,USB-C Hub,Electronics,4,35.21,140.84,S003,C0069,Card
T005587,2023-01-30,P005,Wireless Mouse,Electronics,2,25.72,51.44,S002,C0250,Cash
T005588,2025-01-05,P007,Bluetooth Speaker,Electronics,1,51.25,51.25,S003,C0049,UPI
T005589,2025-01-13,P006,USB-C Hub,Electronics,1,33.17,33.17,S002,C0280,UPI
T005590,2023-06-13,P002,Ballpoint Pen Pack,Stationery,3,5.07,15.21,S001,C0078,Card
T005591,2024-04-08,P005,Wireless Mouse,Electronics,5,25.43,127.15,S001,C0023,UPI
T005592,2024-01-06,P017,Cotton T-Shirt,Apparel,2,20.15,40.3,S002,C0108,UPI
T005593,2023-10-02,P004,Printer Paper,Stationery,4,6.89,27.56,S001,C0041,Card
T005594,2023-02-01,P007,Bluetooth Speaker,Electronics,3,47.04,141.12,S001,C0247,Card
T005595,2023-11-29,P015,Storage Basket,Household,2,15.6,31.2,S002,C0095,UPI
T005596,2023-05-20,P005,Wireless Mouse,Electronics,3,24.89,74.67,S001,C0088,UPI
T005597,2024-04-24,P020,Running Socks,Apparel,3,9.75,29.25,S003,C0064,UPI
T005598,2025-04-26,P011,Reusable Water Bottle,Food and Beverage,5,18.17,90.85,S002,C0198,Bank Transfer
T005599,2025-08-15,P014,Cleaning Spray,Household,2,7.37,14.74,S001,C0094,Cash
T005600,2023-01-20,P014,Cleaning Spray,Household,2,6.82,13.64,S003,C0146,Card
T005601,2023-09-23,P019,Baseball Cap,Apparel,1,16.88,16.88,S001,C0110,UPI
T005602,2023-02-08,P007,Bluetooth Speaker,Electronics,2,48.65,97.3,S004,C0096,Card
T005603,2025-02-09,P017,Cotton T-Shirt,Apparel,1,19.25,19.25,S002,C0196,Bank Transfer
T005604,2025-02-09,P020,Running Socks,Apparel,1,9.69,9.69,S003,C0110,UPI
T005605,2023-01-21,P024,Watering Can,Outdoor,2,20.34,40.68,S001,C0144,UPI
T005606,2025-09-26,P014,Cleaning Spray,Household,3,7.59,22.77,S001,C0072,Card
T005607,2023-11-07,P013,Hand Soap,Household,1,5.02,5.02,S001,C0055,Cash
T005608,2024-02-28,P005,Wireless Mouse,Electronics,2,25.54,51.08,S001,C0102,Cash
T005609,2024-03-24,P019,Baseball Cap,Apparel,1,15.38,15.38,S002,C0264,Cash
T005610,2023-09-14,P017,Cotton T-Shirt,Apparel,1,20.45,20.45,S002,C0073,UPI
T005611,2023-01-07,P007,Bluetooth Speaker,Electronics,3,49.66,148.98,S004,C0088,Cash
T005612,2024-11-02,P003,Desk Organizer,Stationery,1,13.94,13.94,S001,C0113,UPI
T005613,2025-07-18,P007,Bluetooth Speaker,Electronics,1,52.16,52.16,S003,C0027,Card
T005614,2024-11-02,P002,Ballpoint Pen Pack,Stationery,4,5.03,20.12,S003,C0036,Cash
T005615,2023-04-06,P014,Cleaning Spray,Household,1,7.11,7.11,S004,C0260,Card
T005616,2024-11-02,P013,Hand Soap,Household,2,4.75,9.5,S001,C0070,UPI
T005617,2023-04-20,P024,Watering Can,Outdoor,1,20.71,20.71,S003,C0024,UPI
T005618,2024-09-27,P013,Hand Soap,Household,1,4.75,4.75,S004,C0299,UPI
T005619,2023-03-20,P011,Reusable Water Bottle,Food and Beverage,1,18.05,18.05,S002,C0016,UPI
T005620,2024-04-26,P009,Coffee Beans,Food and Beverage,1,15.17,15.17,S001,C0117,Card
T005621,2025-04-13,P002,Ballpoint Pen Pack,Stationery,2,5.21,10.42,S002,C0178,Cash
T005622,2024-09-03,P001,Notebook,Stationery,2,8.17,16.34,S002,C0273,Card
T005623,2025-11-23,P001,Notebook,Stationery,3,8.13,24.39,S003,C0065,Card
T005624,2025-05-30,P017,Cotton T-Shirt,Apparel,1,20.85,20.85,S002,C0184,Card
T005625,2025-11-01,P002,Ballpoint Pen Pack,Stationery,2,5.43,10.86,S004,C0012,UPI
T005626,2023-09-20,P017,Cotton T-Shirt,Apparel,1,18.8,18.8,S001,C0126,Cash
T005627,2023-05-31,P015,Storage Basket,Household,2,16.87,33.74,S001,C0167,UPI
T005628,2023-07-28,P015,Storage Basket,Household,1,16.9,16.9,S002,C0135,Card
T005629,2025-02-05,P018,Canvas Tote Bag,Apparel,2,13.91,27.82,S003,C0127,Cash
T005630,2024-07-08,P014,Cleaning Spray,Household,3,7.38,22.14,S001,C0072,UPI
T005631,2024-03-14,P015,Storage Basket,Household,3,17.02,51.06,S001,C0129,UPI
T005632,2023-06-17,P003,Desk Organizer,Stationery,2,13.19,26.38,S001,C0003,Card
T005633,2023-01-06,P018,Canvas Tote Bag,Apparel,4,13.12,52.48,S001,C0090,Card
T005634,2024-10-29,P006,USB-C Hub,Electronics,1,34.79,34.79,S002,C0033,UPI
T005635,2025-12-20,P018,Canvas Tote Bag,Apparel,1,13.23,13.23,S001,C0190,Card
T005636,2024-01-05,P013,Hand Soap,Household,1,4.51,4.51,S004,C0086,Card
T005637,2025-09-24,P001,Notebook,Stationery,1,8.15,8.15,S002,C0270,Cash
T005638,2025-05-13,P011,Reusable Water Bottle,Food and Beverage,1,17.1,17.1,S003,C0232,Card
T005639,2025-01-25,P020,Running Socks,Apparel,1,10.0,10.0,S001,C0040,Cash
T005640,2025-04-09,P004,Printer Paper,Stationery,1,6.8,6.8,S004,C0032,Card
T005641,2024-05-05,P022,Plant Pot,Outdoor,1,12.67,12.67,S002,C0249,Card
T005642,2025-04-07,P004,Printer Paper,Stationery,1,6.96,6.96,S002,C0036,UPI
T005643,2024-08-24,P003,Desk Organizer,Stationery,3,13.21,39.63,S002,C0255,UPI
T005644,2025-04-20,P022,Plant Pot,Outdoor,2,12.21,24.42,S004,C0266,Card
T005645,2024-08-06,P002,Ballpoint Pen Pack,Stationery,1,5.49,5.49,S002,C0190,Card
T005646,2025-01-15,P003,Desk Organizer,Stationery,3,13.33,39.99,S004,C0263,Card
T005647,2023-04-13,P017,Cotton T-Shirt,Apparel,1,20.68,20.68,S001,C0082,Card
T005648,2023-05-19,P004,Printer Paper,Stationery,1,6.45,6.45,S004,C0266,Cash
T005649,2024-06-16,P015,Storage Basket,Household,1,15.67,15.67,S002,C0264,Cash
T005650,2025-03-25,P014,Cleaning Spray,Household,1,7.24,7.24,S003,C0012,Cash
T005651,2023-08-27,P015,Storage Basket,Household,2,16.22,32.44,S001,C0282,Cash
T005652,2024-12-31,P005,Wireless Mouse,Electronics,2,23.52,47.04,S004,C0075,Card
T005653,2023-04-04,P003,Desk Organizer,Stationery,1,14.72,14.72,S003,C0269,Card
T005654,2025-06-07,P011,Reusable Water Bottle,Food and Beverage,1,18.7,18.7,S003,C0056,UPI
T005655,2025-12-08,P014,Cleaning Spray,Household,2,7.66,15.32,S001,C0218,Cash
T005656,2025-09-27,P001,Notebook,Stationery,2,8.86,17.72,S003,C0036,UPI
T005657,2025-09-26,P014,Cleaning Spray,Household,2,7.57,15.14,S002,C0189,Card
T005658,2024-09-24,P005,Wireless Mouse,Electronics,2,25.9,51.8,S003,C0263,Bank Transfer
T005659,2025-05-03,P013,Hand Soap,Household,1,4.6,4.6,S002,C0218,Card
T005660,2025-06-09,P013,Hand Soap,Household,3,4.49,13.47,S001,C0150,Card
T005661,2023-06-24,P014,Cleaning Spray,Household,2,6.87,13.74,S001,C0177,Cash
T005662,2023-08-18,P005,Wireless Mouse,Electronics,2,24.54,49.08,S004,C0061,Card
T005663,2025-07-13,P017,Cotton T-Shirt,Apparel,1,19.45,19.45,S002,C0026,UPI
T005664,2024-11-15,P024,Watering Can,Outdoor,2,21.62,43.24,S001,C0190,UPI
T005665,2025-04-08,P010,Tea Assortment,Food and Beverage,4,12.5,50.0,S003,C0206,Card
T005666,2023-07-09,P017,Cotton T-Shirt,Apparel,1,19.94,19.94,S001,C0240,Card
T005667,2025-08-11,P006,USB-C Hub,Electronics,4,33.85,135.4,S003,C0046,Card
T005668,2025-12-22,P005,Wireless Mouse,Electronics,2,24.65,49.3,S004,C0265,Card
T005669,2024-04-13,P020,Running Socks,Apparel,3,9.58,28.74,S001,C0243,Cash
T005670,2023-06-02,P007,Bluetooth Speaker,Electronics,1,47.56,47.56,S003,C0275,Card
T005671,2024-02-21,P009,Coffee Beans,Food and Beverage,4,14.95,59.8,S001,C0177,Cash
T005672,2023-03-13,P019,Baseball Cap,Apparel,1,16.8,16.8,S001,C0161,UPI
T005673,2024-11-26,P002,Ballpoint Pen Pack,Stationery,1,5.13,5.13,S002,C0148,UPI
T005674,2023-01-12,P011,Reusable Water Bottle,Food and Beverage,4,17.7,70.8,S001,C0019,UPI
T005675,2025-10-17,P008,Webcam,Electronics,5,61.26,306.3,S004,C0072,Bank Transfer
T005676,2025-03-02,P012,Snack Box,Food and Beverage,1,22.54,22.54,S001,C0137,UPI
T005677,2024-12-17,P020,Running Socks,Apparel,1,9.83,9.83,S002,C0086,Cash
T005678,2025-06-10,P013,Hand Soap,Household,2,4.86,9.72,S001,C0296,Card
T005679,2025-07-13,P014,Cleaning Spray,Household,1,7.03,7.03,S001,C0084,Card
T005680,2025-10-09,P008,Webcam,Electronics,2,60.0,120.0,S001,C0237,Card
T005681,2023-06-15,P013,Hand Soap,Household,5,4.51,22.55,S002,C0180,Card
T005682,2023-08-30,P016,LED Bulb Pack,Household,1,12.61,12.61,S001,C0134,Card
T005683,2025-02-07,P001,Notebook,Stationery,1,8.11,8.11,S001,C0119,Cash
T005684,2023-10-30,P008,Webcam,Electronics,2,57.69,115.38,S002,C0047,Cash
T005685,2023-10-18,P017,Cotton T-Shirt,Apparel,3,20.66,61.98,S003,C0278,Card
T005686,2023-10-10,P009,Coffee Beans,Food and Beverage,2,15.83,31.66,S002,C0011,Cash
T005687,2024-06-30,P014,Cleaning Spray,Household,5,7.1,35.5,S001,C0029,Card
T005688,2025-03-31,P005,Wireless Mouse,Electronics,2,24.88,49.76,S001,C0055,UPI
T005689,2023-12-13,P006,USB-C Hub,Electronics,1,35.31,35.31,S001,C0095,Card
T005690,2023-06-14,P014,Cleaning Spray,Household,2,7.64,15.28,S001,C0166,UPI
T005691,2023-10-12,P011,Reusable Water Bottle,Food and Beverage,3,17.18,51.54,S002,C0177,Bank Transfer
T005692,2023-02-24,P022,Plant Pot,Outdoor,1,12.62,12.62,S004,C0029,UPI
T005693,2024-11-18,P020,Running Socks,Apparel,6,10.48,62.88,S004,C0215,Card
T005694,2024-04-16,P005,Wireless Mouse,Electronics,3,25.85,77.55,S003,C0067,Card
T005695,2025-02-25,P002,Ballpoint Pen Pack,Stationery,4,5.5,22.0,S004,C0225,Card
T005696,2025-09-11,P019,Baseball Cap,Apparel,1,15.35,15.35,S001,C0239,Card
T005697,2025-01-17,P014,Cleaning Spray,Household,2,6.97,13.94,S004,C0149,Cash
T005698,2025-10-15,P022,Plant Pot,Outdoor,1,12.5,12.5,S001,C0234,UPI
T005699,2025-04-15,P004,Printer Paper,Stationery,3,6.51,19.53,S001,C0166,Card
T005700,2023-03-17,P014,Cleaning Spray,Household,2,7.63,15.26,S002,C0176,Card
T005701,2023-12-28,P003,Desk Organizer,Stationery,1,13.91,13.91,S004,C0046,Card
T005702,2025-03-01,P007,Bluetooth Speaker,Electronics,2,51.26,102.52,S001,C0137,Card
T005703,2024-07-08,P001,Notebook,Stationery,2,8.51,17.02,S001,C0044,Card
T005704,2024-03-29,P017,Cotton T-Shirt,Apparel,4,19.57,78.28,S001,C0191,Cash
T005705,2024-02-22,P001,Notebook,Stationery,5,8.64,43.2,S002,C0043,UPI
T005706,2025-11-23,P021,Garden Gloves,Outdoor,4,8.95,35.8,S003,C0119,Card
T005707,2024-03-03,P001,Notebook,Stationery,4,8.32,33.28,S003,C0232,UPI
T005708,2024-03-11,P024,Watering Can,Outdoor,2,21.26,42.52,S001,C0062,Card
T005709,2023-11-12,P005,Wireless Mouse,Electronics,4,24.55,98.2,S001,C0091,UPI
T005710,2023-02-09,P010,Tea Assortment,Food and Beverage,1,12.69,12.69,S004,C0114,UPI
T005711,2024-08-21,P003,Desk Organizer,Stationery,1,14.74,14.74,S002,C0299,UPI
T005712,2025-01-04,P008,Webcam,Electronics,1,58.01,58.01,S001,C0165,Card
T005713,2025-03-07,P016,LED Bulb Pack,Household,2,11.8,23.6,S003,C0214,UPI
T005714,2023-02-08,P004,Printer Paper,Stationery,1,7.05,7.05,S004,C0032,Card
T005715,2025-12-02,P021,Garden Gloves,Outdoor,1,8.85,8.85,S002,C0005,Cash
T005716,2025-03-11,P006,USB-C Hub,Electronics,2,36.32,72.64,S001,C0280,Cash
T005717,2024-01-07,P004,Printer Paper,Stationery,4,6.81,27.24,S003,C0257,Bank Transfer
T005718,2024-08-02,P006,USB-C Hub,Electronics,3,34.55,103.65,S002,C0151,Card
T005719,2023-10-29,P011,Reusable Water Bottle,Food and Beverage,3,17.98,53.94,S002,C0017,UPI
T005720,2023-04-02,P014,Cleaning Spray,Household,1,7.67,7.67,S002,C0276,Card
T005721,2023-02-06,P024,Watering Can,Outdoor,4,22.12,88.48,S001,C0200,Card
T005722,2023-03-18,P023,Hand Trowel,Outdoor,1,10.53,10.53,S001,C0214,Card
T005723,2023-09-21,P024,Watering Can,Outdoor,5,22.09,110.45,S001,C0202,Card
T005724,2025-11-02,P020,Running Socks,Apparel,2,10.29,20.58,S001,C0127,Card
T005725,2024-11-05,P009,Coffee Beans,Food and Beverage,2,15.31,30.62,S001,C0139,Card
T005726,2025-01-27,P021,Garden Gloves,Outdoor,1,8.82,8.82,S003,C0195,Card
T005727,2023-10-25,P024,Watering Can,Outdoor,5,19.99,99.95,S003,C0113,UPI
T005728,2023-03-07,P005,Wireless Mouse,Electronics,5,24.27,121.35,S004,C0064,Card
T005729,2024-06-05,P016,LED Bulb Pack,Household,2,12.43,24.86,S003,C0146,UPI
T005730,2023-07-01,P016,LED Bulb Pack,Household,3,12.4,37.2,S003,C0242,UPI
T005731,2025-09-07,P011,Reusable Water Bottle,Food and Beverage,2,18.37,36.74,S003,C0060,Bank Transfer
T005732,2025-08-12,P013,Hand Soap,Household,4,4.92,19.68,S004,C0042,UPI
T005733,2024-06-29,P007,Bluetooth Speaker,Electronics,2,52.72,105.44,S001,C0084,Cash
T005734,2023-10-30,P024,Watering Can,Outdoor,3,21.01,63.03,S003,C0024,UPI
T005735,2024-10-20,P020,Running Socks,Apparel,2,9.87,19.74,S002,C0083,Cash
T005736,2025-07-28,P007,Bluetooth Speaker,Electronics,4,51.77,207.08,S002,C0248,Card
T005737,2025-05-10,P004,Printer Paper,Stationery,5,6.84,34.2,S002,C0212,UPI
T005738,2024-02-13,P014,Cleaning Spray,Household,1,7.62,7.62,S001,C0035,Card
T005739,2025-08-12,P004,Printer Paper,Stationery,1,6.86,6.86,S003,C0237,UPI
T005740,2024-10-06,P002,Ballpoint Pen Pack,Stationery,5,5.3,26.5,S001,C0053,Card
T005741,2025-10-19,P004,Printer Paper,Stationery,1,6.87,6.87,S002,C0265,UPI
T005742,2023-05-21,P017,Cotton T-Shirt,Apparel,6,19.29,115.74,S002,C0035,UPI
T005743,2024-07-25,P018,Canvas Tote Bag,Apparel,2,12.96,25.92,S002,C0009,Cash
T005744,2024-08-27,P002,Ballpoint Pen Pack,Stationery,4,5.3,21.2,S002,C0010,Card
T005745,2024-10-10,P024,Watering Can,Outdoor,1,19.81,19.81,S004,C0024,UPI
T005746,2024-05-08,P021,Garden Gloves,Outdoor,1,9.38,9.38,S003,C0231,Card
T005747,2023-08-23,P005,Wireless Mouse,Electronics,3,23.81,71.43,S001,C0044,Card
T005748,2025-10-16,P004,Printer Paper,Stationery,2,6.99,13.98,S004,C0019,Card
T005749,2023-01-02,P017,Cotton T-Shirt,Apparel,1,20.25,20.25,S001,C0083,Card
T005750,2023-05-23,P013,Hand Soap,Household,2,4.66,9.32,S002,C0185,Cash
T005751,2023-05-13,P007,Bluetooth Speaker,Electronics,2,48.57,97.14,S003,C0249,Cash
T005752,2024-02-15,P013,Hand Soap,Household,5,4.84,24.2,S004,C0087,UPI
T005753,2025-01-16,P009,Coffee Beans,Food and Beverage,1,15.27,15.27,S001,C0218,Cash
T005754,2023-01-27,P004,Printer Paper,Stationery,3,6.88,20.64,S002,C0179,Bank Transfer
T005755,2023-02-07,P003,Desk Organizer,Stationery,4,14.64,58.56,S001,C0233,UPI
T005756,2024-06-29,P004,Printer Paper,Stationery,2,6.6,13.2,S001,C0109,UPI
T005757,2025-07-01,P016,LED Bulb Pack,Household,1,12.38,12.38,S004,C0221,Card
T005758,2023-03-28,P006,USB-C Hub,Electronics,3,34.96,104.88,S003,C0206,UPI
T005759,2024-02-29,P021,Garden Gloves,Outdoor,2,9.11,18.22,S003,C0023,UPI
T005760,2023-07-26,P002,Ballpoint Pen Pack,Stationery,2,5.46,10.92,S004,C0164,UPI
T005761,2023-04-30,P001,Notebook,Stationery,2,8.15,16.3,S004,C0043,Card
T005762,2024-11-22,P015,Storage Basket,Household,1,15.66,15.66,S001,C0198,Card
T005763,2025-05-25,P013,Hand Soap,Household,4,4.69,18.76,S001,C0119,Card
T005764,2025-10-19,P004,Printer Paper,Stationery,1,6.56,6.56,S003,C0083,Bank Transfer
T005765,2024-02-25,P002,Ballpoint Pen Pack,Stationery,1,5.14,5.14,S003,C0244,Card
T005766,2023-06-04,P010,Tea Assortment,Food and Beverage,2,13.27,26.54,S004,C0085,Cash
T005767,2025-01-17,P011,Reusable Water Bottle,Food and Beverage,3,18.44,55.32,S003,C0053,Card
T005768,2023-08-07,P004,Printer Paper,Stationery,1,6.4,6.4,S002,C0051,UPI
T005769,2023-05-13,P002,Ballpoint Pen Pack,Stationery,1,5.49,5.49,S003,C0172,Card
T005770,2025-05-05,P005,Wireless Mouse,Electronics,2,26.28,52.56,S004,C0073,Cash
T005771,2024-01-08,P019,Baseball Cap,Apparel,2,15.47,30.94,S002,C0032,UPI
T005772,2025-07-31,P023,Hand Trowel,Outdoor,1,10.81,10.81,S004,C0111,UPI
T005773,2024-10-17,P005,Wireless Mouse,Electronics,1,24.4,24.4,S001,C0156,Cash
T005774,2025-02-25,P018,Canvas Tote Bag,Apparel,6,12.72,76.32,S001,C0138,UPI
T005775,2024-06-11,P020,Running Socks,Apparel,1,9.88,9.88,S001,C0218,Bank Transfer
T005776,2024-08-26,P019,Baseball Cap,Apparel,2,15.59,31.18,S001,C0225,Bank Transfer
T005777,2024-07-17,P019,Baseball Cap,Apparel,6,15.77,94.62,S003,C0204,Cash
T005778,2024-09-01,P002,Ballpoint Pen Pack,Stationery,6,5.11,30.66,S003,C0040,Card
T005779,2025-02-06,P023,Hand Trowel,Outdoor,4,10.1,40.4,S002,C0062,Card
T005780,2025-04-04,P006,USB-C Hub,Electronics,3,33.15,99.45,S003,C0196,Card
T005781,2025-04-30,P009,Coffee Beans,Food and Beverage,1,16.33,16.33,S004,C0004,Card
T005782,2024-10-03,P009,Coffee Beans,Food and Beverage,2,15.44,30.88,S001,C0269,Card
T005783,2024-09-19,P009,Coffee Beans,Food and Beverage,2,15.25,30.5,S001,C0224,Cash
T005784,2024-04-14,P023,Hand Trowel,Outdoor,3,9.94,29.82,S003,C0120,UPI
T005785,2024-05-20,P023,Hand Trowel,Outdoor,2,10.01,20.02,S003,C0218,Card
T005786,2024-07-26,P014,Cleaning Spray,Household,6,7.03,42.18,S001,C0114,UPI
T005787,2025-12-01,P005,Wireless Mouse,Electronics,1,25.37,25.37,S004,C0048,UPI
T005788,2024-05-09,P003,Desk Organizer,Stationery,2,14.53,29.06,S002,C0138,Bank Transfer
T005789,2025-06-11,P006,USB-C Hub,Electronics,6,34.06,204.36,S001,C0008,UPI
T005790,2025-09-04,P004,Printer Paper,Stationery,2,6.99,13.98,S001,C0105,UPI
T005791,2023-01-07,P005,Wireless Mouse,Electronics,3,25.45,76.35,S001,C0100,Card
T005792,2024-02-08,P012,Snack Box,Food and Beverage,3,22.51,67.53,S003,C0107,Card
T005793,2024-01-08,P020,Running Socks,Apparel,5,9.82,49.1,S001,C0024,Card
T005794,2023-07-14,P019,Baseball Cap,Apparel,3,16.05,48.15,S004,C0254,Cash
T005795,2025-02-16,P005,Wireless Mouse,Electronics,3,26.03,78.09,S003,C0269,Card
T005796,2025-02-08,P022,Plant Pot,Outdoor,2,11.38,22.76,S003,C0173,UPI
T005797,2023-07-02,P009,Coffee Beans,Food and Beverage,1,15.01,15.01,S001,C0017,Card
T005798,2024-10-22,P015,Storage Basket,Household,2,17.2,34.4,S004,C0063,Card
T005799,2023-06-11,P020,Running Socks,Apparel,1,9.68,9.68,S001,C0286,Card
T005800,2024-04-13,P013,Hand Soap,Household,5,4.75,23.75,S001,C0149,UPI
T005801,2025-07-04,P015,Storage Basket,Household,2,16.26,32.52,S004,C0199,Card
T005802,2025-09-27,P024,Watering Can,Outdoor,3,20.69,62.07,S001,C0135,UPI
T005803,2024-01-11,P004,Printer Paper,Stationery,1,7.02,7.02,S003,C0077,Cash
T005804,2025-07-03,P013,Hand Soap,Household,2,4.63,9.26,S001,C0227,UPI
T005805,2025-06-24,P006,USB-C Hub,Electronics,2,34.38,68.76,S001,C0284,UPI
T005806,2025-07-09,P008,Webcam,Electronics,2,61.91,123.82,S002,C0195,Cash
T005807,2025-12-13,P014,Cleaning Spray,Household,2,7.42,14.84,S004,C0172,UPI
T005808,2024-04-28,P001,Notebook,Stationery,1,8.58,8.58,S001,C0255,Card
T005809,2023-12-08,P002,Ballpoint Pen Pack,Stationery,1,5.06,5.06,S004,C0200,Card
T005810,2024-12-07,P023,Hand Trowel,Outdoor,1,9.96,9.96,S001,C0062,Cash
T005811,2025-12-05,P022,Plant Pot,Outdoor,2,12.23,24.46,S001,C0205,UPI
T005812,2025-03-24,P023,Hand Trowel,Outdoor,3,10.42,31.26,S001,C0115,Card
T005813,2023-10-29,P019,Baseball Cap,Apparel,4,16.33,65.32,S001,C0079,Card
T005814,2023-03-14,P022,Plant Pot,Outdoor,1,12.46,12.46,S001,C0040,Card
T005815,2023-12-01,P004,Printer Paper,Stationery,2,6.36,12.72,S003,C0242,Bank Transfer
T005816,2023-01-21,P016,LED Bulb Pack,Household,1,12.44,12.44,S004,C0155,Card
T005817,2025-07-09,P004,Printer Paper,Stationery,2,6.64,13.28,S004,C0146,UPI
T005818,2024-07-12,P004,Printer Paper,Stationery,2,6.56,13.12,S001,C0022,Card
T005819,2024-03-07,P007,Bluetooth Speaker,Electronics,1,50.85,50.85,S002,C0240,Card
T005820,2023-07-20,P016,LED Bulb Pack,Household,1,12.3,12.3,S001,C0206,Cash
T005821,2025-10-23,P019,Baseball Cap,Apparel,1,15.04,15.04,S001,C0024,Bank Transfer
T005822,2025-07-22,P004,Printer Paper,Stationery,2,6.36,12.72,S002,C0101,Card
T005823,2024-01-26,P009,Coffee Beans,Food and Beverage,3,16.0,48.0,S001,C0033,Card
T005824,2025-07-25,P017,Cotton T-Shirt,Apparel,1,20.81,20.81,S001,C0275,Card
T005825,2023-12-07,P002,Ballpoint Pen Pack,Stationery,2,5.35,10.7,S004,C0256,UPI
T005826,2023-07-20,P015,Storage Basket,Household,3,16.82,50.46,S002,C0113,Card
T005827,2024-05-05,P023,Hand Trowel,Outdoor,1,10.58,10.58,S001,C0116,Card
T005828,2024-12-20,P007,Bluetooth Speaker,Electronics,2,52.44,104.88,S001,C0041,Cash
T005829,2023-05-05,P006,USB-C Hub,Electronics,4,33.8,135.2,S001,C0102,Card
T005830,2023-10-05,P009,Coffee Beans,Food and Beverage,1,16.41,16.41,S003,C0200,Card
T005831,2025-09-26,P018,Canvas Tote Bag,Apparel,2,13.1,26.2,S002,C0119,Card
T005832,2024-06-03,P017,Cotton T-Shirt,Apparel,3,20.4,61.2,S004,C0020,Cash
T005833,2023-08-27,P006,USB-C Hub,Electronics,1,33.04,33.04,S004,C0192,UPI
T005834,2025-02-11,P015,Storage Basket,Household,3,16.58,49.74,S002,C0130,Bank Transfer
T005835,2024-09-19,P019,Baseball Cap,Apparel,2,15.96,31.92,S003,C0256,Cash
T005836,2025-07-16,P011,Reusable Water Bottle,Food and Beverage,2,18.48,36.96,S004,C0046,Cash
T005837,2025-03-24,P014,Cleaning Spray,Household,6,6.91,41.46,S004,C0090,UPI
T005838,2025-06-06,P024,Watering Can,Outdoor,3,21.6,64.8,S003,C0231,UPI
T005839,2023-12-06,P020,Running Socks,Apparel,1,10.41,10.41,S002,C0105,Card
T005840,2024-09-17,P001,Notebook,Stationery,6,8.61,51.66,S001,C0300,Card
T005841,2023-04-14,P014,Cleaning Spray,Household,2,7.51,15.02,S001,C0166,Card
T005842,2023-12-01,P017,Cotton T-Shirt,Apparel,1,19.16,19.16,S002,C0194,Cash
T005843,2024-09-04,P013,Hand Soap,Household,2,4.83,9.66,S002,C0134,Cash
T005844,2023-05-01,P011,Reusable Water Bottle,Food and Beverage,4,17.75,71.0,S004,C0100,UPI
T005845,2024-10-26,P019,Baseball Cap,Apparel,2,16.48,32.96,S003,C0094,UPI
T005846,2024-01-22,P024,Watering Can,Outdoor,3,19.9,59.7,S004,C0044,Card
T005847,2023-12-14,P015,Storage Basket,Household,1,16.59,16.59,S003,C0291,UPI
T005848,2023-11-30,P009,Coffee Beans,Food and Beverage,4,15.67,62.68,S002,C0068,Card
T005849,2025-07-21,P007,Bluetooth Speaker,Electronics,5,47.54,237.7,S003,C0229,UPI
T005850,2024-10-27,P001,Notebook,Stationery,1,8.33,8.33,S003,C0022,UPI
T005851,2024-02-19,P006,USB-C Hub,Electronics,1,34.23,34.23,S003,C0183,Card
T005852,2023-05-04,P009,Coffee Beans,Food and Beverage,1,15.62,15.62,S003,C0186,Cash
T005853,2024-09-17,P019,Baseball Cap,Apparel,1,16.95,16.95,S004,C0078,Cash
T005854,2023-03-26,P002,Ballpoint Pen Pack,Stationery,3,5.03,15.09,S004,C0210,UPI
T005855,2024-09-14,P019,Baseball Cap,Apparel,2,16.3,32.6,S002,C0093,Cash
T005856,2024-09-23,P006,USB-C Hub,Electronics,2,35.25,70.5,S001,C0026,Card
T005857,2023-11-05,P008,Webcam,Electronics,5,60.21,301.05,S003,C0169,Bank Transfer
T005858,2024-09-02,P020,Running Socks,Apparel,1,10.11,10.11,S001,C0018,UPI
T005859,2025-02-26,P013,Hand Soap,Household,1,4.64,4.64,S003,C0046,Cash
T005860,2023-07-03,P002,Ballpoint Pen Pack,Stationery,3,5.36,16.08,S003,C0195,Cash
T005861,2023-06-10,P023,Hand Trowel,Outdoor,1,10.99,10.99,S002,C0270,Cash
T005862,2023-05-09,P008,Webcam,Electronics,1,57.8,57.8,S001,C0084,Card
T005863,2023-07-22,P020,Running Socks,Apparel,5,10.49,52.45,S001,C0145,Card
T005864,2024-08-25,P010,Tea Assortment,Food and Beverage,3,12.94,38.82,S001,C0251,Card
T005865,2024-11-17,P009,Coffee Beans,Food and Beverage,4,15.18,60.72,S002,C0031,Bank Transfer
T005866,2025-11-13,P012,Snack Box,Food and Beverage,5,21.44,107.2,S001,C0238,UPI
T005867,2023-08-25,P006,USB-C Hub,Electronics,4,35.71,142.84,S004,C0284,UPI
T005868,2025-08-09,P017,Cotton T-Shirt,Apparel,3,21.0,63.0,S001,C0026,Cash
T005869,2024-10-05,P011,Reusable Water Bottle,Food and Beverage,3,18.13,54.39,S002,C0063,Bank Transfer
T005870,2025-06-24,P017,Cotton T-Shirt,Apparel,4,19.96,79.84,S003,C0095,Cash
T005871,2025-09-26,P001,Notebook,Stationery,4,8.11,32.44,S001,C0053,Card
T005872,2024-10-27,P018,Canvas Tote Bag,Apparel,1,13.41,13.41,S004,C0103,Card
T005873,2024-01-30,P007,Bluetooth Speaker,Electronics,3,50.33,150.99,S003,C0273,UPI
T005874,2024-10-22,P010,Tea Assortment,Food and Beverage,1,13.0,13.0,S003,C0014,Cash
T005875,2023-09-01,P002,Ballpoint Pen Pack,Stationery,1,5.38,5.38,S001,C0061,Card
T005876,2023-08-29,P005,Wireless Mouse,Electronics,3,25.66,76.98,S003,C0193,Cash
T005877,2025-08-09,P004,Printer Paper,Stationery,2,6.56,13.12,S003,C0249,Card
T005878,2025-11-18,P005,Wireless Mouse,Electronics,1,25.09,25.09,S004,C0027,Card
T005879,2023-06-29,P020,Running Socks,Apparel,1,10.22,10.22,S002,C0062,Card
T005880,2025-04-13,P020,Running Socks,Apparel,1,10.37,10.37,S001,C0243,Cash
T005881,2023-06-17,P013,Hand Soap,Household,1,4.78,4.78,S001,C0199,UPI
T005882,2024-02-02,P003,Desk Organizer,Stationery,3,13.88,41.64,S004,C0066,UPI
T005883,2023-08-30,P004,Printer Paper,Stationery,1,7.08,7.08,S001,C0283,UPI
T005884,2025-08-11,P007,Bluetooth Speaker,Electronics,6,49.18,295.08,S001,C0132,Cash
T005885,2025-03-04,P020,Running Socks,Apparel,2,10.03,20.06,S002,C0264,UPI
T005886,2025-07-08,P011,Reusable Water Bottle,Food and Beverage,1,17.37,17.37,S001,C0189,UPI
T005887,2023-09-23,P019,Baseball Cap,Apparel,3,16.95,50.85,S003,C0265,Card
T005888,2024-07-06,P012,Snack Box,Food and Beverage,2,23.08,46.16,S004,C0035,UPI
T005889,2024-06-01,P015,Storage Basket,Household,1,15.97,15.97,S003,C0053,UPI
T005890,2025-09-17,P004,Printer Paper,Stationery,3,6.66,19.98,S002,C0274,Card
T005891,2025-12-07,P013,Hand Soap,Household,1,4.75,4.75,S004,C0052,Card
T005892,2025-09-17,P005,Wireless Mouse,Electronics,3,24.51,73.53,S003,C0272,Cash
T005893,2023-11-08,P008,Webcam,Electronics,1,61.22,61.22,S002,C0266,Bank Transfer
T005894,2023-05-18,P002,Ballpoint Pen Pack,Stationery,5,5.52,27.6,S004,C0189,Card
T005895,2024-08-20,P004,Printer Paper,Stationery,2,6.59,13.18,S002,C0161,UPI
T005896,2023-08-09,P022,Plant Pot,Outdoor,5,12.45,62.25,S004,C0128,UPI
T005897,2023-12-30,P004,Printer Paper,Stationery,2,6.61,13.22,S001,C0249,Card
T005898,2024-08-05,P007,Bluetooth Speaker,Electronics,2,52.56,105.12,S002,C0252,UPI
T005899,2025-05-18,P014,Cleaning Spray,Household,5,7.37,36.85,S002,C0131,UPI
T005900,2023-10-27,P022,Plant Pot,Outdoor,2,11.47,22.94,S002,C0195,Card
T005901,2024-07-06,P011,Reusable Water Bottle,Food and Beverage,2,17.61,35.22,S002,C0114,Card
T005902,2024-09-24,P022,Plant Pot,Outdoor,1,12.08,12.08,S002,C0124,UPI
T005903,2024-09-28,P004,Printer Paper,Stationery,1,6.73,6.73,S004,C0220,Card
T005904,2023-12-20,P005,Wireless Mouse,Electronics,1,25.55,25.55,S003,C0230,UPI
T005905,2023-10-31,P022,Plant Pot,Outdoor,2,11.71,23.42,S003,C0280,UPI
T005906,2024-01-17,P014,Cleaning Spray,Household,3,6.97,20.91,S003,C0153,Cash
T005907,2025-06-19,P005,Wireless Mouse,Electronics,1,24.21,24.21,S002,C0116,Cash
T005908,2024-04-04,P015,Storage Basket,Household,1,15.61,15.61,S002,C0213,UPI
T005909,2023-07-31,P022,Plant Pot,Outdoor,5,11.46,57.3,S002,C0145,UPI
T005910,2023-05-15,P023,Hand Trowel,Outdoor,2,10.82,21.64,S002,C0034,Cash
T005911,2024-08-04,P008,Webcam,Electronics,5,57.8,289.0,S001,C0223,UPI
T005912,2023-12-13,P008,Webcam,Electronics,2,59.46,118.92,S004,C0017,UPI
T005913,2025-08-25,P007,Bluetooth Speaker,Electronics,6,48.03,288.18,S002,C0090,UPI
T005914,2023-12-08,P012,Snack Box,Food and Beverage,3,22.14,66.42,S001,C0255,Cash
T005915,2024-10-12,P003,Desk Organizer,Stationery,2,13.98,27.96,S002,C0026,UPI
T005916,2023-03-03,P014,Cleaning Spray,Household,1,7.24,7.24,S002,C0170,Card
T005917,2023-08-20,P015,Storage Basket,Household,2,17.44,34.88,S003,C0203,UPI
T005918,2023-07-29,P017,Cotton T-Shirt,Apparel,1,19.69,19.69,S001,C0079,UPI
T005919,2025-02-26,P009,Coffee Beans,Food and Beverage,4,15.27,61.08,S004,C0062,Cash
T005920,2024-09-20,P002,Ballpoint Pen Pack,Stationery,2,5.05,10.1,S004,C0085,Cash
T005921,2025-12-07,P014,Cleaning Spray,Household,1,6.85,6.85,S004,C0288,Card
T005922,2023-08-31,P011,Reusable Water Bottle,Food and Beverage,1,17.06,17.06,S001,C0130,Bank Transfer
T005923,2025-05-30,P006,USB-C Hub,Electronics,1,35.85,35.85,S002,C0163,Bank Transfer
T005924,2023-07-10,P022,Plant Pot,Outdoor,6,12.68,76.08,S003,C0175,UPI
T005925,2024-10-25,P004,Printer Paper,Stationery,3,6.44,19.32,S001,C0225,Cash
T005926,2023-12-21,P020,Running Socks,Apparel,4,10.47,41.88,S001,C0155,UPI
T005927,2024-07-18,P006,USB-C Hub,Electronics,3,33.16,99.48,S004,C0254,Card
T005928,2023-12-30,P013,Hand Soap,Household,1,4.76,4.76,S003,C0077,Card
T005929,2023-06-17,P009,Coffee Beans,Food and Beverage,6,15.83,94.98,S001,C0097,Card
T005930,2024-04-22,P011,Reusable Water Bottle,Food and Beverage,1,18.2,18.2,S002,C0269,Bank Transfer
T005931,2025-03-01,P005,Wireless Mouse,Electronics,3,24.63,73.89,S004,C0194,Card
T005932,2025-03-11,P009,Coffee Beans,Food and Beverage,4,15.3,61.2,S001,C0040,Card
T005933,2025-12-07,P009,Coffee Beans,Food and Beverage,1,14.85,14.85,S004,C0079,Card
T005934,2023-01-17,P019,Baseball Cap,Apparel,3,16.37,49.11,S002,C0240,Card
T005935,2023-05-07,P005,Wireless Mouse,Electronics,4,25.37,101.48,S004,C0175,Bank Transfer
T005936,2025-07-18,P009,Coffee Beans,Food and Beverage,2,14.78,29.56,S002,C0041,UPI
T005937,2025-12-05,P019,Baseball Cap,Apparel,2,16.94,33.88,S002,C0233,Card
T005938,2024-12-25,P014,Cleaning Spray,Household,1,7.62,7.62,S001,C0246,Cash
T005939,2025-09-27,P007,Bluetooth Speaker,Electronics,1,49.77,49.77,S003,C0014,Card
T005940,2025-05-11,P020,Running Socks,Apparel,2,9.79,19.58,S004,C0297,Card
T005941,2023-04-23,P011,Reusable Water Bottle,Food and Beverage,4,18.79,75.16,S003,C0095,Card
T005942,2023-02-06,P011,Reusable Water Bottle,Food and Beverage,1,18.36,18.36,S004,C0195,UPI
T005943,2024-09-19,P014,Cleaning Spray,Household,1,7.13,7.13,S004,C0250,Cash
T005944,2023-12-22,P015,Storage Basket,Household,1,15.53,15.53,S001,C0230,UPI
T005945,2023-02-19,P015,Storage Basket,Household,1,16.94,16.94,S001,C0197,Cash
T005946,2024-10-05,P006,USB-C Hub,Electronics,3,35.9,107.7,S004,C0259,Cash
T005947,2024-05-02,P002,Ballpoint Pen Pack,Stationery,6,4.96,29.76,S001,C0202,Cash
T005948,2023-09-20,P014,Cleaning Spray,Household,1,7.31,7.31,S001,C0059,UPI
T005949,2025-05-18,P004,Printer Paper,Stationery,3,6.5,19.5,S001,C0190,UPI
T005950,2023-09-23,P021,Garden Gloves,Outdoor,1,9.12,9.12,S002,C0299,Card
T005951,2024-08-25,P009,Coffee Beans,Food and Beverage,1,14.79,14.79,S003,C0057,Cash
T005952,2025-12-23,P021,Garden Gloves,Outdoor,2,9.09,18.18,S004,C0133,Card
T005953,2023-03-06,P005,Wireless Mouse,Electronics,1,23.91,23.91,S001,C0185,UPI
T005954,2025-09-26,P022,Plant Pot,Outdoor,3,12.16,36.48,S001,C0153,Cash
T005955,2024-10-21,P013,Hand Soap,Household,1,4.92,4.92,S001,C0141,Cash
T005956,2024-07-15,P005,Wireless Mouse,Electronics,5,24.94,124.7,S003,C0025,UPI
T005957,2023-02-27,P017,Cotton T-Shirt,Apparel,3,19.18,57.54,S001,C0023,UPI
T005958,2023-03-15,P005,Wireless Mouse,Electronics,4,25.22,100.88,S001,C0249,Card
T005959,2023-02-23,P020,Running Socks,Apparel,1,10.43,10.43,S001,C0191,Cash
T005960,2025-04-17,P004,Printer Paper,Stationery,2,6.95,13.9,S002,C0043,UPI
T005961,2024-04-12,P007,Bluetooth Speaker,Electronics,2,51.55,103.1,S003,C0008,UPI
T005962,2024-12-16,P005,Wireless Mouse,Electronics,2,25.63,51.26,S003,C0272,Card
T005963,2024-06-11,P015,Storage Basket,Household,4,16.56,66.24,S002,C0006,Card
T005964,2024-03-28,P009,Coffee Beans,Food and Beverage,3,16.17,48.51,S001,C0026,Card
T005965,2023-04-07,P009,Coffee Beans,Food and Beverage,1,16.14,16.14,S001,C0220,Card
T005966,2024-04-09,P013,Hand Soap,Household,5,4.85,24.25,S004,C0057,Bank Transfer
T005967,2023-12-06,P011,Reusable Water Bottle,Food and Beverage,3,17.76,53.28,S001,C0045,Cash
T005968,2025-02-11,P011,Reusable Water Bottle,Food and Beverage,2,18.26,36.52,S001,C0021,Card
T005969,2023-12-29,P010,Tea Assortment,Food and Beverage,1,12.64,12.64,S003,C0221,Card
T005970,2023-05-06,P017,Cotton T-Shirt,Apparel,1,18.89,18.89,S002,C0161,UPI
T005971,2025-04-02,P002,Ballpoint Pen Pack,Stationery,3,5.1,15.3,S003,C0127,UPI
T005972,2023-11-22,P001,Notebook,Stationery,1,8.84,8.84,S003,C0181,Bank Transfer
T005973,2023-07-02,P016,LED Bulb Pack,Household,3,11.59,34.77,S004,C0004,UPI
T005974,2025-09-03,P001,Notebook,Stationery,3,8.39,25.17,S001,C0029,Cash
T005975,2024-10-14,P001,Notebook,Stationery,2,8.75,17.5,S004,C0085,UPI
T005976,2023-09-30,P008,Webcam,Electronics,4,57.95,231.8,S001,C0037,Card
T005977,2024-12-10,P017,Cotton T-Shirt,Apparel,3,20.46,61.38,S002,C0134,UPI
T005978,2024-01-02,P020,Running Socks,Apparel,1,9.45,9.45,S001,C0096,UPI
T005979,2025-08-29,P007,Bluetooth Speaker,Electronics,2,48.99,97.98,S003,C0016,Bank Transfer
T005980,2024-06-29,P024,Watering Can,Outdoor,2,20.43,40.86,S002,C0054,Card
T005981,2025-02-26,P018,Canvas Tote Bag,Apparel,1,13.52,13.52,S003,C0130,UPI
T005982,2025-11-12,P021,Garden Gloves,Outdoor,1,8.91,8.91,S003,C0279,Cash
T005983,2025-08-04,P019,Baseball Cap,Apparel,1,16.01,16.01,S002,C0166,Card
T005984,2023-11-27,P018,Canvas Tote Bag,Apparel,2,13.15,26.3,S001,C0078,Card
T005985,2025-11-13,P017,Cotton T-Shirt,Apparel,3,20.08,60.24,S001,C0137,Card
T005986,2023-07-23,P019,Baseball Cap,Apparel,1,15.63,15.63,S001,C0166,Card
T005987,2023-12-23,P017,Cotton T-Shirt,Apparel,2,19.5,39.0,S002,C0026,Card
T005988,2025-07-13,P004,Printer Paper,Stationery,2,6.64,13.28,S004,C0214,Cash
T005989,2023-10-18,P005,Wireless Mouse,Electronics,4,25.56,102.24,S004,C0162,Card
T005990,2025-01-30,P017,Cotton T-Shirt,Apparel,5,20.78,103.9,S002,C0213,Card
T005991,2023-09-28,P011,Reusable Water Bottle,Food and Beverage,2,16.98,33.96,S001,C0235,Bank Transfer
T005992,2025-05-28,P024,Watering Can,Outdoor,2,20.14,40.28,S003,C0171,UPI
T005993,2023-06-25,P024,Watering Can,Outdoor,1,19.87,19.87,S004,C0260,Bank Transfer
T005994,2024-09-13,P020,Running Socks,Apparel,1,9.95,9.95,S003,C0152,Card
T005995,2024-04-12,P002,Ballpoint Pen Pack,Stationery,4,5.05,20.2,S003,C0030,Bank Transfer
T005996,2025-08-20,P009,Coffee Beans,Food and Beverage,4,15.97,63.88,S003,C0284,Card
T005997,2024-12-23,P018,Canvas Tote Bag,Apparel,3,12.73,38.19,S002,C0129,Card
T005998,2024-10-24,P017,Cotton T-Shirt,Apparel,2,19.04,38.08,S002,C0173,Card
T005999,2024-11-28,P017,Cotton T-Shirt,Apparel,1,20.06,20.06,S001,C0252,Card
T006000,2025-12-17,P001,Notebook,Stationery,2,8.9,17.8,S001,C0176,Card
T006001,2023-03-19,P004,Printer Paper,Stationery,2,6.95,13.9,S002,C0010,Cash
T006002,2023-03-10,P020,Running Socks,Apparel,1,9.91,9.91,S001,C0297,Card
T006003,2025-03-09,P013,Hand Soap,Household,2,4.53,9.06,S003,C0274,Card
T006004,2024-03-10,P005,Wireless Mouse,Electronics,3,23.6,70.8,S002,C0044,UPI
T006005,2024-07-20,P004,Printer Paper,Stationery,1,6.37,6.37,S004,C0103,Bank Transfer
T006006,2023-09-23,P009,Coffee Beans,Food and Beverage,4,15.11,60.44,S002,C0220,UPI
T006007,2023-04-09,P005,Wireless Mouse,Electronics,2,26.37,52.74,S001,C0145,Cash
T006008,2025-07-18,P016,LED Bulb Pack,Household,1,11.84,11.84,S001,C0151,Cash
T006009,2025-09-17,P016,LED Bulb Pack,Household,2,11.3,22.6,S002,C0024,Cash
T006010,2023-12-03,P015,Storage Basket,Household,1,16.09,16.09,S001,C0074,Bank Transfer
T006011,2025-04-05,P007,Bluetooth Speaker,Electronics,1,49.83,49.83,S001,C0136,Card
T006012,2024-04-17,P024,Watering Can,Outdoor,2,20.81,41.62,S002,C0106,Card
T006013,2025-05-03,P011,Reusable Water Bottle,Food and Beverage,1,17.03,17.03,S004,C0202,Card
T006014,2025-08-24,P024,Watering Can,Outdoor,5,20.48,102.4,S003,C0217,UPI
T006015,2024-05-07,P013,Hand Soap,Household,5,5.0,25.0,S001,C0221,UPI
T006016,2023-04-22,P016,LED Bulb Pack,Household,1,11.56,11.56,S002,C0110,Cash
T006017,2024-06-15,P024,Watering Can,Outdoor,2,21.38,42.76,S003,C0034,Cash
T006018,2024-02-18,P010,Tea Assortment,Food and Beverage,5,12.39,61.95,S004,C0186,Card
T006019,2025-11-17,P003,Desk Organizer,Stationery,3,14.63,43.89,S003,C0177,Card
T006020,2025-11-15,P004,Printer Paper,Stationery,2,6.65,13.3,S002,C0083,UPI
T006021,2023-06-30,P004,Printer Paper,Stationery,4,6.77,27.08,S001,C0073,Card
T006022,2023-01-23,P020,Running Socks,Apparel,3,9.43,28.29,S001,C0283,Card
T006023,2025-01-14,P020,Running Socks,Apparel,2,9.46,18.92,S001,C0082,UPI
T006024,2023-07-23,P021,Garden Gloves,Outdoor,3,9.28,27.84,S003,C0224,Card
T006025,2024-09-10,P019,Baseball Cap,Apparel,3,15.14,45.42,S003,C0220,UPI
T006026,2025-02-27,P024,Watering Can,Outdoor,3,21.85,65.55,S001,C0285,Bank Transfer
T006027,2024-06-30,P005,Wireless Mouse,Electronics,2,23.51,47.02,S004,C0234,Card
T006028,2023-07-17,P004,Printer Paper,Stationery,3,6.97,20.91,S002,C0225,Card
T006029,2024-03-08,P023,Hand Trowel,Outdoor,1,10.12,10.12,S003,C0117,Card
T006030,2024-02-16,P014,Cleaning Spray,Household,2,7.15,14.3,S001,C0088,Card
T006031,2024-04-05,P011,Reusable Water Bottle,Food and Beverage,4,17.76,71.04,S001,C0082,Bank Transfer
T006032,2025-04-21,P005,Wireless Mouse,Electronics,1,24.78,24.78,S004,C0134,Card
T006033,2023-01-01,P020,Running Socks,Apparel,1,9.46,9.46,S002,C0269,UPI
T006034,2023-07-02,P007,Bluetooth Speaker,Electronics,5,48.18,240.9,S001,C0176,Card
T006035,2024-06-10,P017,Cotton T-Shirt,Apparel,5,19.1,95.5,S001,C0146,Card
T006036,2024-05-21,P013,Hand Soap,Household,5,4.71,23.55,S002,C0160,Cash
T006037,2025-07-09,P016,LED Bulb Pack,Household,4,12.09,48.36,S002,C0189,Card
T006038,2025-11-16,P001,Notebook,Stationery,2,8.6,17.2,S003,C0245,Cash
T006039,2023-06-26,P024,Watering Can,Outdoor,1,21.59,21.59,S004,C0074,Bank Transfer
T006040,2025-03-03,P009,Coffee Beans,Food and Beverage,2,15.12,30.24,S003,C0123,UPI
T006041,2024-10-31,P016,LED Bulb Pack,Household,3,12.07,36.21,S004,C0134,UPI
T006042,2025-07-10,P006,USB-C Hub,Electronics,1,34.27,34.27,S003,C0007,Bank Transfer
T006043,2025-04-15,P018,Canvas Tote Bag,Apparel,6,12.85,77.1,S002,C0112,Cash
T006044,2024-10-29,P020,Running Socks,Apparel,3,9.62,28.86,S002,C0174,UPI
T006045,2025-05-15,P009,Coffee Beans,Food and Beverage,1,15.92,15.92,S002,C0237,Cash
T006046,2025-01-28,P007,Bluetooth Speaker,Electronics,1,48.32,48.32,S004,C0059,Card
T006047,2025-09-25,P024,Watering Can,Outdoor,4,20.86,83.44,S003,C0280,Card
T006048,2023-02-05,P003,Desk Organizer,Stationery,1,13.46,13.46,S001,C0283,UPI
T006049,2025-12-17,P018,Canvas Tote Bag,Apparel,2,13.18,26.36,S004,C0173,UPI
T006050,2023-05-17,P024,Watering Can,Outdoor,2,22.12,44.24,S001,C0158,Cash
T006051,2023-12-17,P003,Desk Organizer,Stationery,1,14.47,14.47,S004,C0022,UPI
T006052,2023-12-30,P019,Baseball Cap,Apparel,2,16.8,33.6,S001,C0117,Bank Transfer
T006053,2023-06-16,P024,Watering Can,Outdoor,2,21.51,43.02,S003,C0283,UPI
T006054,2025-02-04,P024,Watering Can,Outdoor,1,21.87,21.87,S003,C0263,Bank Transfer
T006055,2025-03-02,P006,USB-C Hub,Electronics,1,32.6,32.6,S003,C0126,Card
T006056,2024-11-02,P009,Coffee Beans,Food and Beverage,4,15.02,60.08,S001,C0083,Cash
T006057,2023-09-25,P024,Watering Can,Outdoor,1,21.01,21.01,S004,C0186,UPI
T006058,2024-08-21,P005,Wireless Mouse,Electronics,2,24.54,49.08,S004,C0054,Card
T006059,2025-08-31,P014,Cleaning Spray,Household,3,7.4,22.2,S001,C0205,UPI
T006060,2023-07-02,P001,Notebook,Stationery,2,8.7,17.4,S004,C0018,Bank Transfer
T006061,2024-03-17,P001,Notebook,Stationery,2,8.36,16.72,S002,C0080,UPI
T006062,2023-12-13,P017,Cotton T-Shirt,Apparel,1,19.27,19.27,S004,C0177,Card
T006063,2025-03-22,P003,Desk Organizer,Stationery,3,14.0,42.0,S001,C0285,Cash
T006064,2023-05-26,P004,Printer Paper,Stationery,5,7.05,35.25,S002,C0090,Cash
T006065,2023-03-26,P013,Hand Soap,Household,6,4.8,28.8,S004,C0260,Cash
T006066,2023-08-20,P001,Notebook,Stationery,1,8.63,8.63,S003,C0008,Bank Transfer
T006067,2024-07-31,P016,LED Bulb Pack,Household,3,11.44,34.32,S004,C0099,Card
T006068,2024-11-02,P013,Hand Soap,Household,1,4.74,4.74,S001,C0147,Card
T006069,2025-04-08,P003,Desk Organizer,Stationery,2,13.94,27.88,S003,C0242,Cash
T006070,2024-03-23,P009,Coffee Beans,Food and Beverage,5,16.04,80.2,S002,C0276,Card
T006071,2023-03-30,P002,Ballpoint Pen Pack,Stationery,1,5.12,5.12,S001,C0148,Cash
T006072,2025-11-11,P016,LED Bulb Pack,Household,3,12.1,36.3,S001,C0059,Card
T006073,2024-08-04,P001,Notebook,Stationery,2,8.93,17.86,S003,C0156,Bank Transfer
T006074,2024-12-05,P001,Notebook,Stationery,3,8.96,26.88,S003,C0055,Cash
T006075,2025-12-12,P001,Notebook,Stationery,3,8.94,26.82,S002,C0088,UPI
T006076,2024-09-08,P013,Hand Soap,Household,3,4.96,14.88,S004,C0119,Cash
T006077,2023-05-16,P003,Desk Organizer,Stationery,1,14.71,14.71,S001,C0111,Bank Transfer
T006078,2023-11-04,P006,USB-C Hub,Electronics,4,33.64,134.56,S004,C0172,UPI
T006079,2024-07-23,P018,Canvas Tote Bag,Apparel,1,13.06,13.06,S001,C0007,UPI
T006080,2024-02-15,P022,Plant Pot,Outdoor,1,12.21,12.21,S004,C0118,UPI
T006081,2025-12-28,P006,USB-C Hub,Electronics,3,36.49,109.47,S004,C0261,UPI
T006082,2025-11-11,P007,Bluetooth Speaker,Electronics,3,48.66,145.98,S001,C0197,Card
T006083,2023-09-03,P019,Baseball Cap,Apparel,5,16.92,84.6,S001,C0133,Card
T006084,2025-05-17,P010,Tea Assortment,Food and Beverage,1,12.98,12.98,S004,C0001,Cash
T006085,2024-12-25,P015,Storage Basket,Household,5,15.85,79.25,S002,C0296,UPI
T006086,2024-05-21,P022,Plant Pot,Outdoor,5,12.18,60.9,S004,C0006,UPI
T006087,2025-08-22,P013,Hand Soap,Household,1,4.8,4.8,S001,C0088,UPI
T006088,2025-02-24,P007,Bluetooth Speaker,Electronics,4,51.53,206.12,S001,C0002,Card
T006089,2023-01-14,P009,Coffee Beans,Food and Beverage,1,14.73,14.73,S004,C0109,Cash
T006090,2023-08-06,P013,Hand Soap,Household,4,4.76,19.04,S002,C0016,Card
T006091,2025-12-25,P017,Cotton T-Shirt,Apparel,3,20.14,60.42,S004,C0201,Card
T006092,2025-04-28,P007,Bluetooth Speaker,Electronics,2,51.94,103.88,S004,C0242,Card
T006093,2023-06-09,P023,Hand Trowel,Outdoor,6,10.01,60.06,S003,C0265,Bank Transfer
T006094,2023-04-17,P017,Cotton T-Shirt,Apparel,3,20.24,60.72,S003,C0209,UPI
T006095,2023-03-23,P002,Ballpoint Pen Pack,Stationery,1,4.95,4.95,S003,C0117,UPI
T006096,2024-02-13,P017,Cotton T-Shirt,Apparel,1,18.84,18.84,S004,C0034,UPI
T006097,2025-01-05,P022,Plant Pot,Outdoor,5,11.59,57.95,S004,C0062,UPI
T006098,2023-08-16,P018,Canvas Tote Bag,Apparel,4,13.61,54.44,S001,C0178,Cash
T006099,2023-08-20,P002,Ballpoint Pen Pack,Stationery,5,5.31,26.55,S001,C0115,Bank Transfer
T006100,2023-02-15,P018,Canvas Tote Bag,Apparel,1,13.19,13.19,S002,C0213,Cash
T006101,2025-03-28,P014,Cleaning Spray,Household,1,7.14,7.14,S002,C0237,UPI
T006102,2024-12-25,P003,Desk Organizer,Stationery,2,14.49,28.98,S001,C0135,Cash
T006103,2025-12-21,P024,Watering Can,Outdoor,4,21.87,87.48,S001,C0185,Card
T006104,2023-11-05,P005,Wireless Mouse,Electronics,2,26.38,52.76,S003,C0189,Card
T006105,2025-06-23,P019,Baseball Cap,Apparel,4,15.48,61.92,S004,C0076,Card
T006106,2023-06-04,P001,Notebook,Stationery,2,8.33,16.66,S003,C0134,Card
T006107,2023-03-03,P001,Notebook,Stationery,1,8.74,8.74,S003,C0101,Card
T006108,2024-08-19,P022,Plant Pot,Outdoor,1,12.23,12.23,S001,C0041,Bank Transfer
T006109,2025-02-10,P014,Cleaning Spray,Household,1,6.83,6.83,S003,C0237,Bank Transfer
T006110,2024-03-09,P005,Wireless Mouse,Electronics,2,24.92,49.84,S002,C0040,Card
T006111,2025-03-07,P007,Bluetooth Speaker,Electronics,3,52.46,157.38,S004,C0258,Cash
T006112,2023-11-19,P023,Hand Trowel,Outdoor,2,10.69,21.38,S002,C0143,UPI
T006113,2025-04-28,P001,Notebook,Stationery,2,8.63,17.26,S002,C0134,Card
T006114,2025-05-23,P007,Bluetooth Speaker,Electronics,5,52.64,263.2,S004,C0214,UPI
T006115,2025-03-11,P009,Coffee Beans,Food and Beverage,4,15.61,62.44,S002,C0272,Cash
T006116,2024-06-06,P021,Garden Gloves,Outdoor,3,8.54,25.62,S004,C0079,Card
T006117,2025-06-30,P008,Webcam,Electronics,3,58.05,174.15,S002,C0245,Cash
T006118,2025-07-22,P004,Printer Paper,Stationery,1,6.89,6.89,S004,C0135,UPI
T006119,2025-06-28,P001,Notebook,Stationery,2,8.33,16.66,S001,C0086,UPI
T006120,2024-03-27,P011,Reusable Water Bottle,Food and Beverage,3,18.76,56.28,S001,C0042,Card
T006121,2023-10-14,P022,Plant Pot,Outdoor,1,11.83,11.83,S002,C0154,Card
T006122,2023-07-29,P011,Reusable Water Bottle,Food and Beverage,4,17.86,71.44,S004,C0138,Card
T006123,2023-08-24,P010,Tea Assortment,Food and Beverage,1,12.42,12.42,S004,C0272,UPI
T006124,2025-12-28,P015,Storage Basket,Household,2,16.11,32.22,S001,C0131,Card
T006125,2024-05-13,P021,Garden Gloves,Outdoor,5,9.27,46.35,S001,C0146,Card
T006126,2025-06-01,P001,Notebook,Stationery,1,8.03,8.03,S002,C0155,Card
T006127,2024-12-20,P014,Cleaning Spray,Household,2,7.54,15.08,S003,C0280,Card
T006128,2024-07-08,P001,Notebook,Stationery,1,8.04,8.04,S002,C0110,Card
T006129,2024-08-09,P002,Ballpoint Pen Pack,Stationery,2,5.41,10.82,S001,C0271,UPI
T006130,2023-05-10,P024,Watering Can,Outdoor,1,20.08,20.08,S003,C0002,Card
T006131,2025-01-08,P002,Ballpoint Pen Pack,Stationery,4,5.18,20.72,S002,C0085,Card
T006132,2023-11-06,P006,USB-C Hub,Electronics,2,36.18,72.36,S004,C0017,Card
T006133,2025-11-24,P005,Wireless Mouse,Electronics,2,24.74,49.48,S001,C0086,Cash
T006134,2025-06-08,P005,Wireless Mouse,Electronics,4,24.09,96.36,S003,C0283,UPI
T006135,2024-06-28,P002,Ballpoint Pen Pack,Stationery,1,5.22,5.22,S004,C0177,Card
T006136,2025-11-14,P004,Printer Paper,Stationery,1,6.49,6.49,S003,C0082,Bank Transfer
T006137,2023-11-27,P008,Webcam,Electronics,1,62.25,62.25,S003,C0169,Cash
T006138,2025-04-11,P006,USB-C Hub,Electronics,2,33.02,66.04,S001,C0023,UPI
T006139,2025-06-13,P007,Bluetooth Speaker,Electronics,5,50.02,250.1,S001,C0146,UPI
T006140,2025-12-07,P022,Plant Pot,Outdoor,1,11.53,11.53,S003,C0287,UPI
T006141,2024-05-01,P023,Hand Trowel,Outdoor,4,11.07,44.28,S004,C0120,Card
T006142,2025-12-14,P024,Watering Can,Outdoor,2,20.22,40.44,S001,C0071,Card
T006143,2023-08-22,P023,Hand Trowel,Outdoor,2,10.74,21.48,S003,C0284,Card
T006144,2025-09-24,P011,Reusable Water Bottle,Food and Beverage,4,18.19,72.76,S004,C0248,Card
T006145,2024-05-17,P001,Notebook,Stationery,3,8.91,26.73,S001,C0069,Card
T006146,2023-09-08,P003,Desk Organizer,Stationery,5,14.68,73.4,S002,C0202,Card
T006147,2023-11-21,P021,Garden Gloves,Outdoor,2,9.12,18.24,S001,C0025,Card
T006148,2024-10-12,P016,LED Bulb Pack,Household,1,11.65,11.65,S001,C0169,UPI
T006149,2023-08-10,P007,Bluetooth Speaker,Electronics,4,48.03,192.12,S003,C0290,UPI
T006150,2024-06-18,P021,Garden Gloves,Outdoor,1,8.69,8.69,S003,C0105,Card
T006151,2023-08-30,P015,Storage Basket,Household,6,17.23,103.38,S001,C0266,UPI
T006152,2023-03-17,P022,Plant Pot,Outdoor,2,12.01,24.02,S003,C0218,Card
T006153,2023-09-17,P021,Garden Gloves,Outdoor,2,8.8,17.6,S003,C0139,Cash
T006154,2024-02-21,P016,LED Bulb Pack,Household,2,12.66,25.32,S001,C0115,Cash
T006155,2023-03-20,P007,Bluetooth Speaker,Electronics,1,51.15,51.15,S003,C0230,UPI
T006156,2024-11-16,P019,Baseball Cap,Apparel,2,16.76,33.52,S001,C0129,Bank Transfer
T006157,2024-07-25,P019,Baseball Cap,Apparel,6,16.79,100.74,S001,C0007,UPI
T006158,2023-10-29,P009,Coffee Beans,Food and Beverage,2,15.72,31.44,S001,C0091,Card
T006159,2023-01-28,P014,Cleaning Spray,Household,1,7.37,7.37,S004,C0226,Bank Transfer
T006160,2024-06-18,P003,Desk Organizer,Stationery,2,13.57,27.14,S004,C0265,UPI
T006161,2025-10-17,P011,Reusable Water Bottle,Food and Beverage,1,17.67,17.67,S002,C0037,Card
T006162,2025-03-28,P019,Baseball Cap,Apparel,1,16.27,16.27,S003,C0014,Bank Transfer
T006163,2025-02-08,P018,Canvas Tote Bag,Apparel,2,12.92,25.84,S001,C0229,UPI
T006164,2024-01-30,P014,Cleaning Spray,Household,1,7.24,7.24,S001,C0120,UPI
T006165,2025-09-24,P018,Canvas Tote Bag,Apparel,4,14.07,56.28,S002,C0122,UPI
T006166,2024-08-14,P008,Webcam,Electronics,3,58.33,174.99,S001,C0050,Card
T006167,2023-02-01,P017,Cotton T-Shirt,Apparel,1,21.01,21.01,S002,C0091,Cash
T006168,2023-01-27,P018,Canvas Tote Bag,Apparel,1,13.71,13.71,S001,C0051,Card
T006169,2023-07-15,P005,Wireless Mouse,Electronics,3,25.23,75.69,S003,C0148,UPI
T006170,2024-04-23,P002,Ballpoint Pen Pack,Stationery,3,5.24,15.72,S002,C0188,Cash
T006171,2024-06-14,P001,Notebook,Stationery,4,8.31,33.24,S001,C0176,Card
T006172,2025-09-03,P012,Snack Box,Food and Beverage,2,21.16,42.32,S003,C0073,UPI
T006173,2024-02-04,P022,Plant Pot,Outdoor,4,12.69,50.76,S003,C0001,UPI
T006174,2024-09-16,P024,Watering Can,Outdoor,1,21.1,21.1,S002,C0077,Card
T006175,2024-08-20,P018,Canvas Tote Bag,Apparel,2,13.7,27.4,S002,C0031,UPI
T006176,2024-04-21,P012,Snack Box,Food and Beverage,3,23.66,70.98,S001,C0250,Card
T006177,2023-01-24,P022,Plant Pot,Outdoor,3,11.85,35.55,S003,C0177,Card
T006178,2023-05-05,P017,Cotton T-Shirt,Apparel,2,20.16,40.32,S002,C0005,Bank Transfer
T006179,2025-10-30,P023,Hand Trowel,Outdoor,3,10.64,31.92,S002,C0270,Cash
T006180,2023-10-18,P013,Hand Soap,Household,2,4.72,9.44,S001,C0164,UPI
T006181,2025-05-24,P014,Cleaning Spray,Household,3,7.5,22.5,S001,C0121,Cash
T006182,2024-05-19,P002,Ballpoint Pen Pack,Stationery,5,5.26,26.3,S003,C0180,UPI
T006183,2023-06-29,P023,Hand Trowel,Outdoor,2,9.99,19.98,S002,C0020,UPI
T006184,2023-08-19,P008,Webcam,Electronics,2,55.48,110.96,S001,C0218,UPI
T006185,2023-08-17,P010,Tea Assortment,Food and Beverage,2,13.23,26.46,S003,C0174,Card
T006186,2025-09-01,P020,Running Socks,Apparel,1,10.0,10.0,S001,C0169,Cash
T006187,2025-07-22,P001,Notebook,Stationery,1,8.02,8.02,S003,C0079,Card
T006188,2023-01-09,P004,Printer Paper,Stationery,1,6.7,6.7,S004,C0129,Card
T006189,2025-12-24,P012,Snack Box,Food and Beverage,1,22.59,22.59,S003,C0239,UPI
T006190,2024-11-20,P015,Storage Basket,Household,4,16.76,67.04,S003,C0098,Card
T006191,2024-07-29,P015,Storage Basket,Household,2,16.26,32.52,S004,C0273,UPI
T006192,2025-08-18,P003,Desk Organizer,Stationery,2,14.69,29.38,S004,C0041,UPI
T006193,2024-04-21,P004,Printer Paper,Stationery,1,6.78,6.78,S002,C0049,Card
T006194,2023-06-29,P023,Hand Trowel,Outdoor,3,10.35,31.05,S002,C0093,UPI
T006195,2025-01-15,P015,Storage Basket,Household,2,15.77,31.54,S001,C0221,Bank Transfer
T006196,2025-06-16,P014,Cleaning Spray,Household,1,7.68,7.68,S003,C0257,UPI
T006197,2024-11-27,P006,USB-C Hub,Electronics,1,36.26,36.26,S003,C0289,Card
T006198,2025-06-13,P001,Notebook,Stationery,2,8.38,16.76,S003,C0226,UPI
T006199,2023-04-18,P002,Ballpoint Pen Pack,Stationery,3,5.0,15.0,S003,C0211,Cash
T006200,2023-01-26,P015,Storage Basket,Household,3,17.12,51.36,S003,C0034,Card
T006201,2025-05-14,P005,Wireless Mouse,Electronics,1,23.8,23.8,S003,C0077,UPI
T006202,2025-10-15,P003,Desk Organizer,Stationery,1,14.28,14.28,S004,C0001,Cash
T006203,2025-11-07,P007,Bluetooth Speaker,Electronics,4,52.88,211.52,S004,C0227,UPI
T006204,2025-03-08,P009,Coffee Beans,Food and Beverage,1,14.58,14.58,S001,C0260,Card
T006205,2025-05-30,P001,Notebook,Stationery,1,8.3,8.3,S001,C0215,Bank Transfer
T006206,2023-11-06,P018,Canvas Tote Bag,Apparel,2,13.48,26.96,S003,C0292,UPI
T006207,2025-09-14,P018,Canvas Tote Bag,Apparel,1,12.72,12.72,S002,C0166,UPI
T006208,2023-10-11,P006,USB-C Hub,Electronics,1,35.18,35.18,S004,C0285,UPI
T006209,2024-02-18,P017,Cotton T-Shirt,Apparel,1,18.95,18.95,S003,C0084,Card
T006210,2025-02-16,P001,Notebook,Stationery,2,8.41,16.82,S004,C0207,Card
T006211,2023-10-31,P012,Snack Box,Food and Beverage,2,23.07,46.14,S002,C0141,Bank Transfer
T006212,2023-04-11,P005,Wireless Mouse,Electronics,5,24.83,124.15,S002,C0212,UPI
T006213,2025-09-17,P020,Running Socks,Apparel,4,9.48,37.92,S004,C0044,UPI
T006214,2025-03-07,P014,Cleaning Spray,Household,2,7.02,14.04,S004,C0283,Card
T006215,2023-09-17,P010,Tea Assortment,Food and Beverage,1,12.1,12.1,S001,C0063,Bank Transfer
T006216,2024-05-13,P010,Tea Assortment,Food and Beverage,5,13.16,65.8,S004,C0072,Card
T006217,2024-01-04,P006,USB-C Hub,Electronics,1,34.24,34.24,S002,C0034,Card
T006218,2023-05-11,P013,Hand Soap,Household,2,4.54,9.08,S004,C0298,Card
T006219,2023-06-13,P014,Cleaning Spray,Household,4,7.13,28.52,S002,C0066,Card
T006220,2023-09-03,P016,LED Bulb Pack,Household,2,11.73,23.46,S002,C0263,UPI
T006221,2025-05-03,P012,Snack Box,Food and Beverage,2,23.37,46.74,S001,C0155,Cash
T006222,2024-10-25,P017,Cotton T-Shirt,Apparel,2,20.31,40.62,S004,C0126,UPI
T006223,2024-12-17,P016,LED Bulb Pack,Household,1,11.69,11.69,S002,C0290,Card
T006224,2025-10-17,P013,Hand Soap,Household,5,4.78,23.9,S002,C0030,Card
T006225,2024-11-29,P014,Cleaning Spray,Household,4,7.16,28.64,S001,C0245,Card
T006226,2023-06-09,P002,Ballpoint Pen Pack,Stationery,2,5.3,10.6,S003,C0020,Card
T006227,2024-03-28,P014,Cleaning Spray,Household,6,7.64,45.84,S001,C0072,Card
T006228,2023-03-04,P016,LED Bulb Pack,Household,3,11.43,34.29,S003,C0003,Cash
T006229,2025-05-25,P021,Garden Gloves,Outdoor,1,8.7,8.7,S002,C0104,UPI
T006230,2024-11-24,P024,Watering Can,Outdoor,1,20.0,20.0,S002,C0096,UPI
T006231,2024-08-22,P012,Snack Box,Food and Beverage,1,21.43,21.43,S004,C0242,Card
T006232,2025-11-23,P016,LED Bulb Pack,Household,2,12.35,24.7,S003,C0166,UPI
T006233,2024-03-18,P008,Webcam,Electronics,1,56.6,56.6,S002,C0295,UPI
T006234,2024-01-31,P003,Desk Organizer,Stationery,1,13.74,13.74,S002,C0130,Card
T006235,2025-07-10,P020,Running Socks,Apparel,5,9.79,48.95,S001,C0157,Cash
T006236,2024-11-15,P011,Reusable Water Bottle,Food and Beverage,1,18.03,18.03,S004,C0116,Card
T006237,2024-04-16,P020,Running Socks,Apparel,1,10.02,10.02,S003,C0292,Cash
T006238,2025-08-27,P023,Hand Trowel,Outdoor,5,10.63,53.15,S004,C0169,Card
T006239,2024-10-10,P016,LED Bulb Pack,Household,2,12.46,24.92,S002,C0185,Bank Transfer
T006240,2024-08-07,P001,Notebook,Stationery,2,8.23,16.46,S003,C0100,Cash
T006241,2024-05-03,P024,Watering Can,Outdoor,2,20.57,41.14,S001,C0262,Card
T006242,2023-01-21,P023,Hand Trowel,Outdoor,1,10.59,10.59,S004,C0204,Card
T006243,2024-04-20,P023,Hand Trowel,Outdoor,2,11.03,22.06,S003,C0143,Card
T006244,2025-04-27,P016,LED Bulb Pack,Household,3,12.28,36.84,S002,C0003,Card
T006245,2023-03-23,P019,Baseball Cap,Apparel,1,16.16,16.16,S002,C0282,UPI
T006246,2025-05-21,P017,Cotton T-Shirt,Apparel,5,21.04,105.2,S004,C0076,Card
T006247,2025-02-25,P009,Coffee Beans,Food and Beverage,2,16.33,32.66,S003,C0116,Card
T006248,2023-02-20,P005,Wireless Mouse,Electronics,4,25.33,101.32,S001,C0062,Card
T006249,2024-10-26,P010,Tea Assortment,Food and Beverage,3,13.39,40.17,S004,C0209,UPI
T006250,2024-11-13,P010,Tea Assortment,Food and Beverage,4,13.11,52.44,S003,C0253,Card
T006251,2023-02-28,P005,Wireless Mouse,Electronics,5,26.02,130.1,S002,C0289,UPI
T006252,2025-01-13,P001,Notebook,Stationery,3,8.31,24.93,S002,C0112,Card
T006253,2023-08-03,P017,Cotton T-Shirt,Apparel,1,19.03,19.03,S004,C0064,Card
T006254,2025-07-05,P001,Notebook,Stationery,3,8.99,26.97,S003,C0281,UPI
T006255,2025-04-04,P014,Cleaning Spray,Household,6,6.83,40.98,S002,C0184,UPI
T006256,2025-02-15,P014,Cleaning Spray,Household,2,7.4,14.8,S003,C0197,UPI
T006257,2024-08-29,P019,Baseball Cap,Apparel,1,16.93,16.93,S003,C0268,Bank Transfer
T006258,2023-12-05,P004,Printer Paper,Stationery,2,6.61,13.22,S002,C0042,Card
T006259,2023-08-27,P004,Printer Paper,Stationery,1,6.95,6.95,S003,C0104,Card
T006260,2025-11-25,P007,Bluetooth Speaker,Electronics,2,48.8,97.6,S001,C0246,Cash
T006261,2025-10-15,P013,Hand Soap,Household,2,5.02,10.04,S002,C0188,Card
T006262,2024-11-22,P001,Notebook,Stationery,1,8.11,8.11,S001,C0127,Card
T006263,2025-09-05,P011,Reusable Water Bottle,Food and Beverage,5,17.76,88.8,S002,C0277,UPI
T006264,2024-12-20,P002,Ballpoint Pen Pack,Stationery,1,5.56,5.56,S003,C0115,Cash
T006265,2023-11-28,P006,USB-C Hub,Electronics,1,32.51,32.51,S003,C0086,Card
T006266,2025-07-03,P010,Tea Assortment,Food and Beverage,6,11.99,71.94,S001,C0171,Cash
T006267,2024-11-15,P013,Hand Soap,Household,3,4.76,14.28,S004,C0074,Cash
T006268,2024-05-21,P009,Coffee Beans,Food and Beverage,2,16.35,32.7,S002,C0275,Cash
T006269,2024-04-23,P007,Bluetooth Speaker,Electronics,3,48.83,146.49,S001,C0288,Cash
T006270,2025-10-30,P005,Wireless Mouse,Electronics,4,24.39,97.56,S003,C0243,UPI
T006271,2024-02-21,P011,Reusable Water Bottle,Food and Beverage,1,18.75,18.75,S003,C0123,Card
T006272,2024-12-26,P007,Bluetooth Speaker,Electronics,3,47.4,142.2,S003,C0171,Card
T006273,2025-06-16,P005,Wireless Mouse,Electronics,3,24.4,73.2,S001,C0185,Bank Transfer
T006274,2025-07-31,P002,Ballpoint Pen Pack,Stationery,2,4.94,9.88,S003,C0227,Card
T006275,2025-11-28,P002,Ballpoint Pen Pack,Stationery,4,5.0,20.0,S003,C0089,Bank Transfer
T006276,2023-01-15,P014,Cleaning Spray,Household,1,7.15,7.15,S003,C0112,UPI
T006277,2023-04-14,P005,Wireless Mouse,Electronics,6,26.4,158.4,S003,C0279,Card
T006278,2023-04-23,P006,USB-C Hub,Electronics,2,35.97,71.94,S002,C0006,UPI
T006279,2025-04-30,P020,Running Socks,Apparel,1,10.05,10.05,S003,C0124,Bank Transfer
T006280,2025-04-24,P023,Hand Trowel,Outdoor,4,10.71,42.84,S004,C0294,UPI
T006281,2024-12-29,P018,Canvas Tote Bag,Apparel,2,13.6,27.2,S002,C0277,Card
T006282,2024-10-27,P004,Printer Paper,Stationery,1,7.03,7.03,S003,C0277,Card
T006283,2023-06-04,P005,Wireless Mouse,Electronics,1,23.56,23.56,S002,C0011,UPI
T006284,2025-08-21,P002,Ballpoint Pen Pack,Stationery,1,5.14,5.14,S003,C0271,Card
T006285,2023-04-24,P007,Bluetooth Speaker,Electronics,1,47.17,47.17,S002,C0218,Card
T006286,2024-06-11,P011,Reusable Water Bottle,Food and Beverage,1,18.0,18.0,S003,C0214,Card
T006287,2025-12-29,P013,Hand Soap,Household,1,4.56,4.56,S002,C0292,Bank Transfer
T006288,2024-06-21,P008,Webcam,Electronics,1,58.52,58.52,S003,C0079,Card
T006289,2024-12-03,P013,Hand Soap,Household,1,4.56,4.56,S001,C0117,Card
T006290,2025-10-14,P014,Cleaning Spray,Household,2,7.63,15.26,S002,C0111,Cash
T006291,2024-03-12,P001,Notebook,Stationery,1,8.37,8.37,S001,C0180,Card
T006292,2024-10-18,P002,Ballpoint Pen Pack,Stationery,2,5.47,10.94,S001,C0286,Bank Transfer
T006293,2024-06-12,P008,Webcam,Electronics,2,55.71,111.42,S002,C0247,Card
T006294,2024-08-24,P015,Storage Basket,Household,3,16.4,49.2,S004,C0210,UPI
T006295,2025-08-18,P004,Printer Paper,Stationery,2,6.85,13.7,S002,C0294,UPI
T006296,2024-11-05,P015,Storage Basket,Household,1,17.36,17.36,S001,C0270,UPI
T006297,2023-10-19,P008,Webcam,Electronics,4,56.96,227.84,S002,C0155,Card
T006298,2023-08-22,P012,Snack Box,Food and Beverage,3,21.35,64.05,S001,C0077,Card
T006299,2024-01-16,P012,Snack Box,Food and Beverage,4,23.78,95.12,S003,C0220,Card
T006300,2025-02-17,P012,Snack Box,Food and Beverage,4,23.1,92.4,S002,C0047,Card
T006301,2024-05-07,P019,Baseball Cap,Apparel,2,16.87,33.74,S002,C0052,UPI
T006302,2023-05-07,P003,Desk Organizer,Stationery,4,13.92,55.68,S004,C0201,UPI
T006303,2024-09-09,P006,USB-C Hub,Electronics,6,35.25,211.5,S003,C0189,Card
T006304,2023-12-08,P006,USB-C Hub,Electronics,3,33.1,99.3,S002,C0171,UPI
T006305,2024-09-28,P002,Ballpoint Pen Pack,Stationery,2,5.47,10.94,S001,C0023,UPI
T006306,2024-01-06,P004,Printer Paper,Stationery,4,7.09,28.36,S002,C0263,UPI
T006307,2023-03-11,P020,Running Socks,Apparel,1,9.78,9.78,S004,C0202,UPI
T006308,2025-11-12,P023,Hand Trowel,Outdoor,2,10.1,20.2,S002,C0169,Bank Transfer
T006309,2024-11-04,P023,Hand Trowel,Outdoor,1,10.44,10.44,S002,C0259,Card
T006310,2024-09-12,P001,Notebook,Stationery,1,8.9,8.9,S002,C0289,Card
T006311,2025-10-21,P013,Hand Soap,Household,3,4.63,13.89,S002,C0191,UPI
T006312,2023-02-24,P016,LED Bulb Pack,Household,2,12.26,24.52,S001,C0025,UPI
T006313,2023-04-13,P021,Garden Gloves,Outdoor,1,9.44,9.44,S001,C0225,UPI
T006314,2024-07-09,P010,Tea Assortment,Food and Beverage,1,12.12,12.12,S004,C0096,Card
T006315,2024-03-10,P017,Cotton T-Shirt,Apparel,4,19.55,78.2,S003,C0201,Card
T006316,2024-12-25,P006,USB-C Hub,Electronics,3,33.73,101.19,S001,C0264,Card
T006317,2023-03-12,P008,Webcam,Electronics,1,61.96,61.96,S001,C0090,Card
T006318,2024-07-17,P019,Baseball Cap,Apparel,2,16.88,33.76,S004,C0148,Cash
T006319,2025-12-15,P019,Baseball Cap,Apparel,3,15.66,46.98,S003,C0005,Card
T006320,2025-01-31,P013,Hand Soap,Household,1,4.64,4.64,S002,C0219,Bank Transfer
T006321,2025-11-21,P005,Wireless Mouse,Electronics,1,26.39,26.39,S003,C0119,Cash
T006322,2024-12-10,P011,Reusable Water Bottle,Food and Beverage,2,17.75,35.5,S002,C0009,Bank Transfer
T006323,2025-04-14,P018,Canvas Tote Bag,Apparel,3,14.06,42.18,S003,C0291,Card
T006324,2024-10-23,P017,Cotton T-Shirt,Apparel,1,20.34,20.34,S003,C0075,Cash
T006325,2024-02-18,P013,Hand Soap,Household,1,4.81,4.81,S001,C0264,UPI
T006326,2025-04-20,P009,Coffee Beans,Food and Beverage,2,14.97,29.94,S001,C0300,Bank Transfer
T006327,2023-10-03,P002,Ballpoint Pen Pack,Stationery,3,5.4,16.2,S002,C0288,Card
T006328,2025-07-04,P006,USB-C Hub,Electronics,1,36.49,36.49,S002,C0269,Card
T006329,2025-08-07,P003,Desk Organizer,Stationery,1,13.17,13.17,S003,C0297,Card
T006330,2023-02-09,P015,Storage Basket,Household,1,16.83,16.83,S004,C0277,UPI
T006331,2023-05-24,P004,Printer Paper,Stationery,3,7.07,21.21,S002,C0142,Cash
T006332,2024-10-26,P005,Wireless Mouse,Electronics,1,23.77,23.77,S002,C0298,Card
T006333,2025-02-08,P010,Tea Assortment,Food and Beverage,3,13.37,40.11,S002,C0163,Card
T006334,2023-06-24,P002,Ballpoint Pen Pack,Stationery,4,5.08,20.32,S003,C0272,UPI
T006335,2023-03-12,P003,Desk Organizer,Stationery,6,14.38,86.28,S001,C0160,Cash
T006336,2023-11-11,P011,Reusable Water Bottle,Food and Beverage,2,18.32,36.64,S004,C0026,Cash
T006337,2023-08-31,P018,Canvas Tote Bag,Apparel,3,13.04,39.12,S003,C0257,Cash
T006338,2023-06-26,P009,Coffee Beans,Food and Beverage,3,15.87,47.61,S001,C0098,Card
T006339,2025-04-06,P003,Desk Organizer,Stationery,4,14.35,57.4,S003,C0145,UPI
T006340,2024-08-01,P021,Garden Gloves,Outdoor,3,9.01,27.03,S001,C0152,Card
T006341,2025-06-25,P013,Hand Soap,Household,2,4.73,9.46,S003,C0116,UPI
T006342,2025-12-24,P004,Printer Paper,Stationery,1,6.91,6.91,S003,C0009,Bank Transfer
T006343,2025-09-29,P002,Ballpoint Pen Pack,Stationery,3,5.48,16.44,S001,C0160,Card
T006344,2023-02-03,P006,USB-C Hub,Electronics,3,32.77,98.31,S001,C0200,Card
T006345,2025-03-06,P017,Cotton T-Shirt,Apparel,2,19.1,38.2,S001,C0034,Card
T006346,2025-12-09,P015,Storage Basket,Household,1,15.98,15.98,S002,C0075,Bank Transfer
T006347,2025-06-24,P004,Printer Paper,Stationery,2,6.48,12.96,S004,C0247,Bank Transfer
T006348,2024-05-25,P004,Printer Paper,Stationery,1,7.14,7.14,S001,C0165,UPI
T006349,2024-07-03,P009,Coffee Beans,Food and Beverage,2,15.79,31.58,S003,C0158,UPI
T006350,2023-08-11,P011,Reusable Water Bottle,Food and Beverage,1,18.95,18.95,S004,C0258,Cash
T006351,2023-05-27,P018,Canvas Tote Bag,Apparel,2,13.29,26.58,S001,C0094,UPI
T006352,2025-04-22,P018,Canvas Tote Bag,Apparel,2,13.04,26.08,S004,C0205,Card
T006353,2023-03-19,P005,Wireless Mouse,Electronics,3,24.69,74.07,S003,C0222,Card
T006354,2023-05-20,P009,Coffee Beans,Food and Beverage,1,16.16,16.16,S003,C0241,UPI
T006355,2023-10-10,P011,Reusable Water Bottle,Food and Beverage,1,18.83,18.83,S002,C0219,Card
T006356,2023-10-04,P007,Bluetooth Speaker,Electronics,1,47.63,47.63,S002,C0236,UPI
T006357,2023-10-06,P002,Ballpoint Pen Pack,Stationery,2,5.15,10.3,S001,C0098,Card
T006358,2024-12-16,P014,Cleaning Spray,Household,1,7.08,7.08,S004,C0008,UPI
T006359,2024-10-14,P006,USB-C Hub,Electronics,4,34.82,139.28,S003,C0269,Card
T006360,2024-01-06,P007,Bluetooth Speaker,Electronics,3,48.42,145.26,S001,C0064,Card
T006361,2024-08-10,P017,Cotton T-Shirt,Apparel,1,19.64,19.64,S001,C0039,Cash
T006362,2025-05-17,P022,Plant Pot,Outdoor,1,11.59,11.59,S002,C0258,Card
T006363,2025-08-15,P009,Coffee Beans,Food and Beverage,2,15.59,31.18,S001,C0025,Bank Transfer
T006364,2023-02-09,P021,Garden Gloves,Outdoor,2,9.23,18.46,S003,C0292,UPI
T006365,2023-10-26,P004,Printer Paper,Stationery,4,6.39,25.56,S002,C0085,Cash
T006366,2023-07-08,P012,Snack Box,Food and Beverage,2,23.19,46.38,S003,C0013,Card
T006367,2024-10-07,P024,Watering Can,Outdoor,1,19.77,19.77,S003,C0244,Bank Transfer
T006368,2023-09-25,P017,Cotton T-Shirt,Apparel,3,20.45,61.35,S002,C0137,Bank Transfer
T006369,2025-09-26,P019,Baseball Cap,Apparel,1,15.05,15.05,S002,C0218,Cash
T006370,2023-08-18,P016,LED Bulb Pack,Household,1,12.44,12.44,S004,C0136,Card
T006371,2023-06-10,P015,Storage Basket,Household,2,16.83,33.66,S002,C0006,Card
T006372,2025-09-18,P010,Tea Assortment,Food and Beverage,4,12.47,49.88,S003,C0290,Card
T006373,2023-06-17,P014,Cleaning Spray,Household,2,6.94,13.88,S002,C0173,Card
T006374,2025-03-15,P004,Printer Paper,Stationery,1,6.53,6.53,S001,C0002,UPI
T006375,2023-09-11,P013,Hand Soap,Household,4,4.93,19.72,S002,C0013,Cash
T006376,2023-03-22,P001,Notebook,Stationery,2,8.96,17.92,S002,C0045,Card
T006377,2024-02-15,P002,Ballpoint Pen Pack,Stationery,1,5.37,5.37,S001,C0150,Card
T006378,2024-01-15,P006,USB-C Hub,Electronics,1,32.53,32.53,S004,C0103,Cash
T006379,2025-08-30,P019,Baseball Cap,Apparel,1,16.21,16.21,S002,C0077,Card
T006380,2023-05-27,P006,USB-C Hub,Electronics,2,32.49,64.98,S002,C0293,Card
T006381,2023-12-24,P004,Printer Paper,Stationery,2,6.46,12.92,S003,C0214,UPI
T006382,2025-07-28,P011,Reusable Water Bottle,Food and Beverage,3,17.97,53.91,S001,C0162,Card
T006383,2023-11-04,P022,Plant Pot,Outdoor,2,11.58,23.16,S003,C0067,UPI
T006384,2025-10-13,P020,Running Socks,Apparel,3,9.59,28.77,S004,C0298,Card
T006385,2023-04-14,P021,Garden Gloves,Outdoor,3,8.71,26.13,S004,C0011,Card
T006386,2025-04-17,P017,Cotton T-Shirt,Apparel,5,20.04,100.2,S002,C0156,Cash
T006387,2025-10-05,P008,Webcam,Electronics,4,56.12,224.48,S003,C0218,UPI
T006388,2025-03-22,P019,Baseball Cap,Apparel,4,15.33,61.32,S003,C0292,Cash
T006389,2023-07-24,P002,Ballpoint Pen Pack,Stationery,1,5.2,5.2,S002,C0175,Card
T006390,2025-06-19,P005,Wireless Mouse,Electronics,1,25.4,25.4,S003,C0038,Card
T006391,2025-09-02,P003,Desk Organizer,Stationery,3,14.7,44.1,S002,C0204,UPI
T006392,2023-12-14,P018,Canvas Tote Bag,Apparel,1,13.55,13.55,S004,C0017,Cash
T006393,2024-05-18,P015,Storage Basket,Household,2,16.8,33.6,S001,C0119,UPI
T006394,2025-10-22,P015,Storage Basket,Household,3,16.62,49.86,S002,C0211,Cash
T006395,2023-06-04,P001,Notebook,Stationery,3,8.18,24.54,S002,C0036,UPI
T006396,2024-09-27,P015,Storage Basket,Household,4,16.93,67.72,S003,C0284,Bank Transfer
T006397,2023-11-15,P019,Baseball Cap,Apparel,2,16.92,33.84,S001,C0282,UPI
T006398,2024-04-08,P023,Hand Trowel,Outdoor,3,10.95,32.85,S001,C0040,UPI
T006399,2025-12-25,P002,Ballpoint Pen Pack,Stationery,4,5.22,20.88,S004,C0044,UPI
T006400,2025-04-04,P005,Wireless Mouse,Electronics,1,23.95,23.95,S004,C0249,Card
T006401,2024-05-28,P005,Wireless Mouse,Electronics,2,24.5,49.0,S003,C0218,Cash
T006402,2024-06-27,P005,Wireless Mouse,Electronics,5,26.43,132.15,S003,C0295,Card
T006403,2023-01-28,P020,Running Socks,Apparel,1,9.89,9.89,S001,C0268,Cash
T006404,2024-01-19,P004,Printer Paper,Stationery,1,7.07,7.07,S001,C0101,UPI
T006405,2024-08-15,P005,Wireless Mouse,Electronics,4,23.78,95.12,S003,C0025,Cash
T006406,2024-07-11,P021,Garden Gloves,Outdoor,1,8.91,8.91,S001,C0250,Card
T006407,2024-03-24,P024,Watering Can,Outdoor,6,20.72,124.32,S002,C0098,Bank Transfer
T006408,2025-02-28,P003,Desk Organizer,Stationery,4,13.35,53.4,S002,C0105,Cash
T006409,2025-03-31,P024,Watering Can,Outdoor,5,20.11,100.55,S002,C0291,Bank Transfer
T006410,2023-06-05,P021,Garden Gloves,Outdoor,2,8.57,17.14,S002,C0024,UPI
T006411,2024-12-08,P001,Notebook,Stationery,1,8.35,8.35,S003,C0237,Card
T006412,2025-12-06,P015,Storage Basket,Household,2,17.33,34.66,S001,C0243,Cash
T006413,2023-07-12,P011,Reusable Water Bottle,Food and Beverage,1,17.41,17.41,S001,C0263,Card
T006414,2025-06-04,P010,Tea Assortment,Food and Beverage,1,12.94,12.94,S004,C0062,Card
T006415,2023-09-24,P004,Printer Paper,Stationery,1,6.53,6.53,S004,C0247,Card
T006416,2023-04-10,P007,Bluetooth Speaker,Electronics,3,48.59,145.77,S004,C0157,Card
T006417,2023-11-09,P010,Tea Assortment,Food and Beverage,4,13.08,52.32,S003,C0077,Card
T006418,2024-02-28,P001,Notebook,Stationery,4,8.88,35.52,S003,C0027,Card
T006419,2023-10-25,P017,Cotton T-Shirt,Apparel,2,20.73,41.46,S002,C0103,Card
T006420,2024-09-29,P002,Ballpoint Pen Pack,Stationery,1,5.48,5.48,S001,C0081,Bank Transfer
T006421,2025-03-09,P001,Notebook,Stationery,1,8.55,8.55,S003,C0156,Cash
T006422,2025-05-28,P017,Cotton T-Shirt,Apparel,1,19.81,19.81,S001,C0185,UPI
T006423,2025-01-26,P023,Hand Trowel,Outdoor,3,10.11,30.33,S004,C0009,Card
T006424,2025-08-16,P017,Cotton T-Shirt,Apparel,1,20.89,20.89,S001,C0136,Cash
T006425,2024-12-29,P018,Canvas Tote Bag,Apparel,2,13.61,27.22,S004,C0036,Card
T006426,2024-10-07,P002,Ballpoint Pen Pack,Stationery,1,5.24,5.24,S004,C0107,Card
T006427,2024-09-26,P012,Snack Box,Food and Beverage,1,22.04,22.04,S001,C0133,UPI
T006428,2024-02-15,P003,Desk Organizer,Stationery,1,13.76,13.76,S001,C0056,UPI
T006429,2023-11-23,P018,Canvas Tote Bag,Apparel,5,13.59,67.95,S004,C0195,UPI
T006430,2025-02-06,P001,Notebook,Stationery,2,8.74,17.48,S001,C0001,UPI
T006431,2023-12-22,P002,Ballpoint Pen Pack,Stationery,5,5.24,26.2,S003,C0005,UPI
T006432,2024-03-30,P006,USB-C Hub,Electronics,3,32.81,98.43,S003,C0035,Cash
T006433,2023-10-05,P017,Cotton T-Shirt,Apparel,1,21.18,21.18,S004,C0177,Card
T006434,2023-02-18,P004,Printer Paper,Stationery,1,6.73,6.73,S003,C0291,UPI
T006435,2025-01-16,P016,LED Bulb Pack,Household,2,11.44,22.88,S003,C0018,Card
T006436,2025-10-03,P020,Running Socks,Apparel,1,9.82,9.82,S003,C0280,Card
T006437,2024-12-06,P017,Cotton T-Shirt,Apparel,2,20.41,40.82,S001,C0116,Card
T006438,2023-11-18,P010,Tea Assortment,Food and Beverage,3,12.16,36.48,S002,C0247,Card
T006439,2025-12-11,P011,Reusable Water Bottle,Food and Beverage,1,17.44,17.44,S004,C0113,UPI
T006440,2023-02-15,P004,Printer Paper,Stationery,3,6.55,19.65,S001,C0087,Card
T006441,2025-12-05,P014,Cleaning Spray,Household,1,7.47,7.47,S002,C0081,Card
T006442,2025-02-12,P002,Ballpoint Pen Pack,Stationery,1,5.18,5.18,S003,C0071,Card
T006443,2025-12-02,P022,Plant Pot,Outdoor,3,11.49,34.47,S001,C0256,Card
T006444,2023-04-27,P006,USB-C Hub,Electronics,3,32.65,97.95,S004,C0017,Card
T006445,2023-06-01,P002,Ballpoint Pen Pack,Stationery,1,5.26,5.26,S003,C0282,UPI
T006446,2023-01-07,P017,Cotton T-Shirt,Apparel,1,20.04,20.04,S001,C0299,Card
T006447,2025-09-30,P019,Baseball Cap,Apparel,3,16.3,48.9,S004,C0138,UPI
T006448,2025-01-07,P009,Coffee Beans,Food and Beverage,2,14.62,29.24,S002,C0031,Card
T006449,2023-01-09,P019,Baseball Cap,Apparel,1,15.46,15.46,S003,C0083,UPI
T006450,2025-01-21,P024,Watering Can,Outdoor,1,21.86,21.86,S004,C0259,Cash
T006451,2023-03-11,P020,Running Socks,Apparel,3,9.79,29.37,S001,C0239,Card
T006452,2023-12-14,P002,Ballpoint Pen Pack,Stationery,1,5.0,5.0,S001,C0129,UPI
T006453,2025-07-08,P020,Running Socks,Apparel,1,9.87,9.87,S001,C0181,UPI
T006454,2023-05-11,P006,USB-C Hub,Electronics,5,34.23,171.15,S002,C0299,UPI
T006455,2025-05-25,P019,Baseball Cap,Apparel,3,15.56,46.68,S002,C0231,Card
T006456,2025-10-28,P009,Coffee Beans,Food and Beverage,5,15.58,77.9,S002,C0115,Card
T006457,2024-08-10,P001,Notebook,Stationery,1,8.41,8.41,S001,C0119,UPI
T006458,2025-12-22,P022,Plant Pot,Outdoor,6,12.48,74.88,S002,C0218,Card
T006459,2023-10-02,P005,Wireless Mouse,Electronics,3,24.64,73.92,S003,C0271,Card
T006460,2024-03-17,P013,Hand Soap,Household,4,4.49,17.96,S001,C0056,Cash
T006461,2024-01-17,P005,Wireless Mouse,Electronics,2,24.66,49.32,S001,C0289,Card
T006462,2024-04-19,P018,Canvas Tote Bag,Apparel,3,12.87,38.61,S001,C0291,Card
T006463,2023-03-24,P014,Cleaning Spray,Household,2,7.45,14.9,S004,C0197,Card
T006464,2025-01-23,P022,Plant Pot,Outdoor,5,11.94,59.7,S001,C0168,Cash
T006465,2024-01-02,P009,Coffee Beans,Food and Beverage,5,14.74,73.7,S001,C0016,UPI
T006466,2023-08-15,P002,Ballpoint Pen Pack,Stationery,1,4.95,4.95,S002,C0242,Card
T006467,2025-07-18,P021,Garden Gloves,Outdoor,4,8.6,34.4,S003,C0144,Cash
T006468,2023-11-23,P001,Notebook,Stationery,3,8.5,25.5,S002,C0179,Card
T006469,2023-12-25,P022,Plant Pot,Outdoor,3,12.5,37.5,S003,C0298,Card
T006470,2023-08-12,P020,Running Socks,Apparel,4,9.9,39.6,S002,C0098,Card
T006471,2024-08-21,P007,Bluetooth Speaker,Electronics,4,50.3,201.2,S003,C0229,UPI
T006472,2025-12-16,P006,USB-C Hub,Electronics,3,36.49,109.47,S002,C0285,Card
T006473,2025-04-16,P024,Watering Can,Outdoor,2,21.49,42.98,S002,C0288,Card
T006474,2024-10-06,P021,Garden Gloves,Outdoor,4,8.64,34.56,S001,C0179,Cash
T006475,2025-11-05,P013,Hand Soap,Household,1,4.89,4.89,S002,C0264,UPI
T006476,2025-12-14,P005,Wireless Mouse,Electronics,4,24.65,98.6,S001,C0171,UPI
T006477,2023-06-28,P021,Garden Gloves,Outdoor,5,8.83,44.15,S002,C0203,Card
T006478,2025-03-20,P008,Webcam,Electronics,2,61.97,123.94,S001,C0241,Cash
T006479,2024-11-14,P020,Running Socks,Apparel,1,10.57,10.57,S002,C0060,Cash
T006480,2025-10-06,P013,Hand Soap,Household,1,4.61,4.61,S001,C0044,Card
T006481,2025-06-08,P016,LED Bulb Pack,Household,4,11.82,47.28,S004,C0286,Bank Transfer
T006482,2025-08-10,P018,Canvas Tote Bag,Apparel,2,12.86,25.72,S003,C0011,Card
T006483,2023-08-06,P001,Notebook,Stationery,5,8.01,40.05,S001,C0272,Card
T006484,2025-11-23,P020,Running Socks,Apparel,1,9.41,9.41,S001,C0233,Cash
T006485,2024-08-13,P021,Garden Gloves,Outdoor,1,8.86,8.86,S003,C0172,UPI
T006486,2025-08-02,P021,Garden Gloves,Outdoor,2,9.1,18.2,S003,C0046,Cash
T006487,2024-05-11,P003,Desk Organizer,Stationery,4,14.1,56.4,S004,C0133,Cash
T006488,2025-06-22,P017,Cotton T-Shirt,Apparel,5,20.43,102.15,S001,C0072,Card
T006489,2025-10-23,P005,Wireless Mouse,Electronics,5,24.37,121.85,S003,C0105,Cash
T006490,2024-01-11,P011,Reusable Water Bottle,Food and Beverage,2,18.03,36.06,S003,C0084,Card
T006491,2025-02-20,P003,Desk Organizer,Stationery,2,13.36,26.72,S001,C0058,Card
T006492,2023-04-02,P003,Desk Organizer,Stationery,4,13.62,54.48,S001,C0039,UPI
T006493,2023-11-30,P002,Ballpoint Pen Pack,Stationery,1,5.35,5.35,S002,C0066,Card
T006494,2024-09-13,P005,Wireless Mouse,Electronics,1,24.67,24.67,S001,C0055,UPI
T006495,2024-04-12,P021,Garden Gloves,Outdoor,1,9.07,9.07,S001,C0227,Cash
T006496,2023-01-16,P001,Notebook,Stationery,1,8.74,8.74,S002,C0225,Card
T006497,2024-12-18,P019,Baseball Cap,Apparel,1,15.33,15.33,S002,C0194,UPI
T006498,2024-02-15,P014,Cleaning Spray,Household,1,7.2,7.2,S003,C0175,UPI
T006499,2025-02-27,P021,Garden Gloves,Outdoor,2,9.28,18.56,S002,C0131,Cash
T006500,2024-03-24,P006,USB-C Hub,Electronics,1,33.42,33.42,S001,C0065,UPI
T006501,2023-01-08,P017,Cotton T-Shirt,Apparel,2,19.09,38.18,S003,C0108,Card
T006502,2023-10-03,P024,Watering Can,Outdoor,1,20.17,20.17,S003,C0036,Card
T006503,2025-02-17,P008,Webcam,Electronics,1,55.99,55.99,S004,C0249,Card
T006504,2023-04-23,P015,Storage Basket,Household,4,15.76,63.04,S004,C0264,Card
T006505,2023-09-03,P005,Wireless Mouse,Electronics,2,25.23,50.46,S001,C0070,UPI
T006506,2023-07-03,P002,Ballpoint Pen Pack,Stationery,1,5.32,5.32,S004,C0230,Card
T006507,2024-07-05,P006,USB-C Hub,Electronics,4,36.48,145.92,S004,C0112,Card
T006508,2025-06-14,P020,Running Socks,Apparel,3,9.55,28.65,S002,C0180,Card
T006509,2025-03-21,P008,Webcam,Electronics,1,60.98,60.98,S001,C0131,Card
T006510,2023-05-31,P019,Baseball Cap,Apparel,5,15.85,79.25,S003,C0077,Card
T006511,2025-04-20,P015,Storage Basket,Household,3,15.83,47.49,S001,C0129,Cash
T006512,2025-07-09,P018,Canvas Tote Bag,Apparel,5,13.17,65.85,S001,C0283,UPI
T006513,2023-06-09,P016,LED Bulb Pack,Household,4,12.47,49.88,S001,C0066,UPI
T006514,2024-01-21,P023,Hand Trowel,Outdoor,1,9.91,9.91,S001,C0273,Card
T006515,2023-04-29,P011,Reusable Water Bottle,Food and Beverage,1,18.64,18.64,S003,C0165,Card
T006516,2023-11-09,P014,Cleaning Spray,Household,2,7.65,15.3,S001,C0125,UPI
T006517,2024-11-08,P005,Wireless Mouse,Electronics,2,23.75,47.5,S001,C0245,Card
T006518,2023-08-15,P007,Bluetooth Speaker,Electronics,2,50.76,101.52,S004,C0144,Card
T006519,2025-12-05,P019,Baseball Cap,Apparel,1,15.3,15.3,S004,C0297,Cash
T006520,2025-02-15,P015,Storage Basket,Household,1,16.81,16.81,S001,C0276,Card
T006521,2025-02-28,P002,Ballpoint Pen Pack,Stationery,2,5.44,10.88,S003,C0094,Card
T006522,2025-05-26,P004,Printer Paper,Stationery,2,7.01,14.02,S001,C0073,UPI
T006523,2025-07-07,P002,Ballpoint Pen Pack,Stationery,6,5.38,32.28,S001,C0042,Cash
T006524,2023-06-22,P017,Cotton T-Shirt,Apparel,1,20.85,20.85,S002,C0287,Bank Transfer
T006525,2023-10-24,P008,Webcam,Electronics,1,62.06,62.06,S004,C0235,Cash
T006526,2025-01-13,P017,Cotton T-Shirt,Apparel,2,19.0,38.0,S001,C0089,Bank Transfer
T006527,2023-07-24,P024,Watering Can,Outdoor,2,20.31,40.62,S001,C0088,Card
T006528,2024-05-02,P008,Webcam,Electronics,2,61.92,123.84,S002,C0276,Card
T006529,2024-09-27,P006,USB-C Hub,Electronics,2,34.32,68.64,S001,C0287,Card
T006530,2025-07-17,P019,Baseball Cap,Apparel,2,16.92,33.84,S002,C0030,UPI
T006531,2024-02-11,P011,Reusable Water Bottle,Food and Beverage,2,18.51,37.02,S001,C0194,Card
T006532,2025-12-26,P006,USB-C Hub,Electronics,2,35.31,70.62,S004,C0086,Card
T006533,2025-12-30,P023,Hand Trowel,Outdoor,1,10.88,10.88,S001,C0056,Bank Transfer
T006534,2025-11-16,P019,Baseball Cap,Apparel,2,16.6,33.2,S003,C0007,Cash
T006535,2025-12-19,P003,Desk Organizer,Stationery,5,13.51,67.55,S001,C0121,Cash
T006536,2023-10-05,P023,Hand Trowel,Outdoor,5,10.13,50.65,S003,C0053,Card
T006537,2023-11-11,P006,USB-C Hub,Electronics,4,34.94,139.76,S001,C0053,UPI
T006538,2025-09-23,P013,Hand Soap,Household,2,4.58,9.16,S002,C0058,Bank Transfer
T006539,2023-05-16,P014,Cleaning Spray,Household,6,7.62,45.72,S002,C0053,UPI
T006540,2025-01-27,P007,Bluetooth Speaker,Electronics,5,47.62,238.1,S002,C0205,Cash
T006541,2023-04-29,P017,Cotton T-Shirt,Apparel,1,19.72,19.72,S002,C0145,UPI
T006542,2024-11-20,P014,Cleaning Spray,Household,4,7.2,28.8,S003,C0227,Card
T006543,2024-10-15,P011,Reusable Water Bottle,Food and Beverage,1,18.18,18.18,S001,C0111,UPI
T006544,2025-01-11,P016,LED Bulb Pack,Household,3,11.35,34.05,S002,C0083,Card
T006545,2023-03-13,P011,Reusable Water Bottle,Food and Beverage,1,19.0,19.0,S001,C0011,Card
T006546,2023-06-18,P016,LED Bulb Pack,Household,1,12.45,12.45,S004,C0073,Card
T006547,2023-05-09,P005,Wireless Mouse,Electronics,3,25.34,76.02,S001,C0233,Card
T006548,2023-06-29,P003,Desk Organizer,Stationery,2,14.56,29.12,S001,C0198,Card
T006549,2023-07-13,P015,Storage Basket,Household,2,16.96,33.92,S003,C0141,Card
T006550,2024-03-31,P021,Garden Gloves,Outdoor,4,8.51,34.04,S003,C0018,Card
T006551,2023-08-28,P024,Watering Can,Outdoor,1,22.01,22.01,S003,C0174,Card
T006552,2024-01-25,P005,Wireless Mouse,Electronics,2,26.01,52.02,S004,C0210,UPI
T006553,2024-10-20,P014,Cleaning Spray,Household,2,6.96,13.92,S003,C0210,UPI
T006554,2024-12-20,P001,Notebook,Stationery,1,8.49,8.49,S004,C0281,Cash
T006555,2024-05-30,P024,Watering Can,Outdoor,4,21.96,87.84,S002,C0195,UPI
T006556,2023-09-18,P020,Running Socks,Apparel,2,10.25,20.5,S001,C0187,Bank Transfer
T006557,2025-05-21,P017,Cotton T-Shirt,Apparel,1,19.96,19.96,S001,C0067,Bank Transfer
T006558,2025-11-19,P014,Cleaning Spray,Household,3,7.02,21.06,S003,C0062,UPI
T006559,2023-11-10,P021,Garden Gloves,Outdoor,3,9.2,27.6,S001,C0249,UPI
T006560,2023-08-30,P002,Ballpoint Pen Pack,Stationery,2,5.08,10.16,S001,C0267,UPI
T006561,2023-05-14,P021,Garden Gloves,Outdoor,1,8.47,8.47,S003,C0067,UPI
T006562,2025-04-21,P006,USB-C Hub,Electronics,4,32.57,130.28,S004,C0097,UPI
T006563,2024-12-28,P017,Cotton T-Shirt,Apparel,4,20.92,83.68,S001,C0156,UPI
T006564,2025-07-25,P006,USB-C Hub,Electronics,5,36.1,180.5,S002,C0149,Card
T006565,2024-08-08,P004,Printer Paper,Stationery,3,6.38,19.14,S003,C0154,Cash
T006566,2025-01-04,P001,Notebook,Stationery,1,8.67,8.67,S001,C0284,UPI
T006567,2025-05-04,P011,Reusable Water Bottle,Food and Beverage,1,18.68,18.68,S004,C0122,UPI
T006568,2024-03-21,P007,Bluetooth Speaker,Electronics,4,47.42,189.68,S002,C0005,Cash
T006569,2025-04-28,P003,Desk Organizer,Stationery,3,14.49,43.47,S004,C0164,UPI
T006570,2024-12-26,P008,Webcam,Electronics,4,56.65,226.6,S001,C0099,Cash
T006571,2025-10-20,P007,Bluetooth Speaker,Electronics,2,48.84,97.68,S003,C0094,UPI
T006572,2024-01-13,P023,Hand Trowel,Outdoor,1,10.51,10.51,S001,C0139,Bank Transfer
T006573,2024-12-15,P009,Coffee Beans,Food and Beverage,1,16.17,16.17,S003,C0245,Cash
T006574,2025-10-15,P005,Wireless Mouse,Electronics,1,23.94,23.94,S003,C0300,Cash
T006575,2025-11-19,P018,Canvas Tote Bag,Apparel,1,13.44,13.44,S001,C0267,Card
T006576,2024-03-16,P015,Storage Basket,Household,2,15.91,31.82,S001,C0300,Cash
T006577,2025-02-09,P014,Cleaning Spray,Household,1,6.94,6.94,S002,C0263,UPI
T006578,2024-05-15,P006,USB-C Hub,Electronics,4,35.54,142.16,S004,C0041,UPI
T006579,2025-03-07,P021,Garden Gloves,Outdoor,1,9.37,9.37,S002,C0256,Bank Transfer
T006580,2024-02-27,P005,Wireless Mouse,Electronics,2,24.0,48.0,S003,C0130,Bank Transfer
T006581,2024-01-28,P006,USB-C Hub,Electronics,1,33.42,33.42,S001,C0075,Cash
T006582,2024-12-15,P017,Cotton T-Shirt,Apparel,1,20.84,20.84,S001,C0141,UPI
T006583,2024-07-31,P001,Notebook,Stationery,4,8.91,35.64,S001,C0232,UPI
T006584,2024-11-13,P004,Printer Paper,Stationery,3,6.92,20.76,S001,C0245,Card
T006585,2024-07-07,P016,LED Bulb Pack,Household,2,12.17,24.34,S002,C0085,UPI
T006586,2025-12-02,P019,Baseball Cap,Apparel,4,16.58,66.32,S004,C0223,Cash
T006587,2025-03-17,P004,Printer Paper,Stationery,3,7.02,21.06,S001,C0136,Card
T006588,2024-05-03,P018,Canvas Tote Bag,Apparel,1,12.83,12.83,S001,C0216,UPI
T006589,2025-12-29,P004,Printer Paper,Stationery,4,6.68,26.72,S004,C0182,UPI
T006590,2024-09-09,P013,Hand Soap,Household,2,4.68,9.36,S001,C0204,UPI
T006591,2025-12-04,P005,Wireless Mouse,Electronics,2,25.68,51.36,S001,C0075,Cash
T006592,2023-03-18,P023,Hand Trowel,Outdoor,1,11.01,11.01,S002,C0051,Cash
T006593,2025-08-31,P017,Cotton T-Shirt,Apparel,1,19.23,19.23,S001,C0016,Cash
T006594,2024-07-06,P013,Hand Soap,Household,3,4.94,14.82,S004,C0026,Bank Transfer
T006595,2023-07-15,P003,Desk Organizer,Stationery,1,13.88,13.88,S002,C0078,Bank Transfer
T006596,2024-03-11,P019,Baseball Cap,Apparel,4,15.26,61.04,S002,C0231,UPI
T006597,2024-05-05,P016,LED Bulb Pack,Household,2,12.63,25.26,S002,C0233,Cash
T006598,2025-03-10,P004,Printer Paper,Stationery,1,7.07,7.07,S001,C0007,Card
T006599,2025-05-02,P018,Canvas Tote Bag,Apparel,3,14.16,42.48,S001,C0267,Cash
T006600,2025-05-25,P016,LED Bulb Pack,Household,1,12.46,12.46,S002,C0187,Card
T006601,2024-12-05,P001,Notebook,Stationery,1,8.83,8.83,S002,C0223,UPI
T006602,2025-11-29,P011,Reusable Water Bottle,Food and Beverage,4,18.0,72.0,S003,C0029,Card
T006603,2025-06-03,P011,Reusable Water Bottle,Food and Beverage,5,17.74,88.7,S002,C0111,Card
T006604,2024-11-15,P007,Bluetooth Speaker,Electronics,4,47.27,189.08,S004,C0093,Bank Transfer
T006605,2023-10-21,P007,Bluetooth Speaker,Electronics,2,51.69,103.38,S003,C0168,Card
T006606,2024-10-14,P010,Tea Assortment,Food and Beverage,1,13.45,13.45,S003,C0134,UPI
T006607,2024-04-28,P008,Webcam,Electronics,1,61.58,61.58,S002,C0049,UPI
T006608,2025-05-23,P022,Plant Pot,Outdoor,1,12.13,12.13,S003,C0208,Card
T006609,2024-06-30,P017,Cotton T-Shirt,Apparel,4,21.09,84.36,S001,C0267,Card
T006610,2025-02-09,P002,Ballpoint Pen Pack,Stationery,4,5.48,21.92,S001,C0047,Card
T006611,2025-07-24,P001,Notebook,Stationery,2,8.04,16.08,S004,C0165,UPI
T006612,2024-02-10,P007,Bluetooth Speaker,Electronics,3,49.58,148.74,S004,C0198,Cash
T006613,2025-03-31,P014,Cleaning Spray,Household,1,6.98,6.98,S003,C0255,Card
T006614,2024-03-30,P001,Notebook,Stationery,1,8.89,8.89,S002,C0300,Cash
T006615,2024-11-19,P012,Snack Box,Food and Beverage,1,21.56,21.56,S001,C0141,Bank Transfer
T006616,2023-08-26,P004,Printer Paper,Stationery,1,6.95,6.95,S004,C0079,Card
T006617,2025-05-20,P006,USB-C Hub,Electronics,2,35.07,70.14,S003,C0141,Card
T006618,2025-10-30,P019,Baseball Cap,Apparel,2,15.64,31.28,S001,C0127,UPI
T006619,2023-04-28,P022,Plant Pot,Outdoor,5,11.56,57.8,S004,C0067,Card
T006620,2024-12-29,P023,Hand Trowel,Outdoor,1,10.31,10.31,S002,C0144,UPI
T006621,2025-10-17,P005,Wireless Mouse,Electronics,1,25.11,25.11,S003,C0253,Card
T006622,2025-03-02,P010,Tea Assortment,Food and Beverage,2,12.18,24.36,S003,C0259,Cash
T006623,2025-09-15,P002,Ballpoint Pen Pack,Stationery,1,5.56,5.56,S004,C0174,UPI
T006624,2023-05-09,P016,LED Bulb Pack,Household,2,12.29,24.58,S001,C0145,Card
T006625,2023-04-25,P004,Printer Paper,Stationery,4,6.46,25.84,S003,C0095,UPI
T006626,2025-08-19,P014,Cleaning Spray,Household,2,7.32,14.64,S003,C0204,Card
T006627,2023-03-14,P010,Tea Assortment,Food and Beverage,2,13.26,26.52,S004,C0041,Card
T006628,2024-03-29,P018,Canvas Tote Bag,Apparel,2,14.22,28.44,S002,C0188,Card
T006629,2023-08-13,P005,Wireless Mouse,Electronics,3,24.97,74.91,S003,C0225,Card
T006630,2023-05-05,P005,Wireless Mouse,Electronics,3,23.77,71.31,S001,C0216,Card
T006631,2024-12-20,P006,USB-C Hub,Electronics,1,33.72,33.72,S003,C0151,Card
T006632,2025-06-26,P024,Watering Can,Outdoor,1,22.11,22.11,S002,C0121,Card
T006633,2025-03-27,P017,Cotton T-Shirt,Apparel,1,20.89,20.89,S004,C0257,UPI
T006634,2024-07-29,P010,Tea Assortment,Food and Beverage,1,12.59,12.59,S003,C0243,Cash
T006635,2025-06-29,P018,Canvas Tote Bag,Apparel,2,14.22,28.44,S002,C0115,Card
T006636,2023-12-23,P003,Desk Organizer,Stationery,2,13.96,27.92,S001,C0095,UPI
T006637,2025-11-03,P008,Webcam,Electronics,3,57.26,171.78,S002,C0170,Card
T006638,2023-03-30,P005,Wireless Mouse,Electronics,2,24.05,48.1,S004,C0133,Card
T006639,2023-11-22,P012,Snack Box,Food and Beverage,4,22.39,89.56,S003,C0070,Bank Transfer
T006640,2025-02-27,P018,Canvas Tote Bag,Apparel,1,14.07,14.07,S001,C0212,Card
T006641,2025-10-19,P017,Cotton T-Shirt,Apparel,2,19.72,39.44,S004,C0199,Card
T006642,2025-05-23,P017,Cotton T-Shirt,Apparel,2,19.4,38.8,S004,C0023,Card
T006643,2023-04-19,P018,Canvas Tote Bag,Apparel,4,13.1,52.4,S004,C0298,Cash
T006644,2025-03-15,P012,Snack Box,Food and Beverage,2,22.38,44.76,S004,C0154,Card
T006645,2024-05-18,P005,Wireless Mouse,Electronics,1,23.98,23.98,S001,C0152,Cash
T006646,2025-01-18,P018,Canvas Tote Bag,Apparel,1,13.7,13.7,S001,C0238,Card
T006647,2023-10-05,P015,Storage Basket,Household,5,17.45,87.25,S004,C0159,Card
T006648,2023-10-28,P021,Garden Gloves,Outdoor,6,8.62,51.72,S002,C0251,Cash
T006649,2025-03-12,P001,Notebook,Stationery,1,8.56,8.56,S003,C0269,UPI
T006650,2024-08-24,P008,Webcam,Electronics,3,57.25,171.75,S002,C0223,Card
T006651,2025-09-14,P018,Canvas Tote Bag,Apparel,2,12.7,25.4,S001,C0095,Cash
T006652,2025-04-17,P010,Tea Assortment,Food and Beverage,1,12.06,12.06,S001,C0085,Cash
T006653,2024-11-23,P010,Tea Assortment,Food and Beverage,1,13.16,13.16,S004,C0009,Bank Transfer
T006654,2023-12-21,P005,Wireless Mouse,Electronics,1,25.83,25.83,S004,C0133,UPI
T006655,2024-09-21,P006,USB-C Hub,Electronics,3,34.86,104.58,S001,C0067,Card
T006656,2023-08-11,P004,Printer Paper,Stationery,1,7.01,7.01,S003,C0058,UPI
T006657,2025-02-26,P007,Bluetooth Speaker,Electronics,1,47.88,47.88,S002,C0185,UPI
T006658,2025-12-25,P014,Cleaning Spray,Household,2,6.87,13.74,S001,C0089,Cash
T006659,2023-04-01,P001,Notebook,Stationery,4,8.31,33.24,S001,C0152,Cash
T006660,2023-06-14,P022,Plant Pot,Outdoor,1,12.45,12.45,S003,C0273,Cash
T006661,2025-10-18,P005,Wireless Mouse,Electronics,2,24.35,48.7,S002,C0205,Card
T006662,2023-07-20,P005,Wireless Mouse,Electronics,2,26.02,52.04,S001,C0204,UPI
T006663,2023-08-30,P010,Tea Assortment,Food and Beverage,3,12.15,36.45,S004,C0079,Card
T006664,2023-07-17,P022,Plant Pot,Outdoor,2,12.6,25.2,S001,C0055,Card
T006665,2025-10-08,P024,Watering Can,Outdoor,2,20.32,40.64,S001,C0086,UPI
T006666,2023-04-09,P011,Reusable Water Bottle,Food and Beverage,1,17.75,17.75,S002,C0269,Card
T006667,2025-01-20,P009,Coffee Beans,Food and Beverage,1,14.98,14.98,S003,C0128,Card
T006668,2025-08-08,P009,Coffee Beans,Food and Beverage,1,16.3,16.3,S001,C0171,Card
T006669,2023-10-05,P024,Watering Can,Outdoor,1,20.22,20.22,S004,C0024,Cash
T006670,2023-08-12,P012,Snack Box,Food and Beverage,1,21.39,21.39,S001,C0096,Card
T006671,2024-10-04,P024,Watering Can,Outdoor,1,20.48,20.48,S003,C0093,UPI
T006672,2024-10-01,P017,Cotton T-Shirt,Apparel,1,20.32,20.32,S002,C0262,Card
T006673,2025-12-11,P020,Running Socks,Apparel,4,10.52,42.08,S004,C0144,Cash
T006674,2024-05-26,P015,Storage Basket,Household,3,16.05,48.15,S003,C0030,Card
T006675,2024-01-15,P007,Bluetooth Speaker,Electronics,4,52.27,209.08,S001,C0235,UPI
T006676,2025-07-18,P015,Storage Basket,Household,1,16.28,16.28,S003,C0105,Card
T006677,2023-01-04,P010,Tea Assortment,Food and Beverage,1,13.39,13.39,S003,C0216,Card
T006678,2024-02-09,P001,Notebook,Stationery,4,8.5,34.0,S004,C0118,UPI
T006679,2025-12-07,P007,Bluetooth Speaker,Electronics,6,50.44,302.64,S003,C0211,Card
T006680,2025-04-02,P015,Storage Basket,Household,2,15.82,31.64,S002,C0232,UPI
T006681,2025-12-23,P006,USB-C Hub,Electronics,2,32.95,65.9,S001,C0189,UPI
T006682,2024-03-30,P014,Cleaning Spray,Household,1,7.1,7.1,S001,C0076,Card
T006683,2023-04-16,P017,Cotton T-Shirt,Apparel,2,18.9,37.8,S001,C0276,UPI
T006684,2023-08-06,P011,Reusable Water Bottle,Food and Beverage,2,18.68,37.36,S004,C0126,UPI
T006685,2023-12-11,P008,Webcam,Electronics,1,61.08,61.08,S002,C0283,UPI
T006686,2023-09-06,P014,Cleaning Spray,Household,1,7.32,7.32,S004,C0061,UPI
T006687,2023-05-14,P004,Printer Paper,Stationery,4,6.61,26.44,S002,C0070,Card
T006688,2024-05-22,P008,Webcam,Electronics,2,59.38,118.76,S001,C0101,Card
T006689,2023-12-17,P004,Printer Paper,Stationery,1,6.37,6.37,S004,C0122,Card
T006690,2024-08-20,P006,USB-C Hub,Electronics,3,34.57,103.71,S001,C0037,UPI
T006691,2023-02-10,P023,Hand Trowel,Outdoor,1,10.88,10.88,S001,C0054,Bank Transfer
T006692,2023-10-28,P010,Tea Assortment,Food and Beverage,2,12.8,25.6,S003,C0210,UPI
T006693,2024-09-29,P004,Printer Paper,Stationery,3,7.06,21.18,S002,C0200,UPI
T006694,2023-12-10,P017,Cotton T-Shirt,Apparel,4,21.18,84.72,S002,C0087,Card
T006695,2025-02-20,P024,Watering Can,Outdoor,2,19.88,39.76,S002,C0094,UPI
T006696,2023-06-02,P015,Storage Basket,Household,5,17.1,85.5,S003,C0250,UPI
T006697,2023-01-19,P023,Hand Trowel,Outdoor,2,10.33,20.66,S003,C0108,UPI
T006698,2025-07-29,P018,Canvas Tote Bag,Apparel,1,13.85,13.85,S004,C0070,Cash
T006699,2023-04-05,P001,Notebook,Stationery,1,8.63,8.63,S002,C0049,UPI
T006700,2024-09-08,P017,Cotton T-Shirt,Apparel,1,19.56,19.56,S002,C0242,Bank Transfer
T006701,2025-11-27,P022,Plant Pot,Outdoor,4,11.69,46.76,S002,C0275,UPI
T006702,2025-11-23,P001,Notebook,Stationery,2,8.51,17.02,S003,C0262,UPI
T006703,2023-03-09,P006,USB-C Hub,Electronics,3,33.23,99.69,S001,C0287,Card
T006704,2023-08-11,P012,Snack Box,Food and Beverage,1,22.93,22.93,S003,C0240,UPI
T006705,2025-02-28,P013,Hand Soap,Household,3,4.51,13.53,S003,C0104,UPI
T006706,2023-01-15,P012,Snack Box,Food and Beverage,3,21.46,64.38,S004,C0296,Card
T006707,2023-08-25,P003,Desk Organizer,Stationery,2,14.38,28.76,S002,C0005,Card
T006708,2024-12-03,P002,Ballpoint Pen Pack,Stationery,2,5.22,10.44,S004,C0198,Card
T006709,2023-12-26,P002,Ballpoint Pen Pack,Stationery,1,4.97,4.97,S001,C0104,Cash
T006710,2025-03-05,P021,Garden Gloves,Outdoor,5,9.5,47.5,S002,C0190,Card
T006711,2024-03-22,P011,Reusable Water Bottle,Food and Beverage,1,17.14,17.14,S002,C0210,UPI
T006712,2023-02-24,P016,LED Bulb Pack,Household,1,11.91,11.91,S001,C0036,Card
T006713,2023-04-25,P023,Hand Trowel,Outdoor,3,10.89,32.67,S004,C0022,UPI
T006714,2025-11-14,P019,Baseball Cap,Apparel,3,15.06,45.18,S003,C0138,UPI
T006715,2025-03-26,P010,Tea Assortment,Food and Beverage,2,13.27,26.54,S004,C0185,Card
T006716,2025-03-07,P002,Ballpoint Pen Pack,Stationery,1,5.48,5.48,S004,C0212,Cash
T006717,2023-07-02,P015,Storage Basket,Household,1,16.66,16.66,S004,C0030,Card
T006718,2024-01-02,P007,Bluetooth Speaker,Electronics,3,51.98,155.94,S002,C0058,UPI
T006719,2024-10-29,P021,Garden Gloves,Outdoor,1,8.83,8.83,S001,C0225,Card
T006720,2025-12-22,P015,Storage Basket,Household,2,16.4,32.8,S003,C0012,Bank Transfer
T006721,2024-10-22,P019,Baseball Cap,Apparel,5,15.13,75.65,S001,C0293,UPI
T006722,2023-02-05,P001,Notebook,Stationery,2,8.7,17.4,S004,C0227,Card
T006723,2023-07-12,P004,Printer Paper,Stationery,1,6.99,6.99,S004,C0164,Card
T006724,2023-04-02,P021,Garden Gloves,Outdoor,3,9.49,28.47,S004,C0099,Card
T006725,2024-06-16,P010,Tea Assortment,Food and Beverage,3,12.44,37.32,S002,C0116,Cash
T006726,2025-09-01,P024,Watering Can,Outdoor,3,21.81,65.43,S004,C0024,Cash
T006727,2024-05-02,P014,Cleaning Spray,Household,2,7.37,14.74,S002,C0294,UPI
T006728,2025-03-16,P021,Garden Gloves,Outdoor,3,9.36,28.08,S004,C0121,Card
T006729,2023-03-12,P008,Webcam,Electronics,1,60.73,60.73,S001,C0126,UPI
T006730,2025-07-30,P010,Tea Assortment,Food and Beverage,3,12.64,37.92,S004,C0136,UPI
T006731,2025-07-14,P007,Bluetooth Speaker,Electronics,1,52.26,52.26,S001,C0204,Cash
T006732,2023-01-01,P009,Coffee Beans,Food and Beverage,1,15.44,15.44,S002,C0254,Card
T006733,2024-07-26,P024,Watering Can,Outdoor,3,21.39,64.17,S002,C0137,Bank Transfer
T006734,2023-11-16,P015,Storage Basket,Household,1,16.25,16.25,S002,C0055,Cash
T006735,2023-09-15,P013,Hand Soap,Household,1,4.74,4.74,S001,C0243,UPI
T006736,2024-10-11,P024,Watering Can,Outdoor,1,20.72,20.72,S002,C0186,Card
T006737,2023-03-20,P005,Wireless Mouse,Electronics,1,24.93,24.93,S002,C0212,Cash
T006738,2023-04-07,P005,Wireless Mouse,Electronics,4,26.09,104.36,S003,C0114,UPI
T006739,2024-02-04,P016,LED Bulb Pack,Household,3,11.41,34.23,S003,C0114,Bank Transfer
T006740,2025-06-03,P001,Notebook,Stationery,1,8.9,8.9,S001,C0005,Card
T006741,2024-07-15,P003,Desk Organizer,Stationery,6,14.2,85.2,S001,C0178,Cash
T006742,2025-03-11,P006,USB-C Hub,Electronics,4,34.39,137.56,S001,C0111,UPI
T006743,2025-08-21,P015,Storage Basket,Household,4,16.41,65.64,S002,C0251,Cash
T006744,2024-08-20,P020,Running Socks,Apparel,2,10.28,20.56,S001,C0092,UPI
T006745,2025-07-17,P022,Plant Pot,Outdoor,1,12.14,12.14,S003,C0146,Bank Transfer
T006746,2024-10-15,P016,LED Bulb Pack,Household,3,11.33,33.99,S001,C0033,UPI
T006747,2023-01-28,P015,Storage Basket,Household,3,16.48,49.44,S004,C0132,Card
T006748,2025-10-20,P001,Notebook,Stationery,4,8.46,33.84,S001,C0099,UPI
T006749,2025-04-14,P012,Snack Box,Food and Beverage,2,23.28,46.56,S004,C0252,Card
T006750,2024-08-07,P007,Bluetooth Speaker,Electronics,4,52.81,211.24,S003,C0108,Cash
T006751,2023-10-02,P015,Storage Basket,Household,1,17.01,17.01,S001,C0231,Card
T006752,2023-10-02,P009,Coffee Beans,Food and Beverage,2,15.23,30.46,S001,C0020,Card
T006753,2024-03-17,P021,Garden Gloves,Outdoor,3,9.08,27.24,S002,C0142,Card
T006754,2025-09-27,P013,Hand Soap,Household,3,4.7,14.1,S004,C0236,Card
T006755,2024-04-08,P002,Ballpoint Pen Pack,Stationery,3,5.14,15.42,S004,C0065,UPI
T006756,2025-08-26,P013,Hand Soap,Household,1,4.72,4.72,S001,C0191,Cash
T006757,2023-03-17,P012,Snack Box,Food and Beverage,3,23.58,70.74,S003,C0130,Cash
T006758,2025-11-01,P005,Wireless Mouse,Electronics,2,24.73,49.46,S003,C0267,Cash
T006759,2024-05-01,P009,Coffee Beans,Food and Beverage,2,14.77,29.54,S001,C0029,Card
T006760,2023-06-21,P022,Plant Pot,Outdoor,1,11.68,11.68,S003,C0212,Cash
T006761,2025-06-07,P004,Printer Paper,Stationery,5,6.92,34.6,S002,C0105,UPI
T006762,2023-03-18,P009,Coffee Beans,Food and Beverage,2,16.22,32.44,S003,C0078,Card
T006763,2025-01-23,P002,Ballpoint Pen Pack,Stationery,3,5.25,15.75,S004,C0147,Bank Transfer
T006764,2025-07-19,P001,Notebook,Stationery,3,8.69,26.07,S002,C0233,UPI
T006765,2024-08-17,P017,Cotton T-Shirt,Apparel,2,19.24,38.48,S001,C0204,Cash
T006766,2025-04-16,P013,Hand Soap,Household,2,4.56,9.12,S004,C0038,UPI
T006767,2023-04-13,P023,Hand Trowel,Outdoor,1,10.74,10.74,S004,C0128,UPI
T006768,2025-11-22,P005,Wireless Mouse,Electronics,1,26.29,26.29,S001,C0227,Card
T006769,2024-09-22,P022,Plant Pot,Outdoor,2,11.32,22.64,S002,C0285,UPI
T006770,2025-01-27,P009,Coffee Beans,Food and Beverage,1,14.69,14.69,S001,C0243,Card
T006771,2025-08-21,P019,Baseball Cap,Apparel,2,15.84,31.68,S001,C0080,Card
T006772,2025-12-13,P008,Webcam,Electronics,3,58.26,174.78,S003,C0273,Card
T006773,2025-02-18,P013,Hand Soap,Household,1,4.68,4.68,S003,C0210,Cash
T006774,2024-11-27,P017,Cotton T-Shirt,Apparel,2,19.79,39.58,S002,C0264,Card
T006775,2025-02-03,P017,Cotton T-Shirt,Apparel,5,20.49,102.45,S001,C0122,Card
T006776,2024-12-10,P002,Ballpoint Pen Pack,Stationery,2,5.4,10.8,S003,C0057,UPI
T006777,2024-04-02,P021,Garden Gloves,Outdoor,2,9.5,19.0,S003,C0038,UPI
T006778,2024-08-02,P024,Watering Can,Outdoor,1,22.16,22.16,S001,C0243,Bank Transfer
T006779,2023-04-03,P010,Tea Assortment,Food and Beverage,2,13.48,26.96,S001,C0065,Cash
T006780,2025-02-10,P021,Garden Gloves,Outdoor,2,8.9,17.8,S001,C0235,Card
T006781,2023-11-05,P021,Garden Gloves,Outdoor,2,9.43,18.86,S001,C0227,Card
T006782,2024-11-23,P004,Printer Paper,Stationery,2,6.51,13.02,S003,C0224,UPI
T006783,2025-03-19,P002,Ballpoint Pen Pack,Stationery,2,5.55,11.1,S004,C0095,UPI
T006784,2025-09-24,P009,Coffee Beans,Food and Beverage,4,16.39,65.56,S001,C0180,UPI
T006785,2025-01-22,P009,Coffee Beans,Food and Beverage,1,15.13,15.13,S003,C0287,Card
T006786,2025-04-07,P001,Notebook,Stationery,1,8.79,8.79,S003,C0031,Cash
T006787,2025-11-17,P002,Ballpoint Pen Pack,Stationery,3,4.97,14.91,S004,C0205,Card
T006788,2024-12-30,P002,Ballpoint Pen Pack,Stationery,3,5.49,16.47,S002,C0254,UPI
T006789,2023-10-07,P011,Reusable Water Bottle,Food and Beverage,3,18.91,56.73,S002,C0215,Bank Transfer
T006790,2024-10-25,P006,USB-C Hub,Electronics,1,33.82,33.82,S001,C0160,UPI
T006791,2023-03-23,P015,Storage Basket,Household,1,15.67,15.67,S004,C0069,Cash
T006792,2024-10-27,P016,LED Bulb Pack,Household,1,12.63,12.63,S003,C0153,Cash
T006793,2025-05-12,P018,Canvas Tote Bag,Apparel,1,12.95,12.95,S001,C0119,UPI
T006794,2025-06-07,P011,Reusable Water Bottle,Food and Beverage,1,18.53,18.53,S003,C0170,Card
T006795,2024-09-21,P021,Garden Gloves,Outdoor,3,8.82,26.46,S004,C0134,UPI
T006796,2023-08-07,P017,Cotton T-Shirt,Apparel,6,19.22,115.32,S002,C0054,Card
T006797,2023-05-31,P003,Desk Organizer,Stationery,2,13.55,27.1,S001,C0120,Cash
T006798,2025-08-11,P012,Snack Box,Food and Beverage,1,23.49,23.49,S003,C0177,Cash
T006799,2023-01-26,P012,Snack Box,Food and Beverage,1,23.03,23.03,S001,C0163,UPI
T006800,2023-11-08,P023,Hand Trowel,Outdoor,2,9.93,19.86,S002,C0026,Card
T006801,2024-10-07,P001,Notebook,Stationery,3,8.64,25.92,S002,C0231,Cash
T006802,2023-03-06,P024,Watering Can,Outdoor,3,20.31,60.93,S004,C0085,Bank Transfer
T006803,2024-04-24,P001,Notebook,Stationery,2,8.23,16.46,S001,C0043,Card
T006804,2025-03-10,P002,Ballpoint Pen Pack,Stationery,2,5.49,10.98,S001,C0288,UPI
T006805,2025-01-29,P007,Bluetooth Speaker,Electronics,1,52.31,52.31,S001,C0078,Card
T006806,2024-06-27,P014,Cleaning Spray,Household,5,7.48,37.4,S003,C0004,UPI
T006807,2024-12-14,P010,Tea Assortment,Food and Beverage,1,13.2,13.2,S001,C0182,Cash
T006808,2023-06-06,P001,Notebook,Stationery,3,8.72,26.16,S001,C0049,Card
T006809,2024-08-09,P002,Ballpoint Pen Pack,Stationery,3,5.51,16.53,S002,C0034,Card
T006810,2023-09-24,P006,USB-C Hub,Electronics,6,36.09,216.54,S001,C0007,Bank Transfer
T006811,2023-04-25,P006,USB-C Hub,Electronics,5,32.62,163.1,S001,C0195,Bank Transfer
T006812,2025-11-22,P022,Plant Pot,Outdoor,5,12.25,61.25,S002,C0092,Card
T006813,2023-01-08,P023,Hand Trowel,Outdoor,1,10.55,10.55,S001,C0015,Card
T006814,2025-10-23,P011,Reusable Water Bottle,Food and Beverage,1,18.86,18.86,S001,C0180,Card
T006815,2025-01-26,P020,Running Socks,Apparel,2,9.5,19.0,S003,C0232,Card
T006816,2025-10-13,P005,Wireless Mouse,Electronics,4,25.22,100.88,S002,C0065,UPI
T006817,2024-11-05,P024,Watering Can,Outdoor,3,20.92,62.76,S001,C0082,Card
T006818,2025-09-20,P016,LED Bulb Pack,Household,4,12.11,48.44,S001,C0090,Cash
T006819,2024-01-04,P005,Wireless Mouse,Electronics,3,24.59,73.77,S002,C0107,UPI
T006820,2024-06-15,P009,Coffee Beans,Food and Beverage,1,16.01,16.01,S001,C0287,Card
T006821,2024-01-06,P016,LED Bulb Pack,Household,2,11.43,22.86,S003,C0126,Cash
T006822,2025-06-14,P013,Hand Soap,Household,1,4.61,4.61,S002,C0106,Cash
T006823,2025-05-11,P001,Notebook,Stationery,3,8.39,25.17,S003,C0119,Card
T006824,2024-09-24,P024,Watering Can,Outdoor,2,20.14,40.28,S002,C0274,UPI
T006825,2023-10-14,P001,Notebook,Stationery,4,8.03,32.12,S001,C0261,Cash
T006826,2025-11-01,P007,Bluetooth Speaker,Electronics,3,51.16,153.48,S002,C0105,Cash
T006827,2025-01-15,P010,Tea Assortment,Food and Beverage,2,12.1,24.2,S004,C0073,UPI
T006828,2025-08-28,P008,Webcam,Electronics,1,56.54,56.54,S002,C0260,Card
T006829,2023-07-26,P017,Cotton T-Shirt,Apparel,3,19.68,59.04,S004,C0261,Card
T006830,2024-03-10,P016,LED Bulb Pack,Household,1,11.49,11.49,S001,C0163,UPI
T006831,2023-10-05,P008,Webcam,Electronics,5,60.59,302.95,S001,C0229,Card
T006832,2024-06-11,P021,Garden Gloves,Outdoor,2,9.27,18.54,S003,C0081,UPI
T006833,2024-06-20,P003,Desk Organizer,Stationery,2,14.42,28.84,S002,C0169,Card
T006834,2024-10-23,P021,Garden Gloves,Outdoor,3,8.7,26.1,S002,C0199,UPI
T006835,2025-10-19,P017,Cotton T-Shirt,Apparel,2,18.94,37.88,S003,C0294,Card
T006836,2025-10-28,P024,Watering Can,Outdoor,2,20.11,40.22,S003,C0117,Cash
T006837,2024-08-06,P007,Bluetooth Speaker,Electronics,2,47.1,94.2,S003,C0252,UPI
T006838,2025-07-01,P005,Wireless Mouse,Electronics,3,25.01,75.03,S004,C0048,Cash
T006839,2024-08-02,P018,Canvas Tote Bag,Apparel,3,13.78,41.34,S002,C0140,Card
T006840,2023-06-02,P001,Notebook,Stationery,4,8.33,33.32,S001,C0248,UPI
T006841,2023-03-12,P011,Reusable Water Bottle,Food and Beverage,3,17.11,51.33,S002,C0110,UPI
T006842,2023-11-18,P018,Canvas Tote Bag,Apparel,2,13.56,27.12,S001,C0118,Cash
T006843,2023-05-23,P012,Snack Box,Food and Beverage,1,22.28,22.28,S001,C0258,Card
T006844,2024-07-25,P007,Bluetooth Speaker,Electronics,3,52.28,156.84,S002,C0045,Card
T006845,2025-11-15,P002,Ballpoint Pen Pack,Stationery,3,5.2,15.6,S001,C0014,UPI
T006846,2025-01-28,P015,Storage Basket,Household,3,17.23,51.69,S003,C0080,Bank Transfer
T006847,2023-09-12,P016,LED Bulb Pack,Household,3,11.33,33.99,S002,C0017,UPI
T006848,2023-11-23,P006,USB-C Hub,Electronics,2,36.32,72.64,S002,C0298,Bank Transfer
T006849,2025-08-04,P017,Cotton T-Shirt,Apparel,2,20.35,40.7,S001,C0237,UPI
T006850,2024-03-21,P014,Cleaning Spray,Household,2,7.36,14.72,S002,C0142,Card
T006851,2023-12-30,P019,Baseball Cap,Apparel,2,15.42,30.84,S002,C0035,UPI
T006852,2025-04-02,P023,Hand Trowel,Outdoor,1,10.24,10.24,S004,C0099,Card
T006853,2025-10-03,P004,Printer Paper,Stationery,3,7.1,21.3,S004,C0171,Cash
T006854,2024-01-09,P004,Printer Paper,Stationery,2,6.74,13.48,S003,C0254,Cash
T006855,2024-04-09,P018,Canvas Tote Bag,Apparel,3,13.27,39.81,S002,C0079,Bank Transfer
T006856,2023-10-04,P001,Notebook,Stationery,1,8.4,8.4,S004,C0037,UPI
T006857,2025-04-08,P020,Running Socks,Apparel,1,9.48,9.48,S003,C0287,Card
T006858,2023-10-12,P021,Garden Gloves,Outdoor,4,8.64,34.56,S002,C0140,Card
T006859,2023-08-11,P022,Plant Pot,Outdoor,3,12.21,36.63,S002,C0016,Card
T006860,2023-08-09,P012,Snack Box,Food and Beverage,2,22.34,44.68,S001,C0005,Card
T006861,2023-05-16,P009,Coffee Beans,Food and Beverage,1,15.28,15.28,S002,C0045,Card
T006862,2023-01-27,P017,Cotton T-Shirt,Apparel,1,20.86,20.86,S001,C0095,UPI
T006863,2023-01-08,P010,Tea Assortment,Food and Beverage,4,12.96,51.84,S004,C0057,Bank Transfer
T006864,2025-12-29,P017,Cotton T-Shirt,Apparel,1,20.69,20.69,S001,C0114,UPI
T006865,2023-01-04,P006,USB-C Hub,Electronics,2,33.11,66.22,S001,C0004,Cash
T006866,2024-01-22,P002,Ballpoint Pen Pack,Stationery,3,5.24,15.72,S003,C0007,Cash
T006867,2025-12-02,P009,Coffee Beans,Food and Beverage,5,15.25,76.25,S003,C0043,Cash
T006868,2023-01-13,P015,Storage Basket,Household,1,17.24,17.24,S002,C0222,Card
T006869,2025-11-15,P006,USB-C Hub,Electronics,3,33.85,101.55,S001,C0143,Card
T006870,2025-12-09,P022,Plant Pot,Outdoor,2,11.39,22.78,S001,C0108,Cash
T006871,2024-05-03,P005,Wireless Mouse,Electronics,1,23.81,23.81,S001,C0281,Cash
T006872,2024-06-29,P017,Cotton T-Shirt,Apparel,3,19.38,58.14,S001,C0035,Cash
T006873,2023-08-09,P015,Storage Basket,Household,2,16.38,32.76,S003,C0101,Cash
T006874,2025-05-18,P017,Cotton T-Shirt,Apparel,1,19.72,19.72,S002,C0171,Bank Transfer
T006875,2023-06-24,P006,USB-C Hub,Electronics,5,33.68,168.4,S001,C0113,Card
T006876,2024-04-08,P005,Wireless Mouse,Electronics,2,26.11,52.22,S004,C0266,Cash
T006877,2023-01-22,P009,Coffee Beans,Food and Beverage,3,15.37,46.11,S003,C0069,UPI
T006878,2023-03-23,P002,Ballpoint Pen Pack,Stationery,1,4.97,4.97,S003,C0013,UPI
T006879,2023-12-19,P018,Canvas Tote Bag,Apparel,3,13.97,41.91,S002,C0297,Bank Transfer
T006880,2024-08-18,P002,Ballpoint Pen Pack,Stationery,4,5.26,21.04,S002,C0002,Bank Transfer
T006881,2024-03-22,P013,Hand Soap,Household,2,4.81,9.62,S003,C0122,UPI
T006882,2025-12-16,P016,LED Bulb Pack,Household,1,11.4,11.4,S004,C0036,UPI
T006883,2025-01-26,P020,Running Socks,Apparel,2,9.39,18.78,S004,C0047,Card
T006884,2024-01-07,P023,Hand Trowel,Outdoor,6,10.9,65.4,S001,C0136,UPI
T006885,2023-12-29,P014,Cleaning Spray,Household,1,7.59,7.59,S003,C0261,Cash
T006886,2023-11-18,P019,Baseball Cap,Apparel,3,16.9,50.7,S002,C0277,UPI
T006887,2023-12-11,P018,Canvas Tote Bag,Apparel,3,12.79,38.37,S004,C0116,UPI
T006888,2025-11-28,P005,Wireless Mouse,Electronics,5,26.45,132.25,S003,C0111,Cash
T006889,2023-10-07,P020,Running Socks,Apparel,2,9.44,18.88,S001,C0205,UPI
T006890,2024-09-17,P001,Notebook,Stationery,1,8.01,8.01,S004,C0172,UPI
T006891,2025-08-07,P020,Running Socks,Apparel,1,10.16,10.16,S002,C0113,Card
T006892,2025-07-18,P020,Running Socks,Apparel,3,10.03,30.09,S004,C0216,UPI
T006893,2024-02-01,P001,Notebook,Stationery,2,8.46,16.92,S003,C0149,Cash
T006894,2023-12-26,P020,Running Socks,Apparel,2,10.04,20.08,S003,C0061,UPI
T006895,2025-09-06,P010,Tea Assortment,Food and Beverage,1,12.06,12.06,S001,C0141,Card
T006896,2023-07-06,P008,Webcam,Electronics,2,58.56,117.12,S002,C0269,Card
T006897,2025-12-21,P009,Coffee Beans,Food and Beverage,1,15.83,15.83,S001,C0090,UPI
T006898,2024-06-02,P009,Coffee Beans,Food and Beverage,6,15.41,92.46,S004,C0186,Card
T006899,2024-02-02,P024,Watering Can,Outdoor,6,21.73,130.38,S001,C0036,Bank Transfer
T006900,2024-04-19,P022,Plant Pot,Outdoor,1,12.08,12.08,S003,C0196,Card
T006901,2025-11-13,P023,Hand Trowel,Outdoor,2,10.92,21.84,S001,C0004,Bank Transfer
T006902,2025-04-22,P001,Notebook,Stationery,3,8.07,24.21,S001,C0152,Card
T006903,2023-11-04,P024,Watering Can,Outdoor,4,21.07,84.28,S001,C0029,Card
T006904,2023-02-08,P021,Garden Gloves,Outdoor,4,8.71,34.84,S002,C0251,Card
T006905,2023-09-29,P023,Hand Trowel,Outdoor,1,10.6,10.6,S002,C0014,Card
T006906,2025-03-02,P021,Garden Gloves,Outdoor,5,9.02,45.1,S001,C0224,UPI
T006907,2023-10-08,P010,Tea Assortment,Food and Beverage,2,12.34,24.68,S003,C0128,UPI
T006908,2024-07-05,P008,Webcam,Electronics,4,60.87,243.48,S002,C0116,Card
T006909,2025-09-25,P002,Ballpoint Pen Pack,Stationery,3,5.21,15.63,S003,C0207,UPI
T006910,2023-03-19,P006,USB-C Hub,Electronics,2,33.65,67.3,S003,C0172,Bank Transfer
T006911,2023-12-12,P002,Ballpoint Pen Pack,Stationery,1,5.2,5.2,S002,C0016,Card
T006912,2024-08-17,P010,Tea Assortment,Food and Beverage,2,12.17,24.34,S003,C0195,Card
T006913,2024-10-10,P016,LED Bulb Pack,Household,2,11.58,23.16,S004,C0142,Bank Transfer
T006914,2025-10-04,P014,Cleaning Spray,Household,1,7.0,7.0,S001,C0176,Card
T006915,2025-11-08,P020,Running Socks,Apparel,6,10.46,62.76,S002,C0134,Cash
T006916,2025-11-17,P009,Coffee Beans,Food and Beverage,2,15.75,31.5,S002,C0236,Card
T006917,2024-08-18,P024,Watering Can,Outdoor,2,22.05,44.1,S002,C0256,Card
T006918,2023-11-11,P007,Bluetooth Speaker,Electronics,3,49.67,149.01,S004,C0050,Card
T006919,2023-07-26,P008,Webcam,Electronics,3,59.56,178.68,S004,C0247,Card
T006920,2023-09-12,P017,Cotton T-Shirt,Apparel,2,18.99,37.98,S001,C0042,UPI
T006921,2024-04-20,P015,Storage Basket,Household,1,15.71,15.71,S003,C0169,Cash
T006922,2024-10-21,P009,Coffee Beans,Food and Beverage,1,15.15,15.15,S004,C0130,Cash
T006923,2023-01-27,P015,Storage Basket,Household,1,17.12,17.12,S004,C0079,Card
T006924,2024-11-25,P013,Hand Soap,Household,2,4.6,9.2,S002,C0033,UPI
T006925,2024-04-23,P004,Printer Paper,Stationery,1,6.95,6.95,S004,C0123,UPI
T006926,2024-02-07,P016,LED Bulb Pack,Household,2,12.13,24.26,S001,C0263,Cash
T006927,2024-07-25,P021,Garden Gloves,Outdoor,1,9.15,9.15,S002,C0286,Cash
T006928,2024-04-02,P001,Notebook,Stationery,1,8.23,8.23,S002,C0196,UPI
T006929,2023-12-04,P018,Canvas Tote Bag,Apparel,1,12.77,12.77,S004,C0250,Card
T006930,2023-06-10,P009,Coffee Beans,Food and Beverage,3,14.7,44.1,S002,C0287,Cash
T006931,2023-12-29,P009,Coffee Beans,Food and Beverage,1,15.38,15.38,S003,C0251,UPI
T006932,2023-03-13,P006,USB-C Hub,Electronics,2,35.1,70.2,S001,C0153,Bank Transfer
T006933,2025-06-23,P014,Cleaning Spray,Household,2,7.05,14.1,S001,C0208,Cash
T006934,2023-02-23,P005,Wireless Mouse,Electronics,1,23.96,23.96,S002,C0133,Bank Transfer
T006935,2023-10-23,P013,Hand Soap,Household,2,4.89,9.78,S001,C0168,Cash
T006936,2023-01-25,P007,Bluetooth Speaker,Electronics,2,50.32,100.64,S002,C0149,Card
T006937,2024-12-20,P009,Coffee Beans,Food and Beverage,2,14.6,29.2,S002,C0260,UPI
T006938,2025-01-30,P020,Running Socks,Apparel,3,10.11,30.33,S004,C0291,Card
T006939,2023-07-02,P011,Reusable Water Bottle,Food and Beverage,1,18.52,18.52,S004,C0188,Card
T006940,2025-01-20,P022,Plant Pot,Outdoor,2,12.7,25.4,S003,C0139,Bank Transfer
T006941,2023-04-06,P016,LED Bulb Pack,Household,4,11.73,46.92,S004,C0067,UPI
T006942,2025-06-17,P018,Canvas Tote Bag,Apparel,2,13.09,26.18,S002,C0265,Cash
T006943,2025-06-20,P011,Reusable Water Bottle,Food and Beverage,3,17.86,53.58,S001,C0125,Cash
T006944,2025-08-08,P002,Ballpoint Pen Pack,Stationery,3,5.14,15.42,S003,C0254,UPI
T006945,2023-11-14,P006,USB-C Hub,Electronics,2,35.48,70.96,S003,C0094,UPI
T006946,2024-05-09,P004,Printer Paper,Stationery,1,6.63,6.63,S002,C0039,UPI
T006947,2024-04-07,P008,Webcam,Electronics,3,62.36,187.08,S001,C0157,UPI
T006948,2025-12-13,P019,Baseball Cap,Apparel,1,15.56,15.56,S001,C0054,Card
T006949,2023-08-20,P018,Canvas Tote Bag,Apparel,2,13.29,26.58,S002,C0183,UPI
T006950,2024-10-24,P003,Desk Organizer,Stationery,3,13.31,39.93,S002,C0268,Cash
T006951,2023-01-04,P005,Wireless Mouse,Electronics,2,25.2,50.4,S004,C0016,Card
T006952,2023-03-25,P014,Cleaning Spray,Household,2,7.02,14.04,S001,C0089,Card
T006953,2023-03-18,P023,Hand Trowel,Outdoor,3,10.21,30.63,S002,C0286,Card
T006954,2024-06-01,P004,Printer Paper,Stationery,3,7.03,21.09,S004,C0192,Card
T006955,2025-08-25,P007,Bluetooth Speaker,Electronics,1,51.93,51.93,S004,C0039,UPI
T006956,2023-03-21,P001,Notebook,Stationery,3,8.54,25.62,S001,C0028,Cash
T006957,2025-05-03,P020,Running Socks,Apparel,5,9.61,48.05,S001,C0173,Cash
T006958,2025-06-20,P001,Notebook,Stationery,6,8.99,53.94,S001,C0044,Card
T006959,2024-06-08,P002,Ballpoint Pen Pack,Stationery,2,5.38,10.76,S003,C0086,UPI
T006960,2024-07-22,P021,Garden Gloves,Outdoor,1,9.19,9.19,S004,C0156,Card
T006961,2023-05-04,P020,Running Socks,Apparel,1,9.73,9.73,S001,C0152,UPI
T006962,2024-10-07,P004,Printer Paper,Stationery,2,6.35,12.7,S003,C0093,UPI
T006963,2024-10-31,P018,Canvas Tote Bag,Apparel,3,13.81,41.43,S001,C0036,Bank Transfer
T006964,2024-06-28,P009,Coffee Beans,Food and Beverage,1,16.04,16.04,S001,C0130,UPI
T006965,2025-02-26,P013,Hand Soap,Household,1,4.53,4.53,S003,C0028,Card
T006966,2025-10-15,P010,Tea Assortment,Food and Beverage,3,12.33,36.99,S003,C0285,Cash
T006967,2025-02-10,P021,Garden Gloves,Outdoor,2,8.73,17.46,S002,C0074,UPI
T006968,2023-10-02,P012,Snack Box,Food and Beverage,1,22.62,22.62,S002,C0221,UPI
T006969,2024-12-30,P002,Ballpoint Pen Pack,Stationery,3,5.27,15.81,S003,C0030,UPI
T006970,2023-06-12,P013,Hand Soap,Household,2,4.7,9.4,S002,C0024,Card
T006971,2025-01-15,P015,Storage Basket,Household,2,16.26,32.52,S001,C0213,Cash
T006972,2024-01-04,P015,Storage Basket,Household,6,15.58,93.48,S003,C0158,Card
T006973,2023-07-28,P009,Coffee Beans,Food and Beverage,3,15.43,46.29,S001,C0173,Card
T006974,2024-07-31,P004,Printer Paper,Stationery,5,6.41,32.05,S002,C0224,UPI
T006975,2023-12-31,P008,Webcam,Electronics,2,60.92,121.84,S002,C0275,Card
T006976,2023-11-17,P014,Cleaning Spray,Household,3,7.32,21.96,S003,C0092,UPI
T006977,2023-02-14,P015,Storage Basket,Household,2,17.12,34.24,S003,C0159,Card
T006978,2024-04-26,P005,Wireless Mouse,Electronics,2,25.48,50.96,S001,C0218,Cash
T006979,2024-02-19,P005,Wireless Mouse,Electronics,1,25.81,25.81,S002,C0146,Bank Transfer
T006980,2023-06-30,P016,LED Bulb Pack,Household,3,11.92,35.76,S001,C0027,UPI
T006981,2024-05-24,P002,Ballpoint Pen Pack,Stationery,2,5.01,10.02,S004,C0010,UPI
T006982,2023-01-05,P014,Cleaning Spray,Household,5,7.1,35.5,S003,C0071,UPI
T006983,2025-07-12,P005,Wireless Mouse,Electronics,2,23.87,47.74,S001,C0039,Card
T006984,2023-01-31,P004,Printer Paper,Stationery,1,6.46,6.46,S003,C0150,Cash
T006985,2024-03-24,P023,Hand Trowel,Outdoor,3,10.26,30.78,S002,C0244,UPI
T006986,2023-11-09,P014,Cleaning Spray,Household,2,7.17,14.34,S002,C0158,UPI
T006987,2024-09-25,P006,USB-C Hub,Electronics,1,32.86,32.86,S004,C0240,Card
T006988,2024-12-06,P023,Hand Trowel,Outdoor,1,10.5,10.5,S004,C0145,UPI
T006989,2023-09-22,P002,Ballpoint Pen Pack,Stationery,1,5.28,5.28,S003,C0158,UPI
T006990,2024-10-02,P014,Cleaning Spray,Household,1,7.43,7.43,S003,C0118,Card
T006991,2023-01-14,P007,Bluetooth Speaker,Electronics,5,48.3,241.5,S002,C0120,Card
T006992,2023-06-12,P003,Desk Organizer,Stationery,1,14.12,14.12,S001,C0039,Cash
T006993,2024-04-12,P024,Watering Can,Outdoor,5,19.97,99.85,S003,C0045,UPI
T006994,2025-11-22,P019,Baseball Cap,Apparel,2,15.64,31.28,S004,C0225,UPI
T006995,2023-06-28,P018,Canvas Tote Bag,Apparel,1,13.3,13.3,S004,C0010,Card
T006996,2025-03-28,P005,Wireless Mouse,Electronics,6,24.54,147.24,S002,C0204,Card
T006997,2023-07-01,P019,Baseball Cap,Apparel,2,16.01,32.02,S004,C0107,Card
T006998,2023-05-03,P020,Running Socks,Apparel,2,9.76,19.52,S004,C0044,Card
T006999,2025-01-29,P012,Snack Box,Food and Beverage,1,23.22,23.22,S004,C0138,UPI
T007000,2023-07-11,P012,Snack Box,Food and Beverage,5,23.21,116.05,S004,C0160,Bank Transfer
T007001,2023-12-20,P002,Ballpoint Pen Pack,Stationery,1,5.3,5.3,S001,C0131,UPI
T007002,2023-08-12,P006,USB-C Hub,Electronics,2,36.43,72.86,S002,C0204,UPI
T007003,2023-09-28,P001,Notebook,Stationery,1,8.97,8.97,S002,C0145,UPI
T007004,2025-12-08,P001,Notebook,Stationery,1,8.99,8.99,S004,C0280,UPI
T007005,2023-03-12,P023,Hand Trowel,Outdoor,2,10.29,20.58,S002,C0029,Cash
T007006,2024-02-15,P022,Plant Pot,Outdoor,1,12.24,12.24,S002,C0016,Cash
T007007,2023-06-24,P018,Canvas Tote Bag,Apparel,2,13.71,27.42,S003,C0004,UPI
T007008,2025-04-23,P009,Coffee Beans,Food and Beverage,2,15.15,30.3,S004,C0271,Bank Transfer
T007009,2024-08-05,P014,Cleaning Spray,Household,2,6.93,13.86,S002,C0137,Card
T007010,2023-10-22,P009,Coffee Beans,Food and Beverage,1,15.15,15.15,S003,C0148,UPI
T007011,2024-03-10,P013,Hand Soap,Household,1,4.61,4.61,S004,C0181,UPI
T007012,2025-03-19,P011,Reusable Water Bottle,Food and Beverage,1,17.11,17.11,S001,C0248,Card
T007013,2025-03-20,P006,USB-C Hub,Electronics,3,33.64,100.92,S004,C0192,Bank Transfer
T007014,2023-01-31,P017,Cotton T-Shirt,Apparel,3,19.9,59.7,S001,C0042,Card
T007015,2024-06-05,P010,Tea Assortment,Food and Beverage,1,12.44,12.44,S002,C0057,Card
T007016,2025-11-07,P006,USB-C Hub,Electronics,1,33.07,33.07,S002,C0002,Card
T007017,2023-05-04,P005,Wireless Mouse,Electronics,1,25.98,25.98,S001,C0007,Card
T007018,2023-02-01,P004,Printer Paper,Stationery,6,6.78,40.68,S001,C0058,Card
T007019,2024-10-23,P017,Cotton T-Shirt,Apparel,2,19.6,39.2,S001,C0272,Card
T007020,2023-07-18,P014,Cleaning Spray,Household,1,7.36,7.36,S001,C0236,Card
T007021,2025-06-22,P001,Notebook,Stationery,2,8.09,16.18,S001,C0008,Card
T007022,2025-03-17,P007,Bluetooth Speaker,Electronics,6,47.19,283.14,S001,C0088,UPI
T007023,2024-11-05,P006,USB-C Hub,Electronics,1,33.02,33.02,S003,C0054,UPI
T007024,2025-12-18,P019,Baseball Cap,Apparel,3,16.6,49.8,S003,C0115,UPI
T007025,2025-07-03,P005,Wireless Mouse,Electronics,4,26.14,104.56,S001,C0104,Card
T007026,2024-05-31,P002,Ballpoint Pen Pack,Stationery,5,5.21,26.05,S002,C0233,Card
T007027,2023-03-27,P013,Hand Soap,Household,2,4.67,9.34,S001,C0251,UPI
T007028,2025-05-16,P003,Desk Organizer,Stationery,3,13.65,40.95,S002,C0250,Bank Transfer
T007029,2024-02-18,P012,Snack Box,Food and Beverage,3,22.6,67.8,S002,C0163,Card
T007030,2023-08-05,P018,Canvas Tote Bag,Apparel,1,13.86,13.86,S001,C0158,Bank Transfer
T007031,2025-09-13,P006,USB-C Hub,Electronics,1,33.56,33.56,S002,C0038,Bank Transfer
T007032,2025-02-20,P017,Cotton T-Shirt,Apparel,1,20.87,20.87,S002,C0295,Cash
T007033,2025-03-10,P014,Cleaning Spray,Household,1,7.12,7.12,S003,C0215,UPI
T007034,2025-04-21,P005,Wireless Mouse,Electronics,2,26.39,52.78,S002,C0095,Cash
T007035,2023-01-12,P013,Hand Soap,Household,2,4.76,9.52,S002,C0025,Cash
T007036,2024-03-25,P001,Notebook,Stationery,2,8.21,16.42,S001,C0161,UPI
T007037,2025-04-17,P008,Webcam,Electronics,1,57.53,57.53,S004,C0170,Card
T007038,2024-01-05,P006,USB-C Hub,Electronics,3,35.04,105.12,S002,C0166,UPI
T007039,2023-06-18,P005,Wireless Mouse,Electronics,3,23.5,70.5,S001,C0064,UPI
T007040,2024-12-06,P009,Coffee Beans,Food and Beverage,1,16.41,16.41,S001,C0067,Card
T007041,2025-03-21,P017,Cotton T-Shirt,Apparel,3,19.3,57.9,S003,C0238,UPI
T007042,2024-11-02,P014,Cleaning Spray,Household,2,6.93,13.86,S004,C0084,Cash
T007043,2025-12-01,P001,Notebook,Stationery,2,8.22,16.44,S003,C0262,Card
T007044,2024-02-07,P002,Ballpoint Pen Pack,Stationery,1,5.44,5.44,S001,C0212,Card
T007045,2023-05-19,P008,Webcam,Electronics,3,60.6,181.8,S002,C0132,Cash
T007046,2023-12-12,P020,Running Socks,Apparel,1,10.07,10.07,S002,C0176,Card
T007047,2024-12-30,P002,Ballpoint Pen Pack,Stationery,1,5.31,5.31,S004,C0118,Card
T007048,2023-08-06,P001,Notebook,Stationery,1,8.18,8.18,S004,C0202,Card
T007049,2023-08-31,P009,Coffee Beans,Food and Beverage,3,14.59,43.77,S002,C0238,Card
T007050,2025-07-24,P007,Bluetooth Speaker,Electronics,3,52.4,157.2,S003,C0197,Cash
T007051,2023-12-24,P005,Wireless Mouse,Electronics,3,25.9,77.7,S001,C0153,Card
T007052,2024-12-25,P021,Garden Gloves,Outdoor,4,8.76,35.04,S004,C0268,Card
T007053,2024-06-28,P014,Cleaning Spray,Household,3,7.36,22.08,S002,C0107,Card
T007054,2024-09-10,P021,Garden Gloves,Outdoor,3,9.11,27.33,S003,C0119,Bank Transfer
T007055,2023-03-05,P022,Plant Pot,Outdoor,2,11.5,23.0,S003,C0220,UPI
T007056,2025-06-01,P014,Cleaning Spray,Household,1,7.34,7.34,S001,C0108,Cash
T007057,2024-11-03,P020,Running Socks,Apparel,1,10.04,10.04,S003,C0208,Card
T007058,2025-10-02,P004,Printer Paper,Stationery,2,6.58,13.16,S004,C0107,UPI
T007059,2024-04-03,P012,Snack Box,Food and Beverage,3,23.58,70.74,S004,C0228,Card
T007060,2023-08-21,P016,LED Bulb Pack,Household,1,12.7,12.7,S001,C0170,UPI
T007061,2025-09-04,P023,Hand Trowel,Outdoor,3,11.08,33.24,S004,C0016,UPI
T007062,2025-08-07,P010,Tea Assortment,Food and Beverage,1,12.76,12.76,S002,C0256,Card
T007063,2025-10-29,P001,Notebook,Stationery,2,8.34,16.68,S003,C0270,Bank Transfer
T007064,2023-03-12,P020,Running Socks,Apparel,6,10.31,61.86,S003,C0024,Card
T007065,2023-01-27,P024,Watering Can,Outdoor,3,21.17,63.51,S003,C0156,UPI
T007066,2024-06-06,P024,Watering Can,Outdoor,1,22.07,22.07,S002,C0104,Card
T007067,2023-11-23,P014,Cleaning Spray,Household,4,7.27,29.08,S002,C0009,Card
T007068,2024-03-15,P008,Webcam,Electronics,2,58.82,117.64,S003,C0280,Card
T007069,2024-08-22,P004,Printer Paper,Stationery,2,6.66,13.32,S002,C0264,Cash
T007070,2024-07-13,P004,Printer Paper,Stationery,1,6.67,6.67,S003,C0015,UPI
T007071,2025-04-19,P009,Coffee Beans,Food and Beverage,5,16.1,80.5,S002,C0023,Cash
T007072,2024-08-20,P010,Tea Assortment,Food and Beverage,3,12.62,37.86,S003,C0173,Card
T007073,2024-11-21,P016,LED Bulb Pack,Household,3,12.52,37.56,S001,C0277,UPI
T007074,2023-08-11,P016,LED Bulb Pack,Household,1,12.13,12.13,S001,C0005,Card
T007075,2023-01-06,P009,Coffee Beans,Food and Beverage,1,15.92,15.92,S002,C0082,Card
T007076,2023-07-12,P005,Wireless Mouse,Electronics,2,24.67,49.34,S002,C0288,Cash
T007077,2024-07-31,P003,Desk Organizer,Stationery,2,13.25,26.5,S004,C0284,UPI
T007078,2023-02-05,P010,Tea Assortment,Food and Beverage,3,12.36,37.08,S003,C0298,Card
T007079,2024-01-21,P007,Bluetooth Speaker,Electronics,2,51.49,102.98,S004,C0003,UPI
T007080,2023-10-06,P005,Wireless Mouse,Electronics,3,23.99,71.97,S002,C0092,Card
T007081,2024-04-19,P009,Coffee Beans,Food and Beverage,3,15.84,47.52,S001,C0180,Card
T007082,2024-01-08,P016,LED Bulb Pack,Household,1,12.46,12.46,S001,C0072,Card
T007083,2023-03-25,P017,Cotton T-Shirt,Apparel,4,20.57,82.28,S002,C0169,Cash
T007084,2024-08-23,P014,Cleaning Spray,Household,6,7.57,45.42,S002,C0193,Card
T007085,2023-01-27,P002,Ballpoint Pen Pack,Stationery,2,5.29,10.58,S004,C0242,Cash
T007086,2025-11-10,P011,Reusable Water Bottle,Food and Beverage,1,18.72,18.72,S003,C0127,Card
T007087,2023-07-08,P005,Wireless Mouse,Electronics,2,26.24,52.48,S003,C0265,Card
T007088,2023-04-26,P010,Tea Assortment,Food and Beverage,2,13.07,26.14,S001,C0040,Card
T007089,2023-04-04,P008,Webcam,Electronics,2,57.57,115.14,S002,C0253,UPI
T007090,2025-10-06,P022,Plant Pot,Outdoor,1,11.96,11.96,S004,C0111,UPI
T007091,2023-03-21,P003,Desk Organizer,Stationery,1,13.18,13.18,S001,C0221,Card
T007092,2025-11-23,P022,Plant Pot,Outdoor,1,11.69,11.69,S002,C0217,Cash
T007093,2025-05-28,P006,USB-C Hub,Electronics,1,36.15,36.15,S002,C0161,UPI
T007094,2023-10-05,P017,Cotton T-Shirt,Apparel,1,21.18,21.18,S002,C0026,Cash
T007095,2024-01-09,P014,Cleaning Spray,Household,2,7.46,14.92,S003,C0077,UPI
T007096,2025-11-26,P001,Notebook,Stationery,2,8.64,17.28,S003,C0039,Bank Transfer
T007097,2023-09-21,P015,Storage Basket,Household,2,17.4,34.8,S002,C0176,Card
T007098,2024-06-29,P008,Webcam,Electronics,4,59.09,236.36,S003,C0248,Card
T007099,2023-06-08,P002,Ballpoint Pen Pack,Stationery,1,5.29,5.29,S003,C0169,Bank Transfer
T007100,2025-03-13,P023,Hand Trowel,Outdoor,1,9.88,9.88,S004,C0253,UPI
T007101,2023-12-03,P020,Running Socks,Apparel,4,10.36,41.44,S001,C0114,Card
T007102,2024-03-03,P011,Reusable Water Bottle,Food and Beverage,1,18.44,18.44,S004,C0279,Card
T007103,2023-08-17,P005,Wireless Mouse,Electronics,2,26.12,52.24,S002,C0171,Bank Transfer
T007104,2024-02-17,P001,Notebook,Stationery,4,8.97,35.88,S002,C0219,UPI
T007105,2024-12-31,P006,USB-C Hub,Electronics,1,34.82,34.82,S002,C0176,Card
T007106,2024-05-16,P001,Notebook,Stationery,3,8.82,26.46,S002,C0202,UPI
T007107,2024-04-11,P005,Wireless Mouse,Electronics,2,23.58,47.16,S001,C0029,Card
T007108,2024-11-29,P010,Tea Assortment,Food and Beverage,1,12.86,12.86,S002,C0094,UPI
T007109,2023-08-05,P005,Wireless Mouse,Electronics,1,26.12,26.12,S003,C0201,UPI
T007110,2024-04-20,P024,Watering Can,Outdoor,5,21.32,106.6,S004,C0072,UPI
T007111,2025-07-11,P019,Baseball Cap,Apparel,1,16.48,16.48,S003,C0204,Card
T007112,2023-07-07,P012,Snack Box,Food and Beverage,6,21.95,131.7,S003,C0164,Card
T007113,2025-10-23,P021,Garden Gloves,Outdoor,2,8.86,17.72,S002,C0278,UPI
T007114,2025-09-26,P013,Hand Soap,Household,1,5.02,5.02,S002,C0293,Card
T007115,2023-05-28,P003,Desk Organizer,Stationery,1,14.62,14.62,S002,C0193,Card
T007116,2024-08-07,P016,LED Bulb Pack,Household,1,11.55,11.55,S004,C0090,Card
T007117,2023-10-26,P016,LED Bulb Pack,Household,2,11.4,22.8,S004,C0172,Card
T007118,2023-11-20,P010,Tea Assortment,Food and Beverage,1,12.21,12.21,S002,C0082,Card
T007119,2024-08-26,P001,Notebook,Stationery,4,8.83,35.32,S001,C0059,Bank Transfer
T007120,2023-07-10,P005,Wireless Mouse,Electronics,1,25.87,25.87,S002,C0104,UPI
T007121,2023-10-13,P013,Hand Soap,Household,1,4.53,4.53,S003,C0078,Card
T007122,2025-08-14,P014,Cleaning Spray,Household,2,7.36,14.72,S002,C0054,Card
T007123,2023-10-31,P017,Cotton T-Shirt,Apparel,3,19.71,59.13,S001,C0125,UPI
T007124,2023-09-13,P024,Watering Can,Outdoor,2,19.76,39.52,S004,C0250,Cash
T007125,2024-12-19,P019,Baseball Cap,Apparel,2,15.49,30.98,S002,C0066,Bank Transfer
T007126,2025-02-27,P010,Tea Assortment,Food and Beverage,4,13.31,53.24,S002,C0062,Card
T007127,2023-12-24,P006,USB-C Hub,Electronics,1,34.76,34.76,S001,C0102,Cash
T007128,2024-02-23,P023,Hand Trowel,Outdoor,5,10.99,54.95,S001,C0049,UPI
T007129,2023-04-02,P020,Running Socks,Apparel,1,10.31,10.31,S003,C0145,Cash
T007130,2024-04-12,P001,Notebook,Stationery,1,8.01,8.01,S001,C0145,Card
T007131,2024-09-23,P020,Running Socks,Apparel,5,9.65,48.25,S001,C0102,UPI
T007132,2024-06-11,P001,Notebook,Stationery,6,8.33,49.98,S003,C0118,Cash
T007133,2024-01-22,P010,Tea Assortment,Food and Beverage,2,12.95,25.9,S003,C0182,Cash
T007134,2023-01-08,P002,Ballpoint Pen Pack,Stationery,2,4.98,9.96,S003,C0152,UPI
T007135,2025-06-20,P012,Snack Box,Food and Beverage,4,23.77,95.08,S001,C0139,Card
T007136,2023-05-01,P019,Baseball Cap,Apparel,4,15.06,60.24,S002,C0237,UPI
T007137,2023-03-30,P009,Coffee Beans,Food and Beverage,1,16.18,16.18,S003,C0104,UPI
T007138,2025-10-29,P005,Wireless Mouse,Electronics,4,23.87,95.48,S002,C0179,Cash
T007139,2025-04-26,P007,Bluetooth Speaker,Electronics,4,47.27,189.08,S001,C0080,UPI
T007140,2025-10-28,P022,Plant Pot,Outdoor,3,12.03,36.09,S003,C0146,Bank Transfer
T007141,2025-10-09,P008,Webcam,Electronics,1,60.76,60.76,S001,C0173,UPI
T007142,2025-05-15,P020,Running Socks,Apparel,1,10.53,10.53,S001,C0052,Card
T007143,2025-11-24,P002,Ballpoint Pen Pack,Stationery,1,5.0,5.0,S001,C0062,Card
T007144,2024-09-17,P019,Baseball Cap,Apparel,1,15.41,15.41,S003,C0213,Cash
T007145,2023-01-11,P012,Snack Box,Food and Beverage,3,22.66,67.98,S002,C0091,Cash
T007146,2025-04-20,P018,Canvas Tote Bag,Apparel,3,13.67,41.01,S003,C0157,Card
T007147,2024-07-07,P005,Wireless Mouse,Electronics,1,25.35,25.35,S001,C0225,Card
T007148,2024-10-24,P010,Tea Assortment,Food and Beverage,3,13.09,39.27,S001,C0135,Card
T007149,2023-11-21,P021,Garden Gloves,Outdoor,6,8.72,52.32,S003,C0072,Card
T007150,2025-03-16,P005,Wireless Mouse,Electronics,2,24.81,49.62,S001,C0013,Cash
T007151,2023-05-29,P011,Reusable Water Bottle,Food and Beverage,1,18.04,18.04,S001,C0021,UPI
T007152,2024-07-13,P003,Desk Organizer,Stationery,1,13.32,13.32,S001,C0094,Bank Transfer
T007153,2024-05-11,P012,Snack Box,Food and Beverage,1,23.08,23.08,S004,C0300,Card
T007154,2025-11-19,P001,Notebook,Stationery,1,8.66,8.66,S002,C0206,Card
T007155,2025-04-21,P018,Canvas Tote Bag,Apparel,1,14.24,14.24,S004,C0245,Card
T007156,2025-07-24,P017,Cotton T-Shirt,Apparel,1,20.72,20.72,S003,C0032,Bank Transfer
T007157,2024-09-20,P017,Cotton T-Shirt,Apparel,1,21.07,21.07,S004,C0089,Cash
T007158,2025-02-22,P018,Canvas Tote Bag,Apparel,2,13.18,26.36,S001,C0213,UPI
T007159,2025-10-18,P022,Plant Pot,Outdoor,2,11.81,23.62,S001,C0069,Card
T007160,2023-04-05,P018,Canvas Tote Bag,Apparel,3,13.28,39.84,S003,C0196,Cash
T007161,2025-03-10,P002,Ballpoint Pen Pack,Stationery,1,5.36,5.36,S004,C0104,Card
T007162,2023-05-19,P004,Printer Paper,Stationery,2,6.89,13.78,S004,C0176,UPI
T007163,2023-07-03,P019,Baseball Cap,Apparel,1,15.8,15.8,S002,C0228,UPI
T007164,2024-02-27,P024,Watering Can,Outdoor,2,22.11,44.22,S004,C0048,UPI
T007165,2024-06-07,P016,LED Bulb Pack,Household,5,12.68,63.4,S004,C0172,Cash
T007166,2024-08-01,P021,Garden Gloves,Outdoor,1,8.94,8.94,S001,C0121,Card
T007167,2025-05-04,P002,Ballpoint Pen Pack,Stationery,1,5.34,5.34,S002,C0012,Cash
T007168,2023-04-10,P005,Wireless Mouse,Electronics,2,25.4,50.8,S001,C0027,Bank Transfer
T007169,2023-09-03,P008,Webcam,Electronics,2,59.89,119.78,S002,C0094,UPI
T007170,2025-12-06,P017,Cotton T-Shirt,Apparel,2,19.86,39.72,S001,C0036,Card
T007171,2025-07-21,P017,Cotton T-Shirt,Apparel,5,18.98,94.9,S004,C0201,Bank Transfer
T007172,2025-06-20,P005,Wireless Mouse,Electronics,3,24.3,72.9,S002,C0181,Bank Transfer
T007173,2023-02-12,P020,Running Socks,Apparel,4,10.58,42.32,S001,C0231,Card
T007174,2024-05-31,P024,Watering Can,Outdoor,5,20.8,104.0,S002,C0282,Cash
T007175,2025-11-24,P002,Ballpoint Pen Pack,Stationery,4,5.37,21.48,S002,C0084,UPI
T007176,2025-05-28,P010,Tea Assortment,Food and Beverage,1,13.14,13.14,S001,C0287,Card
T007177,2025-02-01,P009,Coffee Beans,Food and Beverage,1,16.17,16.17,S002,C0059,UPI
T007178,2025-11-04,P015,Storage Basket,Household,2,16.33,32.66,S001,C0037,Bank Transfer
T007179,2025-12-10,P010,Tea Assortment,Food and Beverage,6,13.44,80.64,S004,C0072,Card
T007180,2025-09-07,P023,Hand Trowel,Outdoor,4,10.22,40.88,S001,C0298,Cash
T007181,2024-10-06,P014,Cleaning Spray,Household,4,7.52,30.08,S002,C0141,Cash
T007182,2025-08-10,P022,Plant Pot,Outdoor,1,12.52,12.52,S004,C0165,Bank Transfer
T007183,2025-03-04,P003,Desk Organizer,Stationery,1,14.63,14.63,S002,C0157,Card
T007184,2023-04-03,P001,Notebook,Stationery,3,8.79,26.37,S002,C0162,Card
T007185,2023-09-21,P019,Baseball Cap,Apparel,2,16.11,32.22,S002,C0180,UPI
T007186,2023-04-19,P014,Cleaning Spray,Household,1,7.5,7.5,S001,C0137,Card
T007187,2024-04-12,P015,Storage Basket,Household,6,16.7,100.2,S003,C0166,UPI
T007188,2024-05-01,P021,Garden Gloves,Outdoor,3,8.78,26.34,S003,C0239,Cash
T007189,2023-10-17,P020,Running Socks,Apparel,4,10.55,42.2,S001,C0014,Card
T007190,2023-01-21,P014,Cleaning Spray,Household,2,7.08,14.16,S002,C0032,Bank Transfer
T007191,2024-01-20,P015,Storage Basket,Household,4,17.07,68.28,S001,C0130,Cash
T007192,2025-11-12,P006,USB-C Hub,Electronics,2,32.68,65.36,S004,C0270,Cash
T007193,2024-03-29,P021,Garden Gloves,Outdoor,1,8.57,8.57,S001,C0272,UPI
T007194,2023-09-10,P018,Canvas Tote Bag,Apparel,3,13.43,40.29,S004,C0043,Card
T007195,2023-10-01,P007,Bluetooth Speaker,Electronics,3,52.41,157.23,S004,C0181,Cash
T007196,2024-11-05,P004,Printer Paper,Stationery,2,6.42,12.84,S001,C0148,Card
T007197,2024-11-14,P010,Tea Assortment,Food and Beverage,2,13.36,26.72,S003,C0196,UPI
T007198,2025-09-27,P018,Canvas Tote Bag,Apparel,2,12.81,25.62,S004,C0277,UPI
T007199,2023-05-05,P014,Cleaning Spray,Household,1,7.15,7.15,S004,C0207,Card
T007200,2025-02-22,P004,Printer Paper,Stationery,1,6.97,6.97,S002,C0211,Cash
T007201,2023-10-19,P013,Hand Soap,Household,1,4.53,4.53,S001,C0073,UPI
T007202,2025-12-06,P005,Wireless Mouse,Electronics,1,23.98,23.98,S002,C0015,Card
T007203,2023-11-08,P009,Coffee Beans,Food and Beverage,2,16.36,32.72,S004,C0084,Card
T007204,2025-11-08,P004,Printer Paper,Stationery,2,6.67,13.34,S004,C0272,Card
T007205,2024-06-04,P005,Wireless Mouse,Electronics,4,26.15,104.6,S002,C0246,Bank Transfer
T007206,2024-12-18,P022,Plant Pot,Outdoor,2,12.35,24.7,S001,C0236,UPI
T007207,2024-07-29,P005,Wireless Mouse,Electronics,1,25.34,25.34,S001,C0263,UPI
T007208,2025-06-26,P005,Wireless Mouse,Electronics,4,24.74,98.96,S003,C0240,Card
T007209,2023-05-31,P009,Coffee Beans,Food and Beverage,3,15.36,46.08,S001,C0012,Card
T007210,2025-12-29,P018,Canvas Tote Bag,Apparel,2,14.0,28.0,S004,C0090,Card
T007211,2025-01-26,P010,Tea Assortment,Food and Beverage,2,12.16,24.32,S001,C0220,Card
T007212,2023-03-06,P020,Running Socks,Apparel,4,10.41,41.64,S001,C0298,Card
T007213,2024-05-22,P005,Wireless Mouse,Electronics,2,24.54,49.08,S002,C0018,Bank Transfer
T007214,2025-04-03,P013,Hand Soap,Household,1,4.83,4.83,S003,C0207,Card
T007215,2024-01-31,P010,Tea Assortment,Food and Beverage,4,12.04,48.16,S001,C0296,Card
T007216,2024-10-10,P003,Desk Organizer,Stationery,1,14.55,14.55,S003,C0063,Card
T007217,2025-03-14,P021,Garden Gloves,Outdoor,1,9.05,9.05,S004,C0163,UPI
T007218,2023-02-18,P010,Tea Assortment,Food and Beverage,3,12.4,37.2,S002,C0151,UPI
T007219,2025-11-17,P004,Printer Paper,Stationery,4,7.09,28.36,S002,C0240,Card
T007220,2023-04-24,P011,Reusable Water Bottle,Food and Beverage,4,18.14,72.56,S003,C0108,Card
T007221,2023-11-21,P007,Bluetooth Speaker,Electronics,1,49.69,49.69,S003,C0079,UPI
T007222,2023-12-07,P010,Tea Assortment,Food and Beverage,1,12.4,12.4,S001,C0036,Card
T007223,2023-07-11,P019,Baseball Cap,Apparel,4,16.95,67.8,S003,C0134,UPI
T007224,2024-10-17,P003,Desk Organizer,Stationery,2,13.57,27.14,S001,C0052,UPI
T007225,2024-07-20,P022,Plant Pot,Outdoor,3,11.52,34.56,S001,C0271,Card
T007226,2023-06-25,P003,Desk Organizer,Stationery,4,14.52,58.08,S002,C0096,UPI
T007227,2024-10-09,P019,Baseball Cap,Apparel,3,15.63,46.89,S002,C0293,Card
T007228,2023-07-04,P018,Canvas Tote Bag,Apparel,2,14.01,28.02,S003,C0157,Card
T007229,2025-08-04,P002,Ballpoint Pen Pack,Stationery,2,5.54,11.08,S004,C0099,Card
T007230,2025-12-01,P015,Storage Basket,Household,2,16.16,32.32,S003,C0074,Bank Transfer
T007231,2024-11-18,P018,Canvas Tote Bag,Apparel,1,12.91,12.91,S001,C0114,Card
T007232,2025-09-01,P011,Reusable Water Bottle,Food and Beverage,4,17.72,70.88,S001,C0124,UPI
T007233,2023-05-18,P017,Cotton T-Shirt,Apparel,1,20.64,20.64,S001,C0022,Card
T007234,2023-02-17,P001,Notebook,Stationery,6,8.5,51.0,S001,C0207,Card
T007235,2023-04-02,P015,Storage Basket,Household,1,16.08,16.08,S003,C0051,UPI
T007236,2024-02-19,P010,Tea Assortment,Food and Beverage,1,12.66,12.66,S001,C0269,Card
T007237,2024-06-08,P004,Printer Paper,Stationery,1,6.46,6.46,S001,C0097,Card
T007238,2024-05-25,P009,Coffee Beans,Food and Beverage,2,15.78,31.56,S003,C0182,Card
T007239,2025-11-06,P021,Garden Gloves,Outdoor,1,9.35,9.35,S004,C0008,Card
T007240,2024-04-22,P009,Coffee Beans,Food and Beverage,2,16.19,32.38,S001,C0039,Card
T007241,2023-10-28,P012,Snack Box,Food and Beverage,4,21.89,87.56,S001,C0024,Card
T007242,2025-03-11,P023,Hand Trowel,Outdoor,3,10.87,32.61,S002,C0134,Card
T007243,2025-03-16,P014,Cleaning Spray,Household,1,6.87,6.87,S003,C0097,Card
T007244,2023-01-09,P009,Coffee Beans,Food and Beverage,3,15.77,47.31,S003,C0102,UPI
T007245,2023-05-24,P010,Tea Assortment,Food and Beverage,1,12.29,12.29,S004,C0072,UPI
T007246,2023-09-25,P013,Hand Soap,Household,2,4.88,9.76,S003,C0193,Cash
T007247,2023-03-11,P013,Hand Soap,Household,4,4.59,18.36,S001,C0133,Card
T007248,2025-06-07,P005,Wireless Mouse,Electronics,2,25.21,50.42,S001,C0062,UPI
T007249,2023-05-07,P018,Canvas Tote Bag,Apparel,2,13.14,26.28,S001,C0085,UPI
T007250,2024-03-18,P013,Hand Soap,Household,3,4.74,14.22,S001,C0083,Card
T007251,2025-11-01,P023,Hand Trowel,Outdoor,3,11.03,33.09,S002,C0030,Card
T007252,2023-10-28,P004,Printer Paper,Stationery,5,6.84,34.2,S002,C0234,Cash
T007253,2024-05-22,P011,Reusable Water Bottle,Food and Beverage,4,18.01,72.04,S004,C0206,UPI
T007254,2023-12-02,P017,Cotton T-Shirt,Apparel,1,21.05,21.05,S002,C0156,Bank Transfer
T007255,2024-02-07,P020,Running Socks,Apparel,2,9.42,18.84,S001,C0262,Cash
T007256,2025-12-12,P018,Canvas Tote Bag,Apparel,2,13.31,26.62,S001,C0099,UPI
T007257,2025-07-04,P018,Canvas Tote Bag,Apparel,3,13.05,39.15,S001,C0037,Card
T007258,2023-08-16,P010,Tea Assortment,Food and Beverage,2,12.76,25.52,S003,C0259,UPI
T007259,2025-06-27,P005,Wireless Mouse,Electronics,1,23.55,23.55,S004,C0261,Card
T007260,2025-06-11,P015,Storage Basket,Household,3,15.97,47.91,S001,C0210,Cash
T007261,2024-03-23,P001,Notebook,Stationery,1,8.82,8.82,S001,C0103,UPI
T007262,2025-09-08,P017,Cotton T-Shirt,Apparel,3,19.77,59.31,S003,C0141,Bank Transfer
T007263,2025-06-14,P003,Desk Organizer,Stationery,1,13.39,13.39,S003,C0062,Bank Transfer
T007264,2024-09-19,P008,Webcam,Electronics,6,59.92,359.52,S001,C0018,Cash
T007265,2025-12-20,P014,Cleaning Spray,Household,3,7.0,21.0,S003,C0194,UPI
T007266,2024-08-10,P018,Canvas Tote Bag,Apparel,3,13.09,39.27,S001,C0067,Cash
T007267,2025-03-17,P014,Cleaning Spray,Household,2,7.02,14.04,S002,C0224,Card
T007268,2023-02-06,P002,Ballpoint Pen Pack,Stationery,3,5.16,15.48,S004,C0197,Bank Transfer
T007269,2024-04-21,P011,Reusable Water Bottle,Food and Beverage,2,18.98,37.96,S004,C0281,Cash
T007270,2024-04-22,P017,Cotton T-Shirt,Apparel,5,20.22,101.1,S001,C0001,Cash
T007271,2024-01-18,P023,Hand Trowel,Outdoor,1,10.78,10.78,S003,C0199,Card
T007272,2025-07-15,P011,Reusable Water Bottle,Food and Beverage,1,18.99,18.99,S001,C0254,UPI
T007273,2023-04-13,P011,Reusable Water Bottle,Food and Beverage,1,18.3,18.3,S001,C0217,Card
T007274,2024-04-25,P019,Baseball Cap,Apparel,1,15.51,15.51,S004,C0281,Card
T007275,2025-04-10,P017,Cotton T-Shirt,Apparel,1,21.13,21.13,S004,C0199,Card
T007276,2023-02-09,P012,Snack Box,Food and Beverage,1,22.22,22.22,S001,C0140,Cash
T007277,2025-05-09,P020,Running Socks,Apparel,1,9.47,9.47,S002,C0239,Card
T007278,2025-08-06,P006,USB-C Hub,Electronics,1,34.02,34.02,S002,C0249,Cash
T007279,2025-01-28,P021,Garden Gloves,Outdoor,1,8.95,8.95,S004,C0020,Card
T007280,2023-01-15,P024,Watering Can,Outdoor,1,21.79,21.79,S003,C0232,Cash
T007281,2025-01-12,P020,Running Socks,Apparel,1,9.91,9.91,S003,C0222,Cash
T007282,2024-11-01,P002,Ballpoint Pen Pack,Stationery,1,5.18,5.18,S001,C0145,Card
T007283,2025-10-28,P015,Storage Basket,Household,4,16.54,66.16,S004,C0184,Card
T007284,2025-03-19,P017,Cotton T-Shirt,Apparel,6,19.79,118.74,S004,C0181,Card
T007285,2024-03-19,P017,Cotton T-Shirt,Apparel,2,21.0,42.0,S001,C0041,UPI
T007286,2025-03-29,P006,USB-C Hub,Electronics,6,34.94,209.64,S002,C0269,Card
T007287,2024-07-04,P019,Baseball Cap,Apparel,2,16.13,32.26,S001,C0251,Bank Transfer
T007288,2025-05-15,P009,Coffee Beans,Food and Beverage,2,15.77,31.54,S001,C0165,Card
T007289,2023-08-06,P003,Desk Organizer,Stationery,1,14.42,14.42,S002,C0165,UPI
T007290,2025-07-24,P008,Webcam,Electronics,1,59.83,59.83,S002,C0178,Card
T007291,2023-09-30,P005,Wireless Mouse,Electronics,3,24.08,72.24,S001,C0299,Bank Transfer
T007292,2024-10-31,P015,Storage Basket,Household,5,17.14,85.7,S001,C0150,Card
T007293,2024-06-25,P007,Bluetooth Speaker,Electronics,5,51.03,255.15,S003,C0227,Cash
T007294,2023-01-27,P001,Notebook,Stationery,2,8.08,16.16,S002,C0229,UPI
T007295,2024-05-27,P024,Watering Can,Outdoor,2,20.79,41.58,S002,C0133,Card
T007296,2023-03-31,P001,Notebook,Stationery,1,8.52,8.52,S004,C0296,UPI
T007297,2024-11-08,P018,Canvas Tote Bag,Apparel,2,14.05,28.1,S004,C0241,Card
T007298,2025-08-09,P013,Hand Soap,Household,2,4.91,9.82,S003,C0285,Cash
T007299,2024-10-13,P010,Tea Assortment,Food and Beverage,3,12.5,37.5,S001,C0005,UPI
T007300,2023-04-28,P008,Webcam,Electronics,3,57.26,171.78,S002,C0293,Card
T007301,2024-05-20,P019,Baseball Cap,Apparel,1,15.36,15.36,S001,C0032,Card
T007302,2023-04-30,P002,Ballpoint Pen Pack,Stationery,2,4.98,9.96,S001,C0218,Cash
T007303,2025-08-25,P017,Cotton T-Shirt,Apparel,2,18.94,37.88,S002,C0160,Bank Transfer
T007304,2023-01-01,P014,Cleaning Spray,Household,2,7.03,14.06,S003,C0240,Card
T007305,2023-10-24,P024,Watering Can,Outdoor,1,21.03,21.03,S004,C0253,Card
T007306,2023-06-18,P014,Cleaning Spray,Household,1,6.83,6.83,S001,C0178,Bank Transfer
T007307,2025-11-23,P004,Printer Paper,Stationery,1,6.61,6.61,S002,C0248,UPI
T007308,2025-06-12,P018,Canvas Tote Bag,Apparel,3,14.05,42.15,S004,C0252,Bank Transfer
T007309,2024-07-18,P007,Bluetooth Speaker,Electronics,4,51.74,206.96,S001,C0258,Card
T007310,2025-07-31,P023,Hand Trowel,Outdoor,3,10.38,31.14,S001,C0089,Card
T007311,2023-08-01,P002,Ballpoint Pen Pack,Stationery,6,5.41,32.46,S003,C0279,Card
T007312,2025-08-21,P007,Bluetooth Speaker,Electronics,2,51.24,102.48,S004,C0297,Card
T007313,2024-01-07,P002,Ballpoint Pen Pack,Stationery,4,5.1,20.4,S001,C0278,Card
T007314,2024-06-14,P012,Snack Box,Food and Beverage,1,22.78,22.78,S003,C0006,UPI
T007315,2024-01-29,P004,Printer Paper,Stationery,3,6.92,20.76,S001,C0182,Bank Transfer
T007316,2023-01-03,P019,Baseball Cap,Apparel,1,16.78,16.78,S004,C0053,Card
T007317,2023-09-26,P005,Wireless Mouse,Electronics,5,25.89,129.45,S001,C0128,Cash
T007318,2025-06-30,P015,Storage Basket,Household,1,16.58,16.58,S001,C0113,UPI
T007319,2025-01-26,P014,Cleaning Spray,Household,2,7.02,14.04,S003,C0299,UPI
T007320,2025-12-23,P019,Baseball Cap,Apparel,3,16.85,50.55,S003,C0293,Card
T007321,2023-12-14,P022,Plant Pot,Outdoor,3,11.32,33.96,S001,C0110,Card
T007322,2023-09-10,P014,Cleaning Spray,Household,2,7.11,14.22,S001,C0037,Cash
T007323,2024-06-26,P007,Bluetooth Speaker,Electronics,2,49.65,99.3,S003,C0146,Cash
T007324,2023-11-15,P004,Printer Paper,Stationery,2,6.79,13.58,S001,C0011,Cash
T007325,2025-10-28,P005,Wireless Mouse,Electronics,2,23.65,47.3,S001,C0291,UPI
T007326,2025-05-08,P006,USB-C Hub,Electronics,2,33.34,66.68,S002,C0282,UPI
T007327,2024-08-24,P011,Reusable Water Bottle,Food and Beverage,1,18.19,18.19,S001,C0195,Card
T007328,2023-06-05,P006,USB-C Hub,Electronics,2,35.46,70.92,S004,C0165,UPI
T007329,2023-04-02,P020,Running Socks,Apparel,2,10.25,20.5,S002,C0099,Card
T007330,2023-04-09,P014,Cleaning Spray,Household,1,7.41,7.41,S002,C0164,UPI
T007331,2024-01-28,P010,Tea Assortment,Food and Beverage,1,13.4,13.4,S001,C0282,UPI
T007332,2023-01-22,P007,Bluetooth Speaker,Electronics,1,51.34,51.34,S002,C0037,UPI
T007333,2023-11-22,P010,Tea Assortment,Food and Beverage,2,12.05,24.1,S002,C0257,Card
T007334,2025-11-11,P008,Webcam,Electronics,1,62.51,62.51,S002,C0141,Cash
T007335,2025-12-23,P020,Running Socks,Apparel,1,10.13,10.13,S002,C0171,UPI
T007336,2025-01-17,P015,Storage Basket,Household,3,15.68,47.04,S004,C0282,UPI
T007337,2023-05-15,P003,Desk Organizer,Stationery,2,13.4,26.8,S002,C0057,UPI
T007338,2023-12-02,P005,Wireless Mouse,Electronics,1,24.7,24.7,S002,C0081,UPI
T007339,2025-04-10,P005,Wireless Mouse,Electronics,2,23.67,47.34,S003,C0017,UPI
T007340,2024-02-08,P002,Ballpoint Pen Pack,Stationery,3,5.04,15.12,S003,C0286,Card
T007341,2024-09-18,P016,LED Bulb Pack,Household,1,11.83,11.83,S003,C0132,Card
T007342,2024-11-03,P011,Reusable Water Bottle,Food and Beverage,2,18.55,37.1,S004,C0200,Cash
T007343,2025-10-11,P007,Bluetooth Speaker,Electronics,3,48.54,145.62,S001,C0060,UPI
T007344,2024-07-06,P004,Printer Paper,Stationery,2,7.0,14.0,S004,C0210,Cash
T007345,2023-10-21,P011,Reusable Water Bottle,Food and Beverage,1,18.94,18.94,S001,C0147,Cash
T007346,2024-08-22,P022,Plant Pot,Outdoor,2,11.89,23.78,S001,C0083,Card
T007347,2023-04-26,P023,Hand Trowel,Outdoor,2,10.12,20.24,S004,C0230,UPI
T007348,2023-07-15,P006,USB-C Hub,Electronics,3,33.05,99.15,S004,C0284,Cash
T007349,2023-09-18,P014,Cleaning Spray,Household,3,6.83,20.49,S003,C0184,Card
T007350,2024-05-21,P005,Wireless Mouse,Electronics,4,24.9,99.6,S001,C0035,Cash
T007351,2025-05-09,P020,Running Socks,Apparel,1,10.53,10.53,S001,C0190,UPI
T007352,2024-09-13,P004,Printer Paper,Stationery,1,6.71,6.71,S001,C0291,UPI
T007353,2025-07-07,P009,Coffee Beans,Food and Beverage,4,15.17,60.68,S001,C0257,UPI
T007354,2025-06-08,P002,Ballpoint Pen Pack,Stationery,1,5.56,5.56,S001,C0214,UPI
T007355,2023-10-01,P004,Printer Paper,Stationery,1,6.49,6.49,S004,C0192,Card
T007356,2024-12-08,P004,Printer Paper,Stationery,2,6.79,13.58,S004,C0254,Card
T007357,2024-10-30,P010,Tea Assortment,Food and Beverage,2,13.14,26.28,S003,C0065,UPI
T007358,2024-12-10,P022,Plant Pot,Outdoor,4,12.63,50.52,S004,C0150,Card
T007359,2024-09-23,P005,Wireless Mouse,Electronics,1,24.9,24.9,S001,C0150,Card
T007360,2025-12-21,P020,Running Socks,Apparel,2,10.39,20.78,S001,C0228,UPI
T007361,2023-08-26,P012,Snack Box,Food and Beverage,1,22.73,22.73,S001,C0158,UPI
T007362,2024-10-03,P015,Storage Basket,Household,5,17.16,85.8,S003,C0300,Card
T007363,2023-05-30,P005,Wireless Mouse,Electronics,5,26.22,131.1,S001,C0241,Bank Transfer
T007364,2024-10-05,P004,Printer Paper,Stationery,1,6.44,6.44,S001,C0197,UPI
T007365,2023-07-05,P012,Snack Box,Food and Beverage,1,21.29,21.29,S001,C0284,UPI
T007366,2024-08-14,P017,Cotton T-Shirt,Apparel,2,20.69,41.38,S001,C0047,Card
T007367,2024-04-25,P008,Webcam,Electronics,2,60.27,120.54,S001,C0042,Cash
T007368,2023-05-13,P001,Notebook,Stationery,3,8.03,24.09,S002,C0006,UPI
T007369,2023-03-12,P009,Coffee Beans,Food and Beverage,3,15.38,46.14,S001,C0147,Card
T007370,2025-10-01,P013,Hand Soap,Household,1,4.65,4.65,S004,C0187,Cash
T007371,2025-06-09,P022,Plant Pot,Outdoor,2,11.96,23.92,S004,C0114,Card
T007372,2023-11-23,P005,Wireless Mouse,Electronics,1,23.73,23.73,S001,C0104,Bank Transfer
T007373,2024-02-04,P010,Tea Assortment,Food and Beverage,3,13.5,40.5,S001,C0199,UPI
T007374,2025-01-20,P007,Bluetooth Speaker,Electronics,3,52.68,158.04,S003,C0039,Cash
T007375,2024-04-20,P012,Snack Box,Food and Beverage,3,22.37,67.11,S003,C0202,UPI
T007376,2023-07-23,P021,Garden Gloves,Outdoor,3,8.59,25.77,S003,C0197,UPI
T007377,2025-02-10,P003,Desk Organizer,Stationery,5,13.41,67.05,S003,C0138,Cash
T007378,2024-06-01,P007,Bluetooth Speaker,Electronics,5,51.9,259.5,S002,C0072,Card
T007379,2024-06-02,P005,Wireless Mouse,Electronics,2,25.35,50.7,S003,C0183,Card
T007380,2025-07-13,P008,Webcam,Electronics,4,59.92,239.68,S001,C0062,Card
T007381,2024-10-11,P015,Storage Basket,Household,1,15.85,15.85,S004,C0145,Card
T007382,2023-04-14,P020,Running Socks,Apparel,2,10.47,20.94,S001,C0010,UPI
T007383,2023-12-20,P010,Tea Assortment,Food and Beverage,1,12.63,12.63,S003,C0108,UPI
T007384,2023-11-18,P024,Watering Can,Outdoor,3,20.71,62.13,S002,C0145,UPI
T007385,2025-05-15,P016,LED Bulb Pack,Household,6,12.09,72.54,S004,C0298,Card
T007386,2023-12-29,P002,Ballpoint Pen Pack,Stationery,1,5.06,5.06,S004,C0055,Bank Transfer
T007387,2025-08-22,P013,Hand Soap,Household,1,4.86,4.86,S001,C0171,Card
T007388,2024-09-22,P016,LED Bulb Pack,Household,2,11.28,22.56,S004,C0083,Card
T007389,2024-08-28,P004,Printer Paper,Stationery,2,6.79,13.58,S003,C0097,UPI
T007390,2023-09-16,P024,Watering Can,Outdoor,2,21.11,42.22,S004,C0173,Card
T007391,2024-12-14,P010,Tea Assortment,Food and Beverage,3,13.16,39.48,S004,C0175,Card
T007392,2024-09-25,P014,Cleaning Spray,Household,2,6.83,13.66,S001,C0013,UPI
T007393,2025-06-21,P022,Plant Pot,Outdoor,1,12.25,12.25,S004,C0151,Card
T007394,2024-12-12,P008,Webcam,Electronics,3,59.45,178.35,S001,C0256,Cash
T007395,2025-04-28,P009,Coffee Beans,Food and Beverage,3,16.19,48.57,S004,C0140,UPI
T007396,2025-05-24,P004,Printer Paper,Stationery,3,7.03,21.09,S004,C0004,Card
T007397,2023-02-13,P001,Notebook,Stationery,3,8.97,26.91,S002,C0214,Card
T007398,2025-08-03,P004,Printer Paper,Stationery,2,6.88,13.76,S002,C0067,Bank Transfer
T007399,2023-05-14,P007,Bluetooth Speaker,Electronics,3,50.17,150.51,S001,C0240,UPI
T007400,2023-03-20,P001,Notebook,Stationery,2,8.14,16.28,S004,C0193,Card
T007401,2023-09-16,P004,Printer Paper,Stationery,1,6.85,6.85,S004,C0105,Card
T007402,2025-08-10,P019,Baseball Cap,Apparel,2,16.92,33.84,S004,C0218,UPI
T007403,2023-12-22,P013,Hand Soap,Household,1,4.82,4.82,S003,C0115,Cash
T007404,2025-05-05,P018,Canvas Tote Bag,Apparel,2,13.76,27.52,S001,C0266,Cash
T007405,2025-01-25,P001,Notebook,Stationery,3,8.26,24.78,S002,C0003,Card
T007406,2023-01-20,P014,Cleaning Spray,Household,4,7.12,28.48,S004,C0288,Card
T007407,2025-12-28,P009,Coffee Beans,Food and Beverage,2,15.91,31.82,S004,C0238,UPI
T007408,2025-06-26,P008,Webcam,Electronics,2,61.1,122.2,S004,C0204,Card
T007409,2025-01-26,P002,Ballpoint Pen Pack,Stationery,2,5.26,10.52,S004,C0283,Card
T007410,2024-07-05,P021,Garden Gloves,Outdoor,2,8.68,17.36,S004,C0143,Card
T007411,2024-10-06,P002,Ballpoint Pen Pack,Stationery,2,5.2,10.4,S001,C0277,UPI
T007412,2024-03-31,P005,Wireless Mouse,Electronics,1,26.26,26.26,S002,C0135,UPI
T007413,2023-07-27,P013,Hand Soap,Household,2,4.65,9.3,S003,C0189,Card
T007414,2025-07-31,P015,Storage Basket,Household,2,17.26,34.52,S002,C0086,UPI
T007415,2025-11-01,P005,Wireless Mouse,Electronics,1,25.45,25.45,S001,C0291,Cash
T007416,2023-07-28,P021,Garden Gloves,Outdoor,1,9.06,9.06,S001,C0049,Card
T007417,2023-12-05,P003,Desk Organizer,Stationery,6,13.95,83.7,S003,C0205,UPI
T007418,2023-04-26,P008,Webcam,Electronics,3,57.07,171.21,S004,C0222,Card
T007419,2023-06-25,P012,Snack Box,Food and Beverage,2,22.99,45.98,S002,C0228,UPI
T007420,2025-03-28,P017,Cotton T-Shirt,Apparel,5,19.09,95.45,S002,C0118,Cash
T007421,2024-08-11,P004,Printer Paper,Stationery,2,6.9,13.8,S003,C0133,Card
T007422,2024-01-08,P017,Cotton T-Shirt,Apparel,1,19.09,19.09,S003,C0054,UPI
T007423,2023-01-17,P011,Reusable Water Bottle,Food and Beverage,5,18.46,92.3,S004,C0075,Cash
T007424,2025-02-27,P008,Webcam,Electronics,1,56.12,56.12,S004,C0227,UPI
T007425,2025-05-22,P016,LED Bulb Pack,Household,1,11.99,11.99,S004,C0168,Card
T007426,2025-01-07,P005,Wireless Mouse,Electronics,1,25.53,25.53,S003,C0124,Cash
T007427,2025-12-12,P003,Desk Organizer,Stationery,1,14.07,14.07,S001,C0218,Bank Transfer
T007428,2025-02-10,P016,LED Bulb Pack,Household,2,11.72,23.44,S001,C0082,Card
T007429,2025-10-27,P014,Cleaning Spray,Household,1,7.13,7.13,S001,C0095,UPI
T007430,2024-12-30,P011,Reusable Water Bottle,Food and Beverage,2,18.75,37.5,S002,C0112,UPI
T007431,2023-05-12,P009,Coffee Beans,Food and Beverage,2,14.86,29.72,S004,C0127,Card
T007432,2025-12-30,P004,Printer Paper,Stationery,3,6.41,19.23,S004,C0025,UPI
T007433,2024-01-14,P001,Notebook,Stationery,1,8.66,8.66,S001,C0099,UPI
T007434,2023-05-25,P005,Wireless Mouse,Electronics,2,24.53,49.06,S002,C0278,Card
T007435,2025-01-20,P021,Garden Gloves,Outdoor,1,8.47,8.47,S003,C0038,Cash
T007436,2024-07-09,P009,Coffee Beans,Food and Beverage,4,16.35,65.4,S003,C0094,Cash
T007437,2023-03-02,P004,Printer Paper,Stationery,2,6.48,12.96,S002,C0274,Card
T007438,2025-03-13,P020,Running Socks,Apparel,2,9.84,19.68,S003,C0144,Bank Transfer
T007439,2023-05-31,P001,Notebook,Stationery,3,8.56,25.68,S002,C0225,Card
T007440,2025-02-09,P006,USB-C Hub,Electronics,3,34.03,102.09,S002,C0200,Card
T007441,2023-02-06,P004,Printer Paper,Stationery,3,7.15,21.45,S001,C0190,UPI
T007442,2024-04-09,P017,Cotton T-Shirt,Apparel,1,20.82,20.82,S002,C0026,Card
T007443,2023-09-13,P018,Canvas Tote Bag,Apparel,4,12.99,51.96,S001,C0278,Card
T007444,2024-11-27,P024,Watering Can,Outdoor,1,21.21,21.21,S001,C0083,Card
T007445,2024-06-04,P017,Cotton T-Shirt,Apparel,4,20.39,81.56,S004,C0227,Bank Transfer
T007446,2025-12-25,P012,Snack Box,Food and Beverage,2,23.57,47.14,S003,C0207,Card
T007447,2025-10-01,P003,Desk Organizer,Stationery,1,13.87,13.87,S002,C0001,Bank Transfer
T007448,2023-01-28,P003,Desk Organizer,Stationery,2,14.81,29.62,S002,C0105,UPI
T007449,2025-05-07,P011,Reusable Water Bottle,Food and Beverage,1,17.3,17.3,S003,C0041,Card
T007450,2023-12-29,P014,Cleaning Spray,Household,3,7.52,22.56,S001,C0081,Cash
T007451,2024-07-31,P010,Tea Assortment,Food and Beverage,1,12.88,12.88,S003,C0284,Card
T007452,2024-01-04,P004,Printer Paper,Stationery,1,6.96,6.96,S003,C0295,Card
T007453,2024-08-09,P007,Bluetooth Speaker,Electronics,1,50.01,50.01,S002,C0056,Card
T007454,2023-10-27,P021,Garden Gloves,Outdoor,3,8.6,25.8,S002,C0198,UPI
T007455,2024-02-20,P009,Coffee Beans,Food and Beverage,2,15.11,30.22,S004,C0054,UPI
T007456,2024-02-21,P015,Storage Basket,Household,1,15.73,15.73,S004,C0035,UPI
T007457,2025-11-02,P004,Printer Paper,Stationery,1,6.96,6.96,S002,C0023,UPI
T007458,2025-08-24,P022,Plant Pot,Outdoor,2,12.16,24.32,S001,C0002,Card
T007459,2023-07-05,P018,Canvas Tote Bag,Apparel,2,13.85,27.7,S004,C0246,UPI
T007460,2025-02-10,P004,Printer Paper,Stationery,2,6.71,13.42,S003,C0193,UPI
T007461,2025-07-26,P021,Garden Gloves,Outdoor,4,8.98,35.92,S003,C0138,Card
T007462,2025-12-03,P003,Desk Organizer,Stationery,1,14.67,14.67,S002,C0056,Bank Transfer
T007463,2024-05-11,P016,LED Bulb Pack,Household,2,11.79,23.58,S001,C0146,Cash
T007464,2024-03-08,P006,USB-C Hub,Electronics,4,34.75,139.0,S002,C0072,Card
T007465,2023-05-21,P001,Notebook,Stationery,2,8.88,17.76,S004,C0167,UPI
T007466,2025-02-21,P003,Desk Organizer,Stationery,4,13.47,53.88,S003,C0185,Card
T007467,2024-09-15,P004,Printer Paper,Stationery,4,6.97,27.88,S002,C0033,Bank Transfer
T007468,2023-02-14,P023,Hand Trowel,Outdoor,2,11.05,22.1,S003,C0036,UPI
T007469,2024-04-24,P001,Notebook,Stationery,4,8.58,34.32,S001,C0025,Card
T007470,2025-09-28,P022,Plant Pot,Outdoor,3,12.37,37.11,S001,C0023,Card
T007471,2023-10-21,P009,Coffee Beans,Food and Beverage,2,16.15,32.3,S004,C0103,Card
T007472,2024-10-03,P016,LED Bulb Pack,Household,2,11.75,23.5,S001,C0102,Card
T007473,2023-05-09,P001,Notebook,Stationery,4,8.08,32.32,S001,C0152,Bank Transfer
T007474,2025-12-04,P024,Watering Can,Outdoor,3,19.76,59.28,S004,C0225,UPI
T007475,2025-02-08,P011,Reusable Water Bottle,Food and Beverage,5,17.89,89.45,S004,C0086,UPI
T007476,2023-01-19,P006,USB-C Hub,Electronics,1,35.78,35.78,S001,C0157,Cash
T007477,2025-02-16,P015,Storage Basket,Household,4,15.62,62.48,S001,C0103,Card
T007478,2023-08-17,P023,Hand Trowel,Outdoor,1,11.08,11.08,S002,C0287,Bank Transfer
T007479,2025-06-15,P020,Running Socks,Apparel,2,9.7,19.4,S001,C0187,UPI
T007480,2023-11-27,P006,USB-C Hub,Electronics,1,34.96,34.96,S003,C0175,Cash
T007481,2024-02-25,P011,Reusable Water Bottle,Food and Beverage,4,17.58,70.32,S001,C0213,UPI
T007482,2023-04-18,P017,Cotton T-Shirt,Apparel,3,20.8,62.4,S002,C0224,Card
T007483,2024-01-10,P015,Storage Basket,Household,1,17.16,17.16,S002,C0019,Card
T007484,2024-07-23,P001,Notebook,Stationery,1,8.22,8.22,S001,C0138,Card
T007485,2023-11-19,P005,Wireless Mouse,Electronics,2,25.94,51.88,S002,C0184,UPI
T007486,2024-10-18,P004,Printer Paper,Stationery,2,6.59,13.18,S002,C0210,Cash
T007487,2024-08-25,P016,LED Bulb Pack,Household,1,11.83,11.83,S003,C0229,Bank Transfer
T007488,2023-12-22,P010,Tea Assortment,Food and Beverage,1,12.59,12.59,S002,C0103,Cash
T007489,2023-04-16,P001,Notebook,Stationery,3,8.87,26.61,S002,C0021,UPI
T007490,2024-02-27,P010,Tea Assortment,Food and Beverage,1,13.27,13.27,S001,C0164,UPI
T007491,2024-05-17,P007,Bluetooth Speaker,Electronics,1,49.13,49.13,S001,C0131,Card
T007492,2025-12-30,P013,Hand Soap,Household,1,4.76,4.76,S001,C0143,Cash
T007493,2024-10-10,P012,Snack Box,Food and Beverage,3,22.39,67.17,S001,C0080,Bank Transfer
T007494,2023-11-29,P022,Plant Pot,Outdoor,6,12.15,72.9,S004,C0110,UPI
T007495,2025-10-09,P022,Plant Pot,Outdoor,1,12.16,12.16,S004,C0027,UPI
T007496,2025-11-24,P006,USB-C Hub,Electronics,5,35.15,175.75,S004,C0241,Card
T007497,2025-05-10,P009,Coffee Beans,Food and Beverage,2,15.9,31.8,S003,C0277,UPI
T007498,2023-10-17,P010,Tea Assortment,Food and Beverage,3,12.17,36.51,S003,C0164,Card
T007499,2024-05-19,P001,Notebook,Stationery,3,8.79,26.37,S002,C0152,UPI
T007500,2024-03-28,P015,Storage Basket,Household,3,15.62,46.86,S001,C0205,Card
T007501,2025-04-27,P002,Ballpoint Pen Pack,Stationery,2,5.51,11.02,S002,C0237,UPI
T007502,2025-07-08,P009,Coffee Beans,Food and Beverage,4,15.88,63.52,S001,C0184,Card
T007503,2024-09-11,P013,Hand Soap,Household,3,5.02,15.06,S002,C0258,Cash
T007504,2025-07-03,P020,Running Socks,Apparel,2,9.7,19.4,S002,C0184,Card
T007505,2024-10-18,P018,Canvas Tote Bag,Apparel,4,14.13,56.52,S003,C0158,Cash
T007506,2024-05-09,P005,Wireless Mouse,Electronics,2,25.21,50.42,S003,C0280,Cash
T007507,2025-11-06,P003,Desk Organizer,Stationery,3,13.63,40.89,S003,C0207,UPI
T007508,2024-02-16,P011,Reusable Water Bottle,Food and Beverage,5,17.79,88.95,S001,C0045,Bank Transfer
T007509,2025-01-10,P014,Cleaning Spray,Household,1,7.33,7.33,S001,C0121,Cash
T007510,2024-09-14,P017,Cotton T-Shirt,Apparel,4,20.23,80.92,S003,C0071,UPI
T007511,2023-04-15,P019,Baseball Cap,Apparel,2,16.86,33.72,S002,C0080,Card
T007512,2024-08-16,P019,Baseball Cap,Apparel,1,15.82,15.82,S002,C0096,Card
T007513,2023-12-23,P023,Hand Trowel,Outdoor,1,10.63,10.63,S004,C0300,Card
T007514,2023-01-20,P018,Canvas Tote Bag,Apparel,1,14.28,14.28,S002,C0017,Cash
T007515,2023-07-11,P014,Cleaning Spray,Household,2,7.5,15.0,S001,C0300,Bank Transfer
T007516,2025-07-02,P023,Hand Trowel,Outdoor,6,10.63,63.78,S004,C0300,Cash
T007517,2024-05-02,P017,Cotton T-Shirt,Apparel,2,20.88,41.76,S002,C0254,Card
T007518,2025-01-04,P009,Coffee Beans,Food and Beverage,4,14.9,59.6,S002,C0233,UPI
T007519,2024-03-18,P005,Wireless Mouse,Electronics,1,24.65,24.65,S001,C0279,Card
T007520,2024-06-15,P003,Desk Organizer,Stationery,4,13.94,55.76,S002,C0194,Card
T007521,2025-04-06,P016,LED Bulb Pack,Household,1,12.28,12.28,S003,C0192,Card
T007522,2023-07-03,P010,Tea Assortment,Food and Beverage,1,13.43,13.43,S002,C0059,Card
T007523,2024-06-25,P012,Snack Box,Food and Beverage,5,22.91,114.55,S003,C0238,UPI
T007524,2023-07-10,P009,Coffee Beans,Food and Beverage,1,16.01,16.01,S004,C0273,UPI
T007525,2024-04-22,P007,Bluetooth Speaker,Electronics,3,50.38,151.14,S002,C0022,Card
T007526,2025-01-07,P008,Webcam,Electronics,4,55.72,222.88,S004,C0069,Card
T007527,2024-08-29,P014,Cleaning Spray,Household,2,6.87,13.74,S004,C0035,Card
T007528,2023-10-16,P021,Garden Gloves,Outdoor,1,9.26,9.26,S001,C0171,Bank Transfer
T007529,2025-06-21,P007,Bluetooth Speaker,Electronics,2,47.78,95.56,S001,C0167,Card
T007530,2025-08-09,P006,USB-C Hub,Electronics,3,32.67,98.01,S004,C0113,Card
T007531,2025-07-19,P022,Plant Pot,Outdoor,6,11.75,70.5,S003,C0044,UPI
T007532,2023-07-16,P017,Cotton T-Shirt,Apparel,1,20.26,20.26,S002,C0297,Card
T007533,2023-05-04,P017,Cotton T-Shirt,Apparel,1,19.07,19.07,S002,C0012,Bank Transfer
T007534,2023-08-28,P013,Hand Soap,Household,2,4.84,9.68,S004,C0151,Card
T007535,2023-11-22,P017,Cotton T-Shirt,Apparel,1,19.95,19.95,S003,C0217,UPI
T007536,2025-09-26,P003,Desk Organizer,Stationery,2,13.56,27.12,S002,C0210,Card
T007537,2025-12-11,P018,Canvas Tote Bag,Apparel,1,13.15,13.15,S001,C0108,Card
T007538,2025-08-19,P002,Ballpoint Pen Pack,Stationery,3,5.51,16.53,S001,C0128,Card
T007539,2024-11-26,P017,Cotton T-Shirt,Apparel,1,20.29,20.29,S002,C0053,Cash
T007540,2024-08-10,P003,Desk Organizer,Stationery,2,13.27,26.54,S001,C0137,Cash
T007541,2023-12-21,P008,Webcam,Electronics,6,56.04,336.24,S001,C0073,Card
T007542,2025-03-03,P017,Cotton T-Shirt,Apparel,4,20.93,83.72,S003,C0169,Card
T007543,2024-02-01,P005,Wireless Mouse,Electronics,2,26.43,52.86,S004,C0255,Card
T007544,2023-07-25,P004,Printer Paper,Stationery,3,6.44,19.32,S003,C0008,Card
T007545,2023-10-04,P016,LED Bulb Pack,Household,1,11.51,11.51,S004,C0162,Bank Transfer
T007546,2024-02-03,P002,Ballpoint Pen Pack,Stationery,2,5.04,10.08,S002,C0297,Cash
T007547,2023-06-29,P020,Running Socks,Apparel,3,9.74,29.22,S001,C0078,Cash
T007548,2024-10-28,P002,Ballpoint Pen Pack,Stationery,1,5.31,5.31,S003,C0106,Card
T007549,2023-07-24,P016,LED Bulb Pack,Household,1,12.37,12.37,S004,C0137,UPI
T007550,2023-01-02,P013,Hand Soap,Household,5,5.02,25.1,S003,C0113,UPI
T007551,2025-04-07,P014,Cleaning Spray,Household,2,6.87,13.74,S003,C0203,Card
T007552,2024-06-28,P004,Printer Paper,Stationery,2,7.03,14.06,S003,C0179,UPI
T007553,2025-02-23,P015,Storage Basket,Household,2,15.81,31.62,S003,C0141,Card
T007554,2024-06-11,P006,USB-C Hub,Electronics,2,35.77,71.54,S004,C0078,Bank Transfer
T007555,2025-05-11,P001,Notebook,Stationery,3,8.48,25.44,S001,C0115,Card
T007556,2023-10-25,P007,Bluetooth Speaker,Electronics,1,47.95,47.95,S004,C0231,Card
T007557,2024-01-29,P002,Ballpoint Pen Pack,Stationery,2,5.28,10.56,S002,C0009,Card
T007558,2025-12-19,P014,Cleaning Spray,Household,1,7.24,7.24,S002,C0059,Card
T007559,2023-10-10,P010,Tea Assortment,Food and Beverage,4,12.14,48.56,S001,C0179,UPI
T007560,2023-04-09,P008,Webcam,Electronics,1,61.12,61.12,S001,C0018,Card
T007561,2025-06-06,P018,Canvas Tote Bag,Apparel,1,13.94,13.94,S003,C0278,Card
T007562,2025-07-04,P009,Coffee Beans,Food and Beverage,1,15.93,15.93,S001,C0121,Card
T007563,2024-01-08,P002,Ballpoint Pen Pack,Stationery,3,5.42,16.26,S004,C0266,Cash
T007564,2024-07-01,P006,USB-C Hub,Electronics,1,34.11,34.11,S001,C0263,Cash
T007565,2025-09-15,P013,Hand Soap,Household,3,4.9,14.7,S003,C0068,Card
T007566,2024-07-20,P009,Coffee Beans,Food and Beverage,2,14.89,29.78,S001,C0110,Card
T007567,2024-12-03,P014,Cleaning Spray,Household,6,7.58,45.48,S004,C0047,Cash
T007568,2024-02-04,P019,Baseball Cap,Apparel,3,16.38,49.14,S001,C0278,UPI
T007569,2023-03-03,P017,Cotton T-Shirt,Apparel,1,20.14,20.14,S003,C0280,Card
T007570,2024-12-30,P002,Ballpoint Pen Pack,Stationery,3,5.5,16.5,S004,C0072,Card
T007571,2025-09-25,P009,Coffee Beans,Food and Beverage,1,16.0,16.0,S003,C0236,UPI
T007572,2025-08-08,P002,Ballpoint Pen Pack,Stationery,1,5.53,5.53,S003,C0129,Cash
T007573,2024-08-23,P024,Watering Can,Outdoor,2,19.85,39.7,S002,C0135,Card
T007574,2024-03-08,P016,LED Bulb Pack,Household,2,12.66,25.32,S003,C0009,UPI
T007575,2023-06-21,P004,Printer Paper,Stationery,2,6.62,13.24,S002,C0136,Card
T007576,2025-03-10,P013,Hand Soap,Household,3,4.9,14.7,S001,C0027,Card
T007577,2024-05-31,P002,Ballpoint Pen Pack,Stationery,4,5.42,21.68,S003,C0012,Card
T007578,2025-09-17,P003,Desk Organizer,Stationery,5,14.45,72.25,S002,C0106,Cash
T007579,2023-04-05,P011,Reusable Water Bottle,Food and Beverage,2,18.11,36.22,S001,C0131,Cash
T007580,2024-11-19,P015,Storage Basket,Household,2,15.53,31.06,S003,C0115,Cash
T007581,2025-10-28,P016,LED Bulb Pack,Household,1,12.7,12.7,S002,C0300,Card
T007582,2023-08-13,P011,Reusable Water Bottle,Food and Beverage,2,18.09,36.18,S002,C0222,UPI
T007583,2024-08-17,P010,Tea Assortment,Food and Beverage,1,12.98,12.98,S002,C0063,Card
T007584,2025-11-07,P003,Desk Organizer,Stationery,1,13.65,13.65,S002,C0081,UPI
T007585,2024-01-07,P004,Printer Paper,Stationery,1,7.1,7.1,S004,C0057,UPI
T007586,2025-05-15,P007,Bluetooth Speaker,Electronics,4,50.53,202.12,S004,C0127,Bank Transfer
T007587,2023-11-26,P018,Canvas Tote Bag,Apparel,1,12.79,12.79,S003,C0174,Cash
T007588,2024-05-01,P005,Wireless Mouse,Electronics,2,25.51,51.02,S001,C0268,Card
T007589,2025-02-23,P024,Watering Can,Outdoor,3,21.16,63.48,S002,C0119,UPI
T007590,2025-05-29,P004,Printer Paper,Stationery,1,6.59,6.59,S001,C0086,Card
T007591,2025-10-09,P020,Running Socks,Apparel,3,9.5,28.5,S004,C0041,Card
T007592,2023-04-08,P009,Coffee Beans,Food and Beverage,2,14.72,29.44,S002,C0069,UPI
T007593,2023-08-26,P005,Wireless Mouse,Electronics,1,25.31,25.31,S003,C0077,Cash
T007594,2024-06-12,P001,Notebook,Stationery,5,8.35,41.75,S001,C0291,UPI
T007595,2025-10-12,P005,Wireless Mouse,Electronics,1,23.85,23.85,S004,C0169,Card
T007596,2023-12-03,P020,Running Socks,Apparel,1,9.8,9.8,S003,C0121,Card
T007597,2024-09-29,P001,Notebook,Stationery,1,8.42,8.42,S004,C0296,Card
T007598,2025-02-28,P015,Storage Basket,Household,1,15.55,15.55,S002,C0234,Card
T007599,2025-03-25,P023,Hand Trowel,Outdoor,1,10.23,10.23,S002,C0138,UPI
T007600,2024-12-29,P015,Storage Basket,Household,6,15.79,94.74,S001,C0101,Card
T007601,2024-04-22,P004,Printer Paper,Stationery,1,7.0,7.0,S003,C0016,UPI
T007602,2023-03-28,P024,Watering Can,Outdoor,4,21.42,85.68,S003,C0072,Bank Transfer
T007603,2024-11-24,P002,Ballpoint Pen Pack,Stationery,2,5.16,10.32,S002,C0173,Cash
T007604,2023-03-07,P004,Printer Paper,Stationery,5,7.07,35.35,S002,C0164,UPI
T007605,2025-02-08,P012,Snack Box,Food and Beverage,1,22.52,22.52,S001,C0264,UPI
T007606,2025-02-01,P017,Cotton T-Shirt,Apparel,2,20.09,40.18,S003,C0192,Cash
T007607,2023-10-19,P018,Canvas Tote Bag,Apparel,5,13.59,67.95,S002,C0063,Card
T007608,2023-08-11,P002,Ballpoint Pen Pack,Stationery,4,5.25,21.0,S002,C0095,UPI
T007609,2024-08-26,P022,Plant Pot,Outdoor,3,12.32,36.96,S001,C0193,Card
T007610,2025-03-18,P009,Coffee Beans,Food and Beverage,2,14.86,29.72,S001,C0141,UPI
T007611,2023-06-17,P024,Watering Can,Outdoor,2,20.56,41.12,S001,C0273,UPI
T007612,2024-01-30,P019,Baseball Cap,Apparel,1,15.09,15.09,S001,C0089,Card
T007613,2025-10-03,P020,Running Socks,Apparel,1,10.12,10.12,S001,C0094,UPI
T007614,2024-01-07,P024,Watering Can,Outdoor,3,20.9,62.7,S003,C0244,Cash
T007615,2024-06-13,P006,USB-C Hub,Electronics,1,33.46,33.46,S002,C0145,Card
T007616,2023-04-15,P014,Cleaning Spray,Household,1,6.98,6.98,S001,C0014,Card
T007617,2025-09-19,P011,Reusable Water Bottle,Food and Beverage,2,17.14,34.28,S001,C0100,Card
T007618,2025-04-25,P020,Running Socks,Apparel,4,9.74,38.96,S002,C0237,UPI
T007619,2025-07-14,P001,Notebook,Stationery,2,8.28,16.56,S001,C0193,UPI
T007620,2024-05-31,P010,Tea Assortment,Food and Beverage,1,13.06,13.06,S003,C0038,Cash
T007621,2025-05-21,P009,Coffee Beans,Food and Beverage,4,15.58,62.32,S001,C0147,UPI
T007622,2025-08-08,P002,Ballpoint Pen Pack,Stationery,3,5.55,16.65,S001,C0249,Bank Transfer
T007623,2024-04-17,P001,Notebook,Stationery,5,8.61,43.05,S002,C0158,UPI
T007624,2023-10-28,P009,Coffee Beans,Food and Beverage,2,15.77,31.54,S002,C0027,Card
T007625,2023-10-10,P009,Coffee Beans,Food and Beverage,1,15.29,15.29,S003,C0115,Card
T007626,2024-09-25,P010,Tea Assortment,Food and Beverage,3,13.44,40.32,S003,C0175,Card
T007627,2024-11-20,P009,Coffee Beans,Food and Beverage,3,14.62,43.86,S003,C0120,Card
T007628,2024-12-11,P012,Snack Box,Food and Beverage,2,21.98,43.96,S003,C0023,Cash
T007629,2025-04-10,P006,USB-C Hub,Electronics,2,33.72,67.44,S001,C0015,Card
T007630,2025-11-27,P021,Garden Gloves,Outdoor,2,9.5,19.0,S003,C0147,UPI
T007631,2025-09-02,P012,Snack Box,Food and Beverage,5,21.85,109.25,S002,C0196,UPI
T007632,2025-04-08,P016,LED Bulb Pack,Household,3,11.81,35.43,S003,C0241,Cash
T007633,2025-09-14,P004,Printer Paper,Stationery,1,6.39,6.39,S004,C0250,Card
T007634,2024-10-14,P005,Wireless Mouse,Electronics,3,24.1,72.3,S002,C0109,UPI
T007635,2023-01-30,P003,Desk Organizer,Stationery,2,13.21,26.42,S001,C0261,UPI
T007636,2023-12-17,P003,Desk Organizer,Stationery,2,13.3,26.6,S004,C0218,Card
T007637,2023-11-16,P002,Ballpoint Pen Pack,Stationery,3,5.38,16.14,S004,C0264,Cash
T007638,2025-08-05,P023,Hand Trowel,Outdoor,1,10.32,10.32,S004,C0122,UPI
T007639,2023-07-22,P022,Plant Pot,Outdoor,1,11.74,11.74,S003,C0234,UPI
T007640,2023-09-22,P016,LED Bulb Pack,Household,2,12.54,25.08,S003,C0006,UPI
T007641,2023-05-02,P023,Hand Trowel,Outdoor,1,10.05,10.05,S001,C0234,Card
T007642,2023-06-03,P009,Coffee Beans,Food and Beverage,2,15.8,31.6,S004,C0086,UPI
T007643,2024-02-22,P013,Hand Soap,Household,2,4.47,8.94,S001,C0154,Bank Transfer
T007644,2024-04-24,P024,Watering Can,Outdoor,4,20.64,82.56,S002,C0295,UPI
T007645,2023-01-16,P003,Desk Organizer,Stationery,3,14.42,43.26,S001,C0296,Bank Transfer
T007646,2025-06-01,P004,Printer Paper,Stationery,1,6.43,6.43,S004,C0200,UPI
T007647,2025-09-13,P013,Hand Soap,Household,4,4.96,19.84,S001,C0268,Cash
T007648,2023-12-13,P024,Watering Can,Outdoor,1,22.08,22.08,S004,C0039,UPI
T007649,2023-03-05,P017,Cotton T-Shirt,Apparel,4,18.91,75.64,S002,C0195,UPI
T007650,2024-11-02,P008,Webcam,Electronics,2,59.39,118.78,S004,C0080,Card
T007651,2025-06-08,P014,Cleaning Spray,Household,1,7.58,7.58,S002,C0077,Cash
T007652,2023-10-20,P018,Canvas Tote Bag,Apparel,2,13.45,26.9,S001,C0086,Card
T007653,2025-08-15,P007,Bluetooth Speaker,Electronics,2,47.13,94.26,S001,C0260,UPI
T007654,2023-02-13,P008,Webcam,Electronics,3,59.11,177.33,S002,C0251,Card
T007655,2023-10-02,P013,Hand Soap,Household,1,4.93,4.93,S003,C0209,UPI
T007656,2025-10-08,P017,Cotton T-Shirt,Apparel,1,20.0,20.0,S004,C0172,Card
T007657,2024-08-17,P016,LED Bulb Pack,Household,2,11.87,23.74,S004,C0282,UPI
T007658,2024-03-20,P016,LED Bulb Pack,Household,3,12.64,37.92,S001,C0189,Cash
T007659,2025-01-24,P012,Snack Box,Food and Beverage,1,22.44,22.44,S002,C0159,UPI
T007660,2023-02-16,P004,Printer Paper,Stationery,4,6.4,25.6,S001,C0198,Card
T007661,2025-05-12,P009,Coffee Beans,Food and Beverage,1,15.81,15.81,S004,C0169,Card
T007662,2024-02-10,P021,Garden Gloves,Outdoor,3,8.95,26.85,S001,C0024,UPI
T007663,2025-02-04,P007,Bluetooth Speaker,Electronics,1,52.1,52.1,S003,C0143,Bank Transfer
T007664,2025-04-14,P021,Garden Gloves,Outdoor,1,8.75,8.75,S001,C0265,UPI
T007665,2024-02-06,P002,Ballpoint Pen Pack,Stationery,4,5.32,21.28,S001,C0139,UPI
T007666,2023-02-27,P009,Coffee Beans,Food and Beverage,4,14.97,59.88,S004,C0210,UPI
T007667,2025-01-11,P003,Desk Organizer,Stationery,1,14.31,14.31,S001,C0271,UPI
T007668,2025-05-31,P005,Wireless Mouse,Electronics,3,24.55,73.65,S002,C0236,Card
T007669,2023-04-24,P017,Cotton T-Shirt,Apparel,2,19.74,39.48,S001,C0087,UPI
T007670,2023-05-15,P003,Desk Organizer,Stationery,1,13.76,13.76,S002,C0292,Card
T007671,2025-09-06,P001,Notebook,Stationery,2,8.59,17.18,S003,C0180,UPI
T007672,2024-01-02,P017,Cotton T-Shirt,Apparel,5,19.44,97.2,S004,C0175,Card
T007673,2024-03-17,P023,Hand Trowel,Outdoor,3,10.15,30.45,S001,C0016,Cash
T007674,2024-05-25,P024,Watering Can,Outdoor,1,20.66,20.66,S004,C0220,Card
T007675,2023-06-25,P006,USB-C Hub,Electronics,1,33.31,33.31,S002,C0004,Cash
T007676,2024-01-26,P016,LED Bulb Pack,Household,3,12.13,36.39,S001,C0119,UPI
T007677,2025-01-26,P007,Bluetooth Speaker,Electronics,1,49.54,49.54,S002,C0214,UPI
T007678,2024-11-04,P013,Hand Soap,Household,2,5.01,10.02,S004,C0059,Card
T007679,2025-09-20,P016,LED Bulb Pack,Household,4,11.74,46.96,S003,C0107,UPI
T007680,2025-05-16,P018,Canvas Tote Bag,Apparel,2,12.85,25.7,S003,C0043,Card
T007681,2024-07-03,P001,Notebook,Stationery,4,8.93,35.72,S003,C0214,UPI
T007682,2025-02-21,P015,Storage Basket,Household,1,16.26,16.26,S002,C0173,UPI
T007683,2024-05-12,P003,Desk Organizer,Stationery,4,13.39,53.56,S002,C0231,Card
T007684,2024-01-11,P019,Baseball Cap,Apparel,6,16.35,98.1,S004,C0189,UPI
T007685,2024-03-20,P019,Baseball Cap,Apparel,1,15.25,15.25,S002,C0108,Card
T007686,2023-07-15,P001,Notebook,Stationery,6,8.05,48.3,S002,C0094,Card
T007687,2024-06-10,P007,Bluetooth Speaker,Electronics,1,48.51,48.51,S001,C0178,Cash
T007688,2025-12-11,P017,Cotton T-Shirt,Apparel,1,19.06,19.06,S004,C0057,Card
T007689,2025-06-18,P011,Reusable Water Bottle,Food and Beverage,1,18.04,18.04,S004,C0153,Card
T007690,2023-07-25,P006,USB-C Hub,Electronics,2,35.71,71.42,S003,C0148,UPI
T007691,2025-05-31,P009,Coffee Beans,Food and Beverage,5,15.54,77.7,S001,C0053,Card
T007692,2023-07-05,P005,Wireless Mouse,Electronics,1,24.37,24.37,S003,C0298,UPI
T007693,2024-02-26,P007,Bluetooth Speaker,Electronics,1,48.94,48.94,S002,C0032,Bank Transfer
T007694,2023-02-22,P021,Garden Gloves,Outdoor,4,8.86,35.44,S003,C0247,Bank Transfer
T007695,2024-11-10,P019,Baseball Cap,Apparel,1,15.43,15.43,S004,C0243,UPI
T007696,2024-02-06,P006,USB-C Hub,Electronics,5,34.89,174.45,S001,C0229,Bank Transfer
T007697,2023-05-01,P017,Cotton T-Shirt,Apparel,2,19.97,39.94,S004,C0167,Card
T007698,2023-02-04,P020,Running Socks,Apparel,3,9.39,28.17,S001,C0161,Card
T007699,2025-06-29,P011,Reusable Water Bottle,Food and Beverage,6,19.0,114.0,S003,C0205,Card
T007700,2025-07-09,P002,Ballpoint Pen Pack,Stationery,1,5.04,5.04,S004,C0060,Bank Transfer
T007701,2025-01-28,P017,Cotton T-Shirt,Apparel,1,20.38,20.38,S002,C0220,UPI
T007702,2025-10-18,P004,Printer Paper,Stationery,2,6.7,13.4,S004,C0157,Card
T007703,2025-11-25,P013,Hand Soap,Household,1,4.95,4.95,S004,C0233,Card
T007704,2024-12-04,P009,Coffee Beans,Food and Beverage,2,15.85,31.7,S003,C0045,Card
T007705,2023-02-15,P019,Baseball Cap,Apparel,3,15.59,46.77,S001,C0019,Cash
T007706,2023-02-22,P016,LED Bulb Pack,Household,3,12.47,37.41,S001,C0048,UPI
T007707,2024-06-17,P022,Plant Pot,Outdoor,1,11.68,11.68,S001,C0083,Cash
T007708,2024-05-22,P001,Notebook,Stationery,4,8.05,32.2,S001,C0267,UPI
T007709,2025-07-21,P013,Hand Soap,Household,2,4.5,9.0,S001,C0198,UPI
T007710,2024-04-26,P004,Printer Paper,Stationery,1,6.64,6.64,S003,C0109,Card
T007711,2024-08-11,P002,Ballpoint Pen Pack,Stationery,1,5.01,5.01,S003,C0132,Bank Transfer
T007712,2025-05-17,P015,Storage Basket,Household,5,16.08,80.4,S004,C0206,Card
T007713,2023-01-13,P005,Wireless Mouse,Electronics,1,23.63,23.63,S001,C0109,Card
T007714,2023-06-28,P014,Cleaning Spray,Household,3,7.47,22.41,S004,C0296,Card
T007715,2023-01-27,P004,Printer Paper,Stationery,1,6.65,6.65,S003,C0188,UPI
T007716,2024-07-07,P006,USB-C Hub,Electronics,2,35.88,71.76,S002,C0111,UPI
T007717,2025-06-28,P024,Watering Can,Outdoor,3,21.57,64.71,S003,C0284,Card
T007718,2024-12-31,P013,Hand Soap,Household,3,4.48,13.44,S001,C0053,Card
T007719,2024-07-21,P003,Desk Organizer,Stationery,2,13.33,26.66,S003,C0143,Cash
T007720,2025-04-02,P015,Storage Basket,Household,1,17.41,17.41,S002,C0204,Bank Transfer
T007721,2023-08-17,P010,Tea Assortment,Food and Beverage,3,13.29,39.87,S002,C0251,UPI
T007722,2024-09-30,P022,Plant Pot,Outdoor,1,11.62,11.62,S001,C0155,Cash
T007723,2023-09-11,P013,Hand Soap,Household,1,4.69,4.69,S002,C0227,Cash
T007724,2024-02-13,P015,Storage Basket,Household,4,15.73,62.92,S001,C0243,UPI
T007725,2023-08-04,P006,USB-C Hub,Electronics,2,34.1,68.2,S001,C0052,Card
T007726,2025-01-25,P016,LED Bulb Pack,Household,1,12.24,12.24,S004,C0054,Card
T007727,2024-11-05,P009,Coffee Beans,Food and Beverage,3,14.7,44.1,S002,C0203,Card
T007728,2025-10-01,P012,Snack Box,Food and Beverage,6,22.59,135.54,S001,C0199,UPI
T007729,2023-06-06,P020,Running Socks,Apparel,3,9.53,28.59,S001,C0052,UPI
T007730,2024-12-28,P011,Reusable Water Bottle,Food and Beverage,3,17.62,52.86,S003,C0007,Bank Transfer
T007731,2025-03-16,P015,Storage Basket,Household,3,17.29,51.87,S003,C0062,Card
T007732,2024-02-21,P024,Watering Can,Outdoor,3,20.33,60.99,S004,C0288,Cash
T007733,2024-11-23,P010,Tea Assortment,Food and Beverage,2,13.42,26.84,S003,C0288,Bank Transfer
T007734,2024-01-09,P004,Printer Paper,Stationery,1,6.6,6.6,S003,C0174,UPI
T007735,2025-05-05,P008,Webcam,Electronics,3,61.22,183.66,S003,C0047,UPI
T007736,2024-02-18,P010,Tea Assortment,Food and Beverage,2,12.59,25.18,S004,C0104,Cash
T007737,2025-06-06,P004,Printer Paper,Stationery,2,6.87,13.74,S003,C0094,UPI
T007738,2025-04-14,P004,Printer Paper,Stationery,1,6.48,6.48,S004,C0253,UPI
T007739,2024-12-03,P024,Watering Can,Outdoor,2,20.57,41.14,S003,C0158,Card
T007740,2023-08-02,P017,Cotton T-Shirt,Apparel,1,20.73,20.73,S001,C0058,Card
T007741,2024-06-18,P024,Watering Can,Outdoor,1,19.86,19.86,S003,C0246,UPI
T007742,2023-04-10,P002,Ballpoint Pen Pack,Stationery,3,4.97,14.91,S004,C0250,UPI
T007743,2023-12-09,P017,Cotton T-Shirt,Apparel,1,19.69,19.69,S001,C0207,Cash
T007744,2023-05-31,P005,Wireless Mouse,Electronics,3,23.89,71.67,S003,C0182,UPI
T007745,2025-03-08,P010,Tea Assortment,Food and Beverage,2,12.88,25.76,S004,C0120,UPI
T007746,2025-05-11,P021,Garden Gloves,Outdoor,5,8.78,43.9,S004,C0046,Cash
T007747,2024-01-03,P020,Running Socks,Apparel,2,9.75,19.5,S004,C0055,Cash
T007748,2024-07-29,P016,LED Bulb Pack,Household,1,12.35,12.35,S003,C0079,Card
T007749,2025-02-07,P004,Printer Paper,Stationery,2,7.01,14.02,S004,C0241,Cash
T007750,2024-07-27,P013,Hand Soap,Household,1,4.69,4.69,S004,C0106,Card
T007751,2023-08-26,P015,Storage Basket,Household,1,15.99,15.99,S004,C0255,Card
T007752,2024-11-30,P017,Cotton T-Shirt,Apparel,6,20.74,124.44,S001,C0252,Card
T007753,2023-08-26,P004,Printer Paper,Stationery,2,6.72,13.44,S002,C0150,UPI
T007754,2023-08-27,P018,Canvas Tote Bag,Apparel,4,13.9,55.6,S001,C0232,UPI
T007755,2024-02-23,P004,Printer Paper,Stationery,1,6.53,6.53,S004,C0130,UPI
T007756,2024-11-21,P024,Watering Can,Outdoor,1,21.78,21.78,S004,C0021,UPI
T007757,2023-12-24,P014,Cleaning Spray,Household,3,7.65,22.95,S001,C0029,UPI
T007758,2024-02-28,P007,Bluetooth Speaker,Electronics,3,52.5,157.5,S004,C0165,Card
T007759,2024-08-08,P017,Cotton T-Shirt,Apparel,1,19.18,19.18,S002,C0209,UPI
T007760,2023-09-28,P008,Webcam,Electronics,6,62.41,374.46,S004,C0245,Card
T007761,2025-09-03,P013,Hand Soap,Household,1,4.51,4.51,S001,C0096,Cash
T007762,2025-03-07,P022,Plant Pot,Outdoor,1,11.64,11.64,S003,C0213,Card
T007763,2023-03-09,P010,Tea Assortment,Food and Beverage,1,13.15,13.15,S001,C0219,UPI
T007764,2023-06-22,P023,Hand Trowel,Outdoor,2,11.12,22.24,S001,C0007,Card
T007765,2023-04-10,P013,Hand Soap,Household,2,4.5,9.0,S001,C0158,Card
T007766,2025-01-09,P013,Hand Soap,Household,4,4.65,18.6,S002,C0142,UPI
T007767,2024-06-05,P009,Coffee Beans,Food and Beverage,2,16.35,32.7,S001,C0028,Card
T007768,2025-05-01,P018,Canvas Tote Bag,Apparel,4,13.7,54.8,S001,C0182,UPI
T007769,2025-12-12,P016,LED Bulb Pack,Household,3,11.63,34.89,S004,C0220,Card
T007770,2024-08-12,P009,Coffee Beans,Food and Beverage,4,15.55,62.2,S003,C0167,UPI
T007771,2024-06-03,P005,Wireless Mouse,Electronics,2,24.9,49.8,S004,C0160,UPI
T007772,2023-08-24,P013,Hand Soap,Household,3,4.97,14.91,S002,C0036,Cash
T007773,2024-09-10,P014,Cleaning Spray,Household,2,7.24,14.48,S001,C0045,Card
T007774,2025-12-07,P001,Notebook,Stationery,2,8.19,16.38,S001,C0078,UPI
T007775,2023-01-21,P008,Webcam,Electronics,2,62.02,124.04,S003,C0046,Bank Transfer
T007776,2025-07-03,P020,Running Socks,Apparel,2,9.47,18.94,S003,C0090,UPI
T007777,2024-09-10,P009,Coffee Beans,Food and Beverage,3,14.96,44.88,S001,C0104,Card
T007778,2024-06-10,P006,USB-C Hub,Electronics,4,34.87,139.48,S003,C0059,UPI
T007779,2025-09-15,P006,USB-C Hub,Electronics,3,35.0,105.0,S001,C0118,UPI
T007780,2023-04-23,P015,Storage Basket,Household,2,16.39,32.78,S001,C0037,UPI
T007781,2024-12-02,P019,Baseball Cap,Apparel,1,15.38,15.38,S003,C0069,UPI
T007782,2025-12-09,P005,Wireless Mouse,Electronics,5,23.92,119.6,S002,C0014,UPI
T007783,2025-04-27,P022,Plant Pot,Outdoor,3,11.64,34.92,S003,C0217,UPI
T007784,2024-07-06,P011,Reusable Water Bottle,Food and Beverage,2,19.0,38.0,S001,C0039,UPI
T007785,2025-01-30,P006,USB-C Hub,Electronics,3,34.04,102.12,S002,C0143,Card
T007786,2023-12-20,P013,Hand Soap,Household,3,4.59,13.77,S001,C0067,UPI
T007787,2023-05-20,P019,Baseball Cap,Apparel,1,15.27,15.27,S004,C0248,Card
T007788,2025-07-21,P017,Cotton T-Shirt,Apparel,1,21.11,21.11,S003,C0052,UPI
T007789,2024-09-12,P021,Garden Gloves,Outdoor,5,9.14,45.7,S003,C0266,UPI
T007790,2024-01-13,P013,Hand Soap,Household,5,4.57,22.85,S004,C0152,Card
T007791,2023-10-10,P002,Ballpoint Pen Pack,Stationery,3,5.1,15.3,S002,C0163,UPI
T007792,2023-11-25,P015,Storage Basket,Household,3,16.53,49.59,S002,C0199,Bank Transfer
T007793,2024-05-08,P010,Tea Assortment,Food and Beverage,1,13.14,13.14,S001,C0018,Cash
T007794,2023-10-04,P007,Bluetooth Speaker,Electronics,3,50.97,152.91,S002,C0260,Card
T007795,2023-04-24,P014,Cleaning Spray,Household,3,6.91,20.73,S003,C0170,Card
T007796,2024-01-01,P022,Plant Pot,Outdoor,3,12.42,37.26,S002,C0272,Bank Transfer
T007797,2023-12-28,P023,Hand Trowel,Outdoor,2,10.97,21.94,S002,C0185,Card
T007798,2024-03-17,P009,Coffee Beans,Food and Beverage,3,15.21,45.63,S002,C0097,UPI
T007799,2025-09-24,P022,Plant Pot,Outdoor,1,11.61,11.61,S001,C0056,UPI
T007800,2025-04-30,P021,Garden Gloves,Outdoor,1,9.47,9.47,S004,C0015,UPI
T007801,2025-07-03,P019,Baseball Cap,Apparel,4,16.91,67.64,S001,C0164,Card
T007802,2023-03-04,P024,Watering Can,Outdoor,3,21.47,64.41,S001,C0191,Card
T007803,2023-12-09,P002,Ballpoint Pen Pack,Stationery,2,5.5,11.0,S004,C0086,Card
T007804,2024-02-28,P008,Webcam,Electronics,4,57.37,229.48,S002,C0004,Bank Transfer
T007805,2024-09-02,P017,Cotton T-Shirt,Apparel,1,19.07,19.07,S001,C0006,Card
T007806,2024-09-05,P005,Wireless Mouse,Electronics,4,26.47,105.88,S001,C0185,Card
T007807,2023-12-25,P019,Baseball Cap,Apparel,2,15.36,30.72,S003,C0173,Card
T007808,2024-03-24,P013,Hand Soap,Household,1,4.85,4.85,S001,C0032,Card
T007809,2024-01-25,P013,Hand Soap,Household,3,4.82,14.46,S003,C0051,Cash
T007810,2025-04-06,P004,Printer Paper,Stationery,3,7.05,21.15,S001,C0143,Cash
T007811,2025-07-03,P022,Plant Pot,Outdoor,3,12.38,37.14,S004,C0194,UPI
T007812,2025-09-10,P016,LED Bulb Pack,Household,5,11.89,59.45,S001,C0058,Bank Transfer
T007813,2023-05-09,P001,Notebook,Stationery,1,8.02,8.02,S003,C0197,Bank Transfer
T007814,2025-12-28,P009,Coffee Beans,Food and Beverage,2,15.76,31.52,S003,C0132,UPI
T007815,2023-04-20,P020,Running Socks,Apparel,4,9.83,39.32,S003,C0142,UPI
T007816,2023-08-29,P011,Reusable Water Bottle,Food and Beverage,2,17.87,35.74,S001,C0082,Bank Transfer
T007817,2023-10-02,P015,Storage Basket,Household,2,17.45,34.9,S003,C0027,UPI
T007818,2025-02-14,P004,Printer Paper,Stationery,1,6.49,6.49,S002,C0057,UPI
T007819,2023-06-17,P018,Canvas Tote Bag,Apparel,2,12.99,25.98,S002,C0011,Card
T007820,2025-06-27,P012,Snack Box,Food and Beverage,4,22.09,88.36,S002,C0175,Card
T007821,2023-06-21,P024,Watering Can,Outdoor,1,20.19,20.19,S003,C0041,Bank Transfer
T007822,2023-11-01,P006,USB-C Hub,Electronics,1,34.86,34.86,S001,C0024,UPI
T007823,2025-11-02,P016,LED Bulb Pack,Household,2,11.69,23.38,S002,C0108,UPI
T007824,2023-08-15,P011,Reusable Water Bottle,Food and Beverage,3,18.57,55.71,S004,C0191,UPI
T007825,2025-01-10,P014,Cleaning Spray,Household,4,7.36,29.44,S003,C0149,UPI
T007826,2025-05-05,P009,Coffee Beans,Food and Beverage,5,14.7,73.5,S002,C0210,Card
T007827,2024-05-14,P005,Wireless Mouse,Electronics,2,25.53,51.06,S001,C0260,UPI
T007828,2024-03-14,P018,Canvas Tote Bag,Apparel,2,13.16,26.32,S001,C0215,Bank Transfer
T007829,2025-05-21,P013,Hand Soap,Household,1,4.67,4.67,S002,C0089,Card
T007830,2023-08-05,P004,Printer Paper,Stationery,2,6.38,12.76,S002,C0059,Bank Transfer
T007831,2023-03-03,P014,Cleaning Spray,Household,3,7.17,21.51,S002,C0259,Card
T007832,2024-10-02,P015,Storage Basket,Household,1,16.52,16.52,S002,C0293,Cash
T007833,2025-02-10,P006,USB-C Hub,Electronics,1,34.82,34.82,S001,C0181,UPI
T007834,2023-10-20,P005,Wireless Mouse,Electronics,4,24.91,99.64,S002,C0289,UPI
T007835,2025-06-19,P003,Desk Organizer,Stationery,1,13.57,13.57,S004,C0185,Card
T007836,2023-05-31,P002,Ballpoint Pen Pack,Stationery,2,5.42,10.84,S001,C0082,Card
T007837,2023-08-30,P008,Webcam,Electronics,1,60.26,60.26,S002,C0280,Card
T007838,2025-02-21,P012,Snack Box,Food and Beverage,1,23.02,23.02,S003,C0253,UPI
T007839,2025-11-22,P013,Hand Soap,Household,4,4.62,18.48,S004,C0178,Card
T007840,2024-02-23,P001,Notebook,Stationery,4,8.79,35.16,S003,C0043,Cash
T007841,2023-07-17,P023,Hand Trowel,Outdoor,2,10.26,20.52,S002,C0102,Card
T007842,2023-01-28,P011,Reusable Water Bottle,Food and Beverage,2,17.11,34.22,S003,C0047,Card
T007843,2024-02-27,P015,Storage Basket,Household,1,15.59,15.59,S001,C0008,Card
T007844,2025-08-18,P010,Tea Assortment,Food and Beverage,2,12.35,24.7,S003,C0033,Card
T007845,2025-06-06,P014,Cleaning Spray,Household,1,7.24,7.24,S004,C0247,Cash
T007846,2023-01-07,P020,Running Socks,Apparel,1,10.12,10.12,S001,C0161,Card
T007847,2023-12-29,P022,Plant Pot,Outdoor,2,12.21,24.42,S002,C0049,UPI
T007848,2023-07-05,P020,Running Socks,Apparel,1,10.32,10.32,S003,C0113,Card
T007849,2024-08-30,P021,Garden Gloves,Outdoor,6,8.47,50.82,S001,C0283,Card
T007850,2024-07-11,P009,Coffee Beans,Food and Beverage,2,16.01,32.02,S001,C0075,Card
T007851,2023-11-18,P021,Garden Gloves,Outdoor,4,9.4,37.6,S001,C0271,Card
T007852,2025-07-04,P014,Cleaning Spray,Household,1,7.01,7.01,S002,C0171,UPI
T007853,2025-04-02,P020,Running Socks,Apparel,2,9.86,19.72,S001,C0169,UPI
T007854,2024-11-15,P018,Canvas Tote Bag,Apparel,3,13.34,40.02,S002,C0292,Cash
T007855,2025-11-10,P007,Bluetooth Speaker,Electronics,1,50.92,50.92,S001,C0104,UPI
T007856,2025-02-07,P017,Cotton T-Shirt,Apparel,1,20.53,20.53,S001,C0243,UPI
T007857,2024-07-20,P001,Notebook,Stationery,4,8.83,35.32,S002,C0107,Card
T007858,2024-08-02,P007,Bluetooth Speaker,Electronics,4,47.84,191.36,S002,C0148,Card
T007859,2024-11-03,P010,Tea Assortment,Food and Beverage,1,12.78,12.78,S002,C0080,Card
T007860,2025-07-10,P005,Wireless Mouse,Electronics,5,24.6,123.0,S004,C0104,UPI
T007861,2023-10-14,P021,Garden Gloves,Outdoor,1,9.07,9.07,S004,C0007,UPI
T007862,2025-11-29,P014,Cleaning Spray,Household,2,6.87,13.74,S002,C0071,UPI
T007863,2025-04-13,P014,Cleaning Spray,Household,2,7.28,14.56,S001,C0082,Card
T007864,2023-02-03,P002,Ballpoint Pen Pack,Stationery,3,4.97,14.91,S002,C0095,Cash
T007865,2023-10-31,P002,Ballpoint Pen Pack,Stationery,6,5.45,32.7,S001,C0066,Card
T007866,2025-09-18,P022,Plant Pot,Outdoor,2,11.95,23.9,S001,C0152,Card
T007867,2025-06-29,P010,Tea Assortment,Food and Beverage,2,12.29,24.58,S002,C0026,UPI
T007868,2024-10-01,P004,Printer Paper,Stationery,2,6.69,13.38,S001,C0293,UPI
T007869,2023-06-03,P012,Snack Box,Food and Beverage,4,22.85,91.4,S004,C0283,Bank Transfer
T007870,2023-02-08,P016,LED Bulb Pack,Household,2,12.22,24.44,S004,C0128,Card
T007871,2023-07-27,P012,Snack Box,Food and Beverage,2,23.03,46.06,S004,C0106,Cash
T007872,2024-03-27,P006,USB-C Hub,Electronics,1,33.13,33.13,S003,C0191,Card
T007873,2024-12-26,P012,Snack Box,Food and Beverage,4,21.64,86.56,S002,C0235,Cash
T007874,2025-09-02,P002,Ballpoint Pen Pack,Stationery,5,5.21,26.05,S001,C0081,UPI
T007875,2025-02-10,P001,Notebook,Stationery,5,8.21,41.05,S002,C0113,Cash
T007876,2024-04-26,P019,Baseball Cap,Apparel,2,15.5,31.0,S003,C0167,Card
T007877,2024-11-09,P004,Printer Paper,Stationery,5,6.7,33.5,S003,C0283,Bank Transfer
T007878,2023-02-21,P006,USB-C Hub,Electronics,4,34.75,139.0,S002,C0275,Card
T007879,2023-11-21,P004,Printer Paper,Stationery,4,6.91,27.64,S003,C0204,Cash
T007880,2023-05-10,P011,Reusable Water Bottle,Food and Beverage,2,18.91,37.82,S002,C0224,Card
T007881,2023-09-06,P002,Ballpoint Pen Pack,Stationery,1,5.54,5.54,S004,C0163,UPI
T007882,2023-12-13,P016,LED Bulb Pack,Household,4,12.09,48.36,S002,C0152,Card
T007883,2023-11-10,P021,Garden Gloves,Outdoor,2,9.16,18.32,S002,C0215,Card
T007884,2023-03-18,P002,Ballpoint Pen Pack,Stationery,4,5.43,21.72,S003,C0014,Card
T007885,2025-03-06,P005,Wireless Mouse,Electronics,3,25.84,77.52,S002,C0102,Card
T007886,2024-03-18,P007,Bluetooth Speaker,Electronics,1,49.8,49.8,S002,C0025,Card
T007887,2024-10-14,P008,Webcam,Electronics,3,61.0,183.0,S002,C0298,Card
T007888,2023-03-17,P009,Coffee Beans,Food and Beverage,6,15.47,92.82,S002,C0212,Card
T007889,2025-04-27,P004,Printer Paper,Stationery,1,6.68,6.68,S001,C0104,Card
T007890,2023-08-18,P005,Wireless Mouse,Electronics,3,26.13,78.39,S002,C0010,UPI
T007891,2023-02-22,P005,Wireless Mouse,Electronics,3,26.36,79.08,S002,C0111,Card
T007892,2024-12-16,P004,Printer Paper,Stationery,4,6.92,27.68,S004,C0175,Cash
T007893,2023-01-17,P004,Printer Paper,Stationery,6,6.88,41.28,S002,C0042,Card
T007894,2023-03-24,P018,Canvas Tote Bag,Apparel,2,13.78,27.56,S001,C0049,Card
T007895,2025-03-09,P007,Bluetooth Speaker,Electronics,2,47.02,94.04,S001,C0298,Cash
T007896,2024-12-24,P024,Watering Can,Outdoor,1,20.14,20.14,S004,C0011,Bank Transfer
T007897,2023-02-24,P002,Ballpoint Pen Pack,Stationery,5,5.26,26.3,S001,C0078,Cash
T007898,2025-04-26,P019,Baseball Cap,Apparel,1,16.7,16.7,S003,C0125,Cash
T007899,2025-03-13,P007,Bluetooth Speaker,Electronics,1,47.34,47.34,S002,C0294,UPI
T007900,2023-11-16,P012,Snack Box,Food and Beverage,4,21.85,87.4,S002,C0066,Card
T007901,2024-09-12,P009,Coffee Beans,Food and Beverage,1,15.64,15.64,S002,C0156,Card
T007902,2025-12-05,P023,Hand Trowel,Outdoor,3,10.85,32.55,S003,C0218,Card
T007903,2023-06-09,P009,Coffee Beans,Food and Beverage,2,15.1,30.2,S002,C0181,UPI
T007904,2025-11-03,P022,Plant Pot,Outdoor,3,11.46,34.38,S003,C0068,UPI
T007905,2025-02-13,P009,Coffee Beans,Food and Beverage,3,15.99,47.97,S002,C0038,Card
T007906,2023-09-02,P001,Notebook,Stationery,3,8.37,25.11,S004,C0225,Bank Transfer
T007907,2023-05-29,P022,Plant Pot,Outdoor,3,12.6,37.8,S002,C0132,Card
T007908,2025-04-09,P016,LED Bulb Pack,Household,2,12.65,25.3,S003,C0071,UPI
T007909,2023-07-23,P016,LED Bulb Pack,Household,3,11.32,33.96,S004,C0151,Cash
T007910,2025-05-10,P006,USB-C Hub,Electronics,3,35.66,106.98,S002,C0294,Card
T007911,2025-08-17,P020,Running Socks,Apparel,2,9.49,18.98,S002,C0108,Card
T007912,2025-03-21,P001,Notebook,Stationery,5,8.68,43.4,S004,C0210,Card
T007913,2025-07-29,P020,Running Socks,Apparel,5,9.6,48.0,S002,C0155,UPI
T007914,2025-11-14,P023,Hand Trowel,Outdoor,1,10.4,10.4,S002,C0024,UPI
T007915,2024-04-20,P018,Canvas Tote Bag,Apparel,5,13.2,66.0,S004,C0205,Card
T007916,2025-08-23,P014,Cleaning Spray,Household,2,6.84,13.68,S001,C0190,Card
T007917,2025-07-26,P014,Cleaning Spray,Household,1,7.65,7.65,S002,C0024,Card
T007918,2025-06-28,P001,Notebook,Stationery,3,8.76,26.28,S002,C0083,Card
T007919,2025-05-16,P001,Notebook,Stationery,1,8.67,8.67,S001,C0216,Card
T007920,2024-10-27,P020,Running Socks,Apparel,6,10.43,62.58,S001,C0020,UPI
T007921,2023-05-17,P009,Coffee Beans,Food and Beverage,4,15.46,61.84,S002,C0083,Card
T007922,2025-06-23,P012,Snack Box,Food and Beverage,3,22.55,67.65,S002,C0268,UPI
T007923,2023-08-28,P012,Snack Box,Food and Beverage,2,22.59,45.18,S002,C0224,Card
T007924,2025-01-03,P024,Watering Can,Outdoor,3,20.0,60.0,S003,C0133,UPI
T007925,2023-01-01,P018,Canvas Tote Bag,Apparel,4,13.15,52.6,S001,C0298,Bank Transfer
T007926,2023-05-16,P016,LED Bulb Pack,Household,2,12.28,24.56,S004,C0121,Card
T007927,2025-08-01,P019,Baseball Cap,Apparel,2,15.67,31.34,S003,C0003,Card
T007928,2023-07-22,P016,LED Bulb Pack,Household,3,11.77,35.31,S003,C0258,Card
T007929,2025-07-23,P013,Hand Soap,Household,3,4.77,14.31,S002,C0070,Bank Transfer
T007930,2025-07-04,P003,Desk Organizer,Stationery,4,14.46,57.84,S002,C0251,Card
T007931,2024-12-09,P016,LED Bulb Pack,Household,2,11.68,23.36,S001,C0092,Card
T007932,2025-07-12,P024,Watering Can,Outdoor,1,20.08,20.08,S001,C0130,Card
T007933,2023-05-21,P001,Notebook,Stationery,1,8.71,8.71,S004,C0246,Card
T007934,2025-09-01,P010,Tea Assortment,Food and Beverage,1,12.65,12.65,S004,C0031,UPI
T007935,2025-04-06,P003,Desk Organizer,Stationery,5,13.41,67.05,S001,C0124,Card
T007936,2025-03-08,P016,LED Bulb Pack,Household,5,11.3,56.5,S002,C0269,UPI
T007937,2024-08-13,P024,Watering Can,Outdoor,1,22.05,22.05,S003,C0157,Card
T007938,2023-11-23,P016,LED Bulb Pack,Household,2,12.28,24.56,S004,C0272,Card
T007939,2025-04-07,P011,Reusable Water Bottle,Food and Beverage,3,17.67,53.01,S001,C0107,Card
T007940,2025-06-26,P019,Baseball Cap,Apparel,3,15.1,45.3,S001,C0262,Card
T007941,2023-03-07,P002,Ballpoint Pen Pack,Stationery,1,5.43,5.43,S002,C0025,UPI
T007942,2023-12-24,P021,Garden Gloves,Outdoor,2,8.63,17.26,S004,C0054,Card
T007943,2025-05-30,P011,Reusable Water Bottle,Food and Beverage,1,18.87,18.87,S001,C0239,Card
T007944,2023-09-19,P004,Printer Paper,Stationery,2,6.6,13.2,S003,C0299,UPI
T007945,2025-05-10,P002,Ballpoint Pen Pack,Stationery,4,5.13,20.52,S002,C0158,Bank Transfer
T007946,2025-01-17,P015,Storage Basket,Household,4,16.76,67.04,S001,C0257,Cash
T007947,2024-09-05,P005,Wireless Mouse,Electronics,1,23.78,23.78,S003,C0217,Cash
T007948,2023-07-22,P008,Webcam,Electronics,2,59.31,118.62,S004,C0168,Cash
T007949,2025-10-17,P016,LED Bulb Pack,Household,1,11.38,11.38,S003,C0076,Card
T007950,2023-11-10,P015,Storage Basket,Household,1,16.34,16.34,S001,C0016,Cash
T007951,2025-06-22,P006,USB-C Hub,Electronics,1,35.58,35.58,S003,C0169,Card
T007952,2024-02-23,P006,USB-C Hub,Electronics,3,33.68,101.04,S001,C0002,UPI
T007953,2025-03-28,P001,Notebook,Stationery,1,8.41,8.41,S003,C0251,Card
T007954,2023-07-11,P012,Snack Box,Food and Beverage,1,22.04,22.04,S001,C0152,Card
T007955,2023-09-20,P006,USB-C Hub,Electronics,1,35.48,35.48,S003,C0183,Cash
T007956,2024-09-28,P001,Notebook,Stationery,3,8.17,24.51,S004,C0190,Card
T007957,2024-12-25,P022,Plant Pot,Outdoor,1,11.73,11.73,S004,C0113,UPI
T007958,2024-01-22,P023,Hand Trowel,Outdoor,1,9.9,9.9,S001,C0216,Cash
T007959,2025-04-17,P021,Garden Gloves,Outdoor,2,9.36,18.72,S001,C0094,Cash
T007960,2023-07-23,P005,Wireless Mouse,Electronics,1,24.34,24.34,S001,C0189,Card
T007961,2024-06-23,P003,Desk Organizer,Stationery,1,13.97,13.97,S002,C0174,Card
T007962,2025-03-25,P002,Ballpoint Pen Pack,Stationery,1,4.95,4.95,S002,C0253,Card
T007963,2025-05-05,P010,Tea Assortment,Food and Beverage,4,12.82,51.28,S001,C0081,Card
T007964,2023-05-28,P016,LED Bulb Pack,Household,1,11.64,11.64,S002,C0189,Card
T007965,2023-08-09,P019,Baseball Cap,Apparel,1,16.58,16.58,S004,C0137,Cash
T007966,2023-06-13,P021,Garden Gloves,Outdoor,2,9.49,18.98,S003,C0171,Cash
T007967,2024-09-01,P005,Wireless Mouse,Electronics,2,25.22,50.44,S001,C0254,Card
T007968,2024-11-02,P004,Printer Paper,Stationery,2,7.06,14.12,S004,C0287,Card
T007969,2024-03-03,P009,Coffee Beans,Food and Beverage,1,15.32,15.32,S001,C0139,Card
T007970,2024-09-20,P010,Tea Assortment,Food and Beverage,2,12.8,25.6,S002,C0082,Bank Transfer
T007971,2024-06-28,P020,Running Socks,Apparel,4,10.01,40.04,S004,C0023,UPI
T007972,2024-06-15,P004,Printer Paper,Stationery,1,6.98,6.98,S002,C0067,Bank Transfer
T007973,2024-03-01,P004,Printer Paper,Stationery,1,6.51,6.51,S003,C0253,Card
T007974,2025-03-03,P010,Tea Assortment,Food and Beverage,3,13.23,39.69,S001,C0032,Card
T007975,2023-12-03,P006,USB-C Hub,Electronics,3,36.15,108.45,S001,C0021,Card
T007976,2024-10-04,P005,Wireless Mouse,Electronics,3,24.95,74.85,S001,C0285,Bank Transfer
T007977,2023-07-16,P002,Ballpoint Pen Pack,Stationery,1,5.37,5.37,S003,C0125,Card
T007978,2024-12-10,P023,Hand Trowel,Outdoor,6,10.52,63.12,S003,C0285,Cash
T007979,2024-03-13,P005,Wireless Mouse,Electronics,4,24.56,98.24,S004,C0215,UPI
T007980,2025-01-10,P023,Hand Trowel,Outdoor,3,11.12,33.36,S002,C0200,UPI
T007981,2023-06-03,P010,Tea Assortment,Food and Beverage,1,12.18,12.18,S001,C0032,Card
T007982,2024-08-21,P008,Webcam,Electronics,2,56.92,113.84,S002,C0206,Card
T007983,2025-03-06,P020,Running Socks,Apparel,2,10.12,20.24,S004,C0222,Bank Transfer
T007984,2023-03-17,P004,Printer Paper,Stationery,3,6.73,20.19,S003,C0183,Bank Transfer
T007985,2023-12-22,P003,Desk Organizer,Stationery,3,14.69,44.07,S001,C0053,Card
T007986,2023-03-08,P007,Bluetooth Speaker,Electronics,1,49.22,49.22,S004,C0164,UPI
T007987,2025-03-02,P016,LED Bulb Pack,Household,3,12.6,37.8,S001,C0280,Card
T007988,2023-11-14,P022,Plant Pot,Outdoor,5,11.85,59.25,S001,C0208,Card
T007989,2023-11-26,P002,Ballpoint Pen Pack,Stationery,4,4.99,19.96,S001,C0151,Card
T007990,2023-07-31,P004,Printer Paper,Stationery,1,6.52,6.52,S002,C0048,Card
T007991,2024-08-12,P016,LED Bulb Pack,Household,3,12.17,36.51,S004,C0037,Cash
T007992,2024-03-29,P005,Wireless Mouse,Electronics,2,26.47,52.94,S004,C0176,Card
T007993,2025-12-04,P003,Desk Organizer,Stationery,2,14.24,28.48,S001,C0265,UPI
T007994,2024-10-06,P021,Garden Gloves,Outdoor,4,9.43,37.72,S004,C0293,UPI
T007995,2024-11-22,P001,Notebook,Stationery,2,8.72,17.44,S001,C0099,UPI
T007996,2025-10-28,P004,Printer Paper,Stationery,2,6.54,13.08,S003,C0219,Card
T007997,2025-11-18,P013,Hand Soap,Household,1,4.65,4.65,S003,C0115,UPI
T007998,2025-09-11,P009,Coffee Beans,Food and Beverage,5,16.32,81.6,S002,C0156,UPI
T007999,2023-02-21,P019,Baseball Cap,Apparel,5,15.12,75.6,S001,C0277,Card
T008000,2025-03-27,P009,Coffee Beans,Food and Beverage,5,15.61,78.05,S001,C0275,Card
T008001,2025-05-25,P013,Hand Soap,Household,1,4.49,4.49,S002,C0277,Cash
T008002,2025-11-11,P002,Ballpoint Pen Pack,Stationery,1,5.27,5.27,S002,C0122,Card
T008003,2023-01-10,P018,Canvas Tote Bag,Apparel,4,12.8,51.2,S003,C0181,UPI
T008004,2024-04-16,P015,Storage Basket,Household,3,15.59,46.77,S004,C0257,Card
T008005,2024-04-17,P007,Bluetooth Speaker,Electronics,2,47.62,95.24,S001,C0059,Card
T008006,2023-10-01,P006,USB-C Hub,Electronics,1,36.36,36.36,S003,C0155,Card
T008007,2025-09-07,P002,Ballpoint Pen Pack,Stationery,2,4.99,9.98,S004,C0052,Card
T008008,2023-08-16,P015,Storage Basket,Household,1,16.72,16.72,S003,C0090,UPI
T008009,2024-01-20,P020,Running Socks,Apparel,4,10.05,40.2,S002,C0061,Cash
T008010,2025-09-14,P001,Notebook,Stationery,3,8.72,26.16,S004,C0025,Cash
T008011,2024-07-28,P001,Notebook,Stationery,3,8.21,24.63,S002,C0054,Card
T008012,2025-12-17,P003,Desk Organizer,Stationery,1,13.79,13.79,S003,C0153,UPI
T008013,2024-09-19,P008,Webcam,Electronics,2,60.62,121.24,S001,C0004,Cash
T008014,2025-01-06,P006,USB-C Hub,Electronics,2,35.47,70.94,S003,C0119,Card
T008015,2025-12-31,P002,Ballpoint Pen Pack,Stationery,3,5.39,16.17,S002,C0288,Card
T008016,2024-01-30,P002,Ballpoint Pen Pack,Stationery,2,5.03,10.06,S003,C0146,Cash
T008017,2023-04-14,P014,Cleaning Spray,Household,5,6.82,34.1,S002,C0108,Card
T008018,2023-10-29,P008,Webcam,Electronics,1,61.76,61.76,S001,C0064,UPI
T008019,2023-06-27,P024,Watering Can,Outdoor,5,19.81,99.05,S001,C0082,Bank Transfer
T008020,2023-12-24,P008,Webcam,Electronics,1,60.32,60.32,S003,C0252,UPI
T008021,2025-07-03,P019,Baseball Cap,Apparel,5,15.72,78.6,S002,C0128,UPI
T008022,2025-11-10,P009,Coffee Beans,Food and Beverage,2,14.6,29.2,S001,C0004,UPI
T008023,2025-02-20,P022,Plant Pot,Outdoor,1,12.03,12.03,S002,C0147,Card
T008024,2024-11-01,P016,LED Bulb Pack,Household,1,12.36,12.36,S002,C0033,Card
T008025,2024-07-09,P002,Ballpoint Pen Pack,Stationery,1,5.14,5.14,S002,C0194,Cash
T008026,2023-08-10,P022,Plant Pot,Outdoor,1,11.73,11.73,S001,C0273,UPI
T008027,2025-05-05,P015,Storage Basket,Household,2,17.06,34.12,S001,C0072,UPI
T008028,2023-10-25,P009,Coffee Beans,Food and Beverage,2,15.44,30.88,S002,C0190,Cash
T008029,2023-09-10,P016,LED Bulb Pack,Household,6,12.6,75.6,S004,C0242,Bank Transfer
T008030,2024-10-20,P017,Cotton T-Shirt,Apparel,1,20.66,20.66,S002,C0154,Card
T008031,2025-04-14,P003,Desk Organizer,Stationery,4,13.91,55.64,S002,C0225,Cash
T008032,2024-04-28,P014,Cleaning Spray,Household,2,7.34,14.68,S001,C0132,Cash
T008033,2025-07-12,P015,Storage Basket,Household,1,16.3,16.3,S001,C0270,Bank Transfer
T008034,2024-03-28,P002,Ballpoint Pen Pack,Stationery,1,5.22,5.22,S003,C0160,Card
T008035,2025-11-22,P019,Baseball Cap,Apparel,3,16.74,50.22,S003,C0009,Card
T008036,2023-12-01,P010,Tea Assortment,Food and Beverage,5,13.28,66.4,S002,C0226,Card
T008037,2024-06-10,P024,Watering Can,Outdoor,2,22.16,44.32,S004,C0274,UPI
T008038,2023-04-25,P020,Running Socks,Apparel,1,9.61,9.61,S002,C0221,Bank Transfer
T008039,2025-10-26,P007,Bluetooth Speaker,Electronics,3,47.41,142.23,S002,C0272,UPI
T008040,2025-09-23,P012,Snack Box,Food and Beverage,3,21.33,63.99,S004,C0044,Card
T008041,2025-11-27,P020,Running Socks,Apparel,1,9.39,9.39,S002,C0073,UPI
T008042,2025-01-10,P004,Printer Paper,Stationery,1,6.79,6.79,S002,C0134,Card
T008043,2023-12-28,P013,Hand Soap,Household,3,4.7,14.1,S004,C0257,UPI
T008044,2024-10-18,P024,Watering Can,Outdoor,2,21.96,43.92,S001,C0212,Card
T008045,2024-05-17,P024,Watering Can,Outdoor,1,20.01,20.01,S002,C0045,Cash
T008046,2025-08-30,P012,Snack Box,Food and Beverage,3,21.5,64.5,S004,C0294,Card
T008047,2023-10-10,P004,Printer Paper,Stationery,1,6.47,6.47,S001,C0100,Card
T008048,2023-07-03,P016,LED Bulb Pack,Household,5,12.22,61.1,S002,C0283,UPI
T008049,2024-12-26,P005,Wireless Mouse,Electronics,5,24.79,123.95,S004,C0039,Bank Transfer
T008050,2023-05-16,P017,Cotton T-Shirt,Apparel,2,20.0,40.0,S002,C0130,UPI
T008051,2025-01-10,P009,Coffee Beans,Food and Beverage,6,15.32,91.92,S002,C0098,UPI
T008052,2025-10-03,P012,Snack Box,Food and Beverage,2,23.41,46.82,S001,C0273,Card
T008053,2025-06-29,P015,Storage Basket,Household,4,15.72,62.88,S001,C0014,Card
T008054,2023-07-17,P006,USB-C Hub,Electronics,4,32.9,131.6,S001,C0153,Card
T008055,2023-04-06,P018,Canvas Tote Bag,Apparel,3,13.5,40.5,S001,C0069,Cash
T008056,2024-09-22,P008,Webcam,Electronics,2,60.72,121.44,S003,C0243,Bank Transfer
T008057,2024-08-25,P014,Cleaning Spray,Household,2,7.51,15.02,S003,C0035,Bank Transfer
T008058,2025-10-20,P011,Reusable Water Bottle,Food and Beverage,1,18.55,18.55,S001,C0159,Cash
T008059,2025-08-12,P002,Ballpoint Pen Pack,Stationery,2,4.96,9.92,S003,C0074,UPI
T008060,2024-10-10,P011,Reusable Water Bottle,Food and Beverage,1,18.87,18.87,S003,C0043,UPI
T008061,2023-12-17,P002,Ballpoint Pen Pack,Stationery,2,5.03,10.06,S003,C0096,Card
T008062,2025-09-20,P012,Snack Box,Food and Beverage,1,23.7,23.7,S001,C0060,Cash
T008063,2023-02-15,P008,Webcam,Electronics,2,62.42,124.84,S001,C0290,UPI
T008064,2024-04-27,P002,Ballpoint Pen Pack,Stationery,3,5.35,16.05,S003,C0112,Cash
T008065,2025-08-15,P017,Cotton T-Shirt,Apparel,2,20.07,40.14,S001,C0216,Card
T008066,2024-04-26,P009,Coffee Beans,Food and Beverage,2,15.15,30.3,S001,C0089,UPI
T008067,2023-11-07,P020,Running Socks,Apparel,2,9.45,18.9,S001,C0212,UPI
T008068,2025-08-15,P004,Printer Paper,Stationery,1,6.72,6.72,S002,C0042,Card
T008069,2025-03-27,P024,Watering Can,Outdoor,3,20.05,60.15,S004,C0199,UPI
T008070,2024-07-20,P016,LED Bulb Pack,Household,2,12.23,24.46,S003,C0049,UPI
T008071,2024-03-30,P019,Baseball Cap,Apparel,2,16.02,32.04,S003,C0068,UPI
T008072,2025-09-15,P023,Hand Trowel,Outdoor,3,10.32,30.96,S002,C0171,Card
T008073,2023-04-30,P014,Cleaning Spray,Household,1,6.97,6.97,S004,C0170,UPI
T008074,2024-05-31,P002,Ballpoint Pen Pack,Stationery,1,5.14,5.14,S002,C0060,UPI
T008075,2025-03-16,P016,LED Bulb Pack,Household,1,12.43,12.43,S004,C0149,Cash
T008076,2024-03-19,P011,Reusable Water Bottle,Food and Beverage,3,17.66,52.98,S003,C0081,Bank Transfer
T008077,2023-12-23,P001,Notebook,Stationery,2,8.48,16.96,S001,C0178,Card
T008078,2024-05-20,P024,Watering Can,Outdoor,2,21.44,42.88,S001,C0042,UPI
T008079,2023-08-30,P003,Desk Organizer,Stationery,4,13.94,55.76,S001,C0300,UPI
T008080,2023-12-06,P013,Hand Soap,Household,1,4.83,4.83,S001,C0260,Cash
T008081,2023-01-30,P007,Bluetooth Speaker,Electronics,6,47.57,285.42,S004,C0245,Bank Transfer
T008082,2025-05-30,P014,Cleaning Spray,Household,2,7.23,14.46,S004,C0252,Card
T008083,2023-05-03,P017,Cotton T-Shirt,Apparel,1,20.72,20.72,S001,C0223,Card
T008084,2023-06-04,P009,Coffee Beans,Food and Beverage,4,15.27,61.08,S002,C0179,UPI
T008085,2025-07-09,P017,Cotton T-Shirt,Apparel,3,20.05,60.15,S002,C0292,Cash
T008086,2024-10-28,P024,Watering Can,Outdoor,2,20.47,40.94,S001,C0258,Bank Transfer
T008087,2023-01-19,P020,Running Socks,Apparel,2,9.86,19.72,S001,C0258,Card
T008088,2024-05-17,P008,Webcam,Electronics,2,55.77,111.54,S002,C0289,Cash
T008089,2023-03-17,P015,Storage Basket,Household,5,15.71,78.55,S003,C0074,Card
T008090,2023-05-14,P019,Baseball Cap,Apparel,1,15.14,15.14,S002,C0006,Cash
T008091,2024-08-15,P001,Notebook,Stationery,2,8.27,16.54,S002,C0154,Card
T008092,2024-06-05,P004,Printer Paper,Stationery,2,6.61,13.22,S001,C0090,UPI
T008093,2023-05-13,P009,Coffee Beans,Food and Beverage,2,16.35,32.7,S002,C0005,Card
T008094,2025-04-03,P008,Webcam,Electronics,2,55.89,111.78,S002,C0169,UPI
T008095,2024-01-20,P015,Storage Basket,Household,2,16.66,33.32,S004,C0100,Card
T008096,2024-12-22,P013,Hand Soap,Household,6,4.99,29.94,S002,C0120,Card
T008097,2024-06-07,P024,Watering Can,Outdoor,3,20.07,60.21,S003,C0075,Card
T008098,2023-04-28,P023,Hand Trowel,Outdoor,2,10.56,21.12,S002,C0153,Card
T008099,2025-12-09,P009,Coffee Beans,Food and Beverage,1,16.36,16.36,S003,C0135,Cash
T008100,2024-04-24,P021,Garden Gloves,Outdoor,1,9.43,9.43,S004,C0142,UPI
T008101,2024-08-20,P014,Cleaning Spray,Household,3,7.19,21.57,S004,C0222,Card
T008102,2025-11-08,P003,Desk Organizer,Stationery,4,14.64,58.56,S004,C0165,UPI
T008103,2024-02-29,P022,Plant Pot,Outdoor,3,12.32,36.96,S002,C0083,Card
T008104,2023-11-13,P008,Webcam,Electronics,2,56.17,112.34,S003,C0064,Card
T008105,2023-01-08,P004,Printer Paper,Stationery,1,7.13,7.13,S004,C0276,Card
T008106,2024-09-24,P007,Bluetooth Speaker,Electronics,5,52.98,264.9,S004,C0120,Cash
T008107,2025-06-13,P023,Hand Trowel,Outdoor,2,10.67,21.34,S001,C0256,Card
T008108,2023-05-09,P020,Running Socks,Apparel,1,10.58,10.58,S001,C0009,Card
T008109,2025-09-21,P018,Canvas Tote Bag,Apparel,1,14.24,14.24,S002,C0298,Cash
T008110,2025-07-14,P018,Canvas Tote Bag,Apparel,1,13.34,13.34,S001,C0298,Card
T008111,2025-11-13,P020,Running Socks,Apparel,1,9.81,9.81,S003,C0160,UPI
T008112,2024-03-13,P007,Bluetooth Speaker,Electronics,1,51.96,51.96,S004,C0266,UPI
T008113,2024-07-03,P005,Wireless Mouse,Electronics,2,25.21,50.42,S004,C0073,UPI
T008114,2024-04-23,P017,Cotton T-Shirt,Apparel,3,19.57,58.71,S003,C0045,Card
T008115,2023-04-11,P006,USB-C Hub,Electronics,4,34.65,138.6,S001,C0154,UPI
T008116,2024-05-30,P023,Hand Trowel,Outdoor,1,10.88,10.88,S001,C0022,Card
T008117,2025-05-19,P006,USB-C Hub,Electronics,4,34.13,136.52,S001,C0213,UPI
T008118,2024-04-15,P009,Coffee Beans,Food and Beverage,2,16.02,32.04,S001,C0107,Bank Transfer
T008119,2024-03-01,P014,Cleaning Spray,Household,2,6.88,13.76,S003,C0248,Card
T008120,2023-02-07,P002,Ballpoint Pen Pack,Stationery,3,5.42,16.26,S001,C0076,Card
T008121,2025-12-04,P010,Tea Assortment,Food and Beverage,2,12.28,24.56,S001,C0110,UPI
T008122,2023-06-21,P014,Cleaning Spray,Household,2,7.56,15.12,S003,C0007,Cash
T008123,2024-05-20,P009,Coffee Beans,Food and Beverage,2,16.15,32.3,S001,C0106,UPI
T008124,2023-03-19,P015,Storage Basket,Household,1,17.49,17.49,S003,C0211,Card
T008125,2023-02-28,P018,Canvas Tote Bag,Apparel,3,13.71,41.13,S001,C0199,Card
T008126,2023-05-15,P002,Ballpoint Pen Pack,Stationery,2,5.22,10.44,S004,C0214,UPI
T008127,2024-02-03,P012,Snack Box,Food and Beverage,3,21.56,64.68,S003,C0247,Cash
T008128,2024-05-25,P020,Running Socks,Apparel,4,10.35,41.4,S001,C0291,UPI
T008129,2024-06-25,P007,Bluetooth Speaker,Electronics,1,52.96,52.96,S004,C0168,Cash
T008130,2025-03-20,P011,Reusable Water Bottle,Food and Beverage,3,17.72,53.16,S002,C0084,Bank Transfer
T008131,2023-09-11,P012,Snack Box,Food and Beverage,2,22.39,44.78,S002,C0221,Cash
T008132,2023-07-23,P018,Canvas Tote Bag,Apparel,4,12.83,51.32,S003,C0087,Card
T008133,2024-02-27,P019,Baseball Cap,Apparel,2,16.25,32.5,S003,C0080,Card
T008134,2024-12-01,P011,Reusable Water Bottle,Food and Beverage,5,17.79,88.95,S001,C0063,UPI
T008135,2023-05-30,P019,Baseball Cap,Apparel,2,15.81,31.62,S001,C0298,Card
T008136,2024-08-28,P005,Wireless Mouse,Electronics,1,24.3,24.3,S004,C0222,Card
T008137,2023-04-13,P008,Webcam,Electronics,2,61.74,123.48,S001,C0157,Card
T008138,2024-05-31,P016,LED Bulb Pack,Household,3,12.14,36.42,S003,C0149,Cash
T008139,2025-02-12,P023,Hand Trowel,Outdoor,1,10.85,10.85,S001,C0144,Bank Transfer
T008140,2024-07-02,P006,USB-C Hub,Electronics,1,33.97,33.97,S001,C0154,Bank Transfer
T008141,2024-12-25,P004,Printer Paper,Stationery,2,6.37,12.74,S004,C0077,Cash
T008142,2024-11-02,P006,USB-C Hub,Electronics,1,35.8,35.8,S002,C0229,Card
T008143,2024-05-03,P006,USB-C Hub,Electronics,3,33.29,99.87,S003,C0059,Card
T008144,2024-07-16,P019,Baseball Cap,Apparel,2,15.07,30.14,S004,C0142,UPI
T008145,2024-09-02,P020,Running Socks,Apparel,3,9.5,28.5,S002,C0051,Card
T008146,2025-12-09,P021,Garden Gloves,Outdoor,1,8.48,8.48,S003,C0260,Card
T008147,2024-07-13,P017,Cotton T-Shirt,Apparel,1,20.21,20.21,S003,C0066,Card
T008148,2023-10-01,P006,USB-C Hub,Electronics,2,35.52,71.04,S002,C0255,UPI
T008149,2023-03-19,P019,Baseball Cap,Apparel,2,15.77,31.54,S001,C0181,Cash
T008150,2025-11-27,P016,LED Bulb Pack,Household,4,12.35,49.4,S004,C0165,UPI
T008151,2024-01-17,P006,USB-C Hub,Electronics,1,36.11,36.11,S002,C0215,Card
T008152,2024-11-23,P017,Cotton T-Shirt,Apparel,1,20.96,20.96,S002,C0063,Bank Transfer
T008153,2023-07-08,P024,Watering Can,Outdoor,1,22.2,22.2,S001,C0009,UPI
T008154,2024-05-27,P020,Running Socks,Apparel,1,9.5,9.5,S004,C0028,UPI
T008155,2024-06-23,P005,Wireless Mouse,Electronics,2,25.41,50.82,S001,C0096,Card
T008156,2023-03-10,P010,Tea Assortment,Food and Beverage,2,13.0,26.0,S001,C0281,Bank Transfer
T008157,2025-04-26,P016,LED Bulb Pack,Household,1,11.95,11.95,S002,C0277,UPI
T008158,2023-04-22,P001,Notebook,Stationery,2,8.28,16.56,S002,C0173,Cash
T008159,2024-11-05,P013,Hand Soap,Household,2,5.01,10.02,S002,C0027,Card
T008160,2025-06-07,P004,Printer Paper,Stationery,1,6.63,6.63,S002,C0022,UPI
T008161,2023-10-05,P004,Printer Paper,Stationery,6,6.79,40.74,S002,C0175,Bank Transfer
T008162,2023-12-01,P022,Plant Pot,Outdoor,3,11.86,35.58,S001,C0168,Cash
T008163,2023-12-17,P011,Reusable Water Bottle,Food and Beverage,3,17.98,53.94,S002,C0211,Cash
T008164,2023-01-14,P024,Watering Can,Outdoor,1,20.68,20.68,S003,C0288,Card
T008165,2023-07-31,P002,Ballpoint Pen Pack,Stationery,1,5.37,5.37,S001,C0104,Bank Transfer
T008166,2025-07-28,P004,Printer Paper,Stationery,3,6.94,20.82,S001,C0228,UPI
T008167,2025-03-01,P008,Webcam,Electronics,1,55.97,55.97,S001,C0070,Bank Transfer
T008168,2024-03-17,P017,Cotton T-Shirt,Apparel,6,19.26,115.56,S001,C0290,Bank Transfer
T008169,2024-04-14,P004,Printer Paper,Stationery,2,6.8,13.6,S003,C0266,Cash
T008170,2025-12-20,P004,Printer Paper,Stationery,4,6.39,25.56,S002,C0195,Cash
T008171,2023-10-08,P003,Desk Organizer,Stationery,3,14.78,44.34,S001,C0046,UPI
T008172,2024-10-04,P004,Printer Paper,Stationery,4,6.51,26.04,S002,C0241,Card
T008173,2024-07-07,P008,Webcam,Electronics,5,60.22,301.1,S001,C0284,Cash
T008174,2023-07-29,P006,USB-C Hub,Electronics,1,34.06,34.06,S002,C0078,UPI
T008175,2025-06-24,P016,LED Bulb Pack,Household,1,12.26,12.26,S002,C0245,Card
T008176,2025-10-13,P021,Garden Gloves,Outdoor,1,9.51,9.51,S001,C0229,Card
T008177,2023-08-23,P021,Garden Gloves,Outdoor,1,9.29,9.29,S001,C0187,Card
T008178,2025-02-17,P018,Canvas Tote Bag,Apparel,5,13.79,68.95,S001,C0093,UPI
T008179,2024-10-08,P024,Watering Can,Outdoor,4,21.46,85.84,S003,C0292,Card
T008180,2023-03-25,P005,Wireless Mouse,Electronics,2,24.93,49.86,S001,C0151,Card
T008181,2024-08-18,P001,Notebook,Stationery,1,8.63,8.63,S001,C0235,UPI
T008182,2025-07-30,P021,Garden Gloves,Outdoor,1,8.92,8.92,S001,C0010,Bank Transfer
T008183,2023-07-21,P010,Tea Assortment,Food and Beverage,2,12.61,25.22,S004,C0183,Card
T008184,2025-09-16,P015,Storage Basket,Household,3,16.09,48.27,S003,C0260,Cash
T008185,2023-01-10,P021,Garden Gloves,Outdoor,4,8.91,35.64,S002,C0136,UPI
T008186,2024-12-20,P020,Running Socks,Apparel,1,10.53,10.53,S004,C0114,Bank Transfer
T008187,2025-05-17,P022,Plant Pot,Outdoor,1,11.67,11.67,S003,C0184,Card
T008188,2024-02-23,P002,Ballpoint Pen Pack,Stationery,5,5.18,25.9,S002,C0009,Card
T008189,2025-11-23,P010,Tea Assortment,Food and Beverage,1,12.05,12.05,S002,C0040,Card
T008190,2024-09-08,P002,Ballpoint Pen Pack,Stationery,2,5.44,10.88,S002,C0111,Bank Transfer
T008191,2025-04-26,P001,Notebook,Stationery,1,8.43,8.43,S001,C0126,UPI
T008192,2023-11-15,P009,Coffee Beans,Food and Beverage,5,15.1,75.5,S002,C0246,Bank Transfer
T008193,2023-04-15,P012,Snack Box,Food and Beverage,3,22.71,68.13,S003,C0185,Card
T008194,2024-09-16,P008,Webcam,Electronics,2,58.44,116.88,S001,C0225,Card
T008195,2024-09-05,P019,Baseball Cap,Apparel,1,16.02,16.02,S001,C0191,Card
T008196,2025-06-28,P017,Cotton T-Shirt,Apparel,1,19.49,19.49,S001,C0163,UPI
T008197,2023-09-21,P024,Watering Can,Outdoor,3,19.86,59.58,S004,C0157,Card
T008198,2024-11-24,P017,Cotton T-Shirt,Apparel,1,19.48,19.48,S001,C0048,Cash
T008199,2025-06-13,P008,Webcam,Electronics,5,56.19,280.95,S002,C0089,Card
T008200,2023-05-27,P022,Plant Pot,Outdoor,2,12.47,24.94,S004,C0067,Card
T008201,2025-09-30,P006,USB-C Hub,Electronics,2,34.82,69.64,S002,C0019,Card
T008202,2024-03-10,P010,Tea Assortment,Food and Beverage,3,12.9,38.7,S002,C0280,Bank Transfer
T008203,2024-04-19,P019,Baseball Cap,Apparel,1,16.07,16.07,S001,C0118,Cash
T008204,2024-02-02,P010,Tea Assortment,Food and Beverage,2,12.3,24.6,S003,C0071,UPI
T008205,2023-06-08,P011,Reusable Water Bottle,Food and Beverage,3,17.8,53.4,S004,C0085,Card
T008206,2025-08-31,P012,Snack Box,Food and Beverage,2,22.5,45.0,S001,C0151,Bank Transfer
T008207,2023-08-13,P020,Running Socks,Apparel,2,9.64,19.28,S001,C0068,UPI
T008208,2024-08-31,P004,Printer Paper,Stationery,3,6.57,19.71,S004,C0150,Cash
T008209,2025-03-22,P004,Printer Paper,Stationery,1,7.03,7.03,S001,C0194,Bank Transfer
T008210,2024-06-24,P006,USB-C Hub,Electronics,1,34.1,34.1,S004,C0084,Card
T008211,2025-12-23,P004,Printer Paper,Stationery,5,6.9,34.5,S002,C0297,Card
T008212,2025-11-25,P004,Printer Paper,Stationery,5,6.45,32.25,S003,C0191,Card
T008213,2025-04-08,P002,Ballpoint Pen Pack,Stationery,2,5.23,10.46,S003,C0283,Card
T008214,2025-11-30,P010,Tea Assortment,Food and Beverage,6,12.78,76.68,S003,C0115,Card
T008215,2023-02-10,P002,Ballpoint Pen Pack,Stationery,2,5.21,10.42,S002,C0116,Cash
T008216,2025-09-20,P020,Running Socks,Apparel,1,10.19,10.19,S004,C0020,Card
T008217,2024-07-16,P020,Running Socks,Apparel,2,9.82,19.64,S002,C0209,Card
T008218,2025-05-12,P001,Notebook,Stationery,2,8.84,17.68,S004,C0107,UPI
T008219,2024-08-12,P006,USB-C Hub,Electronics,3,34.04,102.12,S004,C0078,UPI
T008220,2023-07-09,P013,Hand Soap,Household,3,4.87,14.61,S001,C0203,Cash
T008221,2024-11-18,P011,Reusable Water Bottle,Food and Beverage,4,18.56,74.24,S003,C0121,Card
T008222,2025-04-23,P010,Tea Assortment,Food and Beverage,1,12.98,12.98,S001,C0142,UPI
T008223,2023-04-07,P004,Printer Paper,Stationery,1,6.48,6.48,S001,C0115,Bank Transfer
T008224,2023-10-22,P019,Baseball Cap,Apparel,6,15.23,91.38,S004,C0038,Bank Transfer
T008225,2024-01-14,P008,Webcam,Electronics,3,57.05,171.15,S001,C0247,Card
T008226,2024-11-27,P002,Ballpoint Pen Pack,Stationery,2,5.23,10.46,S003,C0083,Card
T008227,2024-11-13,P022,Plant Pot,Outdoor,3,12.47,37.41,S004,C0234,Card
T008228,2024-08-31,P013,Hand Soap,Household,1,4.71,4.71,S001,C0089,Card
T008229,2025-04-01,P017,Cotton T-Shirt,Apparel,2,19.51,39.02,S002,C0044,UPI
T008230,2023-10-09,P006,USB-C Hub,Electronics,1,33.29,33.29,S004,C0269,Card
T008231,2023-09-08,P001,Notebook,Stationery,2,8.45,16.9,S002,C0080,UPI
T008232,2025-06-20,P017,Cotton T-Shirt,Apparel,2,21.08,42.16,S003,C0250,Card
T008233,2025-08-19,P008,Webcam,Electronics,3,57.62,172.86,S001,C0118,Card
T008234,2025-03-25,P007,Bluetooth Speaker,Electronics,1,50.73,50.73,S003,C0132,Card
T008235,2025-02-07,P022,Plant Pot,Outdoor,1,11.69,11.69,S002,C0031,UPI
T008236,2025-03-25,P013,Hand Soap,Household,5,4.83,24.15,S002,C0155,Bank Transfer
T008237,2024-12-09,P004,Printer Paper,Stationery,3,6.66,19.98,S001,C0191,Card
T008238,2025-11-01,P016,LED Bulb Pack,Household,1,11.43,11.43,S001,C0298,UPI
T008239,2023-04-13,P015,Storage Basket,Household,2,15.68,31.36,S003,C0010,Cash
T008240,2025-11-03,P010,Tea Assortment,Food and Beverage,4,12.42,49.68,S003,C0075,Card
T008241,2024-06-19,P008,Webcam,Electronics,6,61.07,366.42,S004,C0114,Card
T008242,2025-10-26,P017,Cotton T-Shirt,Apparel,3,19.67,59.01,S001,C0296,Bank Transfer
T008243,2025-07-01,P015,Storage Basket,Household,2,15.68,31.36,S004,C0268,Cash
T008244,2024-06-21,P002,Ballpoint Pen Pack,Stationery,2,5.55,11.1,S001,C0287,UPI
T008245,2025-12-19,P019,Baseball Cap,Apparel,3,16.35,49.05,S001,C0027,Card
T008246,2023-02-18,P024,Watering Can,Outdoor,4,21.96,87.84,S002,C0033,Card
T008247,2025-12-11,P005,Wireless Mouse,Electronics,2,25.76,51.52,S001,C0242,Card
T008248,2025-12-02,P019,Baseball Cap,Apparel,1,15.99,15.99,S001,C0069,Card
T008249,2025-07-07,P024,Watering Can,Outdoor,1,21.18,21.18,S001,C0135,Card
T008250,2025-08-14,P015,Storage Basket,Household,3,16.13,48.39,S001,C0115,Bank Transfer
T008251,2025-04-20,P011,Reusable Water Bottle,Food and Beverage,2,18.79,37.58,S002,C0214,Bank Transfer
T008252,2023-03-18,P001,Notebook,Stationery,2,8.4,16.8,S002,C0202,Card
T008253,2023-12-21,P010,Tea Assortment,Food and Beverage,1,12.73,12.73,S002,C0031,UPI
T008254,2025-09-02,P014,Cleaning Spray,Household,2,6.94,13.88,S003,C0069,UPI
T008255,2023-01-25,P023,Hand Trowel,Outdoor,4,10.82,43.28,S001,C0122,Cash
T008256,2023-07-25,P005,Wireless Mouse,Electronics,1,25.56,25.56,S001,C0252,Card
T008257,2023-02-26,P005,Wireless Mouse,Electronics,4,25.63,102.52,S001,C0164,Cash
T008258,2023-03-07,P009,Coffee Beans,Food and Beverage,1,14.99,14.99,S001,C0014,UPI
T008259,2023-06-29,P007,Bluetooth Speaker,Electronics,2,52.43,104.86,S003,C0095,UPI
T008260,2025-09-11,P013,Hand Soap,Household,1,4.53,4.53,S001,C0224,Card
T008261,2024-12-07,P006,USB-C Hub,Electronics,2,35.62,71.24,S001,C0032,UPI
T008262,2024-09-01,P013,Hand Soap,Household,1,4.83,4.83,S002,C0260,Bank Transfer
T008263,2024-12-14,P009,Coffee Beans,Food and Beverage,4,15.92,63.68,S004,C0296,Cash
T008264,2023-08-02,P019,Baseball Cap,Apparel,2,15.59,31.18,S003,C0058,Card
T008265,2024-09-08,P002,Ballpoint Pen Pack,Stationery,3,5.03,15.09,S002,C0271,Card
T008266,2023-10-27,P019,Baseball Cap,Apparel,1,15.5,15.5,S002,C0288,Cash
T008267,2023-08-12,P010,Tea Assortment,Food and Beverage,1,12.54,12.54,S004,C0103,UPI
T008268,2023-04-17,P012,Snack Box,Food and Beverage,2,22.93,45.86,S003,C0096,UPI
T008269,2025-03-17,P015,Storage Basket,Household,2,16.51,33.02,S001,C0297,UPI
T008270,2023-05-15,P016,LED Bulb Pack,Household,1,12.2,12.2,S003,C0093,Bank Transfer
T008271,2024-07-03,P024,Watering Can,Outdoor,1,21.07,21.07,S001,C0111,UPI
T008272,2025-09-21,P002,Ballpoint Pen Pack,Stationery,2,5.07,10.14,S001,C0161,UPI
T008273,2025-03-01,P003,Desk Organizer,Stationery,4,14.0,56.0,S002,C0263,UPI
T008274,2025-01-28,P021,Garden Gloves,Outdoor,1,9.12,9.12,S002,C0278,Bank Transfer
T008275,2025-10-09,P013,Hand Soap,Household,3,4.83,14.49,S004,C0240,Card
T008276,2025-05-24,P009,Coffee Beans,Food and Beverage,4,14.87,59.48,S004,C0208,Card
T008277,2024-04-19,P019,Baseball Cap,Apparel,2,16.07,32.14,S003,C0111,Card
T008278,2024-10-16,P005,Wireless Mouse,Electronics,2,24.16,48.32,S002,C0277,Card
T008279,2023-02-24,P012,Snack Box,Food and Beverage,3,21.5,64.5,S001,C0183,Bank Transfer
T008280,2025-06-21,P021,Garden Gloves,Outdoor,1,8.47,8.47,S001,C0295,Card
T008281,2025-09-21,P015,Storage Basket,Household,1,16.52,16.52,S001,C0259,Card
T008282,2024-04-07,P007,Bluetooth Speaker,Electronics,1,48.95,48.95,S004,C0151,Card
T008283,2024-11-30,P016,LED Bulb Pack,Household,1,11.46,11.46,S003,C0299,Card
T008284,2024-01-15,P001,Notebook,Stationery,1,8.62,8.62,S003,C0001,UPI
T008285,2024-05-23,P019,Baseball Cap,Apparel,2,15.51,31.02,S003,C0065,UPI
T008286,2023-04-01,P017,Cotton T-Shirt,Apparel,4,18.82,75.28,S001,C0023,Cash
T008287,2024-05-27,P009,Coffee Beans,Food and Beverage,1,15.97,15.97,S001,C0255,UPI
T008288,2024-12-27,P017,Cotton T-Shirt,Apparel,2,19.01,38.02,S001,C0168,Card
T008289,2024-05-29,P016,LED Bulb Pack,Household,2,11.83,23.66,S002,C0161,UPI
T008290,2025-10-03,P024,Watering Can,Outdoor,4,21.64,86.56,S003,C0038,Cash
T008291,2024-05-25,P013,Hand Soap,Household,2,4.68,9.36,S003,C0168,Card
T008292,2024-06-29,P006,USB-C Hub,Electronics,6,32.77,196.62,S002,C0098,Card
T008293,2023-09-29,P009,Coffee Beans,Food and Beverage,2,15.34,30.68,S004,C0128,Card
T008294,2023-04-04,P009,Coffee Beans,Food and Beverage,2,15.59,31.18,S004,C0246,Card
T008295,2025-11-26,P024,Watering Can,Outdoor,3,20.56,61.68,S001,C0086,Cash
T008296,2025-09-23,P009,Coffee Beans,Food and Beverage,3,14.82,44.46,S001,C0200,Card
T008297,2025-02-18,P004,Printer Paper,Stationery,1,6.64,6.64,S002,C0223,UPI
T008298,2025-10-12,P013,Hand Soap,Household,4,4.5,18.0,S004,C0081,Card
T008299,2024-09-30,P021,Garden Gloves,Outdoor,1,9.08,9.08,S002,C0028,Card
T008300,2025-01-11,P011,Reusable Water Bottle,Food and Beverage,2,18.97,37.94,S004,C0263,UPI
T008301,2024-05-29,P012,Snack Box,Food and Beverage,1,21.24,21.24,S002,C0189,UPI
T008302,2024-01-07,P019,Baseball Cap,Apparel,3,16.54,49.62,S001,C0043,UPI
T008303,2024-08-31,P001,Notebook,Stationery,2,8.02,16.04,S002,C0248,Cash
T008304,2024-11-20,P016,LED Bulb Pack,Household,2,12.37,24.74,S002,C0027,Card
T008305,2025-04-26,P004,Printer Paper,Stationery,3,7.02,21.06,S001,C0145,Card
T008306,2023-01-25,P024,Watering Can,Outdoor,3,21.93,65.79,S004,C0220,UPI
T008307,2025-08-18,P020,Running Socks,Apparel,6,10.43,62.58,S003,C0279,UPI
T008308,2024-09-09,P021,Garden Gloves,Outdoor,3,9.06,27.18,S003,C0236,UPI
T008309,2023-02-16,P013,Hand Soap,Household,2,4.59,9.18,S001,C0024,Bank Transfer
T008310,2025-04-12,P013,Hand Soap,Household,5,5.03,25.15,S002,C0065,Card
T008311,2025-06-26,P021,Garden Gloves,Outdoor,5,8.81,44.05,S002,C0260,Card
T008312,2024-08-03,P010,Tea Assortment,Food and Beverage,1,12.16,12.16,S003,C0045,Cash
T008313,2023-10-24,P017,Cotton T-Shirt,Apparel,1,19.95,19.95,S004,C0278,UPI
T008314,2024-11-14,P003,Desk Organizer,Stationery,2,13.5,27.0,S003,C0131,Cash
T008315,2024-07-28,P024,Watering Can,Outdoor,2,19.96,39.92,S004,C0067,Cash
T008316,2025-05-31,P002,Ballpoint Pen Pack,Stationery,3,5.26,15.78,S004,C0249,UPI
T008317,2024-08-04,P002,Ballpoint Pen Pack,Stationery,1,5.25,5.25,S002,C0084,UPI
T008318,2024-05-05,P016,LED Bulb Pack,Household,1,12.28,12.28,S004,C0210,UPI
T008319,2025-09-21,P015,Storage Basket,Household,2,16.45,32.9,S002,C0184,UPI
T008320,2025-07-03,P014,Cleaning Spray,Household,2,7.54,15.08,S002,C0276,UPI
T008321,2023-08-11,P002,Ballpoint Pen Pack,Stationery,3,5.46,16.38,S004,C0125,Card
T008322,2023-07-23,P003,Desk Organizer,Stationery,2,13.69,27.38,S001,C0129,UPI
T008323,2023-06-02,P023,Hand Trowel,Outdoor,2,10.11,20.22,S002,C0197,UPI
T008324,2024-04-28,P024,Watering Can,Outdoor,3,21.46,64.38,S001,C0008,UPI
T008325,2024-04-20,P005,Wireless Mouse,Electronics,2,24.64,49.28,S002,C0270,Card
T008326,2023-02-21,P013,Hand Soap,Household,3,4.64,13.92,S002,C0238,Card
T008327,2023-02-02,P004,Printer Paper,Stationery,2,6.64,13.28,S004,C0155,UPI
T008328,2023-07-20,P011,Reusable Water Bottle,Food and Beverage,2,17.6,35.2,S001,C0021,Card
T008329,2025-05-13,P014,Cleaning Spray,Household,3,7.54,22.62,S002,C0102,UPI
T008330,2023-10-22,P005,Wireless Mouse,Electronics,3,25.65,76.95,S002,C0232,UPI
T008331,2025-05-13,P020,Running Socks,Apparel,1,10.1,10.1,S004,C0096,UPI
T008332,2024-01-07,P018,Canvas Tote Bag,Apparel,3,13.93,41.79,S001,C0089,UPI
T008333,2024-09-16,P022,Plant Pot,Outdoor,2,12.51,25.02,S003,C0240,UPI
T008334,2024-12-01,P023,Hand Trowel,Outdoor,1,10.78,10.78,S004,C0068,Card
T008335,2025-11-13,P009,Coffee Beans,Food and Beverage,5,15.57,77.85,S001,C0080,Card
T008336,2025-09-18,P008,Webcam,Electronics,2,60.82,121.64,S004,C0281,Card
T008337,2024-05-23,P023,Hand Trowel,Outdoor,2,10.36,20.72,S002,C0030,UPI
T008338,2023-05-09,P002,Ballpoint Pen Pack,Stationery,2,5.42,10.84,S002,C0011,Card
T008339,2025-03-05,P006,USB-C Hub,Electronics,2,35.52,71.04,S001,C0141,Bank Transfer
T008340,2025-12-23,P024,Watering Can,Outdoor,1,21.76,21.76,S002,C0042,UPI
T008341,2023-05-03,P021,Garden Gloves,Outdoor,5,8.6,43.0,S004,C0059,Card
T008342,2024-06-05,P012,Snack Box,Food and Beverage,1,23.12,23.12,S001,C0113,UPI
T008343,2024-10-30,P003,Desk Organizer,Stationery,2,14.28,28.56,S001,C0010,Card
T008344,2025-11-22,P011,Reusable Water Bottle,Food and Beverage,1,18.65,18.65,S004,C0279,Card
T008345,2023-08-30,P002,Ballpoint Pen Pack,Stationery,1,5.52,5.52,S004,C0136,Bank Transfer
T008346,2023-01-07,P003,Desk Organizer,Stationery,4,14.76,59.04,S001,C0141,Cash
T008347,2023-02-19,P009,Coffee Beans,Food and Beverage,2,15.35,30.7,S004,C0173,Card
T008348,2024-12-10,P024,Watering Can,Outdoor,1,22.12,22.12,S004,C0240,Bank Transfer
T008349,2023-07-04,P001,Notebook,Stationery,3,8.28,24.84,S001,C0294,Cash
T008350,2024-06-25,P002,Ballpoint Pen Pack,Stationery,1,5.39,5.39,S003,C0184,UPI
T008351,2025-03-30,P010,Tea Assortment,Food and Beverage,3,13.22,39.66,S001,C0052,UPI
T008352,2023-03-27,P014,Cleaning Spray,Household,3,7.17,21.51,S001,C0132,Bank Transfer
T008353,2024-12-20,P007,Bluetooth Speaker,Electronics,4,50.67,202.68,S003,C0260,Card
T008354,2025-03-18,P022,Plant Pot,Outdoor,2,12.57,25.14,S001,C0110,Card
T008355,2025-08-23,P022,Plant Pot,Outdoor,4,11.78,47.12,S001,C0292,UPI
T008356,2024-09-26,P024,Watering Can,Outdoor,1,21.95,21.95,S001,C0108,UPI
T008357,2024-06-13,P002,Ballpoint Pen Pack,Stationery,1,5.32,5.32,S003,C0125,UPI
T008358,2025-01-28,P024,Watering Can,Outdoor,2,20.53,41.06,S001,C0098,UPI
T008359,2025-02-08,P019,Baseball Cap,Apparel,2,16.73,33.46,S004,C0078,UPI
T008360,2023-07-11,P005,Wireless Mouse,Electronics,1,25.19,25.19,S001,C0167,UPI
T008361,2024-09-02,P001,Notebook,Stationery,1,8.13,8.13,S002,C0206,UPI
T008362,2023-07-29,P001,Notebook,Stationery,3,8.77,26.31,S001,C0010,Card
T008363,2024-12-28,P009,Coffee Beans,Food and Beverage,2,14.68,29.36,S002,C0299,Card
T008364,2023-01-12,P011,Reusable Water Bottle,Food and Beverage,1,17.59,17.59,S001,C0130,UPI
T008365,2025-08-28,P005,Wireless Mouse,Electronics,2,23.64,47.28,S002,C0129,UPI
T008366,2025-01-28,P016,LED Bulb Pack,Household,3,11.74,35.22,S003,C0057,Bank Transfer
T008367,2025-07-11,P002,Ballpoint Pen Pack,Stationery,3,5.47,16.41,S001,C0200,Card
T008368,2025-10-02,P004,Printer Paper,Stationery,1,6.59,6.59,S003,C0214,Card
T008369,2025-05-02,P011,Reusable Water Bottle,Food and Beverage,1,18.35,18.35,S002,C0265,UPI
T008370,2024-05-24,P011,Reusable Water Bottle,Food and Beverage,6,17.09,102.54,S003,C0146,Card
T008371,2024-04-21,P003,Desk Organizer,Stationery,2,13.23,26.46,S004,C0281,Card
T008372,2024-08-27,P012,Snack Box,Food and Beverage,3,21.67,65.01,S003,C0271,UPI
T008373,2024-03-17,P002,Ballpoint Pen Pack,Stationery,2,5.24,10.48,S004,C0238,Bank Transfer
T008374,2025-10-03,P022,Plant Pot,Outdoor,1,11.72,11.72,S002,C0078,UPI
T008375,2023-10-18,P002,Ballpoint Pen Pack,Stationery,2,5.2,10.4,S001,C0082,Card
T008376,2023-09-30,P009,Coffee Beans,Food and Beverage,2,14.99,29.98,S001,C0038,Card
T008377,2023-07-04,P011,Reusable Water Bottle,Food and Beverage,3,17.85,53.55,S001,C0073,UPI
T008378,2023-01-04,P011,Reusable Water Bottle,Food and Beverage,1,18.72,18.72,S003,C0163,Card
T008379,2023-09-12,P017,Cotton T-Shirt,Apparel,2,20.57,41.14,S002,C0189,Bank Transfer
T008380,2023-11-02,P001,Notebook,Stationery,3,8.31,24.93,S004,C0223,UPI
T008381,2025-02-13,P020,Running Socks,Apparel,2,10.0,20.0,S004,C0093,Card
T008382,2024-01-13,P002,Ballpoint Pen Pack,Stationery,2,5.08,10.16,S004,C0136,UPI
T008383,2023-05-16,P021,Garden Gloves,Outdoor,2,9.45,18.9,S003,C0163,UPI
T008384,2023-02-09,P001,Notebook,Stationery,1,8.91,8.91,S002,C0012,UPI
T008385,2023-12-15,P001,Notebook,Stationery,1,8.55,8.55,S002,C0058,UPI
T008386,2024-08-07,P019,Baseball Cap,Apparel,3,16.79,50.37,S001,C0222,Card
T008387,2024-06-12,P006,USB-C Hub,Electronics,1,33.84,33.84,S001,C0276,Card
T008388,2024-02-21,P017,Cotton T-Shirt,Apparel,3,19.02,57.06,S001,C0286,Card
T008389,2023-11-22,P020,Running Socks,Apparel,1,9.65,9.65,S001,C0292,Card
T008390,2025-10-17,P023,Hand Trowel,Outdoor,1,10.76,10.76,S003,C0115,Card
T008391,2023-04-18,P021,Garden Gloves,Outdoor,2,8.67,17.34,S003,C0033,Card
T008392,2023-02-27,P015,Storage Basket,Household,2,16.69,33.38,S001,C0030,UPI
T008393,2024-12-25,P020,Running Socks,Apparel,3,9.56,28.68,S002,C0277,Card
T008394,2025-02-18,P014,Cleaning Spray,Household,1,7.4,7.4,S001,C0153,UPI
T008395,2024-05-24,P001,Notebook,Stationery,1,8.97,8.97,S001,C0235,UPI
T008396,2023-04-16,P015,Storage Basket,Household,3,17.37,52.11,S001,C0010,Card
T008397,2024-02-15,P004,Printer Paper,Stationery,4,6.41,25.64,S004,C0234,Card
T008398,2024-02-13,P007,Bluetooth Speaker,Electronics,2,51.01,102.02,S001,C0162,UPI
T008399,2025-07-31,P013,Hand Soap,Household,2,4.58,9.16,S001,C0133,Card
T008400,2024-08-20,P008,Webcam,Electronics,1,56.3,56.3,S002,C0201,Card
T008401,2025-08-10,P004,Printer Paper,Stationery,2,6.99,13.98,S004,C0133,UPI
T008402,2024-03-03,P022,Plant Pot,Outdoor,1,12.4,12.4,S002,C0049,UPI
T008403,2025-12-06,P009,Coffee Beans,Food and Beverage,1,16.36,16.36,S003,C0287,Card
T008404,2025-05-21,P004,Printer Paper,Stationery,2,7.11,14.22,S001,C0075,Card
T008405,2023-05-31,P014,Cleaning Spray,Household,2,7.22,14.44,S001,C0245,UPI
T008406,2024-03-23,P020,Running Socks,Apparel,3,9.6,28.8,S003,C0212,Card
T008407,2025-03-04,P008,Webcam,Electronics,3,58.36,175.08,S001,C0163,Cash
T008408,2024-10-12,P015,Storage Basket,Household,2,17.0,34.0,S001,C0248,Card
T008409,2024-03-30,P020,Running Socks,Apparel,4,9.43,37.72,S002,C0179,Cash
T008410,2025-12-16,P005,Wireless Mouse,Electronics,3,24.36,73.08,S003,C0013,Card
T008411,2023-08-06,P002,Ballpoint Pen Pack,Stationery,2,5.01,10.02,S001,C0049,Bank Transfer
T008412,2024-09-02,P012,Snack Box,Food and Beverage,1,21.85,21.85,S002,C0130,Cash
T008413,2024-03-02,P010,Tea Assortment,Food and Beverage,4,12.24,48.96,S001,C0081,Card
T008414,2023-11-23,P003,Desk Organizer,Stationery,2,13.65,27.3,S004,C0045,Card
T008415,2024-01-24,P018,Canvas Tote Bag,Apparel,1,12.8,12.8,S004,C0254,Card
T008416,2025-02-20,P008,Webcam,Electronics,2,59.06,118.12,S002,C0135,Card
T008417,2025-11-28,P024,Watering Can,Outdoor,2,20.56,41.12,S002,C0136,UPI
T008418,2025-02-16,P019,Baseball Cap,Apparel,4,16.67,66.68,S001,C0049,Card
T008419,2023-05-20,P009,Coffee Beans,Food and Beverage,2,15.04,30.08,S003,C0072,Card
T008420,2023-11-30,P017,Cotton T-Shirt,Apparel,1,20.35,20.35,S001,C0212,Bank Transfer
T008421,2023-06-18,P013,Hand Soap,Household,4,4.52,18.08,S001,C0233,UPI
T008422,2024-10-03,P007,Bluetooth Speaker,Electronics,1,52.61,52.61,S003,C0235,Card
T008423,2023-08-16,P006,USB-C Hub,Electronics,3,34.77,104.31,S001,C0288,UPI
T008424,2025-03-08,P012,Snack Box,Food and Beverage,1,22.08,22.08,S004,C0163,Cash
T008425,2025-05-01,P013,Hand Soap,Household,3,4.94,14.82,S003,C0151,Card
T008426,2023-10-12,P006,USB-C Hub,Electronics,2,36.01,72.02,S002,C0090,Card
T008427,2023-09-02,P009,Coffee Beans,Food and Beverage,2,14.94,29.88,S003,C0015,Card
T008428,2025-02-11,P010,Tea Assortment,Food and Beverage,1,12.63,12.63,S004,C0025,Card
T008429,2024-09-03,P008,Webcam,Electronics,2,61.44,122.88,S004,C0217,Cash
T008430,2025-10-27,P001,Notebook,Stationery,1,8.51,8.51,S001,C0134,UPI
T008431,2024-05-19,P021,Garden Gloves,Outdoor,4,8.66,34.64,S001,C0257,UPI
T008432,2025-01-05,P001,Notebook,Stationery,3,8.72,26.16,S002,C0280,Cash
T008433,2025-11-30,P001,Notebook,Stationery,2,8.24,16.48,S003,C0047,UPI
T008434,2024-02-14,P010,Tea Assortment,Food and Beverage,3,12.65,37.95,S001,C0086,UPI
T008435,2024-01-03,P017,Cotton T-Shirt,Apparel,3,20.82,62.46,S004,C0201,Card
T008436,2025-05-27,P021,Garden Gloves,Outdoor,2,9.12,18.24,S001,C0088,Card
T008437,2023-08-14,P013,Hand Soap,Household,3,4.99,14.97,S001,C0283,Card
T008438,2024-12-18,P010,Tea Assortment,Food and Beverage,2,12.62,25.24,S003,C0014,Card
T008439,2024-08-21,P003,Desk Organizer,Stationery,3,14.36,43.08,S004,C0185,UPI
T008440,2023-10-25,P001,Notebook,Stationery,1,8.31,8.31,S001,C0149,Card
T008441,2024-07-21,P006,USB-C Hub,Electronics,2,36.5,73.0,S002,C0287,Card
T008442,2024-09-07,P018,Canvas Tote Bag,Apparel,2,12.79,25.58,S002,C0007,UPI
T008443,2024-10-13,P023,Hand Trowel,Outdoor,5,10.68,53.4,S001,C0015,Card
T008444,2023-12-08,P019,Baseball Cap,Apparel,1,16.01,16.01,S001,C0239,Card
T008445,2024-01-26,P018,Canvas Tote Bag,Apparel,5,13.04,65.2,S004,C0291,Card
T008446,2025-10-26,P023,Hand Trowel,Outdoor,2,9.92,19.84,S001,C0043,UPI
T008447,2023-09-07,P004,Printer Paper,Stationery,1,7.02,7.02,S003,C0159,Card
T008448,2024-06-09,P011,Reusable Water Bottle,Food and Beverage,1,18.53,18.53,S003,C0084,UPI
T008449,2025-02-02,P010,Tea Assortment,Food and Beverage,1,12.43,12.43,S004,C0230,UPI
T008450,2024-05-28,P015,Storage Basket,Household,3,16.0,48.0,S002,C0300,UPI
T008451,2023-06-02,P013,Hand Soap,Household,2,4.97,9.94,S001,C0113,UPI
T008452,2025-05-17,P008,Webcam,Electronics,1,59.85,59.85,S003,C0067,Card
T008453,2024-03-29,P015,Storage Basket,Household,4,17.11,68.44,S001,C0052,Card
T008454,2024-11-30,P023,Hand Trowel,Outdoor,4,10.5,42.0,S004,C0032,Card
T008455,2025-06-28,P023,Hand Trowel,Outdoor,2,11.11,22.22,S002,C0095,UPI
T008456,2025-04-27,P021,Garden Gloves,Outdoor,1,8.82,8.82,S001,C0213,UPI
T008457,2025-12-26,P016,LED Bulb Pack,Household,1,11.53,11.53,S001,C0238,UPI
T008458,2024-12-06,P002,Ballpoint Pen Pack,Stationery,1,5.3,5.3,S001,C0159,UPI
T008459,2025-06-07,P015,Storage Basket,Household,1,16.21,16.21,S002,C0005,Cash
T008460,2025-12-03,P022,Plant Pot,Outdoor,2,11.85,23.7,S003,C0243,UPI
T008461,2025-01-04,P020,Running Socks,Apparel,4,9.41,37.64,S004,C0128,Card
T008462,2024-02-21,P022,Plant Pot,Outdoor,1,12.23,12.23,S001,C0032,Cash
T008463,2025-03-05,P019,Baseball Cap,Apparel,2,16.29,32.58,S004,C0300,UPI
T008464,2025-02-02,P005,Wireless Mouse,Electronics,1,24.1,24.1,S004,C0098,Card
T008465,2025-08-25,P013,Hand Soap,Household,2,4.6,9.2,S003,C0067,UPI
T008466,2025-08-15,P018,Canvas Tote Bag,Apparel,2,13.69,27.38,S003,C0056,UPI
T008467,2024-09-12,P021,Garden Gloves,Outdoor,4,9.21,36.84,S002,C0296,Cash
T008468,2025-02-26,P010,Tea Assortment,Food and Beverage,2,13.44,26.88,S003,C0070,Card
T008469,2024-10-07,P005,Wireless Mouse,Electronics,1,24.42,24.42,S002,C0088,Card
T008470,2025-04-09,P017,Cotton T-Shirt,Apparel,2,19.26,38.52,S001,C0087,UPI
T008471,2023-06-29,P001,Notebook,Stationery,3,8.97,26.91,S002,C0166,Card
T008472,2024-07-05,P023,Hand Trowel,Outdoor,1,10.19,10.19,S002,C0178,Card
T008473,2025-09-02,P002,Ballpoint Pen Pack,Stationery,5,5.31,26.55,S002,C0126,Card
T008474,2025-11-25,P020,Running Socks,Apparel,4,10.57,42.28,S002,C0131,Card
T008475,2023-10-22,P024,Watering Can,Outdoor,6,20.43,122.58,S003,C0072,Card
T008476,2023-04-24,P004,Printer Paper,Stationery,1,6.61,6.61,S004,C0292,Card
T008477,2023-12-13,P007,Bluetooth Speaker,Electronics,2,50.51,101.02,S004,C0209,Card
T008478,2023-03-23,P007,Bluetooth Speaker,Electronics,2,48.19,96.38,S004,C0212,Bank Transfer
T008479,2025-12-01,P006,USB-C Hub,Electronics,1,34.51,34.51,S002,C0206,Cash
T008480,2025-04-25,P016,LED Bulb Pack,Household,2,11.79,23.58,S002,C0076,Cash
T008481,2023-09-01,P022,Plant Pot,Outdoor,3,12.58,37.74,S004,C0167,Card
T008482,2025-08-01,P005,Wireless Mouse,Electronics,2,25.15,50.3,S003,C0125,UPI
T008483,2024-04-29,P005,Wireless Mouse,Electronics,3,24.31,72.93,S001,C0006,UPI
T008484,2023-02-15,P013,Hand Soap,Household,4,4.92,19.68,S004,C0229,Card
T008485,2024-07-31,P019,Baseball Cap,Apparel,2,15.27,30.54,S003,C0039,Card
T008486,2025-10-30,P012,Snack Box,Food and Beverage,4,23.13,92.52,S003,C0276,UPI
T008487,2024-01-11,P009,Coffee Beans,Food and Beverage,2,15.86,31.72,S004,C0214,UPI
T008488,2023-02-24,P020,Running Socks,Apparel,5,9.9,49.5,S004,C0136,Cash
T008489,2025-02-22,P009,Coffee Beans,Food and Beverage,3,16.34,49.02,S001,C0208,UPI
T008490,2023-10-31,P012,Snack Box,Food and Beverage,1,23.66,23.66,S001,C0048,Bank Transfer
T008491,2023-06-25,P021,Garden Gloves,Outdoor,4,8.63,34.52,S002,C0007,Cash
T008492,2025-06-04,P008,Webcam,Electronics,4,59.33,237.32,S004,C0152,Card
T008493,2024-07-24,P010,Tea Assortment,Food and Beverage,2,13.18,26.36,S004,C0159,Card
T008494,2025-10-03,P020,Running Socks,Apparel,1,10.39,10.39,S002,C0179,UPI
T008495,2023-11-18,P022,Plant Pot,Outdoor,1,11.41,11.41,S003,C0273,Card
T008496,2025-01-26,P020,Running Socks,Apparel,1,10.44,10.44,S003,C0025,UPI
T008497,2025-12-17,P014,Cleaning Spray,Household,1,7.06,7.06,S001,C0172,Cash
T008498,2023-08-25,P020,Running Socks,Apparel,2,9.87,19.74,S003,C0044,Card
T008499,2023-10-04,P023,Hand Trowel,Outdoor,3,11.02,33.06,S001,C0143,UPI
T008500,2023-03-13,P020,Running Socks,Apparel,6,10.15,60.9,S001,C0284,Card
T008501,2023-04-20,P024,Watering Can,Outdoor,2,22.13,44.26,S001,C0094,UPI
T008502,2023-04-26,P004,Printer Paper,Stationery,1,6.52,6.52,S001,C0203,Bank Transfer
T008503,2025-02-16,P013,Hand Soap,Household,5,4.55,22.75,S002,C0140,Bank Transfer
T008504,2025-07-14,P013,Hand Soap,Household,6,4.49,26.94,S002,C0219,UPI
T008505,2025-06-29,P016,LED Bulb Pack,Household,3,11.67,35.01,S003,C0068,Card
T008506,2025-08-19,P017,Cotton T-Shirt,Apparel,1,20.61,20.61,S001,C0173,Cash
T008507,2024-10-10,P010,Tea Assortment,Food and Beverage,2,12.74,25.48,S003,C0202,Card
T008508,2025-12-21,P010,Tea Assortment,Food and Beverage,1,13.13,13.13,S002,C0130,Card
T008509,2023-10-26,P009,Coffee Beans,Food and Beverage,1,15.65,15.65,S003,C0224,Card
T008510,2024-06-29,P015,Storage Basket,Household,2,17.38,34.76,S001,C0037,UPI
T008511,2024-12-28,P002,Ballpoint Pen Pack,Stationery,1,5.42,5.42,S001,C0217,UPI
T008512,2024-12-24,P009,Coffee Beans,Food and Beverage,1,15.6,15.6,S002,C0002,Card
T008513,2023-05-28,P002,Ballpoint Pen Pack,Stationery,6,5.18,31.08,S002,C0188,UPI
T008514,2024-08-31,P020,Running Socks,Apparel,2,10.05,20.1,S001,C0112,Card
T008515,2025-08-19,P011,Reusable Water Bottle,Food and Beverage,4,18.17,72.68,S001,C0221,Bank Transfer
T008516,2023-04-30,P022,Plant Pot,Outdoor,2,11.73,23.46,S003,C0202,UPI
T008517,2023-05-13,P002,Ballpoint Pen Pack,Stationery,6,5.45,32.7,S002,C0031,Cash
T008518,2025-01-08,P004,Printer Paper,Stationery,3,7.13,21.39,S003,C0180,UPI
T008519,2023-11-08,P006,USB-C Hub,Electronics,3,36.26,108.78,S001,C0032,UPI
T008520,2025-02-13,P021,Garden Gloves,Outdoor,2,8.9,17.8,S004,C0279,Card
T008521,2023-03-30,P024,Watering Can,Outdoor,2,21.72,43.44,S004,C0046,Card
T008522,2024-06-05,P003,Desk Organizer,Stationery,3,13.76,41.28,S002,C0059,Card
T008523,2025-04-05,P018,Canvas Tote Bag,Apparel,2,13.58,27.16,S002,C0194,Cash
T008524,2025-08-27,P013,Hand Soap,Household,3,4.89,14.67,S002,C0112,UPI
T008525,2024-12-09,P008,Webcam,Electronics,2,57.16,114.32,S002,C0252,Card
T008526,2025-12-29,P005,Wireless Mouse,Electronics,1,25.1,25.1,S001,C0091,Cash
T008527,2023-04-18,P021,Garden Gloves,Outdoor,2,9.03,18.06,S001,C0212,Card
T008528,2025-09-23,P001,Notebook,Stationery,2,8.48,16.96,S002,C0237,Card
T008529,2025-02-28,P021,Garden Gloves,Outdoor,1,9.46,9.46,S001,C0232,Card
T008530,2023-05-13,P013,Hand Soap,Household,1,4.8,4.8,S004,C0126,UPI
T008531,2025-07-05,P012,Snack Box,Food and Beverage,1,23.48,23.48,S004,C0300,Card
T008532,2025-02-20,P001,Notebook,Stationery,4,8.89,35.56,S002,C0293,UPI
T008533,2024-12-09,P009,Coffee Beans,Food and Beverage,2,15.5,31.0,S001,C0069,Cash
T008534,2024-06-15,P017,Cotton T-Shirt,Apparel,1,20.58,20.58,S002,C0080,Card
T008535,2025-11-25,P010,Tea Assortment,Food and Beverage,6,13.22,79.32,S003,C0198,UPI
T008536,2024-08-13,P001,Notebook,Stationery,3,8.99,26.97,S001,C0168,Card
T008537,2024-09-21,P023,Hand Trowel,Outdoor,1,11.12,11.12,S003,C0148,UPI
T008538,2025-01-23,P001,Notebook,Stationery,5,8.3,41.5,S003,C0259,UPI
T008539,2025-02-02,P001,Notebook,Stationery,1,8.25,8.25,S001,C0163,Cash
T008540,2024-11-13,P017,Cotton T-Shirt,Apparel,3,20.37,61.11,S003,C0279,Cash
T008541,2024-02-01,P002,Ballpoint Pen Pack,Stationery,1,5.3,5.3,S001,C0038,Card
T008542,2023-11-27,P009,Coffee Beans,Food and Beverage,1,15.47,15.47,S002,C0226,Card
T008543,2024-10-04,P020,Running Socks,Apparel,1,10.31,10.31,S002,C0097,UPI
T008544,2024-02-18,P013,Hand Soap,Household,2,4.69,9.38,S004,C0023,UPI
T008545,2025-02-14,P008,Webcam,Electronics,2,60.46,120.92,S001,C0069,Card
T008546,2023-04-09,P007,Bluetooth Speaker,Electronics,1,48.01,48.01,S004,C0204,UPI
T008547,2025-09-15,P005,Wireless Mouse,Electronics,1,25.04,25.04,S002,C0064,UPI
T008548,2025-01-15,P005,Wireless Mouse,Electronics,1,23.64,23.64,S002,C0195,Card
T008549,2024-06-23,P023,Hand Trowel,Outdoor,2,10.23,20.46,S002,C0153,Bank Transfer
T008550,2023-10-05,P016,LED Bulb Pack,Household,1,12.55,12.55,S002,C0116,UPI
T008551,2024-07-07,P010,Tea Assortment,Food and Beverage,2,13.1,26.2,S003,C0040,Card
T008552,2025-03-11,P001,Notebook,Stationery,4,8.8,35.2,S003,C0246,UPI
T008553,2025-04-17,P020,Running Socks,Apparel,5,9.64,48.2,S001,C0265,UPI
T008554,2023-08-20,P006,USB-C Hub,Electronics,1,34.2,34.2,S002,C0223,Card
T008555,2023-10-15,P024,Watering Can,Outdoor,1,20.64,20.64,S004,C0155,UPI
T008556,2024-09-20,P024,Watering Can,Outdoor,2,20.51,41.02,S001,C0074,UPI
T008557,2023-11-16,P008,Webcam,Electronics,5,57.27,286.35,S001,C0286,Card
T008558,2023-01-30,P018,Canvas Tote Bag,Apparel,2,14.01,28.02,S003,C0205,UPI
T008559,2025-05-25,P011,Reusable Water Bottle,Food and Beverage,3,17.21,51.63,S004,C0244,Card
T008560,2023-12-10,P005,Wireless Mouse,Electronics,1,25.15,25.15,S001,C0275,UPI
T008561,2025-02-14,P006,USB-C Hub,Electronics,3,34.63,103.89,S001,C0093,Cash
T008562,2025-04-17,P022,Plant Pot,Outdoor,3,11.42,34.26,S004,C0091,Card
T008563,2024-02-23,P011,Reusable Water Bottle,Food and Beverage,4,18.75,75.0,S002,C0095,Card
T008564,2023-09-10,P016,LED Bulb Pack,Household,1,12.63,12.63,S001,C0270,UPI
T008565,2023-08-16,P010,Tea Assortment,Food and Beverage,3,13.02,39.06,S002,C0094,UPI
T008566,2025-05-15,P020,Running Socks,Apparel,1,9.4,9.4,S004,C0090,Card
T008567,2025-09-30,P015,Storage Basket,Household,2,16.43,32.86,S003,C0033,UPI
T008568,2023-04-05,P003,Desk Organizer,Stationery,2,14.14,28.28,S003,C0264,Card
T008569,2024-11-07,P002,Ballpoint Pen Pack,Stationery,1,5.34,5.34,S001,C0029,Bank Transfer
T008570,2023-03-14,P011,Reusable Water Bottle,Food and Beverage,1,19.04,19.04,S002,C0051,UPI
T008571,2024-07-08,P014,Cleaning Spray,Household,3,6.91,20.73,S003,C0230,Card
T008572,2023-03-31,P011,Reusable Water Bottle,Food and Beverage,1,18.97,18.97,S001,C0097,UPI
T008573,2024-01-31,P004,Printer Paper,Stationery,4,6.97,27.88,S002,C0090,Bank Transfer
T008574,2024-12-07,P011,Reusable Water Bottle,Food and Beverage,6,17.8,106.8,S002,C0268,Cash
T008575,2023-11-30,P007,Bluetooth Speaker,Electronics,1,48.6,48.6,S001,C0054,UPI
T008576,2024-10-23,P016,LED Bulb Pack,Household,4,12.2,48.8,S003,C0108,Cash
T008577,2025-06-01,P011,Reusable Water Bottle,Food and Beverage,3,18.35,55.05,S001,C0241,Card
T008578,2024-08-20,P021,Garden Gloves,Outdoor,1,8.96,8.96,S001,C0079,Bank Transfer
T008579,2025-05-06,P019,Baseball Cap,Apparel,2,16.55,33.1,S001,C0240,UPI
T008580,2025-11-22,P006,USB-C Hub,Electronics,3,33.49,100.47,S004,C0266,UPI
T008581,2023-01-15,P021,Garden Gloves,Outdoor,1,8.79,8.79,S001,C0131,Card
T008582,2024-12-06,P016,LED Bulb Pack,Household,3,12.58,37.74,S002,C0160,Card
T008583,2023-11-12,P010,Tea Assortment,Food and Beverage,3,13.21,39.63,S001,C0016,Card
T008584,2024-05-21,P016,LED Bulb Pack,Household,3,12.06,36.18,S001,C0280,Bank Transfer
T008585,2023-06-24,P005,Wireless Mouse,Electronics,2,26.32,52.64,S002,C0011,UPI
T008586,2025-10-22,P024,Watering Can,Outdoor,1,20.18,20.18,S001,C0195,UPI
T008587,2023-07-05,P014,Cleaning Spray,Household,4,7.18,28.72,S001,C0066,UPI
T008588,2024-07-05,P021,Garden Gloves,Outdoor,3,9.08,27.24,S001,C0048,Card
T008589,2024-05-05,P002,Ballpoint Pen Pack,Stationery,2,5.16,10.32,S002,C0155,Bank Transfer
T008590,2025-02-21,P005,Wireless Mouse,Electronics,5,26.47,132.35,S002,C0140,UPI
T008591,2023-11-09,P021,Garden Gloves,Outdoor,1,8.52,8.52,S004,C0178,Card
T008592,2023-08-03,P011,Reusable Water Bottle,Food and Beverage,1,17.25,17.25,S004,C0250,Card
T008593,2025-05-18,P008,Webcam,Electronics,2,57.81,115.62,S002,C0035,Card
T008594,2025-01-15,P023,Hand Trowel,Outdoor,3,10.57,31.71,S001,C0298,Card
T008595,2023-12-11,P009,Coffee Beans,Food and Beverage,5,15.31,76.55,S002,C0088,Bank Transfer
T008596,2024-03-24,P001,Notebook,Stationery,1,8.33,8.33,S004,C0123,Cash
T008597,2023-07-08,P002,Ballpoint Pen Pack,Stationery,3,5.55,16.65,S001,C0004,Bank Transfer
T008598,2025-10-21,P018,Canvas Tote Bag,Apparel,3,13.16,39.48,S001,C0274,Card
T008599,2024-10-21,P005,Wireless Mouse,Electronics,1,24.76,24.76,S003,C0167,Cash
T008600,2024-09-07,P002,Ballpoint Pen Pack,Stationery,2,5.39,10.78,S002,C0226,UPI
T008601,2023-11-02,P023,Hand Trowel,Outdoor,3,10.29,30.87,S001,C0194,Card
T008602,2023-02-16,P010,Tea Assortment,Food and Beverage,1,12.39,12.39,S002,C0124,Card
T008603,2024-12-27,P016,LED Bulb Pack,Household,2,12.22,24.44,S004,C0017,UPI
T008604,2024-01-05,P009,Coffee Beans,Food and Beverage,2,15.95,31.9,S001,C0071,Cash
T008605,2024-12-27,P015,Storage Basket,Household,3,16.44,49.32,S004,C0176,UPI
T008606,2023-11-13,P019,Baseball Cap,Apparel,5,16.08,80.4,S002,C0047,Card
T008607,2023-07-11,P020,Running Socks,Apparel,3,9.42,28.26,S003,C0291,Bank Transfer
T008608,2025-03-01,P009,Coffee Beans,Food and Beverage,1,15.7,15.7,S003,C0113,Card
T008609,2024-02-26,P024,Watering Can,Outdoor,5,21.74,108.7,S003,C0255,Card
T008610,2024-06-13,P008,Webcam,Electronics,3,61.97,185.91,S001,C0143,Card
T008611,2024-09-13,P005,Wireless Mouse,Electronics,4,25.53,102.12,S004,C0185,UPI
T008612,2024-06-09,P015,Storage Basket,Household,1,17.45,17.45,S003,C0280,Card
T008613,2025-08-03,P017,Cotton T-Shirt,Apparel,2,19.68,39.36,S001,C0187,UPI
T008614,2025-07-14,P014,Cleaning Spray,Household,2,7.24,14.48,S004,C0014,Cash
T008615,2023-12-20,P023,Hand Trowel,Outdoor,2,10.34,20.68,S002,C0094,UPI
T008616,2025-02-27,P020,Running Socks,Apparel,3,10.07,30.21,S002,C0221,Card
T008617,2023-07-13,P004,Printer Paper,Stationery,2,7.12,14.24,S004,C0233,Card
T008618,2025-05-09,P023,Hand Trowel,Outdoor,1,10.19,10.19,S003,C0078,Card
T008619,2023-12-26,P014,Cleaning Spray,Household,1,6.87,6.87,S004,C0058,Bank Transfer
T008620,2023-09-19,P007,Bluetooth Speaker,Electronics,1,48.96,48.96,S001,C0002,Card
T008621,2025-01-22,P012,Snack Box,Food and Beverage,2,22.14,44.28,S003,C0058,UPI
T008622,2024-04-20,P001,Notebook,Stationery,2,8.14,16.28,S001,C0141,UPI
T008623,2024-06-11,P010,Tea Assortment,Food and Beverage,1,13.24,13.24,S001,C0221,UPI
T008624,2023-09-23,P013,Hand Soap,Household,1,4.61,4.61,S001,C0267,Card
T008625,2023-07-30,P016,LED Bulb Pack,Household,5,11.71,58.55,S002,C0230,Cash
T008626,2025-04-29,P009,Coffee Beans,Food and Beverage,1,15.3,15.3,S002,C0250,UPI
T008627,2023-10-03,P011,Reusable Water Bottle,Food and Beverage,1,17.57,17.57,S003,C0092,UPI
T008628,2023-12-12,P015,Storage Basket,Household,1,17.06,17.06,S002,C0266,Card
T008629,2025-11-06,P001,Notebook,Stationery,3,8.97,26.91,S002,C0268,Cash
T008630,2023-11-09,P001,Notebook,Stationery,1,8.26,8.26,S002,C0041,Cash
T008631,2025-01-12,P007,Bluetooth Speaker,Electronics,4,50.05,200.2,S002,C0133,Cash
T008632,2024-05-18,P009,Coffee Beans,Food and Beverage,1,14.97,14.97,S002,C0059,UPI
T008633,2023-10-19,P005,Wireless Mouse,Electronics,1,23.65,23.65,S002,C0084,UPI
T008634,2025-12-18,P022,Plant Pot,Outdoor,1,12.12,12.12,S004,C0076,UPI
T008635,2023-12-04,P024,Watering Can,Outdoor,4,20.32,81.28,S003,C0166,UPI
T008636,2024-09-14,P009,Coffee Beans,Food and Beverage,4,15.18,60.72,S001,C0248,UPI
T008637,2023-03-30,P004,Printer Paper,Stationery,2,7.11,14.22,S003,C0070,Card
T008638,2023-08-18,P009,Coffee Beans,Food and Beverage,2,15.91,31.82,S001,C0079,Cash
T008639,2024-05-21,P008,Webcam,Electronics,2,59.14,118.28,S001,C0016,UPI
T008640,2025-09-01,P012,Snack Box,Food and Beverage,1,23.43,23.43,S001,C0058,Card
T008641,2024-11-12,P006,USB-C Hub,Electronics,2,35.68,71.36,S001,C0215,UPI
T008642,2025-03-04,P003,Desk Organizer,Stationery,3,14.02,42.06,S002,C0052,UPI
T008643,2024-09-21,P007,Bluetooth Speaker,Electronics,3,51.81,155.43,S003,C0008,Card
T008644,2025-08-26,P018,Canvas Tote Bag,Apparel,2,13.56,27.12,S003,C0067,UPI
T008645,2023-02-07,P001,Notebook,Stationery,1,9.01,9.01,S002,C0226,UPI
T008646,2024-07-22,P002,Ballpoint Pen Pack,Stationery,1,5.1,5.1,S004,C0061,Bank Transfer
T008647,2023-11-15,P008,Webcam,Electronics,1,57.94,57.94,S001,C0110,Card
T008648,2024-10-13,P008,Webcam,Electronics,2,56.43,112.86,S002,C0089,Card
T008649,2023-11-01,P007,Bluetooth Speaker,Electronics,2,50.18,100.36,S003,C0125,Card
T008650,2024-05-30,P015,Storage Basket,Household,1,17.27,17.27,S003,C0223,Cash
T008651,2025-01-06,P019,Baseball Cap,Apparel,3,16.92,50.76,S004,C0104,Cash
T008652,2025-07-20,P010,Tea Assortment,Food and Beverage,4,13.51,54.04,S002,C0089,Card
T008653,2024-01-21,P013,Hand Soap,Household,4,4.78,19.12,S001,C0215,UPI
T008654,2025-12-14,P004,Printer Paper,Stationery,1,6.81,6.81,S002,C0270,Cash
T008655,2024-10-12,P017,Cotton T-Shirt,Apparel,3,20.44,61.32,S002,C0208,Card
T008656,2025-06-09,P005,Wireless Mouse,Electronics,2,24.69,49.38,S004,C0010,Card
T008657,2023-09-28,P006,USB-C Hub,Electronics,2,32.75,65.5,S003,C0161,Card
T008658,2023-08-19,P020,Running Socks,Apparel,6,9.75,58.5,S002,C0099,Bank Transfer
T008659,2025-12-13,P024,Watering Can,Outdoor,1,21.34,21.34,S002,C0102,Card
T008660,2024-10-26,P004,Printer Paper,Stationery,2,6.91,13.82,S001,C0263,Card
T008661,2025-07-03,P013,Hand Soap,Household,1,4.9,4.9,S004,C0186,UPI
T008662,2023-06-26,P015,Storage Basket,Household,3,16.18,48.54,S002,C0154,UPI
T008663,2024-09-29,P021,Garden Gloves,Outdoor,2,8.55,17.1,S002,C0046,UPI
T008664,2025-02-04,P004,Printer Paper,Stationery,3,6.92,20.76,S003,C0236,Card
T008665,2025-01-01,P019,Baseball Cap,Apparel,2,16.57,33.14,S003,C0078,UPI
T008666,2023-09-07,P006,USB-C Hub,Electronics,2,35.16,70.32,S001,C0279,Card
T008667,2024-09-21,P024,Watering Can,Outdoor,3,21.64,64.92,S001,C0161,Cash
T008668,2025-04-12,P006,USB-C Hub,Electronics,1,35.69,35.69,S001,C0274,Cash
T008669,2024-10-20,P010,Tea Assortment,Food and Beverage,1,13.18,13.18,S003,C0267,UPI
T008670,2023-10-22,P011,Reusable Water Bottle,Food and Beverage,3,17.46,52.38,S003,C0193,Card
T008671,2023-05-12,P019,Baseball Cap,Apparel,6,15.13,90.78,S002,C0212,Card
T008672,2023-09-11,P002,Ballpoint Pen Pack,Stationery,2,5.22,10.44,S001,C0074,Cash
T008673,2023-03-04,P004,Printer Paper,Stationery,3,7.02,21.06,S001,C0038,UPI
T008674,2023-05-30,P017,Cotton T-Shirt,Apparel,6,20.26,121.56,S004,C0104,Card
T008675,2025-09-11,P005,Wireless Mouse,Electronics,1,25.97,25.97,S004,C0113,Card
T008676,2025-11-15,P016,LED Bulb Pack,Household,1,12.38,12.38,S003,C0136,UPI
T008677,2024-10-14,P020,Running Socks,Apparel,2,10.01,20.02,S001,C0272,Card
T008678,2024-12-08,P001,Notebook,Stationery,2,8.55,17.1,S001,C0119,UPI
T008679,2025-03-10,P017,Cotton T-Shirt,Apparel,1,20.09,20.09,S001,C0088,Card
T008680,2023-01-23,P017,Cotton T-Shirt,Apparel,2,20.56,41.12,S001,C0218,UPI
T008681,2024-10-31,P020,Running Socks,Apparel,5,10.11,50.55,S001,C0176,Bank Transfer
T008682,2024-03-06,P021,Garden Gloves,Outdoor,3,9.39,28.17,S002,C0225,Card
T008683,2023-04-28,P021,Garden Gloves,Outdoor,3,8.86,26.58,S001,C0090,Card
T008684,2023-11-04,P006,USB-C Hub,Electronics,3,35.47,106.41,S002,C0018,Cash
T008685,2025-01-06,P006,USB-C Hub,Electronics,1,34.69,34.69,S003,C0119,Card
T008686,2024-03-20,P010,Tea Assortment,Food and Beverage,2,13.21,26.42,S004,C0072,Card
T008687,2023-11-21,P014,Cleaning Spray,Household,2,7.43,14.86,S003,C0300,UPI
T008688,2024-11-15,P010,Tea Assortment,Food and Beverage,1,12.8,12.8,S001,C0187,Cash
T008689,2025-02-22,P024,Watering Can,Outdoor,2,21.28,42.56,S003,C0136,Card
T008690,2023-03-30,P010,Tea Assortment,Food and Beverage,2,12.28,24.56,S001,C0236,Cash
T008691,2023-04-15,P022,Plant Pot,Outdoor,5,11.76,58.8,S002,C0168,Card
T008692,2024-03-03,P023,Hand Trowel,Outdoor,1,10.92,10.92,S002,C0050,Bank Transfer
T008693,2023-05-04,P020,Running Socks,Apparel,2,10.57,21.14,S001,C0259,Card
T008694,2023-12-28,P009,Coffee Beans,Food and Beverage,1,15.26,15.26,S001,C0294,Card
T008695,2025-12-26,P018,Canvas Tote Bag,Apparel,3,13.52,40.56,S002,C0137,Bank Transfer
T008696,2023-01-02,P020,Running Socks,Apparel,1,9.49,9.49,S003,C0042,UPI
T008697,2025-11-07,P017,Cotton T-Shirt,Apparel,1,20.87,20.87,S002,C0297,UPI
T008698,2024-09-21,P018,Canvas Tote Bag,Apparel,2,13.1,26.2,S001,C0152,UPI
T008699,2024-01-30,P013,Hand Soap,Household,1,4.91,4.91,S001,C0233,UPI
T008700,2023-10-06,P012,Snack Box,Food and Beverage,2,21.8,43.6,S003,C0212,UPI
T008701,2024-05-18,P011,Reusable Water Bottle,Food and Beverage,5,18.64,93.2,S001,C0154,Cash
T008702,2023-01-18,P003,Desk Organizer,Stationery,1,13.49,13.49,S004,C0102,UPI
T008703,2024-01-11,P017,Cotton T-Shirt,Apparel,1,19.15,19.15,S003,C0254,UPI
T008704,2024-02-12,P017,Cotton T-Shirt,Apparel,6,20.36,122.16,S001,C0241,UPI
T008705,2025-05-24,P002,Ballpoint Pen Pack,Stationery,4,5.44,21.76,S003,C0019,Card
T008706,2024-11-28,P024,Watering Can,Outdoor,2,21.27,42.54,S001,C0184,UPI
T008707,2023-09-10,P004,Printer Paper,Stationery,3,6.36,19.08,S004,C0104,Cash
T008708,2024-10-11,P016,LED Bulb Pack,Household,3,11.43,34.29,S001,C0171,UPI
T008709,2024-09-03,P021,Garden Gloves,Outdoor,1,9.28,9.28,S002,C0013,Card
T008710,2024-03-20,P008,Webcam,Electronics,3,55.64,166.92,S001,C0004,UPI
T008711,2023-05-21,P014,Cleaning Spray,Household,2,6.87,13.74,S001,C0005,Cash
T008712,2024-06-30,P010,Tea Assortment,Food and Beverage,1,13.14,13.14,S002,C0180,UPI
T008713,2024-08-30,P013,Hand Soap,Household,3,4.51,13.53,S001,C0221,UPI
T008714,2023-09-11,P003,Desk Organizer,Stationery,1,13.57,13.57,S003,C0175,UPI
T008715,2023-03-06,P020,Running Socks,Apparel,2,10.46,20.92,S003,C0281,UPI
T008716,2024-07-09,P006,USB-C Hub,Electronics,4,35.97,143.88,S002,C0140,UPI
T008717,2023-02-26,P019,Baseball Cap,Apparel,2,15.53,31.06,S003,C0285,Card
T008718,2023-02-12,P005,Wireless Mouse,Electronics,1,24.48,24.48,S002,C0223,Bank Transfer
T008719,2023-12-10,P009,Coffee Beans,Food and Beverage,1,16.26,16.26,S003,C0241,Card
T008720,2023-03-31,P006,USB-C Hub,Electronics,2,35.12,70.24,S003,C0055,Bank Transfer
T008721,2023-02-18,P024,Watering Can,Outdoor,2,20.18,40.36,S001,C0061,Card
T008722,2023-07-04,P017,Cotton T-Shirt,Apparel,2,20.79,41.58,S001,C0285,UPI
T008723,2023-10-01,P017,Cotton T-Shirt,Apparel,4,19.48,77.92,S003,C0165,Card
T008724,2023-07-13,P004,Printer Paper,Stationery,2,6.69,13.38,S002,C0286,Cash
T008725,2024-09-30,P005,Wireless Mouse,Electronics,3,24.15,72.45,S001,C0148,Cash
T008726,2024-02-02,P010,Tea Assortment,Food and Beverage,5,12.8,64.0,S004,C0208,Card
T008727,2024-08-19,P012,Snack Box,Food and Beverage,3,23.82,71.46,S001,C0032,Bank Transfer
T008728,2024-01-21,P020,Running Socks,Apparel,2,10.49,20.98,S004,C0085,UPI
T008729,2023-10-13,P020,Running Socks,Apparel,1,9.9,9.9,S003,C0225,UPI
T008730,2023-04-15,P012,Snack Box,Food and Beverage,1,21.84,21.84,S004,C0107,Cash
T008731,2025-09-23,P010,Tea Assortment,Food and Beverage,2,13.09,26.18,S002,C0184,Cash
T008732,2025-03-15,P020,Running Socks,Apparel,2,9.44,18.88,S001,C0282,Card
T008733,2023-12-05,P020,Running Socks,Apparel,1,10.38,10.38,S003,C0183,Card
T008734,2025-08-22,P004,Printer Paper,Stationery,3,6.83,20.49,S002,C0191,Card
T008735,2025-06-04,P016,LED Bulb Pack,Household,2,12.25,24.5,S004,C0140,UPI
T008736,2024-08-24,P010,Tea Assortment,Food and Beverage,3,12.58,37.74,S001,C0268,Card
T008737,2023-09-16,P001,Notebook,Stationery,3,8.3,24.9,S004,C0136,Card
T008738,2024-05-31,P006,USB-C Hub,Electronics,1,33.32,33.32,S001,C0270,UPI
T008739,2024-08-07,P001,Notebook,Stationery,3,8.64,25.92,S004,C0036,UPI
T008740,2024-10-16,P001,Notebook,Stationery,2,8.57,17.14,S004,C0036,UPI
T008741,2024-05-20,P014,Cleaning Spray,Household,3,7.07,21.21,S001,C0247,Card
T008742,2024-04-10,P022,Plant Pot,Outdoor,1,12.11,12.11,S001,C0261,Cash
T008743,2025-12-16,P021,Garden Gloves,Outdoor,2,9.48,18.96,S001,C0221,Cash
T008744,2023-10-23,P012,Snack Box,Food and Beverage,3,22.53,67.59,S001,C0024,Card
T008745,2023-10-06,P007,Bluetooth Speaker,Electronics,3,52.34,157.02,S002,C0088,UPI
T008746,2025-01-31,P016,LED Bulb Pack,Household,2,11.32,22.64,S003,C0225,Bank Transfer
T008747,2025-01-22,P015,Storage Basket,Household,3,16.7,50.1,S001,C0146,UPI
T008748,2023-06-20,P001,Notebook,Stationery,1,8.3,8.3,S004,C0280,UPI
T008749,2024-09-30,P018,Canvas Tote Bag,Apparel,1,13.68,13.68,S003,C0055,Card
T008750,2024-12-08,P014,Cleaning Spray,Household,3,7.05,21.15,S004,C0234,UPI
T008751,2023-02-14,P010,Tea Assortment,Food and Beverage,3,12.04,36.12,S001,C0007,Cash
T008752,2024-09-30,P005,Wireless Mouse,Electronics,1,25.07,25.07,S002,C0199,Card
T008753,2025-04-20,P007,Bluetooth Speaker,Electronics,2,47.33,94.66,S001,C0029,UPI
T008754,2025-07-05,P005,Wireless Mouse,Electronics,3,26.09,78.27,S002,C0190,Card
T008755,2024-11-19,P011,Reusable Water Bottle,Food and Beverage,2,18.07,36.14,S001,C0011,Card
T008756,2024-11-25,P017,Cotton T-Shirt,Apparel,5,19.2,96.0,S002,C0090,Card
T008757,2024-10-19,P024,Watering Can,Outdoor,5,20.8,104.0,S003,C0127,UPI
T008758,2023-12-25,P012,Snack Box,Food and Beverage,2,21.99,43.98,S002,C0148,Bank Transfer
T008759,2025-11-18,P014,Cleaning Spray,Household,1,7.23,7.23,S002,C0276,UPI
T008760,2024-07-16,P013,Hand Soap,Household,1,4.51,4.51,S003,C0058,Cash
T008761,2023-01-19,P001,Notebook,Stationery,4,8.01,32.04,S002,C0073,UPI
T008762,2025-11-22,P002,Ballpoint Pen Pack,Stationery,2,5.42,10.84,S003,C0239,UPI
T008763,2025-04-17,P012,Snack Box,Food and Beverage,1,23.18,23.18,S001,C0245,UPI
T008764,2024-05-16,P024,Watering Can,Outdoor,1,20.89,20.89,S001,C0183,UPI
T008765,2023-08-29,P008,Webcam,Electronics,4,60.3,241.2,S001,C0240,UPI
T008766,2023-03-08,P009,Coffee Beans,Food and Beverage,3,15.08,45.24,S003,C0006,Card
T008767,2024-07-07,P004,Printer Paper,Stationery,3,6.58,19.74,S004,C0237,Cash
T008768,2023-11-17,P008,Webcam,Electronics,1,61.53,61.53,S002,C0011,Card
T008769,2025-10-05,P013,Hand Soap,Household,1,4.66,4.66,S003,C0130,UPI
T008770,2025-10-06,P007,Bluetooth Speaker,Electronics,4,51.36,205.44,S003,C0242,UPI
T008771,2023-04-28,P024,Watering Can,Outdoor,4,20.14,80.56,S002,C0047,Bank Transfer
T008772,2024-01-16,P010,Tea Assortment,Food and Beverage,1,12.78,12.78,S004,C0043,Card
T008773,2025-04-25,P007,Bluetooth Speaker,Electronics,5,49.49,247.45,S003,C0089,Cash
T008774,2024-12-10,P009,Coffee Beans,Food and Beverage,1,15.06,15.06,S002,C0165,Card
T008775,2023-01-02,P014,Cleaning Spray,Household,2,7.63,15.26,S004,C0209,Card
T008776,2023-07-20,P009,Coffee Beans,Food and Beverage,1,16.2,16.2,S001,C0126,UPI
T008777,2025-03-16,P017,Cotton T-Shirt,Apparel,4,20.53,82.12,S001,C0162,Card
T008778,2023-03-08,P016,LED Bulb Pack,Household,3,12.44,37.32,S001,C0039,Card
T008779,2023-12-02,P024,Watering Can,Outdoor,4,21.87,87.48,S002,C0151,UPI
T008780,2024-11-28,P012,Snack Box,Food and Beverage,2,22.96,45.92,S004,C0096,UPI
T008781,2023-05-09,P010,Tea Assortment,Food and Beverage,2,12.12,24.24,S002,C0016,Cash
T008782,2024-12-25,P006,USB-C Hub,Electronics,3,33.26,99.78,S003,C0247,Card
T008783,2023-03-21,P014,Cleaning Spray,Household,3,7.32,21.96,S001,C0155,UPI
T008784,2025-04-03,P003,Desk Organizer,Stationery,5,13.73,68.65,S004,C0186,Card
T008785,2023-03-05,P017,Cotton T-Shirt,Apparel,4,19.05,76.2,S004,C0287,UPI
T008786,2023-05-21,P024,Watering Can,Outdoor,3,20.07,60.21,S002,C0023,Card
T008787,2023-12-01,P003,Desk Organizer,Stationery,2,14.81,29.62,S001,C0038,Card
T008788,2025-07-23,P005,Wireless Mouse,Electronics,4,25.4,101.6,S003,C0249,Bank Transfer
T008789,2023-06-26,P005,Wireless Mouse,Electronics,4,24.15,96.6,S003,C0178,Cash
T008790,2023-07-07,P003,Desk Organizer,Stationery,4,13.26,53.04,S001,C0221,Card
T008791,2023-01-24,P009,Coffee Beans,Food and Beverage,1,15.66,15.66,S004,C0143,Cash
T008792,2025-06-08,P002,Ballpoint Pen Pack,Stationery,3,4.96,14.88,S003,C0072,UPI
T008793,2023-10-29,P007,Bluetooth Speaker,Electronics,1,48.78,48.78,S004,C0148,Card
T008794,2023-08-06,P013,Hand Soap,Household,3,5.01,15.03,S002,C0035,Card
T008795,2025-10-13,P016,LED Bulb Pack,Household,1,11.38,11.38,S003,C0273,Cash
T008796,2023-09-26,P001,Notebook,Stationery,1,8.57,8.57,S003,C0239,Card
T008797,2023-03-12,P002,Ballpoint Pen Pack,Stationery,1,5.04,5.04,S004,C0173,UPI
T008798,2025-09-01,P004,Printer Paper,Stationery,6,6.37,38.22,S003,C0261,Card
T008799,2025-01-25,P013,Hand Soap,Household,3,4.95,14.85,S003,C0064,UPI
T008800,2023-08-03,P016,LED Bulb Pack,Household,3,12.3,36.9,S001,C0064,Card
T008801,2024-04-13,P014,Cleaning Spray,Household,2,7.63,15.26,S002,C0218,UPI
T008802,2025-01-08,P009,Coffee Beans,Food and Beverage,4,14.84,59.36,S004,C0148,Card
T008803,2024-03-30,P002,Ballpoint Pen Pack,Stationery,2,5.47,10.94,S001,C0119,Cash
T008804,2023-07-08,P001,Notebook,Stationery,1,8.44,8.44,S002,C0134,Card
T008805,2025-12-02,P013,Hand Soap,Household,1,4.51,4.51,S001,C0211,Card
T008806,2025-06-27,P022,Plant Pot,Outdoor,3,12.3,36.9,S004,C0228,Card
T008807,2023-03-24,P017,Cotton T-Shirt,Apparel,1,19.22,19.22,S003,C0007,UPI
T008808,2023-05-23,P002,Ballpoint Pen Pack,Stationery,1,5.21,5.21,S003,C0102,Card
T008809,2025-11-11,P004,Printer Paper,Stationery,2,6.89,13.78,S001,C0295,Card
T008810,2023-03-02,P002,Ballpoint Pen Pack,Stationery,1,5.54,5.54,S003,C0002,UPI
T008811,2024-05-18,P002,Ballpoint Pen Pack,Stationery,2,5.01,10.02,S002,C0264,Cash
T008812,2025-01-27,P013,Hand Soap,Household,3,4.55,13.65,S004,C0120,UPI
T008813,2024-06-11,P017,Cotton T-Shirt,Apparel,3,20.5,61.5,S004,C0175,Card
T008814,2023-02-13,P007,Bluetooth Speaker,Electronics,1,49.56,49.56,S004,C0030,Card
T008815,2023-01-18,P021,Garden Gloves,Outdoor,1,8.5,8.5,S001,C0278,Cash
T008816,2024-04-16,P020,Running Socks,Apparel,2,9.54,19.08,S002,C0140,Card
T008817,2025-12-06,P021,Garden Gloves,Outdoor,2,9.09,18.18,S003,C0251,Cash
T008818,2025-12-30,P019,Baseball Cap,Apparel,4,16.3,65.2,S001,C0095,Bank Transfer
T008819,2025-03-24,P020,Running Socks,Apparel,1,9.48,9.48,S001,C0140,Cash
T008820,2025-09-10,P013,Hand Soap,Household,3,4.49,13.47,S001,C0219,Card
T008821,2024-10-20,P019,Baseball Cap,Apparel,1,15.81,15.81,S003,C0090,Card
T008822,2023-07-04,P006,USB-C Hub,Electronics,3,33.59,100.77,S002,C0150,Card
T008823,2025-12-08,P019,Baseball Cap,Apparel,3,15.84,47.52,S001,C0101,Card
T008824,2025-06-11,P009,Coffee Beans,Food and Beverage,3,15.85,47.55,S002,C0088,UPI
T008825,2025-06-22,P015,Storage Basket,Household,3,15.96,47.88,S002,C0216,Card
T008826,2025-03-29,P015,Storage Basket,Household,3,17.31,51.93,S003,C0013,UPI
T008827,2025-09-05,P015,Storage Basket,Household,3,17.3,51.9,S001,C0176,Bank Transfer
T008828,2023-01-03,P013,Hand Soap,Household,2,4.97,9.94,S003,C0247,Card
T008829,2025-08-21,P013,Hand Soap,Household,2,4.91,9.82,S003,C0204,Card
T008830,2024-08-24,P004,Printer Paper,Stationery,1,6.82,6.82,S003,C0180,UPI
T008831,2023-09-12,P020,Running Socks,Apparel,3,10.23,30.69,S003,C0175,Cash
T008832,2025-08-05,P020,Running Socks,Apparel,3,9.79,29.37,S002,C0127,Cash
T008833,2023-10-30,P008,Webcam,Electronics,2,58.12,116.24,S001,C0051,UPI
T008834,2023-12-01,P004,Printer Paper,Stationery,4,6.67,26.68,S003,C0024,Card
T008835,2023-05-20,P005,Wireless Mouse,Electronics,3,24.4,73.2,S002,C0034,Bank Transfer
T008836,2023-05-19,P006,USB-C Hub,Electronics,1,36.2,36.2,S003,C0139,Card
T008837,2025-12-28,P024,Watering Can,Outdoor,1,20.13,20.13,S001,C0292,UPI
T008838,2025-03-02,P011,Reusable Water Bottle,Food and Beverage,1,17.03,17.03,S001,C0149,UPI
T008839,2025-08-02,P006,USB-C Hub,Electronics,1,33.65,33.65,S003,C0151,Card
T008840,2023-05-19,P014,Cleaning Spray,Household,1,7.52,7.52,S004,C0074,UPI
T008841,2024-02-13,P001,Notebook,Stationery,2,8.53,17.06,S003,C0191,Card
T008842,2023-11-11,P014,Cleaning Spray,Household,2,7.49,14.98,S001,C0247,UPI
T008843,2023-07-30,P002,Ballpoint Pen Pack,Stationery,3,5.11,15.33,S003,C0077,UPI
T008844,2024-03-05,P024,Watering Can,Outdoor,1,20.16,20.16,S004,C0273,Card
T008845,2025-09-22,P023,Hand Trowel,Outdoor,3,10.41,31.23,S004,C0084,Cash
T008846,2024-11-04,P003,Desk Organizer,Stationery,2,13.91,27.82,S001,C0295,Card
T008847,2024-03-14,P005,Wireless Mouse,Electronics,2,24.59,49.18,S003,C0108,UPI
T008848,2024-10-16,P017,Cotton T-Shirt,Apparel,2,20.84,41.68,S003,C0052,UPI
T008849,2025-03-22,P009,Coffee Beans,Food and Beverage,2,14.89,29.78,S004,C0080,UPI
T008850,2025-11-15,P019,Baseball Cap,Apparel,1,15.5,15.5,S003,C0218,Bank Transfer
T008851,2025-09-24,P018,Canvas Tote Bag,Apparel,2,14.1,28.2,S001,C0013,Bank Transfer
T008852,2025-03-11,P014,Cleaning Spray,Household,4,7.43,29.72,S002,C0186,Cash
T008853,2024-02-12,P021,Garden Gloves,Outdoor,1,9.35,9.35,S003,C0107,UPI
T008854,2025-11-23,P002,Ballpoint Pen Pack,Stationery,2,5.5,11.0,S004,C0017,UPI
T008855,2023-03-25,P017,Cotton T-Shirt,Apparel,1,20.76,20.76,S002,C0199,Card
T008856,2023-03-27,P004,Printer Paper,Stationery,2,6.59,13.18,S004,C0298,Bank Transfer
T008857,2023-11-05,P006,USB-C Hub,Electronics,1,36.4,36.4,S002,C0088,UPI
T008858,2024-09-29,P007,Bluetooth Speaker,Electronics,1,47.03,47.03,S002,C0119,Card
T008859,2023-09-15,P006,USB-C Hub,Electronics,3,33.17,99.51,S001,C0249,Card
T008860,2025-04-22,P013,Hand Soap,Household,2,4.55,9.1,S001,C0176,Card
T008861,2023-10-06,P005,Wireless Mouse,Electronics,2,25.93,51.86,S004,C0160,UPI
T008862,2023-06-23,P018,Canvas Tote Bag,Apparel,1,13.39,13.39,S004,C0099,Card
T008863,2023-11-19,P021,Garden Gloves,Outdoor,2,8.49,16.98,S004,C0093,Cash
T008864,2023-11-21,P013,Hand Soap,Household,3,4.99,14.97,S002,C0001,Card
T008865,2024-12-20,P010,Tea Assortment,Food and Beverage,5,12.03,60.15,S004,C0256,Card
T008866,2024-05-15,P018,Canvas Tote Bag,Apparel,1,12.7,12.7,S002,C0007,Card
T008867,2025-08-19,P003,Desk Organizer,Stationery,5,13.78,68.9,S003,C0258,Card
T008868,2025-04-11,P020,Running Socks,Apparel,1,9.62,9.62,S004,C0213,Card
T008869,2024-03-08,P021,Garden Gloves,Outdoor,4,9.42,37.68,S004,C0276,UPI
T008870,2023-05-23,P009,Coffee Beans,Food and Beverage,1,14.6,14.6,S003,C0174,Card
T008871,2023-12-05,P020,Running Socks,Apparel,1,10.16,10.16,S001,C0170,UPI
T008872,2023-04-02,P006,USB-C Hub,Electronics,4,33.08,132.32,S004,C0046,Card
T008873,2024-05-08,P003,Desk Organizer,Stationery,4,14.0,56.0,S001,C0063,UPI
T008874,2024-11-11,P007,Bluetooth Speaker,Electronics,3,48.23,144.69,S004,C0051,UPI
T008875,2025-12-04,P005,Wireless Mouse,Electronics,2,24.98,49.96,S004,C0099,Card
T008876,2024-07-13,P012,Snack Box,Food and Beverage,5,21.93,109.65,S001,C0136,Card
T008877,2023-12-03,P014,Cleaning Spray,Household,1,7.6,7.6,S002,C0272,Card
T008878,2025-11-25,P005,Wireless Mouse,Electronics,1,24.02,24.02,S004,C0173,Cash
T008879,2024-10-11,P013,Hand Soap,Household,3,4.83,14.49,S002,C0094,UPI
T008880,2024-06-01,P010,Tea Assortment,Food and Beverage,1,12.32,12.32,S004,C0075,Card
T008881,2024-03-02,P024,Watering Can,Outdoor,1,20.66,20.66,S003,C0104,Card
T008882,2024-05-27,P002,Ballpoint Pen Pack,Stationery,5,5.15,25.75,S002,C0012,Card
T008883,2023-10-29,P017,Cotton T-Shirt,Apparel,1,19.04,19.04,S004,C0140,Card
T008884,2023-05-28,P001,Notebook,Stationery,2,8.57,17.14,S003,C0155,UPI
T008885,2024-12-30,P004,Printer Paper,Stationery,1,6.9,6.9,S001,C0050,Card
T008886,2024-12-28,P007,Bluetooth Speaker,Electronics,5,47.86,239.3,S002,C0229,Cash
T008887,2025-06-18,P005,Wireless Mouse,Electronics,3,24.01,72.03,S003,C0281,Cash
T008888,2024-07-28,P008,Webcam,Electronics,1,59.03,59.03,S002,C0106,UPI
T008889,2023-06-12,P024,Watering Can,Outdoor,4,20.05,80.2,S003,C0127,UPI
T008890,2025-12-12,P023,Hand Trowel,Outdoor,2,10.85,21.7,S003,C0299,Cash
T008891,2023-06-23,P016,LED Bulb Pack,Household,3,11.66,34.98,S001,C0012,Bank Transfer
T008892,2024-03-10,P005,Wireless Mouse,Electronics,3,23.54,70.62,S002,C0217,Bank Transfer
T008893,2025-09-07,P011,Reusable Water Bottle,Food and Beverage,1,18.81,18.81,S003,C0196,Card
T008894,2025-11-26,P001,Notebook,Stationery,2,8.6,17.2,S002,C0279,UPI
T008895,2023-10-05,P014,Cleaning Spray,Household,4,6.9,27.6,S003,C0116,UPI
T008896,2023-08-15,P018,Canvas Tote Bag,Apparel,2,13.45,26.9,S004,C0026,Cash
T008897,2024-08-10,P007,Bluetooth Speaker,Electronics,3,48.26,144.78,S004,C0300,UPI
T008898,2023-09-24,P009,Coffee Beans,Food and Beverage,2,16.07,32.14,S001,C0214,Bank Transfer
T008899,2023-04-22,P009,Coffee Beans,Food and Beverage,1,15.11,15.11,S002,C0246,UPI
T008900,2023-12-14,P017,Cotton T-Shirt,Apparel,1,19.07,19.07,S002,C0124,Cash
T008901,2025-10-09,P010,Tea Assortment,Food and Beverage,1,12.51,12.51,S003,C0013,Card
T008902,2024-12-11,P010,Tea Assortment,Food and Beverage,2,13.05,26.1,S004,C0079,Card
T008903,2025-11-25,P019,Baseball Cap,Apparel,2,15.21,30.42,S004,C0281,Cash
T008904,2024-03-15,P024,Watering Can,Outdoor,5,20.33,101.65,S003,C0115,UPI
T008905,2025-05-29,P014,Cleaning Spray,Household,4,7.06,28.24,S003,C0169,Card
T008906,2024-11-28,P010,Tea Assortment,Food and Beverage,3,13.15,39.45,S001,C0162,UPI
T008907,2025-11-27,P023,Hand Trowel,Outdoor,3,10.69,32.07,S001,C0029,Card
T008908,2025-01-26,P010,Tea Assortment,Food and Beverage,2,12.86,25.72,S003,C0038,Cash
T008909,2023-04-05,P001,Notebook,Stationery,4,8.19,32.76,S001,C0083,Card
T008910,2025-01-02,P016,LED Bulb Pack,Household,3,11.77,35.31,S003,C0025,Bank Transfer
T008911,2025-02-08,P017,Cotton T-Shirt,Apparel,6,19.81,118.86,S003,C0078,UPI
T008912,2024-04-19,P008,Webcam,Electronics,1,58.93,58.93,S003,C0151,Bank Transfer
T008913,2023-08-15,P024,Watering Can,Outdoor,2,20.26,40.52,S004,C0298,Card
T008914,2025-07-25,P013,Hand Soap,Household,3,4.73,14.19,S001,C0152,UPI
T008915,2025-08-06,P023,Hand Trowel,Outdoor,1,10.97,10.97,S003,C0065,Card
T008916,2023-10-03,P013,Hand Soap,Household,6,4.77,28.62,S002,C0223,Card
T008917,2025-03-23,P018,Canvas Tote Bag,Apparel,1,12.96,12.96,S001,C0241,UPI
T008918,2024-11-03,P021,Garden Gloves,Outdoor,5,9.24,46.2,S002,C0262,Card
T008919,2024-04-12,P006,USB-C Hub,Electronics,5,35.54,177.7,S004,C0035,UPI
T008920,2023-07-18,P005,Wireless Mouse,Electronics,3,24.41,73.23,S001,C0194,Cash
T008921,2025-11-09,P015,Storage Basket,Household,4,16.25,65.0,S003,C0055,Card
T008922,2024-11-09,P009,Coffee Beans,Food and Beverage,1,15.32,15.32,S001,C0041,Cash
T008923,2024-04-07,P009,Coffee Beans,Food and Beverage,1,15.58,15.58,S001,C0234,Card
T008924,2024-03-13,P008,Webcam,Electronics,4,59.14,236.56,S002,C0075,Bank Transfer
T008925,2023-03-09,P009,Coffee Beans,Food and Beverage,2,15.73,31.46,S003,C0282,UPI
T008926,2025-12-26,P004,Printer Paper,Stationery,2,6.93,13.86,S003,C0205,Card
T008927,2023-12-21,P009,Coffee Beans,Food and Beverage,2,16.21,32.42,S002,C0211,Card
T008928,2024-07-19,P009,Coffee Beans,Food and Beverage,1,14.95,14.95,S004,C0219,UPI
T008929,2025-08-14,P020,Running Socks,Apparel,6,9.58,57.48,S001,C0159,Card
T008930,2024-04-12,P010,Tea Assortment,Food and Beverage,5,12.54,62.7,S004,C0129,Cash
T008931,2025-08-21,P005,Wireless Mouse,Electronics,2,25.47,50.94,S002,C0074,Cash
T008932,2025-05-10,P015,Storage Basket,Household,1,15.67,15.67,S002,C0122,Card
T008933,2024-07-19,P008,Webcam,Electronics,1,56.29,56.29,S004,C0170,Bank Transfer
T008934,2023-02-04,P018,Canvas Tote Bag,Apparel,2,12.77,25.54,S003,C0133,UPI
T008935,2023-02-06,P024,Watering Can,Outdoor,1,20.53,20.53,S001,C0199,Card
T008936,2024-12-16,P012,Snack Box,Food and Beverage,3,22.92,68.76,S002,C0208,Card
T008937,2023-01-14,P016,LED Bulb Pack,Household,3,12.37,37.11,S003,C0127,Card
T008938,2025-06-09,P024,Watering Can,Outdoor,1,19.92,19.92,S001,C0280,Cash
T008939,2025-12-17,P010,Tea Assortment,Food and Beverage,3,13.1,39.3,S004,C0153,Card
T008940,2023-02-16,P011,Reusable Water Bottle,Food and Beverage,1,17.4,17.4,S003,C0292,UPI
T008941,2024-02-25,P008,Webcam,Electronics,2,61.94,123.88,S004,C0116,Card
T008942,2025-09-28,P012,Snack Box,Food and Beverage,1,23.69,23.69,S002,C0270,Card
T008943,2025-08-10,P005,Wireless Mouse,Electronics,1,25.18,25.18,S004,C0170,Card
T008944,2024-01-13,P023,Hand Trowel,Outdoor,1,10.14,10.14,S003,C0201,Cash
T008945,2025-11-29,P014,Cleaning Spray,Household,5,7.32,36.6,S002,C0069,Card
T008946,2023-07-06,P018,Canvas Tote Bag,Apparel,5,13.09,65.45,S004,C0300,Card
T008947,2023-07-29,P016,LED Bulb Pack,Household,2,11.65,23.3,S002,C0065,UPI
T008948,2023-12-13,P019,Baseball Cap,Apparel,4,16.1,64.4,S004,C0268,UPI
T008949,2024-05-26,P024,Watering Can,Outdoor,1,21.75,21.75,S002,C0114,Cash
T008950,2024-12-22,P014,Cleaning Spray,Household,2,7.62,15.24,S002,C0205,Card
T008951,2023-01-11,P022,Plant Pot,Outdoor,1,12.0,12.0,S003,C0130,UPI
T008952,2023-02-03,P009,Coffee Beans,Food and Beverage,2,14.72,29.44,S002,C0013,UPI
T008953,2023-03-21,P004,Printer Paper,Stationery,2,6.79,13.58,S004,C0083,Card
T008954,2024-09-09,P014,Cleaning Spray,Household,2,7.09,14.18,S001,C0245,Bank Transfer
T008955,2025-02-16,P013,Hand Soap,Household,3,4.88,14.64,S002,C0288,Card
T008956,2024-10-02,P021,Garden Gloves,Outdoor,3,9.23,27.69,S004,C0122,UPI
T008957,2023-06-10,P004,Printer Paper,Stationery,4,6.9,27.6,S001,C0080,UPI
T008958,2023-01-31,P016,LED Bulb Pack,Household,4,12.22,48.88,S002,C0288,UPI
T008959,2025-01-30,P012,Snack Box,Food and Beverage,1,22.7,22.7,S001,C0223,Card
T008960,2024-09-08,P016,LED Bulb Pack,Household,3,12.64,37.92,S004,C0137,Card
T008961,2023-11-02,P021,Garden Gloves,Outdoor,2,8.61,17.22,S002,C0181,Card
T008962,2023-12-02,P004,Printer Paper,Stationery,5,6.66,33.3,S001,C0114,Card
T008963,2025-10-28,P007,Bluetooth Speaker,Electronics,3,49.87,149.61,S002,C0037,Cash
T008964,2025-08-06,P010,Tea Assortment,Food and Beverage,1,13.41,13.41,S003,C0009,Card
T008965,2024-04-17,P022,Plant Pot,Outdoor,2,12.39,24.78,S002,C0026,Card
T008966,2023-08-14,P017,Cotton T-Shirt,Apparel,1,19.69,19.69,S004,C0134,Bank Transfer
T008967,2024-08-20,P022,Plant Pot,Outdoor,1,11.57,11.57,S001,C0015,Cash
T008968,2023-05-13,P013,Hand Soap,Household,1,4.82,4.82,S003,C0141,Card
T008969,2025-12-10,P003,Desk Organizer,Stationery,3,14.34,43.02,S004,C0157,Cash
T008970,2023-12-17,P018,Canvas Tote Bag,Apparel,1,13.46,13.46,S001,C0258,Card
T008971,2025-04-05,P013,Hand Soap,Household,2,4.89,9.78,S002,C0277,UPI
T008972,2024-08-06,P008,Webcam,Electronics,1,60.37,60.37,S002,C0218,Card
T008973,2024-12-16,P012,Snack Box,Food and Beverage,6,21.77,130.62,S002,C0044,UPI
T008974,2024-10-24,P002,Ballpoint Pen Pack,Stationery,1,5.35,5.35,S003,C0100,UPI
T008975,2023-03-26,P021,Garden Gloves,Outdoor,2,8.67,17.34,S002,C0176,UPI
T008976,2023-10-06,P019,Baseball Cap,Apparel,2,15.36,30.72,S001,C0028,Cash
T008977,2023-06-22,P001,Notebook,Stationery,2,8.03,16.06,S002,C0188,Cash
T008978,2025-08-21,P002,Ballpoint Pen Pack,Stationery,3,5.15,15.45,S001,C0216,Bank Transfer
T008979,2024-09-16,P003,Desk Organizer,Stationery,3,13.84,41.52,S001,C0231,UPI
T008980,2025-08-06,P004,Printer Paper,Stationery,1,6.35,6.35,S001,C0146,Card
T008981,2025-12-26,P003,Desk Organizer,Stationery,2,14.74,29.48,S002,C0233,UPI
T008982,2025-02-02,P015,Storage Basket,Household,3,16.34,49.02,S001,C0201,Bank Transfer
T008983,2023-06-04,P012,Snack Box,Food and Beverage,2,21.6,43.2,S004,C0265,Cash
T008984,2023-05-14,P017,Cotton T-Shirt,Apparel,5,20.87,104.35,S002,C0023,Card
T008985,2023-03-17,P021,Garden Gloves,Outdoor,2,8.99,17.98,S002,C0056,UPI
T008986,2023-04-05,P010,Tea Assortment,Food and Beverage,1,12.33,12.33,S002,C0016,UPI
T008987,2024-06-03,P019,Baseball Cap,Apparel,4,16.81,67.24,S002,C0016,Cash
T008988,2025-01-09,P010,Tea Assortment,Food and Beverage,4,12.73,50.92,S004,C0102,Card
T008989,2025-01-04,P022,Plant Pot,Outdoor,2,12.71,25.42,S004,C0084,Card
T008990,2024-01-08,P024,Watering Can,Outdoor,1,20.27,20.27,S003,C0210,Cash
T008991,2025-02-21,P014,Cleaning Spray,Household,3,7.49,22.47,S004,C0288,Card
T008992,2023-06-04,P006,USB-C Hub,Electronics,3,35.06,105.18,S004,C0025,Card
T008993,2024-11-09,P004,Printer Paper,Stationery,1,6.98,6.98,S004,C0035,Card
T008994,2025-12-20,P006,USB-C Hub,Electronics,2,35.15,70.3,S002,C0165,Cash
T008995,2025-06-22,P016,LED Bulb Pack,Household,6,12.16,72.96,S002,C0030,Bank Transfer
T008996,2024-01-26,P011,Reusable Water Bottle,Food and Beverage,4,18.76,75.04,S001,C0281,Card
T008997,2023-08-21,P010,Tea Assortment,Food and Beverage,3,12.37,37.11,S002,C0278,UPI
T008998,2023-03-14,P005,Wireless Mouse,Electronics,6,23.67,142.02,S001,C0223,Cash
T008999,2023-11-11,P004,Printer Paper,Stationery,2,6.77,13.54,S003,C0168,Card
T009000,2025-12-01,P011,Reusable Water Bottle,Food and Beverage,3,18.79,56.37,S002,C0182,Card
T009001,2024-06-14,P010,Tea Assortment,Food and Beverage,1,12.0,12.0,S003,C0203,Cash
T009002,2025-10-31,P008,Webcam,Electronics,2,59.73,119.46,S002,C0097,Bank Transfer
T009003,2024-07-25,P003,Desk Organizer,Stationery,2,14.37,28.74,S004,C0152,Card
T009004,2024-08-31,P004,Printer Paper,Stationery,3,6.87,20.61,S002,C0036,Card
T009005,2025-02-01,P001,Notebook,Stationery,1,8.25,8.25,S002,C0177,UPI
T009006,2024-03-23,P005,Wireless Mouse,Electronics,3,26.35,79.05,S001,C0179,Card
T009007,2023-05-16,P006,USB-C Hub,Electronics,1,34.52,34.52,S004,C0130,Card
T009008,2023-08-25,P017,Cotton T-Shirt,Apparel,2,20.27,40.54,S002,C0167,Card
T009009,2024-08-17,P001,Notebook,Stationery,2,8.48,16.96,S001,C0105,Card
T009010,2025-08-21,P012,Snack Box,Food and Beverage,2,22.93,45.86,S004,C0063,Card
T009011,2024-10-04,P003,Desk Organizer,Stationery,2,14.25,28.5,S002,C0153,Cash
T009012,2025-05-08,P003,Desk Organizer,Stationery,1,13.36,13.36,S002,C0177,Cash
T009013,2025-02-02,P007,Bluetooth Speaker,Electronics,3,51.32,153.96,S002,C0288,UPI
T009014,2023-06-20,P013,Hand Soap,Household,3,4.58,13.74,S001,C0291,Cash
T009015,2024-06-02,P002,Ballpoint Pen Pack,Stationery,2,5.54,11.08,S002,C0186,Bank Transfer
T009016,2025-02-13,P006,USB-C Hub,Electronics,1,35.22,35.22,S003,C0089,Card
T009017,2024-04-27,P024,Watering Can,Outdoor,2,21.75,43.5,S001,C0257,Bank Transfer
T009018,2025-11-09,P005,Wireless Mouse,Electronics,2,24.82,49.64,S001,C0191,UPI
T009019,2023-11-21,P024,Watering Can,Outdoor,5,20.52,102.6,S003,C0230,Card
T009020,2023-08-06,P009,Coffee Beans,Food and Beverage,3,15.4,46.2,S002,C0196,UPI
T009021,2024-01-31,P002,Ballpoint Pen Pack,Stationery,3,5.12,15.36,S004,C0200,Cash
T009022,2025-09-24,P004,Printer Paper,Stationery,1,6.38,6.38,S002,C0146,UPI
T009023,2025-06-17,P023,Hand Trowel,Outdoor,1,10.6,10.6,S003,C0190,Cash
T009024,2024-05-18,P010,Tea Assortment,Food and Beverage,5,12.18,60.9,S004,C0217,UPI
T009025,2024-07-23,P006,USB-C Hub,Electronics,6,34.06,204.36,S003,C0038,Cash
T009026,2024-01-28,P019,Baseball Cap,Apparel,2,15.78,31.56,S001,C0003,Cash
T009027,2025-06-09,P024,Watering Can,Outdoor,4,20.69,82.76,S004,C0158,UPI
T009028,2025-02-16,P004,Printer Paper,Stationery,2,6.9,13.8,S004,C0045,Card
T009029,2025-12-22,P002,Ballpoint Pen Pack,Stationery,4,5.18,20.72,S004,C0204,Card
T009030,2024-09-04,P001,Notebook,Stationery,1,8.55,8.55,S003,C0060,UPI
T009031,2023-05-30,P010,Tea Assortment,Food and Beverage,1,12.03,12.03,S001,C0032,Card
T009032,2024-12-07,P002,Ballpoint Pen Pack,Stationery,3,5.5,16.5,S004,C0260,UPI
T009033,2023-10-14,P014,Cleaning Spray,Household,4,7.68,30.72,S002,C0220,Card
T009034,2023-02-08,P002,Ballpoint Pen Pack,Stationery,1,5.14,5.14,S002,C0136,Card
T009035,2024-12-31,P010,Tea Assortment,Food and Beverage,1,12.01,12.01,S004,C0095,Card
T009036,2025-05-13,P006,USB-C Hub,Electronics,1,32.77,32.77,S003,C0176,Bank Transfer
T009037,2025-03-18,P004,Printer Paper,Stationery,1,6.59,6.59,S003,C0124,Cash
T009038,2023-12-07,P014,Cleaning Spray,Household,4,7.33,29.32,S002,C0287,UPI
T009039,2024-09-13,P012,Snack Box,Food and Beverage,1,22.67,22.67,S004,C0005,Bank Transfer
T009040,2024-04-09,P009,Coffee Beans,Food and Beverage,1,16.1,16.1,S001,C0013,Cash
T009041,2023-05-27,P005,Wireless Mouse,Electronics,1,26.43,26.43,S002,C0131,UPI
T009042,2023-06-11,P018,Canvas Tote Bag,Apparel,1,13.59,13.59,S001,C0232,Cash
T009043,2023-02-27,P001,Notebook,Stationery,2,8.85,17.7,S002,C0074,UPI
T009044,2025-08-02,P007,Bluetooth Speaker,Electronics,4,49.29,197.16,S004,C0134,Cash
T009045,2023-02-09,P006,USB-C Hub,Electronics,1,35.11,35.11,S001,C0228,Card
T009046,2025-11-13,P014,Cleaning Spray,Household,4,7.54,30.16,S001,C0253,Cash
T009047,2023-03-25,P017,Cotton T-Shirt,Apparel,1,21.13,21.13,S003,C0213,Card
T009048,2024-03-15,P002,Ballpoint Pen Pack,Stationery,2,5.02,10.04,S003,C0108,UPI
T009049,2023-01-26,P011,Reusable Water Bottle,Food and Beverage,1,17.5,17.5,S002,C0019,UPI
T009050,2023-10-12,P014,Cleaning Spray,Household,2,7.28,14.56,S003,C0130,UPI
T009051,2024-10-26,P023,Hand Trowel,Outdoor,3,10.12,30.36,S004,C0102,UPI
T009052,2024-05-23,P002,Ballpoint Pen Pack,Stationery,2,5.2,10.4,S001,C0294,UPI
T009053,2024-01-12,P009,Coffee Beans,Food and Beverage,1,15.85,15.85,S003,C0138,Cash
T009054,2024-01-01,P018,Canvas Tote Bag,Apparel,1,13.19,13.19,S001,C0119,Card
T009055,2025-06-19,P009,Coffee Beans,Food and Beverage,2,16.4,32.8,S002,C0038,Cash
T009056,2024-02-04,P017,Cotton T-Shirt,Apparel,2,19.23,38.46,S002,C0121,Cash
T009057,2023-11-02,P011,Reusable Water Bottle,Food and Beverage,4,18.0,72.0,S004,C0122,Cash
T009058,2025-08-18,P020,Running Socks,Apparel,3,10.28,30.84,S003,C0143,Card
T009059,2025-06-18,P005,Wireless Mouse,Electronics,1,24.13,24.13,S001,C0041,UPI
T009060,2023-08-31,P017,Cotton T-Shirt,Apparel,3,18.98,56.94,S003,C0240,Card
T009061,2023-06-05,P022,Plant Pot,Outdoor,2,12.2,24.4,S004,C0029,Card
T009062,2023-02-04,P005,Wireless Mouse,Electronics,1,25.43,25.43,S002,C0230,Card
T009063,2023-10-16,P006,USB-C Hub,Electronics,3,33.94,101.82,S001,C0092,Card
T009064,2025-08-23,P016,LED Bulb Pack,Household,1,11.29,11.29,S002,C0274,UPI
T009065,2023-07-13,P007,Bluetooth Speaker,Electronics,3,52.18,156.54,S004,C0003,UPI
T009066,2024-06-17,P004,Printer Paper,Stationery,3,6.89,20.67,S003,C0080,Card
T009067,2024-11-16,P003,Desk Organizer,Stationery,2,13.31,26.62,S004,C0040,Cash
T009068,2025-09-24,P003,Desk Organizer,Stationery,4,13.55,54.2,S002,C0036,Card
T009069,2024-10-22,P007,Bluetooth Speaker,Electronics,3,48.88,146.64,S003,C0140,UPI
T009070,2023-01-01,P024,Watering Can,Outdoor,1,21.68,21.68,S004,C0057,Card
T009071,2023-03-13,P009,Coffee Beans,Food and Beverage,1,14.58,14.58,S004,C0226,UPI
T009072,2025-08-13,P003,Desk Organizer,Stationery,3,14.45,43.35,S001,C0006,UPI
T009073,2025-04-13,P002,Ballpoint Pen Pack,Stationery,2,5.45,10.9,S002,C0175,Card
T009074,2023-05-16,P012,Snack Box,Food and Beverage,3,22.59,67.77,S002,C0269,UPI
T009075,2025-08-02,P020,Running Socks,Apparel,1,9.59,9.59,S001,C0236,Card
T009076,2023-03-03,P002,Ballpoint Pen Pack,Stationery,4,5.22,20.88,S004,C0068,UPI
T009077,2025-10-22,P009,Coffee Beans,Food and Beverage,5,15.78,78.9,S002,C0251,Card
T009078,2025-12-23,P018,Canvas Tote Bag,Apparel,1,13.16,13.16,S001,C0253,UPI
T009079,2023-04-19,P021,Garden Gloves,Outdoor,1,9.39,9.39,S003,C0114,Cash
T009080,2023-11-04,P016,LED Bulb Pack,Household,3,11.51,34.53,S004,C0011,Cash
T009081,2023-11-16,P004,Printer Paper,Stationery,3,6.62,19.86,S002,C0217,Card
T009082,2025-11-22,P012,Snack Box,Food and Beverage,4,23.29,93.16,S004,C0172,UPI
T009083,2025-12-02,P009,Coffee Beans,Food and Beverage,2,15.15,30.3,S002,C0117,Card
T009084,2023-08-13,P021,Garden Gloves,Outdoor,2,8.83,17.66,S004,C0097,UPI
T009085,2023-12-09,P013,Hand Soap,Household,1,4.78,4.78,S004,C0264,Cash
T009086,2024-08-24,P008,Webcam,Electronics,5,56.79,283.95,S003,C0237,UPI
T009087,2023-09-07,P020,Running Socks,Apparel,2,9.91,19.82,S003,C0212,UPI
T009088,2025-08-06,P011,Reusable Water Bottle,Food and Beverage,3,18.91,56.73,S002,C0123,Card
T009089,2024-04-14,P023,Hand Trowel,Outdoor,1,9.95,9.95,S002,C0212,UPI
T009090,2025-10-05,P021,Garden Gloves,Outdoor,3,9.15,27.45,S001,C0229,Card
T009091,2025-08-23,P009,Coffee Beans,Food and Beverage,2,16.38,32.76,S003,C0044,Cash
T009092,2025-07-24,P001,Notebook,Stationery,3,8.12,24.36,S003,C0065,Cash
T009093,2024-07-16,P001,Notebook,Stationery,6,8.44,50.64,S001,C0202,Cash
T009094,2025-01-07,P010,Tea Assortment,Food and Beverage,1,13.18,13.18,S002,C0180,Card
T009095,2023-04-08,P015,Storage Basket,Household,5,17.19,85.95,S004,C0281,Card
T009096,2023-03-28,P001,Notebook,Stationery,2,8.93,17.86,S001,C0037,UPI
T009097,2025-04-21,P017,Cotton T-Shirt,Apparel,1,19.48,19.48,S004,C0047,UPI
T009098,2023-05-15,P008,Webcam,Electronics,1,57.31,57.31,S004,C0191,UPI
T009099,2025-11-08,P019,Baseball Cap,Apparel,4,15.73,62.92,S001,C0280,UPI
T009100,2025-06-12,P021,Garden Gloves,Outdoor,4,8.7,34.8,S001,C0300,Cash
T009101,2023-07-30,P022,Plant Pot,Outdoor,1,12.06,12.06,S001,C0290,UPI
T009102,2025-01-04,P020,Running Socks,Apparel,1,9.54,9.54,S004,C0037,UPI
T009103,2025-05-18,P018,Canvas Tote Bag,Apparel,1,12.75,12.75,S004,C0005,UPI
T009104,2023-02-28,P011,Reusable Water Bottle,Food and Beverage,2,18.85,37.7,S001,C0187,UPI
T009105,2024-06-21,P020,Running Socks,Apparel,1,10.21,10.21,S001,C0236,Card
T009106,2025-03-24,P006,USB-C Hub,Electronics,2,33.32,66.64,S002,C0168,Cash
T009107,2025-02-21,P006,USB-C Hub,Electronics,2,32.65,65.3,S004,C0075,UPI
T009108,2023-06-24,P016,LED Bulb Pack,Household,2,12.35,24.7,S003,C0076,Bank Transfer
T009109,2025-01-31,P020,Running Socks,Apparel,3,10.03,30.09,S002,C0053,Cash
T009110,2024-02-15,P006,USB-C Hub,Electronics,3,35.98,107.94,S004,C0221,Card
T009111,2023-07-13,P024,Watering Can,Outdoor,1,20.28,20.28,S001,C0278,Card
T009112,2023-03-26,P009,Coffee Beans,Food and Beverage,1,15.16,15.16,S004,C0201,UPI
T009113,2023-07-15,P022,Plant Pot,Outdoor,3,11.45,34.35,S003,C0054,UPI
T009114,2025-05-02,P004,Printer Paper,Stationery,3,7.04,21.12,S002,C0037,Card
T009115,2023-01-04,P013,Hand Soap,Household,1,4.95,4.95,S002,C0099,Cash
T009116,2023-05-22,P013,Hand Soap,Household,2,5.0,10.0,S001,C0073,Card
T009117,2024-10-05,P009,Coffee Beans,Food and Beverage,2,15.59,31.18,S003,C0276,UPI
T009118,2025-05-11,P009,Coffee Beans,Food and Beverage,1,16.24,16.24,S002,C0156,UPI
T009119,2023-04-24,P007,Bluetooth Speaker,Electronics,4,47.52,190.08,S003,C0188,UPI
T009120,2023-08-07,P005,Wireless Mouse,Electronics,2,24.77,49.54,S001,C0039,UPI
T009121,2024-11-17,P009,Coffee Beans,Food and Beverage,2,15.8,31.6,S002,C0005,Bank Transfer
T009122,2023-03-19,P007,Bluetooth Speaker,Electronics,3,50.8,152.4,S001,C0253,UPI
T009123,2025-10-03,P012,Snack Box,Food and Beverage,1,22.5,22.5,S003,C0010,UPI
T009124,2023-09-04,P008,Webcam,Electronics,1,57.06,57.06,S004,C0080,Card
T009125,2025-05-19,P009,Coffee Beans,Food and Beverage,2,15.99,31.98,S002,C0054,Card
T009126,2025-08-29,P001,Notebook,Stationery,1,8.35,8.35,S002,C0221,Card
T009127,2023-02-13,P004,Printer Paper,Stationery,1,7.08,7.08,S001,C0227,UPI
T009128,2025-02-21,P006,USB-C Hub,Electronics,1,36.19,36.19,S004,C0019,Card
T009129,2023-03-17,P009,Coffee Beans,Food and Beverage,1,16.07,16.07,S001,C0219,UPI
T009130,2023-06-07,P022,Plant Pot,Outdoor,1,12.61,12.61,S002,C0287,Card
T009131,2024-07-03,P020,Running Socks,Apparel,1,10.45,10.45,S001,C0035,Card
T009132,2024-10-27,P008,Webcam,Electronics,1,59.26,59.26,S004,C0227,Card
T009133,2023-07-08,P012,Snack Box,Food and Beverage,1,21.72,21.72,S003,C0171,Cash
T009134,2024-08-03,P007,Bluetooth Speaker,Electronics,4,47.49,189.96,S003,C0014,Card
T009135,2024-05-05,P023,Hand Trowel,Outdoor,3,10.86,32.58,S003,C0242,Cash
T009136,2024-06-24,P007,Bluetooth Speaker,Electronics,1,49.17,49.17,S001,C0098,UPI
T009137,2024-05-11,P014,Cleaning Spray,Household,1,6.88,6.88,S001,C0177,Cash
T009138,2023-09-10,P018,Canvas Tote Bag,Apparel,1,13.7,13.7,S003,C0184,Card
T009139,2024-12-10,P003,Desk Organizer,Stationery,2,14.69,29.38,S001,C0184,Card
T009140,2024-05-10,P013,Hand Soap,Household,3,4.69,14.07,S003,C0298,Card
T009141,2024-11-10,P016,LED Bulb Pack,Household,1,12.4,12.4,S003,C0269,Cash
T009142,2023-01-28,P006,USB-C Hub,Electronics,4,33.73,134.92,S004,C0004,Card
T009143,2025-07-07,P003,Desk Organizer,Stationery,2,13.54,27.08,S001,C0126,Cash
T009144,2023-06-04,P002,Ballpoint Pen Pack,Stationery,3,5.15,15.45,S001,C0012,UPI
T009145,2024-03-25,P013,Hand Soap,Household,2,4.6,9.2,S002,C0185,UPI
T009146,2025-07-07,P020,Running Socks,Apparel,2,9.8,19.6,S002,C0241,Cash
T009147,2023-07-26,P019,Baseball Cap,Apparel,1,15.3,15.3,S003,C0297,Card
T009148,2025-04-26,P024,Watering Can,Outdoor,1,19.89,19.89,S001,C0087,Card
T009149,2024-09-17,P004,Printer Paper,Stationery,3,6.39,19.17,S002,C0182,UPI
T009150,2023-04-11,P016,LED Bulb Pack,Household,1,11.39,11.39,S001,C0142,Card
T009151,2024-08-04,P002,Ballpoint Pen Pack,Stationery,2,5.24,10.48,S001,C0194,Card
T009152,2023-04-01,P002,Ballpoint Pen Pack,Stationery,5,5.01,25.05,S002,C0208,Card
T009153,2023-10-23,P003,Desk Organizer,Stationery,3,14.32,42.96,S001,C0218,UPI
T009154,2025-05-17,P003,Desk Organizer,Stationery,1,14.23,14.23,S002,C0113,UPI
T009155,2025-04-30,P013,Hand Soap,Household,1,4.68,4.68,S003,C0269,Cash
T009156,2024-04-12,P001,Notebook,Stationery,2,8.27,16.54,S001,C0035,Card
T009157,2024-08-18,P005,Wireless Mouse,Electronics,2,24.12,48.24,S003,C0039,Card
T009158,2023-10-23,P015,Storage Basket,Household,3,16.38,49.14,S001,C0061,Card
T009159,2024-12-26,P017,Cotton T-Shirt,Apparel,1,20.8,20.8,S002,C0203,UPI
T009160,2023-03-02,P009,Coffee Beans,Food and Beverage,3,15.28,45.84,S001,C0244,UPI
T009161,2023-01-16,P012,Snack Box,Food and Beverage,2,22.48,44.96,S001,C0257,UPI
T009162,2023-08-17,P006,USB-C Hub,Electronics,1,33.85,33.85,S001,C0119,Bank Transfer
T009163,2024-04-06,P017,Cotton T-Shirt,Apparel,6,19.89,119.34,S001,C0091,Card
T009164,2025-02-21,P005,Wireless Mouse,Electronics,2,23.5,47.0,S002,C0266,UPI
T009165,2023-10-01,P006,USB-C Hub,Electronics,1,35.99,35.99,S001,C0043,UPI
T009166,2025-04-01,P009,Coffee Beans,Food and Beverage,1,14.79,14.79,S004,C0031,Card
T009167,2025-03-24,P023,Hand Trowel,Outdoor,6,10.75,64.5,S001,C0240,Cash
T009168,2025-01-02,P009,Coffee Beans,Food and Beverage,1,15.54,15.54,S001,C0106,Cash
T009169,2024-11-01,P005,Wireless Mouse,Electronics,1,25.44,25.44,S002,C0121,UPI
T009170,2023-06-05,P002,Ballpoint Pen Pack,Stationery,2,5.37,10.74,S001,C0214,Card
T009171,2025-12-22,P011,Reusable Water Bottle,Food and Beverage,3,17.67,53.01,S002,C0279,UPI
T009172,2023-11-30,P002,Ballpoint Pen Pack,Stationery,1,5.33,5.33,S003,C0270,UPI
T009173,2025-12-14,P018,Canvas Tote Bag,Apparel,1,13.9,13.9,S002,C0197,Cash
T009174,2025-12-18,P013,Hand Soap,Household,2,4.59,9.18,S002,C0064,Card
T009175,2024-01-30,P021,Garden Gloves,Outdoor,5,9.02,45.1,S003,C0193,Card
T009176,2024-06-18,P018,Canvas Tote Bag,Apparel,1,14.02,14.02,S003,C0014,Bank Transfer
T009177,2024-01-19,P005,Wireless Mouse,Electronics,1,23.92,23.92,S001,C0182,Cash
T009178,2025-12-07,P017,Cotton T-Shirt,Apparel,1,19.23,19.23,S004,C0098,Bank Transfer
T009179,2024-01-06,P016,LED Bulb Pack,Household,1,11.58,11.58,S002,C0253,Bank Transfer
T009180,2023-05-28,P023,Hand Trowel,Outdoor,4,10.72,42.88,S004,C0129,Cash
T009181,2023-02-10,P014,Cleaning Spray,Household,3,7.04,21.12,S001,C0255,UPI
T009182,2023-10-05,P010,Tea Assortment,Food and Beverage,5,13.16,65.8,S001,C0278,UPI
T009183,2025-02-20,P016,LED Bulb Pack,Household,1,12.25,12.25,S003,C0226,UPI
T009184,2025-05-25,P003,Desk Organizer,Stationery,4,14.45,57.8,S003,C0194,UPI
T009185,2023-11-08,P007,Bluetooth Speaker,Electronics,2,52.91,105.82,S003,C0148,Cash
T009186,2025-11-23,P007,Bluetooth Speaker,Electronics,4,52.44,209.76,S002,C0246,Card
T009187,2023-12-19,P011,Reusable Water Bottle,Food and Beverage,1,17.29,17.29,S003,C0149,UPI
T009188,2023-06-02,P020,Running Socks,Apparel,2,10.08,20.16,S002,C0005,Card
T009189,2024-12-16,P008,Webcam,Electronics,4,60.42,241.68,S004,C0265,Card
T009190,2025-03-31,P021,Garden Gloves,Outdoor,3,8.77,26.31,S003,C0118,Bank Transfer
T009191,2023-12-04,P002,Ballpoint Pen Pack,Stationery,4,5.2,20.8,S001,C0157,Cash
T009192,2024-03-23,P015,Storage Basket,Household,2,17.06,34.12,S001,C0210,UPI
T009193,2025-07-01,P023,Hand Trowel,Outdoor,2,10.51,21.02,S004,C0081,Card
T009194,2023-08-08,P016,LED Bulb Pack,Household,2,12.47,24.94,S002,C0029,Card
T009195,2023-02-10,P015,Storage Basket,Household,2,16.7,33.4,S001,C0040,Card
T009196,2025-04-09,P006,USB-C Hub,Electronics,1,34.58,34.58,S002,C0035,Card
T009197,2023-10-22,P006,USB-C Hub,Electronics,3,32.98,98.94,S004,C0277,Card
T009198,2024-02-07,P005,Wireless Mouse,Electronics,1,24.94,24.94,S004,C0129,Card
T009199,2024-11-14,P008,Webcam,Electronics,3,58.47,175.41,S002,C0008,Card
T009200,2024-07-13,P018,Canvas Tote Bag,Apparel,1,14.29,14.29,S001,C0134,Card
T009201,2025-05-10,P013,Hand Soap,Household,2,4.72,9.44,S003,C0245,UPI
T009202,2024-01-28,P007,Bluetooth Speaker,Electronics,1,49.78,49.78,S004,C0121,UPI
T009203,2025-03-08,P009,Coffee Beans,Food and Beverage,2,14.83,29.66,S004,C0245,Card
T009204,2023-10-18,P009,Coffee Beans,Food and Beverage,2,15.83,31.66,S001,C0101,Card
T009205,2024-11-23,P002,Ballpoint Pen Pack,Stationery,5,5.17,25.85,S003,C0244,Card
T009206,2023-09-17,P005,Wireless Mouse,Electronics,1,25.21,25.21,S002,C0105,Card
T009207,2024-05-17,P001,Notebook,Stationery,5,8.92,44.6,S002,C0160,UPI
T009208,2024-09-25,P015,Storage Basket,Household,1,17.24,17.24,S001,C0138,Card
T009209,2023-01-24,P004,Printer Paper,Stationery,4,6.99,27.96,S001,C0112,Cash
T009210,2023-10-07,P004,Printer Paper,Stationery,2,6.9,13.8,S004,C0256,Card
T009211,2023-12-20,P011,Reusable Water Bottle,Food and Beverage,3,18.81,56.43,S001,C0284,UPI
T009212,2024-10-23,P001,Notebook,Stationery,4,8.8,35.2,S004,C0067,UPI
T009213,2025-02-28,P005,Wireless Mouse,Electronics,4,24.36,97.44,S003,C0237,UPI
T009214,2023-05-21,P010,Tea Assortment,Food and Beverage,2,12.35,24.7,S001,C0103,Card
T009215,2025-10-14,P004,Printer Paper,Stationery,2,7.05,14.1,S004,C0059,Card
T009216,2024-10-22,P001,Notebook,Stationery,4,8.55,34.2,S003,C0080,Card
T009217,2025-10-28,P004,Printer Paper,Stationery,5,6.63,33.15,S003,C0191,Card
T009218,2024-03-12,P016,LED Bulb Pack,Household,1,11.92,11.92,S004,C0251,UPI
T009219,2025-07-10,P019,Baseball Cap,Apparel,2,15.53,31.06,S003,C0139,Bank Transfer
T009220,2023-03-04,P008,Webcam,Electronics,4,58.89,235.56,S003,C0108,UPI
T009221,2025-06-22,P012,Snack Box,Food and Beverage,4,23.4,93.6,S004,C0031,UPI
T009222,2025-06-11,P009,Coffee Beans,Food and Beverage,3,16.29,48.87,S003,C0067,Card
T009223,2024-06-10,P014,Cleaning Spray,Household,2,7.3,14.6,S004,C0145,Cash
T009224,2025-09-06,P014,Cleaning Spray,Household,2,7.01,14.02,S002,C0223,UPI
T009225,2025-10-04,P006,USB-C Hub,Electronics,2,35.48,70.96,S003,C0196,Card
T009226,2024-03-09,P008,Webcam,Electronics,4,56.01,224.04,S003,C0041,UPI
T009227,2025-06-19,P014,Cleaning Spray,Household,3,7.6,22.8,S001,C0075,UPI
T009228,2024-06-08,P023,Hand Trowel,Outdoor,3,10.59,31.77,S002,C0029,Cash
T009229,2023-09-04,P002,Ballpoint Pen Pack,Stationery,1,5.53,5.53,S001,C0133,UPI
T009230,2025-07-15,P004,Printer Paper,Stationery,2,6.56,13.12,S003,C0214,Card
T009231,2024-07-24,P021,Garden Gloves,Outdoor,1,8.9,8.9,S001,C0184,Card
T009232,2023-04-29,P014,Cleaning Spray,Household,2,7.47,14.94,S002,C0032,Cash
T009233,2024-11-25,P022,Plant Pot,Outdoor,1,11.47,11.47,S003,C0087,Bank Transfer
T009234,2025-01-23,P008,Webcam,Electronics,1,56.28,56.28,S003,C0226,UPI
T009235,2024-08-05,P017,Cotton T-Shirt,Apparel,1,19.37,19.37,S001,C0026,Card
T009236,2024-12-05,P005,Wireless Mouse,Electronics,1,23.89,23.89,S002,C0115,Card
T009237,2024-08-11,P014,Cleaning Spray,Household,4,7.45,29.8,S001,C0050,Card
T009238,2023-08-11,P013,Hand Soap,Household,2,4.5,9.0,S002,C0064,Bank Transfer
T009239,2024-01-14,P002,Ballpoint Pen Pack,Stationery,1,5.34,5.34,S001,C0213,Card
T009240,2025-08-02,P008,Webcam,Electronics,5,56.6,283.0,S002,C0300,Card
T009241,2024-07-08,P015,Storage Basket,Household,2,16.75,33.5,S001,C0198,UPI
T009242,2023-09-25,P020,Running Socks,Apparel,2,10.37,20.74,S003,C0100,Cash
T009243,2023-01-14,P023,Hand Trowel,Outdoor,2,11.03,22.06,S004,C0220,UPI
T009244,2024-01-13,P001,Notebook,Stationery,2,8.57,17.14,S004,C0288,Card
T009245,2025-09-12,P015,Storage Basket,Household,6,16.71,100.26,S001,C0167,Card
T009246,2023-05-13,P013,Hand Soap,Household,1,4.86,4.86,S001,C0031,Card
T009247,2024-12-02,P022,Plant Pot,Outdoor,4,11.33,45.32,S002,C0139,Card
T009248,2024-08-09,P008,Webcam,Electronics,3,57.31,171.93,S004,C0242,UPI
T009249,2023-08-19,P021,Garden Gloves,Outdoor,1,9.32,9.32,S003,C0093,Card
T009250,2023-03-16,P021,Garden Gloves,Outdoor,5,8.9,44.5,S003,C0177,Card
T009251,2024-06-02,P018,Canvas Tote Bag,Apparel,1,14.14,14.14,S002,C0068,UPI
T009252,2023-03-12,P024,Watering Can,Outdoor,1,21.52,21.52,S002,C0054,Card
T009253,2025-04-13,P012,Snack Box,Food and Beverage,2,21.98,43.96,S003,C0234,Card
T009254,2023-04-19,P015,Storage Basket,Household,1,16.82,16.82,S004,C0094,Card
T009255,2023-09-17,P020,Running Socks,Apparel,2,9.68,19.36,S004,C0056,Cash
T009256,2025-12-16,P002,Ballpoint Pen Pack,Stationery,1,5.55,5.55,S003,C0028,Cash
T009257,2024-08-24,P005,Wireless Mouse,Electronics,3,25.45,76.35,S001,C0085,Cash
T009258,2025-11-26,P002,Ballpoint Pen Pack,Stationery,3,5.48,16.44,S003,C0020,UPI
T009259,2024-01-25,P021,Garden Gloves,Outdoor,2,8.92,17.84,S002,C0201,UPI
T009260,2025-05-23,P005,Wireless Mouse,Electronics,1,23.68,23.68,S001,C0138,UPI
T009261,2023-12-25,P022,Plant Pot,Outdoor,3,11.84,35.52,S002,C0184,Bank Transfer
T009262,2024-11-17,P001,Notebook,Stationery,5,8.49,42.45,S003,C0052,UPI
T009263,2025-02-13,P010,Tea Assortment,Food and Beverage,2,12.55,25.1,S004,C0011,UPI
T009264,2023-07-03,P009,Coffee Beans,Food and Beverage,2,16.27,32.54,S001,C0108,Card
T009265,2023-09-08,P009,Coffee Beans,Food and Beverage,2,16.09,32.18,S002,C0209,UPI
T009266,2023-08-13,P019,Baseball Cap,Apparel,2,15.65,31.3,S001,C0292,UPI
T009267,2024-07-06,P017,Cotton T-Shirt,Apparel,2,19.98,39.96,S001,C0061,Bank Transfer
T009268,2023-09-10,P006,USB-C Hub,Electronics,5,32.63,163.15,S002,C0234,Cash
T009269,2025-03-06,P014,Cleaning Spray,Household,2,6.83,13.66,S003,C0058,Card
T009270,2024-11-14,P019,Baseball Cap,Apparel,1,16.41,16.41,S002,C0043,UPI
T009271,2024-12-19,P012,Snack Box,Food and Beverage,2,23.84,47.68,S001,C0064,UPI
T009272,2025-12-01,P018,Canvas Tote Bag,Apparel,1,12.73,12.73,S001,C0183,Card
T009273,2024-09-08,P013,Hand Soap,Household,3,4.9,14.7,S001,C0201,Cash
T009274,2025-08-03,P006,USB-C Hub,Electronics,2,35.59,71.18,S001,C0111,Bank Transfer
T009275,2025-11-14,P016,LED Bulb Pack,Household,4,12.39,49.56,S002,C0218,UPI
T009276,2025-07-18,P005,Wireless Mouse,Electronics,2,23.8,47.6,S002,C0135,Card
T009277,2023-04-13,P024,Watering Can,Outdoor,3,21.05,63.15,S001,C0291,UPI
T009278,2025-10-16,P007,Bluetooth Speaker,Electronics,2,49.64,99.28,S002,C0063,Card
T009279,2025-12-11,P017,Cotton T-Shirt,Apparel,6,20.52,123.12,S002,C0039,UPI
T009280,2025-10-21,P002,Ballpoint Pen Pack,Stationery,2,5.55,11.1,S002,C0130,Card
T009281,2023-10-09,P013,Hand Soap,Household,2,4.89,9.78,S004,C0006,Card
T009282,2025-09-22,P004,Printer Paper,Stationery,2,6.37,12.74,S002,C0083,Card
T009283,2024-05-19,P001,Notebook,Stationery,3,8.3,24.9,S001,C0210,UPI
T009284,2025-03-01,P020,Running Socks,Apparel,1,10.12,10.12,S003,C0203,Cash
T009285,2024-07-28,P021,Garden Gloves,Outdoor,1,9.18,9.18,S001,C0111,Card
T009286,2024-06-16,P013,Hand Soap,Household,4,4.61,18.44,S001,C0090,Card
T009287,2024-02-05,P014,Cleaning Spray,Household,6,7.4,44.4,S003,C0091,Bank Transfer
T009288,2025-09-15,P001,Notebook,Stationery,4,9.0,36.0,S003,C0034,Cash
T009289,2025-04-14,P001,Notebook,Stationery,1,8.14,8.14,S001,C0192,Cash
T009290,2023-02-03,P001,Notebook,Stationery,1,8.69,8.69,S002,C0153,Card
T009291,2024-10-11,P015,Storage Basket,Household,1,16.38,16.38,S001,C0083,Cash
T009292,2024-12-21,P009,Coffee Beans,Food and Beverage,1,14.85,14.85,S002,C0048,Card
T009293,2025-12-27,P013,Hand Soap,Household,1,5.01,5.01,S004,C0059,UPI
T009294,2023-03-09,P001,Notebook,Stationery,2,8.98,17.96,S004,C0083,Card
T009295,2024-12-23,P024,Watering Can,Outdoor,6,22.14,132.84,S003,C0045,UPI
T009296,2025-11-04,P013,Hand Soap,Household,4,4.63,18.52,S002,C0032,Card
T009297,2025-04-12,P001,Notebook,Stationery,2,8.42,16.84,S001,C0122,Cash
T009298,2024-11-30,P007,Bluetooth Speaker,Electronics,5,52.57,262.85,S002,C0197,Card
T009299,2025-11-01,P010,Tea Assortment,Food and Beverage,2,12.99,25.98,S001,C0036,Bank Transfer
T009300,2023-08-18,P002,Ballpoint Pen Pack,Stationery,1,5.49,5.49,S003,C0237,Cash
T009301,2025-08-13,P009,Coffee Beans,Food and Beverage,1,16.09,16.09,S001,C0045,Card
T009302,2025-06-27,P022,Plant Pot,Outdoor,3,12.6,37.8,S004,C0169,Cash
T009303,2025-12-25,P010,Tea Assortment,Food and Beverage,1,12.69,12.69,S003,C0264,Cash
T009304,2024-10-18,P012,Snack Box,Food and Beverage,2,21.72,43.44,S003,C0109,Card
T009305,2024-03-01,P012,Snack Box,Food and Beverage,1,23.19,23.19,S003,C0290,Bank Transfer
T009306,2025-10-12,P006,USB-C Hub,Electronics,3,34.39,103.17,S001,C0123,Bank Transfer
T009307,2025-03-12,P022,Plant Pot,Outdoor,1,11.34,11.34,S003,C0069,Card
T009308,2024-03-26,P005,Wireless Mouse,Electronics,4,24.88,99.52,S004,C0208,Cash
T009309,2025-12-12,P014,Cleaning Spray,Household,1,7.63,7.63,S003,C0143,UPI
T009310,2023-10-04,P011,Reusable Water Bottle,Food and Beverage,2,17.66,35.32,S003,C0055,UPI
T009311,2025-06-13,P008,Webcam,Electronics,1,57.84,57.84,S001,C0075,UPI
T009312,2023-12-31,P018,Canvas Tote Bag,Apparel,2,13.69,27.38,S002,C0090,Card
T009313,2025-07-22,P016,LED Bulb Pack,Household,2,11.4,22.8,S004,C0234,UPI
T009314,2024-10-14,P002,Ballpoint Pen Pack,Stationery,4,5.0,20.0,S003,C0154,Cash
T009315,2025-01-11,P003,Desk Organizer,Stationery,1,14.14,14.14,S004,C0090,Card
T009316,2023-05-24,P005,Wireless Mouse,Electronics,2,24.82,49.64,S003,C0008,Card
T009317,2025-07-31,P004,Printer Paper,Stationery,2,7.09,14.18,S001,C0190,UPI
T009318,2024-05-21,P005,Wireless Mouse,Electronics,3,25.99,77.97,S001,C0050,Card
T009319,2025-01-09,P018,Canvas Tote Bag,Apparel,3,14.07,42.21,S001,C0082,Bank Transfer
T009320,2025-08-16,P001,Notebook,Stationery,1,8.57,8.57,S001,C0087,Cash
T009321,2025-07-21,P014,Cleaning Spray,Household,3,7.27,21.81,S003,C0203,Bank Transfer
T009322,2023-12-12,P018,Canvas Tote Bag,Apparel,1,13.55,13.55,S001,C0112,Card
T009323,2025-02-21,P022,Plant Pot,Outdoor,2,12.49,24.98,S001,C0291,Bank Transfer
T009324,2024-06-24,P001,Notebook,Stationery,2,8.4,16.8,S001,C0253,UPI
T009325,2023-04-25,P021,Garden Gloves,Outdoor,2,8.51,17.02,S001,C0213,Card
T009326,2024-06-02,P002,Ballpoint Pen Pack,Stationery,2,5.56,11.12,S001,C0096,UPI
T009327,2025-05-03,P012,Snack Box,Food and Beverage,1,21.98,21.98,S001,C0275,Cash
T009328,2024-06-04,P022,Plant Pot,Outdoor,6,12.62,75.72,S001,C0159,Cash
T009329,2025-01-19,P011,Reusable Water Bottle,Food and Beverage,2,18.35,36.7,S001,C0191,Cash
T009330,2025-07-20,P010,Tea Assortment,Food and Beverage,4,13.39,53.56,S004,C0065,Card
T009331,2023-06-09,P006,USB-C Hub,Electronics,5,34.55,172.75,S002,C0272,Card
T009332,2023-03-06,P024,Watering Can,Outdoor,2,19.85,39.7,S004,C0027,UPI
T009333,2025-03-12,P019,Baseball Cap,Apparel,1,16.71,16.71,S004,C0161,Card
T009334,2024-01-25,P009,Coffee Beans,Food and Beverage,2,15.17,30.34,S002,C0221,Cash
T009335,2024-03-29,P021,Garden Gloves,Outdoor,3,9.21,27.63,S003,C0185,Cash
T009336,2023-11-14,P001,Notebook,Stationery,3,8.65,25.95,S004,C0141,UPI
T009337,2024-10-23,P003,Desk Organizer,Stationery,2,13.82,27.64,S003,C0176,UPI
T009338,2024-06-01,P001,Notebook,Stationery,2,8.25,16.5,S001,C0054,UPI
T009339,2024-07-22,P001,Notebook,Stationery,3,8.23,24.69,S001,C0178,UPI
T009340,2024-01-06,P018,Canvas Tote Bag,Apparel,1,13.08,13.08,S003,C0298,Cash
T009341,2024-11-06,P024,Watering Can,Outdoor,2,20.72,41.44,S001,C0072,UPI
T009342,2023-06-03,P001,Notebook,Stationery,4,8.69,34.76,S001,C0009,Card
T009343,2025-06-25,P016,LED Bulb Pack,Household,4,11.67,46.68,S001,C0214,Cash
T009344,2025-06-30,P006,USB-C Hub,Electronics,2,33.33,66.66,S001,C0188,Card
T009345,2024-07-09,P002,Ballpoint Pen Pack,Stationery,5,5.26,26.3,S003,C0008,Cash
T009346,2023-10-06,P003,Desk Organizer,Stationery,5,13.97,69.85,S002,C0185,Bank Transfer
T009347,2025-01-13,P016,LED Bulb Pack,Household,4,11.28,45.12,S003,C0021,Cash
T009348,2023-06-27,P009,Coffee Beans,Food and Beverage,1,14.65,14.65,S003,C0266,UPI
T009349,2025-08-04,P022,Plant Pot,Outdoor,2,11.31,22.62,S001,C0197,Cash
T009350,2024-04-28,P018,Canvas Tote Bag,Apparel,4,12.97,51.88,S004,C0179,UPI
T009351,2025-04-09,P010,Tea Assortment,Food and Beverage,1,13.07,13.07,S001,C0143,UPI
T009352,2024-01-26,P017,Cotton T-Shirt,Apparel,3,19.08,57.24,S004,C0083,Card
T009353,2024-01-02,P018,Canvas Tote Bag,Apparel,2,14.14,28.28,S001,C0050,UPI
T009354,2025-07-30,P018,Canvas Tote Bag,Apparel,2,14.15,28.3,S003,C0041,Cash
T009355,2023-06-12,P007,Bluetooth Speaker,Electronics,6,47.73,286.38,S001,C0060,Card
T009356,2024-06-03,P009,Coffee Beans,Food and Beverage,1,16.19,16.19,S003,C0120,UPI
T009357,2024-08-09,P020,Running Socks,Apparel,3,9.88,29.64,S001,C0045,UPI
T009358,2025-11-02,P008,Webcam,Electronics,3,59.74,179.22,S002,C0255,Cash
T009359,2024-09-27,P014,Cleaning Spray,Household,1,7.65,7.65,S002,C0263,Card
T009360,2025-05-04,P004,Printer Paper,Stationery,3,6.68,20.04,S002,C0022,Card
T009361,2023-06-07,P023,Hand Trowel,Outdoor,3,10.46,31.38,S003,C0108,Card
T009362,2025-11-03,P021,Garden Gloves,Outdoor,3,9.03,27.09,S002,C0288,UPI
T009363,2025-02-15,P018,Canvas Tote Bag,Apparel,1,13.59,13.59,S003,C0181,Card
T009364,2023-12-27,P006,USB-C Hub,Electronics,1,35.48,35.48,S003,C0267,Card
T009365,2025-04-20,P009,Coffee Beans,Food and Beverage,1,15.24,15.24,S002,C0291,UPI
T009366,2025-09-21,P002,Ballpoint Pen Pack,Stationery,2,5.25,10.5,S001,C0062,UPI
T009367,2023-08-26,P007,Bluetooth Speaker,Electronics,5,47.58,237.9,S002,C0300,Card
T009368,2025-02-25,P024,Watering Can,Outdoor,3,20.52,61.56,S003,C0171,Card
T009369,2025-04-22,P018,Canvas Tote Bag,Apparel,3,13.33,39.99,S001,C0041,Card
T009370,2024-02-19,P015,Storage Basket,Household,2,16.22,32.44,S001,C0297,Bank Transfer
T009371,2023-06-04,P012,Snack Box,Food and Beverage,1,21.48,21.48,S001,C0127,UPI
T009372,2024-01-03,P006,USB-C Hub,Electronics,1,34.1,34.1,S001,C0167,Card
T009373,2023-04-03,P024,Watering Can,Outdoor,3,19.85,59.55,S001,C0263,Card
T009374,2023-02-04,P006,USB-C Hub,Electronics,1,32.54,32.54,S001,C0138,UPI
T009375,2025-06-02,P009,Coffee Beans,Food and Beverage,2,16.18,32.36,S003,C0073,Cash
T009376,2024-01-04,P011,Reusable Water Bottle,Food and Beverage,1,17.19,17.19,S002,C0028,UPI
T009377,2024-01-23,P006,USB-C Hub,Electronics,3,34.3,102.9,S004,C0088,Cash
T009378,2025-09-23,P011,Reusable Water Bottle,Food and Beverage,1,17.53,17.53,S002,C0186,Card
T009379,2025-07-19,P016,LED Bulb Pack,Household,3,11.65,34.95,S001,C0175,UPI
T009380,2025-02-05,P005,Wireless Mouse,Electronics,1,25.05,25.05,S001,C0250,Cash
T009381,2024-04-08,P023,Hand Trowel,Outdoor,5,10.86,54.3,S003,C0007,Card
T009382,2024-08-28,P009,Coffee Beans,Food and Beverage,1,14.93,14.93,S001,C0287,Card
T009383,2024-01-28,P024,Watering Can,Outdoor,3,20.06,60.18,S001,C0196,Card
T009384,2025-04-08,P008,Webcam,Electronics,2,62.39,124.78,S001,C0108,Card
T009385,2023-02-20,P017,Cotton T-Shirt,Apparel,3,20.74,62.22,S002,C0087,UPI
T009386,2024-12-07,P002,Ballpoint Pen Pack,Stationery,2,5.56,11.12,S002,C0212,Card
T009387,2025-08-01,P019,Baseball Cap,Apparel,4,15.56,62.24,S003,C0010,UPI
T009388,2023-09-18,P017,Cotton T-Shirt,Apparel,1,20.16,20.16,S002,C0228,Card
T009389,2023-10-03,P001,Notebook,Stationery,3,9.0,27.0,S004,C0044,UPI
T009390,2023-11-26,P001,Notebook,Stationery,2,8.82,17.64,S002,C0163,UPI
T009391,2024-02-02,P007,Bluetooth Speaker,Electronics,1,51.77,51.77,S003,C0250,Card
T009392,2024-05-06,P007,Bluetooth Speaker,Electronics,5,48.34,241.7,S004,C0244,Card
T009393,2023-12-20,P006,USB-C Hub,Electronics,1,35.49,35.49,S002,C0185,Cash
T009394,2025-01-23,P014,Cleaning Spray,Household,2,7.45,14.9,S001,C0291,UPI
T009395,2025-09-30,P018,Canvas Tote Bag,Apparel,6,13.65,81.9,S004,C0056,Cash
T009396,2025-08-17,P017,Cotton T-Shirt,Apparel,3,20.8,62.4,S002,C0214,UPI
T009397,2023-04-28,P014,Cleaning Spray,Household,1,7.24,7.24,S001,C0144,Card
T009398,2025-07-13,P002,Ballpoint Pen Pack,Stationery,2,5.47,10.94,S001,C0099,Card
T009399,2025-06-07,P016,LED Bulb Pack,Household,4,11.43,45.72,S004,C0183,Cash
T009400,2024-09-20,P005,Wireless Mouse,Electronics,1,24.42,24.42,S002,C0172,Cash
T009401,2023-01-16,P013,Hand Soap,Household,2,4.67,9.34,S001,C0137,Card
T009402,2025-03-30,P016,LED Bulb Pack,Household,2,11.31,22.62,S003,C0138,Card
T009403,2025-10-11,P024,Watering Can,Outdoor,2,21.36,42.72,S001,C0276,Card
T009404,2023-12-09,P021,Garden Gloves,Outdoor,3,9.15,27.45,S004,C0238,Card
T009405,2025-11-11,P013,Hand Soap,Household,1,4.7,4.7,S003,C0258,Card
T009406,2025-08-09,P009,Coffee Beans,Food and Beverage,2,15.39,30.78,S001,C0154,Card
T009407,2025-07-29,P017,Cotton T-Shirt,Apparel,2,20.24,40.48,S003,C0273,UPI
T009408,2024-02-16,P003,Desk Organizer,Stationery,1,14.83,14.83,S001,C0082,Cash
T009409,2024-09-08,P002,Ballpoint Pen Pack,Stationery,3,4.98,14.94,S001,C0142,Cash
T009410,2023-10-31,P003,Desk Organizer,Stationery,2,14.07,28.14,S003,C0176,Cash
T009411,2023-01-16,P006,USB-C Hub,Electronics,3,32.97,98.91,S001,C0174,Card
T009412,2025-08-20,P009,Coffee Beans,Food and Beverage,3,15.78,47.34,S002,C0016,UPI
T009413,2023-03-31,P019,Baseball Cap,Apparel,1,15.12,15.12,S003,C0054,Bank Transfer
T009414,2025-07-24,P005,Wireless Mouse,Electronics,2,24.48,48.96,S004,C0206,Card
T009415,2025-05-04,P018,Canvas Tote Bag,Apparel,3,13.73,41.19,S002,C0090,UPI
T009416,2025-08-14,P014,Cleaning Spray,Household,2,7.05,14.1,S002,C0136,Card
T009417,2023-07-13,P020,Running Socks,Apparel,3,10.25,30.75,S004,C0043,UPI
T009418,2024-12-10,P022,Plant Pot,Outdoor,3,12.5,37.5,S001,C0120,Cash
T009419,2024-09-17,P014,Cleaning Spray,Household,2,6.9,13.8,S001,C0289,Card
T009420,2023-09-21,P024,Watering Can,Outdoor,2,20.63,41.26,S002,C0085,Cash
T009421,2025-05-10,P003,Desk Organizer,Stationery,5,14.39,71.95,S002,C0183,Bank Transfer
T009422,2025-01-19,P005,Wireless Mouse,Electronics,1,25.58,25.58,S001,C0183,Card
T009423,2023-05-11,P001,Notebook,Stationery,3,8.56,25.68,S001,C0091,UPI
T009424,2025-09-20,P017,Cotton T-Shirt,Apparel,3,18.82,56.46,S004,C0278,Card
T009425,2025-10-31,P013,Hand Soap,Household,2,4.99,9.98,S003,C0221,Card
T009426,2025-05-24,P005,Wireless Mouse,Electronics,2,24.06,48.12,S003,C0040,Bank Transfer
T009427,2025-03-16,P002,Ballpoint Pen Pack,Stationery,4,5.13,20.52,S002,C0180,Card
T009428,2024-03-16,P006,USB-C Hub,Electronics,2,34.63,69.26,S002,C0064,Card
T009429,2023-04-05,P013,Hand Soap,Household,1,5.0,5.0,S003,C0148,Card
T009430,2023-07-19,P017,Cotton T-Shirt,Apparel,2,19.84,39.68,S004,C0024,Card
T009431,2024-11-17,P001,Notebook,Stationery,2,8.21,16.42,S002,C0261,Cash
T009432,2023-06-29,P013,Hand Soap,Household,1,4.53,4.53,S001,C0180,UPI
T009433,2025-04-19,P012,Snack Box,Food and Beverage,3,23.38,70.14,S001,C0080,UPI
T009434,2023-06-06,P021,Garden Gloves,Outdoor,1,8.7,8.7,S002,C0063,UPI
T009435,2023-04-11,P009,Coffee Beans,Food and Beverage,1,15.68,15.68,S004,C0033,Bank Transfer
T009436,2024-10-10,P014,Cleaning Spray,Household,4,6.96,27.84,S002,C0251,Card
T009437,2023-04-12,P003,Desk Organizer,Stationery,4,14.47,57.88,S004,C0072,Card
T009438,2024-07-02,P024,Watering Can,Outdoor,5,20.04,100.2,S004,C0221,Card
T009439,2025-07-20,P009,Coffee Beans,Food and Beverage,2,15.51,31.02,S001,C0226,Card
T009440,2024-04-13,P002,Ballpoint Pen Pack,Stationery,2,5.05,10.1,S003,C0087,Card
T009441,2025-04-09,P005,Wireless Mouse,Electronics,1,23.7,23.7,S004,C0122,UPI
T009442,2023-02-06,P016,LED Bulb Pack,Household,1,11.82,11.82,S004,C0031,UPI
T009443,2025-02-23,P021,Garden Gloves,Outdoor,6,9.22,55.32,S002,C0015,UPI
T009444,2023-01-16,P002,Ballpoint Pen Pack,Stationery,5,5.11,25.55,S002,C0052,Card
T009445,2023-03-31,P021,Garden Gloves,Outdoor,1,9.18,9.18,S002,C0145,Card
T009446,2025-04-29,P004,Printer Paper,Stationery,1,6.41,6.41,S003,C0175,Card
T009447,2025-05-27,P007,Bluetooth Speaker,Electronics,3,49.48,148.44,S002,C0113,UPI
T009448,2024-12-15,P015,Storage Basket,Household,3,16.87,50.61,S003,C0216,Card
T009449,2023-07-24,P006,USB-C Hub,Electronics,1,36.13,36.13,S001,C0287,UPI
T009450,2024-04-30,P006,USB-C Hub,Electronics,1,36.29,36.29,S001,C0139,Cash
T009451,2025-12-03,P004,Printer Paper,Stationery,1,6.92,6.92,S002,C0263,UPI
T009452,2024-08-23,P016,LED Bulb Pack,Household,4,11.58,46.32,S004,C0230,Card
T009453,2023-05-22,P018,Canvas Tote Bag,Apparel,1,12.96,12.96,S001,C0217,Card
T009454,2024-10-05,P017,Cotton T-Shirt,Apparel,3,19.43,58.29,S001,C0042,Card
T009455,2025-02-14,P014,Cleaning Spray,Household,1,6.86,6.86,S003,C0189,Card
T009456,2025-10-08,P010,Tea Assortment,Food and Beverage,2,12.49,24.98,S001,C0048,UPI
T009457,2024-04-01,P017,Cotton T-Shirt,Apparel,2,19.42,38.84,S001,C0137,Bank Transfer
T009458,2023-06-09,P022,Plant Pot,Outdoor,1,11.61,11.61,S004,C0279,Cash
T009459,2024-02-06,P022,Plant Pot,Outdoor,1,12.43,12.43,S001,C0001,Card
T009460,2025-03-29,P015,Storage Basket,Household,6,16.41,98.46,S001,C0033,UPI
T009461,2025-07-06,P005,Wireless Mouse,Electronics,1,25.34,25.34,S003,C0200,Cash
T009462,2024-08-12,P010,Tea Assortment,Food and Beverage,2,13.45,26.9,S001,C0052,Card
T009463,2025-01-28,P011,Reusable Water Bottle,Food and Beverage,3,17.97,53.91,S001,C0064,UPI
T009464,2025-10-31,P008,Webcam,Electronics,4,57.59,230.36,S002,C0055,Card
T009465,2025-10-10,P010,Tea Assortment,Food and Beverage,4,12.5,50.0,S003,C0038,Card
T009466,2025-05-21,P021,Garden Gloves,Outdoor,1,8.46,8.46,S004,C0186,Cash
T009467,2025-09-30,P010,Tea Assortment,Food and Beverage,1,13.35,13.35,S002,C0247,UPI
T009468,2024-05-12,P014,Cleaning Spray,Household,1,7.01,7.01,S002,C0037,Card
T009469,2023-11-15,P019,Baseball Cap,Apparel,5,15.51,77.55,S002,C0045,Bank Transfer
T009470,2023-03-09,P007,Bluetooth Speaker,Electronics,2,48.38,96.76,S003,C0083,UPI
T009471,2024-11-11,P005,Wireless Mouse,Electronics,1,24.99,24.99,S001,C0205,Card
T009472,2024-02-10,P011,Reusable Water Bottle,Food and Beverage,1,18.5,18.5,S003,C0157,Card
T009473,2024-03-26,P001,Notebook,Stationery,1,8.21,8.21,S001,C0227,UPI
T009474,2023-01-06,P016,LED Bulb Pack,Household,2,11.36,22.72,S001,C0015,Card
T009475,2025-09-10,P010,Tea Assortment,Food and Beverage,2,12.53,25.06,S001,C0179,Card
T009476,2024-10-22,P003,Desk Organizer,Stationery,1,13.19,13.19,S004,C0277,Card
T009477,2023-08-05,P003,Desk Organizer,Stationery,1,13.95,13.95,S001,C0296,Card
T009478,2025-12-09,P013,Hand Soap,Household,2,4.9,9.8,S004,C0128,UPI
T009479,2023-06-25,P004,Printer Paper,Stationery,3,6.52,19.56,S001,C0153,Card
T009480,2024-01-22,P016,LED Bulb Pack,Household,3,12.19,36.57,S004,C0007,Card
T009481,2023-02-12,P011,Reusable Water Bottle,Food and Beverage,1,18.99,18.99,S001,C0239,UPI
T009482,2024-04-16,P012,Snack Box,Food and Beverage,3,22.69,68.07,S002,C0126,UPI
T009483,2025-06-08,P013,Hand Soap,Household,2,4.77,9.54,S001,C0235,Card
T009484,2024-01-18,P023,Hand Trowel,Outdoor,5,10.81,54.05,S002,C0012,Card
T009485,2023-06-23,P005,Wireless Mouse,Electronics,3,26.09,78.27,S001,C0035,UPI
T009486,2023-07-15,P021,Garden Gloves,Outdoor,5,9.28,46.4,S003,C0243,UPI
T009487,2025-10-26,P016,LED Bulb Pack,Household,1,12.68,12.68,S001,C0090,UPI
T009488,2025-04-21,P023,Hand Trowel,Outdoor,6,10.85,65.1,S001,C0170,UPI
T009489,2024-11-10,P019,Baseball Cap,Apparel,3,16.31,48.93,S001,C0042,Card
T009490,2025-12-14,P003,Desk Organizer,Stationery,2,14.33,28.66,S001,C0266,Card
T009491,2023-01-18,P009,Coffee Beans,Food and Beverage,1,15.91,15.91,S002,C0211,UPI
T009492,2025-08-22,P023,Hand Trowel,Outdoor,2,10.58,21.16,S002,C0163,Card
T009493,2023-03-14,P020,Running Socks,Apparel,1,9.72,9.72,S004,C0193,Card
T009494,2023-03-09,P013,Hand Soap,Household,2,4.97,9.94,S001,C0189,Bank Transfer
T009495,2024-11-23,P001,Notebook,Stationery,1,8.3,8.3,S001,C0192,Card
T009496,2025-05-28,P021,Garden Gloves,Outdoor,2,9.01,18.02,S003,C0217,Bank Transfer
T009497,2024-08-07,P022,Plant Pot,Outdoor,2,11.55,23.1,S001,C0020,UPI
T009498,2025-03-26,P008,Webcam,Electronics,1,56.23,56.23,S004,C0009,Bank Transfer
T009499,2025-02-08,P007,Bluetooth Speaker,Electronics,2,50.71,101.42,S001,C0168,Card
T009500,2023-06-29,P012,Snack Box,Food and Beverage,1,22.86,22.86,S002,C0038,Card
T009501,2024-04-23,P012,Snack Box,Food and Beverage,2,21.51,43.02,S004,C0050,UPI
T009502,2024-12-11,P014,Cleaning Spray,Household,3,7.07,21.21,S003,C0093,Cash
T009503,2024-06-01,P003,Desk Organizer,Stationery,3,14.05,42.15,S003,C0126,Card
T009504,2023-04-18,P003,Desk Organizer,Stationery,1,13.47,13.47,S003,C0286,UPI
T009505,2024-02-19,P012,Snack Box,Food and Beverage,6,21.17,127.02,S002,C0024,Cash
T009506,2024-02-13,P011,Reusable Water Bottle,Food and Beverage,3,18.43,55.29,S001,C0032,Card
T009507,2024-03-04,P020,Running Socks,Apparel,2,9.74,19.48,S004,C0175,Card
T009508,2025-10-07,P013,Hand Soap,Household,4,4.51,18.04,S004,C0243,Bank Transfer
T009509,2023-03-08,P021,Garden Gloves,Outdoor,2,9.39,18.78,S001,C0116,UPI
T009510,2023-02-28,P018,Canvas Tote Bag,Apparel,1,14.25,14.25,S002,C0286,Cash
T009511,2023-06-11,P006,USB-C Hub,Electronics,4,35.88,143.52,S001,C0096,UPI
T009512,2024-07-15,P014,Cleaning Spray,Household,1,7.13,7.13,S004,C0196,Cash
T009513,2025-07-23,P002,Ballpoint Pen Pack,Stationery,1,5.16,5.16,S004,C0123,Cash
T009514,2025-04-21,P013,Hand Soap,Household,4,4.48,17.92,S002,C0190,Bank Transfer
T009515,2023-04-08,P010,Tea Assortment,Food and Beverage,2,13.27,26.54,S002,C0121,Cash
T009516,2024-08-27,P019,Baseball Cap,Apparel,2,15.61,31.22,S002,C0135,Cash
T009517,2025-07-19,P021,Garden Gloves,Outdoor,2,8.55,17.1,S003,C0269,UPI
T009518,2024-03-09,P018,Canvas Tote Bag,Apparel,3,12.99,38.97,S002,C0045,Cash
T009519,2024-01-16,P009,Coffee Beans,Food and Beverage,2,15.96,31.92,S003,C0247,UPI
T009520,2025-03-07,P013,Hand Soap,Household,4,4.87,19.48,S001,C0239,Cash
T009521,2023-01-07,P024,Watering Can,Outdoor,5,21.82,109.1,S004,C0237,Cash
T009522,2025-01-03,P017,Cotton T-Shirt,Apparel,5,19.88,99.4,S003,C0249,UPI
T009523,2025-11-05,P022,Plant Pot,Outdoor,1,11.33,11.33,S001,C0170,Card
T009524,2023-03-23,P022,Plant Pot,Outdoor,3,11.97,35.91,S003,C0122,Card
T009525,2025-08-27,P020,Running Socks,Apparel,5,9.85,49.25,S001,C0283,Card
T009526,2024-06-13,P009,Coffee Beans,Food and Beverage,1,16.16,16.16,S004,C0280,Cash
T009527,2024-12-21,P018,Canvas Tote Bag,Apparel,4,12.72,50.88,S001,C0112,Bank Transfer
T009528,2024-09-08,P021,Garden Gloves,Outdoor,2,9.13,18.26,S001,C0151,UPI
T009529,2025-03-10,P002,Ballpoint Pen Pack,Stationery,1,5.54,5.54,S004,C0197,Card
T009530,2023-08-25,P013,Hand Soap,Household,2,4.7,9.4,S004,C0085,UPI
T009531,2024-12-29,P005,Wireless Mouse,Electronics,2,24.8,49.6,S002,C0008,UPI
T009532,2024-08-21,P016,LED Bulb Pack,Household,2,12.16,24.32,S003,C0045,Card
T009533,2024-08-09,P012,Snack Box,Food and Beverage,3,23.26,69.78,S003,C0024,UPI
T009534,2023-11-27,P002,Ballpoint Pen Pack,Stationery,1,5.48,5.48,S004,C0004,UPI
T009535,2024-07-13,P011,Reusable Water Bottle,Food and Beverage,1,17.96,17.96,S001,C0291,UPI
T009536,2023-09-08,P022,Plant Pot,Outdoor,2,12.62,25.24,S004,C0157,Bank Transfer
T009537,2023-01-11,P020,Running Socks,Apparel,1,9.84,9.84,S001,C0187,Cash
T009538,2024-04-25,P003,Desk Organizer,Stationery,3,13.4,40.2,S001,C0204,Card
T009539,2023-10-24,P021,Garden Gloves,Outdoor,6,9.4,56.4,S002,C0177,Cash
T009540,2025-05-09,P017,Cotton T-Shirt,Apparel,1,20.73,20.73,S004,C0282,Card
T009541,2024-09-27,P003,Desk Organizer,Stationery,4,14.47,57.88,S001,C0262,UPI
T009542,2024-11-26,P012,Snack Box,Food and Beverage,5,21.99,109.95,S004,C0203,Card
T009543,2023-08-23,P003,Desk Organizer,Stationery,4,14.65,58.6,S001,C0201,Card
T009544,2023-06-14,P009,Coffee Beans,Food and Beverage,4,14.63,58.52,S004,C0249,Card
T009545,2025-07-08,P013,Hand Soap,Household,1,5.03,5.03,S001,C0062,UPI
T009546,2025-06-19,P014,Cleaning Spray,Household,1,7.48,7.48,S004,C0104,Card
T009547,2025-02-12,P016,LED Bulb Pack,Household,3,12.02,36.06,S003,C0128,Cash
T009548,2023-02-26,P016,LED Bulb Pack,Household,6,11.54,69.24,S001,C0046,Card
T009549,2023-03-04,P017,Cotton T-Shirt,Apparel,2,21.04,42.08,S001,C0176,Cash
T009550,2023-09-12,P012,Snack Box,Food and Beverage,4,22.27,89.08,S002,C0266,UPI
T009551,2024-08-15,P011,Reusable Water Bottle,Food and Beverage,3,17.13,51.39,S003,C0028,Card
T009552,2024-06-29,P018,Canvas Tote Bag,Apparel,1,12.7,12.7,S002,C0112,Card
T009553,2023-12-23,P017,Cotton T-Shirt,Apparel,2,19.14,38.28,S004,C0033,Card
T009554,2024-12-10,P023,Hand Trowel,Outdoor,1,10.45,10.45,S002,C0093,UPI
T009555,2023-09-14,P024,Watering Can,Outdoor,2,22.25,44.5,S002,C0025,UPI
T009556,2025-07-22,P009,Coffee Beans,Food and Beverage,4,14.68,58.72,S002,C0194,Cash
T009557,2023-02-13,P024,Watering Can,Outdoor,3,19.87,59.61,S001,C0075,Cash
T009558,2023-08-19,P008,Webcam,Electronics,2,60.48,120.96,S003,C0034,Card
T009559,2024-03-23,P002,Ballpoint Pen Pack,Stationery,1,5.05,5.05,S004,C0246,UPI
T009560,2023-06-07,P006,USB-C Hub,Electronics,2,35.78,71.56,S004,C0201,Card
T009561,2023-02-04,P020,Running Socks,Apparel,5,9.83,49.15,S001,C0277,UPI
T009562,2025-02-12,P003,Desk Organizer,Stationery,2,13.38,26.76,S003,C0099,Card
T009563,2024-06-28,P002,Ballpoint Pen Pack,Stationery,4,5.08,20.32,S002,C0100,Card
T009564,2023-07-14,P017,Cotton T-Shirt,Apparel,1,19.75,19.75,S002,C0019,Card
T009565,2023-07-03,P017,Cotton T-Shirt,Apparel,1,18.93,18.93,S002,C0188,Card
T009566,2023-07-03,P016,LED Bulb Pack,Household,5,11.82,59.1,S001,C0170,Cash
T009567,2024-11-16,P005,Wireless Mouse,Electronics,5,25.09,125.45,S003,C0105,UPI
T009568,2025-08-12,P010,Tea Assortment,Food and Beverage,1,12.33,12.33,S001,C0258,UPI
T009569,2025-07-03,P010,Tea Assortment,Food and Beverage,4,12.26,49.04,S002,C0207,Card
T009570,2024-01-22,P006,USB-C Hub,Electronics,4,36.56,146.24,S001,C0215,Card
T009571,2025-03-02,P023,Hand Trowel,Outdoor,4,10.09,40.36,S003,C0035,Card
T009572,2023-10-24,P005,Wireless Mouse,Electronics,2,23.89,47.78,S001,C0300,UPI
T009573,2024-03-16,P011,Reusable Water Bottle,Food and Beverage,3,18.2,54.6,S004,C0064,Cash
T009574,2025-04-09,P016,LED Bulb Pack,Household,1,11.43,11.43,S001,C0180,Card
T009575,2025-01-18,P010,Tea Assortment,Food and Beverage,3,12.72,38.16,S002,C0253,Bank Transfer
T009576,2023-08-27,P009,Coffee Beans,Food and Beverage,1,14.82,14.82,S002,C0118,UPI
T009577,2025-09-01,P023,Hand Trowel,Outdoor,2,11.05,22.1,S004,C0138,Card
T009578,2025-02-17,P024,Watering Can,Outdoor,1,20.45,20.45,S004,C0251,Card
T009579,2025-01-02,P017,Cotton T-Shirt,Apparel,4,20.68,82.72,S003,C0074,Card
T009580,2025-08-14,P006,USB-C Hub,Electronics,1,32.61,32.61,S004,C0271,Card
T009581,2025-04-06,P022,Plant Pot,Outdoor,2,12.68,25.36,S003,C0182,Card
T009582,2024-02-13,P006,USB-C Hub,Electronics,2,35.33,70.66,S002,C0045,UPI
T009583,2025-04-02,P021,Garden Gloves,Outdoor,4,9.44,37.76,S002,C0300,Bank Transfer
T009584,2025-03-09,P007,Bluetooth Speaker,Electronics,5,47.27,236.35,S001,C0048,Cash
T009585,2024-05-27,P022,Plant Pot,Outdoor,1,12.68,12.68,S002,C0055,Card
T009586,2025-05-22,P011,Reusable Water Bottle,Food and Beverage,2,17.54,35.08,S001,C0069,UPI
T009587,2025-12-25,P004,Printer Paper,Stationery,2,6.81,13.62,S003,C0120,UPI
T009588,2023-09-02,P017,Cotton T-Shirt,Apparel,4,21.11,84.44,S001,C0041,UPI
T009589,2024-03-09,P004,Printer Paper,Stationery,1,7.08,7.08,S001,C0017,Card
T009590,2023-04-01,P020,Running Socks,Apparel,2,10.41,20.82,S004,C0147,UPI
T009591,2024-09-02,P022,Plant Pot,Outdoor,1,12.36,12.36,S004,C0102,UPI
T009592,2024-10-05,P015,Storage Basket,Household,2,15.69,31.38,S001,C0111,Card
T009593,2023-07-06,P006,USB-C Hub,Electronics,3,34.33,102.99,S001,C0292,Card
T009594,2023-01-23,P001,Notebook,Stationery,6,8.11,48.66,S004,C0116,Card
T009595,2023-05-12,P020,Running Socks,Apparel,3,10.57,31.71,S001,C0062,UPI
T009596,2025-06-20,P021,Garden Gloves,Outdoor,1,8.5,8.5,S003,C0110,UPI
T009597,2025-11-29,P016,LED Bulb Pack,Household,2,11.46,22.92,S001,C0210,Card
T009598,2023-10-10,P004,Printer Paper,Stationery,2,7.01,14.02,S001,C0169,Card
T009599,2024-01-22,P013,Hand Soap,Household,3,4.85,14.55,S004,C0249,UPI
T009600,2023-09-19,P008,Webcam,Electronics,1,57.67,57.67,S001,C0225,Card
T009601,2023-02-07,P006,USB-C Hub,Electronics,1,32.53,32.53,S001,C0014,Bank Transfer
T009602,2025-08-17,P003,Desk Organizer,Stationery,6,14.69,88.14,S002,C0242,UPI
T009603,2025-11-20,P015,Storage Basket,Household,2,17.39,34.78,S004,C0218,Card
T009604,2025-03-03,P022,Plant Pot,Outdoor,1,12.69,12.69,S003,C0186,Cash
T009605,2025-07-28,P014,Cleaning Spray,Household,1,7.28,7.28,S003,C0150,UPI
T009606,2023-08-09,P013,Hand Soap,Household,1,4.51,4.51,S003,C0155,Bank Transfer
T009607,2025-01-02,P020,Running Socks,Apparel,3,10.47,31.41,S004,C0298,Card
T009608,2024-02-05,P004,Printer Paper,Stationery,3,6.49,19.47,S003,C0045,Cash
T009609,2023-03-27,P004,Printer Paper,Stationery,2,6.54,13.08,S001,C0207,Card
T009610,2024-06-11,P014,Cleaning Spray,Household,2,7.6,15.2,S001,C0075,UPI
T009611,2023-11-28,P017,Cotton T-Shirt,Apparel,5,21.15,105.75,S003,C0073,Card
T009612,2024-04-08,P005,Wireless Mouse,Electronics,2,23.93,47.86,S001,C0032,Card
T009613,2024-12-31,P007,Bluetooth Speaker,Electronics,1,50.98,50.98,S001,C0059,UPI
T009614,2025-11-23,P009,Coffee Beans,Food and Beverage,1,14.98,14.98,S003,C0128,Cash
T009615,2025-04-26,P022,Plant Pot,Outdoor,1,12.58,12.58,S002,C0069,Card
T009616,2025-09-26,P006,USB-C Hub,Electronics,2,36.22,72.44,S004,C0227,Bank Transfer
T009617,2023-06-13,P013,Hand Soap,Household,3,4.71,14.13,S004,C0195,Card
T009618,2023-07-26,P002,Ballpoint Pen Pack,Stationery,4,5.07,20.28,S002,C0158,Card
T009619,2023-07-10,P013,Hand Soap,Household,4,4.52,18.08,S004,C0115,Cash
T009620,2024-10-27,P021,Garden Gloves,Outdoor,1,8.74,8.74,S004,C0025,Bank Transfer
T009621,2024-09-24,P023,Hand Trowel,Outdoor,1,11.13,11.13,S001,C0192,Card
T009622,2023-11-16,P009,Coffee Beans,Food and Beverage,1,14.98,14.98,S003,C0171,Card
T009623,2023-08-10,P013,Hand Soap,Household,2,4.78,9.56,S001,C0177,Card
T009624,2025-06-21,P002,Ballpoint Pen Pack,Stationery,2,5.04,10.08,S001,C0126,Cash
T009625,2024-03-02,P008,Webcam,Electronics,3,61.83,185.49,S001,C0115,Card
T009626,2023-11-05,P002,Ballpoint Pen Pack,Stationery,2,5.38,10.76,S001,C0218,Card
T009627,2023-06-25,P001,Notebook,Stationery,1,8.94,8.94,S002,C0022,UPI
T009628,2024-04-09,P010,Tea Assortment,Food and Beverage,1,13.39,13.39,S003,C0042,UPI
T009629,2023-01-14,P004,Printer Paper,Stationery,4,6.82,27.28,S003,C0078,Cash
T009630,2024-11-03,P004,Printer Paper,Stationery,1,7.02,7.02,S001,C0049,Cash
T009631,2023-07-04,P011,Reusable Water Bottle,Food and Beverage,2,17.52,35.04,S003,C0031,UPI
T009632,2023-09-01,P020,Running Socks,Apparel,3,9.66,28.98,S001,C0025,Card
T009633,2023-04-27,P004,Printer Paper,Stationery,3,7.15,21.45,S001,C0117,Card
T009634,2023-07-19,P005,Wireless Mouse,Electronics,3,25.57,76.71,S001,C0013,UPI
T009635,2024-12-28,P001,Notebook,Stationery,1,8.59,8.59,S004,C0216,UPI
T009636,2024-02-11,P007,Bluetooth Speaker,Electronics,3,49.0,147.0,S001,C0252,Card
T009637,2023-10-15,P022,Plant Pot,Outdoor,1,12.34,12.34,S001,C0162,Cash
T009638,2025-12-24,P006,USB-C Hub,Electronics,2,33.7,67.4,S004,C0055,Card
T009639,2024-01-11,P016,LED Bulb Pack,Household,2,11.36,22.72,S001,C0256,Card
T009640,2025-01-11,P001,Notebook,Stationery,1,8.06,8.06,S002,C0142,UPI
T009641,2024-08-11,P002,Ballpoint Pen Pack,Stationery,4,5.45,21.8,S004,C0177,Cash
T009642,2025-04-12,P020,Running Socks,Apparel,1,9.94,9.94,S003,C0197,Card
T009643,2025-06-27,P013,Hand Soap,Household,5,4.8,24.0,S001,C0095,Card
T009644,2024-07-30,P022,Plant Pot,Outdoor,1,11.33,11.33,S003,C0061,UPI
T009645,2025-06-19,P019,Baseball Cap,Apparel,6,15.7,94.2,S003,C0205,Card
T009646,2024-07-17,P016,LED Bulb Pack,Household,4,11.69,46.76,S001,C0037,UPI
T009647,2025-10-01,P014,Cleaning Spray,Household,1,7.25,7.25,S001,C0037,Card
T009648,2025-12-07,P005,Wireless Mouse,Electronics,4,26.32,105.28,S002,C0271,Card
T009649,2024-09-15,P001,Notebook,Stationery,4,8.47,33.88,S001,C0201,Card
T009650,2024-04-25,P019,Baseball Cap,Apparel,4,15.27,61.08,S002,C0270,Card
T009651,2025-02-08,P003,Desk Organizer,Stationery,3,14.31,42.93,S003,C0218,Cash
T009652,2023-03-17,P011,Reusable Water Bottle,Food and Beverage,3,17.09,51.27,S001,C0024,UPI
T009653,2023-01-08,P021,Garden Gloves,Outdoor,1,9.42,9.42,S001,C0110,Card
T009654,2023-04-08,P006,USB-C Hub,Electronics,4,33.72,134.88,S004,C0248,UPI
T009655,2023-03-13,P021,Garden Gloves,Outdoor,1,8.56,8.56,S001,C0073,UPI
T009656,2024-09-14,P007,Bluetooth Speaker,Electronics,4,49.09,196.36,S002,C0165,Cash
T009657,2025-03-10,P017,Cotton T-Shirt,Apparel,1,19.77,19.77,S002,C0253,Card
T009658,2024-08-28,P013,Hand Soap,Household,2,4.78,9.56,S001,C0213,Card
T009659,2023-06-24,P014,Cleaning Spray,Household,2,6.86,13.72,S002,C0158,Card
T009660,2025-07-13,P016,LED Bulb Pack,Household,1,12.14,12.14,S004,C0210,UPI
T009661,2025-10-26,P002,Ballpoint Pen Pack,Stationery,3,5.47,16.41,S001,C0166,Cash
T009662,2023-09-20,P008,Webcam,Electronics,2,56.02,112.04,S002,C0276,Card
T009663,2025-06-13,P020,Running Socks,Apparel,2,10.13,20.26,S001,C0097,UPI
T009664,2025-04-22,P006,USB-C Hub,Electronics,2,36.42,72.84,S001,C0100,Bank Transfer
T009665,2025-11-29,P002,Ballpoint Pen Pack,Stationery,3,5.18,15.54,S001,C0091,Bank Transfer
T009666,2024-02-24,P009,Coffee Beans,Food and Beverage,4,14.93,59.72,S001,C0257,Cash
T009667,2024-12-30,P004,Printer Paper,Stationery,3,6.44,19.32,S003,C0233,Cash
T009668,2024-11-08,P021,Garden Gloves,Outdoor,2,8.76,17.52,S004,C0203,Cash
T009669,2025-10-18,P017,Cotton T-Shirt,Apparel,1,19.59,19.59,S001,C0107,Cash
T009670,2024-09-23,P007,Bluetooth Speaker,Electronics,2,48.56,97.12,S004,C0272,Cash
T009671,2023-08-04,P005,Wireless Mouse,Electronics,2,23.71,47.42,S002,C0004,UPI
T009672,2023-10-10,P009,Coffee Beans,Food and Beverage,2,15.72,31.44,S001,C0108,Card
T009673,2025-08-19,P018,Canvas Tote Bag,Apparel,1,14.1,14.1,S001,C0093,UPI
T009674,2024-12-06,P002,Ballpoint Pen Pack,Stationery,1,5.33,5.33,S002,C0290,UPI
T009675,2023-05-08,P014,Cleaning Spray,Household,1,7.58,7.58,S004,C0134,Card
T009676,2024-06-24,P007,Bluetooth Speaker,Electronics,3,50.72,152.16,S003,C0159,Card
T009677,2024-03-02,P014,Cleaning Spray,Household,2,7.06,14.12,S003,C0170,Card
T009678,2024-11-27,P002,Ballpoint Pen Pack,Stationery,3,5.21,15.63,S004,C0300,Card
T009679,2025-09-18,P021,Garden Gloves,Outdoor,1,9.42,9.42,S004,C0179,Card
T009680,2023-02-02,P008,Webcam,Electronics,2,62.38,124.76,S003,C0237,Card
T009681,2023-06-13,P002,Ballpoint Pen Pack,Stationery,3,5.03,15.09,S002,C0191,UPI
T009682,2024-11-27,P003,Desk Organizer,Stationery,2,13.41,26.82,S004,C0205,Card
T009683,2025-01-08,P002,Ballpoint Pen Pack,Stationery,1,4.96,4.96,S001,C0011,UPI
T009684,2024-07-08,P006,USB-C Hub,Electronics,3,36.08,108.24,S001,C0259,Card
T009685,2023-07-02,P014,Cleaning Spray,Household,1,7.5,7.5,S001,C0269,Cash
T009686,2023-02-19,P016,LED Bulb Pack,Household,3,11.89,35.67,S001,C0180,Card
T009687,2024-01-13,P013,Hand Soap,Household,1,4.54,4.54,S002,C0096,UPI
T009688,2023-03-23,P021,Garden Gloves,Outdoor,1,8.55,8.55,S003,C0215,UPI
T009689,2024-02-02,P009,Coffee Beans,Food and Beverage,1,14.82,14.82,S002,C0146,UPI
T009690,2023-09-16,P010,Tea Assortment,Food and Beverage,3,12.45,37.35,S003,C0055,Cash
T009691,2025-02-27,P002,Ballpoint Pen Pack,Stationery,3,5.52,16.56,S001,C0194,UPI
T009692,2025-10-11,P014,Cleaning Spray,Household,3,7.05,21.15,S003,C0260,Card
T009693,2025-11-25,P019,Baseball Cap,Apparel,1,15.81,15.81,S003,C0019,Cash
T009694,2025-09-23,P019,Baseball Cap,Apparel,1,15.57,15.57,S001,C0158,Card
T009695,2024-03-03,P024,Watering Can,Outdoor,4,22.02,88.08,S003,C0222,Card
T009696,2024-01-20,P019,Baseball Cap,Apparel,3,15.07,45.21,S001,C0276,Cash
T009697,2023-08-27,P010,Tea Assortment,Food and Beverage,1,12.35,12.35,S001,C0135,UPI
T009698,2023-03-24,P024,Watering Can,Outdoor,1,19.78,19.78,S001,C0139,Bank Transfer
T009699,2024-08-31,P012,Snack Box,Food and Beverage,1,21.39,21.39,S001,C0212,Card
T009700,2024-08-03,P005,Wireless Mouse,Electronics,1,26.35,26.35,S001,C0030,UPI
T009701,2025-04-26,P008,Webcam,Electronics,1,58.7,58.7,S001,C0104,Card
T009702,2025-10-02,P002,Ballpoint Pen Pack,Stationery,5,5.21,26.05,S003,C0106,Cash
T009703,2023-03-04,P022,Plant Pot,Outdoor,2,12.07,24.14,S002,C0253,Cash
T009704,2023-03-26,P016,LED Bulb Pack,Household,3,11.38,34.14,S003,C0060,Cash
T009705,2025-04-28,P013,Hand Soap,Household,4,4.78,19.12,S002,C0122,Card
T009706,2025-11-10,P007,Bluetooth Speaker,Electronics,3,47.26,141.78,S003,C0043,UPI
T009707,2024-07-22,P008,Webcam,Electronics,2,55.8,111.6,S002,C0292,Cash
T009708,2023-06-20,P014,Cleaning Spray,Household,2,7.52,15.04,S002,C0171,Card
T009709,2024-07-16,P011,Reusable Water Bottle,Food and Beverage,1,18.08,18.08,S002,C0132,Card
T009710,2025-07-28,P005,Wireless Mouse,Electronics,6,25.39,152.34,S001,C0057,UPI
T009711,2023-02-11,P001,Notebook,Stationery,3,8.94,26.82,S004,C0257,UPI
T009712,2024-12-14,P001,Notebook,Stationery,2,8.11,16.22,S004,C0068,Card
T009713,2025-01-23,P020,Running Socks,Apparel,1,9.64,9.64,S001,C0260,Card
T009714,2025-03-19,P010,Tea Assortment,Food and Beverage,1,12.62,12.62,S004,C0152,UPI
T009715,2025-10-16,P017,Cotton T-Shirt,Apparel,1,19.41,19.41,S001,C0021,UPI
T009716,2025-04-12,P022,Plant Pot,Outdoor,2,11.61,23.22,S002,C0130,UPI
T009717,2023-01-02,P018,Canvas Tote Bag,Apparel,6,14.21,85.26,S004,C0041,Card
T009718,2025-03-19,P023,Hand Trowel,Outdoor,1,10.39,10.39,S001,C0220,Cash
T009719,2023-10-11,P019,Baseball Cap,Apparel,2,16.1,32.2,S001,C0196,UPI
T009720,2024-05-26,P001,Notebook,Stationery,2,8.39,16.78,S004,C0004,Card
T009721,2025-04-03,P001,Notebook,Stationery,3,8.42,25.26,S001,C0237,UPI
T009722,2024-09-15,P001,Notebook,Stationery,1,8.29,8.29,S003,C0081,UPI
T009723,2024-05-19,P005,Wireless Mouse,Electronics,1,25.34,25.34,S004,C0012,Card
T009724,2024-06-13,P022,Plant Pot,Outdoor,1,12.63,12.63,S003,C0219,Cash
T009725,2023-09-28,P022,Plant Pot,Outdoor,1,12.26,12.26,S004,C0270,Card
T009726,2024-05-24,P021,Garden Gloves,Outdoor,5,8.87,44.35,S003,C0294,Cash
T009727,2024-01-01,P003,Desk Organizer,Stationery,2,14.22,28.44,S004,C0278,Card
T009728,2025-02-05,P009,Coffee Beans,Food and Beverage,4,16.1,64.4,S004,C0206,Bank Transfer
T009729,2023-06-05,P001,Notebook,Stationery,1,8.75,8.75,S004,C0055,UPI
T009730,2025-09-27,P020,Running Socks,Apparel,4,9.98,39.92,S004,C0047,UPI
T009731,2023-05-20,P002,Ballpoint Pen Pack,Stationery,5,5.49,27.45,S004,C0158,Bank Transfer
T009732,2023-09-16,P001,Notebook,Stationery,1,8.45,8.45,S002,C0104,Card
T009733,2024-10-24,P012,Snack Box,Food and Beverage,3,22.24,66.72,S001,C0213,UPI
T009734,2023-09-15,P008,Webcam,Electronics,3,59.45,178.35,S004,C0138,Cash
T009735,2025-10-25,P010,Tea Assortment,Food and Beverage,1,13.37,13.37,S001,C0262,UPI
T009736,2023-09-15,P021,Garden Gloves,Outdoor,2,8.93,17.86,S002,C0276,Cash
T009737,2025-10-24,P007,Bluetooth Speaker,Electronics,2,50.82,101.64,S001,C0216,Card
T009738,2025-03-18,P005,Wireless Mouse,Electronics,2,23.78,47.56,S001,C0088,Card
T009739,2023-12-08,P011,Reusable Water Bottle,Food and Beverage,1,16.99,16.99,S002,C0242,UPI
T009740,2024-09-01,P016,LED Bulb Pack,Household,3,12.5,37.5,S002,C0017,UPI
T009741,2024-12-03,P006,USB-C Hub,Electronics,5,35.48,177.4,S001,C0061,Card
T009742,2024-09-18,P007,Bluetooth Speaker,Electronics,1,51.16,51.16,S002,C0168,Card
T009743,2024-05-24,P020,Running Socks,Apparel,3,9.9,29.7,S003,C0011,Card
T009744,2023-08-17,P020,Running Socks,Apparel,2,10.28,20.56,S001,C0295,UPI
T009745,2023-07-25,P006,USB-C Hub,Electronics,2,35.9,71.8,S002,C0224,Card
T009746,2025-02-11,P005,Wireless Mouse,Electronics,6,24.49,146.94,S001,C0015,Card
T009747,2025-01-15,P006,USB-C Hub,Electronics,1,33.52,33.52,S002,C0283,Card
T009748,2025-12-28,P023,Hand Trowel,Outdoor,2,10.86,21.72,S003,C0074,Cash
T009749,2025-08-25,P009,Coffee Beans,Food and Beverage,2,14.87,29.74,S003,C0285,UPI
T009750,2023-08-09,P018,Canvas Tote Bag,Apparel,2,14.19,28.38,S001,C0183,UPI
T009751,2023-03-17,P016,LED Bulb Pack,Household,2,11.6,23.2,S001,C0067,UPI
T009752,2025-02-11,P006,USB-C Hub,Electronics,1,34.11,34.11,S001,C0033,UPI
T009753,2023-08-27,P018,Canvas Tote Bag,Apparel,2,14.15,28.3,S002,C0186,Card
T009754,2025-08-03,P014,Cleaning Spray,Household,3,7.49,22.47,S002,C0020,UPI
T009755,2025-10-11,P006,USB-C Hub,Electronics,3,34.38,103.14,S003,C0209,UPI
T009756,2024-02-04,P008,Webcam,Electronics,2,61.78,123.56,S002,C0018,UPI
T009757,2025-10-26,P014,Cleaning Spray,Household,4,7.02,28.08,S003,C0188,UPI
T009758,2025-05-07,P020,Running Socks,Apparel,1,9.79,9.79,S004,C0107,Card
T009759,2025-05-03,P011,Reusable Water Bottle,Food and Beverage,1,17.58,17.58,S001,C0027,Card
T009760,2023-07-27,P010,Tea Assortment,Food and Beverage,4,12.91,51.64,S003,C0271,Card
T009761,2024-06-24,P006,USB-C Hub,Electronics,3,33.6,100.8,S004,C0131,Card
T009762,2024-01-28,P017,Cotton T-Shirt,Apparel,1,20.47,20.47,S001,C0062,UPI
T009763,2025-01-15,P002,Ballpoint Pen Pack,Stationery,5,4.97,24.85,S003,C0177,Card
T009764,2024-11-15,P014,Cleaning Spray,Household,1,6.93,6.93,S004,C0181,Bank Transfer
T009765,2023-12-28,P012,Snack Box,Food and Beverage,3,23.44,70.32,S004,C0270,Card
T009766,2023-01-26,P010,Tea Assortment,Food and Beverage,2,13.5,27.0,S001,C0014,Card
T009767,2024-10-22,P005,Wireless Mouse,Electronics,2,24.05,48.1,S004,C0297,Bank Transfer
T009768,2024-01-13,P022,Plant Pot,Outdoor,1,12.34,12.34,S001,C0269,Cash
T009769,2024-06-15,P004,Printer Paper,Stationery,4,6.8,27.2,S001,C0220,UPI
T009770,2024-01-11,P001,Notebook,Stationery,6,8.05,48.3,S001,C0151,Cash
T009771,2024-12-05,P017,Cotton T-Shirt,Apparel,1,19.19,19.19,S001,C0292,UPI
T009772,2024-12-20,P020,Running Socks,Apparel,2,10.16,20.32,S004,C0027,Cash
T009773,2025-01-28,P024,Watering Can,Outdoor,3,20.07,60.21,S003,C0199,Card
T009774,2023-08-02,P003,Desk Organizer,Stationery,2,13.28,26.56,S001,C0105,Bank Transfer
T009775,2023-07-24,P018,Canvas Tote Bag,Apparel,1,13.49,13.49,S004,C0006,Cash
T009776,2024-02-09,P012,Snack Box,Food and Beverage,4,21.46,85.84,S001,C0294,Cash
T009777,2025-09-16,P020,Running Socks,Apparel,2,10.13,20.26,S001,C0037,UPI
T009778,2025-05-10,P005,Wireless Mouse,Electronics,1,25.31,25.31,S003,C0084,Card
T009779,2023-05-09,P001,Notebook,Stationery,3,8.39,25.17,S002,C0107,Bank Transfer
T009780,2023-04-15,P002,Ballpoint Pen Pack,Stationery,3,5.33,15.99,S001,C0292,UPI
T009781,2024-02-10,P018,Canvas Tote Bag,Apparel,1,13.93,13.93,S001,C0112,UPI
T009782,2023-05-01,P010,Tea Assortment,Food and Beverage,2,12.59,25.18,S001,C0009,UPI
T009783,2024-08-01,P007,Bluetooth Speaker,Electronics,3,52.4,157.2,S003,C0172,UPI
T009784,2023-08-07,P022,Plant Pot,Outdoor,3,11.49,34.47,S002,C0226,Cash
T009785,2025-02-07,P002,Ballpoint Pen Pack,Stationery,1,4.94,4.94,S002,C0228,Cash
T009786,2024-04-18,P024,Watering Can,Outdoor,2,22.04,44.08,S002,C0068,Card
T009787,2024-03-16,P013,Hand Soap,Household,1,4.71,4.71,S004,C0199,UPI
T009788,2025-02-20,P024,Watering Can,Outdoor,5,20.34,101.7,S003,C0127,Card
T009789,2025-05-03,P024,Watering Can,Outdoor,1,20.27,20.27,S003,C0097,Card
T009790,2024-05-20,P004,Printer Paper,Stationery,1,6.87,6.87,S001,C0004,Bank Transfer
T009791,2025-10-10,P016,LED Bulb Pack,Household,2,11.36,22.72,S003,C0255,UPI
T009792,2023-12-17,P009,Coffee Beans,Food and Beverage,2,15.51,31.02,S004,C0098,UPI
T009793,2023-02-05,P015,Storage Basket,Household,2,16.58,33.16,S004,C0289,Cash
T009794,2025-07-23,P005,Wireless Mouse,Electronics,2,24.35,48.7,S003,C0041,UPI
T009795,2024-12-03,P004,Printer Paper,Stationery,2,6.35,12.7,S001,C0268,UPI
T009796,2024-04-02,P024,Watering Can,Outdoor,3,21.44,64.32,S004,C0048,Bank Transfer
T009797,2023-10-18,P002,Ballpoint Pen Pack,Stationery,2,5.34,10.68,S003,C0028,Card
T009798,2024-08-11,P016,LED Bulb Pack,Household,1,12.18,12.18,S004,C0077,UPI
T009799,2024-06-08,P002,Ballpoint Pen Pack,Stationery,1,5.31,5.31,S002,C0077,Card
T009800,2025-01-18,P007,Bluetooth Speaker,Electronics,1,51.32,51.32,S002,C0076,UPI
T009801,2023-04-02,P017,Cotton T-Shirt,Apparel,4,20.86,83.44,S003,C0179,Card
T009802,2025-02-07,P018,Canvas Tote Bag,Apparel,2,13.28,26.56,S003,C0102,Card
T009803,2023-04-11,P017,Cotton T-Shirt,Apparel,1,20.94,20.94,S001,C0122,Card
T009804,2023-01-08,P014,Cleaning Spray,Household,1,7.33,7.33,S002,C0245,UPI
T009805,2025-10-24,P017,Cotton T-Shirt,Apparel,1,18.94,18.94,S004,C0161,UPI
T009806,2024-01-16,P016,LED Bulb Pack,Household,2,12.32,24.64,S004,C0115,Cash
T009807,2025-04-05,P005,Wireless Mouse,Electronics,1,25.52,25.52,S002,C0192,Cash
T009808,2023-11-10,P008,Webcam,Electronics,3,57.58,172.74,S002,C0081,Bank Transfer
T009809,2025-12-30,P002,Ballpoint Pen Pack,Stationery,3,5.22,15.66,S001,C0183,Cash
T009810,2025-08-26,P011,Reusable Water Bottle,Food and Beverage,1,17.26,17.26,S004,C0204,Card
T009811,2025-07-18,P004,Printer Paper,Stationery,2,6.39,12.78,S003,C0183,UPI
T009812,2024-04-07,P004,Printer Paper,Stationery,2,6.85,13.7,S003,C0260,Card
T009813,2023-10-18,P006,USB-C Hub,Electronics,2,34.03,68.06,S003,C0136,Card
T009814,2025-02-18,P012,Snack Box,Food and Beverage,2,23.81,47.62,S001,C0239,Cash
T009815,2025-08-26,P016,LED Bulb Pack,Household,4,12.65,50.6,S003,C0014,Card
T009816,2025-09-07,P008,Webcam,Electronics,4,57.28,229.12,S004,C0297,Card
T009817,2023-09-10,P017,Cotton T-Shirt,Apparel,4,20.91,83.64,S002,C0194,Card
T009818,2024-04-10,P005,Wireless Mouse,Electronics,4,25.88,103.52,S003,C0117,Card
T009819,2024-11-24,P014,Cleaning Spray,Household,2,7.61,15.22,S001,C0086,Cash
T009820,2023-12-25,P024,Watering Can,Outdoor,1,20.9,20.9,S004,C0047,Bank Transfer
T009821,2023-10-25,P006,USB-C Hub,Electronics,1,34.29,34.29,S004,C0158,Card
T009822,2024-08-15,P020,Running Socks,Apparel,4,10.49,41.96,S004,C0224,UPI
T009823,2025-04-22,P005,Wireless Mouse,Electronics,2,24.06,48.12,S001,C0052,UPI
T009824,2023-06-05,P001,Notebook,Stationery,1,8.97,8.97,S001,C0295,Cash
T009825,2025-10-14,P024,Watering Can,Outdoor,1,21.25,21.25,S001,C0118,Bank Transfer
T009826,2023-11-16,P019,Baseball Cap,Apparel,2,16.74,33.48,S002,C0242,Card
T009827,2023-02-27,P021,Garden Gloves,Outdoor,2,9.14,18.28,S004,C0010,UPI
T009828,2023-09-13,P013,Hand Soap,Household,3,4.97,14.91,S001,C0173,Cash
T009829,2024-02-22,P007,Bluetooth Speaker,Electronics,1,50.89,50.89,S003,C0143,Card
T009830,2024-11-19,P020,Running Socks,Apparel,3,10.1,30.3,S002,C0276,UPI
T009831,2025-09-05,P020,Running Socks,Apparel,5,9.79,48.95,S003,C0003,UPI
T009832,2025-10-15,P001,Notebook,Stationery,3,8.4,25.2,S002,C0150,Card
T009833,2023-12-19,P009,Coffee Beans,Food and Beverage,5,14.69,73.45,S001,C0226,Cash
T009834,2023-07-13,P021,Garden Gloves,Outdoor,6,8.5,51.0,S004,C0029,Cash
T009835,2024-04-18,P002,Ballpoint Pen Pack,Stationery,3,5.42,16.26,S003,C0178,Card
T009836,2025-09-23,P013,Hand Soap,Household,2,4.72,9.44,S003,C0092,Card
T009837,2023-12-11,P001,Notebook,Stationery,2,8.7,17.4,S001,C0232,Card
T009838,2023-08-01,P006,USB-C Hub,Electronics,3,33.65,100.95,S001,C0128,Bank Transfer
T009839,2024-10-18,P006,USB-C Hub,Electronics,2,33.45,66.9,S004,C0121,Card
T009840,2025-02-13,P002,Ballpoint Pen Pack,Stationery,1,5.52,5.52,S003,C0070,Card
T009841,2025-11-22,P021,Garden Gloves,Outdoor,3,8.85,26.55,S003,C0248,UPI
T009842,2025-06-26,P013,Hand Soap,Household,2,4.58,9.16,S002,C0009,Cash
T009843,2025-05-28,P014,Cleaning Spray,Household,1,7.52,7.52,S002,C0199,UPI
T009844,2025-07-09,P009,Coffee Beans,Food and Beverage,2,15.19,30.38,S003,C0175,Cash
T009845,2023-09-12,P016,LED Bulb Pack,Household,3,11.7,35.1,S001,C0277,Card
T009846,2023-06-06,P002,Ballpoint Pen Pack,Stationery,2,5.14,10.28,S003,C0268,Card
T009847,2023-03-01,P019,Baseball Cap,Apparel,1,16.17,16.17,S001,C0249,Cash
T009848,2024-10-17,P004,Printer Paper,Stationery,1,7.01,7.01,S002,C0274,UPI
T009849,2023-08-14,P004,Printer Paper,Stationery,4,6.8,27.2,S004,C0181,UPI
T009850,2023-03-24,P009,Coffee Beans,Food and Beverage,1,15.61,15.61,S002,C0041,Card
T009851,2024-04-23,P017,Cotton T-Shirt,Apparel,2,19.56,39.12,S004,C0116,UPI
T009852,2025-09-21,P021,Garden Gloves,Outdoor,4,9.51,38.04,S003,C0146,UPI
T009853,2025-04-11,P004,Printer Paper,Stationery,4,7.01,28.04,S002,C0265,Card
T009854,2023-01-25,P008,Webcam,Electronics,5,57.45,287.25,S003,C0103,Card
T009855,2023-12-13,P009,Coffee Beans,Food and Beverage,5,16.25,81.25,S001,C0075,Card
T009856,2025-05-23,P002,Ballpoint Pen Pack,Stationery,1,5.11,5.11,S004,C0249,UPI
T009857,2023-05-18,P010,Tea Assortment,Food and Beverage,3,12.21,36.63,S002,C0107,UPI
T009858,2023-04-16,P001,Notebook,Stationery,4,8.74,34.96,S004,C0137,UPI
T009859,2024-03-18,P004,Printer Paper,Stationery,4,6.7,26.8,S003,C0185,UPI
T009860,2023-02-09,P009,Coffee Beans,Food and Beverage,3,14.69,44.07,S001,C0190,UPI
T009861,2023-06-18,P004,Printer Paper,Stationery,2,7.12,14.24,S003,C0204,Card
T009862,2025-07-20,P013,Hand Soap,Household,2,4.48,8.96,S001,C0297,Bank Transfer
T009863,2023-09-22,P011,Reusable Water Bottle,Food and Beverage,3,18.33,54.99,S001,C0068,Cash
T009864,2025-09-26,P021,Garden Gloves,Outdoor,3,9.19,27.57,S003,C0133,Cash
T009865,2025-03-01,P016,LED Bulb Pack,Household,4,11.81,47.24,S002,C0123,Card
T009866,2023-02-25,P004,Printer Paper,Stationery,1,6.81,6.81,S002,C0222,Card
T009867,2025-04-22,P013,Hand Soap,Household,1,4.71,4.71,S001,C0253,Card
T009868,2024-09-18,P001,Notebook,Stationery,3,8.24,24.72,S004,C0249,UPI
T009869,2023-01-14,P012,Snack Box,Food and Beverage,2,21.9,43.8,S004,C0059,UPI
T009870,2023-05-15,P001,Notebook,Stationery,3,8.48,25.44,S003,C0054,UPI
T009871,2024-12-22,P006,USB-C Hub,Electronics,2,35.13,70.26,S003,C0188,UPI
T009872,2025-05-04,P024,Watering Can,Outdoor,2,20.65,41.3,S002,C0244,UPI
T009873,2023-04-13,P021,Garden Gloves,Outdoor,2,8.95,17.9,S003,C0147,Card
T009874,2025-10-05,P005,Wireless Mouse,Electronics,1,24.39,24.39,S001,C0241,Card
T009875,2023-03-24,P001,Notebook,Stationery,3,8.17,24.51,S002,C0287,Cash
T009876,2023-09-26,P007,Bluetooth Speaker,Electronics,1,52.32,52.32,S002,C0249,UPI
T009877,2025-02-19,P024,Watering Can,Outdoor,1,20.52,20.52,S002,C0145,UPI
T009878,2023-03-12,P008,Webcam,Electronics,3,57.53,172.59,S001,C0091,UPI
T009879,2023-05-03,P002,Ballpoint Pen Pack,Stationery,3,4.95,14.85,S002,C0012,Bank Transfer
T009880,2025-04-14,P023,Hand Trowel,Outdoor,1,10.81,10.81,S001,C0251,Cash
T009881,2024-05-21,P021,Garden Gloves,Outdoor,2,8.53,17.06,S003,C0128,UPI
T009882,2025-05-17,P005,Wireless Mouse,Electronics,2,24.21,48.42,S003,C0120,Card
T009883,2025-08-09,P001,Notebook,Stationery,5,8.35,41.75,S004,C0241,UPI
T009884,2023-03-22,P007,Bluetooth Speaker,Electronics,3,50.53,151.59,S001,C0111,Cash
T009885,2024-11-28,P008,Webcam,Electronics,2,61.7,123.4,S003,C0167,UPI
T009886,2025-03-26,P023,Hand Trowel,Outdoor,1,10.08,10.08,S004,C0129,Card
T009887,2024-11-20,P009,Coffee Beans,Food and Beverage,1,15.35,15.35,S004,C0046,UPI
T009888,2023-05-27,P015,Storage Basket,Household,4,17.33,69.32,S002,C0097,UPI
T009889,2023-06-23,P017,Cotton T-Shirt,Apparel,1,20.78,20.78,S004,C0125,UPI
T009890,2024-05-21,P002,Ballpoint Pen Pack,Stationery,5,5.29,26.45,S002,C0080,UPI
T009891,2024-03-18,P020,Running Socks,Apparel,1,9.57,9.57,S001,C0008,Card
T009892,2023-09-19,P011,Reusable Water Bottle,Food and Beverage,2,17.05,34.1,S001,C0184,UPI
T009893,2023-02-23,P018,Canvas Tote Bag,Apparel,4,14.16,56.64,S004,C0055,UPI
T009894,2025-11-02,P009,Coffee Beans,Food and Beverage,2,15.39,30.78,S004,C0108,UPI
T009895,2025-10-28,P007,Bluetooth Speaker,Electronics,1,50.17,50.17,S001,C0298,Card
T009896,2023-07-19,P019,Baseball Cap,Apparel,5,16.28,81.4,S002,C0226,UPI
T009897,2023-07-14,P011,Reusable Water Bottle,Food and Beverage,2,17.45,34.9,S001,C0181,Cash
T009898,2023-11-10,P011,Reusable Water Bottle,Food and Beverage,2,18.03,36.06,S001,C0257,UPI
T009899,2024-12-28,P015,Storage Basket,Household,1,16.73,16.73,S001,C0055,Bank Transfer
T009900,2024-09-10,P007,Bluetooth Speaker,Electronics,5,50.98,254.9,S001,C0014,Bank Transfer
T009901,2024-09-25,P010,Tea Assortment,Food and Beverage,3,13.38,40.14,S004,C0041,UPI
T009902,2025-04-10,P021,Garden Gloves,Outdoor,1,8.96,8.96,S002,C0209,UPI
T009903,2024-04-17,P001,Notebook,Stationery,4,8.6,34.4,S003,C0122,Card
T009904,2025-04-06,P004,Printer Paper,Stationery,1,6.55,6.55,S001,C0020,Card
T009905,2025-02-24,P014,Cleaning Spray,Household,1,6.95,6.95,S002,C0286,UPI
T009906,2024-10-07,P018,Canvas Tote Bag,Apparel,1,14.21,14.21,S004,C0298,Card
T009907,2023-01-03,P001,Notebook,Stationery,4,8.7,34.8,S004,C0132,UPI
T009908,2025-09-16,P004,Printer Paper,Stationery,1,6.56,6.56,S001,C0276,Card
T009909,2023-07-15,P003,Desk Organizer,Stationery,1,14.36,14.36,S001,C0006,UPI
T009910,2024-04-05,P018,Canvas Tote Bag,Apparel,2,12.77,25.54,S003,C0001,Card
T009911,2023-01-13,P013,Hand Soap,Household,1,4.81,4.81,S004,C0118,Card
T009912,2023-05-25,P023,Hand Trowel,Outdoor,1,9.89,9.89,S002,C0276,Cash
T009913,2025-09-14,P003,Desk Organizer,Stationery,4,13.66,54.64,S003,C0270,Card
T009914,2025-06-14,P022,Plant Pot,Outdoor,1,12.55,12.55,S004,C0164,Card
T009915,2024-11-13,P005,Wireless Mouse,Electronics,1,24.97,24.97,S001,C0050,UPI
T009916,2023-06-07,P022,Plant Pot,Outdoor,5,11.61,58.05,S003,C0028,Cash
T009917,2024-05-16,P015,Storage Basket,Household,1,17.08,17.08,S001,C0294,UPI
T009918,2025-01-04,P006,USB-C Hub,Electronics,1,34.41,34.41,S001,C0006,UPI
T009919,2025-06-10,P005,Wireless Mouse,Electronics,3,26.18,78.54,S001,C0139,Card
T009920,2024-01-30,P022,Plant Pot,Outdoor,3,12.17,36.51,S001,C0181,Cash
T009921,2024-08-27,P001,Notebook,Stationery,2,8.84,17.68,S001,C0011,UPI
T009922,2023-12-25,P022,Plant Pot,Outdoor,5,11.44,57.2,S004,C0255,Card
T009923,2025-07-31,P008,Webcam,Electronics,1,61.96,61.96,S004,C0002,Cash
T009924,2025-01-12,P005,Wireless Mouse,Electronics,2,26.06,52.12,S001,C0156,UPI
T009925,2024-05-05,P009,Coffee Beans,Food and Beverage,3,15.9,47.7,S004,C0257,Cash
T009926,2024-11-22,P009,Coffee Beans,Food and Beverage,2,14.95,29.9,S001,C0107,Card
T009927,2023-07-29,P005,Wireless Mouse,Electronics,1,25.81,25.81,S002,C0275,Card
T009928,2025-07-06,P011,Reusable Water Bottle,Food and Beverage,3,17.42,52.26,S002,C0127,Card
T009929,2024-05-29,P004,Printer Paper,Stationery,2,7.11,14.22,S001,C0269,UPI
T009930,2023-05-14,P002,Ballpoint Pen Pack,Stationery,2,5.15,10.3,S004,C0015,UPI
T009931,2023-04-18,P009,Coffee Beans,Food and Beverage,2,14.94,29.88,S004,C0222,Cash
T009932,2025-11-15,P016,LED Bulb Pack,Household,2,12.62,25.24,S002,C0168,UPI
T009933,2025-05-25,P019,Baseball Cap,Apparel,1,15.23,15.23,S004,C0195,UPI
T009934,2024-12-17,P015,Storage Basket,Household,1,16.52,16.52,S002,C0141,Cash
T009935,2025-09-22,P002,Ballpoint Pen Pack,Stationery,1,5.21,5.21,S002,C0069,UPI
T009936,2023-03-17,P010,Tea Assortment,Food and Beverage,1,12.32,12.32,S001,C0072,UPI
T009937,2025-04-13,P011,Reusable Water Bottle,Food and Beverage,5,17.32,86.6,S004,C0159,Card
T009938,2024-04-14,P005,Wireless Mouse,Electronics,2,23.67,47.34,S002,C0004,UPI
T009939,2025-04-18,P009,Coffee Beans,Food and Beverage,1,16.23,16.23,S001,C0141,UPI
T009940,2024-07-13,P020,Running Socks,Apparel,3,9.78,29.34,S001,C0193,UPI
T009941,2025-05-07,P012,Snack Box,Food and Beverage,3,22.76,68.28,S002,C0112,UPI
T009942,2024-08-04,P003,Desk Organizer,Stationery,3,13.49,40.47,S004,C0197,UPI
T009943,2024-10-31,P014,Cleaning Spray,Household,4,7.57,30.28,S001,C0058,Cash
T009944,2025-11-21,P019,Baseball Cap,Apparel,1,16.21,16.21,S002,C0111,Card
T009945,2024-02-18,P003,Desk Organizer,Stationery,2,14.06,28.12,S001,C0032,Card
T009946,2024-04-12,P001,Notebook,Stationery,1,8.91,8.91,S004,C0081,UPI
T009947,2024-11-15,P014,Cleaning Spray,Household,2,7.37,14.74,S004,C0154,Card
T009948,2023-03-28,P005,Wireless Mouse,Electronics,1,25.98,25.98,S003,C0015,UPI
T009949,2024-07-21,P018,Canvas Tote Bag,Apparel,1,13.37,13.37,S001,C0068,Bank Transfer
T009950,2024-09-11,P014,Cleaning Spray,Household,5,7.02,35.1,S003,C0102,Card
T009951,2023-06-24,P004,Printer Paper,Stationery,2,6.44,12.88,S002,C0020,Bank Transfer
T009952,2025-07-10,P011,Reusable Water Bottle,Food and Beverage,1,17.9,17.9,S001,C0087,Card
T009953,2025-02-01,P020,Running Socks,Apparel,2,10.26,20.52,S003,C0204,Bank Transfer
T009954,2023-12-29,P024,Watering Can,Outdoor,2,21.32,42.64,S004,C0064,Cash
T009955,2023-09-02,P023,Hand Trowel,Outdoor,2,10.74,21.48,S002,C0265,Bank Transfer
T009956,2025-04-11,P010,Tea Assortment,Food and Beverage,1,12.92,12.92,S002,C0079,Cash
T009957,2023-06-17,P004,Printer Paper,Stationery,1,7.08,7.08,S002,C0166,Card
T009958,2024-07-05,P015,Storage Basket,Household,2,16.42,32.84,S002,C0021,UPI
T009959,2025-05-07,P008,Webcam,Electronics,1,62.16,62.16,S003,C0046,UPI
T009960,2023-03-29,P021,Garden Gloves,Outdoor,6,8.63,51.78,S002,C0241,Bank Transfer
T009961,2024-08-01,P004,Printer Paper,Stationery,3,6.38,19.14,S004,C0226,Bank Transfer
T009962,2025-11-25,P016,LED Bulb Pack,Household,2,11.36,22.72,S002,C0212,Bank Transfer
T009963,2023-09-23,P003,Desk Organizer,Stationery,1,14.37,14.37,S001,C0114,Card
T009964,2023-03-12,P006,USB-C Hub,Electronics,4,35.07,140.28,S004,C0031,UPI
T009965,2025-06-11,P021,Garden Gloves,Outdoor,3,8.84,26.52,S003,C0053,Card
T009966,2025-01-17,P005,Wireless Mouse,Electronics,1,24.11,24.11,S002,C0187,Cash
T009967,2023-06-26,P003,Desk Organizer,Stationery,1,14.39,14.39,S003,C0294,UPI
T009968,2023-01-12,P010,Tea Assortment,Food and Beverage,1,12.66,12.66,S004,C0161,Cash
T009969,2024-04-16,P004,Printer Paper,Stationery,3,6.74,20.22,S004,C0079,Card
T009970,2025-11-01,P020,Running Socks,Apparel,1,9.99,9.99,S004,C0064,Cash
T009971,2025-02-23,P015,Storage Basket,Household,2,16.0,32.0,S004,C0271,Cash
T009972,2024-12-23,P003,Desk Organizer,Stationery,1,13.95,13.95,S001,C0055,UPI
T009973,2025-06-03,P017,Cotton T-Shirt,Apparel,5,19.89,99.45,S004,C0069,Cash
T009974,2023-12-01,P011,Reusable Water Bottle,Food and Beverage,2,17.4,34.8,S003,C0044,UPI
T009975,2025-08-01,P005,Wireless Mouse,Electronics,4,24.74,98.96,S004,C0037,UPI
T009976,2025-10-28,P005,Wireless Mouse,Electronics,2,26.27,52.54,S001,C0061,Card
T009977,2025-01-26,P009,Coffee Beans,Food and Beverage,1,16.3,16.3,S004,C0276,Bank Transfer
T009978,2024-02-29,P005,Wireless Mouse,Electronics,6,24.47,146.82,S002,C0271,Card
T009979,2024-08-16,P016,LED Bulb Pack,Household,2,11.58,23.16,S003,C0104,Card
T009980,2023-12-02,P020,Running Socks,Apparel,3,9.4,28.2,S002,C0246,Card
T009981,2024-06-23,P007,Bluetooth Speaker,Electronics,2,48.46,96.92,S004,C0103,Card
T009982,2025-01-14,P017,Cotton T-Shirt,Apparel,3,19.8,59.4,S001,C0144,UPI
T009983,2025-05-26,P017,Cotton T-Shirt,Apparel,4,19.12,76.48,S001,C0243,UPI
T009984,2024-09-24,P014,Cleaning Spray,Household,3,7.2,21.6,S001,C0252,UPI
T009985,2024-08-03,P017,Cotton T-Shirt,Apparel,2,18.98,37.96,S003,C0251,UPI
T009986,2023-02-13,P017,Cotton T-Shirt,Apparel,4,21.11,84.44,S004,C0222,Card
T009987,2025-12-27,P021,Garden Gloves,Outdoor,2,8.65,17.3,S004,C0298,Card
T009988,2024-08-09,P020,Running Socks,Apparel,1,9.62,9.62,S003,C0023,UPI
T009989,2025-07-03,P010,Tea Assortment,Food and Beverage,1,12.15,12.15,S002,C0018,Card
T009990,2023-03-05,P016,LED Bulb Pack,Household,2,12.62,25.24,S001,C0206,UPI
T009991,2024-04-03,P005,Wireless Mouse,Electronics,2,24.76,49.52,S001,C0047,UPI
T009992,2024-07-11,P006,USB-C Hub,Electronics,2,32.64,65.28,S003,C0059,Card
T009993,2025-06-03,P019,Baseball Cap,Apparel,2,15.72,31.44,S001,C0160,UPI
T009994,2023-09-18,P021,Garden Gloves,Outdoor,2,8.63,17.26,S003,C0098,Card
T009995,2025-02-18,P018,Canvas Tote Bag,Apparel,1,14.06,14.06,S001,C0034,Card
T009996,2024-06-23,P011,Reusable Water Bottle,Food and Beverage,4,17.41,69.64,S001,C0159,Cash
T009997,2025-07-23,P017,Cotton T-Shirt,Apparel,6,19.0,114.0,S003,C0185,Cash
T009998,2024-02-13,P009,Coffee Beans,Food and Beverage,1,16.39,16.39,S004,C0294,UPI
T009999,2023-07-31,P012,Snack Box,Food and Beverage,4,23.38,93.52,S001,C0123,Card
T010000,2024-11-25,P022,Plant Pot,Outdoor,2,11.57,23.14,S002,C0060,UPI
T010001,2023-11-21,P009,Coffee Beans,Food and Beverage,5,16.35,81.75,S002,C0038,UPI
T010002,2023-12-21,P002,Ballpoint Pen Pack,Stationery,5,5.3,26.5,S002,C0217,Bank Transfer
T010003,2025-08-17,P003,Desk Organizer,Stationery,2,14.58,29.16,S001,C0300,Bank Transfer
T010004,2023-03-05,P022,Plant Pot,Outdoor,1,11.58,11.58,S001,C0187,Card
T010005,2023-09-08,P016,LED Bulb Pack,Household,2,11.3,22.6,S002,C0106,Card
T010006,2024-11-28,P009,Coffee Beans,Food and Beverage,3,16.24,48.72,S001,C0163,Cash
T010007,2025-03-03,P010,Tea Assortment,Food and Beverage,2,12.75,25.5,S003,C0242,Bank Transfer
T010008,2023-05-27,P004,Printer Paper,Stationery,3,6.49,19.47,S001,C0157,Cash
T010009,2025-11-20,P012,Snack Box,Food and Beverage,1,22.96,22.96,S003,C0121,UPI
T010010,2025-02-11,P003,Desk Organizer,Stationery,3,13.83,41.49,S003,C0175,Cash
T010011,2023-05-04,P002,Ballpoint Pen Pack,Stationery,4,5.24,20.96,S001,C0256,Cash
T010012,2025-09-16,P006,USB-C Hub,Electronics,1,36.09,36.09,S003,C0292,Card
T010013,2024-10-15,P005,Wireless Mouse,Electronics,3,26.27,78.81,S002,C0191,Card
T010014,2025-06-12,P015,Storage Basket,Household,1,16.7,16.7,S001,C0077,Card
T010015,2024-11-07,P002,Ballpoint Pen Pack,Stationery,2,5.56,11.12,S003,C0240,Card
T010016,2023-12-04,P017,Cotton T-Shirt,Apparel,2,19.43,38.86,S001,C0156,UPI
T010017,2023-12-10,P008,Webcam,Electronics,1,60.48,60.48,S004,C0087,Card
T010018,2025-08-14,P020,Running Socks,Apparel,2,10.05,20.1,S001,C0147,Card
T010019,2025-06-19,P021,Garden Gloves,Outdoor,6,9.16,54.96,S001,C0244,Card
T010020,2025-05-31,P005,Wireless Mouse,Electronics,1,24.45,24.45,S004,C0050,Card
T010021,2025-12-09,P022,Plant Pot,Outdoor,1,11.28,11.28,S003,C0256,UPI
T010022,2023-07-21,P019,Baseball Cap,Apparel,2,15.22,30.44,S004,C0023,Card
T010023,2024-08-23,P005,Wireless Mouse,Electronics,1,26.3,26.3,S003,C0091,Cash
T010024,2024-04-24,P017,Cotton T-Shirt,Apparel,1,20.67,20.67,S002,C0278,Card
T010025,2025-09-26,P020,Running Socks,Apparel,1,9.57,9.57,S001,C0138,Card
T010026,2025-10-10,P007,Bluetooth Speaker,Electronics,2,48.69,97.38,S001,C0097,Cash
T010027,2023-11-11,P023,Hand Trowel,Outdoor,1,10.56,10.56,S001,C0157,Cash
T010028,2024-08-04,P008,Webcam,Electronics,1,61.47,61.47,S001,C0182,Cash
T010029,2024-03-23,P020,Running Socks,Apparel,5,10.41,52.05,S001,C0133,Card
T010030,2023-08-14,P008,Webcam,Electronics,2,59.81,119.62,S004,C0221,UPI
T010031,2025-04-06,P018,Canvas Tote Bag,Apparel,1,13.53,13.53,S001,C0243,Bank Transfer
T010032,2023-02-05,P013,Hand Soap,Household,3,4.58,13.74,S004,C0215,Cash
T010033,2024-03-26,P015,Storage Basket,Household,4,15.77,63.08,S001,C0061,Card
T010034,2025-03-03,P014,Cleaning Spray,Household,4,7.44,29.76,S004,C0237,UPI
T010035,2025-04-24,P024,Watering Can,Outdoor,1,19.94,19.94,S001,C0055,UPI
T010036,2023-12-20,P011,Reusable Water Bottle,Food and Beverage,3,18.69,56.07,S002,C0285,UPI
T010037,2025-11-04,P001,Notebook,Stationery,3,8.51,25.53,S004,C0200,Cash
T010038,2023-02-16,P015,Storage Basket,Household,4,16.1,64.4,S004,C0221,Cash
T010039,2024-10-12,P011,Reusable Water Bottle,Food and Beverage,2,17.4,34.8,S001,C0187,Card
T010040,2024-08-29,P024,Watering Can,Outdoor,1,19.81,19.81,S001,C0163,Cash
T010041,2023-09-07,P018,Canvas Tote Bag,Apparel,4,13.73,54.92,S004,C0156,UPI
T010042,2023-02-02,P005,Wireless Mouse,Electronics,3,25.56,76.68,S004,C0129,UPI
T010043,2023-12-26,P009,Coffee Beans,Food and Beverage,4,15.16,60.64,S003,C0103,Card
T010044,2023-09-29,P004,Printer Paper,Stationery,1,6.62,6.62,S001,C0300,Card
T010045,2024-03-05,P008,Webcam,Electronics,2,56.25,112.5,S003,C0202,Cash
T010046,2023-09-04,P022,Plant Pot,Outdoor,2,12.19,24.38,S001,C0138,Cash
T010047,2025-12-07,P006,USB-C Hub,Electronics,2,33.29,66.58,S002,C0060,Bank Transfer
T010048,2023-10-10,P016,LED Bulb Pack,Household,3,12.36,37.08,S002,C0249,Cash
T010049,2025-02-14,P009,Coffee Beans,Food and Beverage,4,15.01,60.04,S001,C0016,UPI
T010050,2023-12-23,P011,Reusable Water Bottle,Food and Beverage,4,18.57,74.28,S002,C0279,Bank Transfer
T010051,2025-08-16,P013,Hand Soap,Household,2,4.56,9.12,S003,C0143,UPI
T010052,2025-09-22,P015,Storage Basket,Household,2,17.22,34.44,S004,C0086,UPI
T010053,2023-03-31,P024,Watering Can,Outdoor,1,21.52,21.52,S003,C0254,UPI
T010054,2023-05-08,P014,Cleaning Spray,Household,2,7.02,14.04,S003,C0093,Cash
T010055,2024-12-29,P012,Snack Box,Food and Beverage,3,22.84,68.52,S002,C0254,Card
T010056,2025-10-26,P015,Storage Basket,Household,4,16.84,67.36,S003,C0171,UPI
T010057,2024-11-03,P015,Storage Basket,Household,2,16.52,33.04,S004,C0209,UPI
T010058,2025-08-26,P015,Storage Basket,Household,5,16.54,82.7,S001,C0259,UPI
T010059,2024-08-02,P001,Notebook,Stationery,1,8.32,8.32,S001,C0284,Card
T010060,2023-11-16,P018,Canvas Tote Bag,Apparel,5,14.23,71.15,S003,C0136,Cash
T010061,2024-01-28,P005,Wireless Mouse,Electronics,2,25.6,51.2,S003,C0195,Card
T010062,2025-01-20,P004,Printer Paper,Stationery,6,6.67,40.02,S004,C0071,Card
T010063,2024-12-13,P002,Ballpoint Pen Pack,Stationery,4,5.3,21.2,S001,C0043,Card
T010064,2024-01-14,P016,LED Bulb Pack,Household,2,11.77,23.54,S001,C0030,UPI
T010065,2024-01-12,P005,Wireless Mouse,Electronics,2,26.39,52.78,S001,C0149,UPI
T010066,2023-07-15,P001,Notebook,Stationery,3,8.56,25.68,S001,C0293,Card
T010067,2023-07-26,P022,Plant Pot,Outdoor,2,12.22,24.44,S001,C0196,UPI
T010068,2025-05-10,P009,Coffee Beans,Food and Beverage,1,14.74,14.74,S004,C0089,Card
T010069,2023-07-06,P009,Coffee Beans,Food and Beverage,1,16.2,16.2,S001,C0071,Cash
T010070,2025-11-23,P017,Cotton T-Shirt,Apparel,2,19.94,39.88,S001,C0197,UPI
T010071,2025-11-26,P016,LED Bulb Pack,Household,2,12.08,24.16,S004,C0202,UPI
T010072,2024-03-27,P020,Running Socks,Apparel,2,10.27,20.54,S003,C0132,Card
T010073,2025-10-09,P008,Webcam,Electronics,5,60.12,300.6,S003,C0035,Card
T010074,2023-11-25,P013,Hand Soap,Household,1,4.57,4.57,S004,C0203,Card
T010075,2025-10-15,P021,Garden Gloves,Outdoor,2,8.46,16.92,S001,C0294,Card
T010076,2023-09-22,P016,LED Bulb Pack,Household,3,11.6,34.8,S002,C0055,UPI
T010077,2023-03-13,P024,Watering Can,Outdoor,4,20.34,81.36,S001,C0240,Cash
T010078,2023-06-03,P023,Hand Trowel,Outdoor,3,9.92,29.76,S001,C0054,Card
T010079,2024-06-21,P022,Plant Pot,Outdoor,4,12.68,50.72,S003,C0027,Card
T010080,2024-09-02,P002,Ballpoint Pen Pack,Stationery,1,5.09,5.09,S004,C0286,Card
T010081,2024-04-28,P014,Cleaning Spray,Household,2,7.63,15.26,S004,C0158,UPI
T010082,2023-11-23,P016,LED Bulb Pack,Household,4,12.31,49.24,S002,C0037,Cash
T010083,2023-05-28,P009,Coffee Beans,Food and Beverage,3,15.03,45.09,S002,C0261,Cash
T010084,2023-09-22,P024,Watering Can,Outdoor,3,20.96,62.88,S002,C0029,Cash
T010085,2024-09-07,P005,Wireless Mouse,Electronics,1,24.9,24.9,S003,C0291,UPI
T010086,2024-11-15,P022,Plant Pot,Outdoor,3,11.97,35.91,S004,C0061,Card
T010087,2025-09-06,P004,Printer Paper,Stationery,2,6.4,12.8,S001,C0026,Card
T010088,2023-08-14,P009,Coffee Beans,Food and Beverage,6,15.2,91.2,S001,C0098,Bank Transfer
T010089,2023-07-30,P005,Wireless Mouse,Electronics,1,23.82,23.82,S003,C0132,Card
T010090,2025-10-31,P021,Garden Gloves,Outdoor,2,8.81,17.62,S002,C0289,Card
T010091,2025-03-16,P024,Watering Can,Outdoor,1,21.11,21.11,S003,C0069,UPI
T010092,2023-02-16,P011,Reusable Water Bottle,Food and Beverage,5,17.37,86.85,S001,C0198,Cash
T010093,2025-08-27,P009,Coffee Beans,Food and Beverage,2,16.05,32.1,S002,C0040,Card
T010094,2025-10-29,P005,Wireless Mouse,Electronics,2,26.45,52.9,S002,C0024,Card
T010095,2025-10-18,P005,Wireless Mouse,Electronics,2,26.19,52.38,S001,C0067,UPI
T010096,2024-12-28,P001,Notebook,Stationery,3,8.4,25.2,S004,C0287,UPI
T010097,2023-06-04,P009,Coffee Beans,Food and Beverage,2,16.31,32.62,S001,C0101,Card
T010098,2024-03-13,P008,Webcam,Electronics,1,61.19,61.19,S004,C0229,UPI
T010099,2023-06-15,P024,Watering Can,Outdoor,1,21.12,21.12,S001,C0292,Card
T010100,2025-11-20,P013,Hand Soap,Household,2,4.89,9.78,S002,C0010,Cash
T010101,2024-06-29,P017,Cotton T-Shirt,Apparel,1,19.23,19.23,S001,C0288,Cash
T010102,2024-05-25,P018,Canvas Tote Bag,Apparel,1,12.86,12.86,S002,C0054,Card
T010103,2025-11-12,P002,Ballpoint Pen Pack,Stationery,2,5.26,10.52,S004,C0093,UPI
T010104,2023-03-28,P001,Notebook,Stationery,6,8.17,49.02,S002,C0022,Bank Transfer
T010105,2023-03-20,P006,USB-C Hub,Electronics,1,34.83,34.83,S002,C0210,Card
T010106,2025-11-06,P024,Watering Can,Outdoor,5,21.06,105.3,S002,C0146,Bank Transfer
T010107,2023-07-25,P019,Baseball Cap,Apparel,1,16.6,16.6,S001,C0253,Cash
T010108,2023-09-25,P014,Cleaning Spray,Household,1,7.06,7.06,S002,C0281,Bank Transfer
T010109,2024-12-03,P005,Wireless Mouse,Electronics,1,26.21,26.21,S003,C0298,UPI
T010110,2024-02-22,P009,Coffee Beans,Food and Beverage,1,15.82,15.82,S001,C0229,Card
T010111,2023-11-14,P018,Canvas Tote Bag,Apparel,2,13.34,26.68,S003,C0224,Card
T010112,2023-08-28,P002,Ballpoint Pen Pack,Stationery,1,5.31,5.31,S002,C0205,Card
T010113,2025-12-16,P008,Webcam,Electronics,1,62.31,62.31,S003,C0153,Card
T010114,2023-02-11,P002,Ballpoint Pen Pack,Stationery,3,5.01,15.03,S001,C0264,Card
T010115,2023-06-24,P009,Coffee Beans,Food and Beverage,4,14.67,58.68,S002,C0116,UPI
T010116,2024-06-04,P022,Plant Pot,Outdoor,1,12.42,12.42,S001,C0128,Card
T010117,2023-12-20,P023,Hand Trowel,Outdoor,4,10.33,41.32,S004,C0259,Card
T010118,2024-11-01,P017,Cotton T-Shirt,Apparel,2,19.37,38.74,S003,C0012,Cash
T010119,2025-07-07,P007,Bluetooth Speaker,Electronics,1,52.76,52.76,S004,C0279,UPI
T010120,2024-04-20,P007,Bluetooth Speaker,Electronics,2,50.02,100.04,S001,C0040,Card
T010121,2025-10-15,P024,Watering Can,Outdoor,2,20.57,41.14,S001,C0265,Cash
T010122,2024-08-20,P006,USB-C Hub,Electronics,5,32.63,163.15,S001,C0201,UPI
T010123,2023-11-06,P002,Ballpoint Pen Pack,Stationery,2,5.18,10.36,S004,C0225,UPI
T010124,2024-10-20,P016,LED Bulb Pack,Household,2,12.19,24.38,S001,C0212,Card
T010125,2025-12-19,P002,Ballpoint Pen Pack,Stationery,1,5.25,5.25,S003,C0062,Bank Transfer
T010126,2024-11-27,P010,Tea Assortment,Food and Beverage,5,13.15,65.75,S003,C0085,UPI
T010127,2025-02-23,P006,USB-C Hub,Electronics,3,33.93,101.79,S001,C0044,Card
T010128,2024-12-18,P003,Desk Organizer,Stationery,1,14.54,14.54,S001,C0071,Card
T010129,2023-07-04,P014,Cleaning Spray,Household,5,7.47,37.35,S004,C0184,UPI
T010130,2023-05-25,P009,Coffee Beans,Food and Beverage,2,15.28,30.56,S004,C0116,Cash
T010131,2025-04-06,P017,Cotton T-Shirt,Apparel,1,18.95,18.95,S004,C0064,Card
T010132,2024-11-05,P012,Snack Box,Food and Beverage,1,21.75,21.75,S002,C0048,Card
T010133,2023-10-23,P008,Webcam,Electronics,1,58.38,58.38,S002,C0073,Bank Transfer
T010134,2025-09-25,P013,Hand Soap,Household,2,5.03,10.06,S003,C0039,Bank Transfer
T010135,2023-12-17,P005,Wireless Mouse,Electronics,2,26.12,52.24,S001,C0156,UPI
T010136,2023-01-08,P009,Coffee Beans,Food and Beverage,2,14.88,29.76,S004,C0240,UPI
T010137,2024-11-29,P001,Notebook,Stationery,1,8.71,8.71,S002,C0223,Card
T010138,2023-04-21,P005,Wireless Mouse,Electronics,3,24.24,72.72,S004,C0139,Card
T010139,2024-12-04,P014,Cleaning Spray,Household,1,7.08,7.08,S004,C0105,Card
T010140,2025-09-30,P021,Garden Gloves,Outdoor,3,9.32,27.96,S002,C0124,UPI
T010141,2025-12-08,P017,Cotton T-Shirt,Apparel,3,18.99,56.97,S002,C0032,Card
T010142,2025-12-13,P013,Hand Soap,Household,1,4.48,4.48,S001,C0180,Card
T010143,2023-08-20,P022,Plant Pot,Outdoor,3,11.98,35.94,S001,C0128,Card
T010144,2023-12-21,P001,Notebook,Stationery,2,8.05,16.1,S002,C0243,Card
T010145,2025-07-11,P005,Wireless Mouse,Electronics,1,23.57,23.57,S001,C0121,UPI
T010146,2024-03-03,P021,Garden Gloves,Outdoor,2,9.12,18.24,S001,C0266,Card
T010147,2023-02-11,P015,Storage Basket,Household,3,16.32,48.96,S003,C0211,UPI
T010148,2023-03-02,P017,Cotton T-Shirt,Apparel,1,20.74,20.74,S003,C0146,Card
T010149,2023-02-13,P014,Cleaning Spray,Household,6,7.5,45.0,S002,C0030,Card
T010150,2025-06-25,P021,Garden Gloves,Outdoor,4,8.82,35.28,S001,C0088,UPI
T010151,2025-08-05,P009,Coffee Beans,Food and Beverage,3,15.38,46.14,S002,C0088,UPI
T010152,2025-08-29,P019,Baseball Cap,Apparel,4,15.26,61.04,S003,C0052,Bank Transfer
T010153,2025-06-29,P023,Hand Trowel,Outdoor,1,10.5,10.5,S001,C0231,Card
T010154,2025-03-04,P011,Reusable Water Bottle,Food and Beverage,2,17.26,34.52,S002,C0292,Bank Transfer
T010155,2025-06-22,P002,Ballpoint Pen Pack,Stationery,1,5.42,5.42,S001,C0296,Cash
T010156,2025-07-01,P003,Desk Organizer,Stationery,2,13.65,27.3,S002,C0260,Bank Transfer
T010157,2024-05-13,P011,Reusable Water Bottle,Food and Beverage,4,18.53,74.12,S002,C0197,Card
T010158,2025-10-09,P008,Webcam,Electronics,4,61.48,245.92,S002,C0008,Cash
T010159,2025-05-24,P010,Tea Assortment,Food and Beverage,5,13.33,66.65,S002,C0028,Card
T010160,2024-11-28,P023,Hand Trowel,Outdoor,2,10.34,20.68,S001,C0046,Card
T010161,2023-12-29,P024,Watering Can,Outdoor,1,21.46,21.46,S001,C0252,UPI
T010162,2024-02-04,P013,Hand Soap,Household,1,4.95,4.95,S003,C0034,Cash
T010163,2024-11-27,P017,Cotton T-Shirt,Apparel,3,20.89,62.67,S004,C0173,Card
T010164,2025-04-21,P015,Storage Basket,Household,1,16.52,16.52,S001,C0230,Card
T010165,2024-05-19,P015,Storage Basket,Household,2,16.46,32.92,S002,C0135,Cash
T010166,2023-03-26,P016,LED Bulb Pack,Household,1,11.93,11.93,S001,C0175,Card
T010167,2023-11-14,P016,LED Bulb Pack,Household,3,12.44,37.32,S001,C0205,Card
T010168,2024-11-13,P019,Baseball Cap,Apparel,1,16.77,16.77,S001,C0019,Card
T010169,2023-10-16,P004,Printer Paper,Stationery,2,6.45,12.9,S003,C0179,UPI
T010170,2023-09-09,P006,USB-C Hub,Electronics,1,35.62,35.62,S001,C0011,UPI
T010171,2024-01-10,P002,Ballpoint Pen Pack,Stationery,3,5.08,15.24,S002,C0297,Bank Transfer
T010172,2023-05-26,P015,Storage Basket,Household,2,15.72,31.44,S001,C0299,Card
T010173,2025-05-27,P021,Garden Gloves,Outdoor,1,9.22,9.22,S001,C0025,Card
T010174,2023-10-30,P001,Notebook,Stationery,1,8.84,8.84,S002,C0165,Cash
T010175,2025-06-07,P009,Coffee Beans,Food and Beverage,1,16.22,16.22,S001,C0067,Card
T010176,2023-01-22,P019,Baseball Cap,Apparel,2,16.57,33.14,S001,C0035,Cash
T010177,2023-06-14,P005,Wireless Mouse,Electronics,2,25.19,50.38,S003,C0079,Card
T010178,2023-04-04,P002,Ballpoint Pen Pack,Stationery,4,5.1,20.4,S001,C0291,Card
T010179,2025-12-27,P004,Printer Paper,Stationery,1,6.83,6.83,S002,C0283,Cash
T010180,2025-10-26,P009,Coffee Beans,Food and Beverage,1,15.93,15.93,S003,C0207,UPI
T010181,2024-11-15,P013,Hand Soap,Household,1,4.85,4.85,S001,C0176,Card
T010182,2025-01-23,P018,Canvas Tote Bag,Apparel,2,12.7,25.4,S001,C0128,UPI
T010183,2025-09-08,P002,Ballpoint Pen Pack,Stationery,4,5.42,21.68,S003,C0271,UPI
T010184,2024-01-31,P001,Notebook,Stationery,2,8.34,16.68,S004,C0216,Cash
T010185,2025-01-31,P007,Bluetooth Speaker,Electronics,4,48.9,195.6,S004,C0218,Card
T010186,2024-11-20,P008,Webcam,Electronics,4,56.94,227.76,S003,C0187,Cash
T010187,2024-11-05,P006,USB-C Hub,Electronics,2,34.95,69.9,S003,C0163,Card
T010188,2024-11-04,P007,Bluetooth Speaker,Electronics,2,47.46,94.92,S002,C0153,Cash
T010189,2024-09-12,P015,Storage Basket,Household,6,16.04,96.24,S002,C0293,Bank Transfer
T010190,2024-11-12,P005,Wireless Mouse,Electronics,4,24.44,97.76,S004,C0059,UPI
T010191,2025-05-10,P009,Coffee Beans,Food and Beverage,2,15.96,31.92,S001,C0135,Card
T010192,2025-10-10,P013,Hand Soap,Household,2,4.69,9.38,S004,C0062,UPI
T010193,2024-03-30,P009,Coffee Beans,Food and Beverage,3,15.06,45.18,S002,C0081,UPI
T010194,2024-04-21,P001,Notebook,Stationery,2,8.82,17.64,S001,C0265,UPI
T010195,2023-12-27,P011,Reusable Water Bottle,Food and Beverage,1,18.27,18.27,S004,C0209,Cash
T010196,2025-12-29,P005,Wireless Mouse,Electronics,5,25.8,129.0,S001,C0062,Card
T010197,2023-01-04,P020,Running Socks,Apparel,2,9.43,18.86,S004,C0034,Cash
T010198,2023-10-22,P002,Ballpoint Pen Pack,Stationery,3,5.28,15.84,S003,C0285,UPI
T010199,2025-08-12,P011,Reusable Water Bottle,Food and Beverage,3,17.45,52.35,S003,C0207,Card
T010200,2024-10-18,P013,Hand Soap,Household,1,4.55,4.55,S002,C0076,Card
T010201,2023-06-07,P009,Coffee Beans,Food and Beverage,1,16.3,16.3,S003,C0277,Card
T010202,2023-08-19,P015,Storage Basket,Household,1,15.9,15.9,S001,C0125,Cash
T010203,2025-10-25,P017,Cotton T-Shirt,Apparel,1,19.33,19.33,S002,C0055,Card
T010204,2025-11-28,P014,Cleaning Spray,Household,1,6.98,6.98,S003,C0003,Card
T010205,2023-08-07,P005,Wireless Mouse,Electronics,5,24.9,124.5,S001,C0161,UPI
T010206,2024-12-19,P020,Running Socks,Apparel,2,9.51,19.02,S004,C0125,UPI
T010207,2023-04-08,P024,Watering Can,Outdoor,5,20.46,102.3,S004,C0042,Cash
T010208,2023-11-12,P001,Notebook,Stationery,5,8.41,42.05,S001,C0212,Cash
T010209,2025-02-16,P010,Tea Assortment,Food and Beverage,1,13.0,13.0,S003,C0271,Card
T010210,2025-07-11,P013,Hand Soap,Household,5,4.7,23.5,S001,C0251,Cash
T010211,2025-05-18,P006,USB-C Hub,Electronics,1,33.49,33.49,S004,C0047,UPI
T010212,2023-12-22,P004,Printer Paper,Stationery,1,6.67,6.67,S001,C0026,Cash
T010213,2023-09-16,P002,Ballpoint Pen Pack,Stationery,2,5.11,10.22,S004,C0193,Card
T010214,2023-08-01,P014,Cleaning Spray,Household,2,7.24,14.48,S003,C0071,Cash
T010215,2023-09-13,P015,Storage Basket,Household,1,17.35,17.35,S001,C0116,UPI
T010216,2025-01-30,P007,Bluetooth Speaker,Electronics,1,51.25,51.25,S001,C0066,Cash
T010217,2025-09-03,P006,USB-C Hub,Electronics,2,33.57,67.14,S002,C0068,Bank Transfer
T010218,2023-09-23,P007,Bluetooth Speaker,Electronics,1,49.45,49.45,S004,C0030,UPI
T010219,2025-12-07,P006,USB-C Hub,Electronics,2,33.26,66.52,S002,C0225,Bank Transfer
T010220,2024-02-16,P021,Garden Gloves,Outdoor,1,8.94,8.94,S001,C0297,Bank Transfer
T010221,2024-07-13,P004,Printer Paper,Stationery,1,6.7,6.7,S001,C0063,Bank Transfer
T010222,2025-04-02,P013,Hand Soap,Household,2,4.81,9.62,S003,C0144,Bank Transfer
T010223,2025-04-09,P005,Wireless Mouse,Electronics,1,23.94,23.94,S002,C0177,Card
T010224,2024-03-30,P021,Garden Gloves,Outdoor,4,8.7,34.8,S001,C0144,Card
T010225,2023-12-15,P023,Hand Trowel,Outdoor,4,10.5,42.0,S004,C0039,Card
T010226,2025-06-18,P016,LED Bulb Pack,Household,2,11.48,22.96,S004,C0055,Card
T010227,2024-03-25,P008,Webcam,Electronics,6,62.35,374.1,S004,C0023,UPI
T010228,2023-01-18,P012,Snack Box,Food and Beverage,2,23.33,46.66,S004,C0099,Card
T010229,2024-11-19,P020,Running Socks,Apparel,3,10.08,30.24,S002,C0116,UPI
T010230,2024-04-20,P001,Notebook,Stationery,3,8.61,25.83,S002,C0104,UPI
T010231,2023-09-09,P004,Printer Paper,Stationery,2,7.01,14.02,S002,C0044,UPI
T010232,2024-10-21,P019,Baseball Cap,Apparel,3,15.87,47.61,S002,C0004,Card
T010233,2024-08-28,P013,Hand Soap,Household,4,4.71,18.84,S004,C0203,Bank Transfer
T010234,2025-06-16,P006,USB-C Hub,Electronics,1,33.94,33.94,S003,C0067,Cash
T010235,2023-06-15,P016,LED Bulb Pack,Household,1,11.92,11.92,S002,C0025,Bank Transfer
T010236,2025-10-28,P009,Coffee Beans,Food and Beverage,1,15.26,15.26,S002,C0072,Bank Transfer
T010237,2024-10-01,P004,Printer Paper,Stationery,6,6.9,41.4,S002,C0122,Card
T010238,2025-08-07,P017,Cotton T-Shirt,Apparel,1,20.41,20.41,S001,C0218,Card
T010239,2023-01-25,P004,Printer Paper,Stationery,1,6.78,6.78,S004,C0158,Cash
T010240,2024-09-03,P023,Hand Trowel,Outdoor,1,11.07,11.07,S001,C0127,Bank Transfer
T010241,2025-08-05,P016,LED Bulb Pack,Household,3,11.46,34.38,S001,C0218,UPI
T010242,2025-09-04,P020,Running Socks,Apparel,1,9.41,9.41,S001,C0043,Card
T010243,2023-05-07,P020,Running Socks,Apparel,6,9.54,57.24,S001,C0196,UPI
T010244,2023-03-12,P013,Hand Soap,Household,1,4.72,4.72,S004,C0168,Cash
T010245,2023-01-06,P020,Running Socks,Apparel,3,10.12,30.36,S002,C0051,Card
T010246,2024-10-06,P004,Printer Paper,Stationery,1,6.9,6.9,S001,C0088,UPI
T010247,2024-08-08,P013,Hand Soap,Household,1,4.5,4.5,S002,C0071,UPI
T010248,2023-02-14,P013,Hand Soap,Household,2,4.9,9.8,S003,C0235,UPI
T010249,2024-07-18,P004,Printer Paper,Stationery,2,7.02,14.04,S004,C0093,Cash
T010250,2025-02-20,P015,Storage Basket,Household,3,17.34,52.02,S002,C0189,Card
T010251,2023-09-14,P002,Ballpoint Pen Pack,Stationery,4,5.03,20.12,S001,C0196,Card
T010252,2024-10-11,P014,Cleaning Spray,Household,3,7.51,22.53,S001,C0033,UPI
T010253,2024-09-30,P005,Wireless Mouse,Electronics,1,24.29,24.29,S002,C0115,Cash
T010254,2025-05-10,P009,Coffee Beans,Food and Beverage,3,16.34,49.02,S001,C0163,UPI
T010255,2024-02-29,P002,Ballpoint Pen Pack,Stationery,1,5.48,5.48,S001,C0236,Card
T010256,2025-10-24,P015,Storage Basket,Household,5,16.61,83.05,S004,C0050,UPI
T010257,2024-10-04,P001,Notebook,Stationery,4,8.46,33.84,S004,C0088,Card
T010258,2024-10-31,P004,Printer Paper,Stationery,5,6.61,33.05,S004,C0038,Card
T010259,2025-11-13,P001,Notebook,Stationery,3,8.2,24.6,S003,C0204,UPI
T010260,2023-08-11,P004,Printer Paper,Stationery,4,7.11,28.44,S001,C0046,Card
T010261,2025-05-21,P001,Notebook,Stationery,3,8.25,24.75,S001,C0050,Bank Transfer
T010262,2023-07-20,P007,Bluetooth Speaker,Electronics,1,49.22,49.22,S001,C0012,Cash
T010263,2023-06-13,P005,Wireless Mouse,Electronics,1,24.54,24.54,S003,C0280,Card
T010264,2023-02-03,P013,Hand Soap,Household,5,4.5,22.5,S002,C0059,UPI
T010265,2025-11-11,P004,Printer Paper,Stationery,2,6.58,13.16,S002,C0066,UPI
T010266,2023-03-19,P018,Canvas Tote Bag,Apparel,2,13.3,26.6,S001,C0068,Card
T010267,2024-09-15,P023,Hand Trowel,Outdoor,4,10.47,41.88,S004,C0036,Cash
T010268,2024-06-22,P007,Bluetooth Speaker,Electronics,4,48.84,195.36,S003,C0224,Cash
T010269,2024-07-05,P024,Watering Can,Outdoor,5,20.75,103.75,S004,C0095,Card
T010270,2024-09-30,P014,Cleaning Spray,Household,2,7.01,14.02,S003,C0249,UPI
T010271,2023-09-05,P008,Webcam,Electronics,1,59.4,59.4,S004,C0074,UPI
T010272,2025-11-08,P008,Webcam,Electronics,1,59.52,59.52,S002,C0157,Card
T010273,2024-08-23,P005,Wireless Mouse,Electronics,3,24.23,72.69,S001,C0270,UPI
T010274,2023-10-30,P009,Coffee Beans,Food and Beverage,1,15.71,15.71,S001,C0013,Card
T010275,2024-06-11,P004,Printer Paper,Stationery,4,6.95,27.8,S003,C0212,Card
T010276,2025-08-04,P010,Tea Assortment,Food and Beverage,2,12.39,24.78,S002,C0232,Cash
T010277,2023-11-19,P018,Canvas Tote Bag,Apparel,1,14.23,14.23,S001,C0216,UPI
T010278,2024-12-18,P010,Tea Assortment,Food and Beverage,1,12.14,12.14,S001,C0195,UPI
T010279,2025-07-30,P015,Storage Basket,Household,1,16.89,16.89,S001,C0056,Cash
T010280,2025-01-18,P009,Coffee Beans,Food and Beverage,2,15.55,31.1,S001,C0227,Card
T010281,2024-03-05,P011,Reusable Water Bottle,Food and Beverage,4,18.5,74.0,S003,C0192,Card
T010282,2025-06-17,P014,Cleaning Spray,Household,2,7.37,14.74,S003,C0080,UPI
T010283,2024-01-19,P013,Hand Soap,Household,1,4.95,4.95,S004,C0121,Card
T010284,2024-10-06,P016,LED Bulb Pack,Household,2,12.59,25.18,S001,C0086,UPI
T010285,2025-11-05,P004,Printer Paper,Stationery,1,6.42,6.42,S004,C0027,UPI
T010286,2024-11-18,P011,Reusable Water Bottle,Food and Beverage,2,17.24,34.48,S001,C0022,UPI
T010287,2024-09-29,P015,Storage Basket,Household,2,16.18,32.36,S003,C0116,Card
T010288,2023-08-17,P001,Notebook,Stationery,2,8.76,17.52,S001,C0075,UPI
T010289,2024-08-11,P017,Cotton T-Shirt,Apparel,3,20.63,61.89,S004,C0235,Cash
T010290,2023-06-29,P015,Storage Basket,Household,1,17.28,17.28,S003,C0113,Card
T010291,2025-11-21,P019,Baseball Cap,Apparel,1,16.0,16.0,S002,C0143,UPI
T010292,2023-01-01,P013,Hand Soap,Household,3,4.53,13.59,S001,C0292,Card
T010293,2023-08-11,P018,Canvas Tote Bag,Apparel,3,14.18,42.54,S001,C0016,Card
T010294,2025-10-01,P009,Coffee Beans,Food and Beverage,4,15.68,62.72,S002,C0101,Card
T010295,2024-06-01,P006,USB-C Hub,Electronics,1,34.69,34.69,S001,C0244,UPI
T010296,2024-10-24,P019,Baseball Cap,Apparel,1,15.12,15.12,S002,C0167,Bank Transfer
T010297,2023-08-17,P015,Storage Basket,Household,4,16.18,64.72,S003,C0177,UPI
T010298,2023-08-10,P021,Garden Gloves,Outdoor,3,9.09,27.27,S001,C0226,Card
T010299,2025-05-07,P021,Garden Gloves,Outdoor,1,9.44,9.44,S002,C0235,UPI
T010300,2023-04-02,P023,Hand Trowel,Outdoor,4,10.86,43.44,S001,C0282,Card
T010301,2025-12-16,P002,Ballpoint Pen Pack,Stationery,1,5.19,5.19,S003,C0140,Card
T010302,2023-12-19,P022,Plant Pot,Outdoor,1,12.67,12.67,S004,C0021,UPI
T010303,2024-05-31,P006,USB-C Hub,Electronics,2,32.73,65.46,S001,C0126,Card
T010304,2024-08-10,P022,Plant Pot,Outdoor,4,12.1,48.4,S003,C0032,UPI
T010305,2025-10-27,P023,Hand Trowel,Outdoor,3,10.14,30.42,S003,C0041,UPI
T010306,2024-09-15,P008,Webcam,Electronics,1,58.04,58.04,S002,C0124,Cash
T010307,2023-05-09,P002,Ballpoint Pen Pack,Stationery,2,5.15,10.3,S001,C0206,Card
T010308,2025-11-01,P011,Reusable Water Bottle,Food and Beverage,2,17.4,34.8,S003,C0165,Cash
T010309,2023-04-26,P004,Printer Paper,Stationery,5,6.36,31.8,S001,C0245,UPI
T010310,2025-11-25,P002,Ballpoint Pen Pack,Stationery,2,5.04,10.08,S003,C0036,Card
T010311,2025-01-30,P013,Hand Soap,Household,1,4.73,4.73,S004,C0282,UPI
T010312,2025-02-22,P010,Tea Assortment,Food and Beverage,2,13.44,26.88,S001,C0244,Card
T010313,2025-06-21,P024,Watering Can,Outdoor,1,20.19,20.19,S002,C0071,Cash
T010314,2025-09-04,P013,Hand Soap,Household,2,4.7,9.4,S004,C0007,UPI
T010315,2025-10-04,P017,Cotton T-Shirt,Apparel,1,20.78,20.78,S001,C0182,Bank Transfer
T010316,2025-12-21,P005,Wireless Mouse,Electronics,2,25.71,51.42,S004,C0250,Cash
T010317,2024-08-16,P007,Bluetooth Speaker,Electronics,1,50.34,50.34,S004,C0241,Cash
T010318,2023-01-24,P007,Bluetooth Speaker,Electronics,1,50.17,50.17,S003,C0047,Card
T010319,2025-07-14,P001,Notebook,Stationery,4,8.03,32.12,S004,C0291,Cash
T010320,2023-05-12,P005,Wireless Mouse,Electronics,4,26.0,104.0,S001,C0014,Card
T010321,2025-04-25,P019,Baseball Cap,Apparel,4,15.43,61.72,S001,C0237,Bank Transfer
T010322,2024-09-02,P007,Bluetooth Speaker,Electronics,1,49.22,49.22,S001,C0275,Card
T010323,2023-12-16,P009,Coffee Beans,Food and Beverage,4,16.29,65.16,S002,C0029,Card
T010324,2024-06-15,P006,USB-C Hub,Electronics,1,35.15,35.15,S001,C0130,Card
T010325,2025-11-05,P022,Plant Pot,Outdoor,2,11.88,23.76,S002,C0234,Cash
T010326,2023-10-08,P005,Wireless Mouse,Electronics,3,26.36,79.08,S001,C0275,Bank Transfer
T010327,2024-02-19,P014,Cleaning Spray,Household,1,7.48,7.48,S001,C0273,UPI
T010328,2024-03-06,P012,Snack Box,Food and Beverage,1,23.38,23.38,S002,C0270,Cash
T010329,2023-09-30,P008,Webcam,Electronics,2,61.82,123.64,S003,C0102,UPI
T010330,2025-02-15,P016,LED Bulb Pack,Household,2,12.46,24.92,S001,C0209,Card
T010331,2024-03-11,P007,Bluetooth Speaker,Electronics,3,49.67,149.01,S001,C0273,Card
T010332,2025-09-26,P005,Wireless Mouse,Electronics,3,24.96,74.88,S001,C0086,Card
T010333,2025-08-23,P017,Cotton T-Shirt,Apparel,4,18.89,75.56,S004,C0100,UPI
T010334,2025-07-12,P005,Wireless Mouse,Electronics,1,24.1,24.1,S002,C0236,UPI
T010335,2023-10-31,P015,Storage Basket,Household,5,16.52,82.6,S004,C0121,Card
T010336,2025-02-19,P022,Plant Pot,Outdoor,2,12.68,25.36,S001,C0166,Card
T010337,2025-04-18,P008,Webcam,Electronics,2,60.4,120.8,S004,C0242,UPI
T010338,2024-06-27,P004,Printer Paper,Stationery,2,6.49,12.98,S001,C0187,UPI
T010339,2025-10-26,P005,Wireless Mouse,Electronics,2,26.1,52.2,S001,C0099,UPI
T010340,2025-12-24,P002,Ballpoint Pen Pack,Stationery,3,5.16,15.48,S004,C0159,Card
T010341,2024-04-05,P023,Hand Trowel,Outdoor,3,10.1,30.3,S003,C0005,Cash
T010342,2024-07-28,P024,Watering Can,Outdoor,2,21.22,42.44,S001,C0025,UPI
T010343,2024-04-19,P016,LED Bulb Pack,Household,2,11.83,23.66,S002,C0062,Cash
T010344,2024-09-19,P021,Garden Gloves,Outdoor,1,9.13,9.13,S001,C0079,Card
T010345,2025-11-16,P014,Cleaning Spray,Household,1,7.01,7.01,S002,C0256,Card
T010346,2024-09-06,P003,Desk Organizer,Stationery,3,14.15,42.45,S004,C0023,Card
T010347,2023-12-07,P005,Wireless Mouse,Electronics,3,26.32,78.96,S004,C0272,Card
T010348,2025-11-05,P014,Cleaning Spray,Household,3,7.68,23.04,S002,C0297,Cash
T010349,2024-11-02,P005,Wireless Mouse,Electronics,4,25.79,103.16,S001,C0196,Card
T010350,2023-01-26,P009,Coffee Beans,Food and Beverage,4,15.9,63.6,S001,C0040,Card
T010351,2023-12-08,P023,Hand Trowel,Outdoor,3,10.06,30.18,S003,C0037,UPI
T010352,2024-09-27,P018,Canvas Tote Bag,Apparel,2,13.69,27.38,S002,C0218,Card
T010353,2024-12-20,P015,Storage Basket,Household,2,16.26,32.52,S002,C0224,UPI
T010354,2023-03-12,P007,Bluetooth Speaker,Electronics,1,48.44,48.44,S001,C0089,Card
T010355,2024-08-07,P020,Running Socks,Apparel,5,10.39,51.95,S003,C0219,Card
T010356,2024-06-11,P003,Desk Organizer,Stationery,6,14.64,87.84,S003,C0223,UPI
T010357,2023-05-06,P008,Webcam,Electronics,2,58.36,116.72,S004,C0170,Card
T010358,2025-03-18,P015,Storage Basket,Household,3,15.96,47.88,S002,C0085,Card
T010359,2023-09-30,P004,Printer Paper,Stationery,4,6.53,26.12,S003,C0137,Card
T010360,2025-10-30,P005,Wireless Mouse,Electronics,3,24.22,72.66,S001,C0276,Card
T010361,2025-04-08,P022,Plant Pot,Outdoor,6,11.49,68.94,S001,C0275,Card
T010362,2023-11-14,P011,Reusable Water Bottle,Food and Beverage,1,18.08,18.08,S002,C0161,UPI
T010363,2025-02-01,P006,USB-C Hub,Electronics,4,35.03,140.12,S002,C0064,UPI
T010364,2024-01-28,P016,LED Bulb Pack,Household,5,11.96,59.8,S001,C0272,UPI
T010365,2025-01-08,P017,Cotton T-Shirt,Apparel,1,20.61,20.61,S001,C0163,Card
T010366,2024-06-21,P005,Wireless Mouse,Electronics,2,24.49,48.98,S002,C0248,UPI
T010367,2025-08-10,P020,Running Socks,Apparel,2,10.26,20.52,S003,C0240,Card
T010368,2024-12-11,P017,Cotton T-Shirt,Apparel,2,19.86,39.72,S004,C0079,Card
T010369,2025-03-12,P016,LED Bulb Pack,Household,3,12.57,37.71,S003,C0263,UPI
T010370,2024-09-05,P024,Watering Can,Outdoor,3,20.74,62.22,S004,C0248,Cash
T010371,2025-02-23,P003,Desk Organizer,Stationery,3,14.36,43.08,S002,C0095,UPI
T010372,2023-12-19,P021,Garden Gloves,Outdoor,3,9.3,27.9,S003,C0166,Card
T010373,2024-04-19,P004,Printer Paper,Stationery,3,7.03,21.09,S002,C0081,UPI
T010374,2025-10-02,P022,Plant Pot,Outdoor,4,11.84,47.36,S001,C0159,UPI
T010375,2023-12-17,P006,USB-C Hub,Electronics,5,33.79,168.95,S001,C0219,Card
T010376,2023-10-10,P015,Storage Basket,Household,2,16.73,33.46,S003,C0120,UPI
T010377,2023-12-29,P001,Notebook,Stationery,1,8.44,8.44,S004,C0195,UPI
T010378,2025-10-22,P009,Coffee Beans,Food and Beverage,2,16.41,32.82,S001,C0046,UPI
T010379,2023-07-01,P015,Storage Basket,Household,1,16.66,16.66,S003,C0128,Card
T010380,2024-06-27,P017,Cotton T-Shirt,Apparel,1,20.07,20.07,S002,C0166,UPI
T010381,2024-07-22,P006,USB-C Hub,Electronics,3,32.46,97.38,S001,C0061,UPI
T010382,2024-07-01,P014,Cleaning Spray,Household,3,7.2,21.6,S003,C0144,Cash
T010383,2025-01-07,P005,Wireless Mouse,Electronics,2,26.45,52.9,S001,C0157,UPI
T010384,2023-02-03,P017,Cotton T-Shirt,Apparel,2,19.22,38.44,S001,C0187,Card
T010385,2024-01-24,P015,Storage Basket,Household,2,16.51,33.02,S001,C0295,UPI
T010386,2023-09-21,P001,Notebook,Stationery,4,8.13,32.52,S001,C0278,Card
T010387,2023-07-11,P005,Wireless Mouse,Electronics,3,23.52,70.56,S002,C0098,Cash
T010388,2025-03-05,P013,Hand Soap,Household,1,4.56,4.56,S002,C0205,Card
T010389,2023-03-13,P006,USB-C Hub,Electronics,1,35.84,35.84,S001,C0164,UPI
T010390,2023-11-02,P022,Plant Pot,Outdoor,2,11.38,22.76,S004,C0220,UPI
T010391,2025-03-17,P002,Ballpoint Pen Pack,Stationery,1,5.25,5.25,S001,C0003,UPI
T010392,2025-06-18,P014,Cleaning Spray,Household,2,7.6,15.2,S001,C0004,UPI
T010393,2025-11-29,P018,Canvas Tote Bag,Apparel,1,13.44,13.44,S001,C0185,UPI
T010394,2023-02-22,P010,Tea Assortment,Food and Beverage,1,12.07,12.07,S002,C0008,UPI
T010395,2024-10-08,P014,Cleaning Spray,Household,4,7.09,28.36,S004,C0175,UPI
T010396,2025-07-30,P001,Notebook,Stationery,1,8.23,8.23,S004,C0026,UPI
T010397,2024-03-10,P001,Notebook,Stationery,2,8.83,17.66,S003,C0223,Cash
T010398,2024-12-03,P019,Baseball Cap,Apparel,1,15.59,15.59,S004,C0131,UPI
T010399,2024-07-27,P005,Wireless Mouse,Electronics,2,24.43,48.86,S001,C0104,Card
T010400,2025-07-16,P004,Printer Paper,Stationery,1,6.92,6.92,S001,C0048,UPI
T010401,2025-05-26,P002,Ballpoint Pen Pack,Stationery,2,5.14,10.28,S001,C0228,UPI
T010402,2025-02-23,P008,Webcam,Electronics,4,61.55,246.2,S001,C0153,Cash
T010403,2025-02-25,P016,LED Bulb Pack,Household,1,11.84,11.84,S001,C0224,Card
T010404,2025-10-27,P024,Watering Can,Outdoor,5,20.85,104.25,S002,C0265,UPI
T010405,2025-07-23,P001,Notebook,Stationery,3,8.15,24.45,S003,C0176,UPI
T010406,2024-12-03,P022,Plant Pot,Outdoor,1,12.11,12.11,S004,C0227,UPI
T010407,2025-11-25,P015,Storage Basket,Household,1,15.62,15.62,S003,C0211,UPI
T010408,2024-09-29,P011,Reusable Water Bottle,Food and Beverage,3,18.43,55.29,S001,C0089,Bank Transfer
T010409,2025-02-12,P022,Plant Pot,Outdoor,4,11.54,46.16,S004,C0226,Bank Transfer
T010410,2025-12-27,P022,Plant Pot,Outdoor,4,11.43,45.72,S002,C0203,Card
T010411,2025-04-14,P024,Watering Can,Outdoor,2,22.09,44.18,S001,C0158,Card
T010412,2024-03-21,P005,Wireless Mouse,Electronics,2,23.88,47.76,S003,C0255,Card
T010413,2023-10-22,P009,Coffee Beans,Food and Beverage,5,15.25,76.25,S001,C0012,Card
T010414,2025-04-18,P009,Coffee Beans,Food and Beverage,1,15.17,15.17,S002,C0193,UPI
T010415,2024-11-13,P017,Cotton T-Shirt,Apparel,3,19.28,57.84,S003,C0300,Card
T010416,2024-06-19,P014,Cleaning Spray,Household,4,7.19,28.76,S002,C0187,Card
T010417,2025-01-26,P009,Coffee Beans,Food and Beverage,1,16.32,16.32,S001,C0040,UPI
T010418,2023-07-23,P001,Notebook,Stationery,5,8.47,42.35,S002,C0274,UPI
T010419,2025-05-29,P003,Desk Organizer,Stationery,2,14.68,29.36,S004,C0095,Card
T010420,2025-08-10,P005,Wireless Mouse,Electronics,3,24.92,74.76,S001,C0071,Card
T010421,2023-12-31,P001,Notebook,Stationery,4,8.17,32.68,S003,C0297,UPI
T010422,2025-10-08,P004,Printer Paper,Stationery,1,7.14,7.14,S002,C0195,UPI
T010423,2025-10-14,P024,Watering Can,Outdoor,4,20.42,81.68,S001,C0187,Card
T010424,2024-08-18,P002,Ballpoint Pen Pack,Stationery,1,5.09,5.09,S003,C0050,Card
T010425,2023-06-24,P005,Wireless Mouse,Electronics,1,24.48,24.48,S004,C0034,UPI
T010426,2024-02-04,P002,Ballpoint Pen Pack,Stationery,1,5.32,5.32,S002,C0066,UPI
T010427,2025-04-17,P006,USB-C Hub,Electronics,2,35.79,71.58,S004,C0271,UPI
T010428,2025-12-22,P003,Desk Organizer,Stationery,1,14.05,14.05,S001,C0143,Cash
T010429,2024-08-15,P013,Hand Soap,Household,3,4.74,14.22,S001,C0200,Bank Transfer
T010430,2023-02-07,P004,Printer Paper,Stationery,1,6.75,6.75,S001,C0210,Bank Transfer
T010431,2023-09-25,P008,Webcam,Electronics,1,60.86,60.86,S004,C0253,Card
T010432,2025-10-23,P024,Watering Can,Outdoor,2,21.64,43.28,S004,C0139,Card
T010433,2025-11-23,P014,Cleaning Spray,Household,2,7.13,14.26,S002,C0130,UPI
T010434,2023-11-24,P020,Running Socks,Apparel,3,9.45,28.35,S003,C0223,Card
T010435,2023-11-16,P008,Webcam,Electronics,1,59.96,59.96,S003,C0075,Cash
T010436,2024-08-11,P001,Notebook,Stationery,6,8.64,51.84,S003,C0271,Card
T010437,2024-01-05,P019,Baseball Cap,Apparel,2,15.99,31.98,S003,C0192,Cash
T010438,2023-09-08,P005,Wireless Mouse,Electronics,6,26.34,158.04,S002,C0153,UPI
T010439,2025-12-19,P005,Wireless Mouse,Electronics,1,25.36,25.36,S003,C0143,Bank Transfer
T010440,2024-11-27,P022,Plant Pot,Outdoor,1,12.55,12.55,S004,C0089,Cash
T010441,2024-01-09,P021,Garden Gloves,Outdoor,2,9.04,18.08,S001,C0102,UPI
T010442,2025-11-11,P024,Watering Can,Outdoor,4,22.21,88.84,S001,C0277,UPI
T010443,2025-01-04,P015,Storage Basket,Household,4,15.72,62.88,S002,C0105,UPI
T010444,2024-04-27,P022,Plant Pot,Outdoor,1,11.88,11.88,S001,C0053,UPI
T010445,2023-05-07,P023,Hand Trowel,Outdoor,4,10.85,43.4,S003,C0004,Cash
T010446,2023-01-25,P020,Running Socks,Apparel,2,9.47,18.94,S001,C0273,Cash
T010447,2023-09-08,P005,Wireless Mouse,Electronics,2,23.59,47.18,S002,C0054,UPI
T010448,2025-08-17,P007,Bluetooth Speaker,Electronics,4,52.96,211.84,S003,C0150,Card
T010449,2024-03-10,P008,Webcam,Electronics,6,61.1,366.6,S001,C0002,Card
T010450,2024-12-22,P018,Canvas Tote Bag,Apparel,4,13.6,54.4,S004,C0226,Card
T010451,2023-06-16,P019,Baseball Cap,Apparel,2,16.25,32.5,S002,C0137,UPI
T010452,2024-07-22,P016,LED Bulb Pack,Household,2,12.11,24.22,S003,C0016,UPI
T010453,2024-11-29,P009,Coffee Beans,Food and Beverage,3,14.71,44.13,S003,C0140,Cash
T010454,2023-09-05,P006,USB-C Hub,Electronics,2,35.51,71.02,S003,C0253,Cash
T010455,2023-09-28,P020,Running Socks,Apparel,3,10.08,30.24,S004,C0010,Cash
T010456,2023-09-25,P009,Coffee Beans,Food and Beverage,3,15.78,47.34,S001,C0006,Card
T010457,2025-08-23,P014,Cleaning Spray,Household,2,7.05,14.1,S002,C0211,UPI
T010458,2023-03-09,P006,USB-C Hub,Electronics,4,36.11,144.44,S001,C0001,UPI
T010459,2024-06-14,P012,Snack Box,Food and Beverage,3,23.06,69.18,S003,C0146,UPI
T010460,2023-11-10,P011,Reusable Water Bottle,Food and Beverage,1,17.4,17.4,S003,C0108,UPI
T010461,2025-06-23,P005,Wireless Mouse,Electronics,3,24.47,73.41,S002,C0272,Card
T010462,2025-10-26,P005,Wireless Mouse,Electronics,1,24.47,24.47,S002,C0105,Cash
T010463,2025-11-15,P019,Baseball Cap,Apparel,4,16.05,64.2,S004,C0244,Cash
T010464,2024-05-05,P004,Printer Paper,Stationery,6,6.81,40.86,S001,C0101,Card
T010465,2023-05-12,P017,Cotton T-Shirt,Apparel,1,19.09,19.09,S001,C0204,UPI
T010466,2024-02-11,P002,Ballpoint Pen Pack,Stationery,1,5.36,5.36,S004,C0296,UPI
T010467,2023-04-30,P020,Running Socks,Apparel,2,9.69,19.38,S003,C0011,Cash
T010468,2025-03-15,P004,Printer Paper,Stationery,1,6.71,6.71,S001,C0108,Card
T010469,2025-02-28,P015,Storage Basket,Household,1,17.27,17.27,S001,C0037,UPI
T010470,2025-11-21,P017,Cotton T-Shirt,Apparel,1,20.8,20.8,S004,C0244,UPI
T010471,2025-07-28,P023,Hand Trowel,Outdoor,3,10.38,31.14,S002,C0272,UPI
T010472,2023-06-11,P009,Coffee Beans,Food and Beverage,1,15.84,15.84,S001,C0273,Cash
T010473,2025-05-01,P004,Printer Paper,Stationery,3,7.07,21.21,S004,C0086,UPI
T010474,2024-03-23,P005,Wireless Mouse,Electronics,1,24.16,24.16,S002,C0019,Card
T010475,2023-08-12,P010,Tea Assortment,Food and Beverage,4,13.3,53.2,S001,C0226,Cash
T010476,2024-08-30,P017,Cotton T-Shirt,Apparel,1,20.67,20.67,S003,C0089,UPI
T010477,2023-05-05,P003,Desk Organizer,Stationery,2,14.53,29.06,S003,C0235,Cash
T010478,2024-01-07,P009,Coffee Beans,Food and Beverage,1,16.35,16.35,S002,C0288,UPI
T010479,2025-07-10,P004,Printer Paper,Stationery,3,6.36,19.08,S004,C0176,Card
T010480,2023-03-28,P022,Plant Pot,Outdoor,3,11.32,33.96,S001,C0013,Card
T010481,2023-04-29,P022,Plant Pot,Outdoor,6,11.93,71.58,S002,C0262,Cash
T010482,2025-03-09,P010,Tea Assortment,Food and Beverage,2,12.6,25.2,S003,C0143,Cash
T010483,2023-06-11,P017,Cotton T-Shirt,Apparel,2,19.64,39.28,S003,C0145,UPI
T010484,2025-11-24,P010,Tea Assortment,Food and Beverage,1,13.4,13.4,S001,C0255,Card
T010485,2025-03-15,P001,Notebook,Stationery,3,8.36,25.08,S001,C0229,Card
T010486,2025-11-03,P005,Wireless Mouse,Electronics,2,26.22,52.44,S003,C0181,UPI
T010487,2025-02-27,P012,Snack Box,Food and Beverage,2,23.32,46.64,S001,C0281,Card
T010488,2024-08-31,P010,Tea Assortment,Food and Beverage,5,13.33,66.65,S004,C0165,Cash
T010489,2023-08-10,P008,Webcam,Electronics,4,60.15,240.6,S001,C0179,UPI
T010490,2025-06-27,P016,LED Bulb Pack,Household,2,12.23,24.46,S002,C0054,Card
T010491,2024-03-12,P005,Wireless Mouse,Electronics,1,26.01,26.01,S003,C0076,Cash
T010492,2025-03-01,P005,Wireless Mouse,Electronics,2,24.27,48.54,S003,C0264,Cash
T010493,2024-07-12,P009,Coffee Beans,Food and Beverage,3,15.18,45.54,S002,C0073,Card
T010494,2025-04-04,P018,Canvas Tote Bag,Apparel,2,13.04,26.08,S002,C0030,Cash
T010495,2025-01-12,P005,Wireless Mouse,Electronics,2,26.44,52.88,S003,C0085,Card
T010496,2023-01-06,P002,Ballpoint Pen Pack,Stationery,3,5.56,16.68,S003,C0068,Card
T010497,2025-07-15,P015,Storage Basket,Household,1,15.79,15.79,S001,C0225,UPI
T010498,2024-03-10,P004,Printer Paper,Stationery,2,6.63,13.26,S001,C0209,Card
T010499,2024-04-30,P004,Printer Paper,Stationery,4,7.07,28.28,S004,C0178,Card
T010500,2025-07-30,P008,Webcam,Electronics,3,58.6,175.8,S002,C0221,Card
T010501,2023-04-19,P015,Storage Basket,Household,2,17.1,34.2,S003,C0156,UPI
T010502,2025-12-31,P001,Notebook,Stationery,4,8.5,34.0,S003,C0026,Cash
T010503,2023-04-09,P003,Desk Organizer,Stationery,1,14.08,14.08,S002,C0187,Card
T010504,2025-09-20,P019,Baseball Cap,Apparel,5,15.58,77.9,S004,C0294,Card
T010505,2024-11-02,P014,Cleaning Spray,Household,1,7.32,7.32,S002,C0062,Card
T010506,2025-02-07,P023,Hand Trowel,Outdoor,2,10.82,21.64,S003,C0010,UPI
T010507,2023-10-27,P006,USB-C Hub,Electronics,2,35.77,71.54,S003,C0134,UPI
T010508,2024-08-18,P011,Reusable Water Bottle,Food and Beverage,2,18.67,37.34,S002,C0106,Card
T010509,2025-06-05,P022,Plant Pot,Outdoor,3,11.91,35.73,S003,C0216,UPI
T010510,2025-07-15,P019,Baseball Cap,Apparel,2,16.36,32.72,S003,C0282,Card
T010511,2023-02-14,P012,Snack Box,Food and Beverage,4,21.48,85.92,S004,C0045,Card
T010512,2023-09-04,P010,Tea Assortment,Food and Beverage,3,13.4,40.2,S003,C0043,Card
T010513,2025-08-11,P013,Hand Soap,Household,2,4.99,9.98,S004,C0129,Card
T010514,2024-10-11,P010,Tea Assortment,Food and Beverage,1,13.0,13.0,S001,C0100,UPI
T010515,2025-10-23,P017,Cotton T-Shirt,Apparel,2,21.07,42.14,S004,C0209,UPI
T010516,2025-05-16,P017,Cotton T-Shirt,Apparel,3,20.39,61.17,S002,C0287,Cash
T010517,2025-01-29,P009,Coffee Beans,Food and Beverage,2,14.6,29.2,S001,C0104,Card
T010518,2025-11-08,P005,Wireless Mouse,Electronics,2,25.57,51.14,S002,C0146,UPI
T010519,2023-02-24,P001,Notebook,Stationery,5,8.27,41.35,S001,C0017,Card
T010520,2025-02-02,P022,Plant Pot,Outdoor,4,12.14,48.56,S001,C0101,UPI
T010521,2025-12-14,P005,Wireless Mouse,Electronics,2,24.59,49.18,S001,C0199,Card
T010522,2025-08-14,P014,Cleaning Spray,Household,2,7.28,14.56,S004,C0168,Card
T010523,2024-02-01,P004,Printer Paper,Stationery,1,6.97,6.97,S001,C0187,UPI
T010524,2025-12-26,P003,Desk Organizer,Stationery,1,13.32,13.32,S004,C0078,Cash
T010525,2025-01-19,P020,Running Socks,Apparel,2,10.3,20.6,S004,C0261,Card
T010526,2023-06-30,P023,Hand Trowel,Outdoor,3,10.81,32.43,S004,C0007,Card
T010527,2023-11-22,P017,Cotton T-Shirt,Apparel,2,20.22,40.44,S002,C0211,UPI
T010528,2023-11-08,P009,Coffee Beans,Food and Beverage,1,16.14,16.14,S002,C0098,UPI
T010529,2024-03-03,P002,Ballpoint Pen Pack,Stationery,1,5.12,5.12,S001,C0011,UPI
T010530,2025-01-19,P005,Wireless Mouse,Electronics,4,23.79,95.16,S001,C0058,Cash
T010531,2023-02-06,P024,Watering Can,Outdoor,1,22.18,22.18,S002,C0075,UPI
T010532,2025-04-26,P003,Desk Organizer,Stationery,3,13.92,41.76,S002,C0220,Cash
T010533,2023-06-01,P015,Storage Basket,Household,1,15.93,15.93,S002,C0153,Card
T010534,2024-09-11,P013,Hand Soap,Household,2,4.95,9.9,S001,C0238,Cash
T010535,2025-01-16,P005,Wireless Mouse,Electronics,2,23.85,47.7,S001,C0096,Card
T010536,2025-07-02,P003,Desk Organizer,Stationery,3,13.36,40.08,S004,C0180,Cash
T010537,2023-04-05,P019,Baseball Cap,Apparel,2,15.9,31.8,S001,C0028,Cash
T010538,2025-07-30,P017,Cotton T-Shirt,Apparel,2,19.66,39.32,S002,C0291,Card
T010539,2023-07-14,P022,Plant Pot,Outdoor,2,12.43,24.86,S004,C0148,Cash
T010540,2024-12-21,P001,Notebook,Stationery,1,8.42,8.42,S002,C0253,UPI
T010541,2023-07-01,P019,Baseball Cap,Apparel,1,16.09,16.09,S002,C0061,UPI
T010542,2024-02-20,P004,Printer Paper,Stationery,1,6.93,6.93,S004,C0239,Cash
T010543,2024-11-20,P004,Printer Paper,Stationery,3,6.99,20.97,S001,C0140,Cash
T010544,2025-03-04,P003,Desk Organizer,Stationery,1,13.85,13.85,S004,C0166,UPI
T010545,2024-11-02,P009,Coffee Beans,Food and Beverage,1,15.37,15.37,S003,C0201,UPI
T010546,2024-12-10,P015,Storage Basket,Household,2,16.83,33.66,S002,C0249,UPI
T010547,2024-02-23,P015,Storage Basket,Household,3,16.92,50.76,S003,C0071,UPI
T010548,2025-12-03,P009,Coffee Beans,Food and Beverage,1,16.01,16.01,S004,C0064,Card
T010549,2025-11-03,P007,Bluetooth Speaker,Electronics,2,47.4,94.8,S001,C0026,Card
T010550,2025-04-05,P013,Hand Soap,Household,4,4.78,19.12,S002,C0100,UPI
T010551,2023-07-15,P013,Hand Soap,Household,2,4.64,9.28,S002,C0124,UPI
T010552,2023-09-07,P007,Bluetooth Speaker,Electronics,4,50.28,201.12,S003,C0186,UPI
T010553,2024-09-01,P017,Cotton T-Shirt,Apparel,3,20.57,61.71,S002,C0182,UPI
T010554,2024-06-03,P007,Bluetooth Speaker,Electronics,1,48.42,48.42,S002,C0005,Cash
T010555,2023-03-08,P013,Hand Soap,Household,4,4.66,18.64,S003,C0102,Cash
T010556,2023-04-03,P009,Coffee Beans,Food and Beverage,2,16.26,32.52,S001,C0154,UPI
T010557,2024-04-07,P013,Hand Soap,Household,2,4.95,9.9,S003,C0180,Card
T010558,2023-12-14,P022,Plant Pot,Outdoor,1,12.55,12.55,S001,C0127,Card
T010559,2024-07-16,P022,Plant Pot,Outdoor,2,12.47,24.94,S002,C0001,Bank Transfer
T010560,2025-08-24,P015,Storage Basket,Household,2,16.36,32.72,S004,C0247,UPI
T010561,2025-03-28,P019,Baseball Cap,Apparel,3,16.1,48.3,S004,C0052,Card
T010562,2023-08-29,P017,Cotton T-Shirt,Apparel,2,20.18,40.36,S002,C0034,Card
T010563,2024-02-23,P019,Baseball Cap,Apparel,2,15.83,31.66,S001,C0233,Card
T010564,2024-03-23,P003,Desk Organizer,Stationery,3,14.31,42.93,S004,C0099,Card
T010565,2025-02-21,P015,Storage Basket,Household,1,16.6,16.6,S003,C0165,Cash
T010566,2025-10-10,P017,Cotton T-Shirt,Apparel,2,19.15,38.3,S002,C0035,Card
T010567,2023-03-01,P015,Storage Basket,Household,3,16.39,49.17,S004,C0097,Card
T010568,2025-04-14,P008,Webcam,Electronics,1,62.5,62.5,S001,C0193,Cash
T010569,2024-05-28,P024,Watering Can,Outdoor,3,21.78,65.34,S001,C0053,UPI
T010570,2025-03-18,P007,Bluetooth Speaker,Electronics,2,52.8,105.6,S001,C0168,UPI
T010571,2023-12-29,P015,Storage Basket,Household,5,16.1,80.5,S002,C0153,Card
T010572,2023-01-27,P003,Desk Organizer,Stationery,4,14.3,57.2,S003,C0125,UPI
T010573,2024-04-29,P007,Bluetooth Speaker,Electronics,1,49.19,49.19,S001,C0065,Cash
T010574,2025-11-05,P012,Snack Box,Food and Beverage,1,23.15,23.15,S002,C0115,UPI
T010575,2024-05-19,P015,Storage Basket,Household,4,16.37,65.48,S002,C0165,Card
T010576,2025-02-27,P020,Running Socks,Apparel,4,9.99,39.96,S004,C0175,Cash
T010577,2025-08-26,P019,Baseball Cap,Apparel,4,16.84,67.36,S001,C0290,Cash
T010578,2023-02-12,P002,Ballpoint Pen Pack,Stationery,2,5.35,10.7,S001,C0144,UPI
T010579,2023-10-06,P004,Printer Paper,Stationery,3,6.69,20.07,S001,C0197,Card
T010580,2024-02-04,P002,Ballpoint Pen Pack,Stationery,2,5.41,10.82,S004,C0233,Card
T010581,2023-08-14,P023,Hand Trowel,Outdoor,1,10.0,10.0,S004,C0273,Card
T010582,2023-05-29,P005,Wireless Mouse,Electronics,4,23.83,95.32,S002,C0236,Card
T010583,2023-08-30,P014,Cleaning Spray,Household,2,7.1,14.2,S001,C0009,Cash
T010584,2023-10-24,P008,Webcam,Electronics,1,60.08,60.08,S001,C0041,Card
T010585,2023-09-21,P013,Hand Soap,Household,1,4.68,4.68,S004,C0145,UPI
T010586,2025-04-10,P015,Storage Basket,Household,4,15.6,62.4,S003,C0208,Card
T010587,2025-01-02,P024,Watering Can,Outdoor,1,22.06,22.06,S002,C0033,UPI
T010588,2023-12-07,P017,Cotton T-Shirt,Apparel,2,20.71,41.42,S003,C0001,Bank Transfer
T010589,2025-10-04,P002,Ballpoint Pen Pack,Stationery,2,5.4,10.8,S003,C0044,UPI
T010590,2025-12-30,P015,Storage Basket,Household,1,17.06,17.06,S003,C0217,UPI
T010591,2024-09-07,P016,LED Bulb Pack,Household,2,11.64,23.28,S001,C0015,Card
T010592,2023-07-11,P007,Bluetooth Speaker,Electronics,5,52.0,260.0,S002,C0231,UPI
T010593,2024-07-29,P023,Hand Trowel,Outdoor,2,10.51,21.02,S002,C0067,UPI
T010594,2024-07-16,P005,Wireless Mouse,Electronics,1,26.12,26.12,S003,C0251,Cash
T010595,2024-03-31,P022,Plant Pot,Outdoor,2,11.94,23.88,S002,C0065,Bank Transfer
T010596,2025-03-25,P014,Cleaning Spray,Household,1,7.57,7.57,S001,C0057,UPI
T010597,2025-01-12,P006,USB-C Hub,Electronics,1,32.85,32.85,S003,C0242,Card
T010598,2025-03-09,P019,Baseball Cap,Apparel,1,15.53,15.53,S002,C0148,Card
T010599,2025-02-01,P001,Notebook,Stationery,3,8.97,26.91,S004,C0210,Cash
T010600,2024-03-25,P009,Coffee Beans,Food and Beverage,1,15.22,15.22,S003,C0004,Cash
T010601,2024-11-05,P010,Tea Assortment,Food and Beverage,2,13.41,26.82,S001,C0223,UPI
T010602,2024-11-24,P003,Desk Organizer,Stationery,2,13.74,27.48,S003,C0203,Cash
T010603,2024-05-06,P013,Hand Soap,Household,4,4.94,19.76,S002,C0275,UPI
T010604,2023-12-30,P021,Garden Gloves,Outdoor,1,9.36,9.36,S004,C0265,Cash
T010605,2023-10-03,P021,Garden Gloves,Outdoor,3,8.54,25.62,S002,C0117,Card
T010606,2025-09-06,P021,Garden Gloves,Outdoor,1,8.62,8.62,S003,C0040,UPI
T010607,2023-04-06,P014,Cleaning Spray,Household,6,7.61,45.66,S003,C0282,UPI
T010608,2025-08-09,P010,Tea Assortment,Food and Beverage,6,13.49,80.94,S001,C0136,Card
T010609,2023-04-22,P006,USB-C Hub,Electronics,1,35.53,35.53,S003,C0231,Card
T010610,2024-11-05,P016,LED Bulb Pack,Household,1,12.65,12.65,S004,C0112,Card
T010611,2025-10-12,P009,Coffee Beans,Food and Beverage,4,14.76,59.04,S003,C0270,UPI
T010612,2023-05-16,P009,Coffee Beans,Food and Beverage,3,15.14,45.42,S003,C0213,Cash
T010613,2025-12-23,P004,Printer Paper,Stationery,4,6.44,25.76,S001,C0014,UPI
T010614,2024-03-08,P001,Notebook,Stationery,1,8.86,8.86,S001,C0045,Card
T010615,2025-12-07,P011,Reusable Water Bottle,Food and Beverage,2,18.71,37.42,S001,C0108,UPI
T010616,2024-03-28,P012,Snack Box,Food and Beverage,1,22.78,22.78,S001,C0052,Bank Transfer
T010617,2023-03-25,P002,Ballpoint Pen Pack,Stationery,5,5.32,26.6,S003,C0105,Card
T010618,2025-12-06,P021,Garden Gloves,Outdoor,4,9.5,38.0,S001,C0084,UPI
T010619,2025-06-20,P004,Printer Paper,Stationery,4,6.47,25.88,S004,C0076,Cash
T010620,2023-03-31,P021,Garden Gloves,Outdoor,2,8.94,17.88,S001,C0172,UPI
T010621,2023-02-12,P009,Coffee Beans,Food and Beverage,2,14.8,29.6,S003,C0257,UPI
T010622,2023-02-18,P001,Notebook,Stationery,3,8.57,25.71,S004,C0056,Card
T010623,2025-11-21,P002,Ballpoint Pen Pack,Stationery,3,5.08,15.24,S003,C0279,Card
T010624,2025-04-02,P008,Webcam,Electronics,1,60.01,60.01,S003,C0287,Card
T010625,2025-07-12,P001,Notebook,Stationery,3,8.09,24.27,S002,C0009,Card
T010626,2024-08-06,P006,USB-C Hub,Electronics,4,36.47,145.88,S001,C0201,Bank Transfer
T010627,2023-04-10,P017,Cotton T-Shirt,Apparel,6,21.03,126.18,S002,C0058,UPI
T010628,2025-12-20,P017,Cotton T-Shirt,Apparel,2,20.74,41.48,S001,C0033,Card
T010629,2024-11-30,P022,Plant Pot,Outdoor,1,12.69,12.69,S002,C0189,Card
T010630,2024-11-16,P016,LED Bulb Pack,Household,5,11.88,59.4,S001,C0086,Card
T010631,2023-11-13,P010,Tea Assortment,Food and Beverage,2,13.06,26.12,S004,C0298,Card
T010632,2023-05-28,P007,Bluetooth Speaker,Electronics,3,47.77,143.31,S004,C0146,Card
T010633,2024-12-18,P005,Wireless Mouse,Electronics,3,24.2,72.6,S003,C0125,UPI
T010634,2023-08-24,P010,Tea Assortment,Food and Beverage,1,12.56,12.56,S003,C0052,UPI
T010635,2023-09-23,P002,Ballpoint Pen Pack,Stationery,6,5.17,31.02,S001,C0194,Cash
T010636,2024-01-19,P017,Cotton T-Shirt,Apparel,1,19.9,19.9,S002,C0083,Card
T010637,2025-06-07,P003,Desk Organizer,Stationery,3,13.48,40.44,S004,C0072,Card
T010638,2024-06-27,P001,Notebook,Stationery,2,8.04,16.08,S004,C0127,Card
T010639,2025-11-09,P024,Watering Can,Outdoor,5,20.96,104.8,S003,C0125,Card
T010640,2025-04-26,P017,Cotton T-Shirt,Apparel,1,19.86,19.86,S002,C0071,Card
T010641,2023-02-14,P014,Cleaning Spray,Household,3,7.53,22.59,S001,C0113,UPI
T010642,2025-09-23,P015,Storage Basket,Household,1,15.82,15.82,S001,C0233,Cash
T010643,2025-02-18,P005,Wireless Mouse,Electronics,2,26.46,52.92,S004,C0258,Cash
T010644,2025-12-01,P022,Plant Pot,Outdoor,3,11.78,35.34,S004,C0044,Cash
T010645,2024-06-06,P010,Tea Assortment,Food and Beverage,2,12.42,24.84,S002,C0209,Card
T010646,2024-10-20,P003,Desk Organizer,Stationery,5,13.22,66.1,S002,C0213,Card
T010647,2024-06-06,P010,Tea Assortment,Food and Beverage,3,12.12,36.36,S001,C0056,Cash
T010648,2024-03-03,P020,Running Socks,Apparel,1,9.66,9.66,S002,C0060,Card
T010649,2025-09-23,P002,Ballpoint Pen Pack,Stationery,4,5.31,21.24,S003,C0189,Card
T010650,2024-07-01,P015,Storage Basket,Household,3,16.61,49.83,S003,C0193,Card
T010651,2023-12-21,P002,Ballpoint Pen Pack,Stationery,4,4.95,19.8,S001,C0090,UPI
T010652,2023-04-14,P024,Watering Can,Outdoor,2,19.96,39.92,S001,C0252,Card
T010653,2024-12-23,P007,Bluetooth Speaker,Electronics,2,48.72,97.44,S001,C0083,Bank Transfer
T010654,2023-06-15,P014,Cleaning Spray,Household,1,7.36,7.36,S004,C0282,UPI
T010655,2023-12-21,P010,Tea Assortment,Food and Beverage,1,12.16,12.16,S004,C0050,Cash
T010656,2024-10-24,P006,USB-C Hub,Electronics,2,32.76,65.52,S003,C0138,UPI
T010657,2023-02-01,P024,Watering Can,Outdoor,2,22.15,44.3,S002,C0147,UPI
T010658,2025-12-09,P014,Cleaning Spray,Household,4,7.63,30.52,S002,C0050,Card
T010659,2024-01-18,P006,USB-C Hub,Electronics,1,32.97,32.97,S003,C0283,Card
T010660,2023-05-15,P009,Coffee Beans,Food and Beverage,3,15.21,45.63,S003,C0077,UPI
T010661,2025-07-19,P014,Cleaning Spray,Household,2,6.83,13.66,S003,C0261,UPI
T010662,2025-01-27,P013,Hand Soap,Household,3,4.98,14.94,S001,C0001,UPI
T010663,2024-05-07,P012,Snack Box,Food and Beverage,3,21.39,64.17,S003,C0057,Card
T010664,2024-01-26,P020,Running Socks,Apparel,2,10.05,20.1,S003,C0083,Card
T010665,2024-08-23,P014,Cleaning Spray,Household,1,7.52,7.52,S002,C0268,Card
T010666,2023-05-27,P003,Desk Organizer,Stationery,5,14.81,74.05,S001,C0145,Cash
T010667,2023-04-10,P007,Bluetooth Speaker,Electronics,4,47.0,188.0,S001,C0206,Card
T010668,2023-11-16,P024,Watering Can,Outdoor,5,22.03,110.15,S001,C0046,UPI
T010669,2024-12-18,P014,Cleaning Spray,Household,2,7.21,14.42,S001,C0073,Card
T010670,2025-02-24,P002,Ballpoint Pen Pack,Stationery,1,5.34,5.34,S001,C0142,Card
T010671,2024-12-18,P003,Desk Organizer,Stationery,1,14.75,14.75,S001,C0058,UPI
T010672,2025-03-10,P018,Canvas Tote Bag,Apparel,3,13.0,39.0,S003,C0240,Card
T010673,2025-09-05,P021,Garden Gloves,Outdoor,1,8.67,8.67,S004,C0088,UPI
T010674,2023-05-20,P020,Running Socks,Apparel,4,9.39,37.56,S001,C0253,UPI
T010675,2025-10-23,P021,Garden Gloves,Outdoor,2,9.0,18.0,S002,C0294,Cash
T010676,2025-02-04,P017,Cotton T-Shirt,Apparel,1,19.2,19.2,S001,C0045,Card
T010677,2024-06-22,P007,Bluetooth Speaker,Electronics,2,50.26,100.52,S004,C0036,UPI
T010678,2024-08-18,P016,LED Bulb Pack,Household,4,12.51,50.04,S001,C0237,Card
T010679,2024-12-12,P003,Desk Organizer,Stationery,5,13.99,69.95,S001,C0184,Cash
T010680,2023-10-25,P011,Reusable Water Bottle,Food and Beverage,4,17.85,71.4,S002,C0185,Card
T010681,2024-11-03,P003,Desk Organizer,Stationery,1,13.58,13.58,S002,C0204,Bank Transfer
T010682,2025-12-13,P008,Webcam,Electronics,2,56.69,113.38,S004,C0080,Cash
T010683,2023-10-13,P015,Storage Basket,Household,3,16.08,48.24,S002,C0218,Bank Transfer
T010684,2023-03-14,P008,Webcam,Electronics,1,61.27,61.27,S002,C0042,UPI
T010685,2023-01-30,P013,Hand Soap,Household,4,4.9,19.6,S004,C0191,UPI
T010686,2024-05-23,P002,Ballpoint Pen Pack,Stationery,1,5.01,5.01,S001,C0215,Card
T010687,2024-09-15,P007,Bluetooth Speaker,Electronics,1,48.92,48.92,S003,C0269,UPI
T010688,2023-11-14,P022,Plant Pot,Outdoor,2,11.79,23.58,S002,C0128,Cash
T010689,2023-10-30,P020,Running Socks,Apparel,1,9.81,9.81,S004,C0153,Card
T010690,2023-01-12,P019,Baseball Cap,Apparel,1,16.42,16.42,S001,C0051,Bank Transfer
T010691,2025-11-25,P006,USB-C Hub,Electronics,2,32.74,65.48,S002,C0045,Card
T010692,2025-04-12,P021,Garden Gloves,Outdoor,1,9.03,9.03,S002,C0242,UPI
T010693,2025-04-26,P001,Notebook,Stationery,1,8.9,8.9,S001,C0195,Card
T010694,2024-04-13,P013,Hand Soap,Household,2,4.54,9.08,S002,C0242,UPI
T010695,2023-03-15,P020,Running Socks,Apparel,5,10.3,51.5,S002,C0282,Card
T010696,2025-04-11,P011,Reusable Water Bottle,Food and Beverage,4,18.07,72.28,S002,C0030,Card
T010697,2023-01-15,P008,Webcam,Electronics,3,59.43,178.29,S002,C0268,Card
T010698,2025-04-11,P016,LED Bulb Pack,Household,1,12.51,12.51,S002,C0232,Cash
T010699,2024-10-03,P006,USB-C Hub,Electronics,1,34.06,34.06,S001,C0236,Cash
T010700,2023-07-18,P017,Cotton T-Shirt,Apparel,3,19.6,58.8,S004,C0058,Card
T010701,2025-01-18,P023,Hand Trowel,Outdoor,1,10.68,10.68,S002,C0249,UPI
T010702,2024-11-19,P004,Printer Paper,Stationery,3,7.13,21.39,S004,C0135,UPI
T010703,2023-06-07,P013,Hand Soap,Household,2,4.92,9.84,S003,C0125,Cash
T010704,2025-08-11,P024,Watering Can,Outdoor,5,21.31,106.55,S003,C0038,Cash
T010705,2025-01-26,P020,Running Socks,Apparel,4,10.35,41.4,S003,C0123,Card
T010706,2023-11-27,P002,Ballpoint Pen Pack,Stationery,6,5.04,30.24,S001,C0067,UPI
T010707,2025-06-27,P017,Cotton T-Shirt,Apparel,3,20.72,62.16,S001,C0069,Cash
T010708,2023-06-12,P001,Notebook,Stationery,4,8.7,34.8,S002,C0108,UPI
T010709,2024-04-01,P009,Coffee Beans,Food and Beverage,3,16.13,48.39,S002,C0175,Cash
T010710,2025-02-24,P006,USB-C Hub,Electronics,3,33.15,99.45,S001,C0192,Card
T010711,2023-11-29,P013,Hand Soap,Household,1,4.63,4.63,S004,C0108,Card
T010712,2024-12-21,P001,Notebook,Stationery,1,8.21,8.21,S001,C0024,Card
T010713,2024-09-01,P020,Running Socks,Apparel,2,10.07,20.14,S004,C0189,UPI
T010714,2023-05-08,P011,Reusable Water Bottle,Food and Beverage,3,17.36,52.08,S003,C0189,UPI
T010715,2025-12-12,P013,Hand Soap,Household,1,4.7,4.7,S003,C0037,UPI
T010716,2023-11-19,P005,Wireless Mouse,Electronics,1,25.59,25.59,S003,C0150,Card
T010717,2025-07-02,P002,Ballpoint Pen Pack,Stationery,2,5.55,11.1,S003,C0146,UPI
T010718,2025-07-21,P017,Cotton T-Shirt,Apparel,2,19.0,38.0,S004,C0158,Card
T010719,2025-07-07,P017,Cotton T-Shirt,Apparel,1,20.19,20.19,S004,C0129,Card
T010720,2025-06-11,P002,Ballpoint Pen Pack,Stationery,2,4.96,9.92,S004,C0063,Card
T010721,2023-12-21,P007,Bluetooth Speaker,Electronics,2,49.0,98.0,S003,C0259,Card
T010722,2023-03-15,P001,Notebook,Stationery,1,8.78,8.78,S001,C0115,Card
T010723,2023-11-10,P002,Ballpoint Pen Pack,Stationery,4,5.07,20.28,S001,C0175,Card
T010724,2025-06-19,P016,LED Bulb Pack,Household,2,12.01,24.02,S001,C0004,UPI
T010725,2024-06-25,P007,Bluetooth Speaker,Electronics,2,49.28,98.56,S001,C0292,Cash
T010726,2025-01-18,P005,Wireless Mouse,Electronics,2,25.19,50.38,S004,C0123,UPI
T010727,2025-05-12,P019,Baseball Cap,Apparel,3,16.31,48.93,S001,C0167,Card
T010728,2025-02-24,P007,Bluetooth Speaker,Electronics,3,52.81,158.43,S004,C0106,Cash
T010729,2024-03-28,P019,Baseball Cap,Apparel,4,15.43,61.72,S001,C0188,UPI
T010730,2023-08-05,P002,Ballpoint Pen Pack,Stationery,5,5.07,25.35,S001,C0248,UPI
T010731,2023-01-11,P002,Ballpoint Pen Pack,Stationery,3,5.04,15.12,S004,C0167,Card
T010732,2024-07-24,P011,Reusable Water Bottle,Food and Beverage,3,18.9,56.7,S002,C0223,UPI
T010733,2025-02-23,P009,Coffee Beans,Food and Beverage,6,15.84,95.04,S002,C0105,Card
T010734,2024-04-16,P009,Coffee Beans,Food and Beverage,4,15.82,63.28,S003,C0004,UPI
T010735,2025-09-09,P004,Printer Paper,Stationery,3,7.12,21.36,S002,C0064,Card
T010736,2024-10-27,P005,Wireless Mouse,Electronics,2,23.87,47.74,S003,C0155,Bank Transfer
T010737,2024-08-29,P015,Storage Basket,Household,2,16.38,32.76,S002,C0008,UPI
T010738,2025-03-13,P002,Ballpoint Pen Pack,Stationery,3,5.0,15.0,S003,C0165,UPI
T010739,2023-03-24,P003,Desk Organizer,Stationery,1,13.43,13.43,S002,C0132,Card
T010740,2023-02-26,P005,Wireless Mouse,Electronics,2,24.2,48.4,S001,C0048,UPI
T010741,2024-03-30,P001,Notebook,Stationery,3,8.5,25.5,S002,C0268,UPI
T010742,2024-05-11,P014,Cleaning Spray,Household,2,7.47,14.94,S002,C0055,UPI
T010743,2023-03-19,P013,Hand Soap,Household,2,4.67,9.34,S001,C0046,Card
T010744,2025-07-18,P020,Running Socks,Apparel,1,9.66,9.66,S001,C0122,UPI
T010745,2024-03-23,P016,LED Bulb Pack,Household,2,11.94,23.88,S003,C0274,UPI
T010746,2023-10-15,P013,Hand Soap,Household,1,4.82,4.82,S001,C0214,Cash
T010747,2023-09-17,P012,Snack Box,Food and Beverage,3,21.96,65.88,S003,C0068,Card
T010748,2024-10-03,P018,Canvas Tote Bag,Apparel,4,13.96,55.84,S001,C0023,Card
T010749,2025-07-27,P022,Plant Pot,Outdoor,2,11.7,23.4,S002,C0021,UPI
T010750,2024-11-10,P011,Reusable Water Bottle,Food and Beverage,1,17.36,17.36,S004,C0193,Bank Transfer
T010751,2024-01-13,P009,Coffee Beans,Food and Beverage,1,14.66,14.66,S002,C0141,Cash
T010752,2024-09-20,P009,Coffee Beans,Food and Beverage,4,15.13,60.52,S002,C0187,Bank Transfer
T010753,2025-10-31,P009,Coffee Beans,Food and Beverage,2,14.74,29.48,S003,C0243,Bank Transfer
T010754,2023-02-25,P019,Baseball Cap,Apparel,3,16.14,48.42,S002,C0042,UPI
T010755,2025-03-27,P018,Canvas Tote Bag,Apparel,2,13.08,26.16,S001,C0251,UPI
T010756,2023-01-22,P013,Hand Soap,Household,2,4.56,9.12,S001,C0290,Card
T010757,2023-01-07,P016,LED Bulb Pack,Household,1,12.58,12.58,S004,C0207,UPI
T010758,2024-05-28,P014,Cleaning Spray,Household,4,7.38,29.52,S004,C0172,UPI
T010759,2023-12-03,P005,Wireless Mouse,Electronics,2,23.69,47.38,S001,C0113,UPI
T010760,2025-12-10,P002,Ballpoint Pen Pack,Stationery,1,5.15,5.15,S002,C0125,UPI
T010761,2025-12-30,P001,Notebook,Stationery,1,8.13,8.13,S001,C0175,UPI
T010762,2023-11-04,P016,LED Bulb Pack,Household,4,12.43,49.72,S002,C0246,UPI
T010763,2023-10-10,P014,Cleaning Spray,Household,6,7.46,44.76,S003,C0234,Card
T010764,2025-02-08,P021,Garden Gloves,Outdoor,2,8.56,17.12,S001,C0079,Card
T010765,2025-02-19,P007,Bluetooth Speaker,Electronics,2,51.9,103.8,S001,C0161,Card
T010766,2024-02-14,P006,USB-C Hub,Electronics,1,34.11,34.11,S004,C0127,Cash
T010767,2025-07-04,P009,Coffee Beans,Food and Beverage,2,15.14,30.28,S001,C0018,UPI
T010768,2024-08-11,P003,Desk Organizer,Stationery,2,13.31,26.62,S001,C0216,Card
T010769,2025-04-17,P016,LED Bulb Pack,Household,2,12.62,25.24,S001,C0027,Cash
T010770,2023-05-14,P009,Coffee Beans,Food and Beverage,4,15.77,63.08,S001,C0199,Card
T010771,2024-05-14,P005,Wireless Mouse,Electronics,1,25.81,25.81,S002,C0003,Card
T010772,2025-07-14,P006,USB-C Hub,Electronics,1,32.69,32.69,S002,C0247,Cash
T010773,2025-07-05,P010,Tea Assortment,Food and Beverage,3,13.13,39.39,S001,C0151,UPI
T010774,2024-05-02,P015,Storage Basket,Household,1,17.47,17.47,S002,C0065,UPI
T010775,2023-09-27,P004,Printer Paper,Stationery,2,6.83,13.66,S001,C0002,Card
T010776,2024-03-11,P021,Garden Gloves,Outdoor,2,9.51,19.02,S003,C0120,Card
T010777,2023-10-31,P002,Ballpoint Pen Pack,Stationery,2,5.12,10.24,S002,C0024,Card
T010778,2025-08-07,P009,Coffee Beans,Food and Beverage,1,16.4,16.4,S003,C0203,Cash
T010779,2023-10-22,P013,Hand Soap,Household,1,5.0,5.0,S003,C0172,Card
T010780,2024-12-14,P010,Tea Assortment,Food and Beverage,3,13.32,39.96,S004,C0035,UPI
T010781,2024-04-24,P003,Desk Organizer,Stationery,6,14.18,85.08,S004,C0086,Card
T010782,2025-07-22,P023,Hand Trowel,Outdoor,5,10.07,50.35,S004,C0144,Cash
T010783,2025-09-17,P003,Desk Organizer,Stationery,3,14.75,44.25,S001,C0219,Card
T010784,2025-12-19,P003,Desk Organizer,Stationery,3,13.86,41.58,S001,C0076,Card
T010785,2024-08-21,P016,LED Bulb Pack,Household,2,11.77,23.54,S004,C0028,Card
T010786,2024-04-27,P016,LED Bulb Pack,Household,3,12.43,37.29,S003,C0130,UPI
T010787,2025-12-13,P021,Garden Gloves,Outdoor,1,8.62,8.62,S004,C0097,UPI
T010788,2023-07-15,P005,Wireless Mouse,Electronics,5,25.83,129.15,S002,C0158,UPI
T010789,2024-05-18,P001,Notebook,Stationery,5,8.28,41.4,S001,C0032,UPI
T010790,2024-11-19,P013,Hand Soap,Household,1,4.63,4.63,S001,C0083,UPI
T010791,2025-12-13,P024,Watering Can,Outdoor,1,20.62,20.62,S003,C0286,Card
T010792,2024-01-11,P006,USB-C Hub,Electronics,5,33.72,168.6,S004,C0244,Cash
T010793,2024-12-14,P006,USB-C Hub,Electronics,1,34.88,34.88,S002,C0227,UPI
T010794,2025-08-01,P012,Snack Box,Food and Beverage,4,21.66,86.64,S003,C0183,Card
T010795,2023-05-13,P005,Wireless Mouse,Electronics,3,26.1,78.3,S004,C0112,UPI
T010796,2025-12-13,P001,Notebook,Stationery,4,8.47,33.88,S001,C0111,Cash
T010797,2025-07-31,P002,Ballpoint Pen Pack,Stationery,1,4.99,4.99,S001,C0025,Bank Transfer
T010798,2023-01-27,P001,Notebook,Stationery,3,8.97,26.91,S001,C0287,Card
T010799,2024-03-14,P015,Storage Basket,Household,2,17.33,34.66,S002,C0039,Card
T010800,2023-02-27,P012,Snack Box,Food and Beverage,2,23.32,46.64,S001,C0256,Card
T010801,2025-08-12,P010,Tea Assortment,Food and Beverage,1,12.72,12.72,S002,C0262,UPI
T010802,2023-12-15,P013,Hand Soap,Household,3,4.9,14.7,S001,C0002,UPI
T010803,2023-08-12,P001,Notebook,Stationery,1,8.63,8.63,S002,C0204,UPI
T010804,2025-01-18,P002,Ballpoint Pen Pack,Stationery,2,5.03,10.06,S001,C0077,Cash
T010805,2023-08-10,P005,Wireless Mouse,Electronics,1,24.99,24.99,S003,C0161,Cash
T010806,2024-12-25,P004,Printer Paper,Stationery,4,6.37,25.48,S003,C0132,Card
T010807,2023-02-03,P009,Coffee Beans,Food and Beverage,2,16.23,32.46,S002,C0009,UPI
T010808,2024-05-14,P009,Coffee Beans,Food and Beverage,2,14.79,29.58,S001,C0032,Card
T010809,2023-11-03,P004,Printer Paper,Stationery,1,6.61,6.61,S003,C0180,Card
T010810,2025-02-19,P009,Coffee Beans,Food and Beverage,4,15.64,62.56,S003,C0101,UPI
T010811,2025-12-21,P018,Canvas Tote Bag,Apparel,2,13.27,26.54,S004,C0022,Card
T010812,2025-10-18,P006,USB-C Hub,Electronics,4,35.59,142.36,S002,C0110,Cash
T010813,2024-04-08,P009,Coffee Beans,Food and Beverage,2,15.07,30.14,S001,C0056,Card
T010814,2025-10-07,P023,Hand Trowel,Outdoor,3,10.13,30.39,S001,C0207,Cash
T010815,2025-07-26,P018,Canvas Tote Bag,Apparel,1,13.6,13.6,S001,C0106,UPI
T010816,2024-10-01,P020,Running Socks,Apparel,3,10.43,31.29,S001,C0140,Cash
T010817,2024-04-24,P011,Reusable Water Bottle,Food and Beverage,3,17.43,52.29,S002,C0125,UPI
T010818,2025-02-17,P002,Ballpoint Pen Pack,Stationery,1,5.21,5.21,S002,C0029,Card
T010819,2025-02-08,P009,Coffee Beans,Food and Beverage,1,15.6,15.6,S004,C0098,UPI
T010820,2023-08-13,P012,Snack Box,Food and Beverage,6,23.55,141.3,S001,C0057,Cash
T010821,2023-02-28,P007,Bluetooth Speaker,Electronics,2,51.07,102.14,S003,C0056,UPI
T010822,2023-07-21,P016,LED Bulb Pack,Household,4,12.1,48.4,S002,C0236,Card
T010823,2025-05-29,P001,Notebook,Stationery,1,8.28,8.28,S001,C0002,Cash
T010824,2024-11-01,P002,Ballpoint Pen Pack,Stationery,3,5.54,16.62,S001,C0097,Card
T010825,2023-10-23,P009,Coffee Beans,Food and Beverage,1,16.09,16.09,S004,C0171,Card
T010826,2023-05-24,P004,Printer Paper,Stationery,2,6.76,13.52,S001,C0247,Bank Transfer
T010827,2025-06-11,P015,Storage Basket,Household,5,17.33,86.65,S001,C0111,UPI
T010828,2024-07-23,P017,Cotton T-Shirt,Apparel,3,20.46,61.38,S004,C0260,Card
T010829,2025-01-06,P010,Tea Assortment,Food and Beverage,1,13.41,13.41,S004,C0043,Cash
T010830,2024-05-25,P001,Notebook,Stationery,5,8.06,40.3,S003,C0199,Card
T010831,2023-06-03,P013,Hand Soap,Household,3,4.98,14.94,S003,C0202,Card
T010832,2024-05-11,P002,Ballpoint Pen Pack,Stationery,2,5.25,10.5,S002,C0122,Card
T010833,2025-11-23,P006,USB-C Hub,Electronics,1,36.21,36.21,S001,C0212,UPI
T010834,2025-10-27,P024,Watering Can,Outdoor,3,21.59,64.77,S002,C0088,Bank Transfer
T010835,2023-11-18,P014,Cleaning Spray,Household,1,7.43,7.43,S003,C0125,Cash
T010836,2025-05-04,P003,Desk Organizer,Stationery,3,14.58,43.74,S004,C0067,UPI
T010837,2025-04-19,P012,Snack Box,Food and Beverage,2,21.63,43.26,S002,C0003,UPI
T010838,2024-01-29,P008,Webcam,Electronics,2,58.24,116.48,S004,C0085,Card
T010839,2025-10-28,P006,USB-C Hub,Electronics,1,35.52,35.52,S003,C0199,Card
T010840,2024-01-12,P011,Reusable Water Bottle,Food and Beverage,1,18.51,18.51,S004,C0179,Card
T010841,2023-07-23,P014,Cleaning Spray,Household,1,7.47,7.47,S004,C0103,Card
T010842,2023-09-27,P019,Baseball Cap,Apparel,3,15.9,47.7,S003,C0130,UPI
T010843,2024-04-23,P018,Canvas Tote Bag,Apparel,1,13.6,13.6,S003,C0276,Card
T010844,2023-02-20,P002,Ballpoint Pen Pack,Stationery,2,5.47,10.94,S003,C0092,UPI
T010845,2025-02-09,P018,Canvas Tote Bag,Apparel,3,14.06,42.18,S004,C0124,Cash
T010846,2024-02-06,P005,Wireless Mouse,Electronics,2,26.21,52.42,S004,C0197,Cash
T010847,2023-04-12,P020,Running Socks,Apparel,3,10.15,30.45,S001,C0271,Card
T010848,2024-06-01,P007,Bluetooth Speaker,Electronics,1,48.62,48.62,S003,C0227,Card
T010849,2024-10-08,P017,Cotton T-Shirt,Apparel,1,21.13,21.13,S002,C0174,UPI
T010850,2024-08-26,P010,Tea Assortment,Food and Beverage,2,13.24,26.48,S004,C0127,Cash
T010851,2025-10-13,P005,Wireless Mouse,Electronics,4,24.29,97.16,S001,C0284,Bank Transfer
T010852,2023-06-20,P014,Cleaning Spray,Household,1,6.96,6.96,S002,C0285,Bank Transfer
T010853,2023-12-28,P016,LED Bulb Pack,Household,3,11.43,34.29,S003,C0277,Bank Transfer
T010854,2023-11-27,P017,Cotton T-Shirt,Apparel,2,19.21,38.42,S002,C0118,UPI
T010855,2024-07-03,P001,Notebook,Stationery,1,8.52,8.52,S003,C0268,Cash
T010856,2024-10-25,P015,Storage Basket,Household,1,15.6,15.6,S002,C0290,Cash
T010857,2025-08-30,P010,Tea Assortment,Food and Beverage,1,12.88,12.88,S004,C0219,UPI
T010858,2023-05-07,P012,Snack Box,Food and Beverage,3,23.48,70.44,S004,C0096,Card
T010859,2024-06-29,P002,Ballpoint Pen Pack,Stationery,1,5.11,5.11,S001,C0215,Bank Transfer
T010860,2024-07-12,P005,Wireless Mouse,Electronics,2,24.59,49.18,S004,C0292,UPI
T010861,2023-12-06,P006,USB-C Hub,Electronics,1,33.48,33.48,S001,C0051,Bank Transfer
T010862,2025-06-20,P016,LED Bulb Pack,Household,5,12.57,62.85,S002,C0276,Card
T010863,2024-05-28,P011,Reusable Water Bottle,Food and Beverage,4,18.51,74.04,S004,C0144,Card
T010864,2023-04-30,P015,Storage Basket,Household,2,16.03,32.06,S001,C0182,Card
T010865,2025-07-07,P024,Watering Can,Outdoor,5,20.2,101.0,S001,C0200,Card
T010866,2024-05-24,P003,Desk Organizer,Stationery,4,13.76,55.04,S004,C0237,UPI
T010867,2023-11-09,P007,Bluetooth Speaker,Electronics,3,47.44,142.32,S001,C0208,Card
T010868,2024-07-31,P011,Reusable Water Bottle,Food and Beverage,5,16.99,84.95,S002,C0006,UPI
T010869,2023-08-02,P022,Plant Pot,Outdoor,2,11.74,23.48,S004,C0133,Cash
T010870,2023-05-17,P005,Wireless Mouse,Electronics,1,24.25,24.25,S003,C0135,UPI
T010871,2025-03-11,P010,Tea Assortment,Food and Beverage,1,13.37,13.37,S004,C0249,Card
T010872,2023-12-13,P005,Wireless Mouse,Electronics,2,24.76,49.52,S004,C0246,Card
T010873,2023-02-13,P014,Cleaning Spray,Household,2,6.83,13.66,S003,C0105,Cash
T010874,2024-07-13,P009,Coffee Beans,Food and Beverage,2,15.03,30.06,S003,C0208,Card
T010875,2024-10-12,P009,Coffee Beans,Food and Beverage,3,15.84,47.52,S001,C0082,Cash
T010876,2024-01-14,P006,USB-C Hub,Electronics,1,34.82,34.82,S001,C0097,Card
T010877,2023-03-05,P024,Watering Can,Outdoor,1,20.57,20.57,S004,C0099,Card
T010878,2025-04-27,P019,Baseball Cap,Apparel,2,16.28,32.56,S003,C0122,Card
T010879,2024-02-24,P010,Tea Assortment,Food and Beverage,5,12.68,63.4,S002,C0137,Cash
T010880,2023-08-21,P009,Coffee Beans,Food and Beverage,2,16.29,32.58,S001,C0137,Cash
T010881,2024-01-20,P019,Baseball Cap,Apparel,1,16.01,16.01,S001,C0260,UPI
T010882,2023-01-28,P004,Printer Paper,Stationery,1,6.97,6.97,S001,C0257,Cash
T010883,2023-03-24,P001,Notebook,Stationery,3,8.15,24.45,S002,C0209,Bank Transfer
T010884,2025-06-19,P005,Wireless Mouse,Electronics,3,24.97,74.91,S003,C0048,Card
T010885,2025-04-28,P020,Running Socks,Apparel,6,9.99,59.94,S003,C0005,Cash
T010886,2025-05-16,P005,Wireless Mouse,Electronics,2,23.94,47.88,S001,C0282,Card
T010887,2025-01-11,P002,Ballpoint Pen Pack,Stationery,5,5.39,26.95,S003,C0152,Card
T010888,2024-10-31,P003,Desk Organizer,Stationery,6,14.67,88.02,S002,C0147,Cash
T010889,2024-09-24,P008,Webcam,Electronics,6,58.6,351.6,S001,C0104,UPI
T010890,2024-03-20,P022,Plant Pot,Outdoor,3,11.43,34.29,S001,C0064,UPI
T010891,2023-06-15,P015,Storage Basket,Household,1,17.34,17.34,S004,C0175,Cash
T010892,2023-02-22,P021,Garden Gloves,Outdoor,3,8.45,25.35,S003,C0038,UPI
T010893,2024-12-17,P004,Printer Paper,Stationery,5,6.46,32.3,S002,C0284,Cash
T010894,2024-01-20,P019,Baseball Cap,Apparel,1,15.72,15.72,S001,C0275,UPI
T010895,2024-04-21,P009,Coffee Beans,Food and Beverage,5,15.1,75.5,S001,C0215,Card
T010896,2025-04-20,P023,Hand Trowel,Outdoor,4,10.55,42.2,S002,C0155,UPI
T010897,2023-11-26,P014,Cleaning Spray,Household,1,6.84,6.84,S002,C0078,Cash
T010898,2025-06-18,P011,Reusable Water Bottle,Food and Beverage,2,18.9,37.8,S003,C0098,Card
T010899,2024-05-07,P006,USB-C Hub,Electronics,1,36.44,36.44,S001,C0288,UPI
T010900,2023-09-15,P017,Cotton T-Shirt,Apparel,1,19.72,19.72,S001,C0141,Card
T010901,2024-10-15,P013,Hand Soap,Household,1,4.92,4.92,S004,C0179,UPI
T010902,2023-02-07,P017,Cotton T-Shirt,Apparel,1,19.97,19.97,S003,C0198,Card
T010903,2024-06-26,P006,USB-C Hub,Electronics,3,32.84,98.52,S004,C0015,Card
T010904,2025-08-14,P016,LED Bulb Pack,Household,3,12.09,36.27,S003,C0284,Card
T010905,2023-08-30,P002,Ballpoint Pen Pack,Stationery,3,5.17,15.51,S003,C0166,Card
T010906,2024-09-03,P007,Bluetooth Speaker,Electronics,2,49.07,98.14,S004,C0077,Cash
T010907,2024-12-30,P003,Desk Organizer,Stationery,1,14.32,14.32,S004,C0156,Cash
T010908,2023-11-15,P009,Coffee Beans,Food and Beverage,1,16.2,16.2,S001,C0067,UPI
T010909,2024-07-22,P008,Webcam,Electronics,5,57.0,285.0,S004,C0275,Card
T010910,2023-07-23,P002,Ballpoint Pen Pack,Stationery,1,5.36,5.36,S004,C0038,UPI
T010911,2024-12-21,P018,Canvas Tote Bag,Apparel,1,13.93,13.93,S003,C0172,Card
T010912,2024-07-26,P020,Running Socks,Apparel,1,9.98,9.98,S004,C0217,Card
T010913,2024-07-07,P004,Printer Paper,Stationery,2,7.08,14.16,S003,C0300,Card
T010914,2024-05-30,P014,Cleaning Spray,Household,1,7.53,7.53,S003,C0247,Card
T010915,2024-05-20,P021,Garden Gloves,Outdoor,1,9.09,9.09,S003,C0290,UPI
T010916,2024-01-13,P005,Wireless Mouse,Electronics,1,23.5,23.5,S001,C0224,Card
T010917,2024-01-05,P003,Desk Organizer,Stationery,3,14.65,43.95,S001,C0177,UPI
T010918,2025-07-05,P015,Storage Basket,Household,3,16.88,50.64,S004,C0091,Card
T010919,2025-08-17,P002,Ballpoint Pen Pack,Stationery,1,5.12,5.12,S004,C0052,Card
T010920,2024-11-18,P007,Bluetooth Speaker,Electronics,2,49.07,98.14,S004,C0213,UPI
T010921,2024-07-21,P011,Reusable Water Bottle,Food and Beverage,2,16.93,33.86,S002,C0210,UPI
T010922,2024-11-11,P012,Snack Box,Food and Beverage,6,21.35,128.1,S003,C0009,Card
T010923,2024-01-05,P006,USB-C Hub,Electronics,1,35.1,35.1,S002,C0052,Cash
T010924,2024-07-24,P002,Ballpoint Pen Pack,Stationery,3,5.43,16.29,S004,C0297,UPI
T010925,2025-12-21,P005,Wireless Mouse,Electronics,2,23.86,47.72,S001,C0172,Card
T010926,2024-08-06,P010,Tea Assortment,Food and Beverage,3,12.26,36.78,S003,C0076,Card
T010927,2024-01-11,P013,Hand Soap,Household,4,5.01,20.04,S001,C0187,Cash
T010928,2025-06-18,P011,Reusable Water Bottle,Food and Beverage,3,17.22,51.66,S002,C0254,Card
T010929,2025-08-31,P022,Plant Pot,Outdoor,5,12.26,61.3,S001,C0098,Cash
T010930,2025-07-20,P014,Cleaning Spray,Household,3,7.41,22.23,S001,C0116,Card
T010931,2023-10-25,P003,Desk Organizer,Stationery,3,14.39,43.17,S001,C0022,Bank Transfer
T010932,2023-08-23,P002,Ballpoint Pen Pack,Stationery,1,5.53,5.53,S001,C0218,Card
T010933,2024-07-17,P013,Hand Soap,Household,1,5.02,5.02,S003,C0056,UPI
T010934,2025-08-30,P017,Cotton T-Shirt,Apparel,2,19.65,39.3,S002,C0088,UPI
T010935,2025-03-24,P001,Notebook,Stationery,1,8.79,8.79,S002,C0176,Bank Transfer
T010936,2024-11-11,P007,Bluetooth Speaker,Electronics,3,48.86,146.58,S001,C0183,Cash
T010937,2024-05-25,P009,Coffee Beans,Food and Beverage,5,16.23,81.15,S001,C0155,Card
T010938,2024-10-17,P005,Wireless Mouse,Electronics,4,24.95,99.8,S001,C0271,Card
T010939,2025-12-12,P024,Watering Can,Outdoor,3,20.01,60.03,S001,C0266,UPI
T010940,2023-04-21,P001,Notebook,Stationery,2,8.81,17.62,S004,C0062,Card
T010941,2025-01-12,P010,Tea Assortment,Food and Beverage,5,13.21,66.05,S003,C0095,Card
T010942,2025-05-29,P018,Canvas Tote Bag,Apparel,1,13.94,13.94,S003,C0243,UPI
T010943,2024-07-07,P004,Printer Paper,Stationery,1,6.58,6.58,S002,C0145,UPI
T010944,2023-02-11,P010,Tea Assortment,Food and Beverage,3,12.87,38.61,S001,C0254,Cash
T010945,2024-04-09,P013,Hand Soap,Household,5,4.95,24.75,S004,C0129,Cash
T010946,2023-11-10,P005,Wireless Mouse,Electronics,1,26.15,26.15,S004,C0211,Card
T010947,2025-04-29,P002,Ballpoint Pen Pack,Stationery,4,5.28,21.12,S001,C0260,Card
T010948,2024-05-26,P007,Bluetooth Speaker,Electronics,3,49.65,148.95,S002,C0011,UPI
T010949,2025-04-17,P016,LED Bulb Pack,Household,3,11.79,35.37,S003,C0007,UPI
T010950,2024-04-29,P010,Tea Assortment,Food and Beverage,1,12.33,12.33,S001,C0275,Card
T010951,2025-09-17,P008,Webcam,Electronics,1,59.72,59.72,S004,C0195,UPI
T010952,2024-09-03,P020,Running Socks,Apparel,3,10.51,31.53,S001,C0002,UPI
T010953,2025-05-12,P014,Cleaning Spray,Household,2,6.96,13.92,S004,C0056,Cash
T010954,2024-12-22,P007,Bluetooth Speaker,Electronics,3,49.68,149.04,S003,C0265,Card
T010955,2023-06-24,P014,Cleaning Spray,Household,4,7.02,28.08,S001,C0094,Bank Transfer
T010956,2024-05-18,P012,Snack Box,Food and Beverage,2,23.57,47.14,S003,C0093,Bank Transfer
T010957,2024-09-21,P011,Reusable Water Bottle,Food and Beverage,1,18.9,18.9,S003,C0037,UPI
T010958,2023-03-19,P023,Hand Trowel,Outdoor,2,10.18,20.36,S003,C0232,UPI
T010959,2025-03-21,P014,Cleaning Spray,Household,6,6.94,41.64,S002,C0104,Card
T010960,2023-03-28,P017,Cotton T-Shirt,Apparel,4,20.65,82.6,S004,C0008,Card
T010961,2024-01-23,P001,Notebook,Stationery,2,8.6,17.2,S001,C0218,UPI
T010962,2023-01-25,P014,Cleaning Spray,Household,1,7.47,7.47,S002,C0225,Cash
T010963,2024-06-25,P014,Cleaning Spray,Household,2,7.61,15.22,S001,C0193,UPI
T010964,2025-10-09,P008,Webcam,Electronics,2,56.12,112.24,S004,C0237,UPI
T010965,2025-06-15,P013,Hand Soap,Household,1,4.98,4.98,S002,C0234,UPI
T010966,2024-04-30,P020,Running Socks,Apparel,2,10.44,20.88,S004,C0027,Card
T010967,2025-08-11,P017,Cotton T-Shirt,Apparel,1,19.57,19.57,S004,C0074,Cash
T010968,2023-06-08,P003,Desk Organizer,Stationery,5,13.52,67.6,S003,C0071,Cash
T010969,2025-09-22,P001,Notebook,Stationery,1,8.68,8.68,S003,C0111,Card
T010970,2025-12-25,P020,Running Socks,Apparel,3,10.06,30.18,S003,C0127,Bank Transfer
T010971,2023-09-06,P012,Snack Box,Food and Beverage,1,23.23,23.23,S001,C0153,Cash
T010972,2023-09-06,P012,Snack Box,Food and Beverage,2,22.75,45.5,S002,C0104,Card
T010973,2023-10-02,P004,Printer Paper,Stationery,1,7.12,7.12,S004,C0171,UPI
T010974,2024-02-25,P008,Webcam,Electronics,3,60.99,182.97,S002,C0171,UPI
T010975,2025-01-25,P001,Notebook,Stationery,6,8.26,49.56,S002,C0183,Card
T010976,2023-05-30,P007,Bluetooth Speaker,Electronics,1,48.76,48.76,S003,C0271,Bank Transfer
T010977,2023-11-04,P001,Notebook,Stationery,3,8.24,24.72,S003,C0151,Cash
T010978,2025-08-23,P024,Watering Can,Outdoor,6,21.47,128.82,S001,C0022,Card
T010979,2025-05-18,P014,Cleaning Spray,Household,4,7.22,28.88,S004,C0276,Cash
T010980,2023-04-21,P020,Running Socks,Apparel,1,9.72,9.72,S003,C0069,Card
T010981,2025-09-04,P001,Notebook,Stationery,5,8.2,41.0,S003,C0277,Card
T010982,2024-06-29,P002,Ballpoint Pen Pack,Stationery,2,5.03,10.06,S002,C0221,UPI
T010983,2025-09-29,P023,Hand Trowel,Outdoor,1,10.37,10.37,S004,C0120,Cash
T010984,2023-01-30,P001,Notebook,Stationery,3,8.07,24.21,S001,C0118,Card
T010985,2023-08-18,P012,Snack Box,Food and Beverage,1,23.46,23.46,S003,C0045,Card
T010986,2025-07-19,P020,Running Socks,Apparel,2,9.53,19.06,S002,C0217,UPI
T010987,2025-08-07,P021,Garden Gloves,Outdoor,2,8.57,17.14,S002,C0047,UPI
T010988,2023-02-03,P015,Storage Basket,Household,3,16.75,50.25,S003,C0201,Card
T010989,2023-09-01,P002,Ballpoint Pen Pack,Stationery,2,5.32,10.64,S004,C0120,UPI
T010990,2024-08-25,P001,Notebook,Stationery,4,8.86,35.44,S001,C0296,Bank Transfer
T010991,2025-10-21,P023,Hand Trowel,Outdoor,1,10.52,10.52,S003,C0160,Card
T010992,2023-04-02,P006,USB-C Hub,Electronics,2,33.4,66.8,S003,C0279,UPI
T010993,2025-04-10,P017,Cotton T-Shirt,Apparel,1,21.06,21.06,S003,C0016,Bank Transfer
T010994,2024-09-12,P005,Wireless Mouse,Electronics,2,25.06,50.12,S002,C0255,Card
T010995,2025-03-14,P011,Reusable Water Bottle,Food and Beverage,4,17.01,68.04,S001,C0155,Bank Transfer
T010996,2024-05-07,P022,Plant Pot,Outdoor,1,11.68,11.68,S004,C0097,UPI
T010997,2023-03-16,P005,Wireless Mouse,Electronics,1,25.3,25.3,S002,C0262,Cash
T010998,2023-10-15,P013,Hand Soap,Household,2,4.73,9.46,S004,C0064,UPI
T010999,2025-08-15,P003,Desk Organizer,Stationery,1,14.23,14.23,S003,C0159,UPI
T011000,2025-10-25,P005,Wireless Mouse,Electronics,3,25.83,77.49,S001,C0133,Cash
T011001,2025-05-10,P005,Wireless Mouse,Electronics,1,26.08,26.08,S003,C0040,Cash
T011002,2024-09-01,P007,Bluetooth Speaker,Electronics,2,52.86,105.72,S001,C0053,UPI
T011003,2025-03-04,P002,Ballpoint Pen Pack,Stationery,1,5.07,5.07,S003,C0166,Card
T011004,2024-01-13,P007,Bluetooth Speaker,Electronics,1,49.63,49.63,S001,C0240,UPI
T011005,2025-12-15,P012,Snack Box,Food and Beverage,2,23.03,46.06,S002,C0217,UPI
T011006,2023-09-11,P019,Baseball Cap,Apparel,1,15.95,15.95,S002,C0084,Card
T011007,2023-08-28,P007,Bluetooth Speaker,Electronics,1,48.57,48.57,S003,C0142,Cash
T011008,2023-07-30,P021,Garden Gloves,Outdoor,3,9.06,27.18,S002,C0242,Bank Transfer
T011009,2023-05-08,P015,Storage Basket,Household,3,16.55,49.65,S003,C0297,Bank Transfer
T011010,2024-08-10,P020,Running Socks,Apparel,2,10.24,20.48,S001,C0218,Cash
T011011,2025-02-08,P001,Notebook,Stationery,1,8.75,8.75,S002,C0222,UPI
T011012,2023-06-04,P001,Notebook,Stationery,3,8.75,26.25,S002,C0124,Card
T011013,2025-10-28,P021,Garden Gloves,Outdoor,1,9.07,9.07,S002,C0083,UPI
T011014,2025-01-05,P009,Coffee Beans,Food and Beverage,1,15.38,15.38,S002,C0073,Cash
T011015,2024-05-07,P018,Canvas Tote Bag,Apparel,2,13.46,26.92,S002,C0226,Card
T011016,2025-05-23,P021,Garden Gloves,Outdoor,1,8.89,8.89,S004,C0122,Cash
T011017,2023-09-17,P008,Webcam,Electronics,3,56.13,168.39,S003,C0222,Cash
T011018,2023-10-09,P011,Reusable Water Bottle,Food and Beverage,1,18.2,18.2,S002,C0277,Card
T011019,2025-01-01,P016,LED Bulb Pack,Household,1,11.83,11.83,S004,C0016,Card
T011020,2025-04-06,P007,Bluetooth Speaker,Electronics,4,48.04,192.16,S001,C0030,Card
T011021,2023-01-13,P007,Bluetooth Speaker,Electronics,1,52.14,52.14,S001,C0027,Bank Transfer
T011022,2023-07-09,P001,Notebook,Stationery,3,8.27,24.81,S003,C0204,Cash
T011023,2023-08-08,P006,USB-C Hub,Electronics,3,35.28,105.84,S001,C0137,UPI
T011024,2024-05-23,P020,Running Socks,Apparel,3,10.24,30.72,S003,C0135,Cash
T011025,2024-04-07,P003,Desk Organizer,Stationery,4,13.72,54.88,S004,C0134,Card
T011026,2023-01-08,P013,Hand Soap,Household,1,5.0,5.0,S002,C0009,Card
T011027,2025-11-03,P007,Bluetooth Speaker,Electronics,5,52.46,262.3,S003,C0200,Card
T011028,2023-04-26,P016,LED Bulb Pack,Household,2,11.97,23.94,S001,C0115,UPI
T011029,2025-01-16,P008,Webcam,Electronics,2,59.4,118.8,S002,C0082,Card
T011030,2025-10-10,P010,Tea Assortment,Food and Beverage,2,12.07,24.14,S001,C0152,Bank Transfer
T011031,2025-09-25,P005,Wireless Mouse,Electronics,1,24.58,24.58,S001,C0204,Cash
T011032,2023-07-24,P006,USB-C Hub,Electronics,2,35.8,71.6,S004,C0263,UPI
T011033,2023-12-30,P006,USB-C Hub,Electronics,2,36.33,72.66,S001,C0018,Cash
T011034,2024-12-26,P018,Canvas Tote Bag,Apparel,1,13.17,13.17,S001,C0208,Cash
T011035,2023-11-03,P024,Watering Can,Outdoor,4,21.68,86.72,S002,C0047,Card
T011036,2024-03-06,P008,Webcam,Electronics,3,56.29,168.87,S002,C0195,UPI
T011037,2024-05-28,P015,Storage Basket,Household,1,16.2,16.2,S004,C0027,UPI
T011038,2024-12-05,P021,Garden Gloves,Outdoor,2,8.57,17.14,S002,C0067,UPI
T011039,2024-06-30,P016,LED Bulb Pack,Household,2,11.42,22.84,S002,C0114,Card
T011040,2024-07-03,P002,Ballpoint Pen Pack,Stationery,4,5.23,20.92,S001,C0008,Card
T011041,2025-06-23,P007,Bluetooth Speaker,Electronics,1,52.04,52.04,S001,C0136,UPI
T011042,2023-11-15,P006,USB-C Hub,Electronics,2,34.78,69.56,S001,C0106,UPI
T011043,2024-01-11,P017,Cotton T-Shirt,Apparel,3,19.36,58.08,S004,C0051,Card
T011044,2024-07-05,P020,Running Socks,Apparel,3,10.1,30.3,S004,C0103,Card
T011045,2024-07-19,P020,Running Socks,Apparel,3,10.49,31.47,S004,C0121,UPI
T011046,2023-10-02,P007,Bluetooth Speaker,Electronics,5,47.24,236.2,S001,C0297,UPI
T011047,2023-01-15,P017,Cotton T-Shirt,Apparel,2,20.43,40.86,S001,C0286,UPI
T011048,2023-04-23,P001,Notebook,Stationery,5,8.71,43.55,S001,C0237,UPI
T011049,2025-03-27,P005,Wireless Mouse,Electronics,1,23.5,23.5,S004,C0197,UPI
T011050,2024-03-23,P001,Notebook,Stationery,1,8.87,8.87,S002,C0028,UPI
T011051,2025-08-30,P007,Bluetooth Speaker,Electronics,3,50.06,150.18,S001,C0127,UPI
T011052,2023-09-10,P022,Plant Pot,Outdoor,1,12.26,12.26,S002,C0124,Card
T011053,2024-06-22,P004,Printer Paper,Stationery,3,6.44,19.32,S004,C0223,Bank Transfer
T011054,2025-08-17,P008,Webcam,Electronics,1,57.59,57.59,S004,C0240,UPI
T011055,2024-10-15,P013,Hand Soap,Household,2,4.98,9.96,S001,C0188,Cash
T011056,2025-10-18,P022,Plant Pot,Outdoor,1,12.29,12.29,S001,C0005,Card
T011057,2025-10-12,P018,Canvas Tote Bag,Apparel,4,13.73,54.92,S001,C0049,Card
T011058,2024-01-24,P011,Reusable Water Bottle,Food and Beverage,3,17.38,52.14,S002,C0149,Card
T011059,2023-11-01,P016,LED Bulb Pack,Household,3,11.42,34.26,S003,C0264,UPI
T011060,2023-08-17,P008,Webcam,Electronics,2,60.18,120.36,S002,C0158,Cash
T011061,2023-07-23,P005,Wireless Mouse,Electronics,5,23.58,117.9,S001,C0030,UPI
T011062,2025-07-04,P007,Bluetooth Speaker,Electronics,1,47.39,47.39,S001,C0086,Cash
T011063,2025-10-12,P024,Watering Can,Outdoor,2,21.91,43.82,S003,C0243,Card
T011064,2025-05-08,P024,Watering Can,Outdoor,2,22.09,44.18,S001,C0135,Cash
T011065,2023-04-22,P003,Desk Organizer,Stationery,6,13.2,79.2,S002,C0230,UPI
T011066,2023-11-17,P003,Desk Organizer,Stationery,1,14.36,14.36,S001,C0158,Card
T011067,2025-06-03,P015,Storage Basket,Household,5,15.55,77.75,S002,C0286,Cash
T011068,2024-09-22,P023,Hand Trowel,Outdoor,2,10.45,20.9,S001,C0142,Card
T011069,2024-09-22,P018,Canvas Tote Bag,Apparel,2,12.86,25.72,S001,C0250,Card
T011070,2023-05-01,P004,Printer Paper,Stationery,4,6.59,26.36,S002,C0217,Card
T011071,2025-06-14,P006,USB-C Hub,Electronics,3,32.45,97.35,S001,C0074,Card
T011072,2024-11-07,P021,Garden Gloves,Outdoor,1,9.49,9.49,S001,C0031,UPI
T011073,2023-05-31,P001,Notebook,Stationery,1,8.6,8.6,S001,C0047,UPI
T011074,2025-12-08,P023,Hand Trowel,Outdoor,3,11.09,33.27,S001,C0174,Card
T011075,2025-11-16,P016,LED Bulb Pack,Household,4,12.54,50.16,S001,C0233,UPI
T011076,2025-08-24,P002,Ballpoint Pen Pack,Stationery,1,5.12,5.12,S001,C0290,UPI
T011077,2025-01-05,P018,Canvas Tote Bag,Apparel,1,12.72,12.72,S002,C0274,Card
T011078,2025-06-24,P009,Coffee Beans,Food and Beverage,1,16.25,16.25,S001,C0258,Card
T011079,2024-11-01,P001,Notebook,Stationery,2,8.31,16.62,S003,C0250,Card
T011080,2024-06-29,P010,Tea Assortment,Food and Beverage,3,13.1,39.3,S001,C0181,Bank Transfer
T011081,2025-04-12,P010,Tea Assortment,Food and Beverage,3,12.06,36.18,S002,C0202,UPI
T011082,2025-01-15,P021,Garden Gloves,Outdoor,2,8.97,17.94,S001,C0248,Card
T011083,2023-11-22,P009,Coffee Beans,Food and Beverage,2,16.2,32.4,S003,C0050,UPI
T011084,2025-11-18,P019,Baseball Cap,Apparel,1,15.06,15.06,S001,C0267,Card
T011085,2023-11-14,P018,Canvas Tote Bag,Apparel,2,14.24,28.48,S001,C0130,Card
T011086,2024-06-06,P016,LED Bulb Pack,Household,2,12.4,24.8,S003,C0044,Cash
T011087,2023-12-09,P002,Ballpoint Pen Pack,Stationery,2,5.47,10.94,S002,C0107,Card
T011088,2024-05-24,P009,Coffee Beans,Food and Beverage,1,15.59,15.59,S003,C0258,Card
T011089,2023-06-24,P014,Cleaning Spray,Household,1,7.52,7.52,S004,C0057,Cash
T011090,2023-07-19,P002,Ballpoint Pen Pack,Stationery,2,5.4,10.8,S003,C0037,Card
T011091,2024-10-30,P021,Garden Gloves,Outdoor,1,9.03,9.03,S002,C0135,UPI
T011092,2025-10-19,P008,Webcam,Electronics,2,59.66,119.32,S004,C0038,Card
T011093,2025-11-10,P003,Desk Organizer,Stationery,4,13.63,54.52,S004,C0193,Card
T011094,2024-05-31,P017,Cotton T-Shirt,Apparel,1,20.67,20.67,S001,C0146,UPI
T011095,2025-11-22,P016,LED Bulb Pack,Household,2,12.06,24.12,S003,C0084,UPI
T011096,2024-11-21,P024,Watering Can,Outdoor,2,19.75,39.5,S004,C0066,UPI
T011097,2025-10-16,P022,Plant Pot,Outdoor,3,12.71,38.13,S002,C0285,UPI
T011098,2024-07-12,P016,LED Bulb Pack,Household,2,12.34,24.68,S004,C0240,UPI
T011099,2023-06-14,P021,Garden Gloves,Outdoor,3,8.57,25.71,S001,C0036,Cash
T011100,2024-02-05,P023,Hand Trowel,Outdoor,4,10.15,40.6,S001,C0066,Card
T011101,2025-02-04,P022,Plant Pot,Outdoor,3,11.52,34.56,S003,C0062,Card
T011102,2023-11-03,P006,USB-C Hub,Electronics,1,36.55,36.55,S004,C0042,Card
T011103,2023-10-31,P023,Hand Trowel,Outdoor,4,10.44,41.76,S002,C0053,Card
T011104,2023-03-31,P024,Watering Can,Outdoor,1,20.35,20.35,S003,C0236,UPI
T011105,2024-10-29,P016,LED Bulb Pack,Household,2,11.62,23.24,S002,C0149,Bank Transfer
T011106,2023-05-12,P019,Baseball Cap,Apparel,4,16.08,64.32,S001,C0118,Bank Transfer
T011107,2023-06-26,P019,Baseball Cap,Apparel,1,15.05,15.05,S002,C0270,Cash
T011108,2025-01-27,P001,Notebook,Stationery,3,8.6,25.8,S001,C0232,Card
T011109,2024-01-15,P007,Bluetooth Speaker,Electronics,3,51.68,155.04,S001,C0062,Card
T011110,2023-08-07,P005,Wireless Mouse,Electronics,2,24.35,48.7,S004,C0098,Cash
T011111,2024-12-03,P007,Bluetooth Speaker,Electronics,1,48.89,48.89,S004,C0124,Card
T011112,2024-09-14,P009,Coffee Beans,Food and Beverage,5,15.9,79.5,S001,C0242,UPI
T011113,2024-05-22,P021,Garden Gloves,Outdoor,2,9.45,18.9,S002,C0246,Card
T011114,2024-11-18,P007,Bluetooth Speaker,Electronics,2,49.22,98.44,S001,C0233,Card
T011115,2024-04-05,P019,Baseball Cap,Apparel,2,15.28,30.56,S002,C0057,UPI
T011116,2023-08-10,P013,Hand Soap,Household,2,4.6,9.2,S001,C0189,Card
T011117,2024-06-28,P014,Cleaning Spray,Household,4,7.65,30.6,S002,C0074,Cash
T011118,2025-12-23,P023,Hand Trowel,Outdoor,4,10.64,42.56,S002,C0254,UPI
T011119,2024-12-18,P006,USB-C Hub,Electronics,1,33.48,33.48,S001,C0298,Bank Transfer
T011120,2023-12-17,P010,Tea Assortment,Food and Beverage,5,12.51,62.55,S004,C0258,Cash
T011121,2023-06-07,P019,Baseball Cap,Apparel,3,16.82,50.46,S002,C0113,UPI
T011122,2024-05-21,P013,Hand Soap,Household,4,4.75,19.0,S001,C0187,UPI
T011123,2025-05-14,P008,Webcam,Electronics,2,58.72,117.44,S002,C0227,Cash
T011124,2023-08-10,P006,USB-C Hub,Electronics,2,36.23,72.46,S002,C0021,Card
T011125,2025-05-11,P018,Canvas Tote Bag,Apparel,3,12.69,38.07,S001,C0141,Card
T011126,2025-10-24,P014,Cleaning Spray,Household,3,6.83,20.49,S002,C0093,UPI
T011127,2023-11-20,P009,Coffee Beans,Food and Beverage,1,15.19,15.19,S004,C0013,Card
T011128,2024-12-25,P011,Reusable Water Bottle,Food and Beverage,1,18.26,18.26,S003,C0223,Card
T011129,2023-04-15,P018,Canvas Tote Bag,Apparel,2,13.09,26.18,S003,C0254,UPI
T011130,2023-01-11,P013,Hand Soap,Household,2,4.68,9.36,S002,C0168,UPI
T011131,2024-07-13,P001,Notebook,Stationery,2,8.04,16.08,S001,C0135,UPI
T011132,2024-06-07,P001,Notebook,Stationery,1,8.0,8.0,S002,C0159,Card
T011133,2025-11-01,P017,Cotton T-Shirt,Apparel,1,20.22,20.22,S004,C0155,Card
T011134,2023-02-07,P007,Bluetooth Speaker,Electronics,1,47.29,47.29,S001,C0154,Cash
T011135,2025-11-13,P018,Canvas Tote Bag,Apparel,2,13.05,26.1,S001,C0228,Card
T011136,2025-09-13,P001,Notebook,Stationery,6,8.98,53.88,S002,C0120,UPI
T011137,2023-07-01,P009,Coffee Beans,Food and Beverage,2,15.88,31.76,S001,C0246,UPI
T011138,2023-12-12,P007,Bluetooth Speaker,Electronics,1,47.79,47.79,S002,C0184,Card
T011139,2024-08-31,P020,Running Socks,Apparel,1,9.94,9.94,S001,C0165,Card
T011140,2023-03-24,P001,Notebook,Stationery,1,8.66,8.66,S002,C0104,Bank Transfer
T011141,2024-08-30,P012,Snack Box,Food and Beverage,5,23.11,115.55,S001,C0241,Card
T011142,2025-08-13,P013,Hand Soap,Household,1,4.78,4.78,S003,C0075,Card
T011143,2024-11-13,P013,Hand Soap,Household,1,4.54,4.54,S002,C0214,Card
T011144,2025-05-16,P005,Wireless Mouse,Electronics,1,25.38,25.38,S002,C0123,UPI
T011145,2025-06-15,P003,Desk Organizer,Stationery,6,13.91,83.46,S004,C0294,Cash
T011146,2024-05-24,P013,Hand Soap,Household,1,4.49,4.49,S004,C0264,UPI
T011147,2025-06-14,P010,Tea Assortment,Food and Beverage,2,13.12,26.24,S002,C0092,Card
T011148,2023-08-28,P003,Desk Organizer,Stationery,2,14.84,29.68,S002,C0084,UPI
T011149,2024-08-02,P010,Tea Assortment,Food and Beverage,1,11.99,11.99,S004,C0274,Card
T011150,2023-09-08,P012,Snack Box,Food and Beverage,1,23.07,23.07,S004,C0227,UPI
T011151,2023-10-02,P002,Ballpoint Pen Pack,Stationery,1,5.44,5.44,S002,C0138,UPI
T011152,2023-09-14,P002,Ballpoint Pen Pack,Stationery,2,5.55,11.1,S004,C0273,Card
T011153,2023-01-05,P020,Running Socks,Apparel,4,9.82,39.28,S001,C0101,Card
T011154,2023-05-15,P003,Desk Organizer,Stationery,3,13.18,39.54,S004,C0028,Cash
T011155,2024-02-18,P017,Cotton T-Shirt,Apparel,2,18.91,37.82,S001,C0082,UPI
T011156,2024-10-28,P006,USB-C Hub,Electronics,2,33.86,67.72,S003,C0295,UPI
T011157,2024-12-04,P019,Baseball Cap,Apparel,2,16.44,32.88,S002,C0271,Card
T011158,2024-05-06,P001,Notebook,Stationery,2,8.75,17.5,S002,C0121,UPI
T011159,2024-05-21,P003,Desk Organizer,Stationery,1,13.43,13.43,S004,C0135,Card
T011160,2023-01-06,P007,Bluetooth Speaker,Electronics,5,51.1,255.5,S002,C0065,UPI
T011161,2023-07-07,P014,Cleaning Spray,Household,2,6.86,13.72,S002,C0132,UPI
T011162,2023-01-26,P011,Reusable Water Bottle,Food and Beverage,3,17.32,51.96,S003,C0065,UPI
T011163,2024-08-02,P013,Hand Soap,Household,1,4.48,4.48,S003,C0096,UPI
T011164,2025-10-11,P023,Hand Trowel,Outdoor,2,10.37,20.74,S002,C0030,Card
T011165,2023-09-09,P016,LED Bulb Pack,Household,1,11.35,11.35,S004,C0007,UPI
T011166,2024-10-25,P007,Bluetooth Speaker,Electronics,2,51.06,102.12,S001,C0178,Cash
T011167,2023-08-26,P014,Cleaning Spray,Household,2,7.61,15.22,S003,C0253,UPI
T011168,2023-12-24,P001,Notebook,Stationery,2,8.94,17.88,S004,C0160,UPI
T011169,2024-02-16,P024,Watering Can,Outdoor,1,21.27,21.27,S003,C0001,UPI
T011170,2023-03-17,P022,Plant Pot,Outdoor,1,11.66,11.66,S004,C0138,Cash
T011171,2024-11-13,P015,Storage Basket,Household,3,15.86,47.58,S004,C0291,Card
T011172,2025-10-04,P013,Hand Soap,Household,1,4.54,4.54,S002,C0008,Card
T011173,2023-10-16,P015,Storage Basket,Household,4,16.23,64.92,S004,C0180,Card
T011174,2023-01-09,P017,Cotton T-Shirt,Apparel,2,19.9,39.8,S001,C0277,UPI
T011175,2023-05-20,P002,Ballpoint Pen Pack,Stationery,4,5.31,21.24,S001,C0122,Card
T011176,2024-05-29,P012,Snack Box,Food and Beverage,2,23.48,46.96,S004,C0170,UPI
T011177,2023-07-15,P015,Storage Basket,Household,3,17.03,51.09,S002,C0028,UPI
T011178,2023-07-05,P001,Notebook,Stationery,1,8.67,8.67,S001,C0019,Card
T011179,2023-07-13,P010,Tea Assortment,Food and Beverage,3,13.45,40.35,S001,C0112,UPI
T011180,2025-01-03,P010,Tea Assortment,Food and Beverage,2,13.26,26.52,S002,C0014,Card
T011181,2025-04-27,P006,USB-C Hub,Electronics,3,33.99,101.97,S001,C0126,UPI
T011182,2024-01-24,P005,Wireless Mouse,Electronics,1,25.15,25.15,S002,C0063,UPI
T011183,2023-08-31,P013,Hand Soap,Household,1,4.71,4.71,S002,C0083,Cash
T011184,2024-11-03,P017,Cotton T-Shirt,Apparel,1,19.87,19.87,S001,C0188,UPI
T011185,2024-02-10,P001,Notebook,Stationery,1,8.83,8.83,S001,C0083,Cash
T011186,2023-05-25,P004,Printer Paper,Stationery,2,6.45,12.9,S001,C0185,Card
T011187,2023-08-26,P004,Printer Paper,Stationery,4,7.04,28.16,S004,C0070,Cash
T011188,2023-06-15,P019,Baseball Cap,Apparel,1,15.89,15.89,S004,C0069,Card
T011189,2023-01-25,P005,Wireless Mouse,Electronics,1,25.37,25.37,S003,C0182,Cash
T011190,2024-10-25,P019,Baseball Cap,Apparel,1,16.0,16.0,S001,C0057,UPI
T011191,2023-11-04,P002,Ballpoint Pen Pack,Stationery,1,5.22,5.22,S002,C0101,UPI
T011192,2023-03-19,P016,LED Bulb Pack,Household,3,11.32,33.96,S002,C0173,Card
T011193,2023-03-22,P013,Hand Soap,Household,1,4.77,4.77,S004,C0170,Bank Transfer
T011194,2023-01-29,P022,Plant Pot,Outdoor,3,11.9,35.7,S002,C0282,Cash
T011195,2024-07-02,P021,Garden Gloves,Outdoor,2,9.26,18.52,S001,C0203,Cash
T011196,2023-08-14,P009,Coffee Beans,Food and Beverage,3,16.0,48.0,S004,C0107,Cash
T011197,2024-09-09,P007,Bluetooth Speaker,Electronics,1,52.86,52.86,S003,C0278,Card
T011198,2024-05-17,P016,LED Bulb Pack,Household,2,11.85,23.7,S004,C0198,Card
T011199,2025-07-25,P011,Reusable Water Bottle,Food and Beverage,1,18.58,18.58,S002,C0127,UPI
T011200,2024-10-08,P005,Wireless Mouse,Electronics,1,24.75,24.75,S001,C0160,Card
T011201,2025-01-08,P018,Canvas Tote Bag,Apparel,1,13.35,13.35,S002,C0075,UPI
T011202,2024-02-17,P012,Snack Box,Food and Beverage,1,23.64,23.64,S003,C0260,Card
T011203,2023-07-30,P018,Canvas Tote Bag,Apparel,2,12.86,25.72,S003,C0243,Card
T011204,2023-07-15,P013,Hand Soap,Household,2,4.9,9.8,S001,C0293,UPI
T011205,2023-10-28,P004,Printer Paper,Stationery,1,6.58,6.58,S003,C0214,UPI
T011206,2025-06-03,P005,Wireless Mouse,Electronics,1,24.84,24.84,S001,C0171,Card
T011207,2024-07-10,P001,Notebook,Stationery,4,8.6,34.4,S002,C0298,Card
T011208,2025-06-12,P006,USB-C Hub,Electronics,1,35.79,35.79,S002,C0076,Bank Transfer
T011209,2025-12-14,P016,LED Bulb Pack,Household,2,12.32,24.64,S003,C0081,Cash
T011210,2025-03-04,P014,Cleaning Spray,Household,2,7.62,15.24,S002,C0046,UPI
T011211,2024-02-11,P009,Coffee Beans,Food and Beverage,2,16.23,32.46,S003,C0181,Card
T011212,2025-10-17,P019,Baseball Cap,Apparel,3,15.62,46.86,S003,C0166,Card
T011213,2023-04-06,P022,Plant Pot,Outdoor,4,11.4,45.6,S003,C0007,Card
T011214,2023-11-09,P021,Garden Gloves,Outdoor,1,8.95,8.95,S004,C0282,Cash
T011215,2025-07-18,P023,Hand Trowel,Outdoor,3,10.45,31.35,S002,C0187,Card
T011216,2025-01-06,P003,Desk Organizer,Stationery,1,13.22,13.22,S003,C0018,UPI
T011217,2023-05-06,P003,Desk Organizer,Stationery,1,13.91,13.91,S003,C0057,Card
T011218,2025-02-21,P009,Coffee Beans,Food and Beverage,1,16.32,16.32,S002,C0009,UPI
T011219,2025-03-14,P018,Canvas Tote Bag,Apparel,3,12.83,38.49,S004,C0133,UPI
T011220,2023-10-18,P014,Cleaning Spray,Household,3,7.3,21.9,S003,C0224,UPI
T011221,2024-01-26,P011,Reusable Water Bottle,Food and Beverage,2,18.38,36.76,S004,C0199,UPI
T011222,2025-07-23,P024,Watering Can,Outdoor,1,20.19,20.19,S001,C0290,Card
T011223,2023-03-08,P018,Canvas Tote Bag,Apparel,1,13.08,13.08,S003,C0246,UPI
T011224,2025-12-17,P007,Bluetooth Speaker,Electronics,3,49.37,148.11,S004,C0282,Bank Transfer
T011225,2024-09-03,P014,Cleaning Spray,Household,3,7.15,21.45,S002,C0087,Card
T011226,2024-10-15,P013,Hand Soap,Household,1,4.71,4.71,S004,C0062,Card
T011227,2025-01-09,P012,Snack Box,Food and Beverage,3,21.47,64.41,S001,C0135,Bank Transfer
T011228,2023-07-27,P012,Snack Box,Food and Beverage,2,22.29,44.58,S003,C0161,UPI
T011229,2024-10-25,P002,Ballpoint Pen Pack,Stationery,1,5.09,5.09,S004,C0284,Card
T011230,2025-08-07,P001,Notebook,Stationery,4,8.65,34.6,S002,C0257,UPI
T011231,2025-09-06,P020,Running Socks,Apparel,3,10.58,31.74,S003,C0045,Card
T011232,2024-12-06,P020,Running Socks,Apparel,1,10.13,10.13,S002,C0127,Card
T011233,2024-12-27,P007,Bluetooth Speaker,Electronics,2,51.32,102.64,S001,C0016,Card
T011234,2025-05-17,P010,Tea Assortment,Food and Beverage,2,13.14,26.28,S002,C0226,Card
T011235,2025-02-27,P021,Garden Gloves,Outdoor,2,9.5,19.0,S002,C0105,Cash
T011236,2023-03-10,P021,Garden Gloves,Outdoor,1,8.45,8.45,S003,C0233,UPI
T011237,2023-11-24,P023,Hand Trowel,Outdoor,4,10.6,42.4,S001,C0129,UPI
T011238,2023-10-12,P003,Desk Organizer,Stationery,1,14.37,14.37,S003,C0175,Card
T011239,2023-11-03,P018,Canvas Tote Bag,Apparel,3,12.71,38.13,S004,C0242,Card
T011240,2025-12-08,P012,Snack Box,Food and Beverage,2,22.72,45.44,S001,C0202,Cash
T011241,2024-01-03,P012,Snack Box,Food and Beverage,2,23.67,47.34,S001,C0183,Card
T011242,2024-11-15,P002,Ballpoint Pen Pack,Stationery,4,5.46,21.84,S002,C0005,UPI
T011243,2024-12-20,P024,Watering Can,Outdoor,1,21.21,21.21,S002,C0083,UPI
T011244,2023-12-11,P011,Reusable Water Bottle,Food and Beverage,5,17.37,86.85,S001,C0029,Cash
T011245,2025-06-18,P007,Bluetooth Speaker,Electronics,3,51.3,153.9,S003,C0113,Card
T011246,2024-08-03,P023,Hand Trowel,Outdoor,2,10.34,20.68,S004,C0182,UPI
T011247,2025-03-02,P003,Desk Organizer,Stationery,2,13.38,26.76,S003,C0234,UPI
T011248,2025-09-17,P009,Coffee Beans,Food and Beverage,2,15.01,30.02,S004,C0030,Card
T011249,2025-12-04,P004,Printer Paper,Stationery,4,7.03,28.12,S003,C0223,Card
T011250,2024-04-20,P005,Wireless Mouse,Electronics,1,25.86,25.86,S004,C0251,Bank Transfer
T011251,2025-08-30,P014,Cleaning Spray,Household,1,7.53,7.53,S004,C0203,Card
T011252,2024-02-15,P002,Ballpoint Pen Pack,Stationery,2,5.1,10.2,S004,C0256,Card
T011253,2023-04-26,P012,Snack Box,Food and Beverage,2,22.79,45.58,S004,C0226,Card
T011254,2025-08-19,P017,Cotton T-Shirt,Apparel,1,20.17,20.17,S003,C0181,UPI
T011255,2025-11-08,P007,Bluetooth Speaker,Electronics,2,47.39,94.78,S002,C0293,Cash
T011256,2025-12-11,P001,Notebook,Stationery,1,8.52,8.52,S002,C0089,UPI
T011257,2023-02-25,P011,Reusable Water Bottle,Food and Beverage,2,18.79,37.58,S003,C0023,Cash
T011258,2023-03-09,P009,Coffee Beans,Food and Beverage,1,16.22,16.22,S003,C0085,Bank Transfer
T011259,2024-02-03,P001,Notebook,Stationery,1,8.95,8.95,S002,C0037,Cash
T011260,2023-08-15,P023,Hand Trowel,Outdoor,3,11.12,33.36,S002,C0222,UPI
T011261,2025-12-27,P017,Cotton T-Shirt,Apparel,3,20.41,61.23,S001,C0020,UPI
T011262,2023-05-26,P010,Tea Assortment,Food and Beverage,3,12.62,37.86,S004,C0024,Cash
T011263,2025-08-01,P002,Ballpoint Pen Pack,Stationery,2,4.98,9.96,S003,C0197,Card
T011264,2025-04-04,P011,Reusable Water Bottle,Food and Beverage,1,17.15,17.15,S002,C0244,UPI
T011265,2024-11-01,P003,Desk Organizer,Stationery,1,13.2,13.2,S004,C0026,Card
T011266,2023-04-09,P005,Wireless Mouse,Electronics,5,25.02,125.1,S002,C0093,Card
T011267,2024-02-29,P017,Cotton T-Shirt,Apparel,1,21.18,21.18,S001,C0288,Card
T011268,2023-08-03,P024,Watering Can,Outdoor,2,20.49,40.98,S002,C0055,Bank Transfer
T011269,2025-10-30,P020,Running Socks,Apparel,1,10.12,10.12,S004,C0174,UPI
T011270,2025-12-20,P009,Coffee Beans,Food and Beverage,1,15.02,15.02,S003,C0073,Cash
T011271,2023-02-19,P002,Ballpoint Pen Pack,Stationery,2,5.47,10.94,S004,C0173,UPI
T011272,2023-12-15,P001,Notebook,Stationery,2,8.94,17.88,S003,C0209,UPI
T011273,2025-01-16,P023,Hand Trowel,Outdoor,1,10.81,10.81,S001,C0053,UPI
T011274,2023-01-05,P005,Wireless Mouse,Electronics,4,25.1,100.4,S001,C0144,Card
T011275,2023-03-03,P001,Notebook,Stationery,4,8.21,32.84,S002,C0191,Card
T011276,2024-08-06,P024,Watering Can,Outdoor,1,20.49,20.49,S001,C0098,Cash
T011277,2023-04-24,P005,Wireless Mouse,Electronics,3,23.84,71.52,S001,C0109,Card
T011278,2024-06-18,P018,Canvas Tote Bag,Apparel,1,13.19,13.19,S001,C0075,UPI
T011279,2024-05-26,P007,Bluetooth Speaker,Electronics,1,48.56,48.56,S001,C0121,Bank Transfer
T011280,2024-01-16,P001,Notebook,Stationery,6,8.75,52.5,S004,C0296,UPI
T011281,2023-05-26,P013,Hand Soap,Household,2,4.48,8.96,S002,C0145,Cash
T011282,2025-04-28,P014,Cleaning Spray,Household,4,6.9,27.6,S003,C0235,UPI
T011283,2023-08-21,P010,Tea Assortment,Food and Beverage,2,13.1,26.2,S003,C0267,Cash
T011284,2025-07-01,P003,Desk Organizer,Stationery,3,14.13,42.39,S001,C0023,Card
T011285,2025-07-12,P004,Printer Paper,Stationery,1,6.74,6.74,S001,C0264,Card
T011286,2023-10-30,P024,Watering Can,Outdoor,1,22.24,22.24,S003,C0145,Bank Transfer
T011287,2025-09-03,P023,Hand Trowel,Outdoor,4,10.82,43.28,S004,C0263,Cash
T011288,2025-12-17,P016,LED Bulb Pack,Household,3,12.42,37.26,S002,C0216,Card
T011289,2025-08-09,P001,Notebook,Stationery,2,8.02,16.04,S002,C0030,UPI
T011290,2024-08-19,P007,Bluetooth Speaker,Electronics,1,51.98,51.98,S004,C0119,UPI
T011291,2023-02-26,P015,Storage Basket,Household,5,17.16,85.8,S001,C0166,UPI
T011292,2023-07-04,P005,Wireless Mouse,Electronics,1,25.86,25.86,S002,C0055,UPI
T011293,2025-12-15,P021,Garden Gloves,Outdoor,1,8.77,8.77,S002,C0177,Card
T011294,2023-03-12,P003,Desk Organizer,Stationery,5,14.02,70.1,S001,C0205,Cash
T011295,2025-11-29,P012,Snack Box,Food and Beverage,6,21.9,131.4,S002,C0089,Card
T011296,2025-11-19,P017,Cotton T-Shirt,Apparel,2,19.95,39.9,S003,C0146,Card
T011297,2024-11-13,P019,Baseball Cap,Apparel,1,15.3,15.3,S003,C0296,UPI
T011298,2025-06-08,P009,Coffee Beans,Food and Beverage,1,15.47,15.47,S003,C0203,Cash
T011299,2023-03-22,P011,Reusable Water Bottle,Food and Beverage,1,18.45,18.45,S002,C0214,Card
T011300,2024-02-28,P003,Desk Organizer,Stationery,2,14.56,29.12,S001,C0210,Card
T011301,2025-10-15,P015,Storage Basket,Household,1,16.65,16.65,S004,C0200,UPI
T011302,2025-12-26,P008,Webcam,Electronics,6,59.86,359.16,S001,C0043,UPI
T011303,2024-01-11,P014,Cleaning Spray,Household,2,6.94,13.88,S001,C0293,Card
T011304,2025-12-29,P011,Reusable Water Bottle,Food and Beverage,1,17.33,17.33,S001,C0023,Card
T011305,2023-10-22,P002,Ballpoint Pen Pack,Stationery,2,5.55,11.1,S001,C0182,Card
T011306,2025-12-08,P002,Ballpoint Pen Pack,Stationery,4,5.49,21.96,S001,C0120,Card
T011307,2025-11-08,P024,Watering Can,Outdoor,1,21.25,21.25,S004,C0271,Bank Transfer
T011308,2023-07-25,P016,LED Bulb Pack,Household,4,12.18,48.72,S004,C0238,Cash
T011309,2023-08-28,P020,Running Socks,Apparel,3,9.62,28.86,S003,C0215,UPI
T011310,2023-11-18,P006,USB-C Hub,Electronics,4,33.67,134.68,S002,C0034,Cash
T011311,2024-11-11,P014,Cleaning Spray,Household,1,6.86,6.86,S004,C0003,UPI
T011312,2023-07-31,P022,Plant Pot,Outdoor,6,11.32,67.92,S004,C0253,Card
T011313,2025-11-04,P012,Snack Box,Food and Beverage,1,22.33,22.33,S003,C0280,Card
T011314,2025-09-11,P018,Canvas Tote Bag,Apparel,4,13.64,54.56,S003,C0265,Card
T011315,2023-09-14,P021,Garden Gloves,Outdoor,1,9.12,9.12,S004,C0277,UPI
T011316,2024-08-09,P011,Reusable Water Bottle,Food and Beverage,4,17.19,68.76,S003,C0276,UPI
T011317,2023-02-01,P004,Printer Paper,Stationery,4,6.7,26.8,S004,C0160,Card
T011318,2024-07-25,P002,Ballpoint Pen Pack,Stationery,1,5.14,5.14,S001,C0064,Cash
T011319,2025-03-10,P012,Snack Box,Food and Beverage,1,22.21,22.21,S003,C0011,Card
T011320,2023-10-12,P024,Watering Can,Outdoor,4,19.94,79.76,S004,C0254,Card
T011321,2025-01-20,P023,Hand Trowel,Outdoor,2,10.74,21.48,S004,C0241,Cash
T011322,2024-10-13,P018,Canvas Tote Bag,Apparel,2,13.47,26.94,S003,C0080,Card
T011323,2025-11-06,P012,Snack Box,Food and Beverage,4,22.39,89.56,S001,C0133,Card
T011324,2024-01-26,P006,USB-C Hub,Electronics,1,33.21,33.21,S002,C0290,Cash
T011325,2025-05-06,P010,Tea Assortment,Food and Beverage,2,12.54,25.08,S001,C0252,UPI
T011326,2025-07-17,P024,Watering Can,Outdoor,1,20.1,20.1,S001,C0267,UPI
T011327,2024-10-11,P011,Reusable Water Bottle,Food and Beverage,4,18.69,74.76,S001,C0149,Cash
T011328,2025-08-12,P013,Hand Soap,Household,3,4.68,14.04,S003,C0001,Card
T011329,2025-04-03,P006,USB-C Hub,Electronics,1,33.47,33.47,S001,C0295,Cash
T011330,2023-09-19,P010,Tea Assortment,Food and Beverage,4,12.68,50.72,S003,C0030,Cash
T011331,2023-02-08,P001,Notebook,Stationery,1,8.1,8.1,S002,C0139,Cash
T011332,2025-03-06,P001,Notebook,Stationery,1,8.62,8.62,S003,C0045,Bank Transfer
T011333,2025-11-05,P006,USB-C Hub,Electronics,2,35.67,71.34,S004,C0130,Cash
T011334,2024-06-03,P020,Running Socks,Apparel,1,9.7,9.7,S002,C0062,UPI
T011335,2025-07-28,P020,Running Socks,Apparel,4,9.59,38.36,S004,C0104,Card
T011336,2025-05-03,P024,Watering Can,Outdoor,1,20.27,20.27,S001,C0294,UPI
T011337,2023-07-27,P009,Coffee Beans,Food and Beverage,4,16.07,64.28,S004,C0300,Card
T011338,2025-11-09,P017,Cotton T-Shirt,Apparel,3,19.8,59.4,S001,C0194,UPI
T011339,2024-03-10,P016,LED Bulb Pack,Household,1,12.36,12.36,S001,C0141,UPI
T011340,2024-06-30,P015,Storage Basket,Household,3,16.19,48.57,S004,C0289,Card
T011341,2023-07-08,P005,Wireless Mouse,Electronics,1,24.93,24.93,S001,C0167,Card
T011342,2025-02-02,P024,Watering Can,Outdoor,4,20.19,80.76,S003,C0185,UPI
T011343,2023-03-16,P009,Coffee Beans,Food and Beverage,2,14.59,29.18,S004,C0084,UPI
T011344,2024-09-04,P021,Garden Gloves,Outdoor,1,9.33,9.33,S001,C0027,Cash
T011345,2023-12-25,P014,Cleaning Spray,Household,2,7.17,14.34,S003,C0089,Cash
T011346,2023-01-11,P017,Cotton T-Shirt,Apparel,5,20.81,104.05,S001,C0108,UPI
T011347,2024-10-28,P008,Webcam,Electronics,1,59.1,59.1,S004,C0262,Card
T011348,2025-05-30,P024,Watering Can,Outdoor,1,21.32,21.32,S001,C0118,Card
T011349,2024-02-22,P014,Cleaning Spray,Household,2,7.24,14.48,S001,C0018,Card
T011350,2023-11-03,P014,Cleaning Spray,Household,1,7.58,7.58,S004,C0020,UPI
T011351,2023-07-16,P001,Notebook,Stationery,6,8.48,50.88,S001,C0170,Card
T011352,2025-06-30,P016,LED Bulb Pack,Household,2,11.84,23.68,S003,C0017,Card
T011353,2025-08-14,P021,Garden Gloves,Outdoor,2,8.91,17.82,S004,C0046,UPI
T011354,2025-12-27,P011,Reusable Water Bottle,Food and Beverage,3,17.3,51.9,S004,C0276,Cash
T011355,2025-08-03,P024,Watering Can,Outdoor,4,21.91,87.64,S004,C0200,Card
T011356,2023-08-09,P008,Webcam,Electronics,2,60.17,120.34,S001,C0086,UPI
T011357,2024-07-12,P019,Baseball Cap,Apparel,2,16.54,33.08,S001,C0249,UPI
T011358,2023-09-18,P002,Ballpoint Pen Pack,Stationery,1,5.39,5.39,S002,C0220,UPI
T011359,2023-04-07,P015,Storage Basket,Household,4,17.07,68.28,S001,C0094,UPI
T011360,2023-02-17,P022,Plant Pot,Outdoor,1,11.42,11.42,S001,C0083,Card
T011361,2023-07-18,P001,Notebook,Stationery,3,8.41,25.23,S001,C0185,UPI
T011362,2025-05-15,P013,Hand Soap,Household,2,4.93,9.86,S001,C0162,Bank Transfer
T011363,2025-04-03,P003,Desk Organizer,Stationery,2,14.03,28.06,S001,C0066,Cash
T011364,2025-03-27,P013,Hand Soap,Household,3,4.55,13.65,S004,C0192,UPI
T011365,2025-01-13,P011,Reusable Water Bottle,Food and Beverage,1,17.99,17.99,S004,C0182,Cash
T011366,2024-08-30,P019,Baseball Cap,Apparel,2,15.72,31.44,S002,C0179,Card
T011367,2025-01-21,P016,LED Bulb Pack,Household,3,11.83,35.49,S002,C0147,Card
T011368,2024-05-05,P007,Bluetooth Speaker,Electronics,2,49.7,99.4,S002,C0279,Card
T011369,2024-07-22,P016,LED Bulb Pack,Household,2,11.87,23.74,S002,C0289,Card
T011370,2024-11-15,P018,Canvas Tote Bag,Apparel,3,12.93,38.79,S001,C0283,UPI
T011371,2025-06-28,P002,Ballpoint Pen Pack,Stationery,1,5.26,5.26,S004,C0004,Cash
T011372,2023-03-27,P024,Watering Can,Outdoor,4,21.51,86.04,S002,C0262,Cash
T011373,2025-07-21,P018,Canvas Tote Bag,Apparel,1,13.37,13.37,S001,C0297,Card
T011374,2024-01-11,P006,USB-C Hub,Electronics,2,32.64,65.28,S001,C0114,Bank Transfer
T011375,2023-12-28,P009,Coffee Beans,Food and Beverage,4,16.15,64.6,S002,C0145,Card
T011376,2024-03-03,P009,Coffee Beans,Food and Beverage,4,15.23,60.92,S004,C0221,Cash
T011377,2023-05-29,P021,Garden Gloves,Outdoor,4,8.59,34.36,S003,C0065,Card
T011378,2023-11-12,P004,Printer Paper,Stationery,1,6.88,6.88,S001,C0173,Card
T011379,2023-01-28,P009,Coffee Beans,Food and Beverage,2,15.11,30.22,S001,C0142,Card
T011380,2024-07-02,P009,Coffee Beans,Food and Beverage,6,15.94,95.64,S002,C0254,Card
T011381,2025-10-11,P017,Cotton T-Shirt,Apparel,1,19.2,19.2,S001,C0043,Card
T011382,2023-12-23,P006,USB-C Hub,Electronics,2,36.02,72.04,S004,C0083,Card
T011383,2024-05-29,P017,Cotton T-Shirt,Apparel,2,19.38,38.76,S001,C0269,Card
T011384,2025-09-16,P013,Hand Soap,Household,3,4.97,14.91,S002,C0218,Bank Transfer
T011385,2023-02-25,P003,Desk Organizer,Stationery,1,13.4,13.4,S004,C0122,UPI
T011386,2023-11-30,P005,Wireless Mouse,Electronics,4,24.72,98.88,S002,C0031,UPI
T011387,2024-07-18,P016,LED Bulb Pack,Household,2,11.57,23.14,S004,C0237,Card
T011388,2025-12-29,P018,Canvas Tote Bag,Apparel,5,13.5,67.5,S003,C0056,Bank Transfer
T011389,2025-12-24,P006,USB-C Hub,Electronics,4,35.63,142.52,S002,C0114,Cash
T011390,2023-03-24,P021,Garden Gloves,Outdoor,1,9.3,9.3,S001,C0178,Card
T011391,2024-01-10,P009,Coffee Beans,Food and Beverage,1,16.08,16.08,S002,C0014,Card
T011392,2023-02-24,P011,Reusable Water Bottle,Food and Beverage,2,17.15,34.3,S001,C0232,Card
T011393,2023-12-19,P005,Wireless Mouse,Electronics,4,26.15,104.6,S003,C0053,Card
T011394,2023-12-28,P006,USB-C Hub,Electronics,3,34.26,102.78,S001,C0262,Card
T011395,2024-05-07,P018,Canvas Tote Bag,Apparel,3,13.92,41.76,S002,C0246,Card
T011396,2023-03-04,P011,Reusable Water Bottle,Food and Beverage,1,18.88,18.88,S001,C0287,Card
T011397,2023-08-28,P016,LED Bulb Pack,Household,1,11.43,11.43,S003,C0200,Cash
T011398,2023-10-07,P016,LED Bulb Pack,Household,3,12.65,37.95,S004,C0224,Card
T011399,2023-05-27,P005,Wireless Mouse,Electronics,4,25.54,102.16,S003,C0203,Card
T011400,2023-10-01,P001,Notebook,Stationery,5,8.27,41.35,S004,C0122,UPI
T011401,2024-07-20,P009,Coffee Beans,Food and Beverage,1,15.37,15.37,S002,C0194,Cash
T011402,2024-09-17,P003,Desk Organizer,Stationery,2,13.18,26.36,S003,C0203,UPI
T011403,2024-01-31,P012,Snack Box,Food and Beverage,4,23.83,95.32,S003,C0208,Cash
T011404,2023-11-15,P002,Ballpoint Pen Pack,Stationery,6,5.11,30.66,S001,C0081,Bank Transfer
T011405,2024-05-11,P022,Plant Pot,Outdoor,4,12.28,49.12,S002,C0282,Card
T011406,2023-08-20,P012,Snack Box,Food and Beverage,3,22.11,66.33,S003,C0056,Cash
T011407,2023-12-31,P024,Watering Can,Outdoor,1,20.49,20.49,S002,C0202,Card
T011408,2023-02-11,P013,Hand Soap,Household,1,4.76,4.76,S001,C0262,Cash
T011409,2023-10-28,P017,Cotton T-Shirt,Apparel,2,21.07,42.14,S002,C0182,Cash
T011410,2024-12-28,P006,USB-C Hub,Electronics,2,35.86,71.72,S002,C0241,Bank Transfer
T011411,2023-12-02,P002,Ballpoint Pen Pack,Stationery,2,5.12,10.24,S002,C0135,UPI
T011412,2024-10-07,P015,Storage Basket,Household,1,16.6,16.6,S003,C0047,UPI
T011413,2023-06-16,P016,LED Bulb Pack,Household,2,11.95,23.9,S001,C0085,Card
T011414,2023-10-22,P019,Baseball Cap,Apparel,4,16.22,64.88,S003,C0074,Cash
T011415,2023-12-04,P014,Cleaning Spray,Household,1,7.3,7.3,S001,C0168,Card
T011416,2024-03-30,P010,Tea Assortment,Food and Beverage,1,12.15,12.15,S001,C0159,Card
T011417,2025-12-11,P018,Canvas Tote Bag,Apparel,1,13.07,13.07,S001,C0182,Card
T011418,2023-12-10,P019,Baseball Cap,Apparel,2,15.47,30.94,S002,C0059,Card
T011419,2025-12-22,P002,Ballpoint Pen Pack,Stationery,2,4.99,9.98,S001,C0071,Bank Transfer
T011420,2025-03-15,P016,LED Bulb Pack,Household,1,12.66,12.66,S004,C0231,UPI
T011421,2025-01-28,P010,Tea Assortment,Food and Beverage,4,12.63,50.52,S002,C0178,Card
T011422,2025-10-28,P005,Wireless Mouse,Electronics,1,24.99,24.99,S001,C0264,Cash
T011423,2023-09-11,P003,Desk Organizer,Stationery,6,13.84,83.04,S004,C0140,Card
T011424,2023-04-01,P023,Hand Trowel,Outdoor,2,10.46,20.92,S001,C0265,Card
T011425,2024-08-27,P017,Cotton T-Shirt,Apparel,2,19.48,38.96,S002,C0170,Cash
T011426,2024-03-11,P001,Notebook,Stationery,3,8.07,24.21,S001,C0232,Card
T011427,2024-09-28,P022,Plant Pot,Outdoor,4,12.3,49.2,S001,C0209,Card
T011428,2023-08-18,P004,Printer Paper,Stationery,2,6.65,13.3,S003,C0278,Cash
T011429,2025-04-24,P002,Ballpoint Pen Pack,Stationery,5,4.95,24.75,S004,C0059,Card
T011430,2025-05-28,P018,Canvas Tote Bag,Apparel,2,13.61,27.22,S004,C0213,UPI
T011431,2025-03-18,P006,USB-C Hub,Electronics,2,35.3,70.6,S001,C0297,UPI
T011432,2023-10-29,P007,Bluetooth Speaker,Electronics,4,50.23,200.92,S002,C0201,UPI
T011433,2024-07-21,P005,Wireless Mouse,Electronics,3,24.3,72.9,S002,C0156,Cash
T011434,2024-06-11,P015,Storage Basket,Household,1,16.76,16.76,S003,C0212,Card
T011435,2025-06-07,P021,Garden Gloves,Outdoor,2,9.43,18.86,S002,C0197,UPI
T011436,2024-02-19,P009,Coffee Beans,Food and Beverage,1,16.23,16.23,S002,C0004,Card
T011437,2024-12-19,P023,Hand Trowel,Outdoor,5,10.62,53.1,S001,C0122,Cash
T011438,2024-08-21,P005,Wireless Mouse,Electronics,1,25.08,25.08,S004,C0242,Card
T011439,2025-10-07,P023,Hand Trowel,Outdoor,1,11.09,11.09,S001,C0284,Card
T011440,2024-08-12,P004,Printer Paper,Stationery,2,6.81,13.62,S001,C0072,UPI
T011441,2023-11-08,P015,Storage Basket,Household,2,17.43,34.86,S001,C0249,Card
T011442,2023-05-29,P004,Printer Paper,Stationery,5,6.79,33.95,S004,C0156,UPI
T011443,2025-05-12,P004,Printer Paper,Stationery,3,6.42,19.26,S001,C0298,UPI
T011444,2025-02-16,P018,Canvas Tote Bag,Apparel,3,13.85,41.55,S001,C0160,Card
T011445,2024-04-06,P009,Coffee Beans,Food and Beverage,5,15.05,75.25,S002,C0007,Bank Transfer
T011446,2024-02-02,P010,Tea Assortment,Food and Beverage,2,12.99,25.98,S002,C0010,Card
T011447,2023-11-01,P012,Snack Box,Food and Beverage,1,23.68,23.68,S002,C0150,Card
T011448,2025-05-19,P007,Bluetooth Speaker,Electronics,1,48.7,48.7,S004,C0213,Cash
T011449,2025-12-05,P013,Hand Soap,Household,4,4.68,18.72,S003,C0188,Card
T011450,2023-10-08,P008,Webcam,Electronics,1,57.98,57.98,S003,C0119,UPI
T011451,2024-03-26,P009,Coffee Beans,Food and Beverage,2,15.56,31.12,S003,C0084,Cash
T011452,2023-10-27,P005,Wireless Mouse,Electronics,3,26.29,78.87,S004,C0124,Card
T011453,2025-07-24,P017,Cotton T-Shirt,Apparel,2,21.06,42.12,S003,C0009,Card
T011454,2024-09-01,P006,USB-C Hub,Electronics,2,35.04,70.08,S001,C0277,Card
T011455,2024-12-28,P002,Ballpoint Pen Pack,Stationery,1,5.39,5.39,S001,C0045,Card
T011456,2024-04-27,P017,Cotton T-Shirt,Apparel,3,20.02,60.06,S003,C0267,UPI
T011457,2024-01-13,P005,Wireless Mouse,Electronics,2,23.87,47.74,S001,C0149,Card
T011458,2023-10-18,P021,Garden Gloves,Outdoor,4,9.17,36.68,S001,C0191,Cash
T011459,2024-05-07,P008,Webcam,Electronics,1,61.32,61.32,S003,C0260,Card
T011460,2023-08-17,P020,Running Socks,Apparel,1,10.39,10.39,S002,C0288,UPI
T011461,2023-05-26,P010,Tea Assortment,Food and Beverage,5,12.94,64.7,S004,C0228,Card
T011462,2023-07-08,P024,Watering Can,Outdoor,1,19.89,19.89,S003,C0242,UPI
T011463,2024-06-09,P007,Bluetooth Speaker,Electronics,4,52.35,209.4,S002,C0156,Card
T011464,2024-12-25,P015,Storage Basket,Household,3,16.74,50.22,S001,C0230,UPI
T011465,2024-10-11,P021,Garden Gloves,Outdoor,1,8.95,8.95,S001,C0195,UPI
T011466,2025-07-01,P019,Baseball Cap,Apparel,1,16.36,16.36,S001,C0129,Cash
T011467,2024-12-03,P004,Printer Paper,Stationery,1,6.43,6.43,S001,C0246,Card
T011468,2024-07-14,P016,LED Bulb Pack,Household,5,12.56,62.8,S003,C0019,Card
T011469,2024-01-06,P006,USB-C Hub,Electronics,5,35.78,178.9,S003,C0085,UPI
T011470,2025-03-09,P020,Running Socks,Apparel,3,10.31,30.93,S003,C0114,UPI
T011471,2024-11-03,P005,Wireless Mouse,Electronics,1,25.63,25.63,S001,C0126,Cash
T011472,2024-11-24,P003,Desk Organizer,Stationery,2,14.82,29.64,S002,C0064,Card
T011473,2025-08-30,P010,Tea Assortment,Food and Beverage,1,13.49,13.49,S001,C0148,UPI
T011474,2025-02-18,P005,Wireless Mouse,Electronics,1,25.61,25.61,S003,C0156,Bank Transfer
T011475,2025-07-21,P009,Coffee Beans,Food and Beverage,1,15.8,15.8,S002,C0032,Card
T011476,2023-09-04,P022,Plant Pot,Outdoor,1,12.22,12.22,S004,C0153,Card
T011477,2025-11-04,P021,Garden Gloves,Outdoor,2,9.42,18.84,S004,C0069,Card
T011478,2023-07-03,P009,Coffee Beans,Food and Beverage,1,15.98,15.98,S004,C0185,Bank Transfer
T011479,2025-07-26,P016,LED Bulb Pack,Household,2,12.16,24.32,S001,C0016,UPI
T011480,2025-03-26,P014,Cleaning Spray,Household,4,7.55,30.2,S001,C0274,Bank Transfer
T011481,2024-09-11,P023,Hand Trowel,Outdoor,2,10.92,21.84,S002,C0005,UPI
T011482,2023-12-20,P020,Running Socks,Apparel,2,10.02,20.04,S002,C0217,Card
T011483,2023-01-29,P006,USB-C Hub,Electronics,4,32.52,130.08,S003,C0164,UPI
T011484,2023-03-21,P019,Baseball Cap,Apparel,1,15.47,15.47,S001,C0156,Card
T011485,2025-02-13,P004,Printer Paper,Stationery,1,6.63,6.63,S004,C0175,Cash
T011486,2025-10-26,P001,Notebook,Stationery,4,8.55,34.2,S002,C0165,Cash
T011487,2024-07-29,P002,Ballpoint Pen Pack,Stationery,5,5.52,27.6,S001,C0049,Cash
T011488,2024-09-02,P012,Snack Box,Food and Beverage,4,23.39,93.56,S002,C0280,UPI
T011489,2023-08-04,P007,Bluetooth Speaker,Electronics,1,51.13,51.13,S002,C0178,Card
T011490,2024-09-25,P009,Coffee Beans,Food and Beverage,2,14.64,29.28,S002,C0294,Cash
T011491,2025-11-02,P021,Garden Gloves,Outdoor,3,9.15,27.45,S001,C0177,Card
T011492,2025-09-26,P005,Wireless Mouse,Electronics,1,25.89,25.89,S004,C0224,Card
T011493,2023-05-15,P018,Canvas Tote Bag,Apparel,2,12.72,25.44,S001,C0180,Card
T011494,2023-07-21,P014,Cleaning Spray,Household,2,6.97,13.94,S003,C0087,Cash
T011495,2024-09-09,P002,Ballpoint Pen Pack,Stationery,2,5.42,10.84,S003,C0138,Card
T011496,2023-10-22,P002,Ballpoint Pen Pack,Stationery,5,5.41,27.05,S001,C0192,Card
T011497,2025-05-02,P008,Webcam,Electronics,1,61.74,61.74,S004,C0148,Card
T011498,2023-07-12,P015,Storage Basket,Household,1,16.34,16.34,S001,C0146,Cash
T011499,2024-02-23,P005,Wireless Mouse,Electronics,1,25.14,25.14,S004,C0222,UPI
T011500,2025-04-15,P002,Ballpoint Pen Pack,Stationery,4,5.05,20.2,S004,C0014,Bank Transfer
T011501,2024-10-19,P018,Canvas Tote Bag,Apparel,4,14.04,56.16,S002,C0264,UPI
T011502,2023-11-14,P002,Ballpoint Pen Pack,Stationery,3,5.44,16.32,S001,C0073,Card
T011503,2025-10-02,P013,Hand Soap,Household,1,4.58,4.58,S002,C0161,Cash
T011504,2024-03-05,P023,Hand Trowel,Outdoor,1,10.29,10.29,S001,C0296,Cash
T011505,2025-11-06,P015,Storage Basket,Household,1,17.11,17.11,S001,C0197,UPI
T011506,2025-08-21,P009,Coffee Beans,Food and Beverage,4,15.23,60.92,S003,C0212,UPI
T011507,2023-01-17,P015,Storage Basket,Household,1,16.57,16.57,S002,C0256,Card
T011508,2025-01-16,P001,Notebook,Stationery,2,8.14,16.28,S004,C0200,Card
T011509,2025-04-28,P006,USB-C Hub,Electronics,1,34.1,34.1,S004,C0215,UPI
T011510,2024-07-23,P017,Cotton T-Shirt,Apparel,1,18.93,18.93,S004,C0017,Cash
T011511,2023-01-28,P013,Hand Soap,Household,2,4.64,9.28,S002,C0182,UPI
T011512,2024-01-17,P007,Bluetooth Speaker,Electronics,3,51.31,153.93,S001,C0141,UPI
T011513,2025-06-25,P006,USB-C Hub,Electronics,3,33.21,99.63,S001,C0290,Cash
T011514,2025-03-23,P016,LED Bulb Pack,Household,4,12.71,50.84,S002,C0135,Card
T011515,2024-07-09,P024,Watering Can,Outdoor,2,20.6,41.2,S004,C0230,Card
T011516,2024-04-21,P003,Desk Organizer,Stationery,2,14.62,29.24,S001,C0192,UPI
T011517,2024-05-26,P003,Desk Organizer,Stationery,1,13.47,13.47,S003,C0119,Card
T011518,2025-10-20,P023,Hand Trowel,Outdoor,1,10.65,10.65,S002,C0004,Card
T011519,2025-02-15,P005,Wireless Mouse,Electronics,2,24.56,49.12,S004,C0205,Bank Transfer
T011520,2025-08-23,P018,Canvas Tote Bag,Apparel,1,13.18,13.18,S001,C0027,UPI
T011521,2024-09-26,P006,USB-C Hub,Electronics,3,33.95,101.85,S001,C0034,Card
T011522,2023-05-19,P018,Canvas Tote Bag,Apparel,1,13.43,13.43,S004,C0047,Cash
T011523,2023-05-26,P005,Wireless Mouse,Electronics,3,25.95,77.85,S001,C0041,UPI
T011524,2023-03-09,P014,Cleaning Spray,Household,1,7.07,7.07,S004,C0106,UPI
T011525,2023-11-11,P017,Cotton T-Shirt,Apparel,4,18.98,75.92,S003,C0256,Card
T011526,2024-02-17,P002,Ballpoint Pen Pack,Stationery,2,4.95,9.9,S003,C0283,Card
T011527,2024-05-17,P017,Cotton T-Shirt,Apparel,4,20.0,80.0,S003,C0234,Cash
T011528,2024-12-01,P003,Desk Organizer,Stationery,1,14.1,14.1,S002,C0044,Card
T011529,2025-12-21,P002,Ballpoint Pen Pack,Stationery,6,5.27,31.62,S004,C0146,UPI
T011530,2025-03-07,P022,Plant Pot,Outdoor,1,11.62,11.62,S001,C0011,Card
T011531,2023-02-17,P022,Plant Pot,Outdoor,1,12.26,12.26,S001,C0270,UPI
T011532,2023-12-23,P021,Garden Gloves,Outdoor,2,8.45,16.9,S003,C0053,Card
T011533,2025-07-26,P020,Running Socks,Apparel,2,10.55,21.1,S002,C0207,Card
T011534,2025-07-30,P024,Watering Can,Outdoor,2,20.39,40.78,S003,C0068,UPI
T011535,2023-03-18,P001,Notebook,Stationery,1,8.89,8.89,S001,C0115,Card
T011536,2024-08-05,P016,LED Bulb Pack,Household,2,12.0,24.0,S004,C0218,UPI
T011537,2024-09-04,P022,Plant Pot,Outdoor,5,12.6,63.0,S003,C0160,Card
T011538,2025-04-25,P021,Garden Gloves,Outdoor,4,8.65,34.6,S001,C0210,Card
T011539,2024-11-18,P013,Hand Soap,Household,3,4.6,13.8,S002,C0056,UPI
T011540,2025-12-20,P020,Running Socks,Apparel,2,9.51,19.02,S003,C0162,UPI
T011541,2024-05-19,P012,Snack Box,Food and Beverage,4,23.28,93.12,S002,C0211,Card
T011542,2025-05-14,P017,Cotton T-Shirt,Apparel,1,19.45,19.45,S001,C0065,UPI
T011543,2023-11-03,P005,Wireless Mouse,Electronics,3,23.79,71.37,S001,C0192,UPI
T011544,2025-04-05,P020,Running Socks,Apparel,4,10.55,42.2,S001,C0018,Bank Transfer
T011545,2025-02-28,P014,Cleaning Spray,Household,1,7.03,7.03,S001,C0238,Bank Transfer
T011546,2024-02-19,P009,Coffee Beans,Food and Beverage,1,16.41,16.41,S001,C0238,Card
T011547,2024-01-09,P014,Cleaning Spray,Household,3,6.88,20.64,S002,C0271,Cash
T011548,2025-01-20,P008,Webcam,Electronics,3,59.33,177.99,S002,C0124,Card
T011549,2023-02-23,P023,Hand Trowel,Outdoor,2,9.99,19.98,S001,C0221,Card
T011550,2025-07-04,P001,Notebook,Stationery,2,8.03,16.06,S004,C0271,Card
T011551,2023-01-22,P003,Desk Organizer,Stationery,1,13.21,13.21,S002,C0011,Cash
T011552,2023-09-22,P016,LED Bulb Pack,Household,2,11.84,23.68,S001,C0116,UPI
T011553,2024-05-10,P018,Canvas Tote Bag,Apparel,1,13.32,13.32,S004,C0200,Card
T011554,2023-12-29,P015,Storage Basket,Household,2,15.78,31.56,S002,C0002,Cash
T011555,2025-09-15,P006,USB-C Hub,Electronics,1,35.48,35.48,S001,C0202,Cash
T011556,2024-07-16,P004,Printer Paper,Stationery,2,7.11,14.22,S003,C0131,Card
T011557,2023-07-27,P022,Plant Pot,Outdoor,1,12.39,12.39,S003,C0282,UPI
T011558,2024-02-25,P020,Running Socks,Apparel,2,9.56,19.12,S001,C0091,Card
T011559,2023-02-28,P020,Running Socks,Apparel,5,9.43,47.15,S003,C0008,UPI
T011560,2025-04-05,P020,Running Socks,Apparel,1,9.92,9.92,S001,C0049,Card
T011561,2023-01-29,P014,Cleaning Spray,Household,1,7.1,7.1,S002,C0240,UPI
T011562,2023-10-04,P006,USB-C Hub,Electronics,1,36.3,36.3,S004,C0093,UPI
T011563,2025-03-09,P016,LED Bulb Pack,Household,2,11.4,22.8,S001,C0009,Cash
T011564,2023-01-05,P015,Storage Basket,Household,4,16.19,64.76,S003,C0044,UPI
T011565,2025-02-15,P018,Canvas Tote Bag,Apparel,1,14.03,14.03,S004,C0008,Card
T011566,2025-02-05,P018,Canvas Tote Bag,Apparel,1,13.47,13.47,S001,C0228,Card
T011567,2023-01-29,P009,Coffee Beans,Food and Beverage,1,15.68,15.68,S004,C0112,UPI
T011568,2025-06-04,P014,Cleaning Spray,Household,4,6.95,27.8,S002,C0251,UPI
T011569,2024-06-16,P007,Bluetooth Speaker,Electronics,1,47.33,47.33,S003,C0165,UPI
T011570,2025-10-23,P005,Wireless Mouse,Electronics,2,24.69,49.38,S004,C0154,Card
T011571,2023-08-12,P023,Hand Trowel,Outdoor,2,11.04,22.08,S003,C0118,Card
T011572,2025-01-15,P020,Running Socks,Apparel,2,10.33,20.66,S004,C0197,Cash
T011573,2023-02-23,P022,Plant Pot,Outdoor,2,12.15,24.3,S001,C0178,Card
T011574,2023-09-16,P007,Bluetooth Speaker,Electronics,1,49.73,49.73,S004,C0057,Bank Transfer
T011575,2024-08-12,P016,LED Bulb Pack,Household,1,12.24,12.24,S003,C0055,Bank Transfer
T011576,2023-11-07,P018,Canvas Tote Bag,Apparel,4,13.83,55.32,S001,C0036,Card
T011577,2024-06-30,P007,Bluetooth Speaker,Electronics,1,49.84,49.84,S002,C0158,Cash
T011578,2023-09-12,P008,Webcam,Electronics,1,59.96,59.96,S004,C0149,Card
T011579,2023-10-22,P005,Wireless Mouse,Electronics,4,25.07,100.28,S004,C0010,Bank Transfer
T011580,2025-05-03,P005,Wireless Mouse,Electronics,2,23.78,47.56,S004,C0092,Cash
T011581,2024-12-24,P001,Notebook,Stationery,1,8.07,8.07,S002,C0189,Cash
T011582,2023-04-02,P001,Notebook,Stationery,2,8.19,16.38,S004,C0192,UPI
T011583,2023-07-22,P023,Hand Trowel,Outdoor,3,10.44,31.32,S002,C0021,Cash
T011584,2023-05-30,P005,Wireless Mouse,Electronics,3,25.74,77.22,S002,C0157,UPI
T011585,2025-07-25,P009,Coffee Beans,Food and Beverage,1,15.62,15.62,S003,C0261,Card
T011586,2024-11-19,P007,Bluetooth Speaker,Electronics,1,47.89,47.89,S004,C0045,UPI
T011587,2023-11-30,P014,Cleaning Spray,Household,3,6.84,20.52,S001,C0291,UPI
T011588,2025-10-23,P002,Ballpoint Pen Pack,Stationery,1,5.27,5.27,S001,C0149,UPI
T011589,2023-04-07,P007,Bluetooth Speaker,Electronics,2,47.05,94.1,S001,C0121,UPI
T011590,2024-11-30,P016,LED Bulb Pack,Household,2,12.66,25.32,S003,C0252,Card
T011591,2024-09-02,P020,Running Socks,Apparel,3,9.47,28.41,S002,C0149,UPI
T011592,2024-04-14,P013,Hand Soap,Household,2,4.71,9.42,S004,C0087,Cash
T011593,2024-04-16,P005,Wireless Mouse,Electronics,3,24.46,73.38,S003,C0029,Cash
T011594,2024-02-05,P020,Running Socks,Apparel,3,9.99,29.97,S002,C0023,Bank Transfer
T011595,2025-05-24,P010,Tea Assortment,Food and Beverage,1,12.29,12.29,S002,C0093,Cash
T011596,2023-03-27,P001,Notebook,Stationery,3,8.05,24.15,S002,C0149,UPI
T011597,2023-09-19,P021,Garden Gloves,Outdoor,2,8.51,17.02,S004,C0008,UPI
T011598,2024-04-21,P018,Canvas Tote Bag,Apparel,1,13.56,13.56,S004,C0104,Card
T011599,2024-04-01,P009,Coffee Beans,Food and Beverage,1,14.66,14.66,S001,C0208,UPI
T011600,2024-08-02,P024,Watering Can,Outdoor,2,22.05,44.1,S001,C0245,Card
T011601,2023-06-22,P009,Coffee Beans,Food and Beverage,3,14.61,43.83,S001,C0273,Cash
T011602,2024-05-28,P023,Hand Trowel,Outdoor,1,10.64,10.64,S002,C0186,Card
T011603,2023-09-14,P003,Desk Organizer,Stationery,1,14.65,14.65,S003,C0168,Card
T011604,2023-01-07,P011,Reusable Water Bottle,Food and Beverage,1,18.45,18.45,S001,C0241,Cash
T011605,2024-06-14,P016,LED Bulb Pack,Household,4,12.67,50.68,S001,C0074,Cash
T011606,2023-08-04,P017,Cotton T-Shirt,Apparel,2,19.92,39.84,S003,C0147,Bank Transfer
T011607,2024-11-07,P018,Canvas Tote Bag,Apparel,4,13.82,55.28,S004,C0296,UPI
T011608,2023-07-04,P005,Wireless Mouse,Electronics,3,25.45,76.35,S002,C0228,Cash
T011609,2024-02-06,P017,Cotton T-Shirt,Apparel,3,20.52,61.56,S002,C0187,Card
T011610,2024-03-29,P014,Cleaning Spray,Household,1,7.67,7.67,S002,C0078,UPI
T011611,2024-11-08,P020,Running Socks,Apparel,6,9.89,59.34,S001,C0216,UPI
T011612,2024-03-26,P010,Tea Assortment,Food and Beverage,4,12.54,50.16,S002,C0250,Card
T011613,2025-01-05,P019,Baseball Cap,Apparel,3,16.81,50.43,S002,C0215,Card
T011614,2025-07-07,P007,Bluetooth Speaker,Electronics,5,52.57,262.85,S002,C0056,Card
T011615,2025-06-17,P017,Cotton T-Shirt,Apparel,2,20.54,41.08,S003,C0248,Cash
T011616,2024-05-13,P005,Wireless Mouse,Electronics,1,25.25,25.25,S003,C0216,UPI
T011617,2024-02-18,P017,Cotton T-Shirt,Apparel,3,19.75,59.25,S003,C0186,Bank Transfer
T011618,2025-05-28,P009,Coffee Beans,Food and Beverage,1,16.16,16.16,S003,C0232,UPI
T011619,2024-10-07,P003,Desk Organizer,Stationery,2,14.2,28.4,S004,C0010,Cash
T011620,2025-07-30,P002,Ballpoint Pen Pack,Stationery,3,5.24,15.72,S001,C0117,Card
T011621,2025-09-15,P001,Notebook,Stationery,6,8.96,53.76,S002,C0202,Cash
T011622,2024-03-01,P009,Coffee Beans,Food and Beverage,4,16.17,64.68,S003,C0193,UPI
T011623,2025-08-07,P001,Notebook,Stationery,3,8.94,26.82,S002,C0284,Card
T011624,2023-01-19,P013,Hand Soap,Household,2,4.79,9.58,S004,C0221,UPI
T011625,2024-12-23,P007,Bluetooth Speaker,Electronics,2,48.99,97.98,S001,C0002,Card
T011626,2025-06-23,P024,Watering Can,Outdoor,2,20.11,40.22,S002,C0236,Bank Transfer
T011627,2023-06-29,P011,Reusable Water Bottle,Food and Beverage,4,17.24,68.96,S001,C0144,UPI
T011628,2023-06-10,P006,USB-C Hub,Electronics,4,32.55,130.2,S003,C0025,UPI
T011629,2025-10-11,P018,Canvas Tote Bag,Apparel,3,13.09,39.27,S003,C0141,Card
T011630,2025-12-31,P020,Running Socks,Apparel,1,9.78,9.78,S001,C0113,UPI
T011631,2025-02-01,P015,Storage Basket,Household,5,15.61,78.05,S003,C0283,UPI
T011632,2023-07-13,P006,USB-C Hub,Electronics,2,32.96,65.92,S004,C0146,UPI
T011633,2024-09-10,P024,Watering Can,Outdoor,4,21.11,84.44,S003,C0051,Bank Transfer
T011634,2023-01-22,P005,Wireless Mouse,Electronics,1,24.33,24.33,S003,C0078,Bank Transfer
T011635,2023-09-22,P009,Coffee Beans,Food and Beverage,1,16.0,16.0,S003,C0033,Card
T011636,2024-02-12,P002,Ballpoint Pen Pack,Stationery,1,5.35,5.35,S004,C0066,Card
T011637,2025-05-10,P011,Reusable Water Bottle,Food and Beverage,1,18.76,18.76,S002,C0159,Cash
T011638,2024-03-29,P013,Hand Soap,Household,1,4.99,4.99,S004,C0225,Cash
T011639,2025-05-20,P021,Garden Gloves,Outdoor,2,8.86,17.72,S001,C0074,Card
T011640,2024-06-22,P020,Running Socks,Apparel,1,9.46,9.46,S002,C0070,Card
T011641,2024-12-25,P012,Snack Box,Food and Beverage,2,22.11,44.22,S003,C0140,UPI
T011642,2024-12-11,P007,Bluetooth Speaker,Electronics,4,49.37,197.48,S001,C0239,UPI
T011643,2023-06-21,P005,Wireless Mouse,Electronics,1,25.97,25.97,S001,C0170,Card
T011644,2025-12-06,P001,Notebook,Stationery,4,8.54,34.16,S001,C0133,Card
T011645,2023-08-12,P004,Printer Paper,Stationery,6,7.11,42.66,S003,C0113,UPI
T011646,2023-05-28,P002,Ballpoint Pen Pack,Stationery,3,5.38,16.14,S001,C0107,UPI
T011647,2024-12-03,P014,Cleaning Spray,Household,1,7.34,7.34,S004,C0192,Cash
T011648,2023-09-16,P020,Running Socks,Apparel,1,10.51,10.51,S003,C0084,Cash
T011649,2025-02-15,P001,Notebook,Stationery,2,8.95,17.9,S003,C0227,Card
T011650,2023-01-19,P013,Hand Soap,Household,3,4.92,14.76,S004,C0054,Card
T011651,2024-01-18,P003,Desk Organizer,Stationery,3,13.41,40.23,S001,C0058,Card
T011652,2025-07-16,P024,Watering Can,Outdoor,2,20.42,40.84,S003,C0001,UPI
T011653,2024-02-28,P021,Garden Gloves,Outdoor,4,8.51,34.04,S001,C0153,Card
T011654,2023-10-30,P003,Desk Organizer,Stationery,4,13.52,54.08,S003,C0249,Cash
T011655,2024-12-14,P002,Ballpoint Pen Pack,Stationery,4,5.03,20.12,S001,C0178,UPI
T011656,2025-09-16,P014,Cleaning Spray,Household,2,6.97,13.94,S004,C0272,Card
T011657,2025-11-13,P010,Tea Assortment,Food and Beverage,3,13.39,40.17,S001,C0056,Card
T011658,2025-03-02,P002,Ballpoint Pen Pack,Stationery,3,4.98,14.94,S002,C0138,Cash
T011659,2025-04-09,P020,Running Socks,Apparel,2,9.92,19.84,S003,C0164,Cash
T011660,2025-03-23,P012,Snack Box,Food and Beverage,1,23.15,23.15,S002,C0063,Card
T011661,2025-07-03,P023,Hand Trowel,Outdoor,2,10.57,21.14,S003,C0162,Cash
T011662,2023-03-22,P013,Hand Soap,Household,3,4.91,14.73,S001,C0070,UPI
T011663,2024-04-26,P016,LED Bulb Pack,Household,1,12.35,12.35,S004,C0159,UPI
T011664,2024-08-23,P001,Notebook,Stationery,2,8.97,17.94,S001,C0160,UPI
T011665,2024-03-04,P019,Baseball Cap,Apparel,6,15.78,94.68,S001,C0087,UPI
T011666,2024-10-14,P003,Desk Organizer,Stationery,3,13.26,39.78,S002,C0045,Card
T011667,2024-05-31,P015,Storage Basket,Household,1,17.2,17.2,S004,C0077,UPI
T011668,2024-11-02,P018,Canvas Tote Bag,Apparel,4,14.28,57.12,S003,C0220,UPI
T011669,2025-06-06,P023,Hand Trowel,Outdoor,1,10.84,10.84,S002,C0257,UPI
T011670,2025-03-25,P006,USB-C Hub,Electronics,3,32.97,98.91,S004,C0040,Card
T011671,2024-07-11,P021,Garden Gloves,Outdoor,1,9.45,9.45,S001,C0053,Bank Transfer
T011672,2024-07-03,P001,Notebook,Stationery,1,8.21,8.21,S003,C0198,Card
T011673,2025-04-14,P018,Canvas Tote Bag,Apparel,2,12.74,25.48,S001,C0270,UPI
T011674,2023-03-28,P006,USB-C Hub,Electronics,3,32.82,98.46,S003,C0038,Bank Transfer
T011675,2023-10-02,P010,Tea Assortment,Food and Beverage,2,12.16,24.32,S004,C0018,Cash
T011676,2023-08-02,P017,Cotton T-Shirt,Apparel,1,20.32,20.32,S001,C0203,UPI
T011677,2023-07-27,P016,LED Bulb Pack,Household,1,11.94,11.94,S001,C0299,Card
T011678,2025-03-01,P006,USB-C Hub,Electronics,2,33.48,66.96,S001,C0008,Card
T011679,2025-05-24,P022,Plant Pot,Outdoor,1,11.5,11.5,S004,C0125,UPI
T011680,2025-04-24,P001,Notebook,Stationery,1,8.67,8.67,S003,C0230,UPI
T011681,2024-10-20,P006,USB-C Hub,Electronics,2,35.74,71.48,S004,C0046,Cash
T011682,2025-09-07,P010,Tea Assortment,Food and Beverage,1,12.93,12.93,S003,C0075,Card
T011683,2023-01-24,P005,Wireless Mouse,Electronics,1,25.62,25.62,S001,C0286,Card
T011684,2024-10-05,P013,Hand Soap,Household,2,4.5,9.0,S004,C0291,Card
T011685,2025-09-28,P010,Tea Assortment,Food and Beverage,1,13.16,13.16,S003,C0224,UPI
T011686,2024-05-04,P023,Hand Trowel,Outdoor,3,10.31,30.93,S001,C0077,UPI
T011687,2023-09-05,P009,Coffee Beans,Food and Beverage,3,16.09,48.27,S001,C0247,Card
T011688,2025-02-12,P024,Watering Can,Outdoor,4,20.43,81.72,S001,C0066,UPI
T011689,2024-05-11,P005,Wireless Mouse,Electronics,1,25.81,25.81,S004,C0091,Bank Transfer
T011690,2025-08-19,P024,Watering Can,Outdoor,4,22.15,88.6,S002,C0036,Cash
T011691,2025-10-03,P015,Storage Basket,Household,5,16.82,84.1,S001,C0091,UPI
T011692,2023-05-14,P014,Cleaning Spray,Household,2,7.55,15.1,S001,C0131,Card
T011693,2024-03-30,P015,Storage Basket,Household,5,17.43,87.15,S004,C0156,UPI
T011694,2025-01-11,P005,Wireless Mouse,Electronics,2,26.46,52.92,S003,C0074,UPI
T011695,2025-09-06,P006,USB-C Hub,Electronics,1,34.48,34.48,S001,C0099,Card
T011696,2024-04-28,P001,Notebook,Stationery,6,8.41,50.46,S004,C0193,UPI
T011697,2023-02-23,P024,Watering Can,Outdoor,4,20.32,81.28,S001,C0070,Card
T011698,2024-08-04,P005,Wireless Mouse,Electronics,4,25.48,101.92,S001,C0223,Card
T011699,2025-08-06,P002,Ballpoint Pen Pack,Stationery,2,5.16,10.32,S003,C0010,Card
T011700,2024-01-30,P021,Garden Gloves,Outdoor,1,9.22,9.22,S003,C0267,Cash
T011701,2024-12-19,P010,Tea Assortment,Food and Beverage,2,12.48,24.96,S003,C0142,Card
T011702,2023-01-27,P024,Watering Can,Outdoor,1,21.59,21.59,S003,C0108,Card
T011703,2023-06-28,P021,Garden Gloves,Outdoor,1,8.9,8.9,S001,C0014,Card
T011704,2023-08-24,P024,Watering Can,Outdoor,4,20.53,82.12,S004,C0039,Card
T011705,2024-11-21,P002,Ballpoint Pen Pack,Stationery,1,5.02,5.02,S001,C0016,Card
T011706,2025-10-15,P019,Baseball Cap,Apparel,1,16.62,16.62,S004,C0022,Card
T011707,2023-11-06,P019,Baseball Cap,Apparel,1,15.67,15.67,S001,C0275,UPI
T011708,2024-05-22,P008,Webcam,Electronics,1,57.54,57.54,S004,C0290,Card
T011709,2023-11-13,P024,Watering Can,Outdoor,2,19.88,39.76,S001,C0180,Card
T011710,2024-10-11,P020,Running Socks,Apparel,1,9.66,9.66,S004,C0183,Card
T011711,2024-05-03,P004,Printer Paper,Stationery,3,6.47,19.41,S004,C0216,UPI
T011712,2024-01-30,P013,Hand Soap,Household,3,4.91,14.73,S002,C0038,UPI
T011713,2025-09-14,P017,Cotton T-Shirt,Apparel,3,19.53,58.59,S004,C0006,Card
T011714,2023-01-16,P003,Desk Organizer,Stationery,1,14.16,14.16,S003,C0156,Cash
T011715,2024-10-24,P006,USB-C Hub,Electronics,1,32.78,32.78,S001,C0191,UPI
T011716,2025-08-06,P009,Coffee Beans,Food and Beverage,4,15.39,61.56,S004,C0029,UPI
T011717,2023-04-10,P003,Desk Organizer,Stationery,1,14.65,14.65,S001,C0063,Card
T011718,2024-04-16,P001,Notebook,Stationery,3,8.95,26.85,S002,C0059,Cash
T011719,2025-09-30,P009,Coffee Beans,Food and Beverage,1,14.76,14.76,S003,C0076,UPI
T011720,2025-11-10,P005,Wireless Mouse,Electronics,2,25.06,50.12,S001,C0222,UPI
T011721,2025-09-25,P011,Reusable Water Bottle,Food and Beverage,2,18.77,37.54,S002,C0022,Card
T011722,2024-07-08,P021,Garden Gloves,Outdoor,2,8.91,17.82,S001,C0168,Bank Transfer
T011723,2025-06-27,P005,Wireless Mouse,Electronics,2,25.76,51.52,S002,C0275,Card
T011724,2024-03-05,P005,Wireless Mouse,Electronics,2,26.08,52.16,S002,C0013,Card
T011725,2023-03-16,P016,LED Bulb Pack,Household,2,12.57,25.14,S003,C0119,UPI
T011726,2025-07-01,P023,Hand Trowel,Outdoor,2,11.04,22.08,S004,C0225,UPI
T011727,2024-06-14,P004,Printer Paper,Stationery,1,6.64,6.64,S001,C0252,Card
T011728,2025-07-12,P006,USB-C Hub,Electronics,2,33.76,67.52,S003,C0149,Cash
T011729,2024-07-07,P002,Ballpoint Pen Pack,Stationery,3,5.22,15.66,S003,C0027,Card
T011730,2023-04-06,P009,Coffee Beans,Food and Beverage,1,15.61,15.61,S002,C0200,Card
T011731,2025-08-02,P004,Printer Paper,Stationery,4,7.12,28.48,S004,C0208,Cash
T011732,2025-06-12,P018,Canvas Tote Bag,Apparel,1,12.88,12.88,S001,C0082,Cash
T011733,2024-08-16,P019,Baseball Cap,Apparel,3,15.12,45.36,S004,C0238,UPI
T011734,2025-12-05,P014,Cleaning Spray,Household,3,7.61,22.83,S001,C0025,Cash
T011735,2024-11-10,P019,Baseball Cap,Apparel,1,15.85,15.85,S002,C0056,UPI
T011736,2023-06-30,P001,Notebook,Stationery,2,8.99,17.98,S004,C0190,UPI
T011737,2024-06-30,P019,Baseball Cap,Apparel,6,16.39,98.34,S001,C0168,Card
T011738,2025-11-21,P021,Garden Gloves,Outdoor,4,9.25,37.0,S004,C0089,Card
T011739,2023-12-25,P014,Cleaning Spray,Household,2,7.58,15.16,S001,C0013,UPI
T011740,2024-05-29,P008,Webcam,Electronics,2,59.3,118.6,S001,C0182,UPI
T011741,2023-03-22,P009,Coffee Beans,Food and Beverage,3,15.17,45.51,S002,C0015,UPI
T011742,2024-02-27,P003,Desk Organizer,Stationery,3,13.6,40.8,S002,C0259,Card
T011743,2025-09-04,P005,Wireless Mouse,Electronics,3,26.49,79.47,S003,C0021,Card
T011744,2024-09-24,P002,Ballpoint Pen Pack,Stationery,6,5.27,31.62,S002,C0021,Card
T011745,2025-09-08,P020,Running Socks,Apparel,2,9.68,19.36,S001,C0213,Cash
T011746,2023-11-08,P014,Cleaning Spray,Household,1,7.47,7.47,S001,C0237,UPI
T011747,2025-09-22,P015,Storage Basket,Household,3,17.01,51.03,S003,C0128,Card
T011748,2023-11-17,P020,Running Socks,Apparel,2,10.42,20.84,S004,C0182,Cash
T011749,2025-02-17,P003,Desk Organizer,Stationery,2,13.4,26.8,S001,C0244,UPI
T011750,2024-02-22,P013,Hand Soap,Household,1,4.69,4.69,S002,C0146,Card
T011751,2024-11-10,P017,Cotton T-Shirt,Apparel,1,20.56,20.56,S002,C0035,UPI
T011752,2024-07-19,P018,Canvas Tote Bag,Apparel,4,12.71,50.84,S002,C0122,Card
T011753,2023-03-04,P009,Coffee Beans,Food and Beverage,1,16.24,16.24,S001,C0291,Card
T011754,2023-06-18,P021,Garden Gloves,Outdoor,3,9.52,28.56,S001,C0294,UPI
T011755,2024-10-22,P005,Wireless Mouse,Electronics,1,24.31,24.31,S001,C0123,Card
T011756,2023-10-14,P005,Wireless Mouse,Electronics,4,26.47,105.88,S002,C0283,UPI
T011757,2025-04-30,P018,Canvas Tote Bag,Apparel,6,13.82,82.92,S002,C0021,Card
T011758,2025-04-20,P022,Plant Pot,Outdoor,5,11.78,58.9,S004,C0030,Card
T011759,2025-05-06,P008,Webcam,Electronics,2,61.57,123.14,S002,C0029,Card
T011760,2023-01-29,P019,Baseball Cap,Apparel,2,15.48,30.96,S001,C0201,Card
T011761,2024-01-02,P011,Reusable Water Bottle,Food and Beverage,3,17.76,53.28,S004,C0250,Card
T011762,2023-02-06,P009,Coffee Beans,Food and Beverage,1,15.14,15.14,S003,C0160,Card
T011763,2023-06-12,P009,Coffee Beans,Food and Beverage,2,15.95,31.9,S001,C0228,UPI
T011764,2023-02-12,P024,Watering Can,Outdoor,3,21.64,64.92,S003,C0207,UPI
T011765,2024-12-01,P009,Coffee Beans,Food and Beverage,4,15.05,60.2,S002,C0174,UPI
T011766,2024-06-08,P003,Desk Organizer,Stationery,1,13.31,13.31,S001,C0084,UPI
T011767,2025-10-05,P006,USB-C Hub,Electronics,1,34.99,34.99,S002,C0115,Cash
T011768,2023-05-23,P007,Bluetooth Speaker,Electronics,1,51.88,51.88,S001,C0096,Bank Transfer
T011769,2024-04-07,P003,Desk Organizer,Stationery,3,14.77,44.31,S004,C0156,Card
T011770,2023-10-07,P007,Bluetooth Speaker,Electronics,1,49.97,49.97,S002,C0118,Bank Transfer
T011771,2023-06-19,P002,Ballpoint Pen Pack,Stationery,3,5.0,15.0,S002,C0229,UPI
T011772,2024-07-26,P004,Printer Paper,Stationery,2,6.8,13.6,S003,C0206,UPI
T011773,2023-11-14,P024,Watering Can,Outdoor,1,21.59,21.59,S001,C0081,UPI
T011774,2024-08-10,P009,Coffee Beans,Food and Beverage,2,15.0,30.0,S001,C0093,UPI
T011775,2025-11-01,P021,Garden Gloves,Outdoor,2,9.4,18.8,S003,C0139,Card
T011776,2023-12-05,P005,Wireless Mouse,Electronics,3,24.62,73.86,S001,C0278,UPI
T011777,2024-01-23,P004,Printer Paper,Stationery,3,7.15,21.45,S001,C0062,Cash
T011778,2025-08-16,P018,Canvas Tote Bag,Apparel,2,14.08,28.16,S002,C0035,UPI
T011779,2023-08-16,P018,Canvas Tote Bag,Apparel,2,14.28,28.56,S002,C0226,Card
T011780,2023-08-10,P004,Printer Paper,Stationery,6,6.79,40.74,S003,C0109,UPI
T011781,2024-09-26,P004,Printer Paper,Stationery,2,6.94,13.88,S003,C0069,Card
T011782,2024-09-03,P015,Storage Basket,Household,3,15.97,47.91,S002,C0014,Cash
T011783,2024-08-31,P013,Hand Soap,Household,3,4.65,13.95,S002,C0181,Cash
T011784,2024-07-13,P009,Coffee Beans,Food and Beverage,2,16.04,32.08,S004,C0074,UPI
T011785,2025-07-13,P007,Bluetooth Speaker,Electronics,2,48.14,96.28,S003,C0180,Cash
T011786,2024-10-01,P016,LED Bulb Pack,Household,4,12.46,49.84,S002,C0104,Card
T011787,2024-11-02,P002,Ballpoint Pen Pack,Stationery,1,5.53,5.53,S004,C0213,Card
T011788,2024-06-26,P019,Baseball Cap,Apparel,1,15.49,15.49,S001,C0108,UPI
T011789,2023-02-20,P001,Notebook,Stationery,5,9.0,45.0,S003,C0112,UPI
T011790,2024-10-21,P010,Tea Assortment,Food and Beverage,4,12.67,50.68,S002,C0067,Card
T011791,2023-09-05,P005,Wireless Mouse,Electronics,3,23.72,71.16,S004,C0213,UPI
T011792,2024-07-26,P004,Printer Paper,Stationery,1,6.42,6.42,S004,C0214,UPI
T011793,2024-11-15,P004,Printer Paper,Stationery,2,6.42,12.84,S004,C0275,Bank Transfer
T011794,2025-11-13,P002,Ballpoint Pen Pack,Stationery,1,5.0,5.0,S004,C0072,Bank Transfer
T011795,2024-09-18,P002,Ballpoint Pen Pack,Stationery,1,5.52,5.52,S004,C0089,Bank Transfer
T011796,2025-11-23,P005,Wireless Mouse,Electronics,3,24.15,72.45,S001,C0120,Bank Transfer
T011797,2024-06-11,P001,Notebook,Stationery,1,8.27,8.27,S003,C0075,UPI
T011798,2023-03-26,P016,LED Bulb Pack,Household,1,12.61,12.61,S004,C0185,Card
T011799,2025-01-06,P006,USB-C Hub,Electronics,1,35.27,35.27,S004,C0096,Card
T011800,2024-09-14,P016,LED Bulb Pack,Household,2,12.54,25.08,S003,C0238,Card
T011801,2023-06-21,P003,Desk Organizer,Stationery,2,13.37,26.74,S002,C0165,UPI
T011802,2023-11-23,P002,Ballpoint Pen Pack,Stationery,6,5.32,31.92,S002,C0252,Card
T011803,2024-03-01,P009,Coffee Beans,Food and Beverage,1,14.62,14.62,S002,C0032,Bank Transfer
T011804,2023-12-04,P007,Bluetooth Speaker,Electronics,2,51.98,103.96,S003,C0083,Cash
T011805,2023-09-01,P019,Baseball Cap,Apparel,3,15.39,46.17,S001,C0024,Card
T011806,2025-08-16,P002,Ballpoint Pen Pack,Stationery,3,5.14,15.42,S002,C0030,Card
T011807,2023-09-18,P021,Garden Gloves,Outdoor,1,8.5,8.5,S003,C0132,Cash
T011808,2024-08-31,P016,LED Bulb Pack,Household,1,12.03,12.03,S003,C0168,Card
T011809,2024-11-04,P016,LED Bulb Pack,Household,2,11.89,23.78,S002,C0100,UPI
T011810,2024-05-24,P023,Hand Trowel,Outdoor,1,9.99,9.99,S003,C0296,Card
T011811,2024-10-26,P005,Wireless Mouse,Electronics,2,24.8,49.6,S002,C0202,Card
T011812,2023-07-29,P005,Wireless Mouse,Electronics,3,24.51,73.53,S004,C0075,Card
T011813,2025-01-13,P021,Garden Gloves,Outdoor,1,9.13,9.13,S002,C0032,Card
T011814,2023-06-12,P014,Cleaning Spray,Household,2,7.18,14.36,S001,C0060,Card
T011815,2023-06-30,P008,Webcam,Electronics,1,56.07,56.07,S003,C0094,Card
T011816,2023-09-09,P012,Snack Box,Food and Beverage,2,22.24,44.48,S001,C0096,Card
T011817,2024-08-17,P022,Plant Pot,Outdoor,1,11.66,11.66,S002,C0198,UPI
T011818,2024-10-18,P019,Baseball Cap,Apparel,3,16.39,49.17,S003,C0083,UPI
T011819,2025-02-13,P019,Baseball Cap,Apparel,1,15.12,15.12,S003,C0132,UPI
T011820,2023-02-24,P018,Canvas Tote Bag,Apparel,2,14.27,28.54,S003,C0194,Cash
T011821,2023-09-03,P004,Printer Paper,Stationery,2,6.76,13.52,S003,C0060,UPI
T011822,2023-01-12,P011,Reusable Water Bottle,Food and Beverage,1,18.15,18.15,S002,C0044,UPI
T011823,2025-06-07,P009,Coffee Beans,Food and Beverage,2,14.96,29.92,S002,C0239,UPI
T011824,2025-02-24,P001,Notebook,Stationery,2,8.22,16.44,S001,C0180,Cash
T011825,2023-07-02,P018,Canvas Tote Bag,Apparel,1,13.27,13.27,S003,C0234,Card
T011826,2024-09-15,P024,Watering Can,Outdoor,3,20.3,60.9,S003,C0236,Card
T011827,2024-08-10,P016,LED Bulb Pack,Household,1,12.19,12.19,S001,C0226,Card
T011828,2023-09-21,P003,Desk Organizer,Stationery,1,13.68,13.68,S001,C0148,Card
T011829,2024-03-14,P017,Cotton T-Shirt,Apparel,1,21.03,21.03,S003,C0220,Card
T011830,2023-11-02,P015,Storage Basket,Household,1,16.0,16.0,S001,C0125,UPI
T011831,2025-12-27,P001,Notebook,Stationery,1,8.61,8.61,S002,C0221,Card
T011832,2024-02-05,P016,LED Bulb Pack,Household,3,11.91,35.73,S003,C0193,Card
T011833,2023-03-28,P007,Bluetooth Speaker,Electronics,1,52.08,52.08,S003,C0297,Card
T011834,2025-06-19,P016,LED Bulb Pack,Household,4,12.46,49.84,S001,C0254,Card
T011835,2025-01-14,P006,USB-C Hub,Electronics,2,33.37,66.74,S004,C0282,UPI
T011836,2024-10-12,P024,Watering Can,Outdoor,1,21.94,21.94,S003,C0041,UPI
T011837,2023-04-01,P004,Printer Paper,Stationery,3,6.71,20.13,S003,C0215,UPI
T011838,2023-02-01,P023,Hand Trowel,Outdoor,1,10.09,10.09,S004,C0057,UPI
T011839,2023-04-12,P019,Baseball Cap,Apparel,1,15.84,15.84,S002,C0231,UPI
T011840,2024-11-17,P017,Cotton T-Shirt,Apparel,1,20.68,20.68,S003,C0014,Cash
T011841,2024-04-05,P011,Reusable Water Bottle,Food and Beverage,5,17.58,87.9,S002,C0097,Card
T011842,2025-12-28,P005,Wireless Mouse,Electronics,1,25.27,25.27,S001,C0012,Cash
T011843,2024-10-19,P011,Reusable Water Bottle,Food and Beverage,5,18.85,94.25,S003,C0285,Cash
T011844,2025-02-19,P008,Webcam,Electronics,2,56.22,112.44,S004,C0284,UPI
T011845,2024-12-13,P019,Baseball Cap,Apparel,4,15.92,63.68,S004,C0268,Cash
T011846,2023-10-26,P009,Coffee Beans,Food and Beverage,2,14.78,29.56,S002,C0166,Cash
T011847,2023-04-17,P018,Canvas Tote Bag,Apparel,4,12.89,51.56,S003,C0248,UPI
T011848,2024-09-11,P009,Coffee Beans,Food and Beverage,3,15.47,46.41,S001,C0211,Card
T011849,2024-04-22,P012,Snack Box,Food and Beverage,2,22.9,45.8,S002,C0300,Card
T011850,2023-02-15,P009,Coffee Beans,Food and Beverage,1,15.86,15.86,S003,C0092,Card
T011851,2025-03-14,P017,Cotton T-Shirt,Apparel,3,20.88,62.64,S003,C0069,Cash
T011852,2024-06-11,P024,Watering Can,Outdoor,4,21.52,86.08,S001,C0242,Card
T011853,2023-06-04,P010,Tea Assortment,Food and Beverage,1,12.65,12.65,S001,C0052,UPI
T011854,2025-07-20,P010,Tea Assortment,Food and Beverage,1,12.08,12.08,S002,C0290,UPI
T011855,2024-12-12,P017,Cotton T-Shirt,Apparel,3,19.42,58.26,S001,C0063,Card
T011856,2024-05-17,P013,Hand Soap,Household,2,4.65,9.3,S003,C0142,Cash
T011857,2023-11-14,P008,Webcam,Electronics,3,59.57,178.71,S002,C0177,UPI
T011858,2025-03-02,P009,Coffee Beans,Food and Beverage,1,16.01,16.01,S001,C0191,UPI
T011859,2025-07-29,P001,Notebook,Stationery,2,8.14,16.28,S004,C0173,Cash
T011860,2025-12-29,P019,Baseball Cap,Apparel,1,15.67,15.67,S002,C0113,Card
T011861,2023-12-14,P003,Desk Organizer,Stationery,1,14.28,14.28,S002,C0128,Card
T011862,2023-10-01,P013,Hand Soap,Household,5,4.87,24.35,S001,C0280,Cash
T011863,2023-09-22,P024,Watering Can,Outdoor,5,20.91,104.55,S002,C0016,Bank Transfer
T011864,2025-10-14,P021,Garden Gloves,Outdoor,3,8.88,26.64,S004,C0074,UPI
T011865,2024-12-11,P006,USB-C Hub,Electronics,2,34.72,69.44,S002,C0246,Bank Transfer
T011866,2024-02-24,P006,USB-C Hub,Electronics,4,33.55,134.2,S004,C0268,UPI
T011867,2025-09-16,P001,Notebook,Stationery,1,8.91,8.91,S001,C0192,UPI
T011868,2023-06-08,P022,Plant Pot,Outdoor,4,12.45,49.8,S001,C0068,Card
T011869,2024-10-20,P011,Reusable Water Bottle,Food and Beverage,1,17.74,17.74,S003,C0043,UPI
T011870,2024-12-20,P007,Bluetooth Speaker,Electronics,1,48.55,48.55,S001,C0038,Card
T011871,2025-06-26,P007,Bluetooth Speaker,Electronics,2,52.65,105.3,S004,C0149,Card
T011872,2025-09-27,P002,Ballpoint Pen Pack,Stationery,1,5.52,5.52,S001,C0060,Card
T011873,2023-03-08,P015,Storage Basket,Household,4,16.58,66.32,S002,C0118,UPI
T011874,2024-11-03,P017,Cotton T-Shirt,Apparel,1,20.78,20.78,S001,C0174,UPI
T011875,2025-02-22,P001,Notebook,Stationery,1,8.46,8.46,S003,C0243,UPI
T011876,2025-01-09,P001,Notebook,Stationery,5,8.16,40.8,S004,C0065,Cash
T011877,2024-03-16,P018,Canvas Tote Bag,Apparel,2,14.11,28.22,S001,C0052,Card
T011878,2025-09-26,P009,Coffee Beans,Food and Beverage,2,15.38,30.76,S001,C0297,UPI
T011879,2025-03-24,P013,Hand Soap,Household,2,4.78,9.56,S001,C0252,Cash
T011880,2023-06-08,P022,Plant Pot,Outdoor,2,11.69,23.38,S003,C0192,Card
T011881,2023-06-24,P014,Cleaning Spray,Household,3,7.3,21.9,S004,C0010,Card
T011882,2024-02-02,P023,Hand Trowel,Outdoor,1,10.95,10.95,S002,C0199,Card
T011883,2025-11-14,P014,Cleaning Spray,Household,1,7.01,7.01,S002,C0223,UPI
T011884,2025-10-12,P016,LED Bulb Pack,Household,4,11.86,47.44,S003,C0013,Card
T011885,2024-01-17,P010,Tea Assortment,Food and Beverage,2,12.1,24.2,S001,C0021,Card
T011886,2025-09-19,P005,Wireless Mouse,Electronics,1,24.24,24.24,S001,C0047,Card
T011887,2025-05-28,P006,USB-C Hub,Electronics,4,33.05,132.2,S003,C0070,Card
T011888,2025-05-02,P021,Garden Gloves,Outdoor,2,8.72,17.44,S004,C0105,UPI
T011889,2025-01-20,P002,Ballpoint Pen Pack,Stationery,3,5.01,15.03,S003,C0038,Card
T011890,2023-03-03,P012,Snack Box,Food and Beverage,5,23.35,116.75,S001,C0230,UPI
T011891,2024-11-20,P021,Garden Gloves,Outdoor,1,9.18,9.18,S002,C0253,UPI
T011892,2025-11-12,P018,Canvas Tote Bag,Apparel,2,13.43,26.86,S001,C0230,Card
T011893,2023-06-01,P011,Reusable Water Bottle,Food and Beverage,1,17.28,17.28,S002,C0281,Cash
T011894,2024-08-11,P022,Plant Pot,Outdoor,5,11.32,56.6,S004,C0058,UPI
T011895,2023-12-10,P012,Snack Box,Food and Beverage,3,21.7,65.1,S002,C0133,Bank Transfer
T011896,2023-11-13,P022,Plant Pot,Outdoor,3,11.83,35.49,S002,C0158,UPI
T011897,2024-05-15,P021,Garden Gloves,Outdoor,3,9.22,27.66,S004,C0151,UPI
T011898,2025-10-07,P007,Bluetooth Speaker,Electronics,2,47.91,95.82,S001,C0295,Cash
T011899,2023-01-29,P002,Ballpoint Pen Pack,Stationery,3,5.13,15.39,S001,C0073,Bank Transfer
T011900,2023-03-11,P006,USB-C Hub,Electronics,3,34.27,102.81,S001,C0298,UPI
T011901,2025-12-30,P012,Snack Box,Food and Beverage,1,21.69,21.69,S001,C0192,Cash
T011902,2024-07-04,P002,Ballpoint Pen Pack,Stationery,2,4.99,9.98,S003,C0226,Cash
T011903,2024-06-24,P016,LED Bulb Pack,Household,1,11.72,11.72,S001,C0295,UPI
T011904,2023-12-29,P011,Reusable Water Bottle,Food and Beverage,1,17.25,17.25,S001,C0013,Cash
T011905,2024-11-11,P004,Printer Paper,Stationery,1,7.08,7.08,S002,C0156,UPI
T011906,2024-10-06,P007,Bluetooth Speaker,Electronics,3,47.46,142.38,S001,C0124,Cash
T011907,2025-12-03,P006,USB-C Hub,Electronics,2,35.53,71.06,S004,C0288,Card
T011908,2023-10-01,P005,Wireless Mouse,Electronics,1,25.65,25.65,S003,C0285,UPI
T011909,2025-06-07,P001,Notebook,Stationery,1,8.97,8.97,S003,C0039,Card
T011910,2023-05-22,P007,Bluetooth Speaker,Electronics,4,51.85,207.4,S003,C0069,Bank Transfer
T011911,2024-02-28,P009,Coffee Beans,Food and Beverage,3,15.4,46.2,S003,C0177,Card
T011912,2023-07-15,P023,Hand Trowel,Outdoor,1,10.77,10.77,S003,C0140,Card
T011913,2023-09-26,P016,LED Bulb Pack,Household,1,11.38,11.38,S003,C0292,UPI
T011914,2025-02-19,P009,Coffee Beans,Food and Beverage,1,14.57,14.57,S004,C0044,UPI
T011915,2023-05-31,P010,Tea Assortment,Food and Beverage,2,13.46,26.92,S004,C0051,UPI
T011916,2024-06-09,P002,Ballpoint Pen Pack,Stationery,3,4.96,14.88,S004,C0071,Cash
T011917,2023-06-27,P005,Wireless Mouse,Electronics,4,25.7,102.8,S001,C0229,UPI
T011918,2024-09-18,P018,Canvas Tote Bag,Apparel,4,13.49,53.96,S001,C0008,Bank Transfer
T011919,2023-01-24,P019,Baseball Cap,Apparel,1,15.18,15.18,S002,C0194,Card
T011920,2024-12-10,P002,Ballpoint Pen Pack,Stationery,2,5.01,10.02,S002,C0292,Card
T011921,2024-10-11,P008,Webcam,Electronics,2,61.12,122.24,S001,C0048,Card
T011922,2024-04-12,P013,Hand Soap,Household,5,4.87,24.35,S003,C0113,Bank Transfer
T011923,2025-06-03,P005,Wireless Mouse,Electronics,1,24.3,24.3,S004,C0151,UPI
T011924,2025-10-18,P006,USB-C Hub,Electronics,1,34.67,34.67,S002,C0153,Card
T011925,2023-04-19,P021,Garden Gloves,Outdoor,1,9.38,9.38,S002,C0001,Cash
T011926,2025-07-21,P006,USB-C Hub,Electronics,5,35.43,177.15,S002,C0209,Cash
T011927,2025-10-09,P002,Ballpoint Pen Pack,Stationery,3,5.43,16.29,S001,C0203,Card
T011928,2024-09-03,P002,Ballpoint Pen Pack,Stationery,5,5.22,26.1,S001,C0300,Card
T011929,2024-03-08,P004,Printer Paper,Stationery,2,7.12,14.24,S001,C0076,UPI
T011930,2023-02-11,P002,Ballpoint Pen Pack,Stationery,1,5.17,5.17,S002,C0137,Card
T011931,2024-02-22,P011,Reusable Water Bottle,Food and Beverage,1,17.67,17.67,S003,C0285,UPI
T011932,2023-04-25,P015,Storage Basket,Household,4,17.26,69.04,S002,C0132,Card
T011933,2023-07-26,P002,Ballpoint Pen Pack,Stationery,3,5.08,15.24,S001,C0273,Cash
T011934,2025-09-09,P004,Printer Paper,Stationery,2,6.54,13.08,S001,C0021,UPI
T011935,2023-09-07,P002,Ballpoint Pen Pack,Stationery,1,4.97,4.97,S002,C0276,UPI
T011936,2024-10-02,P014,Cleaning Spray,Household,5,7.12,35.6,S003,C0046,Card
T011937,2023-08-12,P015,Storage Basket,Household,6,16.26,97.56,S002,C0161,UPI
T011938,2023-04-27,P018,Canvas Tote Bag,Apparel,1,13.08,13.08,S002,C0188,Cash
T011939,2023-09-11,P018,Canvas Tote Bag,Apparel,4,13.4,53.6,S003,C0007,Cash
T011940,2024-06-13,P009,Coffee Beans,Food and Beverage,6,15.19,91.14,S004,C0025,UPI
T011941,2023-05-09,P002,Ballpoint Pen Pack,Stationery,1,5.36,5.36,S001,C0280,Card
T011942,2024-08-26,P001,Notebook,Stationery,1,8.66,8.66,S004,C0114,Bank Transfer
T011943,2023-05-25,P023,Hand Trowel,Outdoor,2,10.67,21.34,S003,C0221,Card
T011944,2024-02-11,P012,Snack Box,Food and Beverage,3,22.26,66.78,S002,C0119,UPI
T011945,2023-01-14,P024,Watering Can,Outdoor,4,21.65,86.6,S001,C0239,Bank Transfer
T011946,2024-09-10,P011,Reusable Water Bottle,Food and Beverage,3,18.12,54.36,S003,C0129,Cash
T011947,2024-10-01,P016,LED Bulb Pack,Household,3,11.65,34.95,S003,C0185,Bank Transfer
T011948,2023-12-30,P017,Cotton T-Shirt,Apparel,5,20.25,101.25,S002,C0147,UPI
T011949,2023-04-27,P003,Desk Organizer,Stationery,1,13.96,13.96,S004,C0187,Card
T011950,2023-03-27,P019,Baseball Cap,Apparel,6,15.78,94.68,S003,C0154,Card
T011951,2024-04-22,P015,Storage Basket,Household,3,15.75,47.25,S003,C0254,Cash
T011952,2023-03-21,P013,Hand Soap,Household,2,5.01,10.02,S003,C0240,Cash
T011953,2023-03-27,P016,LED Bulb Pack,Household,1,11.85,11.85,S001,C0243,Card
T011954,2025-12-09,P010,Tea Assortment,Food and Beverage,1,12.55,12.55,S002,C0162,Card
T011955,2024-06-02,P013,Hand Soap,Household,3,5.03,15.09,S002,C0119,UPI
T011956,2025-11-28,P002,Ballpoint Pen Pack,Stationery,3,5.37,16.11,S004,C0191,UPI
T011957,2024-07-06,P001,Notebook,Stationery,3,8.98,26.94,S002,C0102,Card
T011958,2024-08-26,P007,Bluetooth Speaker,Electronics,3,51.4,154.2,S004,C0126,Card
T011959,2024-11-13,P005,Wireless Mouse,Electronics,2,23.54,47.08,S001,C0124,UPI
T011960,2025-09-20,P020,Running Socks,Apparel,4,10.2,40.8,S001,C0144,UPI
T011961,2024-09-07,P009,Coffee Beans,Food and Beverage,1,15.08,15.08,S004,C0113,Card
T011962,2023-03-09,P014,Cleaning Spray,Household,3,6.84,20.52,S001,C0284,UPI
T011963,2024-05-30,P005,Wireless Mouse,Electronics,2,24.19,48.38,S001,C0123,Card
T011964,2023-11-07,P006,USB-C Hub,Electronics,1,35.89,35.89,S002,C0281,Card
T011965,2023-05-24,P014,Cleaning Spray,Household,2,7.67,15.34,S004,C0285,UPI
T011966,2025-03-29,P001,Notebook,Stationery,2,8.76,17.52,S001,C0212,Card
T011967,2024-04-25,P007,Bluetooth Speaker,Electronics,1,51.13,51.13,S004,C0146,Card
T011968,2023-05-25,P003,Desk Organizer,Stationery,1,13.49,13.49,S001,C0004,UPI
T011969,2024-05-04,P001,Notebook,Stationery,3,8.81,26.43,S001,C0204,Card
T011970,2025-11-18,P004,Printer Paper,Stationery,4,6.85,27.4,S003,C0111,Card
T011971,2025-10-01,P008,Webcam,Electronics,1,58.83,58.83,S002,C0181,UPI
T011972,2023-09-29,P016,LED Bulb Pack,Household,2,11.88,23.76,S003,C0171,Cash
T011973,2025-11-23,P013,Hand Soap,Household,2,5.03,10.06,S003,C0194,UPI
T011974,2023-08-08,P002,Ballpoint Pen Pack,Stationery,3,5.17,15.51,S002,C0237,Card
T011975,2024-05-11,P017,Cotton T-Shirt,Apparel,1,20.42,20.42,S002,C0126,UPI
T011976,2024-12-18,P004,Printer Paper,Stationery,1,6.4,6.4,S001,C0147,UPI
T011977,2025-10-24,P013,Hand Soap,Household,4,4.84,19.36,S002,C0216,Card
T011978,2024-01-01,P004,Printer Paper,Stationery,2,7.07,14.14,S004,C0263,Card
T011979,2025-06-03,P010,Tea Assortment,Food and Beverage,2,13.45,26.9,S004,C0132,Cash
T011980,2025-08-07,P024,Watering Can,Outdoor,4,21.91,87.64,S001,C0159,Cash
T011981,2024-12-08,P002,Ballpoint Pen Pack,Stationery,1,5.35,5.35,S001,C0098,UPI
T011982,2024-09-23,P007,Bluetooth Speaker,Electronics,1,48.08,48.08,S003,C0232,Cash
T011983,2023-10-22,P005,Wireless Mouse,Electronics,1,24.82,24.82,S004,C0056,UPI
T011984,2023-12-08,P007,Bluetooth Speaker,Electronics,2,49.56,99.12,S002,C0022,Card
T011985,2025-04-14,P023,Hand Trowel,Outdoor,4,10.04,40.16,S003,C0076,Bank Transfer
T011986,2024-09-22,P012,Snack Box,Food and Beverage,4,23.53,94.12,S002,C0192,Card
T011987,2025-04-23,P003,Desk Organizer,Stationery,3,13.59,40.77,S003,C0008,Bank Transfer
T011988,2024-07-16,P005,Wireless Mouse,Electronics,1,26.39,26.39,S003,C0204,UPI
T011989,2023-01-12,P005,Wireless Mouse,Electronics,2,23.68,47.36,S003,C0091,Card
T011990,2024-12-18,P003,Desk Organizer,Stationery,4,14.21,56.84,S004,C0016,Bank Transfer
T011991,2025-12-11,P017,Cotton T-Shirt,Apparel,1,18.88,18.88,S003,C0220,Cash
T011992,2024-06-13,P001,Notebook,Stationery,3,8.77,26.31,S001,C0246,Card
T011993,2023-10-20,P004,Printer Paper,Stationery,4,6.73,26.92,S003,C0154,Card
T011994,2023-04-19,P018,Canvas Tote Bag,Apparel,2,13.58,27.16,S002,C0112,Card
T011995,2025-04-29,P017,Cotton T-Shirt,Apparel,1,19.06,19.06,S002,C0076,Card
T011996,2023-05-03,P017,Cotton T-Shirt,Apparel,2,20.49,40.98,S003,C0064,Card
T011997,2025-06-25,P002,Ballpoint Pen Pack,Stationery,5,5.47,27.35,S002,C0108,UPI
T011998,2023-03-05,P015,Storage Basket,Household,1,16.89,16.89,S003,C0300,UPI
T011999,2025-09-26,P019,Baseball Cap,Apparel,1,16.52,16.52,S002,C0017,Card
T012000,2023-03-25,P023,Hand Trowel,Outdoor,1,9.99,9.99,S002,C0268,Card
