id,product_id,customer_id,quantity,sales_amount,sale_date
1,FUR-BO-10001798,CG-12520,2,261.96,2016-11-08
2,FUR-CH-10000454,CG-12520,3,731.94,2016-11-08
3,OFF-LA-10000240,DV-13045,2,14.62,2016-06-12
4,FUR-TA-10000577,SO-20335,5,957.5775,2015-10-11
5,OFF-ST-10000760,SO-20335,2,22.368,2015-10-11
6,FUR-FU-10001487,BH-11710,7,48.86,2014-06-09
7,OFF-AR-10002833,BH-11710,4,7.28,2014-06-09
8,TEC-PH-10002275,BH-11710,6,907.152,2014-06-09
9,OFF-BI-10003910,BH-11710,3,18.504,2014-06-09
10,OFF-AP-10002892,BH-11710,5,114.9,2014-06-09
11,FUR-TA-10001539,BH-11710,9,1706.184,2014-06-09
12,TEC-PH-10002033,BH-11710,4,911.424,2014-06-09
13,OFF-PA-10002365,AA-10480,3,15.552,2017-04-15
14,OFF-BI-10003656,IM-15070,3,407.976,2016-12-05
15,OFF-AP-10002311,HP-14815,5,68.81,2015-11-22
16,OFF-BI-10000756,HP-14815,3,2.544,2015-11-22
17,OFF-ST-10004186,PK-19075,6,665.88,2014-11-11
18,OFF-ST-10000107,AG-10270,2,55.5,2014-05-13
19,OFF-AR-10003056,ZD-21925,2,8.56,2014-08-27
20,TEC-PH-10001949,ZD-21925,3,213.48,2014-08-27
21,OFF-BI-10002215,ZD-21925,4,22.72,2014-08-27
22,OFF-AR-10000246,KB-16585,7,19.46,2016-12-09
23,OFF-AP-10001492,KB-16585,7,60.34,2016-12-09
24,FUR-CH-10002774,SF-20065,2,71.372,2017-07-16
25,FUR-TA-10000577,EB-13870,3,1044.63,2015-09-25
26,OFF-BI-10001634,EH-13945,2,11.648,2016-01-16
27,TEC-AC-10003027,EH-13945,3,90.57,2016-01-16
28,FUR-BO-10004834,TB-21520,7,3083.43,2015-09-17
29,OFF-BI-10000474,TB-21520,2,9.618,2015-09-17
30,FUR-FU-10004848,TB-21520,3,124.2,2015-09-17
31,OFF-EN-10001509,TB-21520,2,3.264,2015-09-17
32,OFF-AR-10004042,TB-21520,6,86.304,2015-09-17
33,OFF-BI-10001525,TB-21520,6,6.858,2015-09-17
34,OFF-AR-10001683,TB-21520,2,15.76,2015-09-17
35,OFF-PA-10000249,MA-17560,3,29.472,2017-10-19
36,TEC-PH-10004977,GH-14485,7,1097.544,2016-12-08
37,FUR-FU-10003664,GH-14485,5,190.92,2016-12-08
38,OFF-EN-10002986,SN-20710,9,113.328,2015-12-27
39,FUR-BO-10002545,SN-20710,3,532.3992,2015-12-27
40,FUR-CH-10004218,SN-20710,3,212.058,2015-12-27
41,TEC-PH-10000486,SN-20710,4,371.168,2015-12-27
42,TEC-PH-10004093,LC-16930,4,147.168,2017-09-10
43,OFF-ST-10003479,RA-19885,2,77.88,2016-07-17
44,OFF-ST-10003282,ES-14080,2,95.616,2017-09-19
45,TEC-AC-10000171,ON-18715,2,45.98,2016-03-11
46,OFF-BI-10003291,ON-18715,2,17.46,2016-03-11
47,OFF-ST-10001713,PO-18865,4,211.96,2014-10-20
48,TEC-AC-10002167,LH-16900,3,45.0,2016-06-20
49,TEC-PH-10003988,LH-16900,2,21.8,2016-06-20
50,OFF-BI-10004410,DP-13000,6,38.22,2015-04-18
51,OFF-LA-10002762,DP-13000,6,75.18,2015-04-18
52,FUR-FU-10001706,DP-13000,2,6.16,2015-04-18
53,FUR-CH-10003061,DP-13000,1,89.99,2015-04-18
54,OFF-FA-10000304,JM-15265,7,15.26,2016-12-11
55,TEC-PH-10002447,JM-15265,5,1029.95,2016-12-11
56,OFF-ST-10000604,TB-21055,6,208.56,2016-06-17
57,OFF-PA-10001569,TB-21055,5,32.4,2016-06-17
58,FUR-CH-10003968,TB-21055,5,319.41,2016-06-17
59,OFF-PA-10000587,TB-21055,2,14.56,2016-06-17
60,TEC-AC-10002167,TB-21055,2,30.0,2016-06-17
61,OFF-BI-10001460,TB-21055,4,48.48,2016-06-17
62,OFF-AR-10001868,TB-21055,1,1.68,2016-06-17
63,TEC-AC-10004633,KM-16720,2,13.98,2015-11-24
64,OFF-BI-10001078,KM-16720,6,25.824,2015-11-24
65,OFF-PA-10003892,KM-16720,3,146.73,2015-11-24
66,FUR-FU-10000397,KM-16720,4,79.76,2015-11-24
67,FUR-CH-10001146,PS-18970,5,213.115,2015-04-30
68,OFF-AR-10002671,BS-11590,8,1113.024,2014-12-05
69,TEC-PH-10002726,BS-11590,4,167.968,2014-12-05
70,OFF-PA-10000482,KD-16270,2,75.88,2016-06-04
71,OFF-BI-10004654,HM-14980,1,4.616,2016-09-18
72,OFF-PA-10004675,TB-21520,3,19.05,2017-09-14
73,FUR-CH-10000513,JE-15745,8,831.936,2015-04-26
74,FUR-FU-10003708,JE-15745,2,97.04,2015-04-26
75,OFF-ST-10004123,JE-15745,1,72.784,2015-04-26
76,OFF-BI-10004182,KB-16600,3,1.248,2017-12-09
77,FUR-FU-10000260,KB-16600,3,9.708,2017-12-09
78,OFF-ST-10000615,KB-16600,3,27.24,2017-12-09
79,FUR-FU-10003194,JE-15745,5,19.3,2014-11-26
80,OFF-AP-10002118,SC-20770,1,208.16,2016-06-12
81,OFF-BI-10002309,SC-20770,3,16.74,2016-06-12
82,OFF-AR-10002053,DN-13690,5,14.9,2014-10-12
83,OFF-ST-10002370,DN-13690,1,21.39,2014-10-12
84,OFF-EN-10000927,JC-16105,7,200.984,2015-09-03
85,OFF-ST-10003656,CS-12400,3,230.376,2017-11-13
86,FUR-CH-10000863,PO-18865,2,301.96,2017-05-28
87,TEC-AC-10001998,PG-18895,1,19.99,2017-10-26
88,OFF-LA-10000134,PG-18895,2,6.16,2017-10-26
89,OFF-ST-10003442,GM-14455,7,158.368,2016-04-05
90,OFF-AR-10004930,JS-15685,3,20.1,2016-09-17
91,TEC-PH-10004093,JS-15685,2,73.584,2016-09-17
92,OFF-PA-10000304,JS-15685,1,6.48,2016-09-17
93,OFF-PA-10003177,KB-16315,2,12.96,2015-01-31
94,FUR-FU-10003799,KB-16315,3,53.34,2015-01-31
95,OFF-BI-10002852,KB-16315,2,32.96,2015-01-31
96,OFF-BI-10004738,RB-19705,1,5.682,2017-11-06
97,FUR-FU-10000629,PN-18775,7,96.53,2017-11-09
98,OFF-BI-10001721,KD-16345,3,51.312,2017-06-17
99,OFF-AP-10000358,ER-13855,6,77.88,2016-09-06
100,OFF-PA-10003256,RB-19465,7,64.624,2016-08-29
101,TEC-AC-10001767,RB-19465,3,95.976,2016-08-29
102,OFF-BI-10002609,RB-19465,3,1.788,2016-08-29
103,OFF-PA-10004040,GZ-14470,4,23.92,2016-12-01
104,TEC-AC-10001552,LC-16870,6,238.896,2015-11-13
105,FUR-FU-10004006,LC-16870,3,102.36,2015-11-13
106,OFF-BI-10002794,LC-16870,3,36.882,2015-11-13
107,TEC-AC-10003499,JM-15250,8,74.112,2017-11-23
108,TEC-PH-10002844,JM-15250,1,27.992,2017-11-23
109,OFF-AR-10000390,JM-15250,1,3.304,2017-11-23
110,TEC-AC-10000844,PA-19060,5,339.96,2015-10-15
111,FUR-FU-10001934,CV-12805,2,41.96,2017-12-25
112,OFF-AR-10000380,CL-12565,2,75.96,2016-11-03
113,OFF-BI-10003981,CL-12565,6,27.24,2016-11-03
114,OFF-FA-10000621,RC-19960,14,40.096,2014-08-25
115,OFF-EN-10002600,RC-19960,2,4.72,2014-08-25
116,OFF-PA-10004965,RC-19960,3,23.976,2014-08-25
117,OFF-EN-10002504,RC-19960,6,130.464,2014-08-25
118,FUR-TA-10001768,DK-13090,3,787.53,2015-03-02
119,OFF-BI-10003650,GG-14650,1,157.794,2015-04-05
120,FUR-FU-10002157,SC-20725,3,47.04,2016-06-12
121,OFF-BI-10003910,SC-20725,4,30.84,2016-06-12
122,OFF-ST-10000777,SC-20725,6,226.56,2016-06-12
123,OFF-EN-10002500,SC-20725,9,115.02,2016-06-12
124,TEC-PH-10003875,SC-20725,7,68.04,2016-06-12
125,FUR-CH-10004063,AD-10180,3,600.558,2014-12-26
126,FUR-TA-10004534,PF-19165,6,617.7,2014-09-20
127,OFF-BI-10003274,TS-21610,2,2.388,2017-11-05
128,OFF-ST-10002974,TS-21610,7,243.992,2017-11-05
129,FUR-CH-10001146,LS-16975,2,81.424,2016-11-06
130,FUR-FU-10003773,LS-16975,3,238.56,2016-11-06
131,TEC-PH-10002293,DW-13585,5,59.97,2017-02-02
132,OFF-PA-10002377,DW-13585,2,78.304,2017-02-02
133,OFF-FA-10002780,DW-13585,9,21.456,2017-02-02
134,OFF-PA-10001804,LC-16885,3,20.04,2016-10-13
135,OFF-PA-10001736,LC-16885,1,35.44,2016-10-13
136,OFF-AR-10001149,LC-16885,4,11.52,2016-10-13
137,OFF-FA-10002988,LC-16885,2,4.02,2016-10-13
138,OFF-BI-10004781,LC-16885,3,76.176,2016-10-13
139,OFF-SU-10001218,LC-16885,6,65.88,2016-10-13
140,FUR-FU-10001706,LC-16885,14,43.12,2016-10-13
141,FUR-FU-10004848,JD-15895,2,82.8,2016-09-05
142,OFF-AR-10000940,SH-19975,3,8.82,2017-09-18
143,OFF-EN-10004030,SH-19975,3,10.86,2017-09-18
144,OFF-PA-10004327,SH-19975,3,143.7,2017-09-18
145,OFF-AP-10001058,SG-20080,3,839.43,2017-12-22
146,OFF-ST-10003656,HA-14920,7,671.93,2015-09-07
147,FUR-FU-10000521,MG-17680,4,93.888,2014-10-22
148,TEC-PH-10000215,JE-16165,11,384.45,2016-12-05
149,TEC-PH-10001448,JE-16165,3,149.97,2016-12-05
150,FUR-CH-10000454,JE-16165,8,1951.84,2016-12-05
151,OFF-BI-10002735,JE-16165,5,171.55,2016-12-05
152,OFF-AP-10000326,TW-21025,5,157.92,2016-03-13
153,TEC-PH-10001254,TW-21025,2,203.184,2016-03-13
154,OFF-PA-10001950,SP-20650,7,58.38,2015-05-31
155,OFF-PA-10002254,SP-20650,4,105.52,2015-05-31
156,OFF-ST-10001590,SP-20650,6,80.88,2015-05-31
157,OFF-AR-10001547,NK-18490,3,6.63,2015-05-28
158,FUR-CH-10004063,DB-13060,2,457.568,2014-03-01
159,OFF-LA-10002475,NP-18670,2,14.62,2016-11-20
160,TEC-PH-10004536,NP-18670,7,944.93,2016-11-20
161,OFF-PA-10002751,TT-21070,1,5.98,2016-05-11
162,TEC-AC-10003657,EM-13960,2,54.384,2015-12-28
163,OFF-EN-10001990,RD-19900,5,28.4,2016-11-16
164,OFF-BI-10004002,MJ-17740,2,27.68,2016-11-07
165,OFF-AR-10004441,BM-11140,3,9.936,2014-09-08
166,TEC-MA-10000822,BM-11140,8,8159.952,2014-09-08
167,OFF-ST-10000991,BM-11140,3,275.928,2014-09-08
168,FUR-CH-10004287,BM-11140,9,1740.06,2014-09-08
169,OFF-AR-10002656,BM-11140,6,32.064,2014-09-08
170,OFF-AP-10002518,BM-11140,5,177.98,2014-09-08
171,TEC-PH-10003931,BM-11140,3,143.976,2014-09-08
172,OFF-PA-10000659,CS-12130,3,20.94,2014-08-05
173,OFF-PA-10001144,CS-12130,2,110.96,2014-08-05
174,FUR-CH-10003817,CS-12130,7,340.144,2014-08-05
175,OFF-AP-10000891,JB-15400,2,52.448,2014-09-14
176,OFF-LA-10003148,JB-15400,4,20.16,2014-09-14
177,OFF-AP-10002684,SJ-20500,4,97.264,2017-04-21
178,FUR-CH-10004698,JE-15745,7,396.802,2015-11-21
179,OFF-SU-10002189,JE-15745,5,15.88,2015-11-21
180,OFF-AR-10001940,JK-15640,1,3.28,2015-12-15
181,OFF-ST-10003455,DK-13150,2,24.816,2014-12-05
182,TEC-AC-10004659,DK-13150,7,408.744,2014-12-05
183,TEC-PH-10003273,RM-19675,4,503.96,2014-11-19
184,TEC-PH-10004896,RM-19675,5,149.95,2014-11-19
185,TEC-AC-10002345,RM-19675,2,29.0,2014-11-19
186,OFF-BI-10001890,SK-19990,2,7.16,2016-11-28
187,TEC-AC-10002323,FM-14290,8,176.8,2014-08-26
188,OFF-ST-10001328,AM-10360,3,37.224,2016-07-16
189,OFF-PA-10001950,AM-10360,3,20.016,2016-07-16
190,FUR-BO-10002613,MP-17470,4,899.136,2015-10-12
191,TEC-PH-10001552,MP-17470,6,71.76,2015-10-12
192,OFF-PA-10000061,MP-17470,8,51.84,2015-10-12
193,FUR-BO-10002545,MP-17470,3,626.352,2015-10-12
194,OFF-AR-10003514,MP-17470,5,19.9,2015-10-12
195,OFF-EN-10001509,MZ-17515,7,14.28,2015-10-31
196,OFF-AR-10004685,CB-12025,2,7.408,2014-03-21
197,OFF-AR-10004027,CB-12025,3,6.048,2014-03-21
198,OFF-ST-10001414,VM-21685,3,46.26,2017-11-06
199,OFF-BI-10000343,FH-14365,2,2.946,2017-07-06
200,OFF-PA-10002749,FH-14365,3,16.056,2017-07-06
201,OFF-PA-10002666,MB-17305,3,21.744,2017-06-24
202,FUR-TA-10004289,BS-11755,2,218.75,2014-08-03
203,OFF-AP-10003622,BS-11755,1,2.6,2014-08-03
204,OFF-AP-10003217,LC-17140,2,66.284,2017-12-17
205,FUR-FU-10002960,HK-14890,7,35.168,2017-06-03
206,TEC-PH-10001918,LE-16810,4,444.768,2017-12-09
207,OFF-ST-10000642,JH-15985,4,83.92,2017-12-01
208,TEC-PH-10001700,JH-15985,2,131.98,2017-12-01
209,OFF-BI-10003274,JH-15985,4,15.92,2017-12-01
210,OFF-FA-10000134,JH-15985,9,52.29,2017-12-01
211,OFF-ST-10001522,JH-15985,1,91.99,2017-12-01
212,TEC-AC-10001266,MS-17980,2,20.8,2015-02-09
213,OFF-LA-10004544,VW-21775,2,23.68,2015-01-02
214,FUR-BO-10004695,VW-21775,5,452.45,2015-01-02
215,TEC-PH-10002844,VW-21775,3,62.982,2015-01-02
216,TEC-MA-10000864,VW-21775,9,1188.0,2015-01-02
217,TEC-AC-10000109,VW-21775,2,89.584,2015-01-02
218,OFF-ST-10001328,JH-15910,6,93.06,2016-10-28
219,TEC-PH-10002563,JH-15910,3,302.376,2016-10-28
220,OFF-FA-10000585,JB-15925,2,5.584,2015-12-24
221,OFF-PA-10004000,JB-15925,6,22.704,2015-12-24
222,OFF-BI-10002852,JB-15925,4,19.776,2015-12-24
223,FUR-FU-10000087,JB-15925,4,72.704,2015-12-24
224,TEC-MA-10001148,JB-15925,4,479.988,2015-12-24
225,OFF-AR-10001958,JB-15925,2,27.168,2015-12-24
226,OFF-AR-10001026,DS-13180,1,2.2,2015-08-09
227,FUR-TA-10003748,DS-13180,5,622.45,2015-08-09
228,OFF-ST-10002485,DS-13180,1,21.98,2015-08-09
229,FUR-CH-10004860,VD-21670,2,161.568,2015-02-28
230,FUR-CH-10004477,VD-21670,8,389.696,2015-02-28
231,OFF-BI-10001679,EA-14035,7,18.648,2014-09-13
232,FUR-TA-10001705,CS-12400,2,233.86,2017-04-07
233,FUR-TA-10003473,CS-12400,3,620.6145,2017-04-07
234,OFF-BI-10001679,CS-12400,2,5.328,2017-04-07
235,FUR-FU-10004017,CS-12400,3,258.072,2017-04-07
236,TEC-AC-10003832,CS-12400,3,617.976,2017-04-07
237,OFF-PA-10002479,DB-13120,2,10.56,2017-11-12
238,OFF-PA-10003349,KL-16645,5,25.92,2016-06-04
239,FUR-FU-10000576,KL-16645,5,419.68,2016-06-04
240,FUR-FU-10004351,KL-16645,3,11.688,2016-06-04
241,TEC-PH-10000011,KL-16645,2,31.984,2016-06-04
242,FUR-TA-10002607,KL-16645,5,177.225,2016-06-04
243,FUR-FU-10002505,KL-16645,3,4.044,2016-06-04
244,OFF-AR-10004685,KL-16645,2,7.408,2016-06-04
245,FUR-CH-10004063,DW-13480,7,2001.86,2014-06-01
246,OFF-ST-10002276,DW-13480,2,166.72,2014-06-01
247,OFF-PA-10004082,DW-13480,6,47.88,2014-06-01
248,OFF-AP-10002945,DW-13480,5,1503.25,2014-06-01
249,OFF-PA-10000061,DW-13480,4,25.92,2014-06-01
250,FUR-CH-10002965,LH-17155,2,321.568,2016-12-10
251,OFF-PA-10004569,KC-16540,1,7.61,2016-09-11
252,TEC-AC-10003832,KC-16540,13,3347.37,2016-09-11
253,OFF-ST-10001228,DL-13315,6,80.58,2016-12-10
254,OFF-EN-10003296,DL-13315,4,361.92,2016-12-10
255,FUR-FU-10002505,DR-12880,9,12.132,2015-11-28
256,OFF-ST-10004804,DR-12880,2,82.368,2015-11-28
257,OFF-ST-10001590,DR-12880,5,53.92,2015-11-28
258,TEC-PH-10001580,DR-12880,6,647.904,2015-11-28
259,TEC-AC-10000290,CC-12670,3,20.37,2017-12-01
260,OFF-ST-10002790,CC-12670,3,221.55,2017-12-01
261,OFF-BI-10003460,CC-12670,5,17.52,2017-12-01
262,OFF-AP-10002203,Dl-13600,2,1.624,2017-06-08
263,TEC-MA-10000822,SB-20290,3,3059.982,2014-09-19
264,TEC-MA-10003353,SB-20290,7,2519.958,2014-09-19
265,TEC-PH-10001433,RC-19825,4,328.224,2016-06-06
266,TEC-AC-10004469,AH-10210,2,79.9,2015-11-10
267,OFF-AR-10003602,CB-12535,3,14.016,2017-06-16
268,OFF-FA-10003472,PG-18895,6,7.56,2016-01-22
269,OFF-ST-10004180,CA-12310,1,37.208,2017-12-09
270,OFF-EN-10004386,CA-12310,3,57.576,2017-12-09
271,OFF-ST-10003208,KH-16690,4,725.84,2017-12-28
272,TEC-AC-10003628,HA-14920,7,209.93,2015-07-30
273,FUR-FU-10003274,HA-14920,3,5.28,2015-07-30
274,OFF-BI-10002557,HA-14920,3,10.92,2015-07-30
275,OFF-PA-10002615,BB-10990,2,8.82,2017-09-16
276,OFF-AR-10001427,BB-10990,1,5.98,2017-09-16
277,OFF-PA-10000673,AG-10495,2,11.648,2017-10-13
278,OFF-PA-10004470,AG-10495,4,18.176,2017-10-13
279,OFF-ST-10000876,AG-10495,6,59.712,2017-10-13
280,OFF-LA-10002043,AG-10495,3,24.84,2017-10-13
281,OFF-BI-10004967,SC-20725,5,2.08,2015-09-26
282,TEC-PH-10001760,SC-20725,7,1114.4,2015-09-26
283,FUR-TA-10002903,JO-15280,5,1038.84,2015-11-02
284,OFF-PA-10000474,TB-21520,5,141.76,2015-09-26
285,TEC-AC-10001956,TB-21520,5,239.8,2015-09-26
286,OFF-PA-10004100,TB-21520,6,31.104,2015-09-26
287,OFF-BI-10000778,AH-10195,7,254.058,2016-12-18
288,OFF-AP-10002684,AH-10195,2,194.528,2016-12-18
289,OFF-SU-10000646,AH-10195,5,961.48,2016-12-18
290,OFF-FA-10002983,NZ-18565,7,19.096,2016-11-20
291,OFF-LA-10004689,NZ-18565,8,18.496,2016-11-20
292,TEC-AC-10002001,NZ-18565,2,255.984,2016-11-20
293,FUR-BO-10004709,NZ-18565,3,86.97,2016-11-20
294,FUR-FU-10004091,KL-16555,8,300.416,2014-12-26
295,FUR-CH-10001891,KL-16555,3,230.352,2014-12-26
296,FUR-FU-10002918,KL-16555,3,218.352,2014-12-26
297,OFF-BI-10004593,KL-16555,5,78.6,2014-12-26
298,OFF-FA-10004854,KL-16555,3,27.552,2014-12-26
299,OFF-PA-10002105,JD-15895,5,32.4,2016-10-28
300,OFF-ST-10002756,JD-15895,8,1082.48,2016-10-28
301,OFF-PA-10004243,JD-15895,3,56.91,2016-10-28
302,FUR-FU-10001861,JD-15895,4,77.6,2016-10-28
303,OFF-BI-10002706,JD-15895,1,14.28,2016-10-28
304,FUR-TA-10002533,JH-15910,3,219.075,2017-11-19
305,FUR-FU-10002671,AS-10225,2,26.8,2015-05-04
306,OFF-AR-10003651,KB-16600,3,9.84,2014-12-30
307,OFF-BI-10001072,CR-12625,3,45.48,2014-06-01
308,OFF-AR-10002135,CR-12625,6,289.2,2014-06-01
309,OFF-AR-10002804,SH-20395,1,4.89,2017-04-15
310,FUR-FU-10001918,BP-11185,4,15.136,2016-09-12
311,FUR-CH-10004086,BP-11185,2,466.768,2016-09-12
312,FUR-FU-10001756,BP-11185,1,15.232,2016-09-12
313,OFF-LA-10000634,BP-11185,3,6.264,2016-09-12
314,FUR-FU-10001588,TS-21205,3,87.54,2014-09-27
315,TEC-PH-10002398,AG-10525,2,178.384,2014-08-09
316,OFF-PA-10001937,AG-10525,3,15.552,2014-08-09
317,OFF-AR-10003373,SP-20860,4,99.136,2014-12-28
318,FUR-CH-10002602,NM-18445,1,135.882,2014-11-04
319,TEC-MA-10002927,NM-18445,2,3991.98,2014-11-04
320,TEC-PH-10004093,NM-18445,6,275.94,2014-11-04
321,TEC-AC-10000892,NM-18445,4,360.0,2014-11-04
322,OFF-ST-10002974,NM-18445,1,43.57,2014-11-04
323,OFF-FA-10000624,FA-14230,2,7.16,2014-09-19
324,OFF-BI-10004593,GK-14620,6,251.52,2016-04-23
325,TEC-AC-10001908,GK-14620,1,99.99,2016-04-23
326,FUR-FU-10001967,DJ-13510,1,15.992,2017-11-03
327,TEC-PH-10003645,PO-18850,3,290.898,2016-08-30
328,OFF-ST-10000675,PO-18850,2,54.224,2016-08-30
329,FUR-CH-10003312,PO-18850,4,786.744,2016-08-30
330,OFF-LA-10001074,PO-18850,10,100.24,2016-08-30
331,OFF-BI-10001524,PO-18850,6,37.764,2016-08-30
332,TEC-PH-10004614,JL-15850,2,82.8,2016-04-25
333,OFF-BI-10001153,JL-15850,2,20.724,2016-04-25
334,OFF-BI-10001982,JL-15850,3,4.896,2016-04-25
335,OFF-BI-10001922,DB-13615,1,4.752,2015-09-01
336,TEC-CO-10001449,DB-13615,2,959.984,2015-09-01
337,OFF-BI-10004140,DB-13615,4,14.368,2015-09-01
338,OFF-BI-10003314,AC-10420,2,7.712,2014-07-12
339,FUR-TA-10004575,AC-10420,3,698.352,2014-07-12
340,OFF-FA-10000490,KL-16645,4,4.96,2015-06-22
341,OFF-AR-10000122,JD-15895,4,17.856,2014-04-13
342,OFF-BI-10003656,JD-15895,10,509.97,2014-04-13
343,OFF-FA-10002780,JD-15895,13,30.992,2014-04-13
344,TEC-PH-10000702,JD-15895,12,71.928,2014-04-13
345,OFF-ST-10000107,CS-12130,4,88.8,2015-12-20
346,TEC-PH-10002293,CC-12550,3,47.976,2017-06-15
347,OFF-AR-10004027,TD-20995,3,7.56,2017-07-08
348,OFF-PA-10000249,TD-20995,2,24.56,2017-07-08
349,OFF-AR-10001374,TD-20995,2,12.96,2017-07-08
350,TEC-AC-10000290,AB-10060,1,6.79,2016-09-01
351,OFF-PA-10001970,AB-10060,2,24.56,2016-09-01
352,OFF-BI-10002160,AB-10060,1,3.048,2016-09-01
353,OFF-PA-10001970,AB-10060,4,49.12,2016-09-01
354,OFF-BI-10004995,AB-10060,4,4355.168,2016-09-01
355,FUR-BO-10002268,JL-15505,6,388.704,2016-04-08
356,OFF-EN-10001137,JL-15505,2,8.26,2016-04-08
357,OFF-AR-10002399,JL-15505,4,17.04,2016-04-08
358,OFF-PA-10002713,JL-15505,5,34.4,2016-04-08
359,OFF-PA-10002666,HK-14890,5,36.24,2016-04-23
360,OFF-AP-10001124,VB-21745,8,647.84,2017-03-08
361,OFF-LA-10001158,VB-21745,2,20.7,2017-03-08
362,OFF-LA-10001158,KW-16435,2,20.7,2017-09-25
363,FUR-CH-10000785,KW-16435,3,488.646,2017-09-25
364,OFF-AR-10003732,KW-16435,2,5.56,2017-09-25
365,FUR-FU-10000023,KW-16435,8,47.12,2017-09-25
366,OFF-ST-10001713,JD-16060,4,211.96,2014-09-24
367,OFF-BI-10002412,MK-17905,4,23.2,2016-10-21
368,OFF-SU-10001225,MK-17905,2,7.36,2016-10-21
369,OFF-ST-10002406,MK-17905,7,104.79,2016-10-21
370,FUR-BO-10002545,MK-17905,4,1043.92,2016-10-21
371,OFF-PA-10002036,GT-14755,5,25.92,2017-05-29
372,OFF-ST-10002205,GT-14755,3,53.424,2017-05-29
373,OFF-BI-10001982,AG-10900,5,8.16,2014-07-23
374,TEC-AC-10003911,AG-10900,8,1023.936,2014-07-23
375,OFF-AR-10000658,AG-10900,1,9.24,2014-07-23
376,TEC-AC-10002076,AG-10900,10,479.04,2014-07-23
377,OFF-PA-10003039,MM-18280,4,99.136,2016-09-28
378,FUR-TA-10004915,AR-10405,7,1488.424,2017-08-27
379,OFF-AP-10000696,RA-19915,3,8.652,2015-04-28
380,OFF-ST-10003327,RA-19915,3,23.832,2015-04-28
381,OFF-BI-10000309,RA-19915,4,12.176,2015-04-28
382,OFF-PA-10004734,AS-10285,7,50.96,2016-10-28
383,OFF-BI-10002225,AS-10285,3,49.536,2016-10-28
384,TEC-AC-10004708,LA-16780,2,41.9,2015-06-26
385,FUR-TA-10000617,DO-13435,3,375.4575,2015-11-27
386,TEC-AC-10002335,DO-13435,3,83.976,2015-11-27
387,TEC-MA-10001681,DK-13225,4,482.34,2015-12-03
388,FUR-FU-10001935,DK-13225,1,2.96,2015-12-03
389,OFF-AR-10004757,NG-18430,1,2.624,2014-11-24
390,OFF-BI-10000050,MV-18190,4,23.36,2017-12-11
391,TEC-AC-10001998,MV-18190,2,39.98,2017-12-11
392,TEC-PH-10003012,JG-15115,2,246.384,2014-09-21
393,TEC-CO-10002313,JG-15115,3,1799.97,2014-09-21
394,OFF-BI-10003982,BP-11095,3,12.462,2014-06-07
395,OFF-BI-10004492,VP-21730,3,75.792,2017-06-30
396,OFF-ST-10000798,SS-20140,2,49.96,2017-10-17
397,OFF-PA-10002552,SS-20140,2,12.96,2017-10-17
398,OFF-SU-10002573,HP-14815,4,70.12,2015-10-31
399,OFF-ST-10001580,AG-10675,3,35.952,2016-09-08
400,FUR-BO-10004834,AG-10675,4,2396.2656,2016-09-08
401,OFF-ST-10000934,AG-10675,4,131.136,2016-09-08
402,TEC-AC-10000158,AG-10675,2,57.584,2016-09-08
403,OFF-PA-10001947,LF-17185,2,9.568,2014-12-24
404,OFF-AR-10003478,SP-20650,6,39.072,2014-04-16
405,OFF-AP-10004249,RF-19840,3,35.91,2017-12-24
406,TEC-AC-10000158,KH-16510,5,179.95,2017-12-08
407,TEC-CO-10004115,KH-16510,3,1199.976,2017-12-08
408,OFF-PA-10003724,KH-16510,5,27.15,2017-12-08
409,FUR-TA-10002041,KH-16510,7,1004.024,2017-12-08
410,OFF-PA-10002893,KH-16510,1,9.68,2017-12-08
411,OFF-LA-10003766,KH-16510,9,28.35,2017-12-08
412,OFF-PA-10001970,KH-16510,1,55.98,2017-12-08
413,FUR-BO-10001972,KH-16510,13,1336.829,2017-12-08
414,FUR-CH-10003956,KH-16510,2,113.568,2017-12-08
415,OFF-PA-10000157,KC-16675,7,139.86,2017-11-03
416,FUR-CH-10001891,KC-16675,4,307.136,2017-11-03
417,OFF-AR-10004344,CJ-12010,8,95.92,2017-06-24
418,FUR-CH-10004886,PB-19150,5,383.8,2016-04-14
419,OFF-PA-10003845,VB-21745,1,5.78,2017-11-06
420,OFF-AR-10001573,SP-20860,4,9.32,2017-03-04
421,OFF-EN-10000483,SP-20860,1,15.25,2017-03-04
422,TEC-AC-10004114,JE-15745,6,196.752,2014-06-22
423,FUR-FU-10004712,MP-17965,4,56.56,2017-10-19
424,OFF-ST-10000918,MP-17965,3,32.7,2017-10-19
425,FUR-CH-10000015,NF-18385,4,866.4,2017-08-21
426,FUR-FU-10003347,JM-15265,2,28.4,2017-11-23
427,OFF-BI-10001543,JM-15265,8,287.92,2017-11-23
428,TEC-MA-10000029,SD-20485,1,69.99,2014-09-12
429,OFF-AR-10000369,KH-16630,6,6.672,2017-10-01
430,OFF-BI-10004584,RB-19795,2,189.588,2016-04-15
431,TEC-AC-10004659,RB-19795,7,408.744,2016-04-15
432,TEC-AC-10004659,RB-19795,5,291.96,2016-04-15
433,OFF-ST-10000617,RB-19795,2,4.768,2016-04-15
434,OFF-ST-10003306,DB-13060,5,714.3,2016-06-06
435,OFF-BI-10000773,MK-18160,2,4.812,2014-12-19
436,TEC-AC-10002600,MK-18160,5,247.8,2014-12-19
437,TEC-MA-10002937,PO-19180,3,1007.979,2016-06-12
438,OFF-PA-10001970,PO-19180,7,313.488,2016-06-12
439,OFF-PA-10002230,BB-11545,8,31.872,2017-09-15
440,FUR-CH-10003396,CV-12805,3,207.846,2017-01-20
441,FUR-FU-10000246,PK-19075,1,12.22,2016-09-05
442,OFF-ST-10000060,PK-19075,3,194.94,2016-09-05
443,OFF-ST-10003058,PK-19075,3,70.95,2016-09-05
444,OFF-PA-10002222,PK-19075,4,91.36,2016-09-05
445,FUR-CH-10002372,PK-19075,3,242.94,2016-09-05
446,OFF-LA-10001317,PK-19075,7,22.05,2016-09-05
447,FUR-FU-10000206,TB-21595,1,2.91,2017-03-20
448,OFF-AR-10000588,RB-19360,3,59.52,2016-04-01
449,OFF-ST-10001469,RB-19360,3,161.94,2016-04-01
450,OFF-AR-10001953,RB-19360,6,263.88,2016-04-01
451,OFF-AR-10003156,RB-19360,3,30.48,2016-04-01
452,OFF-AR-10004974,RB-19360,3,9.84,2016-04-01
453,TEC-PH-10002365,RB-19360,4,35.12,2016-04-01
454,FUR-TA-10001539,EB-13705,2,284.364,2017-10-20
455,OFF-ST-10000142,EB-13705,2,665.408,2017-10-20
456,TEC-AC-10001772,KH-16630,4,63.88,2016-12-13
457,FUR-CH-10000225,SC-20095,2,129.568,2014-02-12
458,FUR-CH-10002331,NF-18385,3,747.558,2016-09-26
459,OFF-EN-10001415,NF-18385,2,8.928,2016-09-26
460,OFF-AP-10002472,JH-15985,4,103.92,2015-12-15
461,TEC-AC-10004571,JH-15985,9,899.91,2015-12-15
462,OFF-BI-10001098,JH-15985,3,51.312,2015-12-15
463,FUR-FU-10000023,TN-21040,5,23.56,2016-04-22
464,FUR-TA-10001889,TN-21040,6,1272.63,2016-04-22
465,OFF-BI-10000315,TN-21040,5,28.485,2016-04-22
466,OFF-SU-10003505,TN-21040,2,185.376,2016-04-22
467,OFF-AP-10002578,TN-21040,2,78.272,2016-04-22
468,FUR-FU-10002918,JS-15940,7,254.744,2015-01-17
469,FUR-BO-10002824,DS-13180,2,205.3328,2017-03-31
470,OFF-BI-10002194,CC-12670,3,4.788,2016-12-16
471,OFF-PA-10004071,MH-17785,1,55.48,2015-12-20
472,OFF-ST-10002743,JP-15520,3,340.92,2014-11-09
473,FUR-BO-10001601,JP-15520,2,222.666,2014-11-09
474,TEC-PH-10002680,JP-15520,4,703.968,2014-11-09
475,OFF-ST-10001321,JP-15520,6,92.52,2014-11-09
476,OFF-PA-10001509,JP-15520,7,62.65,2014-11-09
477,OFF-PA-10003465,JP-15520,5,94.85,2014-11-09
478,TEC-PH-10000149,KH-16690,6,95.76,2016-07-12
479,FUR-FU-10002671,JE-15475,3,40.2,2016-10-27
480,OFF-AR-10003045,JG-15805,5,14.7,2016-06-26
481,OFF-ST-10000689,JG-15805,5,704.25,2016-06-26
482,TEC-AC-10001445,XP-21865,3,9.09,2014-10-06
483,OFF-AR-10002053,EM-14065,2,5.96,2014-07-22
484,TEC-AC-10002567,EM-14065,2,159.98,2014-07-22
485,OFF-LA-10003923,MT-18070,2,29.6,2017-06-10
486,FUR-BO-10001337,MT-18070,5,514.165,2017-06-10
487,TEC-PH-10001924,MT-18070,5,279.96,2017-06-10
488,TEC-PH-10001363,SA-20830,6,2735.952,2014-10-29
489,TEC-PH-10000376,CW-11905,1,7.992,2014-06-09
490,TEC-AC-10000303,CW-11905,2,63.984,2014-06-09
491,OFF-AR-10001953,CW-11905,2,70.368,2014-06-09
492,OFF-ST-10001809,AJ-10960,5,449.15,2014-09-14
493,OFF-EN-10003845,AJ-10960,3,11.07,2014-09-14
494,TEC-AC-10000991,SS-20590,2,93.98,2016-05-09
495,FUR-TA-10001857,RO-19780,3,189.882,2016-03-18
496,OFF-EN-10001434,MD-17350,2,105.42,2015-12-27
497,OFF-BI-10002498,SC-20095,8,119.616,2016-07-25
498,FUR-FU-10004864,SC-20095,4,255.76,2016-07-25
499,FUR-CH-10002602,SC-20095,2,241.568,2016-07-25
500,FUR-FU-10000073,SC-20095,9,69.3,2016-07-25
501,OFF-BI-10001670,MY-17380,2,22.62,2016-05-30
502,OFF-BI-10001658,MY-17380,2,14.952,2016-05-30
503,FUR-CH-10001215,MY-17380,2,801.568,2016-05-30
504,OFF-BI-10000831,MY-17380,3,2.376,2016-05-30
505,OFF-PA-10000357,MY-17380,1,32.792,2016-05-30
506,OFF-BI-10003274,EB-13705,5,15.92,2017-11-12
507,OFF-AR-10001662,CM-12385,1,2.74,2015-03-16
508,OFF-AR-10003856,CM-12385,3,8.34,2015-03-16
509,OFF-ST-10001228,CM-12385,3,46.74,2015-03-16
510,OFF-BI-10003527,CM-12385,5,6354.95,2015-03-16
511,FUR-FU-10001290,LS-17245,3,126.3,2017-11-26
512,TEC-AC-10002399,LS-17245,2,38.04,2017-11-26
513,OFF-AR-10002053,LF-17185,3,7.152,2016-10-20
514,OFF-AR-10003811,BN-11515,3,6.63,2017-12-21
515,OFF-AR-10001246,BN-11515,2,5.88,2017-12-21
516,TEC-CO-10003236,AD-10180,5,2999.95,2017-01-22
517,OFF-ST-10004507,AD-10180,3,51.45,2017-01-22
518,OFF-PA-10001667,AD-10180,2,11.96,2017-01-22
519,OFF-ST-10004459,AD-10180,3,1126.02,2017-01-22
520,TEC-AC-10000171,DB-13210,1,18.392,2015-03-22
521,OFF-ST-10000736,DB-13210,2,129.568,2015-03-22
522,OFF-BI-10000285,DB-13210,9,14.112,2015-03-22
523,FUR-TA-10001857,MC-17605,2,210.98,2017-01-23
524,TEC-PH-10003555,LH-17155,3,55.176,2016-05-21
525,TEC-AC-10003832,LH-17155,2,66.26,2016-05-21
526,OFF-FA-10002815,BD-11605,5,22.2,2015-12-26
527,FUR-CH-10003379,PH-18790,3,683.952,2017-10-21
528,FUR-FU-10001756,PH-18790,3,45.696,2017-10-21
529,OFF-ST-10004963,MG-18145,3,36.336,2015-09-03
530,OFF-SU-10002881,MG-18145,1,666.248,2015-09-03
531,OFF-EN-10001335,MG-18145,6,52.512,2015-09-03
532,FUR-CH-10000595,KB-16240,1,190.72,2015-11-07
533,FUR-FU-10000448,JC-15340,3,47.94,2017-09-07
534,TEC-PH-10000984,RL-19615,5,979.95,2016-05-29
535,OFF-BI-10002557,RL-19615,5,22.75,2016-05-29
536,OFF-ST-10001325,AA-10375,2,16.768,2016-07-10
537,OFF-BI-10002429,EP-13915,7,42.616,2017-09-03
538,OFF-BI-10004528,MP-17470,4,10.752,2015-12-03
539,OFF-AP-10001271,DK-12985,3,152.94,2015-12-07
540,FUR-CH-10002647,DK-12985,4,283.92,2015-12-07
541,TEC-AC-10001432,BD-11500,6,468.9,2014-02-01
542,TEC-PH-10002262,ES-14080,8,380.864,2016-07-14
543,OFF-ST-10001809,LM-17065,9,646.776,2015-12-18
544,TEC-AC-10001465,PG-18895,2,58.112,2014-05-11
545,TEC-PH-10002597,PG-18895,1,100.792,2014-05-11
546,FUR-FU-10000723,PG-18895,4,66.112,2014-05-11
547,OFF-BI-10000404,AS-10135,6,41.28,2017-11-19
548,OFF-PA-10002986,AS-10135,2,13.36,2017-11-19
549,OFF-ST-10000604,DK-13225,9,250.272,2015-11-15
550,OFF-BI-10004738,DK-13225,3,11.364,2015-11-15
551,OFF-SU-10001935,DK-13225,5,8.72,2015-11-15
552,FUR-CH-10002024,BD-11320,2,1121.568,2016-04-15
553,FUR-FU-10003039,RC-19960,1,34.504,2017-09-11
554,OFF-FA-10004248,GT-14710,3,10.824,2017-11-24
555,OFF-ST-10001780,DK-13225,2,1295.78,2017-06-29
556,OFF-AR-10003560,AJ-10945,4,19.456,2014-03-03
557,OFF-LA-10001297,OT-18730,2,20.7,2016-06-10
558,FUR-TA-10004256,OT-18730,4,1335.68,2016-06-10
559,OFF-PA-10003441,OT-18730,5,32.4,2016-06-10
560,FUR-FU-10003347,LP-17080,3,42.6,2017-11-20
561,OFF-BI-10000069,LP-17080,7,84.056,2017-11-20
562,OFF-AP-10003914,CA-12775,5,13.0,2014-09-14
563,FUR-FU-10004020,CA-12775,3,13.128,2014-09-14
564,OFF-FA-10003467,JF-15490,2,3.96,2015-12-07
565,OFF-LA-10000634,JF-15490,1,2.61,2015-12-07
566,TEC-PH-10002496,FP-14320,3,374.376,2017-12-07
567,OFF-PA-10004530,EB-13840,8,91.84,2017-10-01
568,OFF-BI-10001107,EB-13840,7,81.088,2017-10-01
569,OFF-PA-10004451,EB-13840,3,19.44,2017-10-01
570,FUR-CH-10004997,EB-13840,3,451.152,2017-10-01
571,OFF-LA-10001297,JF-15415,7,72.45,2017-12-28
572,OFF-FA-10000585,JF-15415,4,13.96,2017-12-28
573,OFF-BI-10001922,JF-15415,7,33.264,2017-12-28
574,TEC-PH-10000347,JF-15415,3,14.85,2017-12-28
575,OFF-AR-10003394,SF-20200,3,8.82,2016-11-03
576,OFF-PA-10004530,TG-21640,14,160.72,2015-09-18
577,OFF-PA-10001450,TG-21640,4,19.92,2015-09-18
578,OFF-SU-10001574,TG-21640,2,7.3,2015-09-18
579,OFF-ST-10002974,CS-11950,2,69.712,2017-07-20
580,FUR-FU-10001475,CS-11950,1,8.792,2017-07-20
581,OFF-SU-10004498,CC-12145,4,51.52,2015-09-10
582,TEC-PH-10004977,DV-13465,3,470.376,2017-12-01
583,TEC-PH-10000586,DV-13465,2,105.584,2017-12-01
584,OFF-AP-10000358,DV-13465,3,31.152,2017-12-01
585,OFF-BI-10002764,DV-13465,7,6.783,2017-12-01
586,TEC-PH-10001254,DV-13465,4,406.368,2017-12-01
587,FUR-CH-10003956,BD-11725,1,70.98,2015-07-03
588,OFF-LA-10003930,BD-11725,3,294.93,2015-07-03
589,TEC-PH-10003800,ZC-21910,2,84.784,2016-03-20
590,OFF-PA-10002005,ZC-21910,4,20.736,2016-03-20
591,OFF-BI-10002498,ZC-21910,3,16.821,2016-03-20
592,OFF-PA-10004101,ZC-21910,2,10.368,2016-03-20
593,OFF-AR-10004078,MS-17830,2,9.344,2014-01-09
594,TEC-AC-10001266,MS-17830,3,31.2,2014-01-09
595,OFF-AP-10004708,LR-16915,2,76.12,2014-08-08
596,TEC-CO-10004115,LR-16915,3,1199.976,2014-08-08
597,TEC-PH-10002398,LR-16915,5,445.96,2014-08-08
598,FUR-FU-10001979,LR-16915,8,327.76,2014-08-08
599,OFF-SU-10004115,TP-21130,2,11.632,2016-07-14
600,TEC-PH-10001425,CK-12205,3,143.982,2016-07-16
601,TEC-PH-10003963,CK-12205,4,494.376,2016-07-16
602,OFF-SU-10001574,CK-12205,2,5.84,2016-07-16
603,OFF-ST-10001490,AS-10240,1,142.776,2014-03-15
604,FUR-FU-10001756,AS-10240,3,45.696,2014-03-15
605,OFF-BI-10000773,AS-10240,3,7.218,2014-03-15
606,OFF-BI-10001543,AS-10240,4,43.188,2014-03-15
607,OFF-PA-10002120,AS-10240,3,131.904,2014-03-15
608,OFF-BI-10000848,AR-10510,2,3.282,2014-05-23
609,OFF-AR-10001246,AR-10510,9,21.168,2014-05-23
610,TEC-PH-10003092,AR-10510,2,55.188,2014-05-23
611,TEC-PH-10003012,NB-18655,3,369.576,2016-04-28
612,OFF-LA-10004345,NB-18655,4,15.712,2016-04-28
613,OFF-PA-10001204,GD-14590,2,8.448,2016-09-11
614,TEC-PH-10004667,GD-14590,9,728.946,2016-09-11
615,TEC-PH-10000011,CK-12595,10,119.94,2017-11-14
616,OFF-BI-10002949,CK-12595,2,3.648,2017-11-14
617,FUR-FU-10003849,NG-18355,2,40.48,2017-08-18
618,FUR-FU-10000010,NG-18355,2,9.94,2017-08-18
619,OFF-BI-10002824,NG-18355,9,107.424,2017-08-18
620,TEC-PH-10002538,NG-18355,1,37.91,2017-08-18
621,FUR-FU-10000521,NG-18355,3,88.02,2017-08-18
622,OFF-BI-10002103,CA-12265,5,8.69,2014-12-26
623,FUR-CH-10004853,SF-20965,2,301.96,2015-11-29
624,OFF-AP-10000179,SF-20965,5,555.21,2015-11-29
625,OFF-ST-10001272,SF-20965,4,523.48,2015-11-29
626,OFF-AR-10004042,SF-20965,9,161.82,2015-11-29
627,FUR-FU-10000221,MO-17800,7,35.56,2017-09-15
628,OFF-AP-10001563,AT-10735,2,97.16,2017-05-19
629,OFF-BI-10000605,LC-17140,5,15.24,2017-12-17
630,OFF-PA-10002615,LC-17140,3,13.23,2017-12-17
631,OFF-ST-10001963,FM-14380,3,243.384,2016-12-11
632,TEC-AC-10001267,FM-14380,5,119.8,2016-12-11
633,TEC-PH-10002103,FM-14380,4,300.768,2016-12-11
634,TEC-AC-10002857,BD-11605,3,17.88,2017-09-24
635,OFF-LA-10003930,BD-11605,3,235.944,2017-09-24
636,FUR-CH-10001482,DJ-13420,3,392.94,2015-10-04
637,OFF-BI-10001989,ME-17725,3,18.882,2016-08-15
638,OFF-AP-10003287,ME-17725,3,122.328,2016-08-15
639,FUR-FU-10000576,RB-19465,5,1049.2,2016-05-20
640,OFF-BI-10004728,RB-19465,4,15.424,2016-05-20
641,FUR-FU-10000732,JD-16150,3,18.84,2016-12-18
642,OFF-ST-10000585,JL-15835,2,330.4,2017-07-30
643,OFF-LA-10002787,JL-15835,7,26.25,2017-07-30
644,TEC-AC-10003832,SC-20305,4,132.52,2017-06-10
645,OFF-PA-10001934,TW-21025,1,6.48,2017-07-21
646,OFF-AP-10002457,CC-12430,2,209.3,2017-12-30
647,OFF-FA-10003112,BB-10990,5,31.56,2016-04-01
648,OFF-AP-10002350,BB-10990,2,30.144,2016-04-01
649,FUR-FU-10001935,AR-10825,4,14.8,2016-12-11
650,TEC-PH-10003273,AR-10825,3,302.376,2016-12-11
651,TEC-AC-10001142,AR-10825,4,316.0,2016-12-11
652,OFF-PA-10000482,SR-20740,10,379.4,2016-10-23
653,OFF-PA-10003892,AR-10405,2,97.82,2017-06-19
654,TEC-AC-10001101,AR-10405,8,103.12,2017-06-19
655,OFF-AP-10002439,CR-12730,2,113.552,2016-08-22
656,OFF-BI-10002827,CR-12730,2,3.318,2016-08-22
657,OFF-EN-10002230,CR-12730,2,134.288,2016-08-22
658,FUR-CH-10001215,EH-14125,2,701.372,2016-09-19
659,OFF-BI-10004654,EH-14125,2,2.308,2016-09-19
660,OFF-ST-10001490,CB-12025,7,999.432,2015-08-24
661,OFF-ST-10001511,CB-12025,14,724.08,2015-08-24
662,FUR-TA-10001768,CB-12025,5,918.785,2015-08-24
663,OFF-BI-10003981,CB-12025,3,2.724,2015-08-24
664,OFF-ST-10001522,SP-20545,5,459.95,2016-03-26
665,OFF-FA-10000621,RC-19825,3,10.74,2016-11-04
666,OFF-SU-10004231,TH-21235,3,23.76,2017-06-08
667,OFF-PA-10000474,TH-21235,3,85.056,2017-06-08
668,TEC-PH-10004042,TH-21235,3,381.576,2017-06-08
669,FUR-FU-10003096,RP-19390,5,30.36,2014-12-24
670,FUR-FU-10002759,MO-17800,3,23.976,2017-06-09
671,FUR-TA-10000688,MO-17800,1,108.925,2017-06-09
672,OFF-PA-10002377,MO-17800,8,36.352,2017-06-09
673,OFF-AR-10001954,TD-20995,5,19.56,2017-06-15
674,OFF-AP-10004532,RB-19570,3,61.44,2017-12-05
675,OFF-PA-10002137,RB-19570,5,38.9,2017-12-05
676,TEC-AC-10003832,RB-19570,3,99.39,2017-12-05
677,OFF-AP-10000804,CD-11980,3,2.688,2017-03-18
678,TEC-AC-10003614,CD-11980,3,27.816,2017-03-18
679,FUR-FU-10003553,CD-11980,3,82.524,2017-03-18
680,OFF-BI-10004632,CD-11980,3,182.994,2017-03-18
681,OFF-BI-10003305,DJ-13630,3,14.352,2016-11-19
682,OFF-ST-10002583,DJ-13630,2,64.96,2016-11-19
683,OFF-ST-10004507,DJ-13630,4,68.6,2016-11-19
684,TEC-MA-10004125,GT-14635,4,7999.98,2017-11-04
685,OFF-AP-10002457,GT-14635,2,167.44,2017-11-04
686,TEC-AC-10003911,MC-17845,3,479.97,2014-07-05
687,OFF-LA-10001934,MC-17845,2,14.62,2014-07-05
688,OFF-PA-10000304,MC-17845,3,19.44,2014-07-05
689,FUR-BO-10004015,RA-19285,2,191.984,2017-12-25
690,FUR-FU-10004071,NP-18325,1,104.01,2014-06-21
691,TEC-PH-10002033,NP-18325,1,284.82,2014-06-21
692,OFF-ST-10002444,NP-18325,3,36.84,2014-06-21
693,TEC-AC-10002253,AB-10165,1,166.24,2015-03-28
694,OFF-PA-10000743,AB-10165,5,33.4,2015-03-28
695,OFF-AR-10003373,JO-15550,8,198.272,2015-05-14
696,OFF-LA-10002312,JO-15550,4,47.36,2015-05-14
697,OFF-EN-10000927,JO-15550,7,200.984,2015-05-14
698,OFF-LA-10003510,JO-15550,4,97.696,2015-05-14
699,OFF-AR-10001118,JO-15550,1,2.696,2015-05-14
700,OFF-BI-10001575,JO-15550,2,18.588,2015-05-14
701,OFF-BI-10001982,JO-15550,3,4.896,2015-05-14
702,FUR-FU-10002960,Dl-13600,3,15.072,2017-09-02
703,FUR-FU-10003394,AS-10285,3,209.88,2016-11-04
704,FUR-TA-10002774,JK-15370,3,369.912,2015-04-09
705,OFF-PA-10001800,BN-11470,2,10.368,2014-09-12
706,OFF-AP-10001469,BN-11470,5,166.84,2014-09-12
707,TEC-AC-10002399,BN-11470,1,15.216,2014-09-12
708,TEC-AC-10003628,DP-13165,4,119.96,2014-12-02
709,FUR-BO-10003272,DP-13165,5,883.92,2014-12-02
710,OFF-BI-10000050,DP-13165,8,46.72,2014-12-02
711,OFF-PA-10004071,TH-21550,1,55.48,2014-04-05
712,OFF-EN-10001219,AP-10915,4,24.448,2017-09-03
713,OFF-AP-10001154,RS-19765,6,281.34,2017-05-19
714,TEC-PH-10003012,RS-19765,2,307.98,2017-05-19
715,TEC-AC-10001606,RS-19765,3,299.97,2017-05-19
716,OFF-BI-10003355,Dl-13600,5,19.92,2014-07-01
717,FUR-FU-10000010,SV-20365,2,9.94,2014-01-11
718,FUR-FU-10002253,KC-16540,3,103.056,2017-09-24
719,OFF-BI-10001658,CK-12325,3,59.808,2014-06-02
720,FUR-FU-10000246,CK-12325,6,73.32,2014-06-02
721,OFF-PA-10004092,RD-19810,3,146.82,2016-02-13
722,FUR-TA-10000198,MP-17965,3,1652.94,2016-12-15
723,OFF-ST-10000036,MP-17965,3,296.37,2016-12-15
724,FUR-FU-10000222,MR-17545,5,129.92,2014-10-07
725,OFF-SU-10004664,SC-20695,7,45.584,2016-07-07
726,OFF-EN-10001141,JF-15355,2,17.568,2017-09-16
727,TEC-PH-10002170,JF-15355,1,55.992,2017-09-16
728,OFF-PA-10001954,EG-13900,8,182.72,2016-12-03
729,FUR-TA-10002228,EG-13900,2,400.032,2016-12-03
730,OFF-ST-10004634,EG-13900,3,33.63,2016-12-03
731,FUR-CH-10002965,EG-13900,3,542.646,2016-12-03
732,OFF-LA-10001317,EG-13900,2,6.3,2016-12-03
733,OFF-ST-10000736,DS-13030,3,242.94,2017-01-21
734,TEC-AC-10003610,DS-13030,3,179.97,2017-01-21
735,OFF-BI-10003982,DS-13030,6,99.696,2017-01-21
736,OFF-BI-10003291,DS-13030,4,27.936,2017-01-21
737,FUR-BO-10001619,DS-13030,1,84.98,2017-01-21
738,OFF-BI-10000138,DS-13030,5,18.72,2017-01-21
739,TEC-AC-10001383,GZ-14470,2,49.98,2014-09-08
740,OFF-LA-10003223,PO-19195,3,11.784,2014-01-04
741,OFF-ST-10002743,PO-19195,3,272.736,2014-01-04
742,OFF-BI-10004094,PO-19195,2,3.54,2014-01-04
743,OFF-SU-10004498,SS-20875,5,51.52,2016-08-27
744,OFF-PA-10002615,SS-20875,1,3.528,2016-08-27
745,OFF-PA-10004971,SS-20875,1,4.624,2016-08-27
746,OFF-SU-10004261,SS-20875,4,55.168,2016-08-27
747,FUR-TA-10002607,MH-17785,10,567.12,2014-05-27
748,OFF-ST-10001809,MH-17785,4,359.32,2014-05-27
749,TEC-PH-10000004,PB-19105,1,11.992,2016-03-20
750,OFF-BI-10003638,RF-19735,3,58.05,2017-10-02
751,FUR-FU-10003577,RF-19735,11,157.74,2017-10-02
752,OFF-AR-10003478,RF-19735,7,56.98,2017-10-02
753,OFF-BI-10000546,RF-19735,1,2.88,2017-10-02
754,TEC-CO-10002095,YC-21895,3,1199.976,2016-04-07
755,FUR-FU-10002759,MS-17830,4,79.92,2015-12-07
756,FUR-TA-10001095,NB-18655,4,383.438,2016-09-18
757,OFF-ST-10002444,DC-13285,2,24.56,2014-12-29
758,TEC-AC-10001267,DC-13285,4,119.8,2014-12-29
759,OFF-BI-10000848,CP-12340,3,13.128,2017-07-23
760,OFF-PA-10002377,BF-11020,4,22.72,2017-09-18
761,OFF-PA-10003441,AR-10510,9,58.32,2015-08-31
762,OFF-LA-10004484,JC-16105,3,12.39,2017-11-03
763,TEC-PH-10003931,LH-17020,3,107.982,2015-02-08
764,OFF-EN-10001990,CS-12250,2,11.36,2014-01-13
765,OFF-EN-10001532,CS-12250,3,50.94,2014-01-13
766,TEC-AC-10003174,CS-12250,6,646.74,2014-01-13
767,OFF-BI-10004187,CS-12250,3,5.64,2014-01-13
768,OFF-ST-10000025,CS-12250,6,572.58,2014-01-13
769,FUR-FU-10004306,AJ-10795,2,310.88,2014-05-14
770,FUR-CH-10003746,LE-16810,2,641.96,2016-05-19
771,OFF-BI-10001036,BV-11245,2,18.28,2017-01-30
772,TEC-PH-10004614,BV-11245,3,207.0,2017-01-30
773,OFF-BI-10000301,BV-11245,5,32.35,2017-01-30
774,OFF-BI-10003910,BV-11245,1,7.71,2017-01-30
775,OFF-AR-10004648,BV-11245,2,40.3,2017-01-30
776,FUR-FU-10002597,BV-11245,7,34.58,2017-01-30
777,OFF-AR-10003405,DL-12865,7,32.76,2014-06-29
778,FUR-CH-10002335,NZ-18565,3,544.008,2015-08-21
779,OFF-PA-10000157,NZ-18565,3,59.94,2015-08-21
780,OFF-PA-10001947,NZ-18565,4,23.92,2015-08-21
781,OFF-PA-10003657,NZ-18565,1,4.28,2015-08-21
782,OFF-BI-10001098,BM-11785,5,32.07,2015-10-03
783,TEC-AC-10002167,BM-11785,2,24.0,2015-10-03
784,FUR-BO-10004409,BM-11785,1,35.49,2015-10-03
785,TEC-AC-10000057,BM-11785,2,47.984,2015-10-03
786,OFF-EN-10000056,EA-14035,3,186.69,2015-05-23
787,OFF-BI-10000014,CL-12565,2,17.456,2017-03-17
788,FUR-CH-10004675,LT-17110,2,348.928,2015-12-12
789,OFF-BI-10001543,SA-20830,4,143.96,2015-06-26
790,OFF-ST-10001321,SA-20830,1,15.42,2015-06-26
791,OFF-BI-10001132,SA-20830,8,43.04,2015-06-26
792,FUR-CH-10003199,SA-20830,3,332.94,2015-06-26
793,TEC-PH-10001530,JK-15730,5,1363.96,2016-05-20
794,OFF-LA-10001569,ES-14020,2,9.96,2014-09-20
795,OFF-PA-10003724,ES-14020,4,21.72,2014-09-20
796,OFF-BI-10000546,RH-19495,7,20.16,2017-09-21
797,OFF-PA-10000176,DB-13120,7,132.79,2015-12-24
798,OFF-PA-10002365,DB-13120,2,12.96,2015-12-24
799,OFF-LA-10002271,DB-13120,7,21.56,2015-12-24
800,FUR-CH-10002647,CD-11920,5,283.92,2015-11-27
801,FUR-FU-10004090,HW-14935,1,22.23,2017-02-20
802,TEC-PH-10001580,HW-14935,2,215.968,2017-02-20
803,OFF-AP-10000576,HW-14935,9,355.32,2016-08-18
804,OFF-PA-10003953,MC-18130,2,12.96,2016-03-12
805,FUR-FU-10000794,GM-14440,2,18.28,2017-04-22
806,OFF-AR-10001897,RA-19915,3,43.176,2014-11-01
807,TEC-PH-10001795,RA-19915,4,1983.968,2014-11-01
808,FUR-FU-10003347,AA-10375,2,28.4,2015-02-03
809,TEC-AC-10004901,AA-10375,3,149.97,2015-02-03
810,OFF-AR-10003190,ZC-21910,4,11.52,2014-10-13
811,FUR-TA-10002903,ZC-21910,5,1298.55,2014-10-13
812,OFF-AP-10000240,ZC-21910,4,213.92,2014-10-13
813,TEC-AC-10001101,ZC-21910,2,25.78,2014-10-13
814,FUR-FU-10000794,PJ-19015,2,18.28,2017-05-14
815,TEC-AC-10001838,PJ-19015,7,1399.93,2017-05-14
816,OFF-PA-10000061,BW-11110,8,51.84,2015-03-20
817,OFF-PA-10003651,DB-13210,1,5.344,2016-09-15
818,OFF-PA-10000304,CA-12775,8,41.472,2014-06-28
819,OFF-BI-10003094,CA-12775,3,3.168,2014-06-28
820,FUR-CH-10001394,CA-12775,5,1228.465,2014-06-28
821,OFF-BI-10004230,CA-12775,3,31.086,2014-06-28
822,OFF-PA-10003395,CA-12775,4,335.52,2014-06-28
823,TEC-AC-10002402,TR-21325,3,239.97,2017-06-20
824,OFF-LA-10003223,TR-21325,2,9.82,2017-06-20
825,TEC-AC-10003441,PG-18820,4,67.8,2014-05-09
826,TEC-AC-10000109,PG-18820,3,167.97,2014-05-09
827,OFF-FA-10002280,GT-14710,7,35.0,2017-08-21
828,OFF-SU-10000381,GT-14710,4,37.24,2017-08-21
829,OFF-EN-10004459,GT-14710,2,15.28,2017-08-21
830,FUR-CH-10000665,JE-15745,2,301.96,2017-06-16
831,OFF-AP-10003884,JE-15745,3,180.66,2017-06-16
832,TEC-PH-10001557,JE-15745,2,191.98,2017-06-16
833,TEC-PH-10002085,JE-15745,1,65.99,2017-06-16
834,OFF-AR-10002956,JB-15400,2,35.216,2016-07-23
835,OFF-AP-10003266,JB-15400,2,23.696,2016-07-23
836,TEC-MA-10004002,JB-15400,1,265.475,2016-07-23
837,OFF-BI-10001071,LH-17020,4,51.184,2014-09-08
838,OFF-PA-10001560,JL-15175,2,9.664,2017-11-04
839,TEC-PH-10002365,EB-13705,3,21.072,2016-03-07
840,OFF-AR-10004648,BM-11650,3,60.45,2015-11-20
841,OFF-AR-10002578,BM-11650,4,11.52,2015-11-20
842,FUR-BO-10001519,BM-11650,4,186.048,2015-11-20
843,OFF-BI-10001294,EM-14095,4,37.44,2016-11-07
844,OFF-BI-10001636,EM-14095,4,26.976,2016-11-07
845,OFF-SU-10002503,EM-14095,2,11.36,2016-11-07
846,OFF-LA-10004093,EM-14095,2,14.62,2016-11-07
847,TEC-PH-10001552,AF-10885,7,83.72,2015-10-13
848,FUR-CH-10001891,AF-10885,3,287.94,2015-10-13
849,FUR-FU-10003878,GA-14725,4,48.896,2017-01-01
850,TEC-AC-10000710,CK-12760,7,115.36,2014-02-07
851,OFF-AR-10002335,DP-13105,2,5.16,2016-06-20
852,OFF-PA-10001870,DP-13105,6,38.88,2016-06-20
853,OFF-AR-10003373,VD-21670,6,185.88,2016-05-28
854,FUR-FU-10004090,GT-14710,2,44.46,2016-02-19
855,OFF-ST-10000736,GT-14710,3,242.94,2016-02-19
856,OFF-PA-10001019,BK-11260,2,39.96,2014-08-03
857,OFF-SU-10002537,BK-11260,10,102.3,2014-08-03
858,OFF-ST-10003221,BK-11260,2,21.36,2014-08-03
859,OFF-PA-10004569,SJ-20125,1,7.61,2017-04-10
860,OFF-FA-10000624,SJ-20125,2,7.16,2017-04-10
861,OFF-SU-10001225,CM-12445,2,7.36,2014-06-09
862,OFF-AR-10003752,CM-12445,2,23.1,2014-06-09
863,TEC-AC-10001714,AJ-10795,6,191.472,2016-01-05
864,OFF-AR-10003958,AJ-10795,2,5.248,2016-01-05
865,TEC-PH-10002923,AJ-10795,2,59.184,2016-01-05
866,OFF-LA-10004272,AJ-10780,1,2.89,2014-01-10
867,FUR-FU-10000965,AJ-10780,1,51.94,2014-01-10
868,OFF-LA-10004853,LS-16945,4,15.936,2016-09-29
869,OFF-BI-10003719,GP-14740,6,44.91,2014-04-06
870,OFF-BI-10000545,PK-18910,5,1141.47,2016-09-03
871,TEC-PH-10002496,PK-18910,3,280.782,2016-09-03
872,OFF-PA-10003591,TB-21520,3,34.44,2015-10-19
873,OFF-PA-10004470,SM-20005,2,11.36,2014-12-10
874,OFF-BI-10000315,SM-20005,7,106.344,2014-12-10
875,OFF-PA-10001790,GA-14725,5,192.16,2017-08-25
876,FUR-FU-10004017,CC-12430,3,322.59,2016-01-17
877,TEC-AC-10003628,CC-12430,1,29.99,2016-01-17
878,TEC-AC-10002049,CC-12430,3,371.97,2016-01-17
879,OFF-BI-10003712,AG-10765,4,5.892,2014-09-17
880,OFF-BI-10003984,HP-14815,3,68.472,2017-11-30
881,FUR-CH-10004287,HP-14815,5,1242.9,2017-11-30
882,OFF-ST-10001321,DK-13090,2,30.84,2015-10-09
883,OFF-AR-10001118,GZ-14470,4,13.48,2017-12-23
884,FUR-FU-10000732,PM-19135,5,31.4,2016-10-22
885,FUR-FU-10001424,LL-16840,2,17.46,2014-04-29
886,OFF-BI-10002071,JS-15595,3,13.944,2015-04-25
887,OFF-ST-10002486,OT-18730,12,83.76,2017-06-26
888,OFF-BI-10001078,EL-13735,7,37.66,2017-10-14
889,OFF-PA-10003845,CK-12760,6,34.68,2014-12-09
890,TEC-AC-10000927,JE-15475,5,149.95,2017-06-20
891,OFF-BI-10001098,JE-15475,3,51.312,2017-06-20
892,OFF-PA-10001622,TH-21550,1,4.54,2017-06-26
893,OFF-AR-10003158,TH-21550,4,15.92,2017-06-26
894,TEC-PH-10002660,TH-21550,8,543.92,2017-06-26
895,OFF-ST-10002205,PC-18745,7,155.82,2016-11-10
896,OFF-BI-10003364,PC-18745,3,70.008,2016-11-10
897,OFF-EN-10001099,HL-15040,2,15.648,2016-10-03
898,OFF-LA-10003923,MS-17365,7,103.6,2014-09-09
899,OFF-PA-10002250,GB-14530,8,46.96,2017-10-29
900,OFF-BI-10004716,JR-16210,2,8.904,2016-04-10
901,OFF-LA-10001045,TD-20995,5,10.44,2017-11-11
902,OFF-BI-10001510,TD-20995,4,18.336,2017-11-11
903,TEC-PH-10004536,DB-13060,3,323.976,2017-09-15
904,OFF-PA-10002947,LC-17140,3,20.04,2016-04-08
905,OFF-ST-10002583,LC-17140,2,64.96,2016-04-08
906,OFF-PA-10000019,LC-17140,2,12.96,2016-04-08
907,FUR-BO-10003441,PO-18865,4,323.136,2017-12-30
908,TEC-PH-10004774,PO-18865,7,90.93,2017-12-30
909,OFF-BI-10003684,PO-18865,3,52.776,2017-12-30
910,TEC-PH-10001494,BE-11335,4,1199.8,2017-09-02
911,TEC-AC-10004666,BE-11335,7,1928.78,2017-09-02
912,OFF-ST-10003816,BE-11335,2,352.38,2017-09-02
913,FUR-FU-10001935,SC-20050,6,22.2,2015-05-31
914,FUR-FU-10004091,BM-11650,1,46.94,2017-11-27
915,TEC-AC-10001772,BM-11650,9,143.73,2017-11-27
916,FUR-TA-10001520,KL-16555,2,99.918,2014-06-15
917,FUR-CH-10003379,KL-16555,4,797.944,2014-06-15
918,OFF-BI-10002706,KL-16555,3,8.568,2014-06-15
919,OFF-EN-10000056,RW-19630,3,149.352,2016-03-05
920,OFF-ST-10001558,RW-19630,1,12.992,2016-03-05
921,OFF-ST-10002444,RC-19825,2,24.56,2014-12-05
922,TEC-AC-10002473,SE-20110,3,85.14,2015-04-11
923,TEC-PH-10004531,SE-20110,1,21.99,2015-04-11
924,OFF-AP-10004487,SE-20110,5,406.6,2015-04-11
925,OFF-BI-10003650,AH-10075,2,841.568,2016-09-15
926,OFF-PA-10003543,JM-15535,3,15.552,2014-09-13
927,TEC-AC-10004353,JM-15535,5,252.0,2014-09-13
928,OFF-AR-10000658,JJ-15760,4,46.2,2015-10-05
929,OFF-AP-10000696,JJ-15760,2,28.84,2015-10-05
930,OFF-AR-10003560,AB-10165,3,14.592,2017-04-14
931,OFF-AR-10001468,AB-10165,3,89.856,2017-04-14
932,OFF-PA-10004971,AB-10165,3,13.872,2017-04-14
933,OFF-PA-10002195,RK-19300,3,12.192,2017-09-02
934,OFF-PA-10001745,CG-12040,8,45.056,2016-06-20
935,OFF-BI-10004826,CG-12040,6,29.718,2016-06-20
936,OFF-PA-10001870,CG-12040,3,15.552,2016-06-20
937,OFF-AP-10001058,CG-12040,2,447.696,2016-06-20
938,TEC-AC-10003911,RA-19885,1,159.99,2017-11-05
939,OFF-PA-10000289,RP-19270,2,12.96,2015-12-13
940,OFF-AP-10003040,RP-19270,4,134.48,2015-12-13
941,OFF-PA-10000350,KC-16255,2,17.12,2016-06-19
942,OFF-BI-10001759,RW-19630,2,6.096,2016-12-13
943,FUR-TA-10000577,RW-19630,4,1114.272,2016-12-13
944,OFF-PA-10004101,JL-15850,5,32.4,2015-05-29
945,OFF-ST-10001496,JL-15850,3,540.57,2015-05-29
946,OFF-BI-10002931,JL-15850,5,167.76,2015-05-29
947,FUR-TA-10002356,CA-12775,3,393.165,2015-07-26
948,FUR-FU-10003601,RB-19795,7,516.488,2017-11-28
949,FUR-FU-10000576,RB-19795,6,1007.232,2017-11-28
950,FUR-TA-10004154,RB-19795,12,2065.32,2017-11-28
951,OFF-PA-10000788,RB-19795,3,15.552,2017-11-28
952,OFF-PA-10002479,RB-19795,6,25.344,2017-11-28
953,FUR-FU-10001940,KH-16360,4,25.472,2017-04-03
954,OFF-AR-10001958,GH-14665,2,27.168,2017-12-28
955,FUR-BO-10004709,GH-14665,2,78.8528,2017-12-28
956,OFF-ST-10000604,SW-20275,5,173.8,2017-11-30
957,TEC-PH-10002923,JA-15970,1,29.592,2017-05-15
958,OFF-BI-10004465,JA-15970,2,4.752,2017-05-15
959,OFF-PA-10002333,JA-15970,3,15.552,2017-05-15
960,FUR-FU-10004188,DL-12925,2,204.6,2015-09-22
961,FUR-CH-10002965,LW-16990,2,321.568,2017-11-14
962,OFF-BI-10000145,TB-21190,2,6.24,2015-11-27
963,OFF-EN-10001335,CV-12805,2,21.88,2016-09-01
964,OFF-LA-10001613,MS-17365,2,4.608,2014-09-22
965,OFF-LA-10004055,BS-11800,2,9.82,2017-04-09
966,OFF-AR-10004344,BS-11800,3,35.97,2017-04-09
967,OFF-PA-10004621,BS-11800,2,12.96,2017-04-09
968,OFF-PA-10001281,BS-11800,4,191.6,2017-04-09
969,OFF-LA-10001613,BS-11800,3,8.64,2017-04-09
970,OFF-ST-10001097,BS-11800,3,501.81,2017-04-09
971,FUR-FU-10001095,DL-13315,6,127.104,2014-01-16
972,TEC-PH-10004614,DL-13315,3,124.2,2014-01-16
973,OFF-BI-10001575,DL-13315,2,18.588,2014-01-16
974,OFF-LA-10001074,DL-13315,3,30.072,2014-01-16
975,TEC-PH-10003555,PO-19195,7,160.93,2017-10-05
976,OFF-BI-10004492,PO-19195,3,75.792,2017-10-05
977,OFF-BI-10002012,TD-20995,2,1.08,2017-07-09
978,TEC-MA-10000822,BW-11110,2,3059.982,2017-01-07
979,OFF-BI-10000848,RW-19690,2,3.282,2016-05-30
980,OFF-PA-10004156,KB-16600,3,34.02,2015-12-09
981,FUR-CH-10003199,EB-13870,6,599.292,2016-10-03
982,OFF-AR-10000034,TZ-21580,1,3.392,2014-11-11
983,TEC-PH-10000560,TZ-21580,2,559.984,2014-11-11
984,FUR-CH-10000665,TZ-21580,5,603.92,2014-11-11
985,OFF-LA-10001569,AS-10630,2,7.968,2017-09-29
986,OFF-EN-10000461,AS-10630,4,27.968,2017-09-29
987,TEC-MA-10003066,AS-10630,3,336.51,2017-09-29
988,OFF-BI-10004022,TS-21340,2,1.112,2015-03-10
989,FUR-FU-10004071,JG-15805,5,520.05,2017-05-21
990,OFF-AR-10001988,JG-15805,3,17.97,2017-05-21
991,FUR-CH-10004086,SL-20155,5,1166.92,2015-03-29
992,OFF-BI-10001036,TS-21610,2,14.624,2016-09-09
993,OFF-FA-10002983,RF-19735,3,10.23,2016-08-26
994,OFF-PA-10003625,RF-19735,5,154.9,2016-08-26
995,OFF-BI-10003925,MW-18235,7,2715.93,2014-05-21
996,TEC-PH-10001530,MW-18235,3,617.97,2014-05-21
997,OFF-EN-10003862,RD-19585,1,10.67,2015-10-28
998,OFF-ST-10004258,RD-19585,3,36.63,2015-10-28
999,FUR-FU-10002885,RD-19585,5,24.1,2015-10-28
1000,FUR-FU-10001918,RD-19585,7,33.11,2015-10-28
1001,OFF-AR-10002956,FM-14290,2,44.02,2016-11-13
1002,TEC-AC-10003033,RH-19495,7,2309.65,2015-07-31
1003,FUR-TA-10002903,RH-19495,7,1090.782,2015-07-31
1004,OFF-PA-10004621,RH-19495,3,19.44,2015-07-31
1005,OFF-ST-10000046,RA-19945,3,484.65,2015-08-27
1006,OFF-PA-10001790,JK-15730,3,115.296,2015-11-13
1007,OFF-EN-10002600,MT-17815,3,7.08,2015-11-06
1008,OFF-BI-10002049,MT-17815,3,4.401,2015-11-06
1009,OFF-PA-10001509,PO-18850,5,44.75,2017-12-26
1010,TEC-PH-10003931,AT-10735,2,95.984,2017-08-01
1011,FUR-FU-10001602,VG-21790,4,151.72,2014-11-24
1012,FUR-FU-10004848,PF-19165,3,155.25,2017-06-17
1013,OFF-ST-10003722,PF-19165,1,14.03,2017-06-17
1014,FUR-TA-10003748,JS-15880,13,1618.37,2015-12-21
1015,TEC-AC-10003198,JS-15880,1,99.6,2015-12-21
1016,OFF-PA-10004100,MO-17800,5,32.4,2015-09-17
1017,FUR-FU-10002191,KM-16225,2,13.96,2015-07-06
1018,FUR-FU-10000965,KM-16225,3,155.82,2015-07-06
1019,TEC-PH-10004188,KM-16225,5,124.95,2015-07-06
1020,OFF-ST-10001526,KM-16225,5,601.65,2015-07-06
1021,OFF-AR-10001166,GT-14710,3,22.74,2015-04-27
1022,FUR-CH-10000309,GT-14710,3,1267.53,2015-04-27
1023,TEC-MA-10004212,GT-14710,8,1379.92,2015-04-27
1024,OFF-EN-10003072,PB-19150,2,6.208,2015-06-16
1025,OFF-BI-10000320,HR-14770,2,11.808,2017-12-17
1026,OFF-PA-10001166,DE-13255,3,15.552,2016-01-11
1027,OFF-PA-10003656,DE-13255,3,63.312,2016-01-11
1028,TEC-PH-10000148,DE-13255,2,15.588,2016-01-11
1029,OFF-PA-10000474,LA-16780,5,177.2,2014-07-11
1030,TEC-PH-10003885,LA-16780,3,197.97,2014-07-11
1031,FUR-CH-10003379,LA-16780,3,854.94,2014-07-11
1032,FUR-FU-10000629,LA-16780,9,124.11,2014-07-11
1033,OFF-LA-10001175,LA-16780,5,14.4,2014-07-11
1034,OFF-PA-10000955,AG-10390,3,15.696,2016-11-20
1035,OFF-BI-10003460,AG-10390,2,2.628,2016-11-20
1036,OFF-BI-10000474,AG-10390,3,14.427,2016-11-20
1037,FUR-FU-10003975,EL-13735,2,86.62,2016-04-22
1038,OFF-BI-10003707,JJ-15445,3,36.624,2015-06-13
1039,OFF-AR-10000203,JH-15430,7,23.968,2017-11-20
1040,OFF-AR-10004790,JH-15430,3,28.728,2017-11-20
1041,FUR-TA-10001095,RD-19660,4,697.16,2016-03-20
1042,TEC-AC-10004761,MO-17500,2,31.86,2016-09-06
1043,FUR-BO-10001811,MO-17500,3,722.352,2016-09-06
1044,OFF-AR-10001130,NS-18640,5,8.84,2017-07-09
1045,OFF-AP-10000055,NS-18640,9,58.464,2017-07-09
1046,FUR-CH-10002304,SN-20710,14,254.604,2017-10-12
1047,TEC-PH-10001530,ZC-21910,5,1363.96,2016-03-08
1048,FUR-FU-10004006,ZC-21910,3,102.36,2016-03-08
1049,TEC-PH-10000486,LC-16885,12,1113.504,2014-05-27
1050,TEC-AC-10001606,LC-16885,1,99.99,2014-05-27
1051,FUR-FU-10000293,DG-13300,2,168.464,2015-07-03
1052,OFF-PA-10001307,DG-13300,2,6.72,2015-07-03
1053,FUR-FU-10004460,DG-13300,9,282.888,2015-07-03
1054,OFF-AR-10000716,NF-18595,2,11.16,2015-04-04
1055,FUR-FU-10004622,NF-18595,2,108.4,2015-04-04
1056,OFF-BI-10002735,NF-18595,3,82.344,2015-04-04
1057,OFF-BI-10003529,NF-18595,4,9.088,2015-04-04
1058,OFF-BI-10001097,BP-11185,4,19.936,2017-12-10
1059,OFF-BI-10001597,BP-11185,2,65.568,2017-12-10
1060,OFF-FA-10001754,MG-17650,3,4.416,2016-11-24
1061,FUR-CH-10003396,JD-16060,2,107.772,2015-03-23
1062,OFF-AP-10002350,TS-21160,3,45.216,2015-04-16
1063,OFF-FA-10004838,TS-21160,7,10.416,2015-04-16
1064,OFF-AR-10004757,TS-21160,3,7.872,2015-04-16
1065,TEC-PH-10002115,TS-21160,3,118.782,2015-04-16
1066,OFF-FA-10003059,TS-21160,1,1.448,2015-04-16
1067,OFF-BI-10004330,TS-21160,5,55.47,2015-04-16
1068,FUR-CH-10001146,BD-11620,4,194.848,2016-10-01
1069,OFF-SU-10001935,CM-12160,1,1.744,2017-09-28
1070,OFF-BI-10001524,RB-19795,4,25.176,2015-07-25
1071,OFF-AR-10003732,SN-20560,7,19.46,2015-11-20
1072,OFF-PA-10001970,EH-14005,3,29.472,2016-04-28
1073,OFF-BI-10003669,FO-14305,2,8.64,2017-11-14
1074,OFF-BI-10003727,MS-17710,5,6.27,2016-11-12
1075,OFF-BI-10004967,MS-17710,7,4.368,2016-11-12
1076,TEC-AC-10003447,MS-17710,2,31.984,2016-11-12
1077,OFF-AR-10000255,CC-12100,7,40.88,2016-09-29
1078,OFF-AP-10002191,DW-13540,2,119.96,2017-09-23
1079,OFF-ST-10001325,DW-13540,3,31.44,2017-09-23
1080,OFF-BI-10000404,DW-13540,1,6.88,2017-09-23
1081,OFF-PA-10000349,BT-11395,4,19.92,2015-11-29
1082,FUR-CH-10002880,BT-11395,9,1106.91,2015-11-29
1083,FUR-TA-10001095,KD-16270,8,836.592,2016-03-01
1084,OFF-PA-10003127,KD-16270,1,26.38,2016-03-01
1085,OFF-ST-10003208,KD-16270,2,362.92,2016-03-01
1086,TEC-MA-10003979,KD-16270,7,4899.93,2016-03-01
1087,OFF-PA-10000029,LC-16870,1,6.48,2016-08-12
1088,TEC-PH-10004896,CY-12745,3,71.976,2016-08-15
1089,OFF-LA-10000452,CY-12745,1,3.15,2016-08-15
1090,FUR-FU-10001967,LW-16990,2,31.984,2017-06-04
1091,TEC-PH-10001819,LW-16990,2,71.984,2017-06-04
1092,OFF-AR-10002952,NP-18325,9,120.15,2015-12-06
1093,TEC-PH-10000576,NP-18325,2,219.184,2015-12-06
1094,OFF-PA-10000605,BT-11485,5,28.9,2015-12-27
1095,OFF-AP-10002518,BT-11485,2,355.96,2015-12-27
1096,OFF-ST-10004340,PS-19045,7,348.208,2017-01-21
1097,OFF-BI-10004001,PS-19045,7,35.784,2017-01-21
1098,FUR-TA-10004147,NS-18640,5,447.84,2014-06-25
1099,OFF-AR-10001545,PV-18985,4,7.04,2016-06-14
1100,FUR-FU-10000206,PV-18985,3,8.73,2016-06-14
1101,TEC-AC-10001013,PV-18985,1,29.29,2016-06-14
1102,OFF-AR-10002255,PV-18985,3,8.64,2016-06-14
1103,OFF-BI-10004140,RP-19390,3,2.694,2017-04-21
1104,OFF-BI-10002049,RP-19390,3,2.934,2017-04-21
1105,OFF-PA-10001892,NM-18520,3,22.92,2016-10-21
1106,OFF-ST-10000642,EH-13945,6,100.704,2016-11-19
1107,FUR-FU-10000206,EH-13945,2,2.328,2016-11-19
1108,OFF-BI-10003676,EH-13945,5,10.78,2016-11-19
1109,OFF-FA-10003495,EH-13945,12,58.368,2016-11-19
1110,OFF-EN-10003798,EH-13945,3,40.968,2016-11-19
1111,TEC-PH-10003589,EH-13945,5,71.96,2016-11-19
1112,OFF-PA-10004735,EH-13945,2,10.368,2016-11-19
1113,OFF-BI-10002609,EH-13945,2,1.192,2016-11-19
1114,OFF-BI-10003364,RA-19915,2,46.672,2017-12-18
1115,FUR-BO-10002206,RA-19915,1,119.833,2017-12-18
1116,TEC-AC-10003610,RA-19915,2,119.98,2017-12-18
1117,OFF-LA-10003766,DL-13495,2,6.3,2016-07-22
1118,OFF-PA-10001970,CS-12355,5,279.9,2015-09-04
1119,TEC-AC-10002049,CS-12355,5,619.95,2015-09-04
1120,OFF-PA-10000141,CS-12355,2,4.36,2015-09-04
1121,OFF-EN-10004459,CS-12355,2,15.28,2015-09-04
1122,TEC-PH-10001061,HL-15040,7,699.93,2014-01-20
1123,OFF-AR-10002375,HL-15040,7,22.96,2014-01-20
1124,FUR-FU-10003194,HL-15040,4,38.6,2014-01-20
1125,OFF-AR-10003811,HL-15040,3,6.63,2014-01-20
1126,OFF-EN-10001539,HL-15040,3,23.34,2014-01-20
1127,FUR-CH-10002331,HL-15040,3,1067.94,2014-01-20
1128,OFF-AR-10003156,PA-19060,1,10.16,2015-03-02
1129,OFF-EN-10001532,PA-19060,6,101.88,2015-03-02
1130,FUR-TA-10004086,BD-11605,4,343.92,2016-04-12
1131,OFF-PA-10000100,BD-11605,1,40.99,2016-04-12
1132,OFF-EN-10002500,BD-11605,5,63.9,2016-04-12
1133,OFF-PA-10004100,GG-14650,3,19.44,2016-12-06
1134,OFF-ST-10003479,JS-15940,4,124.608,2016-06-05
1135,OFF-LA-10000973,JS-15940,3,7.56,2016-06-05
1136,OFF-ST-10001476,LR-16915,3,85.224,2016-12-11
1137,OFF-EN-10002831,FH-14275,8,287.52,2016-11-12
1138,OFF-AP-10002350,FH-14275,2,37.68,2016-11-12
1139,OFF-PA-10001763,FH-14275,2,19.98,2016-11-12
1140,OFF-AR-10003394,FH-14275,7,20.58,2016-11-12
1141,OFF-BI-10002072,FH-14275,2,17.38,2016-11-12
1142,FUR-FU-10004188,AP-10915,2,204.6,2014-09-29
1143,OFF-FA-10001561,AP-10915,4,8.72,2014-09-29
1144,OFF-PA-10002105,AP-10915,1,6.48,2014-09-29
1145,TEC-MA-10004241,AP-10915,2,686.32,2014-09-29
1146,OFF-ST-10004340,AP-10915,1,62.18,2014-09-29
1147,OFF-AP-10003849,NC-18340,2,644.076,2015-04-04
1148,OFF-FA-10000735,NC-18340,2,5.84,2015-04-04
1149,OFF-BI-10003350,NC-18340,2,12.76,2015-04-04
1150,TEC-PH-10000307,NC-18340,1,10.95,2015-04-04
1151,TEC-CO-10004202,NC-18340,2,599.98,2015-04-04
1152,FUR-FU-10001852,CB-12535,6,8.352,2015-05-08
1153,OFF-AR-10003759,KL-16555,2,3.64,2016-12-31
1154,OFF-BI-10003984,KL-16555,7,159.768,2016-12-31
1155,OFF-ST-10004337,PS-19045,2,122.48,2014-12-20
1156,FUR-TA-10001932,PS-19045,7,2244.48,2014-12-20
1157,OFF-BI-10003982,PS-19045,3,62.31,2014-12-20
1158,FUR-TA-10000617,PS-19045,2,455.1,2014-12-20
1159,FUR-CH-10002126,GB-14530,1,195.184,2016-07-02
1160,OFF-AP-10000576,AA-10315,3,362.94,2017-06-29
1161,OFF-BI-10004654,AA-10315,2,11.54,2017-06-29
1162,OFF-AR-10004042,LT-16765,3,53.94,2014-09-01
1163,TEC-PH-10004700,AP-10720,1,9.99,2014-03-03
1164,OFF-BI-10004593,AP-10720,3,125.76,2014-03-03
1165,OFF-BI-10003429,AP-10720,5,25.32,2014-03-03
1166,OFF-BI-10001294,PM-18940,4,46.8,2014-05-04
1167,TEC-AC-10001552,KC-16540,9,447.93,2015-11-02
1168,FUR-FU-10004952,DL-13315,2,109.48,2017-12-08
1169,OFF-ST-10004123,DL-13315,3,272.94,2017-12-08
1170,OFF-PA-10003172,DL-13315,3,19.44,2017-12-08
1171,OFF-ST-10002352,DL-13315,4,31.92,2017-12-08
1172,OFF-PA-10002259,SW-20275,2,22.38,2014-03-10
1173,OFF-BI-10002976,AA-10375,5,16.52,2014-04-21
1174,OFF-BI-10000301,LT-17110,4,5.176,2015-10-22
1175,OFF-BI-10003694,DP-13105,6,50.112,2015-08-22
1176,OFF-SU-10000381,AB-10060,3,27.93,2016-08-29
1177,OFF-LA-10004425,AT-10435,4,11.56,2014-12-27
1178,FUR-CH-10001270,JE-15745,2,172.5,2016-12-01
1179,TEC-PH-10003931,JE-15745,3,179.97,2016-12-01
1180,TEC-AC-10003174,CA-12055,3,258.696,2016-04-24
1181,TEC-PH-10004539,DB-13060,7,1322.93,2014-06-21
1182,OFF-AR-10001919,DB-13060,2,3.76,2014-06-21
1183,OFF-EN-10002504,RB-19570,1,21.744,2017-01-14
1184,TEC-PH-10003655,RB-19570,5,7.92,2017-01-14
1185,OFF-BI-10004656,HR-14830,7,12.096,2014-11-24
1186,OFF-ST-10002344,HR-14830,6,485.88,2014-11-24
1187,OFF-PA-10001800,HR-14830,4,25.92,2014-11-24
1188,OFF-ST-10000036,HR-14830,2,197.58,2014-11-24
1189,OFF-AP-10004532,BT-11530,4,81.92,2017-02-26
1190,TEC-PH-10004447,BT-11530,8,889.536,2017-02-26
1191,FUR-CH-10003973,BT-11530,3,892.224,2017-02-26
1192,OFF-PA-10001970,BT-11530,4,223.92,2017-02-26
1193,OFF-PA-10000682,BT-11530,4,23.12,2017-02-26
1194,OFF-PA-10001937,NG-18355,3,15.552,2015-09-15
1195,FUR-FU-10002268,NG-18355,4,15.712,2015-09-15
1196,OFF-ST-10001321,NG-18355,2,24.672,2015-09-15
1197,FUR-FU-10003394,NG-18355,1,55.968,2015-09-15
1198,TEC-AC-10001990,ZC-21910,9,431.928,2016-04-08
1199,FUR-CH-10004540,ZC-21910,4,95.984,2016-04-08
1200,OFF-BI-10004995,ZC-21910,4,1088.792,2016-04-08
1201,FUR-CH-10002335,LS-16945,3,544.008,2016-07-18
1202,OFF-BI-10004967,LS-16945,3,1.872,2016-07-18
1203,FUR-CH-10002331,LS-16945,3,854.352,2016-07-18
1204,OFF-ST-10002292,LS-16945,2,593.568,2016-07-18
1205,OFF-ST-10000689,LS-16945,3,338.04,2016-07-18
1206,TEC-PH-10002660,LH-16750,5,271.96,2017-08-01
1207,OFF-ST-10004634,SW-20755,1,11.21,2016-07-14
1208,OFF-BI-10002160,SW-20755,3,9.144,2016-07-14
1209,OFF-FA-10002988,SW-20755,7,14.07,2016-07-14
1210,OFF-AR-10004999,SW-20755,7,41.86,2016-07-14
1211,OFF-BI-10001031,SW-20755,2,8.544,2016-07-14
1212,FUR-BO-10004695,SW-20755,4,579.136,2016-07-14
1213,FUR-CH-10004860,SP-20620,2,141.372,2017-09-09
1214,OFF-BI-10002432,SP-20620,2,3.036,2017-09-09
1215,OFF-BI-10000069,SP-20620,1,4.503,2017-09-09
1216,OFF-AR-10003602,SP-20620,1,4.672,2017-09-09
1217,TEC-AC-10004469,SP-20620,3,95.88,2017-09-09
1218,FUR-FU-10001867,SP-20620,2,17.024,2017-09-09
1219,TEC-AC-10003174,SP-20620,3,258.696,2017-09-09
1220,TEC-PH-10002200,SP-20620,7,1931.958,2017-09-09
1221,OFF-ST-10000107,BF-11170,9,249.75,2014-07-12
1222,TEC-PH-10000439,BF-11170,8,255.936,2014-07-12
1223,FUR-FU-10001602,BM-11140,3,113.79,2016-12-04
1224,TEC-AC-10001432,BM-11140,1,78.15,2016-12-04
1225,OFF-BI-10004656,BM-11140,1,1.728,2016-12-04
1226,OFF-PA-10001685,BM-11140,4,40.56,2016-12-04
1227,OFF-ST-10001418,BM-11140,3,182.94,2016-12-04
1228,OFF-ST-10000676,BM-11140,2,193.86,2016-12-04
1229,OFF-EN-10001219,ZC-21910,2,15.28,2017-11-06
1230,FUR-FU-10001424,ZC-21910,1,8.73,2017-11-06
1231,OFF-AR-10001022,ZC-21910,2,5.68,2017-11-06
1232,OFF-AR-10000369,KT-16480,2,2.78,2015-10-31
1233,OFF-EN-10003055,KT-16480,2,79.96,2015-10-31
1234,TEC-CO-10001046,BG-11695,2,839.988,2016-05-30
1235,FUR-FU-10000076,PG-18820,3,47.952,2016-10-28
1236,OFF-BI-10003719,PG-18820,5,37.425,2016-10-28
1237,FUR-FU-10003268,PG-18820,2,63.968,2016-10-28
1238,FUR-FU-10003553,PG-18820,3,165.048,2016-10-28
1239,FUR-FU-10003691,GM-14680,1,12.35,2014-08-11
1240,OFF-AR-10003903,GM-14680,1,40.97,2014-08-11
1241,OFF-FA-10004854,GM-14680,2,22.96,2014-08-11
1242,TEC-PH-10003442,MO-17800,4,22.0,2016-08-29
1243,OFF-BI-10004519,PG-18820,3,398.352,2016-02-15
1244,OFF-FA-10000304,PG-18820,4,8.72,2016-02-15
1245,OFF-EN-10004955,EJ-14155,9,48.69,2017-05-14
1246,FUR-TA-10004619,NP-18700,6,764.688,2014-12-12
1247,FUR-TA-10003473,NP-18700,12,3610.848,2014-12-12
1248,FUR-BO-10004467,NP-18700,3,254.9745,2014-12-12
1249,OFF-AR-10002280,DJ-13630,6,38.82,2017-12-18
1250,FUR-CH-10001708,DJ-13630,9,1141.938,2017-12-18
1251,OFF-AP-10000891,DJ-13630,13,1704.56,2017-12-18
1252,OFF-AR-10000462,DJ-13630,2,3.2,2017-12-18
1253,TEC-PH-10004165,IM-15070,4,1099.96,2015-07-04
1254,OFF-AR-10003958,MH-18115,2,5.248,2017-03-10
1255,TEC-PH-10000149,MH-18115,3,35.91,2017-03-10
1256,FUR-FU-10003724,MH-18115,1,6.696,2017-03-10
1257,FUR-FU-10003535,MH-18115,2,43.872,2017-03-10
1258,OFF-BI-10001575,RB-19795,3,27.882,2016-12-24
1259,OFF-ST-10003716,RB-19795,3,540.048,2016-12-24
1260,TEC-AC-10004469,RB-19795,8,255.68,2016-12-24
1261,TEC-PH-10004586,JR-15700,3,863.88,2017-10-23
1262,OFF-BI-10004236,SM-20950,4,17.616,2016-10-28
1263,OFF-BI-10001634,CS-12355,3,17.472,2017-07-07
1264,TEC-PH-10000215,CC-12220,2,69.9,2016-10-01
1265,FUR-FU-10003724,CC-12220,5,41.85,2016-10-01
1266,OFF-AR-10000422,PF-19225,3,6.57,2017-09-02
1267,OFF-ST-10003306,JC-16105,1,142.86,2014-12-24
1268,FUR-CH-10001146,JC-16105,6,292.272,2014-12-24
1269,FUR-FU-10000246,BG-11695,3,29.328,2017-09-23
1270,OFF-PA-10002870,DC-12850,2,12.48,2017-06-04
1271,OFF-ST-10000563,SP-20545,4,102.336,2016-04-21
1272,OFF-AP-10004487,SP-20545,3,48.792,2016-04-21
1273,OFF-BI-10002854,SP-20545,8,44.848,2016-04-21
1274,OFF-PA-10004621,MS-17710,2,10.368,2016-05-26
1275,FUR-CH-10001973,MS-17710,5,388.43,2016-05-26
1276,OFF-PA-10004040,MS-17710,3,14.352,2016-05-26
1277,TEC-AC-10000580,MS-17710,1,63.992,2016-05-26
1278,OFF-AR-10004022,BD-11770,3,86.352,2016-05-02
1279,TEC-AC-10004209,KC-16255,3,32.97,2014-09-08
1280,TEC-AC-10000023,KC-16255,4,83.88,2014-09-08
1281,TEC-PH-10003505,TR-21325,3,278.4,2016-09-05
1282,OFF-LA-10000121,SA-20830,3,15.12,2017-04-09
1283,OFF-BI-10002026,SA-20830,1,17.43,2017-04-09
1284,OFF-PA-10000994,SA-20830,3,251.64,2017-04-09
1285,OFF-BI-10002813,KW-16435,7,2.772,2015-12-06
1286,OFF-ST-10000617,GM-14500,5,14.9,2016-06-26
1287,OFF-AR-10004817,AD-10180,3,15.48,2015-07-04
1288,FUR-FU-10000397,TB-21355,2,39.88,2016-11-22
1289,OFF-BI-10000605,TB-21355,4,12.192,2016-11-22
1290,OFF-AR-10001860,TB-21355,3,20.82,2016-11-22
1291,OFF-BI-10004970,CC-12430,4,13.216,2016-11-10
1292,OFF-PA-10003172,CC-12430,5,32.4,2016-11-10
1293,OFF-SU-10001218,PF-19165,3,32.94,2015-08-27
1294,OFF-PA-10002968,PF-19165,5,114.2,2015-08-27
1295,OFF-LA-10000134,PF-19165,1,3.08,2015-08-27
1296,OFF-AP-10004487,JH-16180,13,845.728,2015-05-25
1297,OFF-BI-10002103,EB-13975,2,13.904,2017-12-30
1298,OFF-BI-10004632,EB-13975,2,20.72,2017-12-30
1299,TEC-PH-10003555,QJ-19255,5,114.95,2016-12-08
1300,OFF-ST-10001590,AA-10315,2,26.96,2015-10-04
1301,FUR-FU-10003664,LC-17140,6,572.76,2016-12-23
1302,FUR-FU-10003664,LC-17140,3,286.38,2016-12-23
1303,FUR-BO-10003433,TC-21535,2,61.96,2015-09-19
1304,FUR-FU-10002554,CS-12460,1,23.99,2017-07-03
1305,TEC-PH-10001557,CS-12460,3,287.97,2017-07-03
1306,TEC-PH-10003437,BM-11785,7,419.944,2016-07-14
1307,OFF-PA-10002986,RC-19825,7,46.76,2016-06-20
1308,OFF-BI-10000320,RC-19825,3,17.712,2016-06-20
1309,OFF-AP-10003971,RC-19825,2,21.78,2016-06-20
1310,OFF-ST-10001469,RC-19825,3,161.94,2016-06-20
1311,FUR-CH-10003846,RC-19825,2,161.568,2016-06-20
1312,OFF-LA-10001404,FM-14380,1,3.69,2016-12-09
1313,OFF-LA-10001474,FM-14380,4,122.12,2016-12-09
1314,FUR-CH-10003199,PK-19075,2,155.372,2016-09-24
1315,OFF-PA-10003072,HG-14965,6,38.88,2016-12-18
1316,FUR-FU-10004960,HG-14965,8,183.84,2016-12-18
1317,OFF-SU-10003505,HG-14965,5,579.3,2016-12-18
1318,TEC-AC-10003116,HA-14920,1,14.2,2017-12-10
1319,TEC-PH-10004586,LW-16825,2,575.92,2014-07-01
1320,OFF-BI-10000546,LW-16825,6,5.184,2014-07-01
1321,OFF-BI-10002071,MC-17575,3,5.229,2017-02-03
1322,OFF-ST-10001490,MC-17575,2,285.552,2017-02-03
1323,OFF-AP-10004859,LP-17095,5,72.8,2017-03-03
1324,OFF-PA-10002659,EB-14170,4,10.816,2017-10-09
1325,OFF-ST-10001321,GZ-14545,3,46.26,2014-09-28
1326,OFF-BI-10004139,LE-16810,6,17.46,2014-05-27
1327,FUR-FU-10001867,AD-10180,6,51.072,2015-06-14
1328,OFF-PA-10004156,CP-12085,1,11.34,2016-03-30
1329,OFF-AR-10002818,FG-14260,4,87.92,2017-10-15
1330,FUR-FU-10003691,LD-17005,3,37.05,2016-05-23
1331,TEC-PH-10000347,AB-10255,1,2.97,2017-06-02
1332,OFF-ST-10004507,AB-10255,2,27.44,2017-06-02
1333,OFF-BI-10002012,MN-17935,3,1.08,2014-02-16
1334,OFF-AP-10001303,MN-17935,2,7.96,2014-02-16
1335,OFF-BI-10003684,HP-14815,8,140.736,2014-05-06
1336,OFF-ST-10002574,JR-15670,4,552.56,2016-05-16
1337,FUR-FU-10003724,JF-15190,3,25.11,2017-04-02
1338,FUR-FU-10004018,CM-12115,2,29.78,2017-03-31
1339,TEC-PH-10002549,CM-12115,3,677.58,2017-03-31
1340,OFF-PA-10004911,CM-12115,8,75.04,2017-03-31
1341,TEC-MA-10002178,AS-10045,2,695.7,2017-01-02
1342,OFF-BI-10003694,AS-10045,5,15.66,2017-01-02
1343,OFF-BI-10000474,AS-10045,6,28.854,2017-01-02
1344,OFF-AR-10000411,KB-16315,3,47.82,2015-05-28
1345,OFF-LA-10000262,KB-16315,5,13.05,2015-05-28
1346,OFF-AP-10001154,BN-11515,2,93.78,2014-03-17
1347,OFF-PA-10000466,BN-11515,7,47.18,2014-03-17
1348,OFF-AR-10003829,BN-11515,6,19.68,2014-03-17
1349,OFF-BI-10001758,BN-11515,10,53.4,2014-03-17
1350,OFF-BI-10000136,BN-11515,6,35.88,2014-03-17
1351,FUR-CH-10002880,BP-11290,3,258.279,2014-10-03
1352,OFF-ST-10000649,AS-10045,2,31.4,2016-03-28
1353,TEC-PH-10003092,LW-16990,5,183.96,2017-05-04
1354,OFF-PA-10002250,LW-16990,3,17.61,2017-05-04
1355,FUR-TA-10003473,LW-16990,1,300.904,2017-05-04
1356,OFF-ST-10001522,DC-12850,3,220.776,2014-07-05
1357,OFF-ST-10000563,DC-12850,11,281.424,2014-07-05
1358,OFF-PA-10003641,ND-18370,3,79.14,2016-05-05
1359,FUR-FU-10000010,LB-16735,1,1.988,2017-04-26
1360,FUR-CH-10002961,KT-16465,2,145.568,2014-09-26
1361,OFF-AR-10002956,HM-14860,7,123.256,2017-10-19
1362,OFF-PA-10004041,HM-14860,4,23.68,2017-10-19
1363,TEC-PH-10001336,HM-14860,4,309.576,2017-10-19
1364,OFF-BI-10001036,AB-10600,14,38.388,2017-11-10
1365,TEC-MA-10003183,AB-10600,2,95.994,2017-11-10
1366,TEC-AC-10001314,AB-10600,6,239.952,2017-11-10
1367,TEC-PH-10002563,AB-10600,2,201.584,2017-11-10
1368,FUR-CH-10003312,AB-10600,4,899.136,2017-11-10
1369,FUR-FU-10001588,SZ-20035,5,145.9,2017-07-08
1370,FUR-BO-10002613,JR-15670,7,590.058,2015-12-24
1371,OFF-AR-10003405,JR-15670,3,14.04,2015-12-24
1372,TEC-AC-10004510,MG-17890,3,49.08,2017-03-07
1373,OFF-LA-10002312,KM-16720,2,29.6,2014-04-01
1374,OFF-BI-10000042,KM-16720,4,17.088,2014-04-01
1375,FUR-TA-10003008,CA-12265,5,912.75,2015-09-14
1376,OFF-AP-10003590,VD-21670,3,1089.75,2014-08-04
1377,OFF-PA-10000806,VD-21670,8,447.84,2014-08-04
1378,OFF-AR-10000896,VD-21670,5,16.4,2014-08-04
1379,TEC-PH-10002310,VD-21670,5,399.96,2014-08-04
1380,OFF-ST-10002289,VD-21670,5,158.9,2014-08-04
1381,OFF-BI-10002852,VD-21670,1,13.184,2014-08-04
1382,FUR-FU-10003394,JK-16120,3,83.952,2016-09-03
1383,OFF-ST-10002344,PP-18955,1,80.98,2016-02-05
1384,OFF-PA-10001289,PP-18955,9,348.84,2016-02-05
1385,OFF-FA-10000053,PP-18955,5,9.45,2016-02-05
1386,FUR-FU-10004091,PP-18955,3,18.84,2016-02-05
1387,FUR-BO-10004015,PP-18955,2,239.98,2016-02-05
1388,OFF-EN-10003001,PP-18955,2,167.96,2016-02-05
1389,TEC-PH-10000215,PP-18955,3,104.85,2016-02-05
1390,TEC-PH-10003645,PP-18955,3,484.83,2016-02-05
1391,OFF-PA-10000357,PP-18955,3,122.97,2016-02-05
1392,OFF-ST-10004804,PP-18955,3,154.44,2016-02-05
1393,OFF-PA-10003892,PP-18955,7,342.37,2016-02-05
1394,OFF-AR-10003514,YS-21880,3,9.552,2017-07-03
1395,FUR-TA-10002958,CK-12760,5,652.45,2017-10-09
1396,FUR-TA-10001676,CK-12760,3,66.645,2017-10-09
1397,OFF-BI-10000822,NC-18340,4,17.216,2016-11-24
1398,OFF-PA-10004971,NC-18340,2,11.56,2016-11-24
1399,TEC-AC-10002323,NC-18340,4,88.4,2016-11-24
1400,OFF-PA-10004888,NC-18340,1,6.48,2016-11-24
1401,TEC-PH-10003988,KM-16375,2,21.8,2016-11-01
1402,OFF-EN-10002230,KM-16375,3,251.79,2016-11-01
1403,FUR-TA-10002622,GM-14455,2,205.176,2016-04-19
1404,OFF-PA-10000418,GM-14455,5,419.4,2016-04-19
1405,OFF-SU-10004498,SD-20485,1,10.304,2014-04-06
1406,FUR-TA-10001039,SD-20485,3,154.764,2014-04-06
1407,TEC-AC-10004659,SD-20485,2,116.784,2014-04-06
1408,OFF-AR-10002240,KD-16270,2,75.48,2016-09-02
1409,FUR-FU-10001967,KD-16270,2,39.98,2016-09-02
1410,FUR-TA-10002356,AB-10105,3,393.165,2016-09-25
1411,OFF-LA-10003923,SZ-20035,2,23.68,2017-11-04
1412,FUR-CH-10002335,JD-15895,2,408.006,2016-07-09
1413,FUR-FU-10000723,JD-15895,4,165.28,2016-07-09
1414,OFF-BI-10002867,HA-14905,7,334.768,2014-06-30
1415,TEC-AC-10000580,BT-11305,3,239.97,2017-01-28
1416,FUR-FU-10003976,BT-11305,3,37.74,2017-01-28
1417,TEC-PH-10002922,SV-20815,7,946.344,2015-09-21
1418,TEC-AC-10004353,SV-20815,3,151.2,2015-09-21
1419,FUR-FU-10001706,SV-20815,4,4.928,2015-09-21
1420,OFF-PA-10000501,RW-19540,4,86.272,2015-09-26
1421,OFF-BI-10000778,RW-19540,2,72.588,2015-09-26
1422,OFF-AP-10004980,RW-19540,2,60.672,2015-09-26
1423,OFF-BI-10003984,RW-19540,9,77.031,2015-09-26
1424,OFF-ST-10000798,RW-19540,6,119.904,2015-09-26
1425,TEC-PH-10001750,RW-19540,5,263.96,2015-09-26
1426,OFF-ST-10002743,RW-19540,4,363.648,2015-09-26
1427,OFF-BI-10002949,DK-12835,2,9.728,2015-10-31
1428,OFF-EN-10002600,DK-12835,5,14.75,2015-10-31
1429,OFF-BI-10003708,DK-12835,5,29.8,2015-10-31
1430,OFF-LA-10003510,DK-12835,14,427.42,2015-10-31
1431,TEC-PH-10003092,LT-17110,8,220.752,2017-11-26
1432,OFF-BI-10001191,IM-15070,6,152.76,2014-12-19
1433,OFF-SU-10004115,IM-15070,1,7.27,2014-12-19
1434,FUR-CH-10000513,IM-15070,14,1819.86,2014-12-19
1435,OFF-PA-10003673,FP-14320,5,33.9,2016-12-26
1436,OFF-PA-10001639,ST-20530,6,31.104,2017-06-20
1437,OFF-AR-10003829,ST-20530,2,5.248,2017-06-20
1438,TEC-AC-10004975,JE-15745,3,263.88,2015-10-15
1439,FUR-CH-10002024,JE-15745,5,2453.43,2015-10-15
1440,OFF-BI-10004364,BD-11320,5,29.7,2017-04-12
1441,OFF-PA-10001712,BD-11320,4,39.96,2017-04-12
1442,OFF-BI-10001510,MM-17920,2,36.672,2017-12-19
1443,OFF-PA-10002713,PW-19030,2,13.76,2017-08-05
1444,OFF-ST-10002974,SC-20440,4,139.424,2015-10-01
1445,TEC-PH-10004165,KL-16645,9,1979.928,2016-05-23
1446,OFF-ST-10004804,SD-20485,4,164.736,2017-06-13
1447,FUR-CH-10004289,SD-20485,7,470.302,2017-06-13
1448,TEC-PH-10002564,SD-20485,2,47.984,2017-06-13
1449,OFF-BI-10004876,TS-21160,3,2.502,2014-04-23
1450,TEC-PH-10004348,JB-15400,3,88.752,2015-05-01
1451,OFF-BI-10004352,TS-21085,1,2.025,2015-07-19
1452,OFF-PA-10001685,MC-17425,7,70.98,2016-11-26
1453,OFF-BI-10000666,MC-17425,3,91.68,2016-11-26
1454,OFF-BI-10004352,MC-17425,5,33.75,2016-11-26
1455,TEC-MA-10000010,MC-17425,8,3040.0,2016-11-26
1456,OFF-BI-10000977,ME-17320,3,91.2,2017-06-12
1457,FUR-TA-10002530,ME-17320,3,452.94,2017-06-12
1458,OFF-BI-10002412,SC-20440,9,52.2,2015-08-17
1459,OFF-LA-10001569,NH-18610,4,15.936,2016-09-25
1460,FUR-FU-10001473,AA-10480,2,27.46,2014-05-04
1461,OFF-BI-10001765,LC-17140,2,55.424,2015-12-01
1462,FUR-TA-10001095,MB-18085,2,244.006,2016-03-11
1463,TEC-AC-10004571,LC-16930,2,159.984,2016-08-26
1464,FUR-CH-10002126,LC-16930,6,1024.716,2016-08-26
1465,OFF-FA-10001754,KD-16495,2,3.68,2016-12-16
1466,FUR-FU-10001602,MB-17305,4,121.376,2014-08-08
1467,TEC-AC-10001767,MB-17305,3,95.976,2014-08-08
1468,TEC-AC-10002402,TH-21550,4,255.968,2015-05-16
1469,FUR-CH-10000847,DK-12835,3,872.94,2017-12-09
1470,OFF-BI-10003982,DK-12835,2,41.54,2017-12-09
1471,OFF-PA-10001293,DK-12835,2,12.96,2017-12-09
1472,OFF-AR-10000634,ON-18715,2,6.848,2015-09-24
1473,OFF-LA-10004272,KN-16390,3,8.67,2017-07-11
1474,FUR-FU-10004270,NM-18520,4,6.688,2015-12-01
1475,OFF-AR-10003770,NP-18685,6,17.28,2016-11-19
1476,OFF-BI-10000320,NP-18685,3,17.712,2016-11-19
1477,OFF-LA-10003121,CG-12040,7,28.91,2017-03-19
1478,OFF-SU-10000381,CS-12505,7,52.136,2016-11-13
1479,TEC-PH-10000376,KD-16345,4,31.968,2017-11-19
1480,OFF-PA-10002262,MK-18160,4,25.92,2016-12-02
1481,OFF-PA-10002464,MK-18160,7,40.46,2016-12-02
1482,OFF-ST-10002214,MK-18160,3,33.87,2016-12-02
1483,OFF-AR-10003560,DW-13540,2,9.728,2017-08-25
1484,OFF-PA-10000130,DW-13540,1,3.424,2017-08-25
1485,TEC-AC-10000865,CP-12340,3,177.0,2016-10-14
1486,OFF-FA-10003021,MS-17770,2,3.76,2014-11-27
1487,TEC-PH-10003580,CM-12655,7,1212.848,2015-11-03
1488,TEC-AC-10001109,CM-12655,3,89.97,2015-11-03
1489,FUR-FU-10003347,CM-12655,3,42.6,2015-11-03
1490,OFF-LA-10000452,Co-12640,2,5.04,2014-11-29
1491,OFF-EN-10002986,DL-13495,4,62.96,2017-04-30
1492,OFF-PA-10001838,TS-21370,1,5.88,2017-11-24
1493,FUR-CH-10000785,TS-21370,6,977.292,2017-11-24
1494,FUR-FU-10002885,JW-15220,2,9.64,2017-10-30
1495,OFF-AR-10002952,RF-19840,3,40.05,2014-12-17
1496,OFF-AR-10003759,JD-15790,7,10.192,2017-09-04
1497,OFF-ST-10004950,JD-15790,1,16.784,2017-09-04
1498,OFF-AR-10001940,JD-15790,5,13.12,2017-09-04
1499,OFF-BI-10003981,NK-18490,5,18.16,2016-10-17
1500,OFF-PA-10002749,NG-18430,3,16.056,2017-11-12
1501,OFF-PA-10003823,NG-18430,9,223.056,2017-11-12
1502,OFF-ST-10003716,NG-18430,3,540.048,2017-11-12
1503,TEC-PH-10001300,AT-10435,2,33.52,2016-11-24
1504,FUR-FU-10000010,AT-10435,2,9.94,2016-11-24
1505,OFF-AR-10001868,PC-19000,4,6.72,2015-08-01
1506,FUR-TA-10003715,PC-19000,6,1004.976,2015-08-01
1507,OFF-BI-10003708,AR-10540,3,17.88,2017-12-24
1508,TEC-MA-10004458,CS-12505,4,396.0,2016-09-17
1509,OFF-BI-10004965,LS-16975,3,34.5,2017-12-10
1510,FUR-FU-10004270,JM-15535,2,8.36,2017-09-12
1511,OFF-AR-10002135,NH-18610,8,385.6,2017-06-24
1512,OFF-AR-10003514,NH-18610,9,35.82,2017-06-24
1513,OFF-ST-10002276,RA-19915,3,200.064,2017-08-18
1514,OFF-BI-10001098,RA-19915,5,21.38,2017-08-18
1515,OFF-BI-10001636,RA-19915,4,6.744,2017-08-18
1516,FUR-CH-10002961,AI-10855,1,63.686,2017-12-11
1517,FUR-TA-10004256,MC-17845,4,1669.6,2017-12-10
1518,OFF-BI-10004593,TB-21400,2,83.84,2014-02-03
1519,OFF-BI-10002827,TB-21400,3,13.272,2014-02-03
1520,OFF-BI-10001759,VW-21775,7,21.336,2017-02-11
1521,OFF-AR-10001419,PL-18925,5,16.52,2017-04-16
1522,FUR-FU-10002253,GH-14425,6,206.112,2015-12-06
1523,OFF-PA-10002586,GH-14425,5,19.92,2015-12-06
1524,OFF-PA-10003039,GH-14425,8,198.272,2015-12-06
1525,OFF-ST-10004804,GH-14425,6,247.104,2015-12-06
1526,OFF-AR-10004042,GH-14425,6,86.304,2015-12-06
1527,OFF-AR-10002221,CJ-12010,2,4.16,2016-07-22
1528,FUR-FU-10002456,CJ-12010,2,11.648,2016-07-22
1529,OFF-FA-10004968,MC-18130,7,26.18,2015-11-07
1530,OFF-PA-10001274,MC-18130,2,7.3,2015-11-07
1531,OFF-PA-10001125,BV-11245,3,74.352,2015-03-26
1532,OFF-ST-10000344,JF-15490,1,10.744,2017-08-31
1533,OFF-FA-10000585,JF-15490,3,8.376,2017-08-31
1534,OFF-ST-10003324,EB-13840,6,212.88,2016-12-04
1535,FUR-BO-10004015,MP-18175,2,203.983,2017-02-10
1536,OFF-ST-10000419,JM-15655,3,40.74,2016-10-29
1537,OFF-AP-10001626,JM-15655,3,11.67,2016-10-29
1538,TEC-PH-10000439,CL-11890,1,39.99,2017-09-15
1539,OFF-AR-10003478,CL-11890,2,16.28,2017-09-15
1540,FUR-BO-10002545,CL-11890,3,782.94,2017-09-15
1541,OFF-BI-10001765,CL-11890,7,242.48,2017-09-15
1542,FUR-FU-10003981,CK-12205,5,8.32,2014-03-11
1543,OFF-FA-10001561,CK-12205,6,10.464,2014-03-11
1544,OFF-BI-10004230,DB-13270,3,82.896,2014-02-04
1545,OFF-PA-10000350,DB-13270,4,34.24,2014-02-04
1546,FUR-BO-10002613,PC-18745,7,1573.488,2014-12-31
1547,OFF-PA-10000994,VB-21745,4,335.52,2015-11-23
1548,OFF-BI-10002867,VB-21745,2,23.912,2015-11-23
1549,OFF-ST-10001291,VB-21745,2,27.056,2015-11-23
1550,TEC-CO-10001046,EP-13915,1,559.992,2014-07-06
1551,OFF-AP-10004868,ME-17320,6,9.324,2017-11-13
1552,OFF-PA-10000806,IG-15085,2,111.96,2016-06-17
1553,OFF-LA-10002195,JS-15940,7,21.56,2014-05-03
1554,OFF-BI-10003719,BO-11425,5,124.75,2017-10-16
1555,OFF-AR-10001315,VW-21775,3,5.28,2015-02-06
1556,TEC-AC-10000171,AB-10150,4,91.96,2017-09-04
1557,OFF-EN-10003134,JW-16075,1,9.344,2016-05-09
1558,OFF-AR-10001955,JW-16075,5,79.36,2016-05-09
1559,FUR-TA-10001039,JE-15475,2,171.96,2015-03-16
1560,OFF-BI-10003712,EB-13750,9,35.352,2016-04-09
1561,OFF-LA-10001641,PK-18910,6,18.9,2014-04-04
1562,OFF-AR-10003732,CS-12400,1,2.78,2017-09-05
1563,FUR-TA-10000577,SG-20470,5,1044.63,2017-06-30
1564,OFF-PA-10004000,CM-12190,3,11.352,2015-11-09
1565,OFF-ST-10001370,CL-12565,5,354.9,2014-03-04
1566,TEC-PH-10004539,JO-15550,3,453.576,2015-03-19
1567,TEC-AC-10003038,AW-10840,3,21.48,2015-11-29
1568,OFF-BI-10000088,AW-10840,4,8.784,2015-11-29
1569,OFF-PA-10000357,DV-13465,3,122.97,2017-06-11
1570,OFF-AR-10003504,AH-10075,3,12.84,2017-11-26
1571,FUR-CH-10000863,SC-20095,5,603.92,2014-11-23
1572,OFF-EN-10003160,SC-20095,3,21.84,2014-11-23
1573,TEC-AC-10003280,SC-20095,1,29.99,2014-11-23
1574,FUR-CH-10000595,SC-20095,2,381.44,2014-11-23
1575,TEC-PH-10000169,MC-18100,3,40.68,2014-12-15
1576,FUR-CH-10004675,MC-18100,5,763.28,2014-12-15
1577,OFF-ST-10002406,TT-21460,2,23.952,2016-04-22
1578,OFF-PA-10001526,AP-10720,1,4.98,2016-05-23
1579,OFF-AP-10004336,DL-12865,3,170.88,2016-02-27
1580,TEC-PH-10003012,NP-18325,2,307.98,2015-08-09
1581,FUR-TA-10002607,NP-18325,9,382.806,2015-08-09
1582,OFF-ST-10000642,NP-18325,2,41.96,2015-08-09
1583,OFF-BI-10000545,NP-18325,2,1217.568,2015-08-09
1584,FUR-FU-10002157,NP-18325,3,47.04,2015-08-09
1585,FUR-FU-10001706,NP-18325,2,6.16,2015-08-09
1586,TEC-PH-10000984,NP-18325,5,979.95,2015-08-09
1587,OFF-PA-10001357,NP-18325,3,143.7,2015-08-09
1588,OFF-FA-10000992,NP-18325,3,10.65,2015-08-09
1589,TEC-AC-10002600,NP-18325,4,247.8,2015-08-09
1590,OFF-AR-10001662,VG-21805,4,10.96,2016-05-12
1591,OFF-AR-10001221,MY-18295,7,33.488,2016-04-15
1592,OFF-FA-10002988,MY-18295,5,8.04,2016-04-15
1593,TEC-PH-10004830,RD-19480,4,201.568,2015-06-23
1594,OFF-PA-10004519,JF-15490,3,13.44,2014-10-19
1595,FUR-BO-10000362,DP-13390,3,359.058,2015-03-24
1596,FUR-CH-10004540,MD-17350,2,47.992,2017-05-08
1597,FUR-FU-10001290,MY-17380,13,547.3,2017-10-16
1598,OFF-PA-10000308,AB-10150,4,16.896,2017-11-19
1599,OFF-SU-10001165,AB-10150,1,6.672,2017-11-19
1600,OFF-AR-10003373,AB-10150,4,99.136,2017-11-19
1601,FUR-FU-10001967,AB-10150,2,15.992,2017-11-19
1602,FUR-FU-10001488,GB-14530,2,211.96,2016-05-08
1603,OFF-AR-10003251,CA-12775,3,6.672,2016-12-11
1604,OFF-AR-10001044,ME-17725,6,155.94,2017-11-30
1605,TEC-PH-10004700,JO-15280,5,39.96,2016-04-19
1606,OFF-AR-10000823,JO-15280,3,5.46,2016-04-19
1607,OFF-AR-10004456,JO-15280,5,73.2,2016-04-19
1608,OFF-BI-10000050,JO-15280,1,5.84,2016-04-19
1609,OFF-PA-10002377,JO-15280,4,22.72,2016-04-19
1610,OFF-BI-10000591,JO-15280,3,9.336,2016-04-19
1611,FUR-BO-10000362,ML-17395,2,290.666,2014-05-26
1612,TEC-PH-10000441,ML-17395,2,201.584,2014-05-26
1613,TEC-PH-10002726,ML-17395,2,83.984,2014-05-26
1614,OFF-ST-10003306,YS-21880,7,1000.02,2017-12-21
1615,TEC-AC-10004855,PL-18925,3,83.976,2016-03-15
1616,OFF-LA-10002787,JK-16120,1,3.75,2015-08-10
1617,OFF-LA-10002043,JK-16120,4,41.4,2015-08-10
1618,OFF-AR-10001915,JK-16120,3,29.79,2015-08-10
1619,OFF-ST-10000352,PN-18775,2,59.48,2016-09-10
1620,OFF-PA-10000575,PN-18775,1,6.69,2016-09-10
1621,FUR-FU-10002937,JC-15385,2,198.46,2017-07-08
1622,OFF-LA-10003930,JC-15385,8,786.48,2017-07-08
1623,OFF-BI-10001107,JC-15385,2,23.168,2017-07-08
1624,TEC-AC-10003063,JC-15385,2,50.0,2017-07-08
1625,TEC-PH-10002922,JG-15160,5,675.96,2015-12-19
1626,TEC-AC-10002049,JG-15160,3,1265.85,2015-12-19
1627,OFF-AP-10002457,PO-19180,5,523.25,2015-11-16
1628,FUR-CH-10001270,MC-17275,6,517.5,2015-09-24
1629,FUR-FU-10004415,AS-10240,5,17.92,2017-06-21
1630,OFF-BI-10001510,AS-10240,6,41.256,2017-06-21
1631,OFF-ST-10002011,CL-12565,3,1006.056,2016-05-08
1632,OFF-PA-10002986,CL-12565,2,10.688,2016-05-08
1633,OFF-PA-10004451,CL-12565,2,10.368,2016-05-08
1634,OFF-ST-10000649,CL-12565,2,25.12,2016-05-08
1635,TEC-AC-10001465,CL-12565,2,58.112,2016-05-08
1636,OFF-PA-10001166,NW-18400,3,15.552,2014-11-26
1637,OFF-ST-10001097,NW-18400,5,669.08,2014-11-26
1638,TEC-PH-10000038,NW-18400,4,438.336,2014-11-26
1639,OFF-PA-10002689,TB-21280,3,19.44,2016-05-26
1640,OFF-BI-10004728,TB-21280,2,9.64,2016-05-26
1641,OFF-PA-10004675,TB-21280,2,12.7,2016-05-26
1642,FUR-FU-10000629,TB-21280,3,41.37,2016-05-26
1643,OFF-FA-10003112,BS-11380,2,12.624,2014-11-29
1644,OFF-ST-10000142,FH-14365,3,1247.64,2015-03-19
1645,TEC-CO-10001766,FH-14365,7,3149.93,2015-03-19
1646,OFF-PA-10004359,FH-14365,2,209.7,2015-03-19
1647,TEC-AC-10002323,VM-21685,2,35.36,2015-11-01
1648,OFF-FA-10001135,VM-21685,2,3.168,2015-11-01
1649,OFF-BI-10004224,SF-20200,6,121.104,2015-09-26
1650,TEC-PH-10003357,SF-20200,1,45.894,2015-09-26
1651,OFF-PA-10004475,HH-15010,2,109.92,2014-08-29
1652,OFF-PA-10003001,HH-15010,2,13.36,2014-08-29
1653,OFF-ST-10003442,CD-12280,6,169.68,2017-11-18
1654,TEC-AC-10003832,CD-12280,4,132.52,2017-11-18
1655,OFF-FA-10000611,CD-12280,2,2.96,2017-11-18
1656,OFF-BI-10001116,CD-12280,2,8.448,2017-11-18
1657,OFF-ST-10000563,CD-12280,3,95.94,2017-11-18
1658,FUR-FU-10000010,HL-15040,7,34.79,2014-05-12
1659,TEC-PH-10004922,TH-21100,3,160.776,2017-01-20
1660,OFF-BI-10004330,MM-18055,3,88.752,2017-10-30
1661,OFF-BI-10002072,MM-18055,2,13.904,2017-10-30
1662,TEC-PH-10002549,QJ-19255,5,677.58,2017-04-30
1663,OFF-BI-10002353,QJ-19255,3,13.896,2017-04-30
1664,OFF-ST-10001325,NS-18505,5,41.92,2016-11-24
1665,TEC-AC-10002049,NS-18505,3,297.576,2016-11-24
1666,OFF-FA-10002676,NS-18505,3,4.344,2016-11-24
1667,TEC-AC-10003023,NS-18505,2,94.992,2016-11-24
1668,OFF-PA-10000167,NS-18505,3,74.352,2016-11-24
1669,OFF-AR-10003405,NS-18505,3,14.04,2016-11-24
1670,FUR-TA-10001889,MM-17920,4,1018.104,2015-01-10
1671,TEC-PH-10002185,RD-19480,3,16.68,2017-10-19
1672,TEC-AC-10001013,RB-19645,2,58.58,2016-03-22
1673,TEC-PH-10002726,RD-19585,4,167.968,2017-07-03
1674,OFF-LA-10003930,SW-20455,2,196.62,2015-12-11
1675,FUR-FU-10003535,SF-20965,2,21.936,2015-09-17
1676,OFF-BI-10000088,SF-20965,3,6.588,2015-09-17
1677,OFF-ST-10000604,EB-13930,3,104.28,2016-05-18
1678,OFF-PA-10004040,EB-13930,3,17.94,2016-05-18
1679,OFF-ST-10002344,SB-20290,1,64.784,2014-09-07
1680,TEC-PH-10003589,SB-20290,3,32.382,2014-09-07
1681,FUR-FU-10000758,SB-20290,2,42.368,2014-09-07
1682,TEC-MA-10004679,SB-20290,4,399.54,2014-09-07
1683,OFF-PA-10000176,PS-18760,1,18.97,2016-09-29
1684,FUR-FU-10002597,CB-12535,3,14.82,2016-11-07
1685,OFF-AP-10002495,DK-12835,2,99.28,2017-04-24
1686,OFF-BI-10002813,DK-12835,2,1.188,2017-04-24
1687,OFF-BI-10002414,DK-12835,2,7.518,2017-04-24
1688,OFF-PA-10000788,AW-10840,2,10.368,2017-12-10
1689,FUR-FU-10004306,AW-10840,2,310.88,2017-12-10
1690,FUR-TA-10001539,TS-21610,6,853.092,2014-08-16
1691,OFF-PA-10000575,HF-14995,5,33.45,2017-12-09
1692,OFF-BI-10004182,HF-14995,5,10.4,2017-12-09
1693,FUR-FU-10004020,HZ-14950,5,21.88,2016-03-14
1694,TEC-AC-10003133,AB-10255,2,13.616,2016-06-26
1695,TEC-AC-10002006,PO-19195,4,63.96,2015-09-25
1696,OFF-BI-10003314,PO-19195,3,14.46,2015-09-25
1697,TEC-PH-10002726,PO-19195,2,104.98,2015-09-25
1698,OFF-AP-10000240,AG-10900,2,106.96,2015-12-27
1699,OFF-LA-10002381,AG-10900,7,21.56,2015-12-27
1700,FUR-TA-10004086,SC-20725,6,515.88,2014-06-03
1701,OFF-BI-10000320,ND-18370,2,11.808,2015-07-13
1702,FUR-CH-10000595,ND-18370,9,1931.04,2015-07-13
1703,OFF-PA-10000349,ND-18370,2,9.96,2015-07-13
1704,OFF-FA-10001843,CD-12790,5,12.35,2014-02-02
1705,OFF-BI-10003676,PG-18820,3,9.702,2016-03-08
1706,OFF-BI-10003638,IM-15070,2,11.61,2015-11-22
1707,OFF-LA-10003077,JK-15205,6,43.86,2017-10-30
1708,TEC-PH-10003505,JK-15205,2,148.48,2017-10-30
1709,OFF-PA-10003424,JK-15205,2,7.42,2017-10-30
1710,FUR-CH-10003061,JK-15205,1,71.992,2017-10-30
1711,OFF-AR-10003514,JK-15205,5,19.9,2017-10-30
1712,OFF-AP-10002684,JK-15205,14,1702.12,2017-10-30
1713,OFF-PA-10004405,JP-15520,6,14.304,2015-01-30
1714,FUR-TA-10004289,MM-18055,7,765.625,2017-09-08
1715,FUR-BO-10003965,DC-13285,2,307.666,2017-10-07
1716,OFF-BI-10003314,JL-15835,2,7.712,2016-04-30
1717,OFF-AP-10001563,BN-11515,5,242.9,2016-05-19
1718,OFF-ST-10004123,BN-11515,5,454.9,2016-05-19
1719,FUR-FU-10002088,BN-11515,4,35.92,2016-05-19
1720,FUR-FU-10000010,BN-11515,8,39.76,2016-05-19
1721,OFF-BI-10002824,BN-11515,4,47.744,2016-05-19
1722,TEC-PH-10001061,KD-16345,2,159.984,2015-12-20
1723,TEC-AC-10000736,KD-16345,4,255.968,2015-12-20
1724,FUR-BO-10003966,KD-16345,3,359.058,2015-12-20
1725,OFF-AP-10000828,JK-15370,3,434.352,2015-12-19
1726,OFF-AP-10002906,JK-15370,2,3.552,2015-12-19
1727,OFF-AP-10003860,JK-15370,4,88.832,2015-12-19
1728,FUR-TA-10001307,FM-14215,5,1048.35,2017-04-29
1729,TEC-AC-10003063,CA-12265,4,100.0,2016-02-07
1730,OFF-LA-10001045,CA-12265,3,7.83,2016-02-07
1731,OFF-PA-10001457,KD-16495,8,96.256,2014-09-28
1732,OFF-PA-10001804,KD-16495,2,10.688,2014-09-28
1733,OFF-ST-10000689,LH-17155,3,338.04,2016-07-10
1734,OFF-AR-10002135,LH-17155,4,154.24,2016-07-10
1735,OFF-AP-10002082,AG-10675,2,34.848,2017-07-29
1736,TEC-PH-10003442,AG-10675,5,22.0,2017-07-29
1737,OFF-AR-10002833,AG-10675,3,4.368,2017-07-29
1738,OFF-ST-10001325,DB-13120,3,31.44,2015-09-03
1739,TEC-AC-10003038,DB-13120,2,17.9,2015-09-03
1740,TEC-AC-10003590,DB-13120,5,129.45,2015-09-03
1741,OFF-LA-10000262,ED-13885,8,20.88,2014-08-09
1742,OFF-PA-10004355,MC-18100,4,20.736,2017-10-30
1743,FUR-FU-10004415,MC-18100,2,7.168,2017-10-30
1744,OFF-ST-10002486,MC-18100,2,11.168,2017-10-30
1745,TEC-AC-10001142,MC-18100,7,442.4,2017-10-30
1746,OFF-AR-10002656,BM-11785,2,13.36,2014-06-06
1747,OFF-BI-10000138,EM-14065,8,11.232,2016-08-13
1748,OFF-PA-10004947,EM-14065,3,10.272,2016-08-13
1749,OFF-PA-10003543,DA-13450,2,10.368,2014-04-25
1750,OFF-AR-10002221,DA-13450,3,6.24,2014-04-25
1751,FUR-TA-10004607,MO-17800,2,206.962,2015-11-22
1752,FUR-FU-10001918,JW-15955,2,9.46,2017-10-14
1753,OFF-ST-10004340,VW-21775,9,559.62,2017-12-02
1754,OFF-PA-10004475,VW-21775,2,109.92,2017-12-02
1755,OFF-PA-10003893,VW-21775,2,8.56,2017-12-02
1756,OFF-PA-10000100,TT-21460,11,360.712,2015-12-08
1757,TEC-PH-10001817,TT-21460,6,1718.4,2015-12-08
1758,OFF-BI-10001765,SL-20155,6,41.568,2015-07-13
1759,TEC-AC-10001013,RM-19375,2,46.864,2014-05-11
1760,OFF-AR-10003478,MB-18085,3,19.536,2014-01-05
1761,FUR-BO-10000330,AG-10900,4,411.332,2015-09-05
1762,OFF-BI-10001900,AG-10900,6,28.752,2015-09-05
1763,FUR-BO-10003159,AG-10900,3,293.199,2015-09-05
1764,OFF-SU-10002573,ML-17755,2,35.06,2016-08-04
1765,OFF-LA-10004484,ML-17755,1,4.13,2016-08-04
1766,FUR-FU-10001591,ML-17755,9,109.8,2016-08-04
1767,OFF-LA-10002034,ML-17755,2,9.82,2016-08-04
1768,OFF-BI-10004410,CC-12685,4,7.644,2014-03-22
1769,OFF-BI-10002735,CC-12685,5,51.465,2014-03-22
1770,OFF-SU-10001935,SC-20770,4,6.976,2017-03-02
1771,OFF-BI-10003291,SC-20770,7,12.222,2017-03-02
1772,OFF-ST-10004337,GG-14650,2,97.984,2016-11-27
1773,TEC-AC-10001266,GG-14650,6,62.4,2016-11-27
1774,OFF-BI-10001628,MY-18295,2,20.86,2014-04-28
1775,OFF-ST-10000877,MY-18295,9,497.61,2014-04-28
1776,OFF-AR-10004752,MY-18295,2,5.34,2014-04-28
1777,OFF-LA-10000452,MY-18295,1,3.15,2014-04-28
1778,OFF-PA-10000675,DP-13000,9,368.91,2015-11-24
1779,OFF-AR-10003045,DP-13000,5,14.7,2015-11-24
1780,TEC-AC-10003447,BD-11770,3,59.97,2016-11-11
1781,OFF-ST-10002276,BD-11770,1,83.36,2016-11-11
1782,OFF-PA-10001609,CB-12535,2,6.58,2015-07-09
1783,OFF-BI-10001597,CB-12535,3,122.94,2015-07-09
1784,OFF-PA-10004475,JE-15610,4,219.84,2017-09-22
1785,TEC-AC-10004510,JE-15610,6,98.16,2017-09-22
1786,OFF-BI-10002976,JE-15610,8,33.04,2017-09-22
1787,TEC-PH-10001615,JE-15610,3,86.97,2017-09-22
1788,TEC-PH-10001819,RP-19855,3,134.97,2015-02-15
1789,TEC-PH-10000560,RP-19855,2,699.98,2015-02-15
1790,TEC-AC-10004568,RP-19855,5,139.95,2015-02-15
1791,OFF-PA-10004092,RA-19915,1,48.94,2014-09-30
1792,FUR-CH-10001854,RP-19390,8,2807.84,2014-12-01
1793,OFF-AR-10000475,RP-19390,4,46.64,2014-12-01
1794,OFF-ST-10000777,TB-21175,2,60.416,2014-12-08
1795,OFF-AR-10004022,BE-11455,3,107.94,2016-09-05
1796,OFF-ST-10002352,MR-17545,8,63.84,2017-08-27
1797,TEC-PH-10000455,MR-17545,3,347.97,2017-08-27
1798,OFF-BI-10003910,MR-17545,6,37.008,2017-08-27
1799,FUR-FU-10003039,RM-19375,5,215.65,2016-07-07
1800,OFF-FA-10000585,JF-15565,4,11.168,2016-08-08
1801,OFF-PA-10001994,JF-15565,3,53.952,2016-08-08
1802,FUR-FU-10004270,AS-10135,1,4.18,2016-11-13
1803,OFF-BI-10002498,JA-15970,1,5.607,2017-09-22
1804,OFF-SU-10002881,JA-15970,7,4663.736,2017-09-22
1805,TEC-AC-10002926,JA-15970,2,79.984,2017-09-22
1806,TEC-PH-10002200,GK-14620,7,2575.944,2016-12-25
1807,OFF-PA-10002005,GK-14620,7,45.36,2016-12-25
1808,TEC-AC-10001465,GK-14620,7,254.24,2016-12-25
1809,TEC-PH-10004897,PB-19210,7,69.93,2016-02-11
1810,FUR-FU-10001196,HK-14890,7,16.156,2016-10-23
1811,OFF-PA-10000595,HK-14890,3,54.816,2016-10-23
1812,FUR-TA-10004534,FO-14305,7,1441.3,2014-06-09
1813,FUR-FU-10001861,BT-11680,5,77.6,2017-11-20
1814,FUR-FU-10000206,BT-11680,2,4.656,2017-11-20
1815,FUR-TA-10002607,SP-20620,3,170.136,2015-09-14
1816,OFF-LA-10000443,LL-16840,2,7.38,2015-06-04
1817,OFF-AR-10004685,LL-16840,2,9.26,2015-06-04
1818,OFF-LA-10001771,MC-17575,2,9.96,2015-12-13
1819,OFF-AP-10001394,JL-15235,2,75.6,2014-05-25
1820,FUR-FU-10002553,JL-15235,2,29.32,2014-05-25
1821,OFF-AP-10004233,EA-14035,6,92.064,2016-02-16
1822,OFF-FA-10000304,EA-14035,4,6.976,2016-02-16
1823,FUR-CH-10004754,EA-14035,3,62.958,2016-02-16
1824,OFF-PA-10000809,EA-14035,1,5.184,2016-02-16
1825,OFF-BI-10003694,SA-20830,10,31.32,2016-12-22
1826,FUR-FU-10001935,SA-20830,4,11.84,2016-12-22
1827,FUR-FU-10002878,SA-20830,1,22.784,2016-12-22
1828,TEC-PH-10002624,CH-12070,3,1127.976,2016-02-08
1829,OFF-PA-10000019,ND-18460,6,38.88,2015-07-13
1830,TEC-PH-10002885,BS-11755,2,779.796,2014-05-18
1831,TEC-PH-10000895,SL-20155,8,1439.92,2017-10-21
1832,FUR-TA-10002356,SL-20155,1,262.11,2017-10-21
1833,FUR-CH-10001270,GB-14530,3,207.0,2015-11-05
1834,TEC-MA-10000488,AS-10045,3,1439.982,2017-08-01
1835,OFF-PA-10003729,AS-10045,7,36.288,2017-08-01
1836,OFF-AR-10003056,RM-19375,5,21.4,2014-06-21
1837,OFF-AP-10002518,NH-18610,7,1245.86,2017-02-19
1838,OFF-LA-10000240,BF-10975,3,17.544,2014-08-01
1839,FUR-FU-10000629,BF-10975,4,44.128,2014-08-01
1840,OFF-AP-10001005,BF-10975,1,62.92,2014-08-01
1841,OFF-PA-10002377,BF-10975,2,78.304,2014-08-01
1842,FUR-CH-10000988,KH-16330,1,140.81,2016-07-18
1843,OFF-LA-10001074,FA-14230,4,40.096,2015-02-09
1844,FUR-FU-10001986,FA-14230,2,40.784,2015-02-09
1845,TEC-AC-10003027,GW-14605,3,90.57,2017-07-29
1846,OFF-PA-10001804,DA-13450,6,40.08,2017-01-12
1847,FUR-FU-10004973,DA-13450,2,37.68,2017-01-12
1848,FUR-CH-10002602,FH-14275,3,362.352,2017-09-10
1849,OFF-BI-10004140,FH-14275,2,7.184,2017-09-10
1850,OFF-ST-10000464,RK-19300,1,34.76,2015-07-20
1851,TEC-AC-10002253,RK-19300,5,831.2,2015-07-20
1852,OFF-PA-10000528,RK-19300,5,26.4,2015-07-20
1853,OFF-EN-10000483,RK-19300,7,106.75,2015-07-20
1854,OFF-PA-10003129,RK-19300,2,97.82,2015-07-20
1855,OFF-ST-10003442,RK-19300,5,141.4,2015-07-20
1856,OFF-AR-10003631,FM-14215,3,14.52,2014-06-13
1857,OFF-ST-10000563,AC-10420,5,127.92,2017-05-12
1858,OFF-BI-10002133,AC-10420,4,34.24,2017-05-12
1859,OFF-AP-10002311,JB-15400,2,137.62,2015-09-03
1860,TEC-PH-10004959,JB-15400,1,100.49,2015-09-03
1861,FUR-BO-10001918,GM-14440,2,257.568,2017-03-26
1862,TEC-PH-10004896,GM-14440,4,119.96,2017-03-26
1863,OFF-ST-10001328,RF-19840,4,49.632,2014-11-12
1864,FUR-TA-10004575,NC-18625,5,727.45,2016-10-13
1865,FUR-FU-10001617,NC-18625,3,24.96,2016-10-13
1866,TEC-PH-10002824,NG-18355,3,370.782,2017-11-12
1867,FUR-FU-10004460,AH-10075,5,196.45,2017-04-15
1868,OFF-PA-10003309,CH-12070,6,31.104,2015-06-25
1869,OFF-ST-10002554,CH-12070,2,78.256,2015-06-25
1870,OFF-PA-10000019,CC-12145,1,6.48,2016-08-26
1871,OFF-AR-10002067,ME-18010,5,99.2,2014-07-21
1872,FUR-CH-10001215,ME-18010,2,801.568,2014-07-21
1873,FUR-TA-10004175,ME-18010,1,272.848,2014-07-21
1874,FUR-TA-10004767,BP-11230,1,70.98,2017-11-21
1875,OFF-PA-10001685,MP-17470,2,16.224,2014-06-04
1876,FUR-BO-10003272,CJ-12010,1,176.784,2016-03-10
1877,TEC-PH-10000984,JC-15775,3,470.376,2017-03-25
1878,FUR-CH-10002880,JG-15160,4,393.568,2017-12-29
1879,TEC-PH-10002563,JG-15160,3,302.376,2017-12-29
1880,OFF-BI-10001191,CK-12760,9,68.742,2017-03-28
1881,OFF-EN-10002621,LF-17185,3,29.34,2015-03-05
1882,FUR-CH-10001146,LF-17185,7,383.607,2015-03-05
1883,OFF-ST-10000689,LF-17185,4,563.4,2015-03-05
1884,OFF-PA-10001289,CC-12430,7,217.056,2016-11-13
1885,OFF-LA-10003714,DL-12865,2,6.0,2017-01-19
1886,FUR-FU-10001889,PG-18895,3,31.56,2016-04-22
1887,OFF-FA-10002815,EH-14005,2,7.104,2014-05-13
1888,OFF-BI-10004519,EH-14005,8,398.352,2014-05-13
1889,OFF-AP-10004708,TB-21520,4,121.792,2014-10-21
1890,FUR-TA-10000617,TB-21520,3,409.59,2014-10-21
1891,OFF-PA-10001204,DK-13225,2,10.56,2014-03-14
1892,OFF-AR-10003723,DK-13225,1,3.38,2014-03-14
1893,OFF-EN-10002621,JP-15520,1,7.824,2017-12-22
1894,OFF-PA-10000241,CD-11980,1,24.784,2016-11-24
1895,OFF-AR-10001446,AS-10090,3,34.65,2017-12-02
1896,OFF-BI-10004632,JO-15280,2,487.984,2015-12-31
1897,OFF-BI-10001359,AC-10450,2,1793.98,2017-10-03
1898,OFF-EN-10001749,RA-19945,2,29.808,2014-08-29
1899,OFF-BI-10004390,RA-19945,4,505.176,2014-08-29
1900,FUR-TA-10001857,RA-19945,3,174.0585,2014-08-29
1901,OFF-ST-10000563,Co-12640,6,191.88,2016-06-29
1902,TEC-PH-10004924,DW-13480,2,14.78,2016-08-20
1903,OFF-PA-10003953,DK-12835,1,5.184,2017-10-21
1904,FUR-CH-10000155,DK-12835,2,478.48,2017-10-21
1905,TEC-AC-10003116,DK-12835,2,28.4,2017-10-21
1906,OFF-ST-10002743,MD-17860,8,909.12,2017-10-21
1907,OFF-BI-10001757,RP-19855,2,2.952,2016-05-17
1908,OFF-BI-10000069,RP-19855,6,27.018,2016-05-17
1909,FUR-FU-10004093,RW-19540,4,136.92,2015-02-03
1910,FUR-FU-10001037,DB-13660,2,18.96,2017-12-18
1911,TEC-AC-10003832,SC-20770,3,99.39,2016-11-15
1912,OFF-PA-10001878,FH-14275,7,273.896,2017-07-03
1913,TEC-MA-10003674,FH-14275,3,597.132,2017-07-03
1914,TEC-AC-10003628,EH-13990,5,149.95,2014-01-15
1915,OFF-LA-10003190,AS-10630,2,4.608,2017-04-30
1916,OFF-AR-10002280,AS-10630,3,15.528,2017-04-30
1917,OFF-LA-10001569,AS-10630,3,11.952,2017-04-30
1918,OFF-AR-10001573,HA-14905,5,11.65,2015-11-08
1919,TEC-PH-10001809,CH-12070,2,299.9,2015-10-30
1920,OFF-BI-10003091,EH-13765,5,895.92,2017-08-17
1921,FUR-CH-10003981,EH-13765,2,462.564,2017-08-17
1922,OFF-ST-10002562,MZ-17515,2,15.008,2015-10-03
1923,TEC-PH-10004345,SC-20230,9,863.64,2016-07-08
1924,OFF-AR-10000588,SC-20230,3,47.616,2016-07-08
1925,OFF-PA-10003039,NP-18325,3,92.94,2017-12-05
1926,TEC-AC-10001908,LW-16990,2,199.98,2017-03-09
1927,TEC-PH-10001198,GM-14680,3,177.48,2016-06-09
1928,OFF-PA-10004071,RH-19495,2,88.768,2017-11-28
1929,OFF-PA-10001972,VM-21685,1,6.48,2017-03-16
1930,OFF-ST-10004180,VM-21685,1,46.51,2017-03-16
1931,TEC-PH-10004165,VM-21685,3,659.976,2017-03-16
1932,TEC-PH-10002483,CC-12670,1,271.992,2016-11-27
1933,FUR-BO-10000468,SV-20365,3,145.74,2017-08-06
1934,FUR-FU-10001706,SV-20365,5,15.4,2017-08-06
1935,OFF-PA-10003129,LW-16990,5,244.55,2017-11-27
1936,TEC-AC-10001284,LW-16990,8,166.16,2017-11-27
1937,FUR-FU-10002268,NP-18685,3,14.73,2015-05-25
1938,OFF-BI-10002082,JE-15715,2,19.968,2016-07-08
1939,OFF-ST-10001505,JE-15715,7,33.488,2016-07-08
1940,OFF-BI-10001634,JE-15715,4,8.736,2016-07-08
1941,FUR-CH-10004287,JE-15715,3,662.88,2016-07-08
1942,OFF-LA-10004544,CP-12085,4,47.36,2017-08-29
1943,OFF-ST-10004507,CP-12085,2,27.44,2017-08-29
1944,OFF-BI-10002012,CP-12085,9,3.24,2017-08-29
1945,TEC-AC-10001109,EA-14035,4,95.968,2016-06-20
1946,OFF-PA-10000809,EA-14035,2,10.368,2016-06-20
1947,OFF-AR-10000658,AC-10615,2,23.1,2017-09-02
1948,FUR-FU-10001196,AC-10615,2,11.54,2017-09-02
1949,FUR-TA-10001889,AC-10615,1,254.526,2017-09-02
1950,OFF-AP-10000358,AC-10615,1,12.98,2017-09-02
1951,OFF-BI-10004970,AC-10615,8,26.432,2017-09-02
1952,TEC-PH-10003885,AC-10615,3,197.97,2017-09-02
1953,OFF-LA-10001641,AC-10615,6,18.9,2017-09-02
1954,FUR-CH-10003379,AC-10615,5,1282.41,2017-09-02
1955,OFF-AR-10004582,AC-10615,3,4.92,2017-09-02
1956,TEC-AC-10002842,AC-10615,2,238.0,2017-09-02
1957,TEC-AC-10000109,AC-10615,3,167.97,2017-09-02
1958,OFF-PA-10003893,AC-10615,4,17.12,2017-09-02
1959,OFF-BI-10003669,RW-19690,3,16.2,2017-09-10
1960,OFF-AP-10004785,RW-19690,3,33.99,2017-09-10
1961,TEC-AC-10003023,RW-19690,5,296.85,2017-09-10
1962,TEC-AC-10002217,RW-19690,6,112.8,2017-09-10
1963,OFF-BI-10002954,RW-19690,3,13.71,2017-09-10
1964,OFF-PA-10002586,RW-19690,5,24.9,2017-09-10
1965,OFF-ST-10000025,RW-19690,3,286.29,2017-09-10
1966,OFF-AP-10003281,RW-19690,2,24.18,2017-09-10
1967,TEC-PH-10002103,DB-13210,3,281.97,2017-12-21
1968,OFF-SU-10000898,DB-13210,5,69.5,2017-12-21
1969,OFF-PA-10001144,DB-13210,3,166.44,2017-12-21
1970,TEC-AC-10004659,BD-11320,4,291.96,2017-09-23
1971,OFF-AR-10004752,ML-17755,3,6.408,2017-05-06
1972,TEC-AC-10004659,ML-17755,7,408.744,2017-05-06
1973,OFF-BI-10001249,JD-16015,4,5.104,2014-12-14
1974,OFF-FA-10003059,JD-16015,2,2.896,2014-12-14
1975,TEC-AC-10002718,JD-16015,3,35.016,2014-12-14
1976,OFF-ST-10001522,AS-10225,3,275.97,2014-10-18
1977,TEC-PH-10002352,AS-10225,5,1394.95,2014-10-18
1978,FUR-CH-10003774,AS-10225,6,545.88,2014-10-18
1979,OFF-AR-10000127,AA-10375,2,5.248,2015-05-08
1980,FUR-CH-10004086,KT-16465,4,933.536,2016-04-14
1981,OFF-ST-10001228,KT-16465,4,42.976,2016-04-14
1982,OFF-BI-10004187,MM-18280,2,3.76,2015-12-14
1983,TEC-PH-10003811,NG-18430,4,479.96,2014-12-03
1984,OFF-AP-10000240,LW-16825,6,320.88,2014-11-25
1985,FUR-FU-10001940,LW-16825,3,23.88,2014-11-25
1986,OFF-PA-10000575,LW-16825,4,26.76,2014-11-25
1987,TEC-CO-10001449,CB-12415,4,1439.976,2016-07-25
1988,OFF-BI-10002393,AS-10090,3,17.22,2015-11-09
1989,FUR-TA-10002855,AS-10090,7,1024.38,2015-11-09
1990,OFF-EN-10000781,AS-10090,3,26.22,2015-11-09
1991,OFF-PA-10002160,AS-10090,3,17.34,2015-11-09
1992,OFF-BI-10004970,CB-12415,4,4.956,2017-02-24
1993,OFF-LA-10003923,ML-17755,6,71.04,2017-06-25
1994,OFF-AR-10002257,ML-17755,2,5.344,2017-06-25
1995,OFF-FA-10004395,ML-17755,3,11.304,2017-06-25
1996,OFF-AP-10002534,JS-16030,5,294.62,2017-12-02
1997,FUR-FU-10004020,JS-16030,4,8.752,2017-12-02
1998,OFF-LA-10002787,ND-18460,4,15.0,2014-02-06
1999,TEC-PH-10003645,ND-18460,1,161.61,2014-02-06
2000,TEC-PH-10001615,ND-18460,5,144.95,2014-02-06
2001,TEC-AC-10001767,LW-17215,5,199.95,2017-04-11
2002,OFF-AR-10001221,LW-17215,7,41.86,2017-04-11
2003,OFF-ST-10000563,JW-15955,3,95.94,2017-12-25
2004,FUR-CH-10001146,JW-15955,5,304.45,2017-12-25
2005,OFF-BI-10004738,SC-20050,3,11.364,2017-04-11
2006,OFF-AR-10000034,RW-19630,7,29.68,2014-12-31
2007,TEC-AC-10000290,RW-19630,7,47.53,2014-12-31
2008,FUR-BO-10003034,CM-12190,2,183.372,2017-08-03
2009,OFF-AR-10001315,JF-15190,3,4.224,2014-11-15
2010,OFF-AP-10002118,JF-15190,2,333.056,2014-11-15
2011,OFF-PA-10002137,JF-15190,4,24.896,2014-11-15
2012,TEC-AC-10001606,SC-20800,2,159.984,2015-12-11
2013,OFF-ST-10000943,SC-20800,3,46.344,2015-12-11
2014,FUR-CH-10001854,AM-10705,1,350.98,2016-09-18
2015,OFF-PA-10000533,AM-10705,2,13.08,2016-09-18
2016,OFF-ST-10003716,AM-10705,4,900.08,2016-09-18
2017,OFF-BI-10000088,BK-11260,2,17.568,2015-03-19
2018,OFF-LA-10000240,BK-11260,2,14.62,2015-03-19
2019,OFF-SU-10001165,BK-11260,4,33.36,2015-03-19
2020,OFF-PA-10002749,BK-11260,6,40.14,2015-03-19
2021,OFF-ST-10001490,RH-19510,9,1606.23,2016-09-19
2022,OFF-PA-10002377,RH-19510,3,17.04,2016-09-19
2023,OFF-BI-10004826,RH-19510,3,49.53,2016-09-19
2024,FUR-CH-10004675,RH-19510,4,872.32,2016-09-19
2025,OFF-BI-10002867,GM-14500,5,239.12,2017-08-20
2026,FUR-BO-10004409,MC-17275,2,141.96,2015-03-13
2027,OFF-BI-10002225,VM-21685,2,33.024,2016-09-08
2028,OFF-BI-10001989,VM-21685,4,67.136,2016-09-08
2029,OFF-BI-10000343,GP-14740,3,14.73,2015-11-26
2030,OFF-ST-10001172,GP-14740,5,104.9,2015-11-26
2031,OFF-BI-10003707,GP-14740,4,61.04,2015-11-26
2032,OFF-PA-10001274,GP-14740,3,10.95,2015-11-26
2033,OFF-PA-10002250,GB-14530,2,9.392,2016-12-09
2034,OFF-AR-10000475,GB-14530,1,9.328,2016-12-09
2035,OFF-BI-10002976,CT-11995,2,8.26,2017-09-25
2036,FUR-CH-10003061,CT-11995,3,269.97,2017-09-25
2037,OFF-PA-10002893,CW-11905,3,29.04,2015-01-23
2038,OFF-LA-10003077,CW-11905,2,14.62,2015-01-23
2039,OFF-PA-10001661,SN-20560,3,11.952,2015-06-18
2040,OFF-BI-10004656,SN-20560,7,4.536,2015-06-18
2041,OFF-BI-10003707,SN-20560,2,9.156,2015-06-18
2042,FUR-FU-10004973,SN-20560,5,75.36,2015-06-18
2043,OFF-BI-10004817,EB-13705,6,57.504,2015-10-02
2044,OFF-AR-10001860,JW-15220,7,38.864,2017-11-18
2045,OFF-PA-10001639,KB-16585,3,15.552,2014-08-17
2046,OFF-AP-10004487,MC-17590,2,162.64,2016-07-17
2047,TEC-PH-10001760,MC-17590,3,597.0,2016-07-17
2048,OFF-PA-10004071,MC-17590,1,55.48,2016-07-17
2049,FUR-FU-10004848,CK-12595,7,289.8,2015-07-11
2050,OFF-BI-10004022,CK-12595,3,2.502,2015-07-11
2051,OFF-BI-10003669,CK-12595,4,6.48,2015-07-11
2052,FUR-CH-10003833,CK-12595,8,341.488,2015-07-11
2053,OFF-AR-10003732,CK-12595,5,11.12,2015-07-11
2054,FUR-FU-10003142,CK-12595,6,25.344,2015-07-11
2055,FUR-FU-10001196,RD-19480,3,17.31,2016-12-01
2056,TEC-AC-10001114,TP-21130,5,199.95,2017-12-22
2057,FUR-CH-10002335,TP-21130,7,1586.69,2017-12-22
2058,TEC-AC-10000844,TP-21130,1,84.99,2017-12-22
2059,FUR-TA-10004534,TP-21130,2,411.8,2017-12-22
2060,OFF-FA-10002975,GG-14650,3,11.34,2014-10-31
2061,OFF-ST-10003996,GG-14650,5,80.3,2014-10-31
2062,OFF-BI-10002571,GG-14650,2,15.968,2014-10-31
2063,OFF-PA-10000477,GG-14650,13,64.74,2014-10-31
2064,OFF-BI-10004209,GG-14650,3,19.296,2014-10-31
2065,OFF-ST-10001963,GG-14650,4,405.64,2014-10-31
2066,FUR-CH-10003833,GG-14650,3,146.352,2014-10-31
2067,TEC-AC-10004568,GG-14650,9,251.91,2014-10-31
2068,OFF-AR-10001419,GG-14650,3,12.39,2014-10-31
2069,TEC-AC-10002800,ZC-21910,4,199.96,2015-04-13
2070,FUR-TA-10003954,ZC-21910,3,710.832,2015-04-13
2071,OFF-BI-10000301,CC-12610,1,1.941,2016-07-21
2072,FUR-CH-10003956,KA-16525,5,283.92,2017-11-20
2073,OFF-BI-10002954,TC-20980,2,7.312,2016-11-26
2074,TEC-AC-10003289,DB-13270,3,59.97,2017-11-07
2075,TEC-PH-10002468,DB-13270,7,761.544,2017-11-07
2076,FUR-FU-10001861,TR-21325,3,58.2,2014-12-01
2077,OFF-PA-10004082,BF-11080,5,39.9,2017-09-12
2078,OFF-AP-10000358,BF-11080,7,90.86,2017-09-12
2079,OFF-PA-10004243,BF-11080,5,94.85,2017-09-12
2080,OFF-PA-10001295,MS-17365,7,106.232,2015-12-24
2081,TEC-PH-10002170,MS-17365,2,111.984,2015-12-24
2082,FUR-FU-10002885,MS-17365,2,7.712,2015-12-24
2083,OFF-PA-10002870,CK-12595,6,37.44,2017-02-23
2084,OFF-LA-10003923,ED-13885,2,23.68,2014-11-23
2085,OFF-LA-10003510,IM-15070,4,122.12,2016-06-23
2086,OFF-LA-10000248,IM-15070,5,18.45,2016-06-23
2087,OFF-ST-10000060,IM-15070,5,324.9,2016-06-23
2088,OFF-PA-10003129,IM-15070,3,146.73,2016-06-23
2089,OFF-FA-10004076,IM-15070,2,3.96,2016-06-23
2090,OFF-LA-10004008,MY-17380,2,5.76,2015-10-26
2091,OFF-BI-10004094,MM-17260,3,26.55,2017-07-15
2092,FUR-TA-10004607,MM-17260,3,310.443,2017-07-15
2093,FUR-CH-10004289,MP-17470,5,479.9,2014-11-17
2094,OFF-SU-10004498,AW-10840,1,12.88,2015-04-13
2095,OFF-AR-10001177,SF-20065,5,13.12,2015-11-25
2096,OFF-BI-10001718,SN-20710,8,511.84,2016-05-15
2097,OFF-AR-10004602,SN-20710,4,91.96,2016-05-15
2098,OFF-AR-10003856,SN-20710,3,8.34,2016-05-15
2099,OFF-ST-10000649,RD-19900,3,37.68,2017-09-07
2100,TEC-AC-10002926,RD-19900,7,279.944,2017-09-07
2101,OFF-ST-10000078,KT-16480,3,636.408,2014-03-10
2102,OFF-AR-10001044,KT-16480,4,83.168,2014-03-10
2103,FUR-CH-10002372,AH-10120,4,259.136,2014-07-18
2104,OFF-PA-10000357,BM-11650,4,221.92,2017-03-24
2105,TEC-AC-10001266,BM-11650,2,26.0,2017-03-24
2106,OFF-PA-10004888,BW-11200,3,15.552,2014-09-30
2107,OFF-BI-10003460,HG-14965,1,0.876,2014-09-26
2108,OFF-PA-10000157,SG-20080,1,19.98,2015-10-31
2109,OFF-BI-10004519,SG-20080,3,398.352,2015-10-31
2110,OFF-AR-10004272,SG-20080,3,5.04,2015-10-31
2111,OFF-FA-10000585,SG-20080,5,17.45,2015-10-31
2112,FUR-CH-10004218,SG-20080,4,323.136,2015-10-31
2113,OFF-SU-10004231,SG-20080,3,29.7,2015-10-31
2114,TEC-PH-10001578,SG-20080,4,1295.84,2015-10-31
2115,OFF-ST-10003638,SG-20080,2,46.84,2015-10-31
2116,FUR-BO-10002213,SG-20080,1,425.833,2015-10-31
2117,FUR-TA-10001307,RK-19300,1,209.67,2015-10-12
2118,OFF-PA-10002222,SW-20245,7,159.88,2016-09-19
2119,OFF-PA-10002479,RW-19630,1,5.28,2017-04-13
2120,OFF-BI-10003091,RW-19630,5,895.92,2017-04-13
2121,OFF-BI-10000145,TS-21085,3,2.808,2017-01-07
2122,FUR-CH-10003061,JB-15400,3,215.976,2017-11-09
2123,FUR-BO-10001972,EH-14005,2,241.96,2017-09-22
2124,OFF-LA-10000134,EH-14005,9,27.72,2017-09-22
2125,OFF-EN-10003040,EH-14005,5,104.68,2017-12-01
2126,TEC-PH-10000923,EH-14005,7,62.958,2017-12-01
2127,TEC-AC-10000158,BS-11665,3,86.376,2014-06-23
2128,FUR-FU-10003623,JK-16120,3,64.944,2015-10-04
2129,OFF-PA-10001293,JK-16120,4,20.736,2015-10-04
2130,OFF-AP-10000124,RF-19345,4,33.28,2014-05-20
2131,OFF-AR-10004511,RF-19345,9,38.52,2014-05-20
2132,FUR-FU-10000076,RF-19345,7,139.86,2014-05-20
2133,OFF-PA-10003883,DL-12865,3,19.65,2015-11-20
2134,OFF-BI-10003656,WB-21850,3,152.991,2015-11-30
2135,OFF-FA-10000053,WB-21850,7,10.584,2015-11-30
2136,TEC-PH-10002807,WB-21850,4,94.92,2015-11-30
2137,FUR-FU-10002364,TB-21625,5,14.76,2015-12-31
2138,OFF-BI-10002954,TB-21625,4,3.656,2015-12-31
2139,OFF-PA-10004092,CB-12415,3,146.82,2017-11-16
2140,OFF-BI-10003982,GT-14635,9,149.544,2014-06-06
2141,OFF-SU-10001664,GT-14635,2,17.14,2014-06-06
2142,FUR-TA-10003238,GT-14635,3,991.764,2014-06-06
2143,OFF-PA-10004675,DK-13225,6,30.48,2016-09-01
2144,TEC-PH-10002293,DK-13225,2,23.988,2016-09-01
2145,OFF-FA-10002780,DK-13225,7,16.688,2016-09-01
2146,FUR-CH-10002965,TS-21160,3,422.058,2016-06-25
2147,OFF-BI-10004781,TS-21160,4,38.088,2016-06-25
2148,OFF-ST-10001713,TS-21160,6,254.352,2016-06-25
2149,FUR-FU-10003975,WB-21850,1,43.31,2014-12-12
2150,TEC-PH-10001536,DO-13435,5,84.95,2017-03-31
2151,FUR-CH-10001973,AF-10870,3,233.058,2017-11-19
2152,TEC-AC-10001772,RB-19435,7,111.79,2014-11-24
2153,OFF-PA-10002586,AR-10540,3,14.94,2015-11-22
2154,OFF-BI-10004094,DR-12880,2,14.16,2016-07-14
2155,FUR-FU-10004973,BF-11170,3,22.608,2016-04-30
2156,OFF-FA-10000624,LB-16735,6,21.48,2016-07-25
2157,OFF-ST-10001097,DV-13465,3,501.81,2014-06-22
2158,OFF-ST-10001469,DV-13465,3,161.94,2014-06-22
2159,OFF-AR-10004956,NK-18490,4,17.856,2017-10-21
2160,OFF-BI-10004236,CS-11950,3,8.808,2016-09-03
2161,FUR-FU-10002937,LH-17155,1,79.384,2016-05-14
2162,OFF-AR-10003696,DW-13480,1,34.58,2016-01-07
2163,OFF-PA-10004359,KF-16285,3,314.55,2017-03-13
2164,TEC-AC-10002402,HA-14920,3,191.976,2016-10-13
2165,OFF-PA-10000551,HA-14920,2,8.288,2016-10-13
2166,FUR-FU-10003394,HA-14920,5,139.92,2016-10-13
2167,OFF-AR-10002067,HA-14920,1,15.872,2016-10-13
2168,OFF-BI-10004140,HA-14920,7,6.286,2016-10-13
2169,OFF-AR-10004078,JH-15820,3,14.016,2017-01-27
2170,TEC-AC-10000927,JH-15820,3,71.976,2017-01-27
2171,TEC-PH-10003931,JH-15820,3,107.982,2017-01-27
2172,FUR-CH-10004675,LC-16930,2,305.312,2017-11-19
2173,OFF-BI-10004506,IL-15100,3,19.752,2014-08-01
2174,OFF-BI-10002353,LS-16975,3,9.264,2016-07-30
2175,OFF-ST-10000943,CC-12610,4,61.792,2015-07-30
2176,OFF-PA-10000740,PB-18805,2,45.68,2016-10-15
2177,OFF-PA-10003001,PB-18805,9,60.12,2016-10-15
2178,OFF-BI-10001628,PB-18805,5,41.72,2016-10-15
2179,OFF-PA-10001509,PB-18805,8,71.6,2016-10-15
2180,OFF-BI-10000309,CJ-12010,7,85.232,2016-05-07
2181,OFF-LA-10003923,CJ-12010,3,44.4,2016-05-07
2182,FUR-CH-10002084,CJ-12010,4,442.764,2016-05-07
2183,TEC-MA-10000488,CJ-12010,5,3999.95,2016-05-07
2184,TEC-AC-10001767,CJ-12010,5,199.95,2016-05-07
2185,FUR-FU-10001940,CJ-12010,8,63.68,2016-05-07
2186,OFF-BI-10002735,HK-14890,2,54.896,2017-08-01
2187,TEC-AC-10002345,RH-19600,2,29.0,2016-07-14
2188,OFF-EN-10003134,IL-15100,6,70.08,2017-08-10
2189,FUR-FU-10003708,IL-15100,2,121.3,2017-08-10
2190,TEC-PH-10003645,IL-15100,9,1454.49,2017-08-10
2191,OFF-AP-10000692,AS-10240,3,60.81,2016-06-25
2192,OFF-BI-10001718,AP-10915,3,153.552,2016-12-10
2193,OFF-AP-10002082,AP-10915,3,65.34,2016-12-10
2194,OFF-PA-10001125,AP-10915,4,123.92,2016-12-10
2195,OFF-AP-10000252,AP-10915,3,35.1,2016-12-10
2196,TEC-AC-10003038,AP-10915,5,44.75,2016-12-10
2197,OFF-AR-10000940,AG-10390,2,4.704,2016-12-01
2198,OFF-AR-10001954,BF-11080,3,14.67,2014-11-28
2199,OFF-PA-10003177,CK-12205,3,15.552,2015-03-28
2200,OFF-PA-10000533,CK-12205,1,5.232,2015-03-28
2201,FUR-FU-10001935,LT-17110,6,22.2,2014-06-01
2202,TEC-PH-10002563,LT-17110,7,881.93,2014-06-01
2203,OFF-BI-10002160,BT-11305,2,6.096,2015-09-06
2204,FUR-FU-10004748,BT-11305,3,191.82,2015-09-06
2205,FUR-FU-10001473,SC-20725,1,20.104,2015-06-29
2206,OFF-AR-10000538,CG-12040,3,67.56,2016-09-10
2207,OFF-BI-10001098,AW-10930,7,29.932,2014-07-14
2208,TEC-PH-10001552,AW-10930,4,38.272,2014-07-14
2209,OFF-AR-10000390,RB-19705,4,16.52,2015-08-22
2210,TEC-PH-10001079,ML-17410,7,832.93,2014-11-14
2211,OFF-BI-10003460,ML-17410,10,43.8,2014-11-14
2212,OFF-AP-10003842,VB-21745,6,167.292,2016-11-27
2213,FUR-FU-10003535,SW-20275,1,27.42,2017-11-21
2214,OFF-BI-10002012,NS-18505,1,1.44,2017-10-01
2215,OFF-BI-10001922,NS-18505,13,61.776,2017-10-01
2216,OFF-AP-10000576,NS-18505,2,241.96,2017-10-01
2217,FUR-CH-10000553,NS-18505,4,108.608,2017-10-01
2218,OFF-AR-10003469,DB-13555,2,2.816,2014-09-20
2219,OFF-BI-10000145,MH-17620,4,9.984,2017-07-28
2220,OFF-ST-10001580,MH-17620,1,14.98,2017-07-28
2221,TEC-PH-10001817,MH-17620,4,1145.6,2017-07-28
2222,TEC-PH-10001578,DK-13375,2,485.94,2015-12-06
2223,OFF-AR-10004078,DK-13375,8,37.376,2015-12-06
2224,FUR-CH-10004860,DK-13375,1,70.686,2015-12-06
2225,OFF-PA-10003790,EA-14035,3,54.816,2017-07-31
2226,FUR-BO-10002202,BT-11440,1,72.294,2016-03-19
2227,OFF-FA-10003059,LA-16780,2,2.896,2017-07-29
2228,TEC-PH-10002496,LA-16780,1,124.792,2017-07-29
2229,FUR-TA-10003238,GM-14680,1,330.588,2016-10-01
2230,OFF-BI-10004390,AA-10315,2,673.568,2014-03-31
2231,OFF-AP-10002765,AA-10315,2,52.98,2014-03-31
2232,FUR-FU-10000293,DB-13405,5,526.45,2017-06-26
2233,OFF-ST-10003692,JH-15820,5,228.92,2017-07-09
2234,TEC-PH-10001051,DJ-13630,4,319.968,2015-12-14
2235,TEC-AC-10001013,QJ-19255,7,205.03,2017-12-05
2236,OFF-ST-10000025,CT-11995,2,190.86,2015-09-15
2237,OFF-AR-10000817,CT-11995,8,24.32,2015-09-15
2238,OFF-SU-10000952,RH-19510,5,44.4,2016-07-15
2239,FUR-FU-10004597,SJ-20125,2,44.4,2017-04-20
2240,OFF-BI-10003527,TG-21310,1,1016.792,2016-11-15
2241,OFF-BI-10002982,TG-21310,7,38.136,2016-11-15
2242,TEC-PH-10004165,CT-11995,3,494.982,2016-11-26
2243,OFF-ST-10003442,BF-11005,2,56.56,2017-11-21
2244,OFF-AR-10003856,BF-11005,2,5.56,2017-11-21
2245,OFF-FA-10004248,BF-11005,2,9.02,2017-11-21
2246,OFF-AP-10001492,BF-11005,1,8.62,2017-11-21
2247,TEC-PH-10004165,BF-11005,3,659.976,2017-11-21
2248,OFF-PA-10004285,JM-16195,2,13.36,2015-02-15
2249,OFF-BI-10001628,JM-16195,5,41.72,2015-02-15
2250,OFF-BI-10000546,JM-16195,5,11.52,2015-02-15
2251,OFF-AP-10001391,JM-16195,6,541.44,2015-02-15
2252,OFF-PA-10000477,JM-16195,3,19.44,2015-02-15
2253,OFF-PA-10004327,JK-16120,3,143.7,2016-04-15
2254,OFF-AP-10000696,HG-14965,3,43.26,2015-09-28
2255,OFF-AP-10002082,HG-14965,2,43.56,2015-09-28
2256,TEC-PH-10001944,LA-16780,3,437.85,2016-09-17
2257,FUR-FU-10004952,LA-16780,2,109.48,2016-09-17
2258,FUR-CH-10000015,TS-21610,7,1212.96,2017-06-16
2259,OFF-PA-10001776,TS-21610,2,18.54,2017-06-16
2260,OFF-FA-10002280,MZ-17335,1,5.0,2015-11-08
2261,TEC-AC-10002049,MZ-17335,3,371.97,2015-11-08
2262,TEC-AC-10002253,MW-18220,1,166.24,2015-12-18
2263,FUR-BO-10004015,MV-17485,3,359.97,2017-02-06
2264,TEC-AC-10004145,AA-10375,2,499.98,2016-11-14
2265,OFF-PA-10002479,AA-10375,1,5.28,2016-11-14
2266,OFF-BI-10004970,AA-10375,2,8.26,2016-11-14
2267,OFF-PA-10003919,SM-20320,2,7.968,2017-10-12
2268,OFF-PA-10002001,TP-21415,2,12.96,2017-09-17
2269,OFF-PA-10002787,DK-13225,1,6.48,2017-12-20
2270,OFF-BI-10003291,DK-13225,1,6.984,2017-12-20
2271,OFF-AR-10004344,MK-17905,5,47.96,2017-12-02
2272,OFF-ST-10003123,CS-12130,6,199.74,2015-09-21
2273,FUR-FU-10000308,JL-15850,7,435.26,2015-03-06
2274,TEC-CO-10003763,JL-15850,2,1119.984,2015-03-06
2275,FUR-TA-10001866,AR-10405,1,143.432,2014-10-03
2276,FUR-CH-10002774,AR-10405,3,122.352,2014-10-03
2277,OFF-ST-10004337,LM-17065,5,306.2,2014-06-27
2278,FUR-TA-10001039,LM-17065,1,85.98,2014-06-27
2279,TEC-AC-10000109,LM-17065,4,223.96,2014-06-27
2280,FUR-CH-10003833,JK-15625,2,97.568,2017-10-30
2281,FUR-CH-10004289,JK-15625,8,614.272,2017-10-30
2282,FUR-BO-10004467,JK-15625,2,199.98,2017-10-30
2283,OFF-PA-10002713,FM-14215,7,48.16,2016-09-03
2284,TEC-PH-10001552,SF-20200,2,23.92,2015-03-05
2285,OFF-AP-10002222,SF-20200,7,60.69,2015-03-05
2286,OFF-PA-10003971,PJ-18835,3,14.352,2016-05-05
2287,OFF-AP-10004036,CS-12355,2,35.04,2017-11-17
2288,OFF-AP-10002287,BB-10990,5,17.48,2017-06-01
2289,OFF-AR-10002375,BW-11200,5,16.4,2017-06-10
2290,FUR-TA-10001950,RS-19420,2,892.98,2017-01-08
2291,TEC-PH-10001557,TS-21160,3,287.97,2015-04-20
2292,FUR-FU-10002937,TS-21160,6,595.38,2015-04-20
2293,OFF-PA-10001166,TS-21160,2,12.96,2015-04-20
2294,TEC-PH-10000347,QJ-19255,1,4.95,2015-11-01
2295,FUR-FU-10003708,FM-14215,3,181.95,2017-12-23
2296,OFF-PA-10002659,VD-21670,4,13.52,2015-11-01
2297,FUR-FU-10000965,VD-21670,5,259.7,2015-11-01
2298,TEC-PH-10001527,VD-21670,1,42.95,2015-11-01
2299,TEC-AC-10001838,VD-21670,7,1399.93,2015-11-01
2300,TEC-PH-10002597,VD-21670,4,503.96,2015-11-01
2301,OFF-BI-10000756,JL-15505,3,12.72,2014-11-14
2302,OFF-BI-10000546,JL-15505,4,11.52,2014-11-14
2303,TEC-AC-10001142,DL-13495,4,316.0,2016-01-17
2304,FUR-CH-10000785,MO-17800,4,723.92,2017-09-17
2305,OFF-PA-10000474,MO-17800,3,106.32,2017-09-17
2306,FUR-BO-10003441,BP-11185,2,141.372,2016-12-23
2307,OFF-PA-10004156,MS-17980,3,27.216,2015-08-06
2308,TEC-AC-10001432,SV-20935,5,390.75,2017-11-05
2309,FUR-CH-10001394,BC-11125,1,280.792,2017-06-11
2310,OFF-ST-10002370,BC-11125,4,68.448,2017-06-11
2311,OFF-AR-10002956,BC-11125,5,88.04,2017-06-11
2312,OFF-AR-10001955,BC-11125,1,15.872,2017-06-11
2313,OFF-ST-10001809,BC-11125,3,215.592,2017-06-11
2314,OFF-LA-10004093,EM-13825,2,14.62,2017-07-20
2315,OFF-AP-10002118,EM-13825,2,416.32,2017-07-20
2316,OFF-BI-10000404,EM-13825,5,43.0,2017-07-20
2317,FUR-CH-10003833,EM-13825,3,182.94,2017-07-20
2318,OFF-BI-10002072,EM-13825,7,60.83,2017-07-20
2319,TEC-AC-10003095,EM-13825,3,389.97,2017-07-20
2320,OFF-AP-10001563,BD-11500,4,194.32,2015-12-23
2321,TEC-AC-10000358,HW-14935,7,265.93,2017-03-20
2322,OFF-BI-10004492,KC-16255,3,94.74,2015-12-31
2323,OFF-BI-10001072,KC-16255,4,60.64,2015-12-31
2324,OFF-BI-10003707,KC-16255,5,76.3,2015-12-31
2325,OFF-BI-10000977,KC-16255,12,364.8,2015-12-31
2326,OFF-BI-10002082,BM-11575,3,79.872,2015-09-15
2327,FUR-BO-10004709,BM-11575,1,46.384,2015-09-15
2328,OFF-PA-10002365,BM-11575,2,12.96,2015-09-15
2329,OFF-EN-10004147,KN-16705,3,14.352,2017-09-23
2330,FUR-FU-10001468,JD-16150,4,547.136,2015-12-25
2331,OFF-ST-10000642,LA-16780,2,41.96,2016-09-24
2332,OFF-PA-10000380,LA-16780,5,41.7,2016-09-24
2333,OFF-PA-10004071,RW-19690,5,277.4,2017-03-21
2334,OFF-PA-10004971,RW-19690,1,5.78,2017-03-21
2335,OFF-AP-10000696,KW-16570,6,69.216,2014-09-30
2336,OFF-EN-10004030,CC-12220,3,10.86,2017-12-10
2337,OFF-AP-10000026,CC-12220,7,426.79,2017-12-10
2338,OFF-PA-10003936,RH-19495,4,25.92,2014-08-23
2339,OFF-PA-10004530,RH-19495,4,45.92,2014-08-23
2340,OFF-AR-10004930,JK-15625,2,10.72,2014-08-19
2341,OFF-AR-10004999,DC-13285,7,41.86,2016-11-10
2342,FUR-FU-10002501,GM-14455,5,63.2,2014-12-31
2343,TEC-AC-10000358,GM-14455,3,113.97,2014-12-31
2344,OFF-ST-10004804,CL-11890,3,123.552,2014-07-26
2345,OFF-AP-10001205,PV-18985,9,490.32,2016-02-22
2346,OFF-PA-10000659,LT-17110,5,70.08,2016-03-13
2347,OFF-BI-10004141,LT-17110,2,1.272,2016-03-13
2348,FUR-TA-10004619,LT-17110,5,557.585,2016-03-13
2349,OFF-BI-10004187,AM-10360,6,9.024,2017-12-02
2350,OFF-BI-10000632,AM-10360,2,69.456,2017-12-02
2351,OFF-PA-10003724,AM-10360,2,10.86,2017-12-02
2352,OFF-AP-10002765,AM-10360,3,79.47,2017-12-02
2353,OFF-AR-10001868,AM-10360,6,10.08,2017-12-02
2354,FUR-BO-10002545,SC-20260,7,1552.831,2015-08-31
2355,OFF-BI-10002735,SC-20260,5,137.24,2015-08-31
2356,TEC-AC-10004864,SC-20260,1,36.51,2015-08-31
2357,TEC-MA-10000597,SC-20260,3,239.976,2015-08-31
2358,FUR-TA-10003473,CP-12340,7,1579.746,2014-03-17
2359,FUR-TA-10001950,CP-12340,4,1071.576,2014-03-17
2360,FUR-TA-10004175,CP-12340,3,613.908,2014-03-17
2361,OFF-PA-10002960,CP-12340,7,34.86,2014-03-17
2362,OFF-PA-10000919,CP-12340,4,155.04,2014-03-17
2363,OFF-BI-10001553,RF-19840,5,13.71,2017-04-16
2364,FUR-FU-10004864,AB-10060,2,127.88,2016-03-13
2365,OFF-AP-10004540,AB-10060,2,160.32,2016-03-13
2366,OFF-BI-10004965,AB-10060,4,46.0,2016-03-13
2367,FUR-CH-10001714,EH-13990,1,120.712,2014-11-24
2368,OFF-PA-10002464,MN-17935,4,23.12,2017-02-10
2369,FUR-FU-10002298,KL-16555,6,532.704,2016-09-23
2370,OFF-AR-10000315,KL-16555,2,4.912,2016-09-23
2371,TEC-AC-10004353,MP-17965,4,252.0,2017-07-07
2372,FUR-FU-10004973,BF-11020,8,60.288,2016-07-07
2373,OFF-FA-10000936,BF-11020,1,2.632,2016-07-07
2374,OFF-PA-10001609,BF-11020,9,23.688,2016-07-07
2375,FUR-CH-10000785,BF-11020,2,253.372,2016-07-07
2376,OFF-FA-10000053,TP-21130,3,5.67,2017-01-24
2377,OFF-BI-10001718,MS-17770,4,76.776,2014-08-19
2378,OFF-SU-10004768,MS-17770,2,9.184,2014-08-19
2379,OFF-PA-10003883,KM-16375,5,32.75,2015-12-06
2380,OFF-FA-10004248,BE-11455,2,7.216,2016-05-06
2381,OFF-PA-10002581,BE-11455,2,49.568,2016-05-06
2382,FUR-FU-10004848,BE-11455,7,54.712,2016-05-06
2383,OFF-AP-10002403,CV-12295,4,176.04,2017-03-25
2384,OFF-AR-10003087,CV-12295,9,16.02,2017-03-25
2385,OFF-BI-10002026,CV-12295,4,185.92,2017-03-25
2386,TEC-PH-10000141,CV-12295,4,211.168,2017-03-25
2387,TEC-CO-10000971,CV-12295,2,479.984,2017-03-25
2388,OFF-FA-10001229,DK-13375,2,7.86,2015-12-12
2389,OFF-BI-10002437,DK-13375,2,24.448,2015-12-12
2390,OFF-PA-10004255,SG-20605,1,6.48,2015-12-06
2391,OFF-PA-10001184,SG-20605,7,41.86,2015-12-06
2392,TEC-AC-10002637,SG-20605,9,1619.91,2015-12-06
2393,FUR-FU-10002878,SG-20605,4,113.92,2015-12-06
2394,OFF-AR-10000588,CS-12355,2,39.68,2016-03-17
2395,TEC-AC-10002217,PJ-18835,2,37.6,2015-11-14
2396,TEC-AC-10001267,PJ-18835,2,59.9,2015-11-14
2397,OFF-PA-10004041,PJ-18835,5,37.0,2015-11-14
2398,OFF-LA-10001613,NP-18700,2,5.76,2017-08-14
2399,OFF-AR-10000246,NP-18700,6,16.68,2017-08-14
2400,OFF-ST-10001809,SB-20290,7,628.81,2017-09-09
2401,OFF-ST-10002214,SB-20290,5,56.45,2017-09-09
2402,OFF-ST-10000649,AS-10090,6,94.2,2017-04-01
2403,OFF-EN-10001990,AS-10090,5,28.4,2017-04-01
2404,FUR-BO-10000780,HM-14860,7,956.6648,2016-09-27
2405,TEC-AC-10002049,MG-18145,9,1115.91,2017-10-07
2406,TEC-PH-10003555,MG-18145,7,128.744,2017-10-07
2407,TEC-PH-10000702,MG-18145,10,79.92,2017-10-07
2408,OFF-AR-10003631,TM-21010,5,24.2,2017-01-20
2409,TEC-PH-10003072,TM-21010,3,359.976,2017-01-20
2410,FUR-FU-10000758,BE-11335,8,211.84,2017-03-23
2411,OFF-FA-10000992,AS-10630,2,5.68,2014-08-01
2412,OFF-BI-10004187,EM-13810,5,7.52,2015-06-07
2413,OFF-PA-10001947,JA-15970,2,11.96,2014-11-12
2414,FUR-TA-10002356,JA-15970,3,629.064,2014-11-12
2415,FUR-CH-10001714,TB-21595,5,754.45,2016-12-29
2416,FUR-BO-10002824,PP-18955,2,301.96,2015-07-06
2417,TEC-AC-10002842,ML-18040,5,595.0,2017-10-12
2418,OFF-BI-10002082,ML-18040,3,79.872,2017-10-12
2419,TEC-MA-10000112,LC-16930,10,2396.4,2016-05-21
2420,OFF-ST-10002289,MC-17590,2,63.56,2017-11-09
2421,TEC-AC-10004171,MC-17590,1,99.99,2017-11-09
2422,OFF-ST-10003656,CR-12580,3,230.376,2016-04-18
2423,OFF-PA-10001560,CR-12580,2,9.664,2016-04-18
2424,TEC-AC-10002473,SV-20935,7,158.928,2017-12-25
2425,OFF-BI-10000632,SV-20935,1,13.023,2017-12-25
2426,FUR-TA-10002645,SV-20935,2,273.06,2017-12-25
2427,OFF-FA-10002975,SV-20935,13,39.312,2017-12-25
2428,OFF-BI-10003784,MZ-17515,4,1.344,2016-06-11
2429,OFF-BI-10001617,MZ-17515,4,8.272,2016-06-11
2430,FUR-FU-10004415,MZ-17515,7,12.544,2016-06-11
2431,OFF-LA-10000240,RB-19795,8,58.48,2017-05-13
2432,FUR-FU-10001935,HM-14860,2,7.4,2017-12-28
2433,FUR-CH-10002439,AZ-10750,7,366.786,2014-03-25
2434,TEC-PH-10001536,JH-15910,4,54.368,2017-05-28
2435,OFF-EN-10001532,PJ-18835,2,33.96,2015-11-14
2436,OFF-AP-10003057,PJ-18835,3,826.11,2015-11-14
2437,FUR-FU-10003708,CA-12265,9,545.85,2017-07-03
2438,FUR-TA-10000849,PW-19240,2,145.98,2014-11-18
2439,OFF-PA-10002259,PW-19240,4,35.808,2014-11-18
2440,FUR-FU-10002597,SW-20455,2,7.904,2017-07-17
2441,TEC-PH-10004614,AF-10870,5,345.0,2016-05-22
2442,FUR-TA-10003748,AF-10870,2,174.286,2016-05-22
2443,OFF-AP-10003217,AF-10870,4,662.84,2016-05-22
2444,TEC-AC-10002399,AF-10870,5,95.1,2016-05-22
2445,OFF-EN-10002973,AF-10870,6,26.88,2016-05-22
2446,TEC-PH-10001336,AF-10870,2,257.98,2016-05-22
2447,OFF-EN-10000461,AM-10705,2,17.48,2015-09-25
2448,FUR-CH-10000988,BD-11320,5,492.835,2016-10-31
2449,OFF-ST-10001809,CM-12385,3,269.49,2015-09-14
2450,OFF-BI-10003963,CS-12400,5,29.12,2016-11-05
2451,OFF-LA-10000081,DB-13405,5,18.75,2017-03-17
2452,TEC-PH-10000149,DB-13405,6,119.7,2017-03-17
2453,OFF-BI-10000605,DB-13405,3,9.144,2017-03-17
2454,TEC-AC-10002399,DB-13405,3,57.06,2017-03-17
2455,TEC-AC-10003038,DB-13405,8,71.6,2017-03-17
2456,OFF-ST-10000344,DB-13405,8,107.44,2017-03-17
2457,OFF-LA-10004093,DB-13405,1,7.31,2017-03-17
2458,OFF-AR-10001683,DB-13405,6,59.1,2017-03-17
2459,OFF-ST-10003455,DB-13405,3,46.53,2017-03-17
2460,OFF-AP-10002578,JG-15160,2,97.84,2017-08-15
2461,OFF-PA-10001763,SC-20380,3,29.97,2015-07-11
2462,OFF-BI-10001597,SC-20380,3,98.352,2015-07-11
2463,OFF-BI-10001524,CS-12460,5,83.92,2017-12-03
2464,OFF-BI-10001553,CS-12460,2,14.624,2017-12-03
2465,TEC-PH-10000576,CS-12460,1,136.99,2017-12-03
2466,OFF-LA-10001317,CS-12460,1,3.15,2017-12-03
2467,OFF-PA-10000726,MK-18160,1,9.11,2017-05-04
2468,OFF-ST-10003306,MK-18160,4,571.44,2017-05-04
2469,OFF-PA-10004983,MK-18160,5,32.4,2017-05-04
2470,OFF-ST-10001291,MK-18160,1,16.91,2017-05-04
2471,FUR-FU-10002107,CM-11935,8,14.272,2016-01-22
2472,FUR-BO-10002213,CM-11935,4,451.136,2016-01-22
2473,OFF-AP-10000692,CM-11935,4,64.864,2016-01-22
2474,FUR-CH-10001190,PF-19225,2,217.584,2016-11-03
2475,TEC-AC-10000682,PF-19225,5,82.95,2016-11-03
2476,OFF-LA-10004545,PF-19225,7,87.71,2016-11-03
2477,OFF-AP-10003057,PF-19225,4,1101.48,2016-11-03
2478,FUR-TA-10000198,GM-14695,3,1322.352,2017-09-04
2479,OFF-AR-10002833,DC-12850,3,5.46,2014-09-13
2480,OFF-SU-10002557,FO-14305,1,11.184,2017-06-19
2481,OFF-ST-10003656,FO-14305,2,153.584,2017-06-19
2482,OFF-ST-10001097,AH-10210,6,1003.62,2017-12-24
2483,TEC-PH-10000912,KN-16705,4,35.168,2017-08-28
2484,FUR-TA-10000617,KN-16705,5,1137.75,2017-08-28
2485,OFF-BI-10001658,KN-16705,5,99.68,2017-08-28
2486,OFF-AR-10003856,KN-16705,2,5.56,2017-08-28
2487,OFF-ST-10001837,CB-12535,2,85.52,2015-01-02
2488,OFF-AR-10001473,CB-12535,3,9.84,2015-01-02
2489,OFF-PA-10004285,CB-12535,3,20.04,2015-01-02
2490,TEC-PH-10001835,TB-21250,4,631.96,2015-10-09
2491,OFF-PA-10002245,TB-21250,4,23.92,2015-10-09
2492,OFF-PA-10001457,KD-16345,6,90.24,2014-12-13
2493,TEC-PH-10002885,JM-15865,7,4548.81,2014-11-19
2494,FUR-TA-10004086,KT-16480,5,300.93,2016-09-10
2495,TEC-PH-10000895,KT-16480,5,719.96,2016-09-10
2496,FUR-CH-10000225,SC-20575,8,647.84,2014-06-16
2497,OFF-ST-10002370,BS-11800,3,64.17,2015-09-26
2498,OFF-EN-10000056,BS-11800,2,124.46,2015-09-26
2499,OFF-BI-10004817,BT-11395,1,9.584,2016-05-19
2500,OFF-EN-10004483,DC-12850,3,37.608,2017-06-22
2501,OFF-PA-10001892,LS-17200,2,12.224,2017-06-17
2502,OFF-BI-10000546,LS-17200,4,2.304,2017-06-17
2503,OFF-BI-10001294,LS-17200,4,9.36,2017-06-17
2504,OFF-LA-10000248,RR-19315,2,7.38,2016-11-14
2505,OFF-ST-10001228,KL-16645,4,53.72,2014-07-25
2506,OFF-SU-10000151,KL-16645,5,8187.65,2014-07-25
2507,FUR-FU-10004351,KL-16645,8,77.92,2014-07-25
2508,OFF-AP-10001293,RB-19435,4,32.784,2015-07-02
2509,TEC-PH-10000675,MY-17380,3,196.776,2017-03-02
2510,TEC-AC-10000580,MY-17380,6,479.94,2017-03-02
2511,OFF-ST-10003470,AW-10930,4,1117.92,2016-11-18
2512,TEC-AC-10003116,KW-16570,6,106.5,2015-04-18
2513,OFF-BI-10002429,DB-12910,5,45.66,2017-12-02
2514,TEC-AC-10003280,BB-11545,4,95.968,2016-11-11
2515,FUR-CH-10004540,BB-11545,2,47.992,2016-11-11
2516,OFF-ST-10000585,NP-18700,2,264.32,2014-09-05
2517,OFF-EN-10003001,PB-19105,9,604.656,2014-11-15
2518,FUR-FU-10003975,DW-13585,3,129.93,2017-05-02
2519,OFF-LA-10004559,CD-12790,7,20.16,2016-10-15
2520,OFF-LA-10003223,CD-12790,6,29.46,2016-10-15
2521,OFF-AP-10002651,CD-12790,3,868.59,2016-10-15
2522,OFF-PA-10003177,CD-12790,2,12.96,2016-10-15
2523,TEC-PH-10003442,CD-12790,1,5.5,2016-10-15
2524,OFF-BI-10000977,CD-12790,4,121.6,2016-10-15
2525,OFF-AR-10004078,TT-21220,9,42.048,2015-04-06
2526,TEC-AC-10002550,TT-21220,2,25.488,2015-04-06
2527,OFF-BI-10004965,TT-21220,3,6.9,2015-04-06
2528,OFF-BI-10004209,TT-21220,6,9.648,2015-04-06
2529,OFF-PA-10001526,TT-21220,2,7.968,2015-04-06
2530,OFF-PA-10000788,DB-12910,2,10.368,2014-10-24
2531,OFF-PA-10000595,DJ-13510,5,114.2,2014-08-17
2532,OFF-BI-10000829,DJ-13510,4,17.96,2014-08-17
2533,OFF-FA-10002676,DJ-13510,7,12.67,2014-08-17
2534,TEC-AC-10000844,DJ-13510,4,339.96,2014-08-17
2535,OFF-ST-10004459,DL-13495,6,1801.632,2017-08-15
2536,TEC-AC-10003499,LO-17170,4,46.32,2015-09-06
2537,FUR-CH-10000513,SV-20365,2,181.986,2015-01-27
2538,TEC-PH-10000895,SV-20365,4,431.976,2015-01-27
2539,TEC-PH-10002555,SV-20365,1,155.37,2015-01-27
2540,FUR-CH-10003312,EM-13810,6,1348.704,2015-07-16
2541,FUR-CH-10004086,EM-13810,3,700.152,2015-07-16
2542,FUR-FU-10002759,KD-16615,7,111.888,2016-04-30
2543,OFF-AP-10002191,NB-18580,3,143.952,2014-09-26
2544,FUR-BO-10003450,AP-10720,3,173.94,2016-09-08
2545,OFF-LA-10000248,AP-10720,4,14.76,2016-09-08
2546,OFF-ST-10004804,JE-15745,4,205.92,2017-04-16
2547,FUR-BO-10001337,JE-15745,1,102.833,2017-04-16
2548,OFF-AR-10002255,JM-15865,1,2.304,2015-08-16
2549,TEC-PH-10002624,JM-15865,5,1879.96,2015-08-16
2550,OFF-PA-10001878,JM-15865,8,313.024,2015-08-16
2551,OFF-LA-10000452,JM-15865,2,5.04,2015-08-16
2552,FUR-FU-10004665,AB-10105,6,821.88,2017-11-19
2553,OFF-BI-10000088,AB-10105,2,21.96,2017-11-19
2554,OFF-PA-10000029,PN-18775,4,25.92,2016-09-14
2555,TEC-PH-10000369,JC-15775,7,705.544,2016-08-15
2556,TEC-AC-10001590,PF-19165,2,50.0,2015-09-26
2557,FUR-FU-10004909,BW-11110,8,51.712,2016-10-08
2558,OFF-AP-10002287,BP-11185,2,6.992,2015-03-24
2559,FUR-BO-10004357,TM-21010,7,1406.86,2015-05-31
2560,OFF-LA-10003766,TM-21010,5,15.75,2015-05-31
2561,OFF-ST-10000046,TM-21010,2,323.1,2015-05-31
2562,OFF-LA-10003190,MB-17305,4,9.216,2015-12-25
2563,OFF-PA-10002787,MB-17305,2,10.368,2015-12-25
2564,TEC-AC-10000387,HR-14830,1,15.02,2015-03-17
2565,OFF-ST-10001291,HR-14830,2,33.82,2015-03-17
2566,TEC-AC-10003116,BD-11635,4,71.0,2017-12-21
2567,OFF-BI-10001308,SF-20200,5,25.12,2017-11-01
2568,FUR-TA-10003954,SF-20200,9,2665.62,2017-11-01
2569,OFF-ST-10003282,SP-20620,8,478.08,2017-09-07
2570,TEC-PH-10000576,DR-12880,2,164.388,2017-12-27
2571,OFF-AR-10004441,DR-12880,4,13.248,2017-12-27
2572,OFF-AR-10003759,VM-21685,2,2.912,2017-07-16
2573,TEC-AC-10004145,CM-12235,7,1399.944,2016-08-12
2574,FUR-FU-10000293,SM-20320,5,526.45,2017-07-09
2575,OFF-EN-10004955,RA-19885,3,16.23,2014-11-22
2576,OFF-BI-10001071,RA-19885,5,319.9,2014-11-22
2577,OFF-EN-10001990,RA-19885,2,11.36,2014-11-22
2578,OFF-AP-10002734,RA-19885,3,675.12,2014-11-22
2579,FUR-FU-10004587,SD-20485,3,62.82,2014-01-26
2580,OFF-ST-10004337,SD-20485,8,489.92,2014-01-26
2581,OFF-PA-10003072,SD-20485,3,19.44,2014-01-26
2582,OFF-PA-10000380,SD-20485,2,16.68,2014-01-26
2583,TEC-PH-10004833,SD-20485,13,155.35,2014-01-26
2584,FUR-FU-10001847,SD-20485,3,12.42,2014-01-26
2585,TEC-PH-10002103,SD-20485,2,187.98,2014-01-26
2586,OFF-EN-10001137,CS-12250,2,6.608,2015-11-03
2587,OFF-ST-10001476,RA-19285,7,248.57,2017-06-30
2588,FUR-FU-10002045,RA-19285,1,22.23,2017-06-30
2589,OFF-ST-10001505,BF-11005,1,5.98,2016-05-05
2590,TEC-PH-10001433,BF-11005,3,246.168,2016-05-05
2591,FUR-FU-10004671,SE-20110,2,14.136,2016-09-08
2592,FUR-TA-10003569,SE-20110,3,601.47,2016-09-08
2593,TEC-PH-10002807,RS-19765,2,79.1,2017-11-24
2594,OFF-BI-10001597,RS-19765,8,327.84,2017-11-24
2595,OFF-EN-10003296,BM-11650,2,180.96,2017-05-13
2596,OFF-BI-10004632,BM-11650,3,914.97,2017-05-13
2597,TEC-PH-10002310,BM-11650,3,587.97,2017-05-13
2598,OFF-ST-10000078,BM-11650,2,530.34,2017-05-13
2599,OFF-PA-10001752,BM-11650,3,14.94,2017-05-13
2600,OFF-AP-10000026,SK-19990,2,121.94,2017-04-23
2601,OFF-SU-10002573,SK-19990,7,122.71,2017-04-23
2602,OFF-PA-10000349,EN-13780,3,14.94,2016-06-04
2603,TEC-MA-10003356,EN-13780,3,1349.85,2016-06-04
2604,FUR-BO-10000362,EN-13780,1,136.784,2016-06-04
2605,FUR-FU-10003878,EN-13780,4,61.12,2016-06-04
2606,OFF-BI-10000591,KN-16450,1,1.167,2014-12-16
2607,OFF-AR-10003727,MG-17890,1,16.99,2016-03-04
2608,TEC-AC-10001635,MC-17590,3,24.672,2014-11-25
2609,OFF-LA-10001317,MC-17590,1,2.52,2014-11-25
2610,FUR-TA-10000577,MC-17590,5,1218.735,2014-11-25
2611,OFF-LA-10000248,MC-17590,2,5.904,2014-11-25
2612,OFF-PA-10000955,MC-17590,3,15.696,2014-11-25
2613,FUR-FU-10000221,MC-17590,3,6.096,2014-11-25
2614,FUR-CH-10002304,BO-11350,2,41.568,2016-04-28
2615,FUR-CH-10004886,AG-10300,3,230.28,2014-04-26
2616,OFF-BI-10001525,AG-10300,6,18.288,2014-04-26
2617,OFF-LA-10003663,MS-17365,2,5.78,2017-04-01
2618,OFF-BI-10001294,MS-17365,13,121.68,2017-04-01
2619,OFF-AR-10000369,JM-15655,3,4.17,2017-12-22
2620,TEC-PH-10001300,JM-15655,4,67.04,2017-12-22
2621,OFF-ST-10000876,JM-15655,3,37.32,2017-12-22
2622,OFF-LA-10001404,JM-15655,5,18.45,2017-12-22
2623,OFF-PA-10001972,MC-17635,4,25.92,2014-12-03
2624,TEC-CO-10004722,TA-21385,4,11199.968,2017-10-22
2625,TEC-PH-10001494,TA-21385,8,2399.6,2017-10-22
2626,OFF-EN-10002500,TA-21385,5,63.9,2017-10-22
2627,TEC-PH-10003800,TA-21385,1,52.99,2017-10-22
2628,TEC-AC-10002399,SB-20290,4,60.864,2017-11-13
2629,TEC-MA-10002210,SB-20290,7,652.995,2017-11-13
2630,OFF-BI-10003196,SB-20290,10,11.22,2017-11-13
2631,OFF-PA-10000477,AB-10150,3,14.94,2015-09-10
2632,FUR-FU-10000076,JF-15295,2,39.96,2017-05-15
2633,FUR-CH-10002017,JF-15295,2,42.624,2017-05-15
2634,FUR-CH-10004287,JF-15295,1,220.96,2017-05-15
2635,FUR-FU-10003829,BF-10975,2,4.928,2015-07-05
2636,OFF-BI-10004728,BF-10975,5,7.23,2015-07-05
2637,OFF-ST-10000046,TT-21265,2,323.1,2015-08-15
2638,OFF-PA-10000697,SB-20170,4,19.04,2017-06-12
2639,OFF-BI-10000848,SB-20170,3,13.128,2017-06-12
2640,OFF-AR-10004691,SB-20170,3,64.14,2017-06-12
2641,FUR-CH-10000595,SB-20170,4,858.24,2017-06-12
2642,TEC-AC-10000927,LM-17065,1,29.99,2015-02-20
2643,OFF-PA-10001289,KA-16525,6,186.048,2016-12-29
2644,TEC-PH-10003092,BF-11170,1,36.792,2016-04-17
2645,FUR-FU-10000206,BF-11170,8,18.624,2016-04-17
2646,FUR-FU-10004270,TB-21400,3,57.69,2014-09-07
2647,OFF-BI-10000948,TB-21400,3,42.81,2014-09-07
2648,OFF-PA-10000223,TB-21400,2,12.96,2014-09-07
2649,FUR-FU-10004665,TB-21400,6,821.88,2014-09-07
2650,TEC-PH-10000215,TB-21400,3,104.85,2014-09-07
2651,FUR-BO-10004467,SH-19975,5,424.9575,2016-09-26
2652,OFF-BI-10000829,AS-10225,3,10.776,2017-09-17
2653,OFF-BI-10003712,AS-10225,3,11.784,2017-09-17
2654,OFF-PA-10000062,AS-10225,3,164.88,2017-09-17
2655,FUR-BO-10003404,AS-10225,3,1292.94,2017-09-17
2656,OFF-BI-10004233,AS-10225,2,25.584,2017-09-17
2657,OFF-ST-10001272,AS-10225,2,261.74,2017-09-17
2658,OFF-LA-10001175,AS-10225,5,14.4,2017-09-17
2659,OFF-EN-10004030,PK-19075,3,10.86,2016-08-16
2660,FUR-CH-10004287,HR-14830,4,883.84,2015-12-24
2661,TEC-PH-10002834,DG-13300,11,1979.89,2017-11-28
2662,OFF-EN-10003055,DG-13300,2,79.96,2017-11-28
2663,OFF-BI-10003460,CL-12700,2,8.76,2017-04-14
2664,OFF-LA-10001569,HF-14995,1,3.984,2016-05-01
2665,FUR-TA-10004534,HF-14995,3,370.62,2016-05-01
2666,OFF-BI-10002954,HF-14995,2,2.742,2016-05-01
2667,TEC-AC-10003832,HG-15025,3,79.512,2016-10-01
2668,OFF-PA-10000474,HG-15025,1,28.352,2016-10-01
2669,FUR-CH-10002774,NL-18310,1,40.784,2015-08-25
2670,OFF-AP-10002765,NL-18310,4,105.96,2015-08-25
2671,OFF-PA-10001144,RR-19525,3,166.44,2014-09-09
2672,FUR-CH-10003761,RR-19525,6,785.88,2014-09-09
2673,OFF-PA-10004665,RR-19525,2,26.2,2014-09-09
2674,OFF-ST-10000078,RR-19525,5,1325.85,2014-09-09
2675,OFF-PA-10000357,TC-21295,3,166.44,2017-12-03
2676,OFF-AR-10000422,DB-13615,5,8.76,2017-11-27
2677,OFF-AP-10001205,DB-13615,1,43.584,2017-11-27
2678,OFF-BI-10001116,SV-20785,7,11.088,2014-06-21
2679,OFF-BI-10002931,SV-20785,2,25.164,2014-06-21
2680,OFF-BI-10000546,MH-18115,5,14.4,2017-01-21
2681,TEC-AC-10002049,MH-18115,5,619.95,2017-01-21
2682,OFF-BI-10001196,MH-18115,4,89.52,2017-01-21
2683,TEC-MA-10002981,MH-18115,3,350.973,2017-01-21
2684,TEC-PH-10003601,MH-18115,1,164.99,2017-01-21
2685,OFF-BI-10000632,CT-11995,9,312.552,2017-06-29
2686,OFF-EN-10003055,KB-16315,3,95.952,2016-09-06
2687,OFF-BI-10001031,KB-16315,2,3.204,2016-09-06
2688,OFF-BI-10002003,RA-19285,5,3.98,2016-08-04
2689,OFF-PA-10003016,YC-21895,5,15.7,2015-11-12
2690,OFF-AR-10004582,RA-19915,4,5.248,2014-06-30
2691,OFF-BI-10004364,CM-12160,3,5.346,2017-12-04
2692,OFF-PA-10002246,CS-12130,3,15.48,2016-08-28
2693,TEC-PH-10002890,CS-12130,3,108.576,2016-08-28
2694,FUR-FU-10001475,AJ-10795,5,109.9,2016-01-22
2695,FUR-FU-10004270,DL-12865,1,15.384,2014-10-15
2696,OFF-PA-10003465,BE-11410,2,30.352,2016-02-07
2697,TEC-MA-10003626,SM-20320,4,821.3,2014-03-18
2698,TEC-MA-10002412,SM-20320,6,22638.48,2014-03-18
2699,OFF-PA-10001804,SM-20320,4,21.376,2014-03-18
2700,OFF-AR-10003183,SM-20320,3,8.016,2014-03-18
2701,FUR-FU-10004270,SM-20320,2,30.768,2014-03-18
2702,OFF-FA-10003112,SM-20320,3,18.936,2014-03-18
2703,FUR-FU-10001986,SM-20320,3,122.352,2014-03-18
2704,OFF-PA-10002319,RP-19390,3,116.28,2014-05-24
2705,TEC-AC-10002323,JD-16015,6,132.6,2017-07-11
2706,OFF-SU-10001165,AB-10255,2,16.68,2017-06-16
2707,OFF-PA-10001246,AB-10255,3,19.44,2017-06-16
2708,OFF-PA-10001815,AB-10255,4,192.16,2017-06-16
2709,FUR-FU-10001876,CC-12145,7,227.36,2015-01-30
2710,TEC-MA-10000488,CC-12145,3,1919.976,2015-01-30
2711,OFF-BI-10001098,GH-14425,2,12.828,2015-12-11
2712,FUR-FU-10003577,CP-12085,4,45.888,2017-10-09
2713,OFF-AR-10002656,GM-14440,9,60.12,2017-07-29
2714,TEC-PH-10004531,LC-16885,3,302.376,2014-04-25
2715,OFF-AR-10003251,BT-11305,5,13.9,2015-12-01
2716,TEC-PH-10000673,CP-12085,2,129.98,2014-12-04
2717,TEC-AC-10000158,SC-20680,2,71.98,2017-08-26
2718,TEC-PH-10002075,DK-13375,3,377.97,2014-09-07
2719,OFF-ST-10004340,SE-20110,2,124.36,2017-12-21
2720,FUR-FU-10002759,LF-17185,3,23.976,2014-12-06
2721,OFF-FA-10000585,ON-18715,3,8.376,2014-11-04
2722,OFF-AP-10004859,ON-18715,5,58.24,2014-11-04
2723,OFF-ST-10001558,TB-21400,5,81.2,2016-04-14
2724,OFF-LA-10004689,DF-13135,5,14.45,2014-10-04
2725,OFF-BI-10002867,DF-13135,2,95.648,2014-10-04
2726,TEC-PH-10003811,EP-13915,5,359.97,2017-11-07
2727,FUR-TA-10000849,EP-13915,4,350.352,2017-11-07
2728,OFF-BI-10000848,SK-19990,1,1.641,2017-12-22
2729,TEC-PH-10003072,SK-19990,7,629.958,2017-12-22
2730,OFF-AR-10001547,FH-14350,3,6.63,2017-02-13
2731,TEC-AC-10001838,FH-14350,4,799.96,2017-02-13
2732,FUR-FU-10004017,FH-14350,1,107.53,2017-02-13
2733,TEC-PH-10002923,EH-13945,2,73.98,2014-07-02
2734,OFF-AR-10000716,EH-13945,1,5.58,2014-07-02
2735,OFF-PA-10000249,JE-15715,4,49.12,2015-02-21
2736,TEC-PH-10003691,KL-16645,3,377.97,2015-11-13
2737,OFF-PA-10001560,KL-16645,7,42.28,2015-11-13
2738,FUR-BO-10004467,KL-16645,3,299.97,2015-11-13
2739,TEC-PH-10001819,KL-16645,2,89.98,2015-11-13
2740,OFF-SU-10000157,EB-13750,4,477.24,2017-04-16
2741,TEC-AC-10004227,EB-13750,2,25.98,2017-04-16
2742,OFF-EN-10003134,BD-11725,5,46.72,2016-02-25
2743,FUR-FU-10004671,MS-17530,2,35.34,2014-11-04
2744,FUR-FU-10002253,SC-20770,6,257.64,2015-06-20
2745,TEC-PH-10002726,SC-20770,3,125.976,2015-06-20
2746,TEC-AC-10004571,FM-14380,1,79.992,2017-08-07
2747,FUR-TA-10002228,KT-16480,3,700.056,2014-05-12
2748,TEC-AC-10004127,AP-10720,4,27.168,2015-11-22
2749,OFF-BI-10001553,RH-19555,3,8.226,2015-12-04
2750,FUR-CH-10002758,CS-11950,3,585.552,2014-06-08
2751,OFF-ST-10000532,TM-21010,11,423.28,2014-08-08
2752,FUR-CH-10000988,HF-14995,2,225.296,2014-05-26
2753,OFF-AR-10003251,GA-14515,2,5.56,2015-04-17
2754,TEC-AC-10003174,GA-14515,3,323.37,2015-04-17
2755,TEC-PH-10002310,GA-14515,5,783.96,2015-04-17
2756,OFF-AP-10002651,GA-14515,5,1447.65,2015-04-17
2757,OFF-PA-10001184,GA-14515,2,11.96,2015-04-17
2758,TEC-AC-10002402,ES-14020,3,239.97,2016-06-11
2759,FUR-FU-10004270,JP-16135,4,76.92,2016-03-11
2760,OFF-ST-10001526,JP-16135,4,481.32,2016-03-11
2761,OFF-PA-10002893,Dp-13240,5,48.4,2014-05-26
2762,TEC-AC-10003709,NK-18490,1,0.99,2017-10-12
2763,OFF-BI-10001191,NK-18490,5,101.84,2017-10-12
2764,OFF-BI-10003166,PL-18925,3,10.332,2017-06-22
2765,OFF-BI-10003982,PL-18925,5,31.155,2017-06-22
2766,OFF-ST-10004835,PL-18925,2,8.928,2017-06-22
2767,OFF-AP-10000159,RW-19690,1,34.384,2017-01-15
2768,OFF-AP-10002945,RW-19690,8,1924.16,2017-01-15
2769,OFF-AP-10001242,MO-17950,2,32.192,2015-04-02
2770,TEC-AC-10003038,MO-17950,7,50.12,2015-04-02
2771,TEC-AC-10003289,MO-17950,3,47.976,2015-04-02
2772,OFF-ST-10000918,JJ-15445,5,54.5,2016-09-03
2773,FUR-FU-10001940,BT-11680,3,19.104,2017-12-10
2774,OFF-BI-10002852,RD-19585,3,49.44,2016-11-22
2775,OFF-PA-10004451,ML-17755,2,10.368,2017-11-11
2776,OFF-ST-10004804,JE-15745,3,154.44,2016-10-21
2777,OFF-AP-10003971,ER-13855,7,60.984,2015-12-21
2778,FUR-BO-10003159,JM-15535,2,195.466,2015-07-17
2779,FUR-FU-10001935,SS-20140,8,23.68,2017-04-30
2780,TEC-AC-10003433,SS-20140,3,2.376,2017-04-30
2781,OFF-LA-10004544,TC-21295,4,59.2,2017-05-06
2782,OFF-AR-10001026,HG-15025,10,22.0,2017-11-20
2783,TEC-PH-10001336,LD-17005,2,257.98,2016-11-11
2784,TEC-PH-10003187,AS-10285,2,23.988,2016-11-05
2785,TEC-PH-10004897,MP-17965,4,23.976,2016-10-09
2786,FUR-CH-10004997,CD-12790,4,601.536,2015-09-21
2787,OFF-FA-10002763,CD-12790,2,7.9,2015-09-21
2788,FUR-FU-10001588,MD-17860,5,58.36,2014-12-02
2789,OFF-AR-10000940,MD-17860,7,16.464,2014-12-02
2790,FUR-FU-10002759,MD-17860,5,39.96,2014-12-02
2791,OFF-AP-10000358,BM-11650,2,25.96,2014-09-21
2792,OFF-AP-10003281,BM-11650,3,36.27,2014-09-21
2793,OFF-PA-10000029,BM-11650,1,6.48,2014-09-21
2794,TEC-PH-10001557,KN-16450,14,1075.088,2014-04-12
2795,TEC-PH-10000576,KN-16450,4,438.368,2014-04-12
2796,OFF-BI-10002764,KN-16450,7,18.088,2014-04-12
2797,FUR-BO-10001337,KN-16450,3,308.499,2014-04-12
2798,OFF-AR-10002257,IG-15085,4,13.36,2017-10-20
2799,OFF-PA-10001019,IG-15085,2,39.96,2017-10-20
2800,OFF-BI-10003364,IG-15085,5,145.85,2017-10-20
2801,TEC-PH-10000984,JS-15595,5,783.96,2016-10-25
2802,OFF-AR-10001683,GA-14725,1,7.88,2015-11-01
2803,FUR-FU-10000629,DL-13330,3,41.37,2017-11-03
2804,OFF-PA-10003893,CS-12505,3,12.84,2015-05-12
2805,OFF-PA-10004239,CS-12505,6,25.68,2015-05-12
2806,FUR-CH-10000553,CC-12145,2,47.516,2015-09-07
2807,OFF-FA-10004395,MH-18025,2,9.42,2015-07-25
2808,OFF-PA-10004782,MH-18025,2,12.96,2015-07-25
2809,FUR-BO-10002213,MH-18025,5,704.9,2015-07-25
2810,FUR-CH-10001854,MH-18025,2,561.568,2015-07-25
2811,OFF-PA-10000157,MP-18175,9,179.82,2015-11-16
2812,FUR-FU-10001185,MP-18175,6,185.58,2015-11-16
2813,FUR-TA-10001520,MP-18175,3,214.11,2015-11-16
2814,TEC-AC-10004145,MP-18175,4,999.96,2015-11-16
2815,FUR-TA-10000688,MP-18175,3,653.55,2015-11-16
2816,OFF-BI-10001510,DR-12940,5,114.6,2015-09-01
2817,FUR-CH-10003817,DR-12940,1,60.74,2015-09-01
2818,FUR-FU-10000308,DR-12940,2,124.36,2015-09-01
2819,OFF-ST-10003208,DR-12940,6,1088.76,2015-09-01
2820,OFF-BI-10003784,DM-13015,5,6.72,2016-05-05
2821,FUR-TA-10003748,DM-13015,3,298.776,2016-05-05
2822,TEC-PH-10002563,BD-11620,3,302.376,2016-12-31
2823,OFF-AR-10000122,DC-12850,2,8.928,2017-09-18
2824,OFF-ST-10000352,DC-12850,2,47.584,2017-09-18
2825,OFF-PA-10003270,MT-18070,8,33.792,2014-09-25
2826,FUR-BO-10003272,MT-18070,2,300.5328,2014-09-25
2827,OFF-BI-10002982,MT-18070,2,2.724,2014-09-25
2828,OFF-EN-10001509,MT-18070,2,3.264,2014-09-25
2829,OFF-PA-10002421,MJ-17740,6,108.336,2016-04-23
2830,OFF-ST-10000760,MJ-17740,5,55.92,2016-04-23
2831,OFF-PA-10002923,MJ-17740,2,78.304,2016-04-23
2832,OFF-ST-10001128,ND-18370,5,443.92,2014-11-01
2833,TEC-PH-10000673,ND-18370,3,155.976,2014-11-01
2834,OFF-AR-10001547,CA-11965,7,15.47,2017-01-26
2835,OFF-BI-10001890,CA-11965,2,7.16,2017-01-26
2836,OFF-AP-10003971,GA-14725,1,10.89,2017-11-11
2837,OFF-PA-10000520,GA-14725,3,19.44,2017-11-11
2838,OFF-BI-10000977,GA-14725,5,121.6,2017-11-11
2839,TEC-MA-10002178,TC-21295,2,695.7,2016-06-09
2840,OFF-ST-10001526,JB-15400,1,120.33,2015-09-03
2841,FUR-CH-10003379,CK-12325,4,1139.92,2014-03-14
2842,OFF-PA-10000100,RL-19615,7,229.544,2017-08-31
2843,OFF-ST-10001809,AC-10660,2,143.728,2017-03-23
2844,TEC-AC-10000387,BH-11710,3,36.048,2017-05-18
2845,FUR-CH-10004853,BG-11695,8,845.488,2016-12-27
2846,OFF-AR-10001958,XP-21865,3,50.94,2017-11-17
2847,OFF-BI-10003527,SN-20560,3,762.594,2017-09-10
2848,FUR-FU-10003832,DM-13345,6,56.28,2017-04-08
2849,OFF-BI-10001359,DM-13345,3,2690.97,2017-04-08
2850,OFF-BI-10002976,AJ-10780,6,7.434,2016-11-28
2851,OFF-ST-10000736,KC-16255,1,64.784,2016-06-02
2852,OFF-PA-10001745,VF-21715,4,28.16,2017-12-17
2853,FUR-FU-10000409,SV-20935,1,14.98,2016-03-19
2854,FUR-FU-10000221,SV-20935,4,20.32,2016-03-19
2855,OFF-ST-10000344,EM-13810,3,40.29,2017-08-20
2856,OFF-LA-10003663,RB-19360,7,20.23,2017-07-25
2857,FUR-CH-10001215,DJ-13510,4,1603.136,2016-08-26
2858,FUR-CH-10000988,CC-12370,2,225.296,2016-08-15
2859,TEC-AC-10003441,SC-20380,4,67.8,2017-05-19
2860,TEC-PH-10004389,SC-20380,3,377.97,2017-05-19
2861,FUR-BO-10004695,SC-20380,9,1628.82,2017-05-19
2862,OFF-PA-10000100,SC-20380,7,286.93,2017-05-19
2863,OFF-PA-10000223,RH-19495,4,20.736,2017-08-12
2864,OFF-ST-10001325,JK-15370,3,31.44,2017-08-13
2865,OFF-AP-10004249,JK-15370,7,83.79,2017-08-13
2866,OFF-AR-10000588,JK-15370,3,59.52,2017-08-13
2867,OFF-SU-10000946,JK-15370,4,31.92,2017-08-13
2868,OFF-SU-10001225,AF-10885,5,14.72,2016-11-10
2869,OFF-ST-10001558,AF-10885,3,38.976,2016-11-10
2870,FUR-FU-10001546,LC-16885,2,17.088,2017-06-12
2871,OFF-PA-10002581,BF-11275,3,74.352,2014-03-22
2872,FUR-CH-10001482,BF-11275,3,314.352,2014-03-22
2873,OFF-AR-10002399,SC-20800,1,4.26,2017-06-15
2874,OFF-ST-10001963,SW-20275,8,811.28,2017-11-16
2875,OFF-FA-10002988,MC-17845,3,6.03,2017-12-29
2876,FUR-CH-10004289,TD-20995,2,153.568,2016-01-21
2877,FUR-CH-10000785,TD-20995,7,1013.488,2016-01-21
2878,OFF-EN-10003040,Dp-13240,2,52.34,2016-01-15
2879,OFF-AR-10001573,Dp-13240,2,4.66,2016-01-15
2880,TEC-AC-10000844,Dp-13240,3,254.97,2016-01-15
2881,OFF-BI-10000756,SD-20485,6,25.44,2016-09-19
2882,OFF-SU-10000381,SD-20485,3,27.93,2016-09-19
2883,OFF-BI-10004094,TM-21010,5,8.85,2014-02-21
2884,FUR-FU-10001852,BK-11260,4,6.96,2016-11-11
2885,OFF-BI-10000014,JF-15490,2,17.456,2016-01-30
2886,FUR-CH-10003396,EP-13915,5,307.92,2016-10-18
2887,OFF-AR-10003811,EP-13915,3,6.63,2017-12-18
2888,OFF-PA-10003172,EP-13915,2,12.96,2017-12-18
2889,OFF-PA-10000289,EP-13915,5,32.4,2017-12-18
2890,OFF-PA-10000791,KH-16630,5,23.85,2017-11-02
2891,FUR-CH-10002304,HG-14845,2,51.96,2014-04-29
2892,OFF-BI-10000136,HG-14845,3,17.94,2014-04-29
2893,OFF-PA-10003739,JC-16105,2,11.56,2017-10-23
2894,OFF-PA-10002479,JC-16105,5,26.4,2017-10-23
2895,FUR-FU-10000771,JC-16105,11,69.08,2017-10-23
2896,TEC-PH-10001552,JC-16105,3,35.88,2017-10-23
2897,OFF-AR-10001915,KM-16720,5,49.65,2014-03-30
2898,TEC-CO-10000971,EB-13975,4,959.968,2016-01-04
2899,FUR-CH-10004086,PW-19240,2,408.422,2015-04-26
2900,TEC-CO-10000971,PG-18895,2,479.984,2015-09-12
2901,OFF-LA-10001317,PG-18895,4,12.6,2015-09-12
2902,OFF-PA-10003656,DB-12910,7,184.66,2017-09-11
2903,OFF-PA-10002160,CR-12730,5,23.12,2016-06-12
2904,OFF-PA-10000575,KH-16330,7,37.464,2016-06-27
2905,FUR-CH-10003981,KH-16330,3,539.658,2016-06-27
2906,OFF-ST-10002615,CS-12400,2,310.12,2014-09-26
2907,OFF-PA-10000327,DL-12925,2,8.56,2017-11-03
2908,OFF-ST-10001325,DL-12925,5,52.4,2017-11-03
2909,OFF-LA-10001771,DL-12925,3,14.94,2017-11-03
2910,OFF-FA-10004968,ME-17725,3,11.22,2017-02-19
2911,OFF-AP-10000576,VD-21670,4,387.136,2015-11-05
2912,OFF-EN-10003286,CK-12205,5,41.4,2014-06-16
2913,OFF-AR-10003772,CK-12205,4,35.0,2014-06-16
2914,OFF-BI-10002852,CK-12205,3,39.552,2014-06-16
2915,TEC-PH-10002890,DL-12925,3,135.72,2015-10-12
2916,OFF-BI-10001308,DL-12925,2,12.56,2015-10-12
2917,TEC-PH-10001750,DL-12925,4,263.96,2015-10-12
2918,OFF-AR-10003338,SE-20110,1,5.952,2017-08-27
2919,OFF-FA-10002763,LS-17200,5,15.8,2016-11-23
2920,FUR-FU-10002088,LS-17200,2,14.368,2016-11-23
2921,FUR-FU-10003976,LS-17200,7,70.448,2016-11-23
2922,OFF-ST-10001511,MM-17920,2,129.3,2017-01-30
2923,OFF-BI-10000301,DB-13270,3,3.882,2015-11-30
2924,OFF-FA-10003495,RW-19630,1,6.08,2014-06-28
2925,OFF-AP-10001303,JM-16195,1,19.9,2014-09-02
2926,FUR-FU-10002116,JM-16195,1,70.71,2014-09-02
2927,FUR-FU-10000771,BP-11155,3,18.84,2017-07-10
2928,OFF-AR-10002255,CT-11995,3,8.64,2017-06-04
2929,OFF-BI-10004995,TH-21550,4,1633.188,2017-10-19
2930,FUR-FU-10002597,ME-17320,4,19.76,2017-11-18
2931,OFF-BI-10004970,TT-21220,2,6.608,2015-08-08
2932,OFF-BI-10002557,TT-21220,2,7.28,2015-08-08
2933,FUR-CH-10000785,TT-21220,1,144.784,2015-08-08
2934,TEC-PH-10002310,GT-14710,1,156.792,2016-12-06
2935,TEC-PH-10002834,GT-14710,3,431.976,2016-12-06
2936,OFF-EN-10000927,GT-14710,1,35.89,2016-12-06
2937,OFF-BI-10001636,GT-14710,7,47.208,2016-12-06
2938,OFF-PA-10001736,GT-14710,7,248.08,2016-12-06
2939,OFF-PA-10000482,GT-14710,5,189.7,2016-12-06
2940,OFF-BI-10001658,GT-14710,3,59.808,2016-12-06
2941,FUR-CH-10000422,JD-16150,1,90.99,2017-03-25
2942,FUR-CH-10004675,JD-16150,7,1526.56,2017-03-25
2943,FUR-CH-10002880,JD-16150,3,368.97,2017-03-25
2944,OFF-ST-10000675,MC-18100,9,305.01,2017-11-19
2945,FUR-FU-10002685,MC-18100,1,18.7,2017-11-19
2946,FUR-FU-10004020,LH-17020,7,38.29,2016-11-04
2947,FUR-FU-10004963,MP-18175,3,26.25,2017-12-14
2948,OFF-BI-10000174,MP-18175,14,64.96,2017-12-14
2949,OFF-EN-10000461,MP-18175,5,43.7,2017-12-14
2950,TEC-AC-10001266,EM-14140,4,41.6,2017-11-12
2951,OFF-PA-10002160,EM-14140,5,23.12,2017-11-12
2952,FUR-CH-10004875,EM-14140,2,113.888,2017-11-12
2953,FUR-FU-10000305,EM-14140,2,113.568,2017-11-12
2954,TEC-PH-10000347,EM-14140,2,7.92,2017-11-12
2955,TEC-PH-10001459,EM-14140,2,671.984,2017-11-12
2956,TEC-PH-10000439,GG-14650,1,39.99,2016-08-18
2957,FUR-CH-10002647,MA-17995,3,191.646,2017-06-27
2958,OFF-BI-10003910,SH-20395,1,2.313,2017-05-04
2959,OFF-BI-10001097,KT-16465,4,19.936,2015-12-24
2960,OFF-FA-10004854,KT-16465,4,45.92,2015-12-24
2961,OFF-PA-10003673,PO-19180,3,20.34,2017-04-26
2962,OFF-LA-10002034,PO-19180,8,39.28,2017-04-26
2963,FUR-CH-10002774,AY-10555,2,81.568,2017-12-16
2964,FUR-CH-10003817,AY-10555,2,97.184,2017-12-16
2965,OFF-BI-10002949,AY-10555,5,24.32,2017-12-16
2966,FUR-FU-10002445,AY-10555,2,18.96,2017-12-16
2967,FUR-FU-10001473,Co-12640,6,32.952,2014-12-27
2968,OFF-ST-10002562,Co-12640,4,30.016,2014-12-27
2969,OFF-AP-10002118,JF-15565,3,499.584,2017-11-06
2970,OFF-PA-10001800,JF-15565,6,31.104,2017-11-06
2971,OFF-BI-10002827,JF-15565,8,13.272,2017-11-06
2972,FUR-FU-10004671,JF-15565,2,28.272,2017-11-06
2973,OFF-ST-10000736,JF-15565,4,259.136,2017-11-06
2974,OFF-BI-10004656,AR-10510,5,10.8,2017-12-16
2975,FUR-TA-10001095,AG-10675,2,244.006,2015-05-07
2976,OFF-PA-10000213,AG-10675,4,15.936,2015-05-07
2977,FUR-CH-10001797,DV-13045,7,188.552,2017-12-04
2978,OFF-ST-10002214,HL-15040,2,22.58,2017-10-03
2979,FUR-CH-10000422,ND-18370,6,545.94,2014-01-13
2980,OFF-PA-10003848,GB-14575,4,20.736,2015-06-12
2981,FUR-FU-10003623,GB-14575,2,43.296,2015-06-12
2982,FUR-CH-10001797,CL-12565,4,123.136,2014-07-12
2983,OFF-BI-10003094,CL-12565,4,11.264,2014-07-12
2984,OFF-ST-10002205,RC-19960,3,53.424,2014-12-06
2985,FUR-TA-10003238,RC-19960,1,275.49,2014-12-06
2986,FUR-FU-10000755,JB-16045,4,24.96,2016-05-25
2987,OFF-PA-10002893,JB-16045,2,19.36,2016-05-25
2988,OFF-ST-10000689,JB-16045,9,1267.65,2016-05-25
2989,TEC-AC-10004227,MC-17635,1,12.99,2016-02-21
2990,OFF-BI-10000174,MC-17635,4,18.56,2016-02-21
2991,OFF-ST-10001809,MC-17635,5,449.15,2016-02-21
2992,OFF-BI-10002309,MC-17635,7,31.248,2016-02-21
2993,OFF-AP-10004532,TT-21265,3,61.44,2016-10-02
2994,OFF-BI-10003091,MJ-17740,4,895.92,2017-03-11
2995,OFF-BI-10004654,AT-10735,4,55.36,2016-09-09
2996,OFF-ST-10000760,PB-19150,5,55.92,2014-07-14
2997,OFF-EN-10001539,NW-18400,4,24.896,2014-06-21
2998,FUR-FU-10000550,NW-18400,1,3.984,2014-06-21
2999,TEC-AC-10003628,NW-18400,4,95.968,2014-06-21
3000,TEC-MA-10004521,NW-18400,3,206.991,2014-06-21
3001,OFF-AP-10003860,NW-18400,2,44.416,2014-06-21
3002,OFF-BI-10000069,NW-18400,2,9.006,2014-06-21
3003,OFF-BI-10003655,VP-21730,5,19.0,2015-07-05
3004,OFF-BI-10001628,RD-19810,4,33.376,2017-12-16
3005,OFF-AP-10003779,MG-17875,1,207.48,2016-09-08
3006,OFF-BI-10000666,PA-19060,3,91.68,2014-05-17
3007,OFF-AP-10000828,CR-12730,5,904.9,2017-10-13
3008,OFF-BI-10002706,AA-10375,3,34.272,2014-10-24
3009,FUR-FU-10004748,JG-15160,3,191.82,2016-12-05
3010,OFF-AP-10000026,RR-19525,5,243.88,2016-07-25
3011,OFF-BI-10000773,SR-20425,5,12.03,2017-04-17
3012,TEC-MA-10000822,SR-20425,5,2549.985,2017-04-17
3013,OFF-BI-10001543,SR-20425,2,21.594,2017-04-17
3014,OFF-BI-10003355,SR-20425,6,8.964,2017-04-17
3015,OFF-PA-10002005,SR-20425,4,20.736,2017-04-17
3016,FUR-TA-10004154,LS-16975,2,344.22,2015-09-17
3017,OFF-ST-10002743,MH-18115,8,727.296,2016-08-23
3018,FUR-FU-10004973,MH-18115,3,22.608,2016-08-23
3019,TEC-AC-10002842,MH-18115,7,666.4,2016-08-23
3020,OFF-FA-10002701,SC-20095,3,5.04,2015-11-08
3021,OFF-PA-10001125,SC-20095,3,92.94,2015-11-08
3022,FUR-FU-10004090,SC-20095,3,66.69,2015-11-08
3023,OFF-BI-10001510,SC-20095,5,91.68,2015-11-08
3024,FUR-BO-10002202,JB-16000,2,327.7328,2017-11-17
3025,OFF-BI-10001922,AC-10450,11,52.272,2015-11-08
3026,OFF-PA-10001667,AC-10450,3,17.94,2015-11-08
3027,FUR-FU-10001488,MO-17800,3,254.352,2017-04-22
3028,OFF-BI-10002799,RB-19645,2,8.288,2014-08-24
3029,FUR-CH-10003846,AI-10855,5,504.9,2017-12-17
3030,TEC-PH-10003691,DR-12880,4,403.168,2016-03-24
3031,FUR-BO-10000468,DM-12955,4,194.32,2015-09-21
3032,OFF-AR-10001044,DM-12955,1,25.99,2015-09-21
3033,FUR-CH-10003833,JH-16180,4,195.136,2016-11-21
3034,OFF-PA-10004355,AB-10060,4,20.736,2017-09-16
3035,TEC-AC-10003038,BD-11605,6,53.7,2015-06-11
3036,OFF-BI-10002799,BD-11605,7,36.26,2015-06-11
3037,OFF-AR-10003582,BD-11605,2,56.3,2015-06-11
3038,OFF-PA-10004451,BD-11605,5,32.4,2015-06-11
3039,FUR-FU-10004666,BD-11605,2,29.16,2015-06-11
3040,FUR-TA-10001520,AS-10045,3,171.288,2017-10-03
3041,FUR-FU-10004270,ZD-21925,5,16.72,2016-05-05
3042,OFF-PA-10003172,KF-16285,2,12.96,2017-09-11
3043,OFF-EN-10002312,KF-16285,2,22.18,2017-09-11
3044,FUR-CH-10002320,KF-16285,8,2054.272,2017-09-11
3045,TEC-PH-10001530,BP-11230,5,1022.97,2015-04-30
3046,OFF-AR-10001216,CC-12430,5,13.9,2017-11-06
3047,OFF-PA-10003127,CC-12430,1,26.38,2017-11-06
3048,OFF-BI-10003910,DB-13615,7,43.176,2014-09-30
3049,FUR-TA-10004534,TC-21475,2,411.8,2017-04-02
3050,TEC-AC-10000892,TC-21475,4,360.0,2017-04-02
3051,FUR-FU-10003247,NZ-18565,2,41.96,2017-10-06
3052,OFF-AP-10004336,NZ-18565,4,227.84,2017-10-06
3053,OFF-PA-10001295,NZ-18565,2,37.94,2017-10-06
3054,TEC-PH-10002555,SW-20350,2,517.9,2016-04-09
3055,OFF-BI-10000831,SW-20350,2,5.28,2016-04-09
3056,TEC-CO-10001046,TS-21370,5,2799.96,2015-08-28
3057,OFF-EN-10002973,HH-15010,2,8.96,2017-10-19
3058,OFF-LA-10001641,HH-15010,10,31.5,2017-10-19
3059,FUR-FU-10003878,HH-15010,2,30.56,2017-10-19
3060,FUR-TA-10003837,HH-15010,2,24.368,2017-10-19
3061,TEC-AC-10002800,DM-13345,3,119.976,2016-11-07
3062,OFF-PA-10001307,RE-19450,8,26.88,2017-03-03
3063,TEC-PH-10002350,JD-16150,3,83.97,2015-11-27
3064,TEC-AC-10000397,JD-16150,3,104.97,2015-11-27
3065,OFF-ST-10000615,BF-11215,8,90.8,2017-03-13
3066,TEC-PH-10004531,BF-11215,8,140.736,2017-03-13
3067,TEC-AC-10004001,BF-11215,5,214.95,2017-03-13
3068,OFF-PA-10001534,BF-11215,7,45.36,2017-03-13
3069,OFF-PA-10001815,BF-11215,6,288.24,2017-03-13
3070,OFF-AP-10003779,ML-17755,4,663.936,2017-11-30
3071,OFF-ST-10002011,YC-21895,7,2934.33,2014-11-17
3072,FUR-FU-10002379,YC-21895,3,124.41,2014-11-17
3073,OFF-AR-10003752,YC-21895,5,57.75,2014-11-17
3074,OFF-ST-10003692,LR-16915,2,114.46,2016-01-03
3075,FUR-BO-10004409,BS-11755,2,120.666,2015-10-03
3076,OFF-ST-10003306,KM-16375,3,342.864,2014-07-20
3077,FUR-FU-10003724,KM-16375,5,16.74,2014-07-20
3078,FUR-CH-10002024,KM-16375,2,981.372,2014-07-20
3079,OFF-AR-10003514,BT-11530,8,31.84,2014-05-21
3080,OFF-PA-10001800,KB-16405,2,12.96,2017-09-04
3081,TEC-PH-10003589,KB-16405,3,43.176,2017-09-04
3082,OFF-BI-10003364,DW-13480,2,58.34,2017-05-27
3083,TEC-PH-10002834,DW-13480,3,539.97,2017-05-27
3084,OFF-BI-10000343,JC-15340,1,3.928,2014-01-28
3085,OFF-BI-10004584,TP-21415,4,252.784,2017-02-09
3086,TEC-AC-10002402,TP-21415,2,127.984,2017-02-09
3087,FUR-FU-10000550,TP-21415,2,3.984,2017-02-09
3088,OFF-AP-10000055,TP-21415,2,12.992,2017-02-09
3089,FUR-FU-10001591,DB-12910,5,61.0,2017-03-31
3090,TEC-PH-10000526,DB-12910,7,671.93,2017-03-31
3091,OFF-BI-10001071,BH-11710,7,447.86,2016-03-03
3092,TEC-PH-10001557,BH-11710,5,479.95,2016-03-03
3093,OFF-PA-10001977,BH-11710,3,166.44,2016-03-03
3094,OFF-SU-10004231,TD-20995,4,31.68,2015-08-23
3095,OFF-PA-10000809,TD-20995,2,10.368,2015-08-23
3096,OFF-FA-10003021,TD-20995,8,12.032,2015-08-23
3097,OFF-AP-10000696,TD-20995,2,5.768,2015-08-23
3098,OFF-LA-10001158,CV-12805,4,33.12,2017-04-27
3099,FUR-BO-10002268,CV-12805,4,220.2656,2017-04-27
3100,OFF-BI-10000829,CS-12355,3,10.776,2017-04-14
3101,FUR-BO-10003441,CS-12355,3,242.352,2017-04-14
3102,OFF-SU-10003505,JG-15310,6,695.16,2017-12-22
3103,FUR-BO-10003660,JG-15310,1,220.98,2017-12-22
3104,OFF-BI-10001267,JP-16135,7,12.957,2016-12-08
3105,OFF-PA-10002741,EC-14050,6,25.68,2017-03-23
3106,OFF-LA-10004345,KH-16630,4,15.712,2016-07-25
3107,OFF-ST-10004340,FG-14260,6,298.464,2017-07-10
3108,OFF-PA-10001471,AA-10480,3,21.93,2016-07-17
3109,OFF-ST-10002344,AA-10480,3,242.94,2016-07-17
3110,OFF-PA-10001892,AA-10480,1,7.64,2016-07-17
3111,OFF-PA-10001934,AA-10480,8,51.84,2016-07-17
3112,OFF-ST-10000078,AA-10480,1,265.17,2016-07-17
3113,TEC-MA-10001972,MS-17770,3,837.6,2016-08-23
3114,OFF-EN-10002504,MS-17770,5,135.9,2016-08-23
3115,OFF-PA-10002160,MS-17770,6,34.68,2016-08-23
3116,FUR-CH-10001973,MS-17770,6,532.704,2016-08-23
3117,OFF-AP-10001492,MS-17770,5,43.1,2016-08-23
3118,OFF-SU-10002189,MS-17770,4,15.88,2016-08-23
3119,FUR-CH-10003312,JE-15610,5,1123.92,2015-06-11
3120,TEC-PH-10002496,JE-15610,2,249.584,2015-06-11
3121,FUR-FU-10003464,JE-15610,3,48.672,2015-06-11
3122,OFF-AR-10000380,JE-15610,2,60.768,2015-06-11
3123,OFF-BI-10004593,JE-15610,5,78.6,2015-06-11
3124,OFF-BI-10001308,JE-15610,2,3.768,2015-06-11
3125,OFF-ST-10001780,JE-15610,2,1036.624,2015-06-11
3126,OFF-ST-10003816,JE-15610,4,563.808,2015-06-11
3127,TEC-PH-10002200,EB-14110,2,258.528,2017-09-08
3128,OFF-PA-10004438,BP-11155,4,49.12,2017-10-02
3129,FUR-FU-10004090,CC-12100,2,44.46,2014-12-16
3130,FUR-CH-10002602,CC-12100,2,241.568,2014-12-16
3131,TEC-AC-10001142,CC-12100,5,395.0,2014-12-16
3132,TEC-PH-10004977,CC-12100,4,627.168,2014-12-16
3133,FUR-FU-10004586,JP-15460,2,13.28,2014-08-24
3134,OFF-BI-10001116,JP-15460,3,12.672,2014-08-24
3135,OFF-BI-10000666,LS-16975,5,30.56,2017-11-12
3136,OFF-ST-10002583,LS-16975,3,77.952,2017-11-12
3137,TEC-PH-10004908,LS-16975,1,67.992,2017-11-12
3138,OFF-EN-10001219,LS-16975,2,12.224,2017-11-12
3139,TEC-AC-10004568,LS-16975,2,44.784,2017-11-12
3140,FUR-FU-10001756,LS-16975,3,22.848,2017-11-12
3141,OFF-AP-10002311,JL-15850,3,206.43,2015-04-25
3142,OFF-BI-10003650,CY-12745,2,210.392,2014-12-12
3143,TEC-AC-10003628,RB-19360,5,119.96,2017-09-25
3144,OFF-AR-10001547,RB-19360,6,10.608,2017-09-25
3145,FUR-CH-10002647,AR-10825,7,347.802,2016-09-05
3146,FUR-CH-10004495,CS-11845,4,963.136,2017-02-11
3147,TEC-PH-10002923,CS-11845,3,88.776,2017-02-11
3148,OFF-AR-10001374,AR-10825,5,32.4,2014-06-30
3149,OFF-PA-10003441,RD-19810,5,32.4,2016-06-07
3150,OFF-LA-10002043,KH-16510,3,31.05,2014-12-20
3151,TEC-AC-10002049,NF-18385,6,2025.36,2015-12-15
3152,TEC-MA-10000418,NF-18385,2,1799.994,2015-12-15
3153,TEC-PH-10004908,NF-18385,2,101.988,2015-12-15
3154,FUR-FU-10004091,NF-18385,7,262.864,2015-12-15
3155,OFF-BI-10004600,SM-20950,2,735.98,2017-07-20
3156,OFF-PA-10001289,GH-14410,3,93.024,2014-08-03
3157,FUR-TA-10001539,EM-13810,2,284.364,2015-08-24
3158,TEC-AC-10001266,EM-13810,2,26.0,2015-08-24
3159,OFF-ST-10001291,DB-13210,5,67.64,2016-03-26
3160,TEC-AC-10001314,DB-13210,3,119.976,2016-03-26
3161,OFF-BI-10004040,PT-19090,5,5.18,2014-09-12
3162,OFF-EN-10001539,HF-14995,2,15.56,2014-09-21
3163,OFF-EN-10004483,HF-14995,5,78.35,2014-09-21
3164,OFF-AR-10001615,HF-14995,3,59.52,2014-09-21
3165,OFF-PA-10000327,HF-14995,9,38.52,2014-09-21
3166,TEC-PH-10001299,HF-14995,2,239.984,2014-09-21
3167,OFF-PA-10002246,HF-14995,3,19.35,2014-09-21
3168,FUR-FU-10002671,KW-16435,5,67.0,2016-10-29
3169,FUR-CH-10003833,KC-16675,8,390.272,2016-05-28
3170,OFF-PA-10001667,KC-16675,13,62.192,2016-05-28
3171,OFF-BI-10002003,PK-19075,6,23.88,2017-12-21
3172,OFF-BI-10004465,KT-16465,2,3.168,2016-03-21
3173,FUR-CH-10000665,KT-16465,5,528.43,2016-03-21
3174,OFF-AR-10004956,KT-16465,3,13.392,2016-03-21
3175,OFF-AR-10004260,EP-13915,7,181.86,2017-11-11
3176,FUR-BO-10001811,AP-10915,2,180.588,2017-09-23
3177,TEC-AC-10003280,AP-10915,2,47.984,2017-09-23
3178,OFF-PA-10004911,SH-20395,2,18.76,2017-09-10
3179,FUR-FU-10001487,SM-20950,3,20.94,2017-12-05
3180,FUR-FU-10000521,SM-20950,2,58.68,2017-12-05
3181,OFF-AP-10001271,SM-20950,5,254.9,2017-12-05
3182,OFF-BI-10004728,BM-11650,2,9.64,2017-11-09
3183,TEC-AC-10004666,BM-11650,3,826.62,2017-11-09
3184,OFF-ST-10003208,BM-11650,9,1633.14,2017-11-09
3185,OFF-ST-10003208,BM-11650,3,544.38,2017-11-09
3186,OFF-BI-10000632,TC-20980,3,26.046,2014-11-07
3187,OFF-EN-10004773,TC-20980,3,74.352,2014-11-07
3188,TEC-PH-10004700,KB-16585,7,69.93,2017-03-12
3189,OFF-LA-10003714,JE-16165,1,3.75,2017-10-20
3190,OFF-BI-10001787,JE-16165,4,20.928,2017-10-20
3191,OFF-ST-10002957,DR-12940,3,12.672,2015-12-27
3192,TEC-PH-10002115,RW-19630,1,65.99,2017-10-02
3193,OFF-BI-10002557,ML-18040,7,6.37,2017-06-04
3194,OFF-BI-10002949,JL-15130,3,3.648,2014-09-01
3195,OFF-PA-10004100,JL-15130,6,31.104,2014-09-01
3196,OFF-FA-10001883,CM-12655,3,23.34,2016-08-08
3197,TEC-PH-10000702,FH-14365,3,29.97,2017-07-22
3198,OFF-BI-10003196,EH-13945,3,3.366,2015-07-10
3199,TEC-PH-10001644,TB-21280,4,95.968,2014-12-01
3200,OFF-AR-10003183,AH-10030,7,18.704,2017-12-18
3201,FUR-FU-10000308,TT-21070,3,149.232,2014-05-18
3202,OFF-PA-10001526,TT-21070,4,15.936,2014-05-18
3203,TEC-PH-10002103,RD-19900,8,601.536,2014-11-10
3204,TEC-AC-10004209,RD-19900,1,10.99,2014-11-10
3205,FUR-FU-10000397,RD-19900,2,39.88,2014-11-10
3206,OFF-PA-10002137,RD-19900,8,62.24,2014-11-10
3207,FUR-FU-10001867,RD-19900,5,53.2,2014-11-10
3208,OFF-LA-10000407,RD-19900,8,39.84,2014-11-10
3209,TEC-AC-10000420,LA-16780,5,349.95,2016-01-09
3210,TEC-PH-10002726,LA-16780,9,377.928,2016-01-09
3211,OFF-EN-10001415,SH-19975,3,13.392,2017-09-22
3212,OFF-BI-10000773,SH-19975,7,11.228,2017-09-22
3213,OFF-AP-10002350,SF-20200,11,207.24,2014-12-23
3214,OFF-AR-10001919,TH-21235,1,1.504,2016-05-26
3215,OFF-AP-10002082,TH-21235,2,34.848,2016-05-26
3216,OFF-LA-10002762,VG-21790,6,75.18,2017-07-08
3217,TEC-AC-10002800,NP-18325,3,149.97,2014-05-13
3218,OFF-BI-10003925,FH-14275,3,931.176,2017-11-10
3219,TEC-PH-10002200,FH-14275,2,430.88,2017-11-10
3220,OFF-PA-10001295,JP-15460,5,94.85,2015-10-02
3221,OFF-EN-10002500,JP-15460,4,51.12,2015-10-02
3222,TEC-AC-10000892,JP-15460,1,90.0,2015-10-02
3223,OFF-PA-10001838,ES-14080,2,9.408,2014-10-02
3224,OFF-FA-10000735,ES-14080,2,4.672,2014-10-02
3225,TEC-PH-10001760,ES-14080,2,318.4,2014-10-02
3226,OFF-EN-10004846,ES-14080,6,12.768,2014-10-02
3227,OFF-SU-10003567,ES-14080,2,15.36,2014-10-02
3228,TEC-PH-10001557,ES-14080,3,230.376,2014-10-02
3229,TEC-AC-10003038,ES-14080,1,7.16,2014-10-02
3230,OFF-ST-10004459,KL-16645,1,375.34,2014-08-11
3231,FUR-FU-10004960,BN-11515,5,114.9,2017-09-01
3232,OFF-BI-10000632,ND-18370,3,26.046,2017-04-16
3233,OFF-BI-10001107,ND-18370,1,2.896,2017-04-16
3234,OFF-ST-10002301,ND-18370,2,32.544,2017-04-16
3235,OFF-BI-10003355,JL-15130,1,3.984,2016-04-24
3236,FUR-TA-10002903,RC-19825,1,181.797,2016-01-15
3237,OFF-ST-10001580,CC-12475,3,44.94,2016-05-02
3238,OFF-BI-10000315,CC-12475,3,45.576,2016-05-02
3239,FUR-CH-10003774,DW-13195,5,318.43,2016-11-20
3240,TEC-PH-10003095,DW-13195,7,122.92,2016-11-20
3241,FUR-FU-10000023,DW-13195,3,7.068,2016-11-20
3242,OFF-ST-10002214,CK-12760,5,56.45,2016-02-01
3243,OFF-BI-10002799,EG-13900,13,13.468,2017-03-31
3244,TEC-PH-10004912,SJ-20215,5,219.8,2017-12-01
3245,FUR-CH-10002602,SJ-20215,3,317.058,2017-12-01
3246,TEC-AC-10004510,BP-11185,3,49.08,2017-12-10
3247,OFF-ST-10000060,BP-11185,5,324.9,2017-12-10
3248,OFF-AR-10000799,BP-11185,3,18.24,2017-12-10
3249,FUR-CH-10004875,SJ-20125,2,113.888,2016-09-17
3250,TEC-PH-10002085,SJ-20125,2,105.584,2016-09-17
3251,OFF-FA-10000992,MC-17590,7,24.85,2016-12-23
3252,FUR-FU-10001473,BG-11740,3,60.312,2017-04-17
3253,OFF-AR-10003045,MA-17560,3,7.056,2017-10-27
3254,TEC-PH-10001536,MA-17560,2,27.184,2017-10-27
3255,TEC-PH-10001580,CC-12220,1,107.984,2016-07-08
3256,OFF-BI-10004209,CC-12220,3,19.296,2016-07-08
3257,OFF-LA-10001613,RA-19885,2,4.608,2015-08-09
3258,FUR-TA-10001676,DK-12835,3,79.974,2016-12-09
3259,OFF-BI-10003712,DK-12835,2,2.946,2016-12-09
3260,OFF-BI-10000285,LB-16795,2,3.136,2016-11-13
3261,OFF-PA-10004609,CM-11815,4,20.736,2014-11-14
3262,TEC-AC-10001314,TS-21205,2,99.98,2014-11-17
3263,OFF-PA-10003395,TS-21205,7,733.95,2014-11-17
3264,OFF-AP-10001242,TS-21205,3,241.44,2014-11-17
3265,OFF-LA-10001641,RF-19345,4,10.08,2016-03-04
3266,OFF-ST-10003816,JF-15565,2,281.904,2014-10-11
3267,OFF-EN-10002230,JF-15565,3,201.432,2014-10-11
3268,TEC-PH-10002660,EH-14185,2,135.98,2014-05-22
3269,TEC-PH-10003171,EH-14185,1,44.95,2014-05-22
3270,TEC-AC-10003709,VW-21775,3,2.97,2014-07-15
3271,OFF-FA-10000304,VW-21775,3,6.54,2014-07-15
3272,TEC-AC-10003709,KN-16450,8,7.92,2015-12-27
3273,FUR-CH-10002774,SJ-20215,5,203.92,2015-02-09
3274,TEC-CO-10001046,PS-19045,6,3359.952,2017-05-08
3275,OFF-FA-10003495,KM-16225,3,18.24,2017-11-02
3276,OFF-AR-10004685,KM-16225,6,27.78,2017-11-02
3277,OFF-AR-10004757,GM-14695,7,22.96,2014-04-05
3278,TEC-PH-10001615,GM-14695,1,28.99,2014-04-05
3279,OFF-PA-10003349,GM-14695,2,12.96,2014-04-05
3280,OFF-AR-10000127,GM-14695,7,22.96,2014-04-05
3281,OFF-SU-10002881,GM-14695,5,4164.05,2014-04-05
3282,TEC-AC-10001109,KT-16465,2,47.984,2014-09-17
3283,OFF-PA-10000682,KT-16465,1,4.624,2014-09-17
3284,FUR-FU-10000221,MH-17785,3,15.24,2014-09-30
3285,OFF-BI-10002429,AF-10885,7,63.924,2014-09-12
3286,OFF-AR-10002375,JP-16135,2,6.56,2017-02-20
3287,OFF-AP-10000595,JP-16135,3,13.11,2017-02-20
3288,TEC-PH-10001530,RD-19585,3,494.376,2015-12-13
3289,OFF-BI-10000050,RD-19585,5,29.2,2015-12-13
3290,TEC-AC-10001552,RD-19585,5,248.85,2015-12-13
3291,TEC-AC-10003399,RD-19585,1,36.24,2015-12-13
3292,OFF-AR-10004078,JF-15295,2,11.68,2016-10-30
3293,OFF-SU-10002189,CK-12595,3,11.91,2014-12-26
3294,FUR-FU-10001852,CK-12595,2,3.48,2014-12-26
3295,OFF-BI-10003638,KH-16510,8,30.96,2014-08-15
3296,TEC-MA-10002428,CM-12655,11,1704.89,2017-10-01
3297,OFF-BI-10001036,EB-13870,7,19.194,2015-05-23
3298,OFF-AP-10004708,EB-13870,4,121.792,2015-05-23
3299,TEC-MA-10000488,MW-18235,3,1919.976,2017-11-16
3300,OFF-BI-10003656,CS-11950,1,50.997,2014-11-18
3301,OFF-ST-10003656,CS-11950,1,76.792,2014-11-18
3302,TEC-PH-10001128,CS-11950,6,539.964,2014-11-18
3303,FUR-FU-10001473,CS-11950,3,60.312,2014-11-18
3304,OFF-BI-10004656,CS-11950,3,1.944,2014-11-18
3305,OFF-EN-10004955,SP-20620,3,12.984,2014-12-30
3306,TEC-PH-10002468,SP-20620,2,217.584,2014-12-30
3307,TEC-PH-10000576,SP-20620,3,328.776,2014-12-30
3308,OFF-BI-10002160,SP-20620,3,2.286,2014-12-30
3309,TEC-AC-10003628,SP-20620,2,47.984,2014-12-30
3310,OFF-BI-10001116,GT-14635,6,25.344,2015-11-05
3311,OFF-BI-10002026,LW-17215,5,232.4,2016-09-17
3312,FUR-FU-10003691,AH-10030,7,86.45,2016-03-20
3313,FUR-CH-10002602,TH-21100,5,603.92,2014-09-27
3314,OFF-PA-10000675,TH-21100,2,81.98,2014-09-27
3315,FUR-CH-10002602,HG-15025,2,271.764,2017-12-24
3316,OFF-BI-10001900,HG-15025,3,14.376,2017-12-24
3317,FUR-FU-10001468,EB-13750,5,341.96,2017-11-10
3318,OFF-AR-10004648,SC-20725,9,181.35,2015-09-11
3319,OFF-LA-10003190,SC-20725,3,8.64,2015-09-11
3320,OFF-AP-10004868,TS-21505,7,43.512,2014-12-20
3321,FUR-CH-10004287,TS-21505,3,662.88,2014-12-20
3322,OFF-PA-10002689,TS-21505,5,25.92,2014-12-20
3323,OFF-AP-10002892,TH-21550,3,68.94,2015-07-23
3324,FUR-FU-10002253,TH-21550,3,128.82,2015-07-23
3325,OFF-BI-10001359,KD-16270,5,896.99,2014-11-11
3326,OFF-BI-10001267,KD-16270,1,1.234,2014-11-11
3327,OFF-AR-10003582,KD-16270,3,67.56,2014-11-11
3328,OFF-PA-10003724,KD-16270,5,21.72,2014-11-11
3329,OFF-PA-10001033,KD-16270,8,262.336,2014-11-11
3330,TEC-PH-10003505,KD-16270,2,148.48,2014-11-11
3331,TEC-PH-10004959,KD-16270,3,241.176,2014-11-11
3332,TEC-AC-10000474,GM-14455,3,227.976,2017-12-14
3333,TEC-PH-10003095,GM-14455,3,52.68,2017-12-14
3334,FUR-FU-10002963,GM-14455,1,2.032,2017-12-14
3335,OFF-AR-10000203,PR-18880,4,17.12,2017-08-21
3336,TEC-PH-10004667,PR-18880,4,431.968,2017-08-21
3337,FUR-FU-10000193,PR-18880,4,129.92,2017-08-21
3338,FUR-TA-10001539,PR-18880,3,568.728,2017-08-21
3339,OFF-BI-10000962,PR-18880,9,117.144,2017-08-21
3340,OFF-AP-10002867,PR-18880,3,203.52,2017-08-21
3341,OFF-LA-10001158,PR-18880,5,51.75,2017-08-21
3342,OFF-PA-10000675,TB-21055,3,122.97,2016-08-27
3343,FUR-TA-10001307,TB-21055,1,244.615,2016-08-27
3344,TEC-PH-10000011,TB-21055,3,59.97,2016-08-27
3345,OFF-PA-10002666,TB-21055,9,81.54,2016-08-27
3346,OFF-FA-10000735,TB-21055,4,11.68,2016-08-27
3347,OFF-BI-10000174,TB-21055,5,29.0,2016-08-27
3348,OFF-AR-10003156,ON-18715,5,50.8,2015-08-13
3349,OFF-BI-10000474,AH-10195,5,16.03,2017-11-05
3350,OFF-BI-10003712,NM-18520,4,15.712,2016-08-17
3351,TEC-AC-10003280,AR-10510,3,89.97,2016-12-26
3352,FUR-BO-10002916,BM-11650,3,435.999,2014-09-23
3353,TEC-PH-10002726,BM-11650,2,83.984,2014-09-23
3354,TEC-PH-10000895,CA-12310,2,359.98,2014-07-19
3355,FUR-TA-10004152,CA-12310,1,70.56,2014-07-19
3356,OFF-BI-10003694,CA-12310,2,20.88,2014-07-19
3357,OFF-BI-10002160,CA-12310,1,3.81,2014-07-19
3358,OFF-PA-10001685,NF-18595,9,73.008,2017-09-07
3359,OFF-BI-10000773,AF-10870,2,3.208,2016-05-06
3360,TEC-AC-10004510,AF-10870,2,26.176,2016-05-06
3361,OFF-PA-10004569,TC-21535,4,30.44,2015-06-04
3362,FUR-FU-10000672,TC-21535,3,35.28,2015-06-04
3363,OFF-PA-10004451,Dp-13240,3,19.44,2015-12-13
3364,OFF-BI-10004738,Dp-13240,2,37.88,2015-12-13
3365,FUR-FU-10001940,MC-17425,3,9.552,2016-07-16
3366,FUR-BO-10003966,LC-17050,2,290.666,2014-01-31
3367,OFF-PA-10003072,BM-11650,2,10.368,2014-07-09
3368,OFF-PA-10002245,BM-11650,3,14.352,2014-07-09
3369,FUR-BO-10002598,NW-18400,2,141.96,2015-11-21
3370,OFF-BI-10002225,NW-18400,4,66.048,2015-11-21
3371,TEC-AC-10003832,TB-21280,5,1287.45,2016-03-25
3372,OFF-BI-10000822,BS-11755,6,25.824,2017-09-23
3373,OFF-AP-10001242,BS-11755,2,160.96,2017-09-23
3374,FUR-FU-10002445,SO-20335,3,28.44,2015-12-04
3375,FUR-CH-10002372,SO-20335,5,364.41,2015-12-04
3376,TEC-PH-10000376,SO-20335,4,39.96,2015-12-04
3377,FUR-CH-10002965,SO-20335,2,361.764,2015-12-04
3378,OFF-ST-10004950,CS-12490,9,111.672,2016-11-01
3379,OFF-BI-10003166,PO-19180,6,13.776,2017-03-17
3380,OFF-PA-10004610,PO-19180,3,10.272,2017-03-17
3381,FUR-FU-10000320,TD-20995,9,24.048,2017-11-23
3382,OFF-EN-10004030,SP-20620,1,2.896,2017-08-27
3383,OFF-EN-10004147,MS-17365,3,17.94,2015-12-04
3384,FUR-CH-10003535,MS-17365,7,384.174,2015-12-04
3385,TEC-PH-10004586,MS-17365,5,1799.75,2015-12-04
3386,OFF-ST-10003208,Dp-13240,4,580.672,2017-10-07
3387,OFF-FA-10003112,Dp-13240,3,18.936,2017-10-07
3388,TEC-PH-10004447,Dp-13240,2,222.384,2017-10-07
3389,OFF-BI-10002854,Dp-13240,6,50.454,2017-10-07
3390,FUR-TA-10001039,Dp-13240,3,154.764,2017-10-07
3391,OFF-PA-10004239,DB-13660,2,6.848,2017-03-25
3392,TEC-PH-10001530,MG-17650,4,1091.168,2014-08-09
3393,TEC-PH-10000038,MG-17650,2,219.168,2014-08-09
3394,OFF-BI-10001765,EH-14185,1,6.928,2014-11-22
3395,OFF-PA-10000380,CL-11890,6,40.032,2017-06-10
3396,OFF-ST-10001128,KF-16285,4,443.92,2017-07-01
3397,OFF-BI-10003656,KF-16285,1,169.99,2017-07-01
3398,OFF-PA-10003441,KF-16285,4,25.92,2017-07-01
3399,TEC-PH-10002923,DH-13075,1,36.99,2014-11-21
3400,OFF-PA-10004359,DH-13075,6,629.1,2014-11-21
3401,OFF-ST-10001511,DH-13075,3,193.95,2014-11-21
3402,OFF-AR-10002833,DH-13075,3,5.46,2014-11-21
3403,FUR-FU-10001940,LA-16780,7,22.288,2015-05-04
3404,FUR-FU-10003919,HZ-14950,4,65.424,2017-05-29
3405,OFF-ST-10003479,CM-12190,2,77.88,2015-10-17
3406,FUR-CH-10002965,LB-16795,2,281.372,2014-04-23
3407,FUR-CH-10002965,LB-16795,2,281.372,2014-04-23
3408,OFF-BI-10000145,LB-16795,8,7.488,2014-04-23
3409,FUR-FU-10002191,LB-16795,4,22.336,2014-04-23
3410,OFF-PA-10004451,JF-15490,2,10.368,2017-04-30
3411,OFF-PA-10001471,GM-14695,9,65.79,2016-09-20
3412,OFF-BI-10003656,GM-14695,2,271.984,2016-09-20
3413,OFF-AR-10000940,GM-14695,4,11.76,2016-09-20
3414,OFF-PA-10002319,GM-14695,2,77.52,2016-09-20
3415,OFF-BI-10000977,GM-14695,2,48.64,2016-09-20
3416,OFF-FA-10002676,SS-20590,1,1.81,2016-09-02
3417,OFF-BI-10004970,SS-20590,2,8.26,2016-09-02
3418,OFF-AP-10003971,TC-21475,5,43.56,2015-04-27
3419,OFF-SU-10001574,TC-21475,2,5.84,2015-04-27
3420,FUR-CH-10000665,CC-12430,2,271.764,2015-09-06
3421,OFF-AP-10000891,CL-12565,2,262.24,2016-05-28
3422,OFF-PA-10003790,CL-12565,8,182.72,2016-05-28
3423,TEC-AC-10002217,CL-12565,7,131.6,2016-05-28
3424,OFF-BI-10002215,CL-12565,4,22.72,2016-05-28
3425,TEC-MA-10001972,CL-12565,2,558.4,2016-05-28
3426,OFF-BI-10001525,DE-13255,4,15.24,2015-09-24
3427,FUR-CH-10000988,DE-13255,10,1408.1,2015-09-24
3428,OFF-PA-10000174,SZ-20035,4,32.896,2017-07-03
3429,FUR-TA-10002041,SZ-20035,2,215.148,2017-07-03
3430,OFF-PA-10002246,SZ-20035,6,30.96,2017-07-03
3431,OFF-ST-10003327,LF-17185,3,29.79,2017-12-08
3432,FUR-FU-10002703,LF-17185,2,128.9,2017-12-08
3433,OFF-PA-10003651,LF-17185,9,60.12,2017-12-08
3434,OFF-BI-10001617,AB-10165,3,24.816,2017-12-05
3435,OFF-BI-10000145,AB-10165,6,14.976,2017-12-05
3436,OFF-BI-10001670,NM-18520,2,15.08,2015-09-27
3437,FUR-FU-10003849,NM-18520,3,24.288,2015-09-27
3438,FUR-FU-10003849,RA-19945,2,16.192,2017-10-30
3439,FUR-TA-10002041,RA-19945,2,251.006,2017-10-30
3440,OFF-ST-10002214,RA-19945,6,54.192,2017-10-30
3441,OFF-BI-10001078,PO-19195,1,4.304,2015-11-29
3442,OFF-PA-10002137,KA-16525,14,108.92,2014-03-11
3443,OFF-EN-10001415,JD-16150,3,16.74,2017-11-19
3444,OFF-AP-10003849,JD-16150,7,2504.74,2017-11-19
3445,OFF-ST-10001713,JO-15145,2,84.784,2016-07-29
3446,OFF-ST-10001505,LE-16810,5,29.9,2015-06-12
3447,OFF-PA-10000474,AH-10690,2,70.88,2016-08-06
3448,OFF-AR-10001919,KN-16705,2,3.76,2017-06-11
3449,OFF-BI-10004001,TB-21250,2,27.264,2016-10-07
3450,OFF-AP-10004785,DP-13390,5,56.65,2014-09-08
3451,OFF-ST-10002406,DP-13390,1,14.97,2014-09-08
3452,OFF-FA-10002988,DP-13390,2,4.02,2014-09-08
3453,TEC-PH-10002415,KN-16705,2,471.92,2014-03-16
3454,OFF-BI-10004236,ST-20530,4,58.72,2015-03-01
3455,OFF-AR-10000657,EB-13870,3,5.16,2015-07-09
3456,OFF-PA-10004996,AH-10210,2,16.496,2016-02-20
3457,TEC-AC-10001109,AS-10090,3,71.976,2017-09-16
3458,FUR-FU-10003832,AS-10090,3,22.512,2017-09-16
3459,OFF-BI-10002393,AS-10090,2,3.444,2017-09-16
3460,OFF-BI-10001359,AS-10090,2,538.194,2017-09-16
3461,TEC-AC-10003628,AS-10090,2,47.984,2017-09-16
3462,TEC-PH-10003012,EM-13825,4,492.768,2017-11-05
3463,OFF-AR-10003903,KA-16525,7,286.79,2015-02-20
3464,OFF-PA-10004675,HJ-14875,1,5.08,2016-11-25
3465,TEC-AC-10001990,ND-18370,1,47.992,2017-12-03
3466,OFF-AP-10003842,EH-13765,2,61.96,2015-09-10
3467,FUR-BO-10004695,EH-13765,2,361.96,2015-09-10
3468,OFF-PA-10003039,EH-13765,9,278.82,2015-09-10
3469,FUR-FU-10002045,MC-17845,6,133.38,2016-12-14
3470,OFF-PA-10001019,MH-17455,3,47.952,2015-04-06
3471,FUR-FU-10003724,CL-11890,2,16.74,2016-12-01
3472,OFF-PA-10003673,SF-20965,2,10.848,2017-11-12
3473,TEC-AC-10003614,SF-20965,2,18.544,2017-11-12
3474,FUR-CH-10000785,EP-13915,1,180.98,2017-03-03
3475,TEC-AC-10002926,EP-13915,2,99.98,2017-03-03
3476,TEC-AC-10004633,RW-19630,5,34.95,2016-11-27
3477,OFF-BI-10000977,RW-19630,5,152.0,2016-11-27
3478,TEC-AC-10001635,SJ-20500,9,92.52,2014-08-31
3479,OFF-AR-10003056,SP-20620,2,8.56,2016-12-08
3480,OFF-PA-10003363,SP-20620,7,45.36,2016-12-08
3481,FUR-TA-10003954,SP-20620,6,1421.664,2016-12-08
3482,FUR-FU-10004415,PJ-19015,2,8.96,2014-04-07
3483,TEC-PH-10000455,CC-12610,5,579.95,2014-08-27
3484,FUR-FU-10002456,CC-12610,4,29.12,2014-08-27
3485,FUR-TA-10003569,CC-12610,3,1202.94,2014-08-27
3486,OFF-BI-10002813,MY-18295,4,7.92,2016-10-21
3487,TEC-PH-10002890,DB-13210,1,36.192,2016-11-30
3488,OFF-ST-10001522,MG-17875,2,147.184,2017-09-05
3489,FUR-CH-10004086,RH-19600,2,408.422,2015-07-02
3490,FUR-CH-10003774,RH-19600,6,382.116,2015-07-02
3491,OFF-ST-10004507,RH-19600,5,68.6,2015-07-02
3492,OFF-ST-10003208,RH-19600,3,435.504,2015-07-02
3493,OFF-PA-10000659,RH-19600,2,11.168,2015-07-02
3494,TEC-AC-10002305,KB-16240,4,72.0,2017-09-24
3495,TEC-AC-10000990,KB-16240,5,655.9,2017-09-24
3496,FUR-CH-10000665,KB-16240,4,603.92,2017-09-24
3497,FUR-TA-10001932,CA-12055,2,513.024,2016-08-08
3498,OFF-AP-10004487,CA-12055,6,487.92,2016-08-08
3499,OFF-BI-10002160,CA-12055,5,15.24,2016-08-08
3500,TEC-AC-10000420,JK-15730,3,209.97,2016-09-29
3501,OFF-BI-10001989,JK-15730,3,62.94,2016-09-29
3502,OFF-AR-10001149,JK-15730,9,25.92,2016-09-29
3503,OFF-PA-10004101,RD-19930,2,10.368,2017-04-10
3504,TEC-AC-10001714,RD-19930,3,95.736,2017-04-10
3505,OFF-ST-10003716,JK-16120,4,900.08,2016-12-18
3506,TEC-PH-10000369,SC-20020,2,201.584,2014-06-20
3507,OFF-BI-10000756,SC-20020,4,3.392,2014-06-20
3508,FUR-BO-10001608,SC-20020,4,193.0656,2014-06-20
3509,OFF-PA-10001166,SC-20020,3,15.552,2014-06-20
3510,OFF-PA-10000587,SC-20020,2,11.648,2014-06-20
3511,TEC-MA-10001972,SC-20020,2,418.8,2014-06-20
3512,OFF-ST-10004123,SC-20020,7,509.488,2014-06-20
3513,FUR-BO-10000112,HW-14935,9,825.174,2017-09-04
3514,OFF-PA-10004041,HW-14935,3,17.76,2017-09-04
3515,OFF-AR-10001149,HW-14935,3,6.912,2017-09-04
3516,TEC-AC-10002323,SC-20800,3,66.3,2016-12-20
3517,OFF-PA-10000130,HA-14920,9,30.816,2016-08-09
3518,TEC-PH-10002350,HA-14920,2,44.784,2016-08-09
3519,OFF-AP-10002518,HA-14920,4,569.536,2016-08-09
3520,FUR-TA-10002645,MG-17875,7,796.425,2015-06-22
3521,OFF-BI-10000773,DM-12955,2,12.832,2015-04-10
3522,OFF-PA-10003845,DM-13345,7,40.46,2016-11-21
3523,TEC-PH-10001580,DM-13345,3,404.94,2016-11-21
3524,TEC-AC-10002345,ML-17395,8,116.0,2016-09-05
3525,TEC-PH-10004120,GA-14515,6,657.552,2016-11-24
3526,TEC-AC-10001838,SU-20665,3,599.97,2017-12-10
3527,TEC-PH-10000148,SU-20665,3,38.97,2017-12-10
3528,OFF-BI-10003476,SU-20665,8,45.84,2017-12-10
3529,TEC-PH-10004833,BD-11320,4,38.24,2016-06-24
3530,TEC-AC-10001465,DB-13405,3,87.168,2015-09-17
3531,OFF-AR-10003056,RP-19855,5,21.4,2016-05-19
3532,OFF-SU-10001218,EH-13765,5,54.9,2016-05-28
3533,TEC-MA-10002859,JL-15835,4,287.968,2014-04-18
3534,OFF-AR-10002375,JL-15835,4,13.12,2014-04-18
3535,OFF-AR-10000657,JL-15835,5,10.75,2014-04-18
3536,OFF-FA-10000134,JL-15835,2,11.62,2014-04-18
3537,OFF-ST-10000419,FM-14380,3,40.74,2016-06-17
3538,OFF-ST-10000107,SB-20290,3,83.25,2014-05-09
3539,OFF-LA-10001641,SB-20290,3,9.45,2014-05-09
3540,OFF-LA-10003121,SB-20290,5,20.65,2014-05-09
3541,OFF-PA-10002689,SB-20290,7,45.36,2014-05-09
3542,FUR-FU-10002107,SV-20365,3,5.352,2016-09-18
3543,FUR-CH-10002647,SV-20365,2,99.372,2016-09-18
3544,OFF-AR-10002257,SV-20365,1,2.672,2016-09-18
3545,OFF-PA-10004519,MM-17920,8,28.672,2017-12-23
3546,OFF-AP-10001947,MM-17920,8,29.312,2017-12-23
3547,OFF-ST-10004963,RD-19810,7,105.98,2017-10-30
3548,OFF-SU-10002573,RD-19810,2,35.06,2017-10-30
3549,FUR-CH-10000553,RD-19810,1,33.94,2017-10-30
3550,OFF-LA-10001982,RD-19810,8,30.0,2017-10-30
3551,OFF-PA-10001295,ME-17320,3,45.528,2016-03-29
3552,FUR-CH-10002965,ME-17320,6,844.116,2016-03-29
3553,TEC-PH-10001254,ME-17320,8,812.736,2016-03-29
3554,OFF-BI-10001658,FH-14275,1,7.476,2017-11-23
3555,OFF-ST-10000585,PO-18865,2,330.4,2014-03-23
3556,TEC-PH-10003484,PO-18865,6,604.752,2014-03-23
3557,OFF-PA-10004735,CC-12550,7,45.36,2017-12-01
3558,OFF-BI-10003429,CC-12550,2,10.128,2017-12-01
3559,OFF-BI-10002982,TS-21505,4,21.792,2017-11-07
3560,TEC-AC-10004975,TS-21505,4,439.8,2017-11-07
3561,OFF-AR-10002335,MD-17350,4,8.256,2017-09-04
3562,OFF-BI-10004001,MD-17350,5,25.56,2017-09-04
3563,OFF-BI-10001634,MD-17350,2,4.368,2017-09-04
3564,OFF-PA-10000007,MD-17350,4,11.52,2017-09-04
3565,OFF-PA-10000552,GT-14755,2,12.96,2016-07-03
3566,OFF-FA-10001135,GT-14755,2,3.96,2016-07-03
3567,OFF-BI-10003650,RD-19660,3,1577.94,2017-09-07
3568,FUR-FU-10003832,DB-12910,4,15.008,2016-09-09
3569,TEC-AC-10003628,JK-15640,2,59.98,2017-07-03
3570,TEC-MA-10001148,JK-15640,6,2395.2,2017-07-03
3571,TEC-AC-10002049,JK-15640,4,1687.8,2017-07-03
3572,TEC-PH-10000702,JK-15640,1,7.992,2017-07-03
3573,OFF-PA-10003953,FC-14335,1,5.184,2017-06-29
3574,OFF-AR-10003602,JW-15955,2,11.68,2017-08-07
3575,OFF-AR-10004062,JW-15955,10,104.8,2017-08-07
3576,OFF-PA-10001560,DC-12850,3,14.496,2015-03-19
3577,OFF-BI-10003305,FM-14290,1,4.784,2016-06-07
3578,OFF-PA-10004000,FM-14290,1,4.73,2016-06-07
3579,OFF-ST-10000321,MT-17815,1,7.89,2016-07-25
3580,OFF-PA-10004665,MT-17815,5,65.5,2016-07-25
3581,FUR-TA-10004915,MT-17815,8,2430.08,2016-07-25
3582,OFF-PA-10000994,DK-13090,1,104.85,2017-10-01
3583,OFF-AR-10001149,KD-16495,2,3.9,2015-12-10
3584,FUR-TA-10003569,KD-16495,2,801.96,2015-12-10
3585,FUR-CH-10004289,KD-16495,2,191.96,2015-12-10
3586,OFF-LA-10001045,KD-16495,1,2.61,2015-12-10
3587,OFF-AR-10002053,AG-10300,2,5.96,2017-09-03
3588,TEC-PH-10002885,MH-18115,3,1169.694,2017-09-24
3589,OFF-SU-10002881,AC-10450,2,1665.62,2017-12-19
3590,OFF-BI-10000546,FM-14290,1,2.88,2017-11-24
3591,OFF-ST-10001526,FM-14290,12,1443.96,2017-11-24
3592,OFF-SU-10001574,RA-19285,1,2.92,2014-12-13
3593,OFF-ST-10002615,JG-15160,3,465.18,2016-12-05
3594,OFF-BI-10001658,NZ-18565,3,22.428,2016-09-11
3595,OFF-ST-10002562,NZ-18565,5,37.52,2016-09-11
3596,OFF-AR-10004757,KM-16225,1,2.624,2017-12-09
3597,OFF-PA-10000788,LC-17140,3,15.552,2014-09-09
3598,TEC-AC-10002134,LC-17140,6,64.704,2014-09-09
3599,FUR-FU-10002456,LC-17140,3,17.472,2014-09-09
3600,TEC-PH-10002549,LC-17140,1,135.516,2014-09-09
3601,TEC-AC-10001990,NP-18700,9,431.928,2017-06-26
3602,OFF-PA-10002137,RB-19330,2,12.448,2014-11-17
3603,FUR-CH-10004997,RB-19330,5,657.93,2014-11-17
3604,OFF-PA-10000357,TH-21550,5,277.4,2017-08-21
3605,FUR-FU-10003976,TH-21550,2,25.16,2017-08-21
3606,FUR-FU-10004960,TH-21550,4,91.92,2017-08-21
3607,OFF-EN-10001099,CK-12595,3,29.34,2016-03-12
3608,OFF-BI-10002026,ST-20530,3,139.44,2014-09-23
3609,OFF-LA-10001613,GB-14530,3,6.912,2014-04-28
3610,OFF-ST-10002214,GB-14530,3,27.096,2014-04-28
3611,OFF-ST-10001128,GB-14530,2,177.568,2014-04-28
3612,TEC-AC-10004864,NC-18535,2,58.416,2016-11-29
3613,OFF-PA-10000174,AB-10255,2,16.448,2015-12-03
3614,TEC-AC-10000171,AB-10255,2,36.784,2015-12-03
3615,FUR-TA-10002622,SC-20770,6,718.116,2017-11-19
3616,OFF-AR-10001915,SC-20770,4,31.776,2017-11-19
3617,OFF-BI-10004410,JC-15340,5,9.555,2016-09-05
3618,OFF-BI-10004632,RA-19285,2,487.984,2017-09-04
3619,TEC-PH-10002185,RA-19285,1,5.56,2017-09-04
3620,OFF-ST-10002974,RA-19285,5,217.85,2017-09-04
3621,OFF-AR-10003727,SH-19975,3,40.776,2016-09-22
3622,TEC-PH-10004071,SH-19975,8,63.936,2016-09-22
3623,FUR-FU-10002878,JC-15775,5,142.4,2014-09-14
3624,OFF-BI-10001890,JC-15775,2,7.16,2014-09-14
3625,FUR-CH-10002647,BC-11125,12,681.408,2017-05-19
3626,OFF-AR-10001315,BC-11125,2,3.52,2017-05-19
3627,OFF-AR-10000122,BC-11125,1,5.58,2017-05-19
3628,TEC-AC-10001465,BC-11125,1,36.32,2017-05-19
3629,OFF-BI-10004600,JH-15985,7,2060.744,2014-08-09
3630,OFF-AP-10002082,CC-12610,3,52.272,2017-11-26
3631,OFF-AP-10004708,CC-12610,7,213.136,2017-11-26
3632,OFF-ST-10000464,DB-12970,2,69.52,2017-05-03
3633,OFF-ST-10000025,DB-12970,8,763.44,2017-05-03
3634,OFF-LA-10001613,PP-18955,4,9.216,2016-11-10
3635,TEC-PH-10000376,PP-18955,7,41.958,2016-11-10
3636,OFF-PA-10004039,PP-18955,2,89.568,2016-11-10
3637,OFF-PA-10001776,PP-18955,3,22.248,2016-11-10
3638,OFF-AP-10002457,PP-18955,4,334.88,2016-11-10
3639,FUR-FU-10000758,PP-18955,7,148.288,2016-11-10
3640,OFF-PA-10000682,PP-18955,1,4.624,2016-11-10
3641,TEC-AC-10002550,PP-18955,7,178.92,2016-11-10
3642,OFF-BI-10002082,PP-18955,7,69.888,2016-11-10
3643,OFF-BI-10004632,MC-17845,2,487.984,2014-12-20
3644,OFF-AR-10001725,MC-17845,2,47.3,2014-12-20
3645,OFF-AR-10004269,MC-17845,1,4.13,2014-12-20
3646,OFF-BI-10003007,MC-17845,5,155.12,2014-12-20
3647,OFF-PA-10002195,VF-21715,1,6.48,2014-07-25
3648,OFF-SU-10002522,VF-21715,4,15.52,2014-07-25
3649,OFF-BI-10003712,MC-17275,2,2.946,2015-11-22
3650,OFF-FA-10004854,MC-17275,6,55.104,2015-11-22
3651,TEC-AC-10004859,DB-13210,6,104.88,2017-12-09
3652,OFF-AR-10001860,DB-13210,5,34.7,2017-12-09
3653,OFF-BI-10001636,DB-13210,4,33.72,2017-12-09
3654,OFF-PA-10000349,DB-13210,3,14.94,2017-12-09
3655,OFF-AP-10002439,AJ-10945,9,638.73,2017-08-31
3656,OFF-ST-10001370,CP-12340,2,113.568,2017-04-24
3657,TEC-AC-10002558,DB-13555,1,9.096,2017-09-08
3658,OFF-EN-10004030,EB-13750,3,8.688,2015-03-12
3659,FUR-FU-10003194,EB-13750,4,30.88,2015-03-12
3660,FUR-FU-10001731,EB-13750,3,6.408,2015-03-12
3661,OFF-SU-10004782,JP-15460,5,33.8,2016-07-18
3662,TEC-PH-10003484,SC-20050,3,377.97,2016-06-13
3663,TEC-AC-10003590,FM-14290,10,258.9,2017-07-03
3664,OFF-PA-10001970,FM-14290,2,24.56,2017-07-03
3665,OFF-LA-10001569,TB-21250,7,27.888,2014-12-08
3666,OFF-BI-10001132,TB-21250,4,6.456,2014-12-08
3667,TEC-PH-10003095,TB-21250,3,52.68,2014-12-08
3668,OFF-SU-10000432,TB-21250,5,13.88,2014-12-08
3669,TEC-AC-10004227,TB-21250,10,103.92,2014-12-08
3670,OFF-LA-10004409,TB-21250,5,11.52,2014-12-08
3671,OFF-PA-10001569,TB-21250,2,10.368,2014-12-08
3672,OFF-ST-10001031,TB-21250,3,39.072,2014-12-08
3673,OFF-EN-10002312,EH-14125,1,8.872,2016-04-08
3674,OFF-BI-10004224,EH-14125,6,121.104,2016-04-08
3675,FUR-CH-10003774,ML-17410,2,127.372,2017-11-06
3676,OFF-PA-10000157,ML-17410,3,47.952,2017-11-06
3677,FUR-FU-10004090,MH-17620,2,44.46,2015-12-05
3678,OFF-FA-10002763,BT-11680,4,15.8,2015-07-09
3679,TEC-MA-10002428,BT-11680,3,464.97,2015-07-09
3680,FUR-FU-10002918,BT-11680,2,181.96,2015-07-09
3681,OFF-LA-10000476,BT-11680,3,12.39,2015-07-09
3682,OFF-BI-10002854,BT-11680,3,84.09,2015-07-09
3683,OFF-AR-10002987,BT-11680,4,79.36,2015-07-09
3684,OFF-BI-10004001,BT-11680,9,153.36,2015-07-09
3685,OFF-BI-10001634,BT-11680,6,43.68,2015-07-09
3686,OFF-ST-10003722,BT-11680,7,98.21,2015-07-09
3687,OFF-AR-10004757,JC-15340,3,9.84,2016-12-13
3688,OFF-BI-10004140,DB-13210,2,2.694,2016-05-20
3689,OFF-PA-10002479,DO-13435,6,25.344,2017-06-02
3690,OFF-EN-10001141,DO-13435,5,43.92,2017-06-02
3691,TEC-MA-10000597,FA-14230,2,59.994,2015-10-30
3692,TEC-CO-10001571,FA-14230,1,439.992,2015-10-30
3693,TEC-PH-10004531,FA-14230,5,87.96,2015-10-30
3694,FUR-FU-10003026,FA-14230,4,15.488,2015-10-30
3695,OFF-BI-10002082,QJ-19255,7,232.96,2016-10-15
3696,OFF-EN-10002312,QJ-19255,6,66.54,2016-10-15
3697,OFF-AP-10000696,QJ-19255,3,43.26,2016-10-15
3698,FUR-FU-10000305,TC-21475,2,141.96,2015-11-19
3699,OFF-ST-10001034,ON-18715,5,79.4,2014-09-13
3700,TEC-AC-10004114,AD-10180,4,163.96,2017-11-13
3701,FUR-FU-10001602,AC-10615,1,37.93,2017-12-24
3702,FUR-FU-10002445,MF-17665,2,15.168,2016-01-09
3703,OFF-AR-10004269,DH-13075,6,24.78,2015-06-13
3704,OFF-BI-10001249,DH-13075,3,19.14,2015-06-13
3705,TEC-CO-10004202,DH-13075,3,899.97,2015-06-13
3706,OFF-PA-10003363,DH-13075,5,32.4,2015-06-13
3707,OFF-AR-10001915,EN-13780,3,23.832,2017-03-18
3708,FUR-FU-10001940,SS-20140,2,6.368,2014-11-23
3709,OFF-AP-10004336,SS-20140,3,34.176,2014-11-23
3710,TEC-AC-10003709,SS-20140,7,5.544,2014-11-23
3711,FUR-TA-10001705,RS-19765,3,510.24,2017-10-15
3712,OFF-PA-10000675,RS-19765,5,204.95,2017-10-15
3713,TEC-AC-10000521,JW-15955,1,11.54,2017-04-21
3714,FUR-FU-10004622,JW-15955,3,162.6,2017-04-21
3715,OFF-PA-10001954,JK-15625,2,45.68,2014-12-08
3716,FUR-CH-10002602,JK-15625,5,603.92,2014-12-08
3717,OFF-FA-10004395,JO-15550,5,23.55,2017-05-29
3718,OFF-SU-10003002,TP-21130,2,5.04,2016-09-19
3719,TEC-AC-10002926,TP-21130,5,249.95,2016-09-19
3720,OFF-AR-10002656,BS-11590,5,33.4,2016-09-17
3721,FUR-FU-10001918,AB-10255,4,18.92,2016-12-20
3722,OFF-BI-10003910,AB-10255,2,15.42,2016-12-20
3723,OFF-AR-10000122,FO-14305,8,35.712,2017-11-22
3724,OFF-BI-10004600,MF-17665,5,551.985,2014-12-30
3725,OFF-AR-10003045,SA-20830,3,7.056,2017-04-03
3726,OFF-AP-10000252,SH-19975,2,18.72,2016-12-26
3727,OFF-ST-10001496,JL-15235,2,360.38,2016-06-05
3728,OFF-AR-10000122,JL-15235,2,11.16,2016-06-05
3729,OFF-LA-10000407,JL-15235,3,14.94,2016-06-05
3730,OFF-ST-10004950,KH-16630,2,41.96,2015-09-18
3731,OFF-ST-10004123,KH-16630,7,636.86,2015-09-18
3732,TEC-PH-10000730,KH-16630,1,499.99,2015-09-18
3733,TEC-PH-10000895,KH-16630,7,1259.93,2015-09-18
3734,OFF-BI-10000962,KH-16630,4,65.08,2015-09-18
3735,OFF-PA-10002254,RM-19750,1,26.38,2017-03-06
3736,FUR-FU-10002554,RM-19750,3,71.97,2017-03-06
3737,TEC-PH-10000673,VM-21835,2,129.98,2016-03-17
3738,OFF-BI-10000962,VM-21835,2,32.54,2016-03-17
3739,TEC-PH-10003988,LH-17155,1,10.9,2016-12-09
3740,TEC-AC-10001109,LH-17155,2,59.98,2016-12-09
3741,OFF-AP-10002311,LH-17155,1,61.929,2016-12-09
3742,OFF-EN-10001137,WB-21850,4,16.52,2016-01-15
3743,OFF-PA-10004285,WB-21850,9,60.12,2016-01-15
3744,OFF-BI-10002225,WB-21850,3,49.536,2016-01-15
3745,OFF-FA-10002763,AP-10915,3,11.85,2014-10-24
3746,OFF-ST-10003058,RA-19915,5,118.25,2016-09-23
3747,FUR-CH-10002084,RA-19915,3,368.97,2016-09-23
3748,FUR-FU-10002937,DR-12880,2,198.46,2017-08-27
3749,OFF-AP-10001242,DR-12880,4,321.92,2017-08-27
3750,TEC-CO-10001571,DR-12880,2,879.984,2017-08-27
3751,OFF-SU-10002503,DR-12880,5,28.4,2017-08-27
3752,FUR-CH-10004886,DR-12880,3,230.28,2017-08-27
3753,OFF-PA-10001289,DR-12880,3,116.28,2017-08-27
3754,OFF-BI-10003650,DR-12880,2,841.568,2017-08-27
3755,OFF-ST-10001370,DR-12880,5,354.9,2017-08-27
3756,OFF-PA-10001892,JG-15310,7,42.784,2016-03-03
3757,FUR-CH-10004983,JG-15310,5,563.43,2016-03-03
3758,OFF-AR-10001615,LC-16870,7,111.104,2016-02-29
3759,OFF-AR-10003602,GB-14530,2,11.68,2015-09-18
3760,OFF-SU-10004782,GB-14530,2,16.9,2015-09-18
3761,FUR-FU-10001591,GB-14530,2,24.4,2015-09-18
3762,OFF-PA-10000659,CK-12205,5,87.6,2017-05-12
3763,FUR-BO-10001337,TS-21160,2,241.96,2016-08-13
3764,OFF-BI-10003529,TS-21160,3,8.52,2016-08-13
3765,OFF-BI-10002609,MH-18025,3,1.788,2017-02-25
3766,FUR-TA-10004767,DM-12955,2,99.372,2016-03-21
3767,OFF-AR-10001868,DM-12955,1,1.344,2016-03-21
3768,TEC-PH-10004896,JJ-15760,5,119.96,2015-12-08
3769,FUR-CH-10000988,KB-16585,9,1013.832,2014-12-16
3770,OFF-FA-10000490,KB-16585,2,1.984,2014-12-16
3771,FUR-TA-10004256,CM-12160,6,2003.52,2016-12-17
3772,OFF-ST-10004804,FM-14215,2,82.368,2016-05-12
3773,TEC-AC-10000023,RF-19735,3,62.91,2014-08-06
3774,OFF-FA-10001332,JK-15370,3,6.912,2014-04-11
3775,TEC-AC-10002001,JK-15370,3,383.976,2014-04-11
3776,OFF-PA-10000029,JK-15370,2,10.368,2014-04-11
3777,TEC-AC-10001874,JK-15370,7,335.944,2014-04-11
3778,FUR-FU-10002298,JB-16045,6,665.88,2015-05-03
3779,TEC-PH-10002564,PN-18775,3,71.976,2017-11-30
3780,OFF-PA-10003465,LF-17185,2,37.94,2017-02-16
3781,TEC-PH-10000038,RH-19510,2,273.96,2014-11-16
3782,TEC-PH-10003072,MC-17575,3,269.982,2015-07-09
3783,OFF-PA-10003424,MN-17935,3,8.904,2017-11-13
3784,OFF-ST-10003716,MN-17935,4,720.064,2017-11-13
3785,TEC-AC-10003590,EH-14125,2,41.424,2017-07-31
3786,OFF-BI-10000494,TC-21535,2,3.132,2017-12-26
3787,OFF-ST-10002615,JD-15895,7,1085.42,2016-10-31
3788,OFF-AR-10002804,IL-15100,1,3.912,2016-09-04
3789,OFF-AR-10001044,IL-15100,3,62.376,2016-09-04
3790,OFF-FA-10000134,SW-20350,5,29.05,2016-04-17
3791,OFF-BI-10001670,DP-13390,6,180.96,2014-07-05
3792,OFF-BI-10000343,BT-11395,3,4.419,2015-02-27
3793,OFF-AR-10002257,BT-11395,6,16.032,2015-02-27
3794,OFF-AR-10001915,JE-15475,3,29.79,2015-11-27
3795,OFF-ST-10003692,EJ-13720,1,57.23,2014-01-27
3796,FUR-TA-10003469,EJ-13720,3,333.0,2014-01-27
3797,OFF-AR-10003179,EJ-13720,4,36.44,2014-01-27
3798,OFF-PA-10003395,BE-11410,3,251.64,2017-09-23
3799,FUR-TA-10004575,KL-16555,3,523.764,2017-11-04
3800,TEC-PH-10002483,KL-16555,5,1359.96,2017-11-04
3801,FUR-CH-10003606,NC-18415,1,102.592,2016-10-14
3802,TEC-AC-10002473,NC-18415,1,22.704,2016-10-14
3803,OFF-PA-10002319,NC-18415,3,93.024,2016-10-14
3804,OFF-SU-10000946,NC-18415,2,12.768,2016-10-14
3805,OFF-EN-10001335,NC-18415,4,35.008,2016-10-14
3806,OFF-PA-10002377,NC-18415,1,39.152,2016-10-14
3807,OFF-AR-10001246,AH-10690,5,11.76,2015-11-12
3808,OFF-BI-10003291,AH-10690,2,5.238,2015-11-12
3809,OFF-BI-10002799,AH-10690,3,4.662,2015-11-12
3810,FUR-CH-10003298,AH-10690,5,523.92,2015-11-12
3811,TEC-PH-10000441,AH-10690,1,100.792,2015-11-12
3812,FUR-CH-10004477,AH-10690,3,146.136,2015-11-12
3813,OFF-LA-10003537,PK-19075,2,25.06,2017-03-05
3814,OFF-LA-10004484,NG-18430,6,19.824,2015-11-05
3815,TEC-PH-10002824,ZD-21925,5,823.96,2016-07-08
3816,OFF-PA-10004965,ZD-21925,2,15.984,2016-07-08
3817,FUR-TA-10003569,NW-18400,2,801.96,2015-09-15
3818,TEC-PH-10003187,NW-18400,3,59.97,2015-09-15
3819,FUR-CH-10004853,NW-18400,7,1056.86,2015-09-15
3820,OFF-BI-10001031,HG-14845,3,12.816,2017-10-09
3821,FUR-BO-10003034,HG-14845,3,314.352,2017-10-09
3822,OFF-PA-10000069,HG-14845,2,18.98,2017-10-09
3823,OFF-BI-10003655,HG-14845,6,18.24,2017-10-09
3824,OFF-ST-10000585,CC-12685,6,991.2,2015-09-14
3825,TEC-CO-10001571,CC-12685,2,879.984,2015-09-14
3826,OFF-BI-10002012,CC-12685,9,12.96,2015-09-14
3827,OFF-ST-10001228,JG-15805,10,107.44,2014-10-07
3828,FUR-CH-10004086,RW-19540,5,1458.65,2017-05-07
3829,FUR-CH-10002017,RW-19540,1,26.64,2017-05-07
3830,FUR-CH-10000595,RW-19540,2,476.8,2017-05-07
3831,OFF-AP-10001563,RW-19540,2,87.444,2017-05-07
3832,FUR-FU-10004017,LS-17230,3,76.14,2015-11-14
3833,OFF-BI-10002571,LS-17230,2,19.96,2015-11-14
3834,TEC-PH-10000560,MY-18295,5,1049.97,2014-11-24
3835,FUR-CH-10000847,MY-18295,3,611.058,2014-11-24
3836,OFF-FA-10000611,JM-15655,2,2.368,2014-04-08
3837,OFF-PA-10004733,JM-15655,3,19.008,2014-04-08
3838,TEC-PH-10001363,KM-16720,2,911.984,2014-07-26
3839,FUR-CH-10003312,KM-16720,3,674.352,2014-07-26
3840,FUR-FU-10004018,KM-16720,9,134.01,2014-07-26
3841,TEC-AC-10004814,KM-16720,3,170.97,2014-07-26
3842,FUR-CH-10002647,KE-16420,3,170.352,2014-06-08
3843,OFF-BI-10004140,TS-21370,2,7.184,2014-10-28
3844,OFF-SU-10002301,TS-21370,2,6.28,2014-10-28
3845,OFF-SU-10000646,TS-21370,2,480.74,2014-10-28
3846,FUR-BO-10001337,TS-21370,6,616.998,2014-10-28
3847,OFF-ST-10003442,TS-21370,5,141.4,2014-10-28
3848,OFF-ST-10001097,SZ-20035,3,501.81,2017-11-25
3849,OFF-BI-10004318,JE-15745,4,691.96,2017-09-22
3850,TEC-AC-10004633,JE-15745,5,34.95,2017-09-22
3851,OFF-PA-10001970,MS-17980,7,85.96,2015-12-04
3852,FUR-FU-10004006,DH-13675,2,85.3,2015-09-21
3853,OFF-BI-10001524,GT-14755,8,33.568,2017-11-26
3854,FUR-FU-10004164,GH-14410,1,4.95,2017-06-06
3855,OFF-ST-10002957,GH-14410,5,26.4,2017-06-06
3856,OFF-BI-10004364,DM-13015,3,3.564,2017-10-23
3857,TEC-PH-10002824,DM-13015,5,823.96,2017-10-23
3858,OFF-AR-10000634,DM-13015,3,10.272,2017-10-23
3859,TEC-AC-10001539,TC-21295,7,447.944,2014-12-20
3860,FUR-TA-10001932,JK-16120,3,480.96,2017-02-17
3861,TEC-PH-10002789,JK-16120,1,124.792,2017-02-17
3862,OFF-BI-10004828,NC-18415,3,40.176,2014-05-03
3863,OFF-BI-10003981,NC-18415,3,10.896,2014-05-03
3864,OFF-AR-10001770,AJ-10960,4,10.64,2017-10-17
3865,FUR-FU-10004904,LC-16885,5,151.96,2015-11-28
3866,TEC-AC-10002842,GW-14605,2,238.0,2014-07-27
3867,TEC-AC-10003590,SC-20305,6,155.34,2017-04-23
3868,TEC-AC-10000710,JF-15355,9,148.32,2015-10-23
3869,FUR-CH-10004495,JF-15355,1,240.784,2015-10-23
3870,FUR-CH-10004540,JF-15355,7,191.968,2015-10-23
3871,OFF-PA-10004971,JF-15355,2,11.56,2015-10-23
3872,OFF-EN-10002600,JF-15355,4,11.8,2015-10-23
3873,FUR-CH-10001854,JF-15355,3,842.352,2015-10-23
3874,OFF-EN-10001099,DM-13015,3,23.472,2016-09-05
3875,OFF-BI-10001597,DM-13015,7,86.058,2016-09-05
3876,TEC-PH-10002660,DM-13015,2,108.784,2016-09-05
3877,OFF-PA-10000327,DM-13015,3,10.272,2016-09-05
3878,OFF-BI-10001191,EP-13915,5,38.19,2016-10-28
3879,OFF-ST-10003455,JG-15805,4,49.632,2014-04-05
3880,OFF-ST-10001031,JG-15805,4,52.096,2014-04-05
3881,OFF-PA-10002245,PF-19120,2,9.568,2015-06-15
3882,OFF-ST-10004804,PF-19120,2,82.368,2015-06-15
3883,FUR-FU-10004904,PF-19120,6,364.704,2015-06-15
3884,FUR-FU-10002396,PF-19120,4,40.256,2015-06-15
3885,OFF-AR-10002833,DW-13195,3,4.368,2014-07-05
3886,OFF-BI-10001072,CK-12595,4,12.128,2017-01-29
3887,TEC-PH-10003171,CC-12670,3,134.85,2016-03-03
3888,OFF-AR-10004511,SV-20785,2,8.56,2014-06-02
3889,TEC-PH-10001425,SV-20785,3,239.97,2014-06-02
3890,OFF-ST-10001490,SV-20785,2,356.94,2014-06-02
3891,TEC-AC-10003033,SP-20860,2,659.9,2016-11-24
3892,FUR-CH-10001394,SP-20860,6,1684.752,2016-11-24
3893,TEC-AC-10000420,SP-20860,8,559.92,2016-11-24
3894,TEC-AC-10004901,MS-17770,7,279.944,2016-11-10
3895,OFF-BI-10002571,TC-21475,5,9.98,2014-11-22
3896,TEC-AC-10002331,SJ-20125,5,48.9,2017-05-01
3897,OFF-FA-10000611,DS-13180,3,3.552,2017-12-07
3898,OFF-PA-10000304,DS-13180,3,15.552,2017-12-07
3899,OFF-FA-10000611,SC-20800,2,2.368,2017-11-30
3900,TEC-AC-10002567,SH-20395,2,127.984,2017-12-07
3901,OFF-PA-10001937,SF-20965,2,10.368,2015-01-03
3902,TEC-AC-10001090,MG-17680,2,47.984,2015-11-14
3903,OFF-ST-10000943,CS-12400,14,270.34,2015-10-02
3904,OFF-AP-10004036,VT-21700,7,98.112,2015-04-05
3905,OFF-ST-10003816,VT-21700,4,563.808,2015-04-05
3906,OFF-BI-10002072,VT-21700,4,10.428,2015-04-05
3907,FUR-FU-10001468,VT-21700,4,547.136,2015-04-05
3908,TEC-PH-10000347,VT-21700,5,14.85,2015-04-05
3909,TEC-PH-10002844,VT-21700,2,41.988,2015-04-05
3910,FUR-FU-10001037,VT-21700,1,7.584,2015-04-05
3911,FUR-BO-10004218,VT-21700,5,352.45,2015-04-05
3912,TEC-PH-10001619,AB-10105,3,470.376,2017-06-05
3913,OFF-PA-10001639,MM-18280,3,19.44,2017-09-18
3914,FUR-FU-10002268,MM-18280,2,9.82,2017-09-18
3915,FUR-TA-10001932,ML-17410,5,801.6,2017-07-18
3916,FUR-CH-10004218,ML-17410,2,161.568,2017-07-18
3917,OFF-PA-10000246,ML-17410,2,16.096,2017-07-18
3918,OFF-BI-10003350,ML-17410,4,7.656,2017-07-18
3919,FUR-CH-10000513,ML-17410,3,311.976,2017-07-18
3920,OFF-ST-10001321,KD-16495,4,61.68,2015-12-01
3921,OFF-BI-10004233,KD-16495,4,63.96,2015-12-01
3922,TEC-PH-10001299,RF-19735,3,359.976,2016-06-28
3923,OFF-PA-10002479,SC-20305,6,25.344,2017-08-28
3924,OFF-PA-10001461,SC-20305,5,26.72,2017-08-28
3925,OFF-ST-10004963,BN-11515,2,30.28,2014-09-17
3926,OFF-ST-10000943,BN-11515,3,57.93,2014-09-17
3927,FUR-FU-10004671,BN-11515,2,35.34,2014-09-17
3928,OFF-BI-10002735,BN-11515,5,137.24,2014-09-17
3929,FUR-BO-10004409,JS-15880,5,241.332,2016-03-14
3930,OFF-PA-10001934,JS-15880,1,5.184,2016-03-14
3931,OFF-AR-10001044,JS-15880,7,145.544,2016-03-14
3932,OFF-AR-10004165,VG-21805,3,5.472,2016-08-26
3933,TEC-AC-10001109,VG-21805,2,47.984,2016-08-26
3934,OFF-AR-10001919,AW-10840,5,9.4,2017-09-02
3935,OFF-LA-10004544,AW-10840,5,74.0,2017-09-02
3936,TEC-PH-10003484,AW-10840,2,201.584,2017-09-02
3937,OFF-EN-10001028,LS-17230,3,28.752,2015-06-16
3938,OFF-PA-10004156,LS-17230,3,27.216,2015-06-16
3939,FUR-CH-10001708,LS-17230,2,197.372,2015-06-16
3940,FUR-CH-10003379,MH-17455,5,1424.9,2016-12-10
3941,FUR-FU-10002456,TS-21340,2,14.56,2017-05-18
3942,OFF-BI-10000605,TS-21340,1,3.048,2017-05-18
3943,OFF-PA-10001166,EH-13945,5,25.92,2017-05-27
3944,OFF-SU-10000157,MG-17695,7,835.17,2016-06-23
3945,OFF-PA-10004971,DO-13435,3,17.34,2016-05-16
3946,OFF-PA-10001977,AF-10870,1,44.384,2017-11-18
3947,OFF-SU-10001225,AF-10870,1,2.944,2017-11-18
3948,OFF-AR-10003514,SN-20710,2,6.368,2016-11-18
3949,OFF-LA-10003510,SN-20710,2,48.848,2016-11-18
3950,OFF-PA-10001970,SN-20710,2,19.648,2016-11-18
3951,FUR-CH-10003817,SN-20710,6,255.108,2016-11-18
3952,OFF-BI-10003676,MO-17500,2,17.248,2014-11-28
3953,TEC-PH-10003535,ON-18715,2,159.984,2016-03-01
3954,OFF-PA-10004675,SC-20095,2,12.7,2017-01-15
3955,FUR-FU-10004020,MS-17710,1,5.47,2014-04-04
3956,OFF-AR-10001955,MS-17710,4,79.36,2014-04-04
3957,FUR-FU-10002364,DN-13690,3,22.14,2016-06-26
3958,OFF-BI-10002414,RB-19360,3,11.277,2016-05-29
3959,OFF-AR-10003732,RB-19360,2,4.448,2016-05-29
3960,FUR-FU-10001085,RB-19360,3,44.76,2016-05-29
3961,OFF-BI-10001249,NH-18610,6,38.28,2015-10-19
3962,TEC-PH-10002564,NH-18610,5,149.95,2015-10-19
3963,OFF-AR-10000634,ED-13885,3,12.84,2017-02-19
3964,FUR-FU-10004018,ED-13885,3,44.67,2017-02-19
3965,OFF-AR-10003481,PW-19240,3,7.872,2016-09-22
3966,OFF-AR-10003651,DM-13345,3,7.872,2014-11-12
3967,OFF-AR-10002956,DW-13540,4,88.04,2016-04-01
3968,OFF-BI-10003638,EH-14125,7,40.635,2016-05-20
3969,OFF-BI-10001890,KE-16420,8,5.728,2015-06-01
3970,OFF-PA-10002606,KE-16420,10,42.24,2015-06-01
3971,OFF-PA-10002245,SP-20920,9,53.82,2014-11-22
3972,OFF-AR-10001615,PS-19045,4,79.36,2015-02-22
3973,OFF-PA-10000466,JM-15250,2,13.48,2016-03-29
3974,OFF-BI-10003708,JM-15250,5,29.8,2016-03-29
3975,FUR-FU-10004848,JM-15250,8,414.0,2016-03-29
3976,OFF-BI-10000320,JM-15250,7,41.328,2016-03-29
3977,FUR-FU-10003731,EB-13930,4,39.92,2016-10-22
3978,OFF-FA-10002780,FG-14260,3,8.94,2017-10-02
3979,TEC-PH-10003800,FG-14260,2,84.784,2017-10-02
3980,FUR-TA-10001676,TH-21235,2,53.316,2014-12-23
3981,OFF-AP-10002350,TH-21235,3,56.52,2014-12-23
3982,FUR-FU-10003096,PL-18925,3,22.77,2017-12-15
3983,FUR-CH-10003061,CC-12370,4,287.968,2016-07-07
3984,TEC-CO-10003763,CC-12370,5,2799.96,2016-07-07
3985,OFF-PA-10002923,CC-12370,1,48.94,2016-07-07
3986,FUR-BO-10003441,JM-15535,3,257.499,2016-04-17
3987,OFF-ST-10001780,KF-16285,4,2591.56,2017-04-08
3988,OFF-AP-10001962,KF-16285,5,41.95,2017-04-08
3989,FUR-FU-10003798,CS-12175,5,79.12,2016-04-17
3990,FUR-FU-10001095,AR-10540,2,52.96,2014-11-25
3991,OFF-SU-10000157,MS-17770,3,286.344,2014-11-03
3992,FUR-FU-10001095,DB-13120,3,63.552,2015-05-01
3993,OFF-SU-10004261,DB-13120,3,41.376,2015-05-01
3994,OFF-AR-10004022,DB-13120,6,172.704,2015-05-01
3995,FUR-BO-10002916,DK-12895,3,512.94,2015-03-08
3996,FUR-CH-10002084,DK-12895,7,860.93,2015-03-08
3997,TEC-PH-10003012,DK-12895,5,769.95,2015-03-08
3998,OFF-AR-10002704,DK-12895,1,14.98,2015-03-08
3999,FUR-FU-10000308,DK-12895,6,373.08,2015-03-08
4000,FUR-BO-10004709,MP-17965,5,231.92,2015-07-17
4001,FUR-FU-10001196,Dp-13240,11,63.47,2014-10-11
4002,TEC-AC-10002942,Dp-13240,5,345.0,2014-10-11
4003,FUR-TA-10004915,CC-12220,3,637.896,2016-03-03
4004,TEC-MA-10001016,CC-12220,3,287.91,2016-03-03
4005,OFF-EN-10000483,CC-12220,3,36.6,2016-03-03
4006,OFF-AR-10003087,KM-16660,1,1.78,2015-12-10
4007,OFF-PA-10000520,KM-16660,4,25.92,2015-12-10
4008,TEC-AC-10001553,KM-16660,6,101.94,2015-12-10
4009,OFF-AR-10000634,MK-17905,2,6.848,2015-12-18
4010,FUR-FU-10001215,SC-20725,11,474.43,2017-01-01
4011,OFF-PA-10001204,CC-12475,2,8.448,2017-11-21
4012,OFF-ST-10002444,CC-12475,4,39.296,2017-11-21
4013,OFF-AR-10000203,BT-11305,4,17.12,2015-12-22
4014,OFF-AP-10000828,FH-14350,3,542.94,2015-08-23
4015,OFF-LA-10003190,FH-14350,3,8.64,2015-08-23
4016,OFF-PA-10002319,FH-14350,5,193.8,2015-08-23
4017,OFF-PA-10003893,FH-14350,5,21.4,2015-08-23
4018,OFF-PA-10002499,FH-14350,2,97.88,2015-08-23
4019,TEC-AC-10004568,FH-14350,9,251.91,2015-08-23
4020,OFF-AP-10001492,FH-14350,3,25.86,2015-08-23
4021,FUR-CH-10004698,AA-10645,3,170.058,2014-06-22
4022,TEC-PH-10004093,AA-10645,3,82.782,2014-06-22
4023,FUR-CH-10000454,AA-10645,5,853.93,2014-06-22
4024,FUR-BO-10003034,JO-15145,5,556.665,2017-10-27
4025,TEC-PH-10003215,JO-15145,4,95.84,2017-10-27
4026,OFF-PA-10001776,SF-20965,4,29.664,2017-08-11
4027,OFF-AR-10004582,SF-20965,7,9.184,2017-08-11
4028,TEC-PH-10001557,SF-20965,2,153.584,2017-08-11
4029,OFF-BI-10004209,SF-20965,8,12.864,2017-08-11
4030,TEC-MA-10003183,CS-12355,3,479.97,2017-12-24
4031,FUR-CH-10002439,CS-12355,4,232.88,2017-12-24
4032,OFF-AP-10000576,SN-20710,6,236.88,2016-09-26
4033,OFF-PA-10004040,SN-20710,5,29.9,2016-09-26
4034,TEC-AC-10003063,SN-20710,4,100.0,2016-09-26
4035,OFF-BI-10003982,JM-15655,3,18.693,2016-12-12
4036,TEC-AC-10002567,JM-15655,6,383.952,2016-12-12
4037,OFF-ST-10004950,FH-14350,2,24.816,2015-12-28
4038,FUR-FU-10000550,AJ-10795,5,24.9,2014-12-29
4039,OFF-PA-10000528,AJ-10795,4,21.12,2014-12-29
4040,TEC-MA-10003183,AJ-10795,6,767.952,2014-12-29
4041,OFF-BI-10003305,AJ-10795,3,14.352,2014-12-29
4042,TEC-PH-10001425,AJ-10795,3,191.976,2014-12-29
4043,OFF-LA-10001474,AJ-10795,9,274.77,2014-12-29
4044,FUR-FU-10000672,AJ-10795,6,70.56,2014-12-29
4045,FUR-FU-10001979,JF-15565,5,204.85,2015-06-25
4046,OFF-BI-10003707,CS-11845,3,9.156,2015-04-02
4047,OFF-AP-10002191,SP-20920,2,23.992,2017-10-21
4048,OFF-PA-10000501,KE-16420,3,80.88,2015-07-16
4049,TEC-AC-10001990,KE-16420,10,599.9,2015-07-16
4050,FUR-FU-10003601,GA-14515,3,276.69,2017-06-24
4051,FUR-CH-10001891,GA-14515,2,172.764,2017-06-24
4052,OFF-AR-10003469,SM-20950,3,4.224,2014-09-29
4053,FUR-TA-10004175,SM-20950,2,409.272,2014-09-29
4054,OFF-LA-10002945,SM-20950,11,55.44,2014-09-29
4055,OFF-PA-10000533,SM-20950,4,20.928,2014-09-29
4056,OFF-ST-10004459,SM-20950,6,1801.632,2014-09-29
4057,FUR-TA-10004147,SM-20950,1,67.176,2014-09-29
4058,OFF-ST-10000046,DK-12985,5,646.2,2014-11-24
4059,TEC-PH-10004774,LC-16885,7,72.744,2015-11-20
4060,FUR-CH-10000595,LC-16885,3,572.16,2015-11-20
4061,TEC-AC-10002473,XP-21865,3,68.112,2016-11-01
4062,OFF-BI-10001628,CS-11845,3,25.032,2015-09-17
4063,TEC-AC-10002800,BD-11770,1,39.992,2016-03-10
4064,OFF-AR-10002766,DL-13330,9,20.016,2014-06-23
4065,OFF-SU-10002522,DL-13330,1,3.104,2014-06-23
4066,OFF-FA-10003021,KH-16630,5,7.52,2014-11-01
4067,OFF-AR-10000634,KH-16630,3,10.272,2014-11-01
4068,OFF-LA-10001771,KH-16630,12,47.808,2014-11-01
4069,TEC-PH-10004434,KH-16630,9,978.84,2014-11-01
4070,OFF-BI-10000050,TP-21415,9,13.14,2016-08-28
4071,OFF-BI-10002414,TP-21415,4,10.024,2016-08-28
4072,FUR-BO-10003159,TP-21415,2,156.3728,2016-08-28
4073,TEC-CO-10002095,NP-18685,2,999.98,2015-12-06
4074,TEC-PH-10004120,SC-20680,6,821.94,2015-09-24
4075,FUR-FU-10003553,DK-12895,4,220.064,2017-11-15
4076,FUR-FU-10001488,DK-12895,4,339.136,2017-11-15
4077,OFF-BI-10003094,SM-20950,2,7.04,2015-12-19
4078,OFF-FA-10003472,SM-20950,4,5.04,2015-12-19
4079,OFF-PA-10001289,SM-20950,3,116.28,2015-12-19
4080,TEC-PH-10002293,LS-17245,3,47.976,2015-12-21
4081,OFF-PA-10000380,KE-16420,9,60.048,2016-09-25
4082,OFF-BI-10004828,KE-16420,1,5.022,2016-09-25
4083,OFF-BI-10004632,MC-17635,3,182.994,2017-06-24
4084,OFF-PA-10000327,MC-17635,3,10.272,2017-06-24
4085,OFF-BI-10003291,Dp-13240,3,7.857,2017-09-07
4086,TEC-PH-10002275,LC-16930,2,302.384,2016-08-04
4087,OFF-BI-10003291,LC-16930,3,20.952,2016-08-04
4088,OFF-BI-10000343,LC-16930,3,11.784,2016-08-04
4089,FUR-BO-10000711,LH-16900,9,638.82,2014-08-19
4090,OFF-LA-10001297,TB-21175,2,20.7,2016-04-01
4091,OFF-SU-10001574,TB-21175,3,10.95,2016-04-01
4092,OFF-BI-10003305,TB-21175,3,14.352,2016-04-01
4093,OFF-ST-10002574,JM-15865,2,221.024,2017-05-16
4094,TEC-MA-10000864,KW-16435,7,3080.0,2015-08-24
4095,TEC-AC-10003289,KW-16435,4,79.96,2015-08-24
4096,TEC-PH-10001619,KW-16435,3,587.97,2015-08-24
4097,OFF-PA-10004888,SC-20095,5,32.4,2014-09-23
4098,OFF-ST-10000736,SC-20095,5,404.9,2014-09-23
4099,OFF-BI-10001120,SC-20095,5,9449.95,2014-09-23
4100,OFF-BI-10000301,SC-20095,2,12.94,2014-09-23
4101,OFF-AP-10004655,ZC-21910,1,2.264,2017-06-19
4102,OFF-AP-10002906,ZC-21910,1,0.444,2017-06-19
4103,OFF-PA-10000740,ZC-21910,8,146.176,2017-06-19
4104,FUR-FU-10001940,RB-19465,2,15.92,2017-12-21
4105,TEC-PH-10000439,JK-15370,5,159.96,2017-08-07
4106,OFF-BI-10000404,JK-15370,2,13.76,2017-08-07
4107,OFF-BI-10003676,DD-13570,2,4.312,2016-08-22
4108,OFF-ST-10002486,MC-17275,2,13.96,2015-09-07
4109,FUR-TA-10003837,MC-17275,3,27.414,2015-09-07
4110,TEC-PH-10002923,DL-13495,2,73.98,2015-12-25
4111,FUR-BO-10004360,DL-13495,1,160.98,2015-12-25
4112,OFF-PA-10002160,DL-13495,3,17.34,2015-12-25
4113,OFF-AR-10002375,DL-13495,1,3.28,2015-12-25
4114,OFF-LA-10000443,NC-18625,3,8.856,2015-05-02
4115,TEC-PH-10001750,NC-18625,3,158.376,2015-05-02
4116,OFF-BI-10004632,AC-10450,5,1219.96,2016-11-24
4117,OFF-BI-10002813,TS-21340,2,3.168,2015-11-24
4118,OFF-PA-10002005,TS-21340,3,19.44,2015-11-24
4119,OFF-ST-10000060,TS-21340,7,454.86,2015-11-24
4120,OFF-BI-10002706,TS-21340,8,91.392,2015-11-24
4121,TEC-AC-10000199,MM-17920,4,19.04,2017-09-04
4122,OFF-PA-10002870,LP-17080,6,37.44,2017-05-11
4123,OFF-LA-10004545,LP-17080,3,37.59,2017-05-11
4124,OFF-BI-10000962,LP-17080,2,26.032,2017-05-11
4125,OFF-AP-10004249,BG-11695,3,35.91,2014-05-11
4126,FUR-FU-10001602,MG-18145,3,91.032,2017-07-27
4127,OFF-AR-10003179,GZ-14470,6,54.66,2017-05-06
4128,OFF-ST-10003722,JL-15835,6,67.344,2014-09-19
4129,TEC-MA-10001127,JL-15835,3,2624.985,2014-09-19
4130,OFF-AP-10001947,DO-13435,4,73.28,2015-03-29
4131,OFF-BI-10001107,AB-10600,5,14.48,2014-11-18
4132,OFF-PA-10000349,KB-16315,3,11.952,2015-07-02
4133,OFF-PA-10003349,KB-16315,3,15.552,2015-07-02
4134,OFF-FA-10002280,TT-21070,9,45.0,2014-09-08
4135,TEC-MA-10000029,TT-21070,3,209.97,2014-09-08
4136,OFF-BI-10002854,PV-18985,5,112.12,2017-10-02
4137,OFF-ST-10003716,PV-18985,7,1575.14,2017-10-02
4138,OFF-FA-10000624,DD-13570,7,25.06,2017-11-19
4139,OFF-BI-10004654,KD-16495,6,6.924,2016-12-30
4140,OFF-ST-10001228,RA-19285,3,37.392,2017-12-01
4141,FUR-FU-10003798,RA-19285,5,79.12,2017-12-01
4142,OFF-LA-10003148,SS-20590,3,18.9,2016-06-13
4143,OFF-BI-10001249,JH-15820,9,57.42,2014-05-19
4144,OFF-AR-10003759,EH-14125,7,12.74,2017-01-30
4145,OFF-AR-10001227,EH-14125,3,8.82,2017-01-30
4146,FUR-CH-10000863,EH-14125,1,120.784,2017-01-30
4147,FUR-FU-10004017,TP-21415,3,322.59,2015-11-28
4148,OFF-BI-10000962,RB-19330,3,9.762,2017-10-23
4149,OFF-ST-10004507,RB-19330,1,13.72,2017-10-23
4150,TEC-AC-10002942,RB-19330,1,55.2,2017-10-23
4151,OFF-ST-10002344,RB-19330,4,259.136,2017-10-23
4152,OFF-LA-10002475,CB-12025,5,29.24,2017-09-07
4153,OFF-PA-10003072,CB-12025,3,15.552,2017-09-07
4154,OFF-EN-10001509,CB-12025,3,4.896,2017-09-07
4155,OFF-BI-10004781,MP-17965,4,38.088,2016-12-29
4156,OFF-BI-10000145,MP-17965,3,2.808,2016-12-29
4157,TEC-AC-10003280,SW-20245,2,47.984,2015-12-05
4158,OFF-BI-10001107,SW-20245,6,26.064,2015-12-05
4159,OFF-PA-10000533,SM-20950,3,15.696,2014-11-01
4160,OFF-AR-10003056,AP-10915,3,12.84,2016-04-16
4161,TEC-PH-10002834,AH-10465,3,539.97,2017-05-14
4162,OFF-ST-10002214,AH-10465,2,22.58,2017-05-14
4163,OFF-LA-10004484,EP-13915,4,16.52,2015-03-14
4164,OFF-BI-10003091,EP-13915,3,671.94,2015-03-14
4165,TEC-AC-10003027,TP-21565,7,169.064,2017-01-14
4166,OFF-ST-10003638,TP-21565,9,168.624,2017-01-14
4167,OFF-PA-10003848,AR-10825,3,19.44,2015-03-08
4168,OFF-ST-10002352,HA-14920,4,31.92,2014-10-11
4169,FUR-CH-10000229,HA-14920,2,433.568,2014-10-11
4170,OFF-PA-10000788,HJ-14875,6,31.104,2015-04-13
4171,OFF-PA-10002968,HJ-14875,3,54.816,2015-04-13
4172,OFF-ST-10002486,JK-15370,7,48.86,2017-11-16
4173,OFF-BI-10002215,JF-15355,2,14.2,2016-07-01
4174,OFF-PA-10000788,JF-15355,2,12.96,2016-07-01
4175,OFF-BI-10003364,JF-15355,2,58.34,2016-07-01
4176,OFF-AR-10003582,EK-13795,2,56.3,2015-11-29
4177,TEC-PH-10003273,RS-19765,5,629.95,2014-04-07
4178,OFF-PA-10000100,RS-19765,3,122.97,2014-04-07
4179,OFF-PA-10001776,BD-11320,5,46.35,2016-06-16
4180,OFF-BI-10004182,BF-11170,9,14.976,2017-03-06
4181,OFF-BI-10000756,JK-15730,5,4.24,2017-10-07
4182,TEC-AC-10001539,CR-12820,4,319.96,2017-10-06
4183,OFF-PA-10002377,CR-12820,3,17.04,2017-10-06
4184,OFF-ST-10000991,CR-12820,3,344.91,2017-10-06
4185,FUR-BO-10002853,AG-10300,1,81.94,2016-12-05
4186,TEC-AC-10004510,CM-12160,6,98.16,2016-10-21
4187,OFF-BI-10003712,SG-20890,7,6.874,2017-05-18
4188,OFF-BI-10002571,SG-20890,1,1.996,2017-05-18
4189,OFF-ST-10004835,SG-20890,2,8.928,2017-05-18
4190,OFF-PA-10004022,CS-12175,1,9.99,2016-09-26
4191,TEC-CO-10004722,HL-15040,3,10499.97,2017-11-17
4192,OFF-PA-10004248,DM-13015,5,21.12,2015-07-08
4193,FUR-TA-10000577,HK-14890,2,696.42,2015-11-16
4194,TEC-PH-10001254,HK-14890,3,304.776,2015-11-16
4195,OFF-AR-10001044,BG-11740,2,51.98,2015-06-18
4196,FUR-FU-10002597,CK-12595,5,24.7,2016-04-08
4197,OFF-LA-10004093,RF-19735,3,21.93,2015-04-18
4198,OFF-AP-10000179,CJ-12010,4,394.816,2016-12-03
4199,OFF-BI-10001072,CJ-12010,4,18.192,2016-12-03
4200,OFF-LA-10004093,MA-17560,1,7.31,2015-12-10
4201,TEC-CO-10002095,MA-17560,2,799.984,2015-12-10
4202,OFF-PA-10002713,MA-17560,6,41.28,2015-12-10
4203,OFF-PA-10002254,MA-17560,7,184.66,2015-12-10
4204,OFF-AR-10001683,AM-10705,5,49.25,2014-10-31
4205,OFF-PA-10002195,AM-10705,2,10.16,2014-10-31
4206,FUR-FU-10002364,AM-10705,2,14.76,2014-10-31
4207,OFF-BI-10004001,AM-10705,2,34.08,2014-10-31
4208,FUR-FU-10000023,AM-10705,3,17.67,2014-10-31
4209,FUR-CH-10002320,AM-10705,5,1604.9,2014-10-31
4210,FUR-TA-10003238,AM-10705,1,385.686,2014-10-31
4211,OFF-PA-10004965,AH-10585,2,15.984,2017-12-09
4212,OFF-PA-10003016,PF-19120,3,9.42,2014-05-05
4213,OFF-AR-10003651,PF-19120,2,6.56,2014-05-05
4214,OFF-PA-10001363,PF-19120,2,24.56,2014-05-05
4215,OFF-BI-10003876,RD-19480,3,128.4,2016-03-04
4216,OFF-EN-10004007,JL-15505,4,62.28,2014-11-30
4217,OFF-LA-10002271,AB-10600,3,9.24,2015-02-18
4218,FUR-BO-10003894,NC-18535,8,482.664,2017-04-01
4219,TEC-MA-10000418,NC-18535,2,4799.984,2017-04-01
4220,OFF-PA-10004243,TB-21400,2,37.94,2017-06-11
4221,OFF-BI-10001759,TB-21400,6,18.288,2017-06-11
4222,TEC-MA-10001570,TB-21400,5,385.8,2017-06-11
4223,OFF-ST-10004804,TB-21400,2,102.96,2017-06-11
4224,FUR-BO-10001519,TB-21400,3,174.42,2017-06-11
4225,OFF-BI-10000343,SJ-20215,2,1.964,2016-09-30
4226,FUR-FU-10003930,EB-13840,3,94.428,2014-12-13
4227,OFF-FA-10004854,WB-21850,4,45.92,2017-11-11
4228,FUR-CH-10003396,SR-20740,1,61.584,2015-01-05
4229,OFF-PA-10001994,VG-21805,1,22.48,2016-03-24
4230,FUR-FU-10003601,LS-16945,9,332.028,2017-07-05
4231,OFF-BI-10003429,LS-16945,9,11.394,2017-07-05
4232,OFF-PA-10000232,LS-16945,3,15.552,2017-07-05
4233,OFF-PA-10002195,LS-16945,6,31.104,2017-07-05
4234,OFF-BI-10004492,LS-16945,1,6.316,2017-07-05
4235,OFF-PA-10004000,MA-17560,3,11.352,2014-09-21
4236,OFF-LA-10004425,MA-17560,9,20.808,2014-09-21
4237,OFF-BI-10000948,NF-18475,4,11.416,2016-07-23
4238,OFF-AR-10001972,MD-17860,7,9.408,2017-08-29
4239,OFF-AR-10004587,MZ-17335,1,19.83,2017-03-26
4240,OFF-PA-10000994,KB-16600,2,209.7,2017-12-29
4241,OFF-AP-10001366,MA-17995,4,43.92,2014-09-20
4242,OFF-BI-10001636,MA-17995,3,20.232,2014-09-20
4243,TEC-PH-10001448,ME-17320,3,149.97,2016-04-04
4244,OFF-PA-10001776,ME-17320,3,27.81,2016-04-04
4245,TEC-AC-10002323,JD-15895,3,66.3,2014-03-26
4246,OFF-AR-10004582,LS-16975,1,1.64,2017-11-28
4247,FUR-FU-10000576,LS-16975,5,1049.2,2017-11-28
4248,FUR-FU-10004270,LS-16975,5,20.9,2017-11-28
4249,OFF-BI-10004236,SJ-20500,6,88.08,2016-12-01
4250,FUR-CH-10004997,SJ-20500,4,751.92,2016-12-01
4251,FUR-CH-10000988,BS-11365,7,887.103,2014-09-19
4252,TEC-PH-10004897,RA-19285,7,55.944,2015-10-23
4253,OFF-AR-10002656,RA-19285,2,10.688,2015-10-23
4254,TEC-PH-10004924,RA-19285,2,11.824,2015-10-23
4255,OFF-PA-10003127,TS-21610,3,63.312,2017-10-13
4256,OFF-BI-10000778,TS-21610,4,96.784,2017-10-13
4257,FUR-FU-10001424,TS-21610,3,10.476,2017-10-13
4258,OFF-BI-10000962,KB-16585,2,9.762,2015-09-04
4259,FUR-CH-10002880,MM-18280,2,196.784,2016-03-14
4260,OFF-EN-10004386,LO-17170,2,47.98,2017-10-28
4261,OFF-LA-10001045,RS-19420,5,13.05,2017-10-15
4262,TEC-AC-10002006,CC-12475,4,63.96,2017-08-07
4263,OFF-AP-10001242,KT-16480,1,80.48,2017-09-21
4264,OFF-BI-10000216,DM-13015,3,11.673,2017-11-03
4265,FUR-TA-10002774,EP-13915,8,863.128,2016-11-05
4266,OFF-BI-10004364,EP-13915,3,3.564,2016-11-05
4267,FUR-BO-10000780,EP-13915,7,956.6648,2016-11-05
4268,OFF-BI-10001989,EP-13915,3,12.588,2016-11-05
4269,TEC-AC-10004001,EP-13915,5,171.96,2016-11-05
4270,FUR-TA-10000688,AM-10705,4,871.4,2017-06-25
4271,FUR-FU-10003930,SH-20635,11,692.472,2015-11-26
4272,FUR-FU-10000965,LA-16780,4,207.76,2016-11-24
4273,TEC-PH-10004071,SF-20200,9,71.928,2017-07-21
4274,OFF-AR-10001044,SF-20200,1,25.99,2017-07-21
4275,OFF-BI-10004140,AG-10495,1,3.592,2015-10-23
4276,OFF-AP-10002684,KN-16450,2,48.632,2015-07-09
4277,OFF-ST-10000046,NF-18595,2,323.1,2017-08-18
4278,TEC-MA-10001047,BS-11365,7,9099.93,2016-04-16
4279,FUR-FU-10000550,BS-11365,2,9.96,2016-04-16
4280,OFF-BI-10002432,BS-11365,5,25.3,2016-04-16
4281,OFF-PA-10004470,RM-19675,2,11.36,2014-11-14
4282,FUR-CH-10001797,RM-19675,2,69.264,2014-11-14
4283,OFF-LA-10003720,AB-10105,1,3.69,2014-12-20
4284,OFF-BI-10004600,AB-10105,3,1103.97,2014-12-20
4285,FUR-BO-10003965,CA-11965,2,246.1328,2015-11-21
4286,OFF-LA-10000240,CA-11965,2,11.696,2015-11-21
4287,TEC-CO-10001571,CA-11965,1,439.992,2015-11-21
4288,OFF-ST-10000736,EH-14005,1,64.784,2017-12-28
4289,OFF-BI-10002082,ON-18715,5,33.28,2015-05-17
4290,OFF-PA-10002250,ON-18715,3,14.088,2015-05-17
4291,OFF-AR-10000122,AT-10435,2,11.16,2017-12-09
4292,FUR-TA-10003748,AT-10435,9,896.328,2017-12-09
4293,OFF-AP-10001394,AT-10435,1,189.0,2017-12-09
4294,TEC-PH-10004896,EB-13870,3,53.982,2017-03-10
4295,FUR-TA-10002607,DW-13195,5,177.225,2017-10-22
4296,FUR-FU-10001215,MB-17305,3,129.39,2017-07-03
4297,OFF-ST-10000419,TH-21235,4,54.32,2017-09-04
4298,TEC-PH-10001459,PO-18850,13,4367.896,2017-08-23
4299,OFF-PA-10000241,PO-18850,2,49.568,2017-08-23
4300,OFF-AP-10003040,PO-18850,6,161.376,2017-08-23
4301,FUR-FU-10001852,PO-18850,2,2.784,2017-08-23
4302,OFF-PA-10000141,PO-18850,5,8.72,2017-08-23
4303,OFF-AR-10002804,DE-13255,1,3.912,2014-08-22
4304,OFF-EN-10003862,MO-17500,7,59.752,2016-10-04
4305,FUR-FU-10000448,AH-10585,4,63.92,2014-10-26
4306,TEC-PH-10000526,AH-10585,5,383.96,2014-10-26
4307,OFF-BI-10002764,CS-12250,3,7.752,2016-06-28
4308,OFF-BI-10001524,CS-12250,2,33.568,2016-06-28
4309,TEC-PH-10001079,WB-21850,7,666.344,2014-11-04
4310,FUR-TA-10002041,WB-21850,4,573.728,2014-11-04
4311,OFF-BI-10001036,WB-21850,3,21.936,2014-11-04
4312,OFF-PA-10000223,WB-21850,3,19.44,2014-11-04
4313,TEC-MA-10003246,WB-21850,4,447.968,2014-11-04
4314,OFF-AP-10001962,SP-20620,2,16.78,2014-09-08
4315,OFF-AR-10004062,AB-10165,2,20.96,2015-06-25
4316,OFF-BI-10004330,AB-10165,3,88.752,2015-06-25
4317,OFF-ST-10001963,AB-10165,3,304.23,2015-06-25
4318,OFF-EN-10002230,HA-14920,2,167.86,2015-07-26
4319,FUR-FU-10000175,DC-13285,6,82.38,2017-12-07
4320,TEC-PH-10004897,ST-20530,3,23.976,2014-12-29
4321,OFF-ST-10003123,ST-20530,1,33.29,2014-12-29
4322,OFF-BI-10001658,KB-16315,2,14.952,2015-02-14
4323,TEC-PH-10002834,KB-16315,3,323.982,2015-02-14
4324,OFF-BI-10002160,KB-16315,2,2.286,2015-02-14
4325,OFF-AR-10004999,KB-16315,3,14.352,2015-02-14
4326,TEC-AC-10003280,KB-16315,3,71.976,2015-02-14
4327,OFF-AR-10000315,TB-21355,3,9.21,2016-01-25
4328,OFF-PA-10000007,TB-21355,5,18.0,2016-01-25
4329,OFF-PA-10000791,JC-15775,9,42.93,2017-04-01
4330,OFF-PA-10000556,PO-18850,3,15.552,2017-10-03
4331,OFF-AP-10000804,PO-18850,5,17.92,2017-10-03
4332,TEC-AC-10001998,SS-20875,1,19.99,2017-09-01
4333,OFF-BI-10003476,SS-20875,5,22.92,2017-09-01
4334,TEC-AC-10003237,RD-19720,6,50.88,2015-12-21
4335,OFF-EN-10003798,RD-19720,2,27.312,2015-12-21
4336,OFF-EN-10003068,GZ-14470,1,7.92,2015-12-20
4337,FUR-FU-10002088,GZ-14470,2,14.368,2015-12-20
4338,TEC-AC-10000158,SN-20710,3,107.97,2015-11-27
4339,OFF-PA-10000482,SN-20710,3,113.82,2015-11-27
4340,OFF-PA-10004888,DK-12895,1,5.184,2017-08-27
4341,OFF-AR-10003478,VM-21835,2,16.28,2014-03-22
4342,OFF-ST-10003208,GB-14575,3,544.38,2017-12-17
4343,OFF-BI-10004970,ND-18370,6,19.824,2017-03-19
4344,TEC-PH-10000038,ND-18370,6,657.504,2017-03-19
4345,TEC-AC-10001552,ND-18370,2,99.54,2017-03-19
4346,TEC-AC-10002926,ND-18370,4,199.96,2017-03-19
4347,FUR-CH-10001394,MM-17260,2,631.782,2016-09-18
4348,FUR-FU-10004053,MM-17260,3,60.72,2016-09-18
4349,OFF-BI-10004230,MV-17485,2,20.724,2017-11-24
4350,OFF-ST-10000060,MV-17485,8,415.872,2017-11-24
4351,OFF-ST-10001325,JL-15130,2,16.768,2017-04-11
4352,TEC-AC-10003441,JL-15130,2,27.12,2017-04-11
4353,TEC-PH-10003215,AG-10330,4,95.84,2017-12-10
4354,OFF-PA-10002005,AG-10330,2,12.96,2017-12-10
4355,OFF-BI-10004465,MD-17860,8,19.008,2017-11-24
4356,OFF-BI-10000545,RO-19780,7,1598.058,2015-12-04
4357,OFF-AR-10003752,RO-19780,4,36.96,2015-12-04
4358,OFF-PA-10001937,RR-19315,2,10.368,2017-12-11
4359,FUR-FU-10004306,RR-19315,1,77.72,2017-12-11
4360,FUR-CH-10003973,RR-19315,2,520.464,2017-12-11
4361,OFF-PA-10000565,CP-12340,2,111.96,2016-05-21
4362,TEC-PH-10003875,LL-16840,3,29.16,2017-02-17
4363,OFF-AR-10001953,NC-18340,3,131.94,2017-05-20
4364,OFF-AR-10001374,NC-18340,4,25.92,2017-05-20
4365,OFF-ST-10003816,NC-18340,4,704.76,2017-05-20
4366,OFF-FA-10001843,NC-18340,3,7.41,2017-05-20
4367,OFF-AR-10000657,NC-18340,10,21.5,2017-05-20
4368,OFF-FA-10000936,HA-14920,4,10.528,2017-09-11
4369,OFF-PA-10003657,HA-14920,6,20.544,2017-09-11
4370,OFF-BI-10001989,MA-17995,5,104.9,2016-11-05
4371,OFF-AR-10002987,MA-17995,2,39.68,2016-11-05
4372,OFF-LA-10000414,MA-17995,5,51.75,2016-11-05
4373,OFF-AR-10003602,LH-16900,2,11.68,2017-07-23
4374,TEC-AC-10002550,LH-16900,5,159.75,2017-07-23
4375,OFF-AP-10002998,SB-20290,6,103.968,2016-11-18
4376,FUR-FU-10003708,BT-11305,5,303.25,2014-04-25
4377,OFF-AP-10001391,BT-11305,3,270.72,2014-04-25
4378,FUR-CH-10003973,BT-11305,5,1487.04,2014-04-25
4379,OFF-EN-10000461,PS-18970,2,17.48,2015-11-30
4380,OFF-EN-10002831,PS-18970,2,71.88,2015-11-30
4381,OFF-AR-10004648,TB-21625,3,60.45,2015-10-25
4382,FUR-TA-10001857,TB-21625,3,253.176,2015-10-25
4383,OFF-BI-10000546,RA-19915,5,2.88,2015-07-20
4384,FUR-BO-10004690,RA-19915,4,384.944,2015-07-20
4385,TEC-PH-10001557,RA-19915,2,153.584,2015-07-20
4386,FUR-BO-10002545,RA-19915,5,913.43,2015-07-20
4387,OFF-AP-10001366,BP-11095,4,43.92,2016-10-27
4388,OFF-BI-10001628,BP-11095,3,25.032,2016-10-27
4389,OFF-PA-10003651,CD-11920,7,46.76,2017-11-20
4390,FUR-BO-10003159,CD-11920,2,183.968,2017-11-20
4391,TEC-PH-10001459,CD-11920,3,1259.97,2017-11-20
4392,OFF-AR-10004602,CD-11920,3,68.97,2017-11-20
4393,OFF-AR-10001953,KB-16585,2,70.368,2016-09-08
4394,TEC-PH-10000923,KB-16585,5,59.96,2016-09-08
4395,OFF-ST-10002583,SW-20245,1,25.984,2014-07-20
4396,OFF-BI-10000977,SW-20245,3,27.36,2014-07-20
4397,TEC-PH-10002549,AH-10690,2,361.376,2016-11-15
4398,FUR-CH-10002880,JL-15835,2,172.186,2014-07-07
4399,FUR-FU-10003039,JL-15835,2,69.008,2014-07-07
4400,OFF-EN-10003055,GZ-14470,5,199.9,2016-03-17
4401,OFF-AP-10002945,GZ-14470,3,901.95,2016-03-17
4402,FUR-FU-10004306,GZ-14470,5,971.5,2016-03-17
4403,OFF-AR-10002445,RC-19825,2,11.328,2016-12-26
4404,OFF-AR-10002445,CL-12565,3,21.24,2014-09-02
4405,TEC-AC-10002345,MW-18220,3,34.8,2015-07-05
4406,OFF-ST-10001558,MW-18220,3,38.976,2015-07-05
4407,OFF-PA-10001622,BF-10975,2,9.08,2016-11-20
4408,OFF-PA-10000418,BF-10975,3,314.55,2016-11-20
4409,OFF-BI-10000343,BF-10975,1,4.91,2016-11-20
4410,OFF-LA-10004425,SN-20710,2,5.78,2014-05-06
4411,OFF-AR-10001897,SN-20710,6,107.94,2014-05-06
4412,OFF-PA-10003883,TB-21280,3,19.65,2014-06-21
4413,TEC-PH-10003963,TB-21280,3,617.97,2014-06-21
4414,OFF-AP-10001303,TB-21280,3,59.7,2014-06-21
4415,OFF-BI-10003925,JB-15400,1,387.99,2017-08-19
4416,TEC-PH-10004586,AH-10210,2,575.92,2014-11-29
4417,OFF-FA-10003495,AH-10210,5,30.4,2014-11-29
4418,OFF-BI-10002867,KL-16645,8,478.24,2017-04-09
4419,FUR-FU-10003773,MH-17455,3,190.848,2014-12-20
4420,OFF-BI-10002954,EC-14050,4,5.484,2014-12-17
4421,OFF-SU-10002537,GH-14665,5,40.92,2015-11-17
4422,OFF-AR-10001374,SC-20095,3,15.552,2014-03-04
4423,OFF-AP-10001492,TB-21355,2,17.24,2017-05-18
4424,FUR-BO-10003546,TB-21355,3,302.94,2017-05-18
4425,TEC-PH-10002185,TB-21355,5,34.75,2017-05-18
4426,OFF-BI-10000315,TB-21355,6,113.94,2017-05-18
4427,TEC-PH-10002350,TB-21355,2,55.98,2017-05-18
4428,OFF-PA-10002666,DW-13195,3,27.18,2017-09-22
4429,FUR-CH-10004495,CL-12565,6,1805.88,2017-03-21
4430,OFF-AR-10001725,LT-17110,3,70.95,2017-09-14
4431,OFF-FA-10002280,AP-10915,4,20.0,2016-11-03
4432,OFF-AR-10001770,AP-10915,3,7.98,2016-11-03
4433,FUR-FU-10002885,AP-10915,5,24.1,2016-11-03
4434,OFF-AR-10003772,AP-10915,1,8.75,2016-11-03
4435,FUR-TA-10003392,AP-10915,3,842.94,2016-11-03
4436,OFF-BI-10000014,CB-12415,1,2.182,2016-05-03
4437,OFF-AR-10003217,CB-12415,7,27.384,2016-05-03
4438,OFF-AP-10002403,CB-12415,3,26.406,2016-05-03
4439,OFF-PA-10001972,MT-17815,2,10.368,2016-12-27
4440,OFF-PA-10004041,MT-17815,4,23.68,2016-12-27
4441,TEC-AC-10004975,DK-13375,1,109.95,2016-07-22
4442,OFF-ST-10001932,DK-13375,5,965.85,2016-07-22
4443,OFF-AR-10001761,DK-13375,5,29.2,2016-07-22
4444,OFF-PA-10002262,DK-13375,5,32.4,2016-07-22
4445,OFF-EN-10004483,SR-20740,5,78.35,2014-11-16
4446,OFF-PA-10003270,SR-20740,6,31.68,2014-11-16
4447,OFF-BI-10001634,SR-20740,4,29.12,2014-11-16
4448,OFF-ST-10000675,SR-20740,5,169.45,2014-11-16
4449,FUR-FU-10000732,LH-17155,2,12.56,2015-06-19
4450,OFF-PA-10004355,LH-17155,1,6.48,2015-06-19
4451,OFF-EN-10000056,LH-17155,3,186.69,2015-06-19
4452,FUR-FU-10000221,AA-10645,5,25.4,2016-07-04
4453,OFF-EN-10003567,AA-10645,2,43.96,2016-07-04
4454,FUR-BO-10001811,AA-10645,5,1279.165,2016-07-04
4455,OFF-ST-10002486,AA-10645,4,27.92,2016-07-04
4456,FUR-CH-10002372,AS-10630,2,129.568,2015-09-03
4457,OFF-BI-10003274,AS-10630,2,6.368,2015-09-03
4458,OFF-PA-10001878,MC-17575,5,244.55,2017-08-07
4459,OFF-SU-10002881,SE-20110,2,1332.496,2017-03-13
4460,FUR-FU-10001979,DS-13030,1,32.776,2017-09-28
4461,OFF-ST-10001522,DS-13030,2,147.184,2017-09-28
4462,TEC-AC-10003657,DS-13030,2,54.384,2017-09-28
4463,OFF-BI-10001718,DS-13030,4,76.776,2017-09-28
4464,OFF-PA-10003022,DS-13030,3,14.352,2017-09-28
4465,OFF-AP-10000891,DS-13030,2,209.792,2017-09-28
4466,OFF-BI-10004970,NS-18640,1,3.304,2015-08-07
4467,OFF-AR-10003759,KA-16525,9,16.38,2017-11-24
4468,OFF-EN-10003001,KA-16525,2,167.96,2017-11-24
4469,FUR-BO-10000780,KA-16525,2,321.568,2017-11-24
4470,OFF-PA-10001972,KA-16525,2,12.96,2017-11-24
4471,FUR-CH-10003535,DJ-13510,3,128.058,2017-05-08
4472,FUR-CH-10003774,MG-17680,1,63.686,2017-09-29
4473,TEC-AC-10004571,MG-17680,3,239.976,2017-09-29
4474,FUR-TA-10004442,MG-17680,2,344.22,2017-09-29
4475,OFF-PA-10002787,MG-17680,3,15.552,2017-09-29
4476,FUR-FU-10004586,MG-17680,4,21.248,2017-09-29
4477,OFF-PA-10002606,MG-17680,2,8.448,2017-09-29
4478,OFF-ST-10000129,BD-11620,3,333.09,2017-10-22
4479,FUR-TA-10003748,BD-11620,2,248.98,2017-10-22
4480,OFF-PA-10004948,CD-11920,5,24.9,2014-03-24
4481,OFF-FA-10001561,XP-21865,7,15.26,2016-11-03
4482,OFF-AP-10002998,XP-21865,2,43.32,2016-11-03
4483,OFF-BI-10003981,XP-21865,12,43.584,2016-11-03
4484,OFF-PA-10001725,XP-21865,3,116.28,2016-11-03
4485,OFF-BI-10002071,XP-21865,2,9.296,2016-11-03
4486,OFF-PA-10000477,XP-21865,3,19.44,2016-11-03
4487,OFF-PA-10004359,XP-21865,3,314.55,2016-11-03
4488,OFF-BI-10000962,CA-12055,5,16.27,2015-09-05
4489,OFF-SU-10003567,CA-12055,9,69.12,2015-09-05
4490,OFF-BI-10003708,CA-12055,3,4.47,2015-09-05
4491,FUR-TA-10001095,JM-15250,3,418.296,2017-08-14
4492,TEC-CO-10001571,JK-15730,2,659.988,2014-12-01
4493,FUR-FU-10000221,JK-15730,2,8.128,2014-12-01
4494,OFF-PA-10001972,JK-15730,7,36.288,2014-12-01
4495,FUR-CH-10000015,JK-15730,6,909.72,2014-12-01
4496,FUR-BO-10004015,CC-12670,9,917.9235,2017-06-18
4497,OFF-PA-10002036,CC-12670,6,38.88,2017-06-18
4498,OFF-BI-10003650,GW-14605,4,631.176,2017-12-02
4499,OFF-PA-10003309,GR-14560,2,12.96,2014-11-21
4500,OFF-PA-10002787,FM-14215,2,12.96,2016-04-10
4501,OFF-BI-10000174,FM-14215,5,23.2,2016-04-10
4502,OFF-PA-10002005,MS-17980,5,25.92,2014-06-30
4503,OFF-FA-10002815,MS-17980,6,21.312,2014-06-30
4504,TEC-PH-10000213,BF-11170,7,173.656,2014-12-24
4505,OFF-AP-10000828,BF-11170,2,361.96,2014-12-24
4506,TEC-AC-10004708,BF-11170,3,62.85,2014-12-24
4507,TEC-PH-10001530,BF-11170,3,818.376,2014-12-24
4508,OFF-ST-10002301,BF-11170,1,20.34,2014-12-24
4509,FUR-FU-10002554,BF-11170,1,23.99,2014-12-24
4510,FUR-TA-10001520,VS-21820,3,171.288,2017-05-23
4511,FUR-FU-10001085,KM-16225,2,37.3,2016-11-10
4512,OFF-BI-10001597,KM-16225,2,81.96,2016-11-10
4513,OFF-BI-10002429,LP-17095,6,54.792,2016-10-02
4514,OFF-ST-10001590,BG-11740,1,10.784,2016-09-06
4515,FUR-CH-10000847,BW-11200,1,290.98,2016-10-27
4516,OFF-AR-10003179,PS-18970,4,36.44,2017-10-22
4517,OFF-PA-10000807,RB-19570,5,21.4,2016-09-15
4518,OFF-BI-10002103,RB-19570,7,48.664,2016-09-15
4519,OFF-AR-10004441,JW-16075,4,16.56,2016-09-25
4520,OFF-ST-10003805,ND-18460,8,1347.52,2017-06-10
4521,TEC-AC-10001284,LC-16930,3,62.31,2014-02-20
4522,FUR-FU-10000221,LC-16930,4,20.32,2014-02-20
4523,OFF-FA-10001229,BP-11095,3,9.432,2017-02-20
4524,OFF-LA-10001569,RD-19720,7,34.86,2014-11-02
4525,FUR-FU-10004018,RD-19720,6,89.34,2014-11-02
4526,TEC-PH-10004536,BE-11335,2,269.98,2017-07-17
4527,OFF-PA-10004353,BE-11335,5,99.9,2017-07-17
4528,FUR-FU-10004848,BE-11335,4,39.08,2017-07-17
4529,TEC-AC-10004864,RS-19765,4,116.832,2017-09-08
4530,OFF-BI-10002393,KC-16540,2,2.296,2016-11-14
4531,FUR-CH-10002335,MB-17305,2,408.006,2016-11-14
4532,OFF-ST-10001590,MB-17305,3,40.44,2016-11-14
4533,FUR-CH-10002774,TN-21040,3,122.352,2014-10-10
4534,OFF-EN-10001219,TN-21040,2,15.28,2014-10-10
4535,OFF-PA-10001947,MC-18130,2,11.96,2015-03-19
4536,FUR-FU-10003142,VF-21715,3,15.84,2017-07-08
4537,OFF-BI-10001543,VF-21715,3,86.376,2017-07-08
4538,OFF-AR-10003560,VF-21715,3,18.24,2017-07-08
4539,OFF-AR-10004757,VF-21715,4,13.12,2017-07-08
4540,TEC-PH-10003800,ES-14080,2,105.98,2015-02-27
4541,FUR-TA-10004152,ES-14080,7,493.92,2015-02-27
4542,OFF-BI-10000756,MK-17905,7,5.936,2017-06-16
4543,OFF-EN-10004206,TM-21490,2,325.86,2017-03-30
4544,FUR-CH-10004477,RL-19615,9,383.607,2015-07-12
4545,TEC-PH-10003505,RL-19615,2,148.48,2015-07-12
4546,TEC-PH-10000526,RL-19615,7,537.544,2015-07-12
4547,OFF-BI-10003314,RL-19615,2,1.928,2015-07-12
4548,OFF-AR-10003190,RL-19615,3,6.912,2015-07-12
4549,FUR-FU-10001861,RL-19615,1,7.76,2015-07-12
4550,TEC-PH-10003963,RL-19615,4,659.168,2015-07-12
4551,OFF-LA-10003388,NM-18520,2,5.76,2017-04-30
4552,FUR-TA-10002855,GK-14620,3,351.216,2014-07-13
4553,FUR-CH-10004886,JF-15490,3,230.28,2014-12-27
4554,OFF-PA-10003657,JF-15490,3,12.84,2014-12-27
4555,OFF-BI-10004738,EB-13930,3,56.82,2016-02-27
4556,OFF-FA-10003112,SG-20470,4,31.56,2015-03-23
4557,OFF-ST-10002486,SG-20470,4,27.92,2015-03-23
4558,OFF-BI-10003984,ND-18370,1,8.559,2017-10-21
4559,OFF-EN-10004773,CM-11815,2,49.568,2014-12-31
4560,FUR-CH-10001146,EB-13870,3,127.869,2014-05-05
4561,OFF-EN-10003296,HM-14860,3,271.44,2015-12-04
4562,TEC-PH-10000193,HM-14860,3,110.352,2015-12-04
4563,FUR-FU-10002111,HM-14860,5,36.4,2015-12-04
4564,FUR-CH-10003298,SJ-20125,4,419.136,2017-09-26
4565,OFF-ST-10004950,DM-12955,6,100.704,2014-12-09
4566,OFF-AP-10002350,MC-17575,3,45.216,2017-12-03
4567,OFF-BI-10004233,MC-17575,6,28.782,2017-12-03
4568,OFF-PA-10001892,MC-17575,4,24.448,2017-12-03
4569,OFF-BI-10003291,DB-13660,6,10.476,2015-11-08
4570,FUR-FU-10004017,NF-18595,3,76.14,2014-04-19
4571,OFF-AR-10002445,NM-18445,3,21.24,2015-05-25
4572,OFF-BI-10001718,NM-18445,2,127.96,2015-05-25
4573,TEC-CO-10004202,AB-10255,2,479.984,2017-07-17
4574,TEC-PH-10002103,MG-17650,7,657.93,2016-12-12
4575,FUR-FU-10003724,MG-17650,4,33.48,2016-12-12
4576,OFF-AR-10003732,MG-17650,5,13.9,2016-12-12
4577,OFF-ST-10000885,MG-17650,2,26.86,2016-12-12
4578,OFF-BI-10004817,SE-20110,1,9.584,2014-04-11
4579,OFF-BI-10001670,AG-10765,3,113.1,2015-06-09
4580,OFF-PA-10002709,AS-10045,11,65.78,2014-07-27
4581,TEC-AC-10004469,AR-10405,6,239.7,2015-07-31
4582,FUR-FU-10003424,AP-10720,3,25.632,2016-09-19
4583,OFF-LA-10003720,JB-16000,8,23.616,2016-06-10
4584,OFF-AR-10000390,TS-21430,2,8.26,2016-08-26
4585,OFF-EN-10001335,NL-18310,7,76.58,2017-11-02
4586,OFF-AR-10003469,NL-18310,5,8.8,2017-11-02
4587,OFF-BI-10003718,NL-18310,6,590.352,2017-11-02
4588,OFF-FA-10004838,NL-18310,3,5.58,2017-11-02
4589,FUR-FU-10002508,NL-18310,3,25.02,2017-11-02
4590,OFF-ST-10001511,NL-18310,7,452.55,2017-11-02
4591,OFF-SU-10000952,MC-18130,2,17.76,2016-12-26
4592,TEC-PH-10002275,MC-18130,2,302.384,2016-12-26
4593,FUR-CH-10003535,MC-18130,3,146.352,2016-12-26
4594,OFF-AP-10004052,MC-18130,2,7.9,2016-12-26
4595,FUR-TA-10003473,MC-18130,3,902.712,2016-12-26
4596,OFF-AR-10001897,MC-18130,3,53.97,2016-12-26
4597,OFF-AR-10000034,TC-21475,8,33.92,2016-12-05
4598,OFF-SU-10004115,MG-17650,3,21.81,2017-08-28
4599,OFF-AP-10001947,MG-17650,5,91.6,2017-08-28
4600,FUR-CH-10004853,MG-17890,1,150.98,2015-07-16
4601,OFF-EN-10000483,MG-17890,9,137.25,2015-07-16
4602,OFF-FA-10001332,MG-17890,4,11.52,2015-07-16
4603,OFF-PA-10003790,BF-11170,1,18.272,2015-05-26
4604,OFF-PA-10003134,BF-11170,4,153.728,2015-05-26
4605,OFF-EN-10004459,BF-11170,2,12.224,2015-05-26
4606,TEC-AC-10003628,BF-11170,7,167.944,2015-05-26
4607,TEC-PH-10004093,MS-17770,1,45.99,2015-05-28
4608,OFF-ST-10001490,MS-17770,3,535.41,2015-05-28
4609,OFF-BI-10000605,MS-17770,2,6.096,2015-05-28
4610,OFF-PA-10004255,MS-17770,7,45.36,2015-05-28
4611,FUR-FU-10000023,JE-15745,8,47.12,2017-11-09
4612,OFF-BI-10000285,HG-14965,4,31.36,2016-01-24
4613,OFF-AR-10000588,EP-13915,3,47.616,2016-12-31
4614,OFF-PA-10002250,EP-13915,5,23.48,2016-12-31
4615,OFF-AP-10002457,GH-14410,3,62.79,2016-09-05
4616,OFF-FA-10002763,GH-14410,9,28.44,2016-09-05
4617,TEC-AC-10000109,DS-13180,3,134.376,2015-09-04
4618,TEC-PH-10002415,TH-21550,2,589.9,2015-09-21
4619,FUR-CH-10000785,TH-21550,3,542.94,2015-09-21
4620,TEC-CO-10001449,RM-19675,6,2879.952,2017-12-24
4621,OFF-BI-10001670,RM-19675,3,90.48,2017-12-24
4622,OFF-ST-10001328,SF-20965,5,77.55,2015-10-05
4623,OFF-SU-10001225,SO-20335,3,8.832,2017-09-09
4624,OFF-PA-10000357,SO-20335,4,177.536,2017-09-09
4625,OFF-ST-10000046,SO-20335,2,258.48,2017-09-09
4626,FUR-FU-10000023,SO-20335,3,14.136,2017-09-09
4627,OFF-ST-10003455,CK-12760,5,77.55,2016-11-13
4628,OFF-ST-10000876,CK-12760,2,24.88,2016-11-13
4629,OFF-AR-10003582,CK-12760,5,140.75,2016-11-13
4630,OFF-ST-10004258,CK-12760,3,36.63,2016-11-13
4631,FUR-FU-10000719,GA-14725,2,17.14,2015-10-15
4632,OFF-LA-10001297,BD-11725,5,51.75,2017-08-03
4633,FUR-FU-10000723,BD-11725,3,123.96,2017-08-03
4634,FUR-BO-10003893,DS-13180,6,586.398,2015-08-21
4635,OFF-ST-10000736,DS-13180,1,80.98,2015-08-21
4636,OFF-ST-10000736,BS-11380,3,242.94,2017-03-12
4637,OFF-AR-10003373,AP-10915,4,123.92,2017-04-27
4638,OFF-AR-10000390,AP-10915,3,12.39,2017-04-27
4639,OFF-AR-10001725,AP-10915,2,47.3,2017-04-27
4640,TEC-CO-10001943,JF-15565,8,1599.92,2016-09-11
4641,OFF-EN-10002312,JF-15565,1,11.09,2016-09-11
4642,OFF-BI-10000831,HA-14905,4,3.168,2017-10-22
4643,FUR-CH-10000749,HA-14905,4,579.136,2017-10-22
4644,OFF-BI-10002003,Co-12640,2,6.368,2015-08-02
4645,TEC-MA-10001972,Co-12640,2,558.4,2015-08-02
4646,FUR-CH-10000225,BC-11125,2,145.764,2016-08-12
4647,OFF-PA-10001622,EB-13840,3,13.62,2014-05-30
4648,FUR-CH-10004983,DB-13360,3,434.646,2016-04-26
4649,OFF-PA-10003228,KB-16585,9,440.19,2017-05-14
4650,OFF-SU-10004498,KB-16585,5,64.4,2017-05-14
4651,OFF-PA-10001878,AH-10120,5,244.55,2017-04-08
4652,OFF-PA-10002923,AH-10120,4,195.76,2017-04-08
4653,OFF-PA-10001838,GH-14410,2,11.76,2017-02-17
4654,OFF-ST-10003123,GH-14410,5,166.45,2017-02-17
4655,OFF-FA-10001332,KT-16480,1,2.88,2017-06-24
4656,OFF-ST-10003442,KH-16330,2,45.248,2014-05-05
4657,OFF-AR-10001468,SV-20785,2,59.904,2015-05-03
4658,OFF-AP-10003266,SV-20785,2,23.696,2015-05-03
4659,OFF-PA-10002230,SV-20785,2,7.968,2015-05-03
4660,OFF-AP-10003622,SV-20785,7,18.2,2015-05-03
4661,TEC-AC-10001542,SV-20785,3,27.552,2015-05-03
4662,FUR-CH-10002965,SV-20785,6,844.116,2015-05-03
4663,OFF-ST-10000563,SV-20785,3,76.752,2015-05-03
4664,OFF-LA-10002787,PO-18850,1,3.0,2016-09-18
4665,OFF-BI-10004022,AC-10450,9,7.506,2016-09-22
4666,OFF-LA-10001158,AC-10450,2,16.56,2016-09-22
4667,FUR-FU-10000076,KB-16585,4,79.92,2016-01-10
4668,TEC-AC-10002335,KB-16585,2,69.98,2016-01-10
4669,OFF-BI-10002827,DB-13555,10,11.06,2017-05-06
4670,FUR-BO-10001601,DB-13555,7,623.4648,2017-05-06
4671,OFF-ST-10001932,DB-13555,5,772.68,2017-05-06
4672,OFF-AP-10001005,KL-16645,4,283.14,2016-07-31
4673,TEC-PH-10004042,KL-16645,4,635.96,2016-07-31
4674,TEC-PH-10001079,KL-16645,1,118.99,2016-07-31
4675,FUR-FU-10002918,KL-16645,3,272.94,2016-07-31
4676,FUR-FU-10003832,AG-10270,2,15.008,2017-03-27
4677,OFF-BI-10001617,JF-15295,4,33.088,2014-03-14
4678,OFF-ST-10000736,JF-15295,1,80.98,2014-03-14
4679,TEC-AC-10004877,JF-15295,12,82.8,2014-03-14
4680,OFF-ST-10003221,JF-15295,2,21.36,2014-03-14
4681,OFF-BI-10003007,JF-15295,2,62.048,2014-03-14
4682,OFF-FA-10000936,RE-19450,9,29.61,2016-07-14
4683,TEC-PH-10003811,MV-18190,9,863.928,2016-12-01
4684,FUR-TA-10004152,GB-14530,4,241.92,2016-08-29
4685,FUR-BO-10002853,GB-14530,4,163.88,2016-08-29
4686,OFF-BI-10002071,GB-14530,2,3.486,2016-08-29
4687,OFF-FA-10000053,GB-14530,7,10.584,2016-08-29
4688,TEC-PH-10001305,HL-15040,9,440.91,2016-06-24
4689,OFF-BI-10001525,BP-11155,5,5.715,2017-03-30
4690,FUR-FU-10001876,CT-11995,2,51.968,2014-12-20
4691,TEC-AC-10003628,CT-11995,3,71.976,2014-12-20
4692,FUR-CH-10004860,CT-11995,3,242.352,2014-12-20
4693,OFF-PA-10000357,CT-11995,5,221.92,2014-12-20
4694,OFF-PA-10003270,CT-11995,2,8.448,2014-12-20
4695,OFF-BI-10000320,JL-15835,4,29.52,2015-12-17
4696,FUR-CH-10003846,JL-15835,3,302.94,2015-12-17
4697,FUR-CH-10004875,JL-15835,2,142.36,2015-12-17
4698,FUR-CH-10003817,JL-15835,9,546.66,2015-12-17
4699,FUR-FU-10002116,JL-15835,3,212.13,2015-12-17
4700,OFF-AR-10003481,JK-16120,2,5.248,2017-05-11
4701,OFF-ST-10004180,JK-16120,2,74.416,2017-05-11
4702,OFF-PA-10003657,JK-16120,2,6.848,2017-05-11
4703,FUR-FU-10001967,JK-16120,1,7.996,2017-05-11
4704,OFF-AP-10002082,DH-13075,2,8.712,2016-06-24
4705,OFF-SU-10000381,AG-10900,7,65.17,2016-05-17
4706,OFF-LA-10002475,AG-10900,2,14.62,2016-05-17
4707,FUR-FU-10003975,AG-10900,4,173.24,2016-05-17
4708,OFF-BI-10003091,WB-21850,5,895.92,2017-06-29
4709,OFF-ST-10002974,WB-21850,3,130.71,2017-06-29
4710,OFF-AR-10000255,WB-21850,2,11.68,2017-06-29
4711,TEC-AC-10001284,WB-21850,3,62.31,2017-06-29
4712,OFF-BI-10003529,JO-15280,1,0.852,2014-03-31
4713,OFF-PA-10000029,EJ-13720,7,36.288,2014-12-16
4714,FUR-FU-10002116,EJ-13720,2,56.568,2014-12-16
4715,TEC-PH-10002200,AB-10105,2,344.704,2017-05-18
4716,TEC-PH-10000441,LT-16765,2,201.584,2015-05-12
4717,FUR-TA-10002958,CM-12655,2,521.96,2017-12-03
4718,OFF-AR-10001662,EM-13960,3,8.22,2015-12-12
4719,OFF-PA-10004101,DJ-13420,7,45.36,2015-10-10
4720,OFF-ST-10002756,DE-13255,7,947.17,2015-04-18
4721,OFF-PA-10000483,DE-13255,2,61.96,2015-04-18
4722,FUR-TA-10002041,NR-18550,3,268.935,2014-06-07
4723,OFF-AR-10001166,CK-12325,1,7.58,2017-09-01
4724,OFF-LA-10004345,JF-15490,3,14.73,2016-05-22
4725,OFF-BI-10002852,LB-16795,2,9.888,2016-11-11
4726,OFF-AP-10001058,LB-16795,3,671.544,2016-11-11
4727,OFF-ST-10003470,MP-18175,4,1117.92,2014-11-25
4728,FUR-BO-10003159,MP-18175,3,275.952,2014-11-25
4729,OFF-BI-10003684,LH-16900,7,123.144,2014-11-07
4730,TEC-AC-10000487,SV-20935,3,15.576,2016-07-18
4731,OFF-PA-10001736,RB-19435,6,212.64,2015-03-29
4732,OFF-PA-10001609,RB-19435,3,9.87,2015-03-29
4733,TEC-AC-10003116,RB-19435,3,53.25,2015-03-29
4734,FUR-FU-10004586,RB-19435,3,19.92,2015-03-29
4735,FUR-CH-10000454,Dl-13600,3,658.746,2016-04-07
4736,OFF-BI-10004970,PS-19045,2,8.26,2015-06-13
4737,OFF-BI-10002824,PS-19045,2,29.84,2015-06-13
4738,TEC-AC-10003657,PS-19045,2,67.98,2015-06-13
4739,OFF-LA-10003510,GT-14755,2,61.06,2015-02-18
4740,FUR-TA-10001676,GT-14755,1,35.544,2015-02-18
4741,OFF-LA-10004853,CS-12355,2,9.96,2017-11-12
4742,OFF-AR-10000315,CS-12355,3,9.21,2017-11-12
4743,OFF-SU-10000381,CS-12355,3,27.93,2017-11-12
4744,OFF-FA-10002763,JD-16060,2,7.9,2017-03-05
4745,OFF-ST-10000877,JD-16060,4,221.16,2017-03-05
4746,OFF-BI-10001071,JD-16060,2,127.96,2017-03-05
4747,OFF-BI-10001097,JD-16060,3,18.69,2017-03-05
4748,OFF-SU-10004782,TS-21160,3,25.35,2016-03-03
4749,FUR-FU-10000672,TS-21160,3,35.28,2016-03-03
4750,OFF-PA-10002986,BV-11245,5,33.4,2016-12-24
4751,TEC-MA-10001972,DL-13495,3,837.6,2016-10-07
4752,TEC-PH-10000169,EB-13870,3,40.68,2016-12-09
4753,FUR-CH-10001482,ES-14020,2,209.568,2017-11-20
4754,TEC-AC-10002018,JB-15925,4,22.368,2015-12-12
4755,OFF-BI-10000301,SC-20380,2,3.882,2017-02-03
4756,OFF-PA-10004381,SC-20380,3,115.296,2017-02-03
4757,OFF-BI-10004141,EB-13870,2,1.908,2017-09-21
4758,OFF-BI-10001575,TC-21475,7,43.372,2017-04-30
4759,TEC-PH-10000984,SG-20605,4,783.96,2014-11-03
4760,OFF-BI-10000666,SG-20605,2,48.896,2014-11-03
4761,OFF-BI-10003712,SG-20605,2,7.856,2014-11-03
4762,OFF-LA-10003720,BM-11785,2,5.904,2016-12-30
4763,OFF-SU-10001664,BM-11785,2,13.712,2016-12-30
4764,OFF-EN-10001453,NR-18550,3,182.94,2014-09-17
4765,OFF-AR-10001860,PG-18820,4,27.76,2017-11-24
4766,OFF-AR-10001044,DB-13270,1,25.99,2015-04-24
4767,TEC-AC-10002473,NS-18640,5,113.52,2015-03-09
4768,TEC-PH-10001809,NS-18640,3,359.88,2015-03-09
4769,OFF-PA-10004733,CS-11860,4,25.344,2017-06-02
4770,OFF-BI-10003355,CC-12430,3,11.952,2016-09-19
4771,OFF-SU-10001212,CC-12430,3,6.24,2016-09-19
4772,TEC-PH-10000486,AC-10450,8,742.336,2014-10-31
4773,FUR-FU-10004909,CM-12385,1,6.464,2017-11-23
4774,OFF-LA-10001613,CM-12385,5,11.52,2017-11-23
4775,TEC-PH-10004447,CM-12385,2,222.384,2017-11-23
4776,OFF-AR-10000255,EK-13795,4,23.36,2017-11-16
4777,OFF-LA-10004425,CK-12760,3,8.67,2016-02-19
4778,OFF-SU-10001664,CK-12760,3,25.71,2016-02-19
4779,OFF-AP-10000696,PK-19075,7,100.94,2017-11-07
4780,FUR-CH-10002647,MH-18025,1,63.882,2014-07-08
4781,FUR-CH-10002758,SC-20725,4,683.144,2014-11-07
4782,OFF-BI-10000201,SC-20725,3,1.476,2014-11-07
4783,OFF-SU-10004115,SC-20725,7,40.712,2014-11-07
4784,OFF-PA-10000806,GB-14575,5,279.9,2017-01-28
4785,OFF-AR-10001473,IM-15070,5,13.12,2015-12-11
4786,FUR-BO-10003450,IM-15070,4,69.576,2015-12-11
4787,OFF-AR-10001545,IM-15070,3,4.224,2015-12-11
4788,TEC-AC-10004396,IM-15070,4,58.08,2015-12-11
4789,FUR-FU-10002456,IM-15070,9,52.416,2015-12-11
4790,FUR-FU-10001473,IM-15070,5,54.92,2015-12-11
4791,FUR-TA-10000849,IM-15070,5,364.95,2015-12-11
4792,OFF-PA-10001166,IM-15070,3,85.056,2015-12-11
4793,OFF-PA-10003256,IM-15070,3,27.696,2015-12-11
4794,OFF-PA-10002870,MM-18055,4,24.96,2015-06-29
4795,FUR-FU-10001215,MF-18250,1,43.13,2015-03-16
4796,OFF-BI-10004187,CK-12595,3,5.64,2015-08-13
4797,OFF-BI-10001718,MK-17905,3,57.582,2016-05-14
4798,OFF-PA-10004983,MK-17905,6,31.104,2016-05-14
4799,FUR-FU-10002396,MK-17905,3,30.192,2016-05-14
4800,TEC-PH-10003988,MK-17905,5,43.6,2016-05-14
4801,OFF-AR-10002467,MK-17905,2,4.768,2016-05-14
4802,OFF-BI-10004002,MK-17905,2,10.38,2016-05-14
4803,OFF-BI-10002309,MK-17905,8,13.392,2016-05-14
4804,TEC-PH-10003885,MH-17455,1,39.594,2017-07-13
4805,FUR-FU-10002501,MH-17455,9,91.008,2017-07-13
4806,OFF-PA-10000176,NG-18430,2,37.94,2015-11-22
4807,OFF-PA-10000327,NG-18430,10,42.8,2015-11-22
4808,OFF-ST-10004634,NG-18430,3,33.63,2015-11-22
4809,OFF-EN-10003040,PB-19210,3,62.808,2014-11-23
4810,OFF-PA-10003228,RE-19450,4,195.64,2015-12-27
4811,TEC-PH-10004345,RE-19450,2,239.9,2015-12-27
4812,FUR-CH-10000785,EB-14110,3,380.058,2016-11-14
4813,TEC-CO-10004115,EB-14110,4,1199.976,2016-11-14
4814,FUR-FU-10002813,EB-14110,3,48.576,2016-11-14
4815,OFF-PA-10002751,TB-21625,3,17.94,2016-05-08
4816,OFF-PA-10004569,MG-17695,3,18.264,2014-12-26
4817,OFF-AP-10002998,MG-17695,2,34.656,2014-12-26
4818,OFF-AP-10003287,MG-17695,2,81.552,2014-12-26
4819,OFF-ST-10001370,MG-17695,4,227.136,2014-12-26
4820,OFF-BI-10004040,LW-17125,2,10.36,2017-06-08
4821,OFF-AP-10002651,PF-19120,8,463.248,2015-04-07
4822,TEC-AC-10002402,PF-19120,6,383.952,2015-04-07
4823,OFF-BI-10001658,NZ-18565,6,44.856,2016-07-10
4824,TEC-MA-10000752,CK-12205,7,30.345,2016-11-21
4825,FUR-CH-10003817,CK-12205,3,127.554,2016-11-21
4826,FUR-FU-10001876,CK-12205,3,77.952,2016-11-21
4827,OFF-BI-10003460,JE-15610,4,14.016,2017-11-12
4828,OFF-ST-10000464,JO-15145,2,69.52,2014-11-01
4829,OFF-AR-10001919,JO-15145,3,5.64,2014-11-01
4830,OFF-BI-10002393,TT-21220,3,13.776,2016-05-15
4831,OFF-AP-10001293,MS-17365,6,245.88,2014-11-07
4832,OFF-ST-10004258,MS-17365,3,36.63,2014-11-07
4833,OFF-ST-10002214,MS-17365,2,22.58,2014-11-07
4834,OFF-BI-10004970,MS-17365,3,12.39,2014-11-07
4835,OFF-BI-10002571,MP-18175,5,39.92,2017-10-05
4836,OFF-PA-10002581,MP-18175,2,61.96,2017-10-05
4837,OFF-BI-10001097,MP-18175,4,19.936,2017-10-05
4838,OFF-BI-10003429,FH-14350,2,3.798,2017-06-01
4839,OFF-PA-10000682,FH-14350,6,27.744,2017-06-01
4840,TEC-PH-10001700,FH-14350,4,158.376,2017-06-01
4841,FUR-FU-10000629,SC-20050,2,27.58,2017-11-20
4842,OFF-BI-10001267,NM-18520,3,5.553,2016-12-23
4843,OFF-ST-10001418,JO-15280,5,243.92,2017-09-29
4844,OFF-FA-10004968,CC-12475,4,14.96,2016-11-07
4845,OFF-BI-10004140,MZ-17515,2,7.184,2014-04-04
4846,OFF-BI-10003460,MS-17830,3,10.512,2015-07-23
4847,TEC-PH-10002115,GK-14620,5,263.96,2014-06-25
4848,OFF-AR-10003478,GK-14620,11,71.632,2014-06-25
4849,OFF-AR-10000475,GK-14620,1,9.328,2014-06-25
4850,OFF-AR-10003045,MC-17275,2,5.88,2014-09-08
4851,FUR-CH-10000454,MC-17275,5,975.92,2014-09-08
4852,OFF-AR-10000380,MC-17275,8,303.84,2014-09-08
4853,OFF-ST-10000736,MC-17275,6,485.88,2014-09-08
4854,FUR-FU-10004270,LH-17155,3,12.54,2014-12-12
4855,OFF-ST-10000617,LH-17155,3,8.94,2014-12-12
4856,FUR-FU-10001706,LH-17155,3,9.24,2014-12-12
4857,OFF-BI-10003364,PB-19150,3,70.008,2015-01-13
4858,FUR-FU-10001861,PB-19150,4,77.6,2015-01-13
4859,FUR-FU-10004845,PB-19150,9,464.85,2015-01-13
4860,OFF-AR-10000823,SS-20140,7,10.192,2017-12-15
4861,OFF-BI-10001359,GK-14620,2,1793.98,2016-12-18
4862,TEC-PH-10001835,GM-14455,6,758.352,2014-04-11
4863,OFF-BI-10001191,SH-19975,1,20.368,2016-11-10
4864,OFF-BI-10003982,SH-19975,3,49.848,2016-11-10
4865,TEC-PH-10001425,SC-20725,3,239.97,2017-06-26
4866,FUR-CH-10001215,TT-21070,6,2404.704,2017-11-13
4867,OFF-BI-10001718,TT-21070,11,563.024,2017-11-13
4868,OFF-ST-10000991,TT-21070,3,344.91,2017-11-13
4869,OFF-LA-10001613,TT-21070,3,8.64,2017-11-13
4870,TEC-PH-10003437,SC-20440,2,89.988,2017-11-24
4871,OFF-PA-10000675,SC-20440,7,229.544,2017-11-24
4872,OFF-FA-10000840,KL-16645,2,1.824,2017-05-23
4873,OFF-AP-10001947,KL-16645,5,18.32,2017-05-23
4874,OFF-ST-10002301,KL-16645,3,48.816,2017-05-23
4875,OFF-BI-10001922,KL-16645,1,1.188,2017-05-23
4876,TEC-AC-10001267,KN-16390,5,119.8,2014-12-02
4877,OFF-ST-10000532,SL-20155,2,61.568,2014-10-03
4878,OFF-AR-10002335,SL-20155,3,6.192,2014-10-03
4879,OFF-BI-10000201,PW-19240,3,2.214,2016-07-29
4880,OFF-EN-10004846,TB-21175,2,5.32,2017-11-02
4881,FUR-CH-10000454,TB-21175,4,975.92,2017-11-02
4882,TEC-AC-10004145,TB-21175,9,2249.91,2017-11-02
4883,OFF-ST-10001580,TB-21175,4,59.92,2017-11-02
4884,OFF-BI-10003876,AH-10210,5,171.2,2017-03-08
4885,OFF-AR-10001972,AH-10210,2,3.36,2017-03-08
4886,OFF-PA-10000595,SC-20695,5,114.2,2014-12-16
4887,FUR-CH-10004477,RF-19345,3,182.67,2016-11-28
4888,TEC-AC-10003441,RF-19345,6,101.7,2016-11-28
4889,OFF-ST-10004459,RF-19345,3,1126.02,2016-11-28
4890,OFF-ST-10003805,RF-19345,6,1263.3,2016-11-28
4891,OFF-AR-10001246,EH-13765,3,8.82,2016-12-23
4892,OFF-PA-10001295,EH-13765,2,37.94,2016-12-23
4893,OFF-AR-10001231,EH-13765,2,4.2,2016-12-23
4894,OFF-ST-10002743,EH-13765,2,227.28,2016-12-23
4895,OFF-PA-10004327,EH-13765,1,47.9,2016-12-23
4896,OFF-EN-10004773,EH-13765,2,61.96,2016-12-23
4897,OFF-ST-10003470,EH-13765,4,1117.92,2016-12-23
4898,FUR-CH-10003761,AC-10660,2,183.372,2014-10-15
4899,OFF-PA-10002230,AC-10660,2,7.968,2014-10-15
4900,OFF-BI-10000088,SG-20470,8,26.352,2016-08-22
4901,OFF-ST-10001526,CA-12310,4,481.32,2017-12-17
4902,OFF-SU-10002557,CA-12310,1,13.98,2017-12-17
4903,OFF-BI-10003669,SH-20395,6,25.92,2017-03-07
4904,OFF-LA-10003510,SH-20395,3,91.59,2017-03-07
4905,FUR-CH-10003746,MC-17605,3,674.058,2014-12-01
4906,OFF-BI-10003476,JE-15610,4,22.92,2014-10-14
4907,OFF-ST-10001469,JE-15610,5,269.9,2014-10-14
4908,OFF-BI-10001757,MS-17530,8,11.808,2014-11-18
4909,TEC-PH-10004875,MS-17530,2,9.588,2014-11-18
4910,OFF-EN-10001219,BH-11710,3,18.336,2017-01-14
4911,OFF-PA-10000019,BH-11710,7,36.288,2017-01-14
4912,TEC-PH-10001924,BH-11710,2,111.984,2017-01-14
4913,OFF-BI-10002003,BH-11710,5,5.97,2017-01-14
4914,OFF-BI-10003727,BH-11710,2,2.508,2017-01-14
4915,OFF-AR-10004042,ME-17725,2,35.96,2015-09-24
4916,OFF-BI-10001097,ME-17725,3,14.952,2015-09-24
4917,OFF-AR-10004344,MB-17305,7,67.144,2017-10-09
4918,FUR-CH-10001802,MB-17305,3,254.058,2017-10-09
4919,FUR-BO-10004709,BM-11575,3,173.94,2016-01-02
4920,TEC-PH-10000455,BM-11575,2,231.98,2016-01-02
4921,OFF-BI-10002393,SC-20575,2,2.296,2017-08-19
4922,OFF-PA-10004381,MH-18115,2,96.08,2017-12-25
4923,OFF-FA-10003059,MH-18115,2,3.62,2017-12-25
4924,OFF-PA-10000994,MH-18115,6,629.1,2017-12-25
4925,TEC-PH-10002890,MH-18115,2,90.48,2017-12-25
4926,OFF-AR-10003338,AR-10345,2,14.88,2017-09-10
4927,FUR-TA-10003008,MO-17500,1,91.275,2017-10-19
4928,OFF-PA-10001972,AD-10180,3,19.44,2017-12-01
4929,FUR-CH-10000155,AD-10180,3,897.15,2017-12-01
4930,OFF-AR-10000658,KD-16345,5,57.75,2014-09-02
4931,OFF-PA-10000349,KD-16345,3,14.94,2014-09-02
4932,OFF-AR-10001446,FM-14215,2,23.1,2017-03-25
4933,OFF-EN-10004483,ZC-21910,1,12.536,2015-09-28
4934,OFF-BI-10002012,ZC-21910,2,1.08,2015-09-28
4935,OFF-FA-10003021,ZC-21910,3,4.512,2015-09-28
4936,TEC-PH-10003356,KS-16300,3,16.776,2015-03-15
4937,OFF-BI-10004728,DP-13390,7,33.74,2017-01-06
4938,OFF-ST-10000078,BD-11605,5,1325.85,2014-01-13
4939,FUR-BO-10003034,BD-11605,3,333.999,2014-01-13
4940,OFF-AR-10003514,BD-11605,5,19.9,2014-01-13
4941,FUR-CH-10001708,IL-15100,9,1268.82,2015-02-06
4942,FUR-BO-10002598,IL-15100,4,283.92,2015-02-06
4943,OFF-AR-10001022,IL-15100,2,5.68,2015-02-06
4944,OFF-ST-10004459,LP-17095,1,375.34,2017-12-21
4945,OFF-PA-10004381,JH-15985,2,96.08,2016-09-05
4946,OFF-BI-10000050,JH-15985,2,11.68,2016-09-05
4947,OFF-FA-10000304,JH-15985,2,4.36,2016-09-05
4948,OFF-LA-10002475,JD-16015,4,29.24,2014-10-04
4949,OFF-BI-10001989,BD-11320,7,117.488,2017-11-27
4950,FUR-FU-10000732,BD-11320,3,18.84,2017-11-27
4951,OFF-AR-10004441,DL-13330,3,12.42,2016-10-28
4952,OFF-PA-10000304,NC-18415,2,12.96,2015-06-09
4953,OFF-AP-10002670,AS-10225,1,69.48,2017-12-08
4954,TEC-PH-10001527,MS-17980,2,85.9,2015-03-16
4955,OFF-AR-10002335,TS-21205,7,18.06,2014-06-09
4956,OFF-PA-10003641,TS-21205,3,79.14,2014-06-09
4957,FUR-FU-10002685,TS-21205,2,37.4,2014-06-09
4958,OFF-BI-10001308,JK-15730,2,2.512,2015-03-20
4959,OFF-FA-10003485,JK-15730,9,18.864,2015-03-20
4960,TEC-PH-10003357,TC-21535,1,61.192,2016-11-18
4961,OFF-AP-10002867,TC-21535,1,67.84,2016-11-18
4962,FUR-CH-10004477,AB-10015,1,48.712,2014-03-07
4963,OFF-AR-10001427,AB-10015,3,17.94,2014-03-07
4964,OFF-ST-10002344,AB-10015,3,242.94,2014-03-07
4965,OFF-BI-10000301,DP-13000,4,7.764,2016-05-15
4966,TEC-PH-10001944,CY-12745,4,467.04,2015-05-25
4967,TEC-PH-10001527,BE-11455,3,128.85,2015-08-02
4968,OFF-PA-10001307,BE-11455,2,8.4,2015-08-02
4969,TEC-AC-10004571,BE-11455,2,199.98,2015-08-02
4970,FUR-CH-10001973,BE-11455,1,110.98,2015-08-02
4971,FUR-CH-10000513,KL-16555,2,207.984,2016-11-06
4972,OFF-PA-10002421,KL-16555,2,36.112,2016-11-06
4973,FUR-FU-10004090,KL-16555,2,35.568,2016-11-06
4974,OFF-PA-10004071,KL-16555,2,88.768,2016-11-06
4975,OFF-PA-10002246,PS-19045,2,12.9,2016-11-07
4976,TEC-AC-10003198,JR-16210,9,717.12,2015-09-18
4977,OFF-BI-10001031,AH-10210,5,21.36,2015-12-07
4978,OFF-BI-10003727,AH-10210,2,6.688,2015-12-07
4979,TEC-PH-10001336,AH-10210,6,773.94,2015-12-07
4980,OFF-SU-10001664,RW-19630,3,20.568,2016-12-09
4981,OFF-AP-10003971,RW-19630,2,4.356,2016-12-09
4982,TEC-AC-10000199,RW-19630,4,19.04,2016-12-09
4983,OFF-LA-10001045,AH-10075,2,5.22,2014-11-16
4984,OFF-ST-10003442,IM-15070,3,84.84,2016-11-06
4985,OFF-FA-10003059,CK-12760,5,7.24,2015-09-06
4986,OFF-LA-10001175,AG-10390,5,14.4,2014-09-03
4987,OFF-PA-10003441,CL-12700,3,15.552,2016-04-24
4988,FUR-CH-10004287,CL-12700,6,1325.76,2016-04-24
4989,OFF-BI-10004040,CL-12700,2,3.108,2016-04-24
4990,OFF-BI-10004022,AW-10930,3,6.672,2017-08-31
4991,TEC-PH-10002200,AW-10930,4,689.408,2017-08-31
4992,OFF-BI-10001120,HG-14965,5,1889.99,2017-12-07
4993,OFF-EN-10000461,RB-19645,8,55.936,2015-12-18
4994,OFF-LA-10004008,RB-19645,8,18.432,2015-12-18
4995,FUR-FU-10000221,RB-19645,5,20.32,2015-12-18
4996,OFF-BI-10000962,SZ-20035,4,52.064,2014-11-04
4997,OFF-AP-10000390,KS-16300,1,48.784,2017-03-10
4998,OFF-BI-10000014,KS-16300,4,13.092,2017-03-10
4999,TEC-PH-10004120,SC-20050,1,109.592,2016-01-31
5000,OFF-PA-10002764,SC-20050,5,56.7,2016-01-31
5001,TEC-AC-10000736,AB-10060,1,79.99,2017-05-07
5002,OFF-SU-10000898,EH-14125,5,69.5,2016-05-24
5003,OFF-PA-10004327,EH-14125,4,191.6,2016-05-24
5004,OFF-PA-10000143,CC-12475,2,10.56,2016-10-07
5005,TEC-AC-10002550,TM-21010,3,47.79,2014-04-30
5006,OFF-ST-10003306,SC-20695,5,714.3,2015-11-10
5007,TEC-MA-10000045,Dp-13240,2,2321.9,2015-11-09
5008,OFF-ST-10001505,Dp-13240,3,17.94,2015-11-09
5009,OFF-BI-10004781,LR-17035,1,9.522,2015-09-07
5010,TEC-PH-10002680,LR-17035,6,791.964,2015-09-07
5011,OFF-BI-10000848,LR-17035,3,4.923,2015-09-07
5012,FUR-BO-10004467,TS-21370,7,209.979,2017-05-11
5013,OFF-BI-10001670,SW-20350,3,33.93,2017-07-21
5014,OFF-ST-10000136,SW-20350,7,222.32,2017-07-21
5015,TEC-PH-10004522,SW-20350,6,210.564,2017-07-21
5016,FUR-FU-10002960,TH-21100,7,35.168,2014-11-24
5017,TEC-PH-10002584,TH-21100,4,1502.376,2014-11-24
5018,FUR-FU-10002505,SS-20410,3,10.11,2014-11-15
5019,TEC-AC-10003832,SS-20410,3,772.47,2014-11-15
5020,OFF-SU-10002537,SS-20410,2,20.46,2014-11-15
5021,OFF-SU-10003505,MZ-17515,3,347.58,2017-03-23
5022,TEC-AC-10001465,JE-15475,2,72.64,2016-12-18
5023,TEC-AC-10003832,JE-15475,3,772.47,2016-12-18
5024,FUR-FU-10003731,JE-15475,4,39.92,2016-12-18
5025,OFF-BI-10004828,RF-19735,2,33.48,2017-07-29
5026,TEC-PH-10003012,RF-19735,3,461.97,2017-07-29
5027,OFF-AP-10002311,RF-19735,2,137.62,2017-07-29
5028,FUR-CH-10004626,RF-19735,3,302.67,2017-07-29
5029,TEC-AC-10001606,CV-12295,3,239.976,2014-09-02
5030,OFF-AR-10001216,VG-21790,3,8.34,2017-01-29
5031,OFF-SU-10001664,VG-21790,1,8.57,2017-01-29
5032,OFF-BI-10002498,VG-21790,8,119.616,2017-01-29
5033,FUR-CH-10003968,BB-11545,3,212.94,2016-12-26
5034,OFF-AP-10002765,BB-11545,1,26.49,2016-12-26
5035,FUR-BO-10004690,HR-14770,5,687.4,2015-08-09
5036,FUR-TA-10000688,SC-20260,3,653.55,2014-04-06
5037,TEC-AC-10003441,SC-20260,2,33.9,2014-04-06
5038,TEC-AC-10003610,EG-13900,5,239.96,2017-11-17
5039,FUR-TA-10001520,TS-21370,4,199.836,2015-07-11
5040,TEC-PH-10001817,TS-21370,2,716.0,2015-07-11
5041,OFF-BI-10004492,TS-21370,7,221.06,2015-07-11
5042,OFF-PA-10002421,AI-10855,3,67.71,2016-11-10
5043,OFF-AP-10000055,AI-10855,4,129.92,2016-11-10
5044,FUR-FU-10000965,AI-10855,9,467.46,2016-11-10
5045,OFF-PA-10001363,AI-10855,5,61.4,2016-11-10
5046,OFF-ST-10001496,AI-10855,4,720.76,2016-11-10
5047,OFF-BI-10004656,AI-10855,3,5.184,2016-11-10
5048,OFF-AR-10001227,AI-10855,5,14.7,2016-11-10
5049,OFF-BI-10002071,DD-13570,7,8.134,2014-03-31
5050,TEC-AC-10004901,DD-13570,2,79.984,2014-03-31
5051,OFF-PA-10001776,AB-10060,2,18.54,2015-09-18
5052,OFF-EN-10000483,KB-16240,2,24.4,2015-11-07
5053,OFF-PA-10003129,JC-15775,4,195.64,2017-05-19
5054,TEC-AC-10003198,AH-10465,5,398.4,2015-01-03
5055,OFF-AR-10001246,AH-10465,3,7.056,2015-01-03
5056,FUR-BO-10003272,AH-10465,9,1352.3976,2015-01-03
5057,OFF-PA-10002606,NM-18520,5,26.4,2015-09-08
5058,OFF-ST-10002486,NM-18520,6,41.88,2015-09-08
5059,OFF-BI-10004330,CS-11950,9,99.846,2016-04-03
5060,TEC-PH-10000560,TP-21130,2,699.98,2016-12-05
5061,OFF-ST-10000060,TP-21130,9,584.82,2016-12-05
5062,OFF-BI-10003684,DL-12925,2,43.98,2015-05-08
5063,TEC-PH-10000441,DL-12925,3,377.97,2015-05-08
5064,FUR-FU-10000723,DL-12925,3,123.96,2015-05-08
5065,TEC-PH-10004977,CA-12265,2,391.98,2017-09-22
5066,TEC-AC-10002001,SC-20380,3,383.976,2017-11-30
5067,FUR-TA-10001889,SC-20380,7,1781.682,2017-11-30
5068,OFF-AR-10003504,TT-21460,5,21.4,2017-01-15
5069,TEC-CO-10001571,MA-17560,1,549.99,2014-08-08
5070,OFF-AP-10002495,MA-17560,3,167.535,2014-08-08
5071,OFF-EN-10002500,MA-17560,3,38.34,2014-08-08
5072,FUR-FU-10002088,MA-17560,6,53.88,2014-08-08
5073,TEC-PH-10001128,MA-17560,2,299.98,2014-08-08
5074,OFF-ST-10000649,JM-16195,4,62.8,2015-11-05
5075,OFF-BI-10002103,MB-18085,2,13.904,2017-04-25
5076,FUR-TA-10001705,SV-20365,5,744.1,2014-04-20
5077,OFF-ST-10004634,SV-20365,5,44.84,2014-04-20
5078,FUR-TA-10004442,SV-20365,2,401.59,2014-04-20
5079,OFF-BI-10002949,CG-12040,3,18.24,2017-11-11
5080,FUR-BO-10002213,BD-11500,3,359.499,2017-11-25
5081,OFF-ST-10001325,BD-11500,1,10.48,2017-11-25
5082,OFF-PA-10003441,JK-15640,4,20.736,2015-12-18
5083,TEC-AC-10004209,JM-15580,4,35.168,2016-09-08
5084,OFF-PA-10000501,JM-15580,3,64.704,2016-09-08
5085,OFF-PA-10003656,SC-20230,4,105.52,2016-06-06
5086,OFF-BI-10001107,ME-17320,2,5.792,2015-06-19
5087,TEC-PH-10000562,KN-16390,7,466.158,2015-03-05
5088,TEC-AC-10001101,KN-16390,1,10.312,2015-03-05
5089,OFF-BI-10003529,KN-16390,3,2.556,2015-03-05
5090,OFF-PA-10001752,HM-14860,2,7.968,2017-08-04
5091,OFF-EN-10001141,HM-14860,1,8.784,2017-08-04
5092,OFF-FA-10003472,JM-15580,3,3.024,2017-12-30
5093,OFF-ST-10004507,KH-16690,3,51.45,2015-05-23
5094,OFF-AP-10004036,BK-11260,4,14.016,2014-12-06
5095,FUR-TA-10004086,BK-11260,5,214.95,2014-12-06
5096,TEC-PH-10000307,BK-11260,4,35.04,2014-12-06
5097,FUR-FU-10002088,BK-11260,3,10.776,2014-12-06
5098,OFF-BI-10004965,BK-11260,2,4.6,2014-12-06
5099,OFF-ST-10002485,BK-11260,2,35.168,2014-12-06
5100,OFF-BI-10002194,PN-18775,3,19.152,2015-08-07
5101,OFF-AR-10003732,AZ-10750,2,4.448,2014-03-17
5102,OFF-PA-10002195,AZ-10750,1,5.184,2014-03-17
5103,OFF-PA-10002365,AZ-10750,3,15.552,2014-03-17
5104,OFF-PA-10001950,GM-14500,6,40.032,2015-03-26
5105,TEC-AC-10004633,GM-14500,3,16.776,2015-03-26
5106,FUR-CH-10002439,BM-11785,4,186.304,2014-12-14
5107,TEC-AC-10000682,NH-18610,4,66.36,2015-09-19
5108,OFF-AR-10004078,PN-18775,9,42.048,2017-04-25
5109,OFF-AR-10001958,PN-18775,5,67.92,2017-04-25
5110,OFF-EN-10001335,EH-13765,6,52.512,2014-10-18
5111,OFF-ST-10003479,EH-13765,6,186.912,2014-10-18
5112,OFF-PA-10003016,EH-13765,4,10.048,2014-10-18
5113,FUR-FU-10001025,HA-14905,9,17.496,2015-11-13
5114,OFF-PA-10003936,AB-10150,3,15.552,2016-01-31
5115,OFF-BI-10004140,MS-17365,3,10.776,2016-11-17
5116,OFF-LA-10004178,DD-13570,1,3.304,2017-07-25
5117,OFF-ST-10003324,MT-17815,1,35.48,2017-11-11
5118,OFF-FA-10004854,GM-14500,3,34.44,2015-09-26
5119,TEC-MA-10002859,GM-14500,7,629.93,2015-09-26
5120,OFF-BI-10000088,GM-14500,9,79.056,2015-09-26
5121,OFF-ST-10004180,KB-16585,5,232.55,2014-04-04
5122,TEC-AC-10002926,KB-16585,2,99.98,2014-04-04
5123,OFF-PA-10003797,KB-16585,3,19.44,2014-04-04
5124,OFF-PA-10002195,KB-16585,2,12.96,2014-04-04
5125,FUR-TA-10001039,DM-13015,9,464.292,2014-09-14
5126,OFF-EN-10001099,DM-13015,7,68.46,2014-09-14
5127,TEC-MA-10003979,DM-13015,4,2799.96,2014-09-14
5128,OFF-AP-10002945,DM-13015,2,601.3,2014-09-14
5129,TEC-PH-10001536,DM-13015,1,16.99,2014-09-14
5130,TEC-PH-10000526,DM-13015,3,287.97,2014-09-14
5131,OFF-PA-10000213,DM-13015,9,44.82,2014-09-14
5132,FUR-FU-10002501,BP-11185,8,101.12,2017-12-29
5133,TEC-PH-10001819,EP-13915,3,107.976,2015-06-21
5134,OFF-AP-10001962,FG-14260,7,58.73,2017-11-26
5135,OFF-BI-10003364,FG-14260,4,93.344,2017-11-26
5136,OFF-FA-10002983,AB-10255,5,17.05,2016-10-23
5137,OFF-BI-10002432,RD-19480,2,8.096,2015-12-14
5138,FUR-FU-10003096,TS-21430,4,30.36,2016-11-13
5139,OFF-EN-10001539,JA-15970,3,23.34,2017-09-29
5140,OFF-PA-10004996,JA-15970,5,51.55,2017-09-29
5141,TEC-AC-10001956,SW-20455,2,119.9,2015-11-08
5142,FUR-CH-10000454,FP-14320,6,1317.492,2016-04-01
5143,OFF-SU-10000946,FP-14320,8,63.84,2016-04-01
5144,OFF-BI-10004140,FP-14320,1,3.592,2016-04-01
5145,FUR-FU-10003039,JL-15835,2,86.26,2017-02-02
5146,OFF-ST-10000464,JL-15835,4,139.04,2017-02-02
5147,OFF-AP-10000252,JL-15835,4,46.8,2017-02-02
5148,FUR-FU-10001731,JL-15175,4,8.544,2017-12-24
5149,FUR-CH-10001394,JL-15175,3,842.376,2017-12-24
5150,TEC-PH-10001578,JG-15160,3,1214.85,2014-06-21
5151,OFF-ST-10000675,SH-19975,2,67.78,2017-03-06
5152,OFF-ST-10002352,LS-17200,5,39.9,2017-09-25
5153,OFF-BI-10004528,CS-11860,1,2.688,2014-06-30
5154,OFF-AR-10001026,CS-11860,3,6.6,2014-06-30
5155,OFF-BI-10002215,KW-16570,4,28.4,2015-08-07
5156,FUR-FU-10000305,KW-16570,3,212.94,2015-08-07
5157,TEC-PH-10002584,GH-14410,2,1001.584,2017-06-30
5158,FUR-CH-10000229,GH-14410,3,569.058,2017-06-30
5159,FUR-FU-10003799,GH-14410,2,14.224,2017-06-30
5160,TEC-PH-10001700,AG-10495,2,105.584,2015-10-26
5161,TEC-PH-10001527,AG-10495,2,68.72,2015-10-26
5162,FUR-BO-10002916,TS-21430,8,1367.84,2014-07-30
5163,FUR-CH-10000863,AJ-10945,2,301.96,2016-11-18
5164,FUR-CH-10003968,SJ-20215,3,170.352,2015-07-06
5165,OFF-AR-10001149,SC-20020,2,3.9,2014-11-10
5166,OFF-PA-10000130,SC-20020,3,12.84,2014-11-10
5167,OFF-PA-10002479,SC-20020,3,15.84,2014-11-10
5168,FUR-CH-10004997,SC-20020,3,563.94,2014-11-10
5169,OFF-ST-10004950,SC-20020,3,62.94,2014-11-10
5170,OFF-ST-10001490,SC-20020,3,535.41,2014-11-10
5171,FUR-CH-10002024,LA-16780,5,3504.9,2016-05-27
5172,OFF-PA-10001790,LA-16780,3,144.12,2016-05-27
5173,OFF-PA-10000994,LA-16780,3,314.55,2016-05-27
5174,OFF-AR-10002399,FC-14335,1,3.408,2015-03-08
5175,OFF-BI-10002799,CA-12265,2,2.072,2017-10-19
5176,FUR-BO-10004360,CA-12265,3,328.3992,2017-10-19
5177,OFF-BI-10002082,JH-15985,2,53.248,2016-11-05
5178,OFF-BI-10004967,AJ-10795,3,4.992,2016-12-26
5179,FUR-FU-10004973,BT-11395,2,37.68,2015-04-13
5180,TEC-PH-10003645,BT-11395,2,258.576,2015-04-13
5181,OFF-AP-10004980,BT-11395,2,75.84,2015-04-13
5182,OFF-PA-10003797,DJ-13510,7,45.36,2017-09-12
5183,OFF-BI-10003707,DJ-13510,3,45.78,2017-09-12
5184,OFF-ST-10000885,AG-10675,3,40.29,2017-09-24
5185,OFF-BI-10002827,AG-10675,7,38.71,2017-09-24
5186,OFF-ST-10004459,JD-15790,6,1801.632,2015-10-10
5187,TEC-PH-10002789,EH-14125,8,748.752,2015-11-27
5188,TEC-AC-10001314,ZC-21910,4,199.96,2015-09-13
5189,FUR-CH-10000015,ZC-21910,7,1516.2,2015-09-13
5190,TEC-AC-10004855,XP-21865,6,167.952,2017-11-14
5191,OFF-AR-10003582,XP-21865,2,45.04,2017-11-14
5192,OFF-EN-10003448,DK-12985,2,23.16,2017-05-05
5193,FUR-FU-10003773,CS-12250,5,397.6,2014-11-28
5194,OFF-PA-10001363,CS-12250,7,85.96,2014-11-28
5195,OFF-AR-10004757,CS-12250,4,13.12,2014-11-28
5196,OFF-BI-10000309,CS-12250,3,45.66,2014-11-28
5197,OFF-EN-10001434,AI-10855,3,158.13,2014-05-10
5198,TEC-PH-10003988,AI-10855,5,43.6,2014-05-10
5199,OFF-SU-10000151,AA-10315,3,3930.072,2016-03-03
5200,OFF-FA-10001332,AA-10315,1,2.304,2016-03-03
5201,TEC-PH-10000895,AA-10315,3,431.976,2016-03-03
5202,TEC-AC-10002857,AA-10315,7,41.72,2016-03-03
5203,FUR-FU-10004018,RE-19450,7,104.23,2015-08-15
5204,OFF-ST-10003638,RE-19450,3,70.26,2015-08-15
5205,OFF-AR-10004685,TM-21010,2,9.26,2015-09-12
5206,OFF-ST-10001713,TM-21010,2,105.98,2015-09-12
5207,OFF-FA-10000490,TM-21010,1,1.24,2015-09-12
5208,OFF-LA-10002043,TM-21010,2,20.7,2015-09-12
5209,OFF-PA-10002464,TM-21010,5,28.9,2015-09-12
5210,OFF-EN-10002504,TM-21010,1,27.18,2015-09-12
5211,OFF-ST-10002615,YS-21880,3,465.18,2015-01-12
5212,OFF-ST-10004258,AZ-10750,3,36.63,2015-05-12
5213,OFF-ST-10004507,CM-12445,3,51.45,2016-09-26
5214,OFF-LA-10000262,CM-12445,3,7.83,2016-09-26
5215,OFF-AR-10002445,CM-12445,5,35.4,2016-09-26
5216,OFF-PA-10001667,CM-12445,5,29.9,2016-09-26
5217,OFF-EN-10000461,JB-16000,2,17.48,2017-09-09
5218,OFF-PA-10002254,NS-18640,3,79.14,2017-04-15
5219,OFF-AR-10001868,LC-16930,5,8.4,2017-06-10
5220,FUR-CH-10004875,CA-12775,7,498.26,2017-09-01
5221,FUR-BO-10000711,SR-20425,3,212.94,2014-06-14
5222,OFF-AP-10000938,PP-18955,7,706.86,2017-05-18
5223,TEC-PH-10003555,PP-18955,5,114.95,2017-05-18
5224,OFF-BI-10001267,PP-18955,7,43.19,2017-05-18
5225,OFF-PA-10004071,JM-15865,3,166.44,2017-09-12
5226,OFF-BI-10001553,AS-10090,5,36.56,2016-06-21
5227,OFF-BI-10003007,AS-10090,6,186.144,2016-06-21
5228,FUR-BO-10003272,AS-10090,2,353.568,2016-06-21
5229,OFF-PA-10001033,LS-16975,2,81.98,2014-11-26
5230,OFF-BI-10001553,SA-20830,2,14.624,2017-03-19
5231,FUR-TA-10001095,SA-20830,5,697.16,2017-03-19
5232,FUR-FU-10001185,SA-20830,1,30.93,2017-03-19
5233,OFF-BI-10000343,SA-20830,7,27.496,2017-03-19
5234,FUR-CH-10004626,LS-17200,6,605.34,2014-10-18
5235,FUR-TA-10001768,TM-21490,1,210.008,2017-08-22
5236,OFF-AP-10001947,TT-21265,3,54.96,2016-11-19
5237,FUR-FU-10004952,DN-13690,3,164.22,2014-09-20
5238,FUR-BO-10001337,DN-13690,3,362.94,2014-09-20
5239,TEC-AC-10003628,DN-13690,2,59.98,2014-09-20
5240,OFF-ST-10004186,EB-14110,3,332.94,2016-09-11
5241,OFF-BI-10001658,EB-14110,2,39.872,2016-09-11
5242,OFF-SU-10004737,CM-11815,2,13.68,2016-09-23
5243,OFF-BI-10002827,HM-14860,3,3.318,2017-08-04
5244,OFF-BI-10003694,KM-16375,1,10.44,2016-07-25
5245,FUR-TA-10001691,BF-11020,2,136.464,2016-08-02
5246,TEC-PH-10001918,BF-11020,3,333.576,2016-08-02
5247,OFF-BI-10000285,BF-11020,2,12.544,2016-08-02
5248,OFF-AP-10000358,JE-15745,8,20.768,2015-05-21
5249,TEC-AC-10002345,EJ-14155,3,43.5,2017-11-03
5250,OFF-FA-10001229,BN-11470,4,12.576,2015-04-16
5251,TEC-AC-10001314,EC-14050,5,249.95,2016-12-12
5252,OFF-PA-10004438,EC-14050,4,49.12,2016-12-12
5253,OFF-AP-10000026,TT-21220,3,182.91,2015-10-30
5254,OFF-BI-10004224,NP-18685,2,107.648,2014-03-07
5255,FUR-CH-10002647,AH-10195,2,99.372,2015-03-05
5256,FUR-FU-10003247,AH-10195,2,33.568,2015-03-05
5257,OFF-PA-10003270,CC-12145,2,10.56,2016-08-08
5258,OFF-PA-10004735,DL-13315,6,38.88,2017-01-03
5259,OFF-PA-10001745,XP-21865,5,35.2,2017-10-09
5260,OFF-PA-10000176,MA-17560,3,45.528,2017-10-20
5261,TEC-PH-10000675,SZ-20035,3,196.776,2014-09-07
5262,OFF-BI-10000050,SZ-20035,2,2.92,2014-09-07
5263,FUR-TA-10004154,SZ-20035,1,200.795,2014-09-07
5264,TEC-AC-10002718,SZ-20035,4,46.688,2014-09-07
5265,OFF-AR-10003179,SZ-20035,3,21.864,2014-09-07
5266,OFF-PA-10001838,CS-11845,2,11.76,2017-09-30
5267,OFF-PA-10004039,CS-11845,3,167.94,2017-09-30
5268,OFF-AP-10001626,CS-11845,1,3.89,2017-09-30
5269,TEC-MA-10003173,MH-18115,4,52.44,2017-11-16
5270,FUR-FU-10000260,CB-12025,4,32.36,2017-09-11
5271,OFF-AP-10004487,CB-12025,5,406.6,2017-09-11
5272,FUR-FU-10001487,JO-15145,4,27.92,2017-01-16
5273,FUR-TA-10001520,JO-15145,7,399.672,2017-01-16
5274,OFF-BI-10000145,PA-19060,4,3.744,2016-11-26
5275,FUR-CH-10000595,SV-20785,3,715.2,2015-11-07
5276,TEC-AC-10004469,KL-16555,4,159.8,2017-12-14
5277,TEC-AC-10003038,KL-16555,5,44.75,2017-12-14
5278,FUR-CH-10004698,BC-11125,6,340.116,2014-09-13
5279,OFF-PA-10003641,PO-18850,4,105.52,2014-12-07
5280,TEC-AC-10002134,AG-10675,1,13.48,2017-09-07
5281,OFF-ST-10001837,DB-13210,2,85.52,2017-10-07
5282,FUR-FU-10001706,SP-20860,2,6.16,2015-09-05
5283,OFF-PA-10001970,SP-20860,3,36.84,2015-09-05
5284,OFF-ST-10002957,Dl-13600,3,15.84,2014-03-30
5285,OFF-LA-10002312,Dl-13600,3,44.4,2014-03-30
5286,OFF-EN-10002600,LH-17020,9,21.24,2017-05-05
5287,OFF-BI-10003274,LH-17020,8,9.552,2017-05-05
5288,FUR-BO-10004467,LH-17020,3,89.991,2017-05-05
5289,OFF-PA-10000675,AD-10180,4,163.96,2017-04-30
5290,OFF-PA-10002259,KT-16465,2,17.904,2014-09-08
5291,FUR-CH-10004287,KT-16465,5,966.7,2014-09-08
5292,OFF-PA-10000482,KT-16465,6,182.112,2014-09-08
5293,OFF-ST-10004835,PJ-19015,1,4.464,2017-06-20
5294,FUR-TA-10004086,MC-18100,1,51.588,2015-12-26
5295,OFF-LA-10000305,BO-11350,8,50.4,2017-08-15
5296,OFF-PA-10000806,DP-13000,2,89.568,2017-03-04
5297,FUR-FU-10004018,TM-21490,1,14.89,2017-07-27
5298,TEC-PH-10002660,TM-21490,8,543.92,2017-07-27
5299,OFF-EN-10001509,DV-13045,2,4.08,2016-09-23
5300,OFF-LA-10003148,DV-13045,3,18.9,2016-09-23
5301,FUR-TA-10002645,AH-10690,10,2275.5,2016-05-30
5302,TEC-AC-10003033,AH-10690,6,1979.7,2016-05-30
5303,OFF-LA-10001297,AH-10690,6,62.1,2016-05-30
5304,FUR-CH-10002017,AB-10165,2,37.296,2014-11-16
5305,FUR-FU-10001546,JS-15940,2,8.544,2014-09-21
5306,FUR-FU-10000629,BV-11245,5,68.95,2016-02-21
5307,OFF-ST-10000036,BV-11245,3,296.37,2016-02-21
5308,TEC-PH-10002583,BV-11245,2,39.98,2016-02-21
5309,FUR-CH-10003774,NC-18415,3,191.058,2017-11-19
5310,OFF-AR-10003876,NC-18415,5,13.04,2017-11-19
5311,OFF-BI-10003527,NC-18415,6,1525.188,2017-11-19
5312,OFF-LA-10004559,SU-20665,4,9.216,2016-08-21
5313,OFF-SU-10002573,SU-20665,2,28.048,2016-08-21
5314,FUR-FU-10000222,DJ-13510,2,64.96,2017-04-30
5315,OFF-EN-10001219,DJ-13510,4,30.56,2017-04-30
5316,FUR-CH-10002304,DL-12865,9,187.056,2016-05-02
5317,FUR-FU-10002364,Dp-13240,2,11.808,2017-10-02
5318,FUR-FU-10004864,Dp-13240,1,9.656,2017-10-02
5319,OFF-PA-10003172,Dp-13240,4,20.736,2017-10-02
5320,OFF-BI-10000977,Dp-13240,3,27.36,2017-10-02
5321,FUR-TA-10000198,Dp-13240,7,2314.116,2017-10-02
5322,OFF-BI-10003984,Dp-13240,4,34.236,2017-10-02
5323,FUR-FU-10003691,Dp-13240,2,19.76,2017-10-02
5324,OFF-PA-10004082,TM-21010,2,15.96,2017-09-18
5325,OFF-AR-10003723,TZ-21580,5,16.9,2015-12-04
5326,FUR-FU-10004270,TZ-21580,6,25.08,2015-12-04
5327,OFF-AR-10003183,SC-20260,2,6.68,2015-01-17
5328,OFF-PA-10002005,LS-17230,3,19.44,2014-01-06
5329,TEC-PH-10000149,MV-18190,2,31.92,2015-03-05
5330,OFF-BI-10001524,BD-11620,2,33.568,2016-12-25
5331,FUR-FU-10004748,CV-12295,1,63.94,2016-09-04
5332,OFF-BI-10001460,CV-12295,5,60.6,2016-09-04
5333,OFF-SU-10002503,CV-12295,4,22.72,2016-09-04
5334,FUR-FU-10001731,KB-16315,4,10.68,2014-08-26
5335,OFF-PA-10002160,KB-16315,3,17.34,2014-08-26
5336,OFF-PA-10002659,KB-16315,1,3.38,2014-08-26
5337,OFF-BI-10001636,ME-18010,4,26.976,2015-05-21
5338,OFF-PA-10000062,AJ-10780,7,307.776,2017-10-16
5339,OFF-ST-10002554,DV-13465,5,244.55,2015-11-09
5340,OFF-EN-10001509,DV-13465,6,12.24,2015-11-09
5341,TEC-AC-10002018,DV-13465,2,13.98,2015-11-09
5342,TEC-AC-10002637,DV-13465,5,899.95,2015-11-09
5343,OFF-EN-10001509,JK-15325,1,1.632,2014-11-21
5344,TEC-PH-10004922,JK-15325,5,267.96,2014-11-21
5345,TEC-AC-10002550,SH-20395,1,31.95,2015-10-11
5346,OFF-ST-10003208,SC-20725,4,725.84,2017-03-21
5347,OFF-BI-10003981,SC-20725,3,10.896,2017-03-21
5348,OFF-BI-10001031,SC-20725,2,8.544,2017-03-21
5349,OFF-BI-10003676,CS-12250,3,32.34,2015-01-04
5350,OFF-PA-10004082,CS-12250,5,39.9,2015-01-04
5351,OFF-PA-10001019,LH-16900,9,143.856,2017-12-09
5352,OFF-PA-10004665,YC-21895,4,41.92,2016-09-06
5353,TEC-PH-10002447,YC-21895,2,329.584,2016-09-06
5354,OFF-BI-10000014,CY-12745,8,87.28,2016-09-03
5355,FUR-CH-10002439,AH-10030,6,279.456,2014-05-13
5356,OFF-PA-10003063,AH-10030,2,8.0,2014-05-13
5357,OFF-BI-10002982,AR-10540,5,27.24,2016-09-29
5358,TEC-AC-10004510,SS-20590,1,16.36,2014-08-05
5359,OFF-ST-10000321,SS-20590,2,15.78,2014-08-05
5360,OFF-AR-10004602,SS-20590,2,45.98,2014-08-05
5361,FUR-BO-10003433,DW-13585,8,198.272,2017-04-14
5362,OFF-ST-10001496,NC-18625,5,720.76,2017-06-09
5363,FUR-FU-10000672,CD-11920,6,70.56,2016-12-29
5364,OFF-AP-10001293,CD-11920,2,81.96,2016-12-29
5365,OFF-AP-10000692,DW-13195,4,64.864,2014-01-18
5366,TEC-PH-10004539,EH-13990,1,151.192,2016-11-20
5367,TEC-PH-10002923,BD-11320,3,88.776,2017-06-10
5368,OFF-LA-10004689,BD-11320,4,11.56,2017-06-10
5369,OFF-ST-10001228,BD-11320,1,15.58,2017-06-10
5370,OFF-PA-10003302,KH-16630,3,85.056,2017-09-10
5371,FUR-FU-10004665,NH-18610,2,273.96,2017-04-08
5372,FUR-FU-10004188,NH-18610,3,306.9,2017-04-08
5373,OFF-PA-10003177,AG-10495,3,15.552,2015-10-24
5374,FUR-TA-10002607,AG-10495,7,347.361,2015-10-24
5375,OFF-PA-10001166,AG-10495,2,10.368,2015-10-24
5376,TEC-AC-10004510,RP-19855,6,98.16,2017-05-27
5377,OFF-AR-10004062,RP-19855,3,31.44,2017-05-27
5378,OFF-EN-10000056,NB-18655,7,348.488,2014-12-05
5379,OFF-ST-10001469,NB-18655,4,172.736,2014-12-05
5380,OFF-PA-10000551,JM-15580,3,15.54,2016-08-14
5381,TEC-MA-10000423,JM-15580,6,105.552,2016-08-14
5382,OFF-PA-10001870,DM-13525,5,25.92,2016-09-05
5383,OFF-FA-10001843,DM-13525,8,15.808,2016-09-05
5384,OFF-PA-10002036,DM-13525,2,10.368,2016-09-05
5385,TEC-PH-10001760,CC-12220,3,358.2,2017-06-26
5386,TEC-PH-10000673,CC-12220,14,545.916,2017-06-26
5387,OFF-BI-10000829,GA-14725,9,40.41,2017-03-12
5388,TEC-PH-10001924,CV-12805,3,167.976,2017-02-18
5389,TEC-AC-10004864,CV-12805,3,109.53,2017-02-18
5390,OFF-LA-10004345,CV-12805,2,9.82,2017-02-18
5391,OFF-BI-10000088,NC-18535,3,26.352,2017-11-10
5392,OFF-LA-10002787,GR-14560,6,22.5,2014-11-19
5393,OFF-LA-10001569,GR-14560,2,9.96,2014-11-19
5394,OFF-BI-10002429,GR-14560,7,213.08,2014-11-19
5395,FUR-BO-10000362,GR-14560,6,1025.88,2014-11-19
5396,OFF-PA-10003016,JG-15805,7,21.98,2014-11-18
5397,FUR-FU-10002501,EB-13750,5,63.2,2016-09-24
5398,OFF-AP-10003622,MC-17605,12,39.0,2016-11-20
5399,OFF-BI-10002764,BM-11650,3,2.907,2016-09-27
5400,FUR-BO-10001798,HF-14995,5,556.665,2016-04-09
5401,TEC-AC-10000158,ML-18265,2,71.98,2017-09-21
5402,TEC-AC-10000303,ML-18265,2,79.98,2017-09-21
5403,OFF-BI-10003910,AH-10195,4,24.672,2017-08-24
5404,OFF-BI-10000138,AH-10195,1,3.744,2017-08-24
5405,TEC-PH-10002398,TZ-21580,5,445.96,2016-02-22
5406,TEC-AC-10003399,TZ-21580,1,36.24,2016-02-22
5407,OFF-FA-10000992,TZ-21580,3,10.65,2016-02-22
5408,OFF-PA-10003022,DM-13345,4,87.92,2017-12-08
5409,OFF-BI-10002854,DM-13345,1,22.424,2017-12-08
5410,OFF-BI-10001670,DM-13345,3,90.48,2017-12-08
5411,OFF-ST-10001837,DM-13345,1,42.76,2017-12-08
5412,OFF-BI-10002012,TS-21505,7,10.08,2017-09-18
5413,TEC-AC-10004992,TS-21505,3,101.34,2017-09-18
5414,TEC-PH-10003171,TB-21625,5,224.75,2016-09-11
5415,OFF-AP-10000390,LC-16870,6,73.176,2017-09-23
5416,OFF-PA-10004888,LC-16870,4,20.736,2017-09-23
5417,TEC-PH-10004188,LC-16870,2,39.984,2017-09-23
5418,OFF-BI-10004099,AM-10360,2,15.36,2014-10-06
5419,OFF-PA-10004621,JE-15715,7,36.288,2015-10-23
5420,TEC-PH-10002103,JE-15715,2,150.384,2015-10-23
5421,TEC-PH-10002789,CS-11950,3,280.782,2016-03-31
5422,TEC-AC-10003289,CS-11950,2,31.984,2016-03-31
5423,OFF-BI-10000138,PF-19225,3,11.232,2016-12-29
5424,OFF-PA-10001215,PJ-18835,5,26.4,2017-11-03
5425,OFF-AR-10001545,JF-15490,2,3.52,2017-01-20
5426,TEC-AC-10003870,NM-18520,5,1649.95,2016-12-03
5427,FUR-FU-10001085,NM-18520,6,111.9,2016-12-03
5428,FUR-BO-10004218,MH-17290,5,599.165,2016-06-14
5429,OFF-ST-10003455,SZ-20035,3,46.53,2016-09-02
5430,FUR-FU-10001967,PR-18880,2,31.984,2014-09-05
5431,OFF-AP-10000938,FC-14245,2,161.568,2017-10-21
5432,OFF-PA-10002195,FC-14245,1,4.064,2017-10-21
5433,OFF-BI-10002799,FC-14245,4,6.216,2017-10-21
5434,OFF-AR-10000246,LH-16750,4,8.896,2017-04-25
5435,OFF-AP-10000275,RM-19675,5,1640.7,2015-10-19
5436,TEC-AC-10000892,RM-19675,3,270.0,2015-10-19
5437,FUR-FU-10001591,DM-13525,2,19.52,2014-07-05
5438,OFF-BI-10001787,DM-13525,5,9.81,2014-07-05
5439,FUR-FU-10003192,DM-13525,3,213.216,2014-07-05
5440,OFF-BI-10004600,EH-14185,2,588.784,2016-04-04
5441,OFF-AR-10002335,TC-21295,1,2.064,2017-11-13
5442,OFF-PA-10000859,AI-10855,2,6.368,2017-09-09
5443,TEC-AC-10003198,JM-15535,1,99.6,2015-04-17
5444,OFF-BI-10001900,JM-15535,13,62.296,2015-04-17
5445,OFF-AR-10000614,JM-15535,3,10.71,2015-04-17
5446,OFF-EN-10003040,BE-11335,1,20.936,2016-07-25
5447,TEC-PH-10003442,DR-12880,6,33.0,2016-08-26
5448,TEC-AC-10002800,DR-12880,5,249.95,2016-08-26
5449,OFF-SU-10000157,TA-21385,3,357.93,2014-09-12
5450,TEC-AC-10001542,TA-21385,5,57.4,2014-09-12
5451,OFF-BI-10004519,TA-21385,2,331.96,2014-09-12
5452,FUR-FU-10003464,TA-21385,2,40.56,2014-09-12
5453,OFF-SU-10004261,KN-16705,5,86.2,2016-07-22
5454,OFF-PA-10004733,PJ-18835,6,38.016,2017-05-19
5455,OFF-ST-10001325,MC-17605,1,8.384,2017-04-28
5456,OFF-AR-10003056,MC-17605,2,6.848,2017-04-28
5457,OFF-FA-10000089,BS-11755,5,19.6,2017-12-29
5458,FUR-FU-10004093,BS-11755,2,68.46,2017-12-29
5459,OFF-BI-10004022,PK-19075,6,13.344,2017-09-04
5460,FUR-TA-10001771,PK-19075,8,1478.272,2017-09-04
5461,OFF-ST-10002301,TS-21205,1,16.272,2014-03-21
5462,FUR-FU-10001706,BD-11725,3,9.24,2017-09-28
5463,OFF-BI-10003676,TS-21340,10,32.34,2014-01-19
5464,OFF-PA-10000659,TS-21340,4,56.064,2014-01-19
5465,OFF-EN-10002504,TS-21340,5,108.72,2014-01-19
5466,FUR-BO-10001972,TS-21340,5,181.47,2014-01-19
5467,OFF-PA-10000466,ST-20530,3,16.176,2014-02-14
5468,FUR-CH-10002774,DB-13210,3,122.352,2016-06-09
5469,FUR-CH-10000454,KF-16285,3,585.552,2014-09-26
5470,OFF-PA-10004888,KF-16285,3,19.44,2014-09-26
5471,OFF-AP-10003842,JM-16195,5,123.92,2016-05-30
5472,FUR-FU-10000320,TS-21505,5,13.36,2017-12-19
5473,OFF-ST-10002554,TS-21505,2,78.256,2017-12-19
5474,FUR-BO-10000468,TS-21505,7,102.018,2017-12-19
5475,OFF-ST-10004459,YC-21895,2,750.68,2017-12-26
5476,OFF-LA-10002312,Dp-13240,3,44.4,2017-06-15
5477,OFF-ST-10001291,Dp-13240,5,84.55,2017-06-15
5478,OFF-PA-10003022,Dp-13240,3,17.94,2017-06-15
5479,OFF-BI-10002133,SJ-20500,3,128.4,2016-11-20
5480,OFF-BI-10001097,KB-16240,1,1.869,2014-03-31
5481,TEC-PH-10001336,CS-12250,1,103.192,2017-10-08
5482,TEC-AC-10002305,CS-12250,2,36.0,2017-10-08
5483,TEC-AC-10003610,CS-12250,4,239.96,2017-10-08
5484,OFF-ST-10002301,CS-12250,2,40.68,2017-10-08
5485,FUR-CH-10002044,EB-13870,4,419.136,2017-01-30
5486,OFF-EN-10001099,PB-19150,3,23.472,2014-12-12
5487,OFF-BI-10004140,MT-18070,4,3.592,2015-10-24
5488,TEC-PH-10004897,BF-11020,3,23.976,2017-04-01
5489,OFF-LA-10000262,BF-11020,3,6.264,2017-04-01
5490,OFF-AP-10002222,BF-11020,3,20.808,2017-04-01
5491,FUR-CH-10003774,BF-11020,3,218.352,2017-04-01
5492,OFF-ST-10000615,CG-12520,2,18.16,2017-01-26
5493,OFF-SU-10001225,DH-13675,2,7.36,2014-11-28
5494,OFF-LA-10002043,DH-13675,4,41.4,2014-11-28
5495,FUR-BO-10000330,DH-13675,4,411.332,2014-11-28
5496,OFF-BI-10001249,SC-20440,4,7.656,2015-09-04
5497,TEC-AC-10004469,HG-15025,2,63.92,2017-06-12
5498,OFF-AR-10001177,MM-18055,2,6.56,2017-07-15
5499,OFF-LA-10000634,MM-18055,3,7.83,2017-07-15
5500,TEC-AC-10004708,MM-18055,2,41.9,2017-07-15
5501,FUR-CH-10002084,MM-18055,6,664.146,2017-07-15
5502,OFF-PA-10004519,MM-18055,2,8.96,2017-07-15
5503,FUR-FU-10001847,TH-21115,1,3.312,2017-11-02
5504,OFF-AP-10001962,TH-21115,3,20.136,2017-11-02
5505,OFF-EN-10003845,TH-21115,3,8.856,2017-11-02
5506,TEC-PH-10001817,TH-21115,4,859.2,2017-11-02
5507,OFF-PA-10000167,JE-15745,2,61.96,2016-10-08
5508,OFF-EN-10002973,PG-18820,4,17.92,2016-04-08
5509,FUR-FU-10001588,MB-17305,5,145.9,2015-10-08
5510,OFF-PA-10001736,JD-16015,2,56.704,2017-05-15
5511,TEC-PH-10002185,JD-16015,2,11.12,2017-05-15
5512,OFF-PA-10000174,JH-15430,4,32.896,2014-02-24
5513,OFF-PA-10000069,JH-15430,3,22.776,2014-02-24
5514,TEC-PH-10001795,EN-13780,3,239.97,2015-05-30
5515,OFF-AP-10004540,EN-13780,2,160.32,2015-05-30
5516,TEC-PH-10001527,EN-13780,3,128.85,2015-05-30
5517,TEC-AC-10003870,KC-16255,4,1319.96,2016-11-18
5518,FUR-CH-10004540,MS-17980,10,239.96,2017-12-04
5519,FUR-FU-10004093,MS-17980,2,54.768,2017-12-04
5520,OFF-AR-10000716,MS-17980,3,13.392,2017-12-04
5521,OFF-PA-10002709,MS-17980,5,23.92,2017-12-04
5522,TEC-AC-10000580,MS-17980,4,255.968,2017-12-04
5523,OFF-BI-10000829,CK-12205,6,21.552,2016-06-05
5524,OFF-AP-10004859,CK-12205,4,58.24,2016-06-05
5525,OFF-PA-10000575,SJ-20125,12,80.28,2016-12-10
5526,OFF-AR-10002804,EA-14035,2,9.78,2017-04-30
5527,OFF-FA-10002676,MG-17890,1,1.81,2017-04-24
5528,OFF-PA-10003465,AB-10255,2,37.94,2015-05-08
5529,TEC-PH-10000011,SC-20260,5,79.96,2015-03-31
5530,OFF-PA-10004381,TB-21355,3,115.296,2017-08-06
5531,TEC-PH-10001795,JK-16090,4,2479.96,2017-12-02
5532,TEC-AC-10001109,CK-12595,6,179.94,2016-06-06
5533,TEC-AC-10003038,CK-12595,3,26.85,2016-06-06
5534,TEC-AC-10003174,CK-12595,3,323.37,2016-06-06
5535,OFF-PA-10000157,CK-12595,3,59.94,2016-06-06
5536,OFF-BI-10001721,CK-12595,3,64.14,2016-06-06
5537,OFF-BI-10000591,CK-12595,3,11.67,2016-06-06
5538,OFF-PA-10001534,CK-12595,2,12.96,2016-06-06
5539,OFF-BI-10002071,SS-20590,3,17.43,2015-04-13
5540,FUR-CH-10000513,LE-16810,2,181.986,2017-05-22
5541,OFF-BI-10003274,LE-16810,2,1.592,2017-05-22
5542,OFF-SU-10000381,LE-16810,3,22.344,2017-05-22
5543,FUR-TA-10001086,ES-14080,6,455.97,2016-12-19
5544,OFF-BI-10000174,ES-14080,6,10.44,2016-12-19
5545,OFF-BI-10002103,ES-14080,2,5.214,2016-12-19
5546,OFF-ST-10001590,MG-17890,5,67.4,2017-09-22
5547,FUR-FU-10002396,JM-16195,2,25.16,2017-09-07
5548,TEC-PH-10002807,JM-16195,4,126.56,2017-09-07
5549,OFF-AP-10004859,SG-20470,3,43.68,2014-11-28
5550,TEC-AC-10003447,SG-20470,7,139.93,2014-11-28
5551,OFF-AR-10003183,DB-12970,1,2.672,2014-11-12
5552,OFF-SU-10000432,DB-12970,6,16.656,2014-11-12
5553,TEC-AC-10003832,DB-12970,3,79.512,2014-11-12
5554,OFF-PA-10004100,DB-12970,7,36.288,2014-11-12
5555,FUR-BO-10004467,DB-12970,1,67.9932,2014-11-12
5556,FUR-FU-10002963,JW-15220,2,10.16,2017-10-02
5557,FUR-FU-10003829,KD-16495,2,6.16,2015-12-14
5558,OFF-AR-10003582,KD-16495,2,56.3,2015-12-14
5559,OFF-PA-10000048,IL-15100,1,6.48,2015-12-06
5560,OFF-ST-10000078,IL-15100,5,1325.85,2015-12-06
5561,OFF-LA-10004853,IL-15100,3,14.94,2015-12-06
5562,OFF-BI-10001153,JE-15610,1,34.54,2017-03-31
5563,TEC-CO-10001449,JE-15610,5,2999.95,2017-03-31
5564,OFF-BI-10000474,JE-15610,4,64.12,2017-03-31
5565,OFF-AR-10000799,SU-20665,4,19.456,2017-03-13
5566,TEC-MA-10002109,SU-20665,2,209.986,2017-03-13
5567,OFF-AR-10003338,SU-20665,5,29.76,2017-03-13
5568,FUR-CH-10003606,SU-20665,1,89.768,2017-03-13
5569,TEC-CO-10001449,SU-20665,2,959.984,2017-03-13
5570,OFF-PA-10001934,SU-20665,3,15.552,2017-03-13
5571,TEC-PH-10001527,SU-20665,1,34.36,2017-03-13
5572,OFF-PA-10001033,EA-14035,3,98.376,2014-12-05
5573,OFF-BI-10003719,EA-14035,4,29.94,2014-12-05
5574,OFF-PA-10003036,EA-14035,3,17.472,2014-12-05
5575,TEC-PH-10001870,EA-14035,1,36.738,2014-12-05
5576,TEC-PH-10001809,EA-14035,2,179.94,2014-12-05
5577,FUR-FU-10004864,RF-19840,6,383.64,2016-12-12
5578,OFF-AP-10002350,RF-19840,3,56.52,2016-12-12
5579,OFF-AR-10003829,LC-17050,2,6.56,2017-09-09
5580,FUR-CH-10003833,LC-17050,5,243.92,2017-09-09
5581,OFF-PA-10000143,LC-17050,9,47.52,2017-09-09
5582,FUR-FU-10000076,PS-18970,1,19.98,2017-10-04
5583,OFF-AR-10000462,PS-18970,5,8.0,2016-05-09
5584,FUR-FU-10003829,JO-15280,2,6.16,2014-12-15
5585,OFF-ST-10002182,VP-21730,4,83.56,2017-11-30
5586,TEC-PH-10001468,VP-21730,3,546.06,2017-11-30
5587,OFF-ST-10001809,VP-21730,3,269.49,2017-11-30
5588,OFF-FA-10001561,GA-14725,5,10.9,2015-03-19
5589,OFF-BI-10001759,EM-14140,2,6.096,2014-07-19
5590,OFF-ST-10000615,DB-13615,3,34.05,2016-12-08
5591,OFF-ST-10003816,DB-13615,2,352.38,2016-12-08
5592,FUR-CH-10002880,ML-17395,2,245.98,2014-10-13
5593,OFF-BI-10004738,ML-17395,1,18.94,2014-10-13
5594,OFF-BI-10003984,JH-15430,7,59.913,2017-11-19
5595,TEC-PH-10000984,BP-11095,2,391.98,2017-09-24
5596,TEC-PH-10001944,BP-11095,3,437.85,2017-09-24
5597,OFF-BI-10002735,SB-20185,2,68.62,2015-09-25
5598,OFF-SU-10001165,SV-20785,3,25.02,2017-02-13
5599,OFF-AR-10000614,SV-20785,3,10.71,2017-02-13
5600,OFF-AR-10004010,DO-13435,2,55.984,2014-10-03
5601,OFF-EN-10004030,DO-13435,5,14.48,2014-10-03
5602,TEC-AC-10003023,DO-13435,3,142.488,2014-10-03
5603,OFF-ST-10003572,TB-21355,1,14.16,2016-08-27
5604,OFF-PA-10004353,TB-21355,5,79.92,2016-08-27
5605,OFF-BI-10003718,BS-11380,6,590.352,2015-12-03
5606,FUR-FU-10001546,FM-14215,2,17.088,2016-09-20
5607,FUR-CH-10002880,FM-14215,1,98.392,2016-09-20
5608,OFF-AR-10001547,JL-15835,5,11.05,2017-03-25
5609,OFF-AP-10001626,AF-10870,2,7.78,2015-12-06
5610,TEC-AC-10003033,BG-11035,2,659.9,2017-08-31
5611,TEC-AC-10002323,MB-17305,3,53.04,2015-10-05
5612,TEC-AC-10002049,HW-14935,2,843.9,2017-08-18
5613,TEC-AC-10002253,HW-14935,9,1496.16,2017-08-18
5614,OFF-ST-10003994,AB-10105,2,117.96,2016-02-02
5615,OFF-AR-10002399,JP-15460,5,21.3,2016-08-23
5616,OFF-AP-10002118,JP-15460,5,1040.8,2016-08-23
5617,OFF-AR-10001954,JP-15460,6,29.34,2016-08-23
5618,FUR-FU-10001591,DV-13045,2,19.52,2017-06-30
5619,OFF-ST-10004186,CM-12190,4,443.92,2015-09-18
5620,TEC-AC-10001908,SC-20695,5,499.95,2016-09-25
5621,OFF-AR-10000817,SC-20695,1,3.04,2016-09-25
5622,FUR-CH-10004218,SC-20695,2,201.96,2016-09-25
5623,FUR-FU-10000755,SC-20695,11,68.64,2016-09-25
5624,TEC-AC-10003063,VW-21775,4,100.0,2016-10-24
5625,TEC-AC-10002637,VW-21775,2,359.98,2016-10-24
5626,FUR-FU-10001706,PP-18955,2,6.16,2014-09-29
5627,FUR-TA-10002958,PP-18955,9,2348.82,2014-09-29
5628,OFF-LA-10004689,DR-12880,6,13.872,2017-06-26
5629,FUR-CH-10001545,DR-12880,3,273.552,2017-06-26
5630,FUR-TA-10002530,RB-19465,9,815.292,2016-08-21
5631,TEC-AC-10001432,NF-18385,3,234.45,2014-02-11
5632,FUR-TA-10003715,NF-18385,6,1256.22,2014-02-11
5633,OFF-BI-10003291,NF-18385,2,17.46,2014-02-11
5634,OFF-BI-10004187,CR-12580,7,10.528,2016-09-23
5635,OFF-BI-10000666,SU-20665,5,152.8,2015-12-05
5636,OFF-BI-10002225,SC-20050,5,82.56,2017-09-03
5637,TEC-AC-10000474,SC-20050,3,284.97,2017-09-03
5638,FUR-FU-10004245,ML-18040,3,60.84,2017-03-26
5639,FUR-CH-10004287,GM-14440,6,1325.76,2014-12-21
5640,FUR-CH-10000595,GM-14440,3,572.16,2014-12-21
5641,OFF-PA-10003063,JK-15640,9,28.8,2014-09-23
5642,OFF-AR-10000246,AT-10435,4,11.12,2017-04-02
5643,FUR-FU-10003274,DB-12910,4,7.04,2016-04-01
5644,OFF-EN-10004147,AH-10690,3,17.94,2015-05-15
5645,OFF-BI-10002103,SJ-20125,5,34.76,2017-03-23
5646,FUR-FU-10004018,HM-14860,5,74.45,2017-04-14
5647,FUR-FU-10001473,AG-10495,14,192.22,2015-01-04
5648,OFF-PA-10001800,JB-16000,3,19.44,2017-11-02
5649,OFF-PA-10004609,AJ-10795,5,32.4,2017-07-17
5650,OFF-EN-10002592,AJ-10795,5,57.9,2017-07-17
5651,OFF-ST-10002957,AJ-10795,2,10.56,2017-07-17
5652,FUR-BO-10002613,AJ-10795,5,1194.165,2017-07-17
5653,OFF-PA-10001033,MM-18280,1,40.99,2017-10-06
5654,OFF-AR-10000940,TH-21235,1,2.94,2014-11-04
5655,OFF-BI-10001670,AH-10120,4,45.24,2016-12-18
5656,OFF-AR-10004078,AH-10120,4,18.688,2016-12-18
5657,OFF-PA-10003036,AH-10120,2,11.648,2016-12-18
5658,TEC-AC-10000991,AH-10120,3,112.776,2016-12-18
5659,FUR-TA-10002530,AH-10120,5,377.45,2016-12-18
5660,OFF-LA-10000407,AH-10120,4,15.936,2016-12-18
5661,TEC-PH-10004833,AH-10120,3,28.68,2016-12-18
5662,FUR-FU-10002671,CL-12700,2,21.44,2016-09-24
5663,OFF-ST-10001370,CL-12700,9,511.056,2016-09-24
5664,OFF-AR-10000914,JG-15310,2,18.656,2016-07-21
5665,OFF-BI-10001116,JG-15310,7,11.088,2016-07-21
5666,OFF-ST-10002276,JG-15310,1,66.688,2016-07-21
5667,OFF-ST-10004340,JG-15310,2,99.488,2016-07-21
5668,OFF-LA-10004093,SE-20110,2,14.62,2016-06-11
5669,OFF-BI-10004728,SE-20110,14,53.984,2016-06-11
5670,TEC-AC-10003095,SE-20110,3,389.97,2016-06-11
5671,FUR-FU-10003192,TG-21640,4,355.36,2015-06-09
5672,TEC-PH-10004522,TG-21640,3,140.376,2015-06-09
5673,OFF-EN-10003068,SH-19975,2,15.84,2017-10-27
5674,OFF-PA-10001204,SH-19975,2,8.448,2017-10-27
5675,OFF-PA-10003953,MC-17275,2,12.96,2016-01-22
5676,TEC-PH-10001552,PJ-18835,6,57.408,2014-05-28
5677,TEC-AC-10004877,PJ-18835,4,27.6,2014-05-28
5678,FUR-FU-10000193,ZC-21910,3,38.976,2014-12-29
5679,OFF-FA-10000735,SC-20680,7,20.44,2016-07-28
5680,OFF-PA-10002120,SC-20680,2,109.92,2016-07-28
5681,OFF-BI-10001249,BP-11230,1,6.38,2016-09-24
5682,OFF-PA-10001569,BP-11230,1,6.48,2016-09-24
5683,OFF-PA-10004248,RD-19585,3,15.84,2014-04-02
5684,TEC-PH-10001128,RD-19585,7,1049.93,2014-04-02
5685,OFF-AP-10003842,RD-19585,5,154.9,2014-04-02
5686,OFF-BI-10002794,KL-16645,3,98.352,2015-11-05
5687,OFF-FA-10000621,CK-12205,5,14.32,2014-07-28
5688,FUR-FU-10003623,CK-12205,6,129.888,2014-07-28
5689,OFF-EN-10000781,CK-12205,7,48.944,2014-07-28
5690,FUR-CH-10002044,RB-19705,3,275.058,2015-12-26
5691,OFF-AR-10000817,KM-16225,9,27.36,2015-12-10
5692,OFF-PA-10001509,KM-16225,5,44.75,2015-12-10
5693,TEC-PH-10004667,KM-16225,1,134.99,2015-12-10
5694,OFF-PA-10000143,KM-16225,5,26.4,2015-12-10
5695,FUR-CH-10000785,KM-16225,3,542.94,2015-12-10
5696,FUR-TA-10001676,AH-10465,2,71.088,2016-05-05
5697,OFF-BI-10000309,AG-10765,9,27.396,2017-10-14
5698,OFF-BI-10004224,AG-10765,1,13.456,2017-10-14
5699,OFF-LA-10002312,EB-14170,1,11.84,2016-11-05
5700,OFF-PA-10003022,PG-18895,6,35.88,2017-11-03
5701,OFF-EN-10001532,CA-12055,3,40.752,2016-11-24
5702,TEC-AC-10004855,CA-12055,5,139.96,2016-11-24
5703,OFF-AR-10003829,SS-20875,1,2.624,2014-12-14
5704,FUR-TA-10002645,SS-20875,1,136.53,2014-12-14
5705,TEC-AC-10003033,SS-20875,1,263.96,2014-12-14
5706,OFF-SU-10002522,RP-19390,3,11.64,2014-11-03
5707,OFF-BI-10004828,SC-20440,3,40.176,2017-09-22
5708,FUR-FU-10001095,NW-18400,3,79.44,2015-05-08
5709,OFF-SU-10000157,NW-18400,3,357.93,2015-05-08
5710,FUR-CH-10002647,NW-18400,2,127.764,2015-05-08
5711,TEC-CO-10004115,NW-18400,7,2799.944,2015-05-08
5712,OFF-PA-10003363,NW-18400,3,19.44,2015-05-08
5713,TEC-PH-10003092,KW-16435,1,36.792,2017-07-31
5714,TEC-PH-10003655,HR-14770,3,5.94,2014-03-01
5715,OFF-ST-10001476,AG-10900,5,177.55,2017-09-25
5716,TEC-AC-10002049,BM-11650,5,619.95,2015-10-09
5717,TEC-PH-10003875,BM-11650,3,29.16,2015-10-09
5718,OFF-EN-10003286,BM-11650,7,57.96,2015-10-09
5719,OFF-AP-10003971,BM-11650,3,29.403,2015-10-09
5720,OFF-ST-10001031,RD-19720,5,81.4,2017-03-29
5721,OFF-FA-10000304,KB-16585,5,8.72,2015-11-14
5722,TEC-AC-10000358,KB-16585,3,91.176,2015-11-14
5723,TEC-AC-10002800,KB-16585,4,159.968,2015-11-14
5724,OFF-PA-10004735,DW-13585,2,12.96,2016-09-26
5725,OFF-ST-10002574,VG-21805,3,331.536,2014-09-22
5726,TEC-AC-10004171,DR-12880,9,899.91,2015-09-25
5727,TEC-PH-10002922,AH-10690,7,946.344,2015-05-04
5728,TEC-AC-10003023,JP-15520,3,178.11,2017-12-08
5729,OFF-AP-10003590,JP-15520,3,1089.75,2017-12-08
5730,OFF-LA-10003510,JP-15520,2,61.06,2017-12-08
5731,FUR-BO-10003159,JP-15520,4,459.92,2017-12-08
5732,OFF-PA-10002713,JP-15520,4,27.52,2017-12-08
5733,FUR-BO-10002598,DR-12880,9,638.82,2017-06-29
5734,OFF-SU-10002537,DR-12880,3,30.69,2017-06-29
5735,FUR-FU-10003976,DR-12880,2,25.16,2017-06-29
5736,OFF-BI-10000174,JK-15625,3,13.92,2014-06-29
5737,OFF-PA-10002893,MV-17485,2,19.36,2014-01-20
5738,FUR-FU-10003194,MV-17485,2,19.3,2014-01-20
5739,OFF-BI-10004233,BP-11155,3,38.376,2016-12-31
5740,OFF-PA-10000232,DH-13075,2,12.96,2017-03-28
5741,FUR-FU-10001095,DH-13075,1,26.48,2017-03-28
5742,TEC-MA-10004679,DH-13075,2,532.72,2017-03-28
5743,OFF-PA-10003651,DH-13075,4,26.72,2017-03-28
5744,OFF-PA-10000743,DH-13075,3,20.04,2017-03-28
5745,OFF-ST-10002743,DH-13075,7,795.48,2017-03-28
5746,FUR-FU-10003829,DH-13075,7,21.56,2017-03-28
5747,TEC-PH-10002496,LH-16900,2,249.584,2016-12-08
5748,TEC-AC-10002473,LH-16900,3,68.112,2016-12-08
5749,TEC-AC-10004877,LH-16900,3,16.56,2016-12-08
5750,TEC-PH-10000923,DK-13090,5,74.95,2017-11-18
5751,FUR-TA-10001539,SS-20410,3,355.455,2014-05-30
5752,OFF-LA-10003498,FP-14320,3,44.4,2016-01-22
5753,OFF-LA-10004484,FP-14320,5,20.65,2016-01-22
5754,FUR-CH-10000015,LC-17050,4,866.4,2016-02-03
5755,OFF-AR-10003732,AS-10240,2,5.56,2015-03-29
5756,OFF-AP-10004052,HG-15025,4,3.16,2014-10-14
5757,TEC-CO-10002095,HG-15025,5,1999.96,2014-10-14
5758,FUR-FU-10004270,BW-11065,3,46.152,2015-08-11
5759,TEC-MA-10000423,BH-11710,3,32.985,2015-11-22
5760,OFF-ST-10001526,JP-16135,4,481.32,2016-12-30
5761,OFF-BI-10002194,JP-16135,1,6.384,2016-12-30
5762,OFF-AP-10000828,JM-16195,3,542.94,2017-08-12
5763,FUR-FU-10001473,JM-16195,4,54.92,2017-08-12
5764,FUR-CH-10004983,FH-14365,10,1448.82,2015-11-03
5765,OFF-ST-10003994,MC-17575,6,353.88,2015-09-10
5766,TEC-PH-10004447,EB-13870,3,333.576,2014-11-08
5767,OFF-LA-10004545,PM-19135,6,60.144,2016-10-08
5768,TEC-AC-10003116,AR-10345,6,85.2,2017-09-08
5769,OFF-LA-10001641,SS-20875,1,3.15,2015-02-25
5770,OFF-PA-10002377,SS-20875,4,22.72,2015-02-25
5771,FUR-FU-10000010,SC-20440,3,14.91,2015-09-24
5772,OFF-AP-10002651,SC-20440,4,1158.12,2015-09-24
5773,TEC-CO-10002313,EA-14035,1,599.99,2015-11-26
5774,OFF-ST-10001580,TP-21130,2,23.968,2016-08-31
5775,FUR-CH-10001545,BP-11290,7,638.288,2016-04-12
5776,OFF-BI-10004826,BP-11290,1,13.208,2016-04-12
5777,OFF-BI-10000301,LM-17065,3,15.528,2016-12-04
5778,OFF-PA-10000994,KT-16465,1,104.85,2016-12-04
5779,OFF-AR-10003156,AP-10915,3,30.48,2014-11-11
5780,FUR-CH-10000988,AP-10915,1,112.648,2014-11-11
5781,TEC-MA-10003329,JD-15790,3,71.976,2015-04-02
5782,OFF-AR-10001547,XP-21865,1,2.21,2015-12-12
5783,OFF-EN-10003072,XP-21865,4,15.52,2015-12-12
5784,OFF-PA-10000726,XP-21865,4,36.44,2015-12-12
5785,FUR-BO-10001972,JK-16090,6,217.764,2017-10-02
5786,OFF-SU-10004664,JK-16090,6,39.072,2017-10-02
5787,OFF-BI-10003676,JK-16090,7,22.638,2017-10-02
5788,OFF-AR-10003727,JK-16090,7,95.144,2017-10-02
5789,FUR-FU-10003829,MG-18205,5,12.32,2017-04-10
5790,OFF-BI-10003712,MG-18205,3,4.419,2017-04-10
5791,OFF-FA-10002280,PG-18820,7,35.0,2017-09-29
5792,FUR-CH-10002961,PG-18820,1,72.784,2017-09-29
5793,OFF-AP-10002578,PG-18820,2,97.84,2017-09-29
5794,FUR-FU-10004848,PG-18820,1,51.75,2017-09-29
5795,OFF-BI-10003364,PG-18820,2,46.672,2017-09-29
5796,OFF-ST-10002615,LD-17005,9,1395.54,2014-09-29
5797,FUR-FU-10000521,LD-17005,4,117.36,2014-09-29
5798,OFF-LA-10000121,LD-17005,3,18.9,2014-09-29
5799,OFF-PA-10001289,LD-17005,2,77.52,2014-09-29
5800,FUR-CH-10004495,CR-12730,2,421.372,2014-08-20
5801,TEC-PH-10000895,MN-17935,4,575.968,2014-07-11
5802,OFF-PA-10000552,MN-17935,2,10.368,2014-07-11
5803,TEC-PH-10000376,RD-19900,2,15.984,2015-03-22
5804,OFF-AR-10003504,JP-16135,3,10.272,2017-05-12
5805,OFF-ST-10000943,KE-16420,4,61.792,2017-11-13
5806,FUR-BO-10003441,KE-16420,3,205.9992,2017-11-13
5807,OFF-PA-10002195,DL-13315,3,12.192,2016-09-04
5808,OFF-AP-10001205,DL-13315,2,87.168,2016-09-04
5809,OFF-AR-10002987,DL-13315,2,31.744,2016-09-04
5810,FUR-FU-10000723,KB-16240,4,132.224,2016-02-06
5811,OFF-PA-10003127,JD-16150,4,105.52,2015-03-22
5812,FUR-FU-10000747,JD-16150,2,91.96,2015-03-22
5813,TEC-PH-10001795,JD-16150,3,1487.976,2015-03-22
5814,OFF-PA-10003797,SR-20740,3,19.44,2015-07-02
5815,TEC-AC-10002718,AC-10450,1,11.672,2015-06-15
5816,TEC-PH-10002170,LS-17245,4,279.96,2014-11-26
5817,OFF-BI-10001078,LS-17245,3,12.912,2014-11-26
5818,OFF-BI-10001031,LS-17245,4,17.088,2014-11-26
5819,OFF-LA-10001158,LS-17245,9,93.15,2014-11-26
5820,OFF-LA-10001613,LS-17245,4,11.52,2014-11-26
5821,OFF-SU-10000157,CS-12175,2,238.62,2017-05-12
5822,OFF-AP-10004868,CS-12175,1,7.77,2017-05-12
5823,FUR-TA-10001520,CS-12175,5,285.48,2017-05-12
5824,OFF-BI-10001900,CS-12175,4,19.168,2017-05-12
5825,OFF-AP-10003971,AR-10510,3,26.136,2014-05-02
5826,OFF-PA-10000418,KB-16405,4,419.4,2017-09-03
5827,FUR-CH-10004626,KB-16405,1,90.801,2017-09-03
5828,FUR-CH-10004860,KB-16405,2,181.764,2017-09-03
5829,OFF-AR-10003251,KB-16405,2,5.56,2017-09-03
5830,FUR-TA-10004575,MM-17920,2,581.96,2016-12-03
5831,FUR-CH-10004754,MM-17920,1,29.98,2016-12-03
5832,TEC-AC-10003095,RF-19735,4,519.96,2015-07-18
5833,OFF-LA-10000262,BP-11290,3,6.264,2016-07-21
5834,FUR-CH-10002961,BP-11290,5,363.92,2016-07-21
5835,OFF-BI-10003876,MJ-17740,5,64.2,2015-06-09
5836,OFF-BI-10002133,MJ-17740,3,38.52,2015-06-09
5837,TEC-AC-10004396,MJ-17740,5,72.6,2015-06-09
5838,TEC-PH-10004100,DO-13645,4,57.568,2017-11-27
5839,OFF-ST-10000636,MV-17485,5,83.7,2015-03-27
5840,OFF-PA-10001972,MG-17875,5,32.4,2015-09-22
5841,FUR-FU-10002554,MG-17875,2,47.98,2015-09-22
5842,TEC-PH-10003174,BS-11665,4,415.968,2015-11-17
5843,OFF-ST-10001418,BS-11665,5,304.9,2015-11-17
5844,FUR-FU-10002813,BS-11665,4,80.96,2015-11-17
5845,OFF-ST-10000129,BS-11665,7,777.21,2015-11-17
5846,OFF-PA-10001639,BS-11665,5,32.4,2015-11-17
5847,FUR-CH-10001708,BS-11665,2,225.568,2015-11-17
5848,FUR-FU-10001591,BS-11665,3,36.6,2015-11-17
5849,OFF-AP-10003849,PO-19180,2,715.64,2015-11-10
5850,OFF-ST-10000078,PO-19180,3,795.51,2015-11-10
5851,TEC-CO-10001571,PO-19180,1,549.99,2015-11-10
5852,OFF-BI-10001658,PO-19180,3,74.76,2015-11-10
5853,FUR-FU-10004351,PO-19180,3,29.22,2015-11-10
5854,OFF-BI-10003314,DA-13450,2,9.64,2014-09-10
5855,OFF-ST-10001505,AH-10690,7,33.488,2015-08-05
5856,OFF-SU-10003567,AH-10690,3,23.04,2015-08-05
5857,OFF-BI-10002982,AH-10690,1,1.362,2015-08-05
5858,FUR-FU-10002364,AH-10690,5,14.76,2015-08-05
5859,FUR-BO-10004218,JK-15730,2,239.666,2017-09-03
5860,FUR-TA-10002530,MS-17530,2,301.96,2015-11-01
5861,OFF-PA-10001526,JK-15640,2,7.968,2015-04-29
5862,OFF-PA-10001497,CM-12235,2,109.92,2016-05-01
5863,OFF-PA-10003936,CM-12235,3,19.44,2016-05-01
5864,OFF-AR-10000716,CM-12235,2,11.16,2016-05-01
5865,OFF-AP-10002765,RS-19420,3,79.47,2014-08-05
5866,OFF-AR-10004165,RS-19420,2,4.56,2014-08-05
5867,FUR-CH-10002335,RS-19420,5,1133.35,2014-08-05
5868,OFF-AR-10004078,BP-11185,1,4.672,2016-01-04
5869,OFF-BI-10002026,BP-11185,6,104.58,2016-01-04
5870,FUR-CH-10001215,MA-17995,4,1603.136,2016-11-07
5871,FUR-TA-10001771,EB-13705,7,1293.488,2016-06-14
5872,FUR-FU-10004006,RD-19900,3,127.95,2016-09-24
5873,OFF-ST-10003282,ME-17320,1,59.76,2017-03-30
5874,OFF-BI-10002353,EH-14005,7,108.08,2017-06-04
5875,OFF-BI-10004141,EH-14005,3,9.54,2017-06-04
5876,OFF-AR-10001954,FM-14290,3,11.736,2015-04-07
5877,OFF-BI-10001071,FG-14260,7,447.86,2014-05-21
5878,OFF-PA-10003022,FG-14260,3,17.94,2014-05-21
5879,OFF-AP-10001293,FG-14260,6,245.88,2014-05-21
5880,OFF-PA-10001815,MV-17485,4,192.16,2016-09-05
5881,FUR-CH-10001215,JW-15220,2,801.568,2016-09-18
5882,OFF-PA-10000100,JW-15220,9,368.91,2016-09-18
5883,FUR-CH-10002880,JW-15220,9,885.528,2016-09-18
5884,FUR-FU-10004712,EH-13765,2,28.28,2016-03-13
5885,OFF-SU-10000151,EH-13765,3,4912.59,2016-03-13
5886,OFF-BI-10000136,LS-17245,3,14.352,2014-10-16
5887,TEC-AC-10003610,LS-17245,3,179.97,2014-10-16
5888,OFF-ST-10001837,BP-11050,1,42.76,2017-10-08
5889,OFF-PA-10001952,CC-12220,2,45.68,2015-05-07
5890,OFF-BI-10002414,JM-15580,2,25.06,2016-04-14
5891,OFF-PA-10001790,RD-19720,1,38.432,2016-11-21
5892,OFF-ST-10001590,RD-19720,2,21.568,2016-11-21
5893,TEC-AC-10003657,RD-19720,3,81.576,2016-11-21
5894,OFF-BI-10004876,SS-20410,1,2.78,2017-09-10
5895,OFF-ST-10003123,KD-16495,3,99.87,2017-09-09
5896,OFF-LA-10003498,PL-18925,3,44.4,2014-11-01
5897,OFF-PA-10004947,PL-18925,5,21.4,2014-11-01
5898,FUR-FU-10003799,ZD-21925,4,71.12,2016-04-03
5899,TEC-PH-10000673,ZD-21925,4,259.96,2016-04-03
5900,OFF-EN-10002621,LS-16945,1,9.78,2017-01-12
5901,OFF-BI-10004528,PB-18805,9,24.192,2015-11-20
5902,FUR-FU-10001889,PC-18745,3,31.56,2016-11-27
5903,OFF-PA-10000157,FM-14290,3,59.94,2017-11-06
5904,OFF-PA-10002764,FM-14290,4,45.36,2017-11-06
5905,OFF-PA-10000143,FM-14290,5,26.4,2017-11-06
5906,OFF-LA-10000414,FM-14290,4,41.4,2017-11-06
5907,TEC-AC-10003441,FM-14290,1,16.95,2017-11-06
5908,OFF-BI-10002353,KD-16495,2,24.704,2016-12-02
5909,OFF-AP-10001303,KD-16495,3,59.7,2016-12-02
5910,FUR-FU-10003026,KD-16495,3,14.52,2016-12-02
5911,OFF-BI-10000632,KD-16495,3,104.184,2016-12-02
5912,OFF-ST-10001328,SC-20680,3,46.53,2016-12-17
5913,OFF-SU-10004661,DW-13585,3,25.5,2014-08-24
5914,OFF-ST-10000617,PF-19120,5,14.9,2015-09-17
5915,OFF-LA-10002762,PF-19120,7,87.71,2015-09-17
5916,FUR-CH-10001973,PF-19120,2,199.764,2015-09-17
5917,OFF-ST-10003058,PF-19120,4,94.6,2015-09-17
5918,FUR-BO-10004834,PF-19120,6,4228.704,2015-09-17
5919,FUR-BO-10002213,PF-19120,5,2003.92,2015-09-17
5920,TEC-PH-10002170,PF-19120,3,209.97,2015-09-17
5921,TEC-AC-10003033,PF-19120,2,659.9,2015-09-17
5922,OFF-PA-10004071,PF-19120,2,110.96,2015-09-17
5923,TEC-PH-10000169,PF-19120,4,67.8,2015-09-17
5924,FUR-TA-10002958,DK-13225,2,313.176,2016-11-26
5925,OFF-AR-10001177,RB-19435,7,22.96,2017-11-19
5926,TEC-AC-10004975,GD-14590,10,1099.5,2017-06-03
5927,FUR-TA-10001086,RA-19885,8,1215.92,2014-04-08
5928,OFF-LA-10000240,DB-13555,1,7.31,2014-10-11
5929,FUR-FU-10002107,DB-13555,4,8.92,2014-10-11
5930,FUR-BO-10001519,RL-19615,3,87.21,2017-07-07
5931,OFF-PA-10004100,RL-19615,3,15.552,2017-07-07
5932,TEC-PH-10001363,RL-19615,2,683.988,2017-07-07
5933,OFF-ST-10004835,RL-19615,3,13.392,2017-07-07
5934,TEC-AC-10002018,RL-19615,3,16.776,2017-07-07
5935,TEC-AC-10003033,RL-19615,2,527.92,2017-07-07
5936,FUR-FU-10000221,RB-19465,5,25.4,2016-07-04
5937,TEC-PH-10001198,RB-19465,3,177.48,2016-07-04
5938,TEC-PH-10002564,RB-19465,3,71.976,2016-07-04
5939,TEC-PH-10003811,JF-15295,1,95.992,2017-05-19
5940,OFF-LA-10004178,JF-15295,4,13.216,2017-05-19
5941,TEC-AC-10001465,RW-19690,12,435.84,2017-10-12
5942,OFF-AR-10000940,RW-19690,2,5.88,2017-10-12
5943,TEC-PH-10001700,VG-21790,4,211.168,2016-08-06
5944,FUR-FU-10000771,JM-15265,1,6.28,2014-08-25
5945,TEC-AC-10002399,JM-15265,5,95.1,2014-08-25
5946,OFF-PA-10004983,JM-15265,4,25.92,2014-08-25
5947,OFF-ST-10004258,JM-15265,4,48.84,2014-08-25
5948,OFF-BI-10004040,BE-11455,5,25.9,2015-09-14
5949,OFF-EN-10003862,CB-12535,4,42.68,2017-03-05
5950,TEC-AC-10004571,CB-12535,3,299.97,2017-03-05
5951,OFF-AP-10000891,CB-12535,2,262.24,2017-03-05
5952,OFF-BI-10002026,CB-12535,6,234.36,2017-03-05
5953,OFF-PA-10001826,SD-20485,4,20.736,2017-04-15
5954,OFF-AR-10001231,SG-20890,5,10.5,2014-03-30
5955,FUR-FU-10000409,TS-21430,2,23.968,2014-11-11
5956,FUR-BO-10002545,TS-21430,4,521.96,2014-11-11
5957,OFF-ST-10002756,DK-13225,5,676.55,2016-03-12
5958,OFF-AP-10003842,DK-13225,5,154.9,2016-03-12
5959,OFF-EN-10004459,DK-13225,4,30.56,2016-03-12
5960,FUR-CH-10003746,DK-13225,3,770.352,2016-03-12
5961,FUR-FU-10003142,ML-17395,4,21.12,2017-02-09
5962,TEC-PH-10001425,MA-17560,9,575.928,2014-11-11
5963,OFF-AP-10001626,MA-17560,2,7.78,2014-11-11
5964,OFF-PA-10003625,MA-17560,4,123.92,2014-11-11
5965,OFF-SU-10004768,LR-17035,3,17.22,2017-08-20
5966,OFF-ST-10000777,LR-17035,6,226.56,2017-08-20
5967,TEC-PH-10003171,LR-17035,3,107.88,2017-08-20
5968,OFF-PA-10001033,BE-11335,2,81.98,2016-01-15
5969,OFF-PA-10000418,CC-12145,1,104.85,2014-07-20
5970,OFF-BI-10001982,CC-12145,2,8.704,2014-07-20
5971,OFF-PA-10002230,CC-12145,4,19.92,2014-07-20
5972,FUR-FU-10003577,CC-12145,3,43.02,2014-07-20
5973,FUR-BO-10001811,BD-11770,1,240.784,2017-02-06
5974,OFF-AP-10003779,JK-15640,2,414.96,2015-12-25
5975,OFF-ST-10000676,DB-13615,5,387.72,2016-10-08
5976,OFF-ST-10001496,RR-19525,2,360.38,2017-07-13
5977,OFF-PA-10003673,RR-19525,2,13.56,2017-07-13
5978,TEC-PH-10004614,SV-20935,10,552.0,2017-04-24
5979,FUR-TA-10001039,RB-19465,5,429.9,2014-09-07
5980,OFF-BI-10000474,RB-19465,2,32.06,2014-09-07
5981,FUR-CH-10004698,RB-19465,2,161.96,2014-09-07
5982,OFF-ST-10003327,RB-19465,2,19.86,2014-09-07
5983,OFF-PA-10000232,MV-18190,2,12.96,2016-11-21
5984,OFF-PA-10003657,EH-14185,6,20.544,2017-09-16
5985,FUR-FU-10001185,JS-16030,6,185.58,2016-07-19
5986,OFF-BI-10003007,JS-16030,2,77.56,2016-07-19
5987,OFF-ST-10002485,JS-16030,4,87.92,2016-07-19
5988,OFF-PA-10001033,JS-16030,6,245.94,2016-07-19
5989,OFF-BI-10000404,JS-16030,1,8.6,2016-07-19
5990,FUR-BO-10003546,JS-16030,5,504.9,2016-07-19
5991,OFF-BI-10004390,ES-14020,7,2357.488,2017-09-15
5992,TEC-PH-10001700,ES-14020,7,369.544,2017-09-15
5993,FUR-CH-10003396,ES-14020,3,184.752,2017-09-15
5994,OFF-ST-10001558,NS-18640,5,64.96,2016-12-11
5995,OFF-SU-10004782,NS-18640,2,13.52,2016-12-11
5996,FUR-CH-10003298,NS-18640,5,458.43,2016-12-11
5997,OFF-AP-10000576,NS-18640,4,387.136,2016-12-11
5998,FUR-TA-10003008,NS-18640,3,328.59,2016-12-11
5999,FUR-CH-10001708,SH-19975,3,338.352,2014-12-10
6000,OFF-PA-10000019,SH-19975,4,25.92,2014-12-10
6001,OFF-PA-10002222,SH-19975,4,91.36,2014-12-10
6002,FUR-FU-10002553,RF-19345,3,87.96,2014-12-13
6003,OFF-BI-10002103,RF-19345,2,5.214,2014-12-13
6004,OFF-BI-10002794,DL-12865,1,12.294,2017-09-21
6005,FUR-FU-10002597,AG-10390,4,19.76,2017-09-07
6006,FUR-CH-10003535,SW-20245,2,109.764,2015-11-02
6007,TEC-PH-10001527,KN-16390,3,128.85,2017-12-11
6008,FUR-FU-10004006,GB-14530,3,127.95,2017-04-01
6009,OFF-PA-10000595,CL-12565,3,68.52,2015-12-30
6010,OFF-ST-10000798,CL-12565,3,74.94,2015-12-30
6011,TEC-MA-10004002,CL-12565,6,2548.56,2015-12-30
6012,OFF-EN-10003296,CL-12565,3,271.44,2015-12-30
6013,TEC-PH-10004345,CL-12565,3,287.88,2015-12-30
6014,OFF-PA-10004405,KF-16285,5,14.9,2016-03-10
6015,TEC-PH-10002885,KF-16285,8,4158.912,2016-03-10
6016,FUR-FU-10000747,AY-10555,2,91.96,2014-04-06
6017,FUR-FU-10001918,AY-10555,7,33.11,2014-04-06
6018,OFF-PA-10003309,AY-10555,3,19.44,2014-04-06
6019,OFF-PA-10001977,AY-10555,1,55.48,2014-04-06
6020,OFF-AP-10002892,BD-11635,5,91.92,2014-10-05
6021,OFF-AP-10002222,HG-15025,2,17.34,2016-08-13
6022,TEC-AC-10000158,HG-15025,2,71.98,2016-08-13
6023,OFF-EN-10002600,CB-12025,3,7.08,2014-11-17
6024,TEC-AC-10004855,LS-16945,2,69.98,2017-04-24
6025,OFF-AP-10000938,DM-13015,8,646.272,2017-08-24
6026,OFF-PA-10002195,DM-13015,2,10.368,2017-08-24
6027,OFF-FA-10002701,AC-10615,5,8.4,2017-02-23
6028,TEC-PH-10003589,AC-10615,5,71.96,2017-02-23
6029,OFF-AR-10003752,LT-17110,2,18.48,2016-11-19
6030,OFF-AR-10003829,TB-21250,3,9.84,2016-11-14
6031,FUR-CH-10000155,AH-10585,1,239.24,2017-07-06
6032,FUR-FU-10003142,SS-20140,4,21.12,2016-12-25
6033,OFF-SU-10001218,TD-20995,5,54.9,2017-04-23
6034,FUR-FU-10002963,PP-18955,3,15.24,2015-12-14
6035,OFF-AP-10002578,PG-18820,2,19.568,2015-04-19
6036,OFF-BI-10003925,PG-18820,4,310.392,2015-04-19
6037,FUR-FU-10003347,AA-10645,3,42.6,2016-09-04
6038,OFF-BI-10000315,AA-10645,6,113.94,2016-09-04
6039,OFF-ST-10002583,AA-10645,4,129.92,2016-09-04
6040,OFF-AR-10003469,AA-10645,3,5.28,2016-09-04
6041,TEC-PH-10001817,FA-14230,3,859.2,2017-09-24
6042,TEC-MA-10001031,FA-14230,3,506.28,2017-09-24
6043,FUR-FU-10002088,TB-21520,2,14.368,2016-02-04
6044,FUR-CH-10001482,AH-10075,3,314.352,2017-05-19
6045,OFF-PA-10001526,AH-10075,7,27.888,2017-05-19
6046,FUR-FU-10002937,CP-12085,3,238.152,2015-09-03
6047,FUR-TA-10001771,BF-11215,3,692.94,2016-06-09
6048,OFF-BI-10003305,CP-12340,9,16.146,2015-11-07
6049,OFF-BI-10001359,CP-12340,5,1345.485,2015-11-07
6050,OFF-PA-10000483,LS-17245,7,173.488,2016-06-15
6051,OFF-AR-10000658,TS-21655,5,57.75,2015-04-25
6052,OFF-AP-10001205,TS-21655,5,272.4,2015-04-25
6053,OFF-PA-10002586,JS-15940,3,11.952,2016-09-23
6054,FUR-FU-10004963,JS-15940,4,28.0,2016-09-23
6055,OFF-BI-10002071,JS-15940,7,12.201,2016-09-23
6056,OFF-BI-10001617,NF-18385,1,2.068,2016-08-18
6057,OFF-PA-10004665,NF-18385,8,83.84,2016-08-18
6058,OFF-EN-10001990,KN-16705,2,11.36,2014-03-02
6059,OFF-PA-10000587,KN-16705,5,36.4,2014-03-02
6060,TEC-AC-10004859,GA-14725,2,27.968,2014-12-30
6061,OFF-ST-10001476,EH-14125,4,142.04,2015-04-10
6062,OFF-AR-10002804,EH-14125,3,14.67,2015-04-10
6063,TEC-CO-10004202,RA-19285,5,1199.96,2015-12-25
6064,OFF-PA-10001307,RA-19285,3,12.6,2015-12-25
6065,OFF-PA-10001667,RA-19285,3,17.94,2015-12-25
6066,OFF-LA-10001569,TT-21070,6,23.904,2015-04-05
6067,OFF-SU-10000898,AH-10465,8,88.96,2015-01-17
6068,FUR-CH-10000225,CC-12430,8,518.272,2017-05-20
6069,FUR-FU-10002191,CC-12430,1,6.98,2017-05-20
6070,TEC-MA-10003176,CC-12430,1,343.2,2017-05-20
6071,OFF-LA-10004093,KD-16495,3,17.544,2017-08-13
6072,OFF-ST-10000025,BG-11035,2,152.688,2015-12-31
6073,OFF-FA-10001561,BG-11035,2,3.488,2015-12-31
6074,OFF-SU-10001225,BG-11035,2,5.888,2015-12-31
6075,OFF-BI-10001718,FH-14365,3,153.552,2017-12-25
6076,OFF-ST-10002756,FH-14365,2,270.62,2017-12-25
6077,TEC-AC-10001432,PG-18820,6,468.9,2016-09-01
6078,TEC-AC-10003399,PG-18820,2,72.48,2016-09-01
6079,OFF-SU-10001574,PG-18820,3,10.95,2016-09-01
6080,FUR-FU-10004864,PG-18820,3,191.82,2016-09-01
6081,OFF-ST-10001172,NZ-18565,9,151.056,2017-08-05
6082,FUR-FU-10002396,TB-21595,5,25.16,2014-02-18
6083,OFF-BI-10004040,JE-15475,6,6.216,2016-11-22
6084,OFF-AR-10003481,JE-15475,9,23.616,2016-11-22
6085,TEC-AC-10000387,JE-15475,2,24.032,2016-11-22
6086,OFF-LA-10000262,JE-15475,1,2.088,2016-11-22
6087,OFF-BI-10003196,JE-15475,6,4.488,2016-11-22
6088,FUR-FU-10004351,EH-13945,3,29.22,2015-12-14
6089,OFF-PA-10001870,BF-10975,1,6.48,2015-06-13
6090,OFF-BI-10002813,PC-18745,2,1.188,2017-12-28
6091,FUR-CH-10003846,SV-20365,3,272.646,2017-09-20
6092,TEC-AC-10002647,SV-20365,2,212.8,2017-09-20
6093,OFF-PA-10000807,SV-20365,9,38.52,2017-09-20
6094,TEC-AC-10001465,SV-20365,2,72.64,2017-09-20
6095,OFF-ST-10000615,SV-20365,4,45.4,2017-09-20
6096,OFF-PA-10002713,SV-20365,2,13.76,2017-09-20
6097,FUR-CH-10003061,SV-20365,1,80.991,2017-09-20
6098,OFF-BI-10000343,SV-20365,3,11.784,2017-09-20
6099,OFF-FA-10000304,SV-20365,2,4.36,2017-09-20
6100,FUR-CH-10004086,SV-20365,11,2888.127,2017-09-20
6101,TEC-PH-10002885,SV-20365,2,1299.66,2017-09-20
6102,FUR-CH-10001215,SV-20365,5,2254.41,2017-09-20
6103,TEC-PH-10000215,SV-20365,3,104.85,2017-09-20
6104,TEC-AC-10001998,SV-20365,3,59.97,2017-09-20
6105,FUR-TA-10002356,Dp-13240,2,314.532,2017-08-22
6106,OFF-AR-10002399,HR-14830,4,13.632,2015-06-18
6107,OFF-AP-10001563,WB-21850,2,19.432,2014-12-20
6108,TEC-AC-10004510,WB-21850,5,65.44,2014-12-20
6109,OFF-LA-10001982,AS-10090,2,6.0,2016-09-11
6110,OFF-BI-10004141,AS-10090,3,1.908,2016-09-11
6111,FUR-CH-10004495,SP-20920,7,1474.802,2016-11-12
6112,OFF-AP-10002311,SP-20920,2,110.096,2016-11-12
6113,OFF-FA-10000585,SP-20920,6,16.752,2016-11-12
6114,FUR-CH-10000454,SP-20920,9,1537.074,2016-11-12
6115,FUR-CH-10003746,SP-20920,2,449.372,2016-11-12
6116,OFF-BI-10003291,SP-20650,6,41.904,2016-03-14
6117,TEC-PH-10002114,CM-12655,4,2279.96,2016-11-13
6118,OFF-LA-10001569,CM-12655,3,14.94,2016-11-13
6119,TEC-PH-10001425,JR-16210,3,191.976,2017-09-19
6120,OFF-AR-10001915,JR-16210,3,23.832,2017-09-19
6121,FUR-FU-10004864,JR-16210,8,409.216,2017-09-19
6122,FUR-BO-10001972,JR-16210,2,72.588,2017-09-19
6123,OFF-ST-10000532,CB-12415,2,61.568,2017-12-04
6124,OFF-PA-10003883,SD-20485,4,20.96,2015-08-31
6125,TEC-AC-10003038,SS-20140,5,44.75,2017-06-03
6126,OFF-PA-10001593,SS-20140,2,11.96,2017-06-03
6127,OFF-BI-10002049,SS-20140,1,3.912,2017-06-03
6128,FUR-CH-10003817,EH-13990,6,327.996,2016-03-31
6129,OFF-BI-10002353,AH-10030,4,49.408,2014-10-25
6130,TEC-AC-10003116,EM-14200,3,53.25,2017-03-26
6131,OFF-FA-10003021,EM-14200,2,3.76,2017-03-26
6132,FUR-CH-10004477,TB-21190,14,767.214,2014-12-27
6133,OFF-PA-10001033,AB-10165,5,163.96,2017-09-15
6134,FUR-TA-10004152,AO-10810,2,161.28,2016-08-16
6135,OFF-AR-10002135,TT-21220,4,192.8,2016-11-04
6136,TEC-AC-10000521,KN-16705,3,27.696,2015-10-18
6137,OFF-AP-10000026,KN-16705,6,73.164,2015-10-18
6138,OFF-PA-10002986,FO-14305,6,32.064,2016-10-31
6139,FUR-BO-10001337,GA-14725,2,205.666,2014-03-30
6140,OFF-ST-10000532,NC-18415,3,115.44,2015-04-18
6141,OFF-PA-10001497,JF-15190,5,274.8,2017-07-09
6142,OFF-ST-10002554,JF-15190,4,195.64,2017-07-09
6143,TEC-PH-10001336,JF-15190,2,257.98,2017-07-09
6144,OFF-AR-10002987,JF-15190,6,119.04,2017-07-09
6145,OFF-PA-10000575,GT-14710,3,20.07,2017-06-27
6146,OFF-AR-10003394,KM-16660,4,11.76,2014-12-22
6147,OFF-AR-10003394,PJ-18835,4,11.76,2017-11-21
6148,OFF-BI-10001191,PJ-18835,2,40.736,2017-11-21
6149,TEC-PH-10003484,AC-10660,2,201.584,2016-06-27
6150,FUR-CH-10003968,JG-15310,6,340.704,2017-12-28
6151,FUR-BO-10001608,RM-19375,5,354.9,2016-04-08
6152,FUR-BO-10004218,EK-13795,10,1198.33,2014-03-18
6153,OFF-ST-10002485,RD-19585,4,87.92,2017-07-03
6154,FUR-FU-10001876,CV-12805,2,51.968,2017-04-20
6155,OFF-ST-10002370,CV-12805,3,51.336,2017-04-20
6156,OFF-ST-10000142,CV-12805,1,332.704,2017-04-20
6157,FUR-FU-10004671,CV-12805,3,42.408,2017-04-20
6158,OFF-EN-10002504,AG-10330,3,81.54,2016-08-03
6159,TEC-AC-10004803,AG-10330,12,167.28,2016-08-03
6160,OFF-ST-10001932,GM-14440,4,772.68,2016-12-03
6161,TEC-PH-10004667,MC-17605,3,323.976,2014-03-19
6162,OFF-LA-10000443,MC-17605,4,11.808,2014-03-19
6163,OFF-ST-10000918,MC-17605,3,26.16,2014-03-19
6164,OFF-BI-10001196,MC-17605,5,33.57,2014-03-19
6165,FUR-FU-10003981,MC-17605,3,4.992,2014-03-19
6166,FUR-FU-10002508,MC-17605,3,20.016,2014-03-19
6167,TEC-AC-10002647,MC-17605,2,170.24,2014-03-19
6168,OFF-PA-10002377,ES-14020,3,117.456,2015-04-20
6169,OFF-PA-10004530,RW-19540,2,22.96,2015-09-19
6170,OFF-PA-10002986,MM-17920,2,13.36,2014-08-27
6171,OFF-BI-10000948,MH-17440,3,34.248,2016-12-19
6172,OFF-AR-10001545,MH-17440,2,3.52,2016-12-19
6173,OFF-BI-10001758,NZ-18565,5,26.7,2014-08-02
6174,TEC-AC-10003237,NZ-18565,2,21.2,2014-08-02
6175,OFF-ST-10002011,NZ-18565,2,838.38,2014-08-02
6176,FUR-CH-10000309,GB-14575,4,1690.04,2015-09-21
6177,OFF-ST-10002444,GB-14575,7,85.96,2015-09-21
6178,OFF-EN-10001453,GB-14575,2,121.96,2015-09-21
6179,OFF-PA-10001801,GB-14575,4,23.92,2015-09-21
6180,OFF-ST-10000563,GB-14575,2,63.96,2015-09-21
6181,TEC-PH-10000369,GB-14575,5,629.95,2015-09-21
6182,TEC-PH-10002538,GB-14575,3,113.73,2015-09-21
6183,OFF-BI-10000050,GB-14575,2,14.6,2015-09-21
6184,OFF-ST-10004186,GB-14575,8,887.84,2015-09-21
6185,FUR-CH-10004218,DB-13270,5,403.92,2016-12-11
6186,OFF-AR-10002952,JK-15625,10,106.8,2015-08-07
6187,OFF-ST-10003058,MH-17785,3,70.95,2015-11-15
6188,OFF-BI-10003963,MH-17785,6,34.944,2015-11-15
6189,OFF-AR-10001955,MH-17785,6,119.04,2015-11-15
6190,TEC-PH-10004345,AM-10705,4,383.84,2017-04-04
6191,FUR-FU-10003192,JM-15535,9,799.56,2016-12-24
6192,OFF-ST-10001325,MW-18220,3,31.44,2017-12-13
6193,OFF-PA-10000019,AG-10330,5,25.92,2017-12-22
6194,OFF-BI-10003429,AG-10330,5,6.33,2017-12-22
6195,OFF-PA-10000176,AG-10330,5,75.88,2017-12-22
6196,TEC-PH-10004165,CM-12160,2,329.988,2017-10-21
6197,OFF-ST-10000352,CM-12160,3,71.376,2017-10-21
6198,OFF-PA-10000726,RA-19915,7,63.77,2015-11-13
6199,TEC-PH-10001536,RA-19915,3,50.97,2015-11-13
6200,OFF-PA-10001790,RA-19915,2,96.08,2015-11-13
6201,TEC-CO-10001766,SB-20185,4,1439.968,2015-04-16
6202,TEC-AC-10004396,SB-20185,3,43.56,2015-04-16
6203,FUR-CH-10001708,PK-19075,5,563.92,2016-12-16
6204,TEC-PH-10001305,SV-20935,8,235.152,2016-10-21
6205,FUR-FU-10002885,MG-17650,2,7.712,2017-12-01
6206,OFF-PA-10000726,CM-12445,7,51.016,2016-10-20
6207,OFF-FA-10003112,CM-12445,4,25.248,2016-10-20
6208,FUR-CH-10002372,CM-12445,1,56.686,2016-10-20
6209,OFF-ST-10000563,ME-18010,2,51.168,2017-09-29
6210,OFF-BI-10003925,YS-21880,9,2793.528,2017-08-18
6211,OFF-ST-10003306,YS-21880,7,1000.02,2017-08-18
6212,FUR-FU-10001475,YS-21880,3,65.94,2017-08-18
6213,OFF-FA-10003495,MB-17305,3,18.24,2017-11-12
6214,OFF-AP-10004708,MB-17305,2,76.12,2017-11-12
6215,OFF-EN-10001219,AS-10240,1,7.64,2014-10-11
6216,FUR-FU-10000087,MC-17425,3,68.16,2015-11-28
6217,OFF-EN-10001539,MC-17425,8,62.24,2015-11-28
6218,TEC-PH-10004897,PG-18820,3,29.97,2015-07-27
6219,TEC-PH-10001300,JS-16030,6,125.7,2016-10-20
6220,TEC-PH-10001557,JS-16030,2,191.98,2016-10-20
6221,OFF-ST-10000617,JS-16030,7,20.86,2016-10-20
6222,OFF-LA-10000121,JB-16000,9,56.7,2017-09-14
6223,FUR-FU-10000087,DK-12985,4,72.704,2017-12-23
6224,OFF-AR-10000422,DK-12985,7,12.264,2017-12-23
6225,OFF-ST-10004123,DK-12985,3,218.352,2017-12-23
6226,FUR-BO-10003660,JF-15490,1,66.294,2015-10-05
6227,FUR-CH-10000422,JF-15490,4,291.168,2015-10-05
6228,TEC-PH-10002923,PO-18850,3,88.776,2014-11-02
6229,TEC-PH-10004093,BT-11530,4,110.376,2016-01-22
6230,TEC-AC-10000171,BT-11530,3,55.176,2016-01-22
6231,OFF-AR-10001166,NW-18400,4,30.32,2017-07-11
6232,FUR-CH-10003199,JF-15415,2,177.568,2017-09-11
6233,OFF-PA-10002005,JF-15415,3,19.44,2017-09-11
6234,OFF-PA-10004101,JF-15415,11,71.28,2017-09-11
6235,OFF-BI-10004600,JF-15415,5,1471.96,2017-09-11
6236,TEC-PH-10000127,JF-15415,5,79.96,2017-09-11
6237,OFF-EN-10004386,AC-10420,3,57.576,2016-02-23
6238,OFF-BI-10004506,TB-21280,4,26.336,2016-01-22
6239,FUR-FU-10004597,HA-14905,3,166.5,2015-12-12
6240,OFF-ST-10001496,HA-14905,2,360.38,2015-12-12
6241,OFF-BI-10004236,LH-17155,1,11.744,2016-10-29
6242,FUR-FU-10001185,LO-17170,8,247.44,2017-05-28
6243,OFF-BI-10000977,DP-13390,2,18.24,2014-12-21
6244,OFF-SU-10004782,CR-12580,3,25.35,2016-11-24
6245,OFF-AR-10002067,KB-16405,6,119.04,2015-11-20
6246,FUR-FU-10002364,KB-16405,3,22.14,2015-11-20
6247,TEC-AC-10002018,KB-16405,2,13.98,2015-11-20
6248,OFF-BI-10000632,ML-17410,1,43.41,2017-05-29
6249,FUR-FU-10003981,ML-17410,3,6.24,2017-05-29
6250,OFF-AP-10001564,ML-17410,2,465.16,2017-05-29
6251,OFF-PA-10004082,ML-17410,1,7.98,2017-05-29
6252,OFF-AP-10004249,MC-17575,1,2.394,2014-12-02
6253,OFF-PA-10003441,VM-21685,9,58.32,2014-04-07
6254,TEC-PH-10004922,VM-21685,3,200.97,2014-04-07
6255,FUR-FU-10001731,VW-21775,8,21.36,2015-09-08
6256,OFF-LA-10000134,GK-14620,4,9.856,2017-09-09
6257,OFF-BI-10003166,AT-10435,1,3.444,2015-09-06
6258,OFF-SU-10000646,AR-10825,2,384.592,2017-11-02
6259,OFF-EN-10004459,JH-15820,3,22.92,2015-03-28
6260,OFF-BI-10003529,RA-19285,4,11.36,2015-08-13
6261,OFF-BI-10002949,RO-19780,3,14.592,2015-05-12
6262,OFF-LA-10001158,LR-17035,4,41.4,2017-07-23
6263,OFF-BI-10004584,MK-17905,7,442.372,2016-09-24
6264,OFF-BI-10004965,YS-21880,3,34.5,2017-05-05
6265,OFF-BI-10004654,JH-15910,5,28.85,2016-10-06
6266,OFF-PA-10000141,AT-10735,2,3.488,2014-11-03
6267,OFF-PA-10001019,AT-10735,9,143.856,2014-11-03
6268,TEC-PH-10002496,RM-19675,2,311.98,2015-10-01
6269,OFF-BI-10000829,RM-19675,5,22.45,2015-10-01
6270,TEC-PH-10001448,BB-11545,1,39.992,2017-12-02
6271,FUR-CH-10004983,BB-11545,9,1159.056,2017-12-02
6272,OFF-AR-10004022,BB-11545,5,179.9,2017-12-02
6273,TEC-AC-10001284,AS-10285,7,116.312,2017-12-11
6274,FUR-FU-10001847,DK-13375,3,12.42,2016-07-17
6275,TEC-AC-10004595,DK-13375,3,428.4,2016-07-17
6276,FUR-FU-10004164,DK-13375,5,24.75,2016-07-17
6277,OFF-LA-10001074,DK-13375,7,87.71,2016-07-17
6278,OFF-ST-10000604,DK-13375,2,69.52,2016-07-17
6279,TEC-PH-10000148,DK-13375,2,20.784,2016-07-17
6280,OFF-BI-10000042,DK-13375,3,12.816,2016-07-17
6281,OFF-LA-10000443,JH-15910,2,5.904,2017-05-12
6282,FUR-FU-10002874,JK-15205,2,63.824,2015-11-20
6283,OFF-ST-10003994,JK-15205,3,141.552,2015-11-20
6284,OFF-EN-10001453,EH-13765,5,304.9,2016-09-24
6285,FUR-CH-10000988,EH-13765,5,563.24,2016-09-24
6286,FUR-TA-10003238,VW-21775,2,661.176,2016-10-21
6287,TEC-PH-10001061,CG-12040,3,239.976,2016-10-24
6288,FUR-TA-10003715,EB-13705,3,502.488,2014-07-08
6289,OFF-BI-10001597,EB-13705,6,196.704,2014-07-08
6290,FUR-CH-10004063,NF-18595,4,915.136,2015-03-13
6291,FUR-FU-10001979,NF-18595,8,327.76,2015-03-13
6292,FUR-CH-10001854,ME-17725,2,701.96,2017-12-02
6293,TEC-PH-10002923,AZ-10750,3,88.776,2015-04-22
6294,OFF-AR-10004691,AZ-10750,3,64.14,2015-04-22
6295,OFF-BI-10002931,RF-19345,1,33.552,2014-09-16
6296,OFF-AP-10002651,AJ-10780,6,1737.18,2014-12-28
6297,OFF-ST-10000689,AJ-10780,5,704.25,2014-12-28
6298,OFF-PA-10003302,AJ-10780,4,141.76,2014-12-28
6299,OFF-BI-10001460,SF-20965,3,36.36,2014-10-21
6300,FUR-FU-10003489,MZ-17335,3,25.83,2017-11-30
6301,OFF-BI-10002794,SB-20170,3,24.588,2014-06-06
6302,OFF-EN-10000461,SB-20170,2,13.984,2014-06-06
6303,TEC-PH-10001305,AH-10210,5,195.96,2017-11-23
6304,OFF-PA-10000167,NK-18490,3,74.352,2017-06-18
6305,OFF-PA-10002947,AI-10855,1,6.68,2017-05-05
6306,OFF-SU-10002301,TP-21565,7,17.584,2016-11-04
6307,FUR-CH-10003298,TP-21565,1,104.784,2016-11-04
6308,OFF-PA-10004353,TP-21565,3,47.952,2016-11-04
6309,FUR-CH-10000229,TP-21565,3,650.352,2016-11-04
6310,OFF-LA-10003930,TP-21565,8,629.184,2016-11-04
6311,OFF-PA-10000176,TP-21565,1,15.176,2016-11-04
6312,FUR-FU-10004006,LW-17125,3,127.95,2014-09-11
6313,OFF-ST-10001932,NG-18355,3,579.51,2017-02-16
6314,TEC-PH-10000923,NG-18355,1,14.99,2017-02-16
6315,OFF-AR-10000380,NG-18355,4,151.92,2014-11-24
6316,OFF-LA-10003930,NG-18355,2,196.62,2014-11-24
6317,OFF-PA-10001815,NG-18355,3,144.12,2014-11-24
6318,OFF-PA-10004082,NG-18355,2,15.96,2014-11-24
6319,TEC-PH-10004071,EB-13750,5,39.96,2017-11-25
6320,OFF-PA-10002377,EB-13750,6,34.08,2017-11-25
6321,OFF-PA-10001800,SP-20860,2,10.368,2017-09-28
6322,OFF-BI-10002764,SP-20545,3,7.752,2014-10-13
6323,OFF-EN-10004459,RB-19795,2,15.28,2014-06-03
6324,TEC-MA-10000423,DB-13660,3,65.97,2014-06-17
6325,OFF-PA-10002986,NB-18655,5,33.4,2015-10-29
6326,OFF-EN-10001434,NB-18655,4,210.84,2015-10-29
6327,OFF-ST-10000760,XP-21865,1,13.98,2014-01-20
6328,FUR-FU-10002918,XP-21865,3,272.94,2014-01-20
6329,OFF-BI-10000605,XP-21865,5,19.05,2014-01-20
6330,OFF-AP-10002311,XP-21865,4,247.716,2014-01-20
6331,OFF-ST-10003123,XP-21865,2,66.58,2014-01-20
6332,OFF-AR-10004456,XP-21865,3,43.92,2014-01-20
6333,FUR-FU-10002268,XP-21865,3,14.73,2014-01-20
6334,OFF-BI-10004364,XP-21865,5,29.7,2014-01-20
6335,OFF-PA-10001970,MH-17455,4,49.12,2014-07-11
6336,OFF-BI-10002954,MH-17455,5,18.28,2014-07-11
6337,FUR-FU-10000672,BG-11740,4,47.04,2016-08-30
6338,TEC-PH-10004908,BG-11740,5,339.96,2016-08-30
6339,TEC-PH-10003095,TS-21370,4,87.8,2017-10-05
6340,FUR-CH-10002880,TS-21370,2,221.382,2017-10-05
6341,TEC-MA-10001047,TS-21370,4,5199.96,2017-10-05
6342,OFF-ST-10002554,DB-13660,4,156.512,2016-12-31
6343,TEC-AC-10004469,EM-14140,3,119.85,2015-03-07
6344,OFF-BI-10000309,EM-14140,2,30.44,2015-03-07
6345,OFF-BI-10001765,EM-14140,2,69.28,2015-03-07
6346,TEC-PH-10001619,EM-14140,3,587.97,2015-03-07
6347,OFF-LA-10002034,RB-19465,5,24.55,2017-10-20
6348,OFF-BI-10000309,PO-18850,1,12.176,2015-05-01
6349,OFF-ST-10000876,PO-18850,3,37.32,2015-05-01
6350,OFF-SU-10002573,PO-18850,2,35.06,2015-05-01
6351,FUR-FU-10004622,AG-10900,5,108.4,2017-09-03
6352,TEC-PH-10002549,BF-11275,2,361.376,2017-11-03
6353,OFF-BI-10004209,HG-14845,1,2.412,2015-09-13
6354,OFF-AP-10001962,BS-11590,1,8.39,2015-09-06
6355,TEC-PH-10002922,BS-11590,2,337.98,2015-09-06
6356,OFF-ST-10000642,JD-16015,5,83.92,2014-10-06
6357,OFF-BI-10001757,CS-12250,5,19.68,2017-01-23
6358,OFF-PA-10004621,CS-12250,4,25.92,2017-01-23
6359,OFF-PA-10002262,CS-12250,1,6.48,2017-01-23
6360,TEC-PH-10004100,CS-12250,6,86.352,2017-01-23
6361,OFF-AR-10003582,FC-14245,2,56.3,2015-12-10
6362,OFF-AR-10003179,SE-20110,7,51.016,2014-11-25
6363,OFF-BI-10001670,CK-12205,5,150.8,2017-11-21
6364,TEC-MA-10002073,CK-12205,1,1039.992,2017-11-21
6365,OFF-PA-10003797,CK-12205,8,51.84,2017-11-21
6366,TEC-PH-10004006,DS-13030,1,41.22,2017-04-04
6367,OFF-SU-10000646,DS-13030,1,240.37,2017-04-04
6368,TEC-PH-10002262,DS-13030,2,119.02,2017-04-04
6369,OFF-BI-10002082,SA-20830,5,133.12,2017-05-19
6370,FUR-FU-10001756,TP-21565,5,38.08,2016-10-03
6371,FUR-BO-10002598,JK-16120,2,113.568,2016-11-21
6372,FUR-FU-10001934,CC-12430,4,83.92,2017-10-03
6373,OFF-AR-10001130,CC-12430,3,6.63,2017-10-03
6374,TEC-AC-10002049,CC-12430,3,371.97,2017-10-03
6375,FUR-CH-10001394,LA-16780,2,561.584,2014-04-29
6376,OFF-ST-10000798,LA-16780,5,99.92,2014-04-29
6377,OFF-LA-10000134,AW-10930,2,4.928,2016-10-07
6378,FUR-FU-10002364,BP-11230,2,14.76,2016-12-15
6379,TEC-AC-10004571,DB-13360,1,99.99,2017-04-10
6380,OFF-ST-10003692,DB-13360,5,286.15,2017-04-10
6381,OFF-FA-10001883,PC-19000,8,49.792,2014-04-08
6382,FUR-BO-10004015,TB-21595,5,299.975,2016-03-29
6383,TEC-PH-10000141,TB-21595,4,158.376,2016-03-29
6384,OFF-BI-10001597,TB-21250,4,32.784,2017-01-15
6385,TEC-AC-10003628,TB-21250,2,47.984,2017-01-15
6386,TEC-AC-10002331,TB-21250,8,62.592,2017-01-15
6387,OFF-BI-10001098,TB-21250,1,4.276,2017-01-15
6388,OFF-PA-10001204,MV-18190,2,10.56,2014-01-30
6389,OFF-ST-10000991,MV-18190,2,229.94,2014-01-30
6390,OFF-EN-10000056,DK-12835,5,311.15,2015-02-07
6391,OFF-PA-10003349,DK-12835,2,12.96,2015-02-07
6392,OFF-PA-10001471,PK-19075,2,14.62,2016-12-14
6393,OFF-LA-10003190,PK-19075,2,5.76,2016-12-14
6394,OFF-FA-10000621,PK-19075,6,21.48,2016-12-14
6395,FUR-FU-10002937,PK-19075,4,396.92,2016-12-14
6396,OFF-ST-10004507,PK-19075,1,17.15,2016-12-14
6397,OFF-BI-10000279,PK-19075,2,23.12,2016-12-14
6398,OFF-AR-10003651,AH-10120,2,5.248,2017-10-31
6399,TEC-PH-10003601,GM-14455,5,824.95,2017-08-06
6400,OFF-LA-10002195,GM-14455,8,24.64,2017-08-06
6401,OFF-AR-10000380,GM-14455,6,227.88,2017-08-06
6402,FUR-BO-10000330,BD-11725,2,241.96,2017-05-30
6403,OFF-BI-10000591,BD-11725,1,3.89,2017-05-30
6404,FUR-FU-10001731,BD-11725,3,8.01,2017-05-30
6405,TEC-PH-10001198,RM-19375,3,177.48,2015-11-30
6406,FUR-CH-10002331,BW-11110,2,569.568,2017-08-31
6407,OFF-ST-10002370,BW-11110,7,149.73,2017-08-31
6408,FUR-CH-10003981,GT-14710,5,899.43,2017-05-14
6409,OFF-AR-10001446,GT-14710,5,46.2,2017-05-14
6410,OFF-PA-10000300,GT-14710,3,47.952,2017-05-14
6411,TEC-PH-10004071,GT-14710,1,7.992,2017-05-14
6412,OFF-PA-10003134,GT-14710,2,76.864,2017-05-14
6413,OFF-BI-10002735,AH-10120,3,102.93,2017-08-17
6414,TEC-AC-10004510,AH-10120,6,98.16,2017-08-17
6415,OFF-BI-10004099,DR-12940,5,11.52,2017-11-10
6416,OFF-PA-10003395,DL-13495,1,83.88,2017-08-21
6417,TEC-PH-10002890,BD-11620,4,108.576,2016-03-08
6418,OFF-FA-10004968,BD-11620,2,5.984,2016-03-08
6419,OFF-SU-10001218,HW-14935,2,21.96,2016-10-31
6420,FUR-CH-10002084,HW-14935,3,368.97,2016-10-31
6421,OFF-AR-10004269,HW-14935,3,12.39,2016-10-31
6422,OFF-ST-10001128,HW-14935,3,332.94,2016-10-31
6423,TEC-AC-10002006,JO-15145,7,111.93,2014-07-26
6424,FUR-CH-10003956,RD-19660,8,454.272,2015-10-24
6425,OFF-PA-10000552,DO-13645,3,19.44,2017-08-19
6426,TEC-CO-10004722,CC-12370,4,8399.976,2016-05-23
6427,OFF-BI-10004308,CC-12370,1,6.294,2016-05-23
6428,OFF-PA-10000029,CC-12370,2,10.368,2016-05-23
6429,TEC-PH-10004080,CC-12370,3,122.382,2016-05-23
6430,OFF-ST-10001558,SH-20395,2,25.984,2014-11-03
6431,FUR-TA-10001768,SH-20395,6,945.036,2014-11-03
6432,OFF-BI-10002982,SH-20395,7,14.301,2014-11-03
6433,FUR-FU-10001468,SH-20395,3,410.352,2014-11-03
6434,OFF-PA-10001838,FC-14335,5,23.52,2015-03-30
6435,TEC-PH-10002890,FC-14335,5,180.96,2015-03-30
6436,FUR-FU-10004963,JG-15160,4,35.0,2017-05-27
6437,OFF-ST-10000025,JG-15160,5,477.15,2017-05-27
6438,TEC-PH-10004389,JG-15160,3,302.376,2017-05-27
6439,FUR-TA-10000577,LC-16885,4,974.988,2017-12-14
6440,FUR-CH-10003298,CC-12220,5,589.41,2014-10-04
6441,OFF-AR-10001860,BW-11110,5,34.7,2016-10-13
6442,OFF-ST-10003123,BW-11110,3,99.87,2016-10-13
6443,OFF-PA-10001295,BW-11110,2,37.94,2016-10-13
6444,OFF-LA-10000407,BW-11110,5,24.9,2016-10-13
6445,FUR-FU-10003535,BW-11110,3,82.26,2016-10-13
6446,OFF-FA-10000611,JJ-15445,6,7.104,2015-03-05
6447,FUR-FU-10004848,TT-21460,5,103.5,2017-03-04
6448,OFF-LA-10002381,TT-21460,1,2.464,2017-03-04
6449,OFF-ST-10000918,TT-21460,1,8.72,2017-03-04
6450,OFF-BI-10000822,EH-13990,2,10.76,2015-09-25
6451,OFF-PA-10002222,EH-13990,2,45.68,2015-09-25
6452,OFF-AR-10004930,EH-13990,1,6.7,2015-09-25
6453,TEC-PH-10001750,PR-18880,3,158.376,2015-12-19
6454,OFF-AR-10000657,BT-11680,2,3.44,2015-10-08
6455,OFF-ST-10003442,EC-14050,2,56.56,2017-07-31
6456,FUR-FU-10003142,EC-14050,7,36.96,2017-07-31
6457,TEC-PH-10002468,SP-20650,1,135.99,2014-08-05
6458,OFF-AR-10004165,SP-20650,7,15.96,2014-08-05
6459,OFF-AR-10001919,AJ-10780,2,3.76,2017-05-14
6460,OFF-AR-10003045,AJ-10780,5,14.7,2017-05-14
6461,OFF-AR-10003338,AJ-10780,5,37.2,2017-05-14
6462,TEC-AC-10003280,AJ-10780,3,89.97,2017-05-14
6463,FUR-CH-10003298,AJ-10780,2,261.96,2017-05-14
6464,OFF-LA-10004544,AJ-10780,5,74.0,2017-05-14
6465,FUR-FU-10004586,AS-10630,2,13.28,2016-09-22
6466,OFF-ST-10003572,AA-10375,6,84.96,2015-11-13
6467,TEC-AC-10002331,EH-13945,7,68.46,2017-05-22
6468,OFF-ST-10000142,DB-13270,5,2079.4,2016-12-02
6469,TEC-PH-10000441,DB-13270,5,629.95,2016-12-02
6470,FUR-FU-10004864,DB-13270,6,72.42,2016-12-02
6471,TEC-PH-10001750,CC-12100,2,131.98,2015-08-29
6472,TEC-AC-10004510,CC-12100,7,114.52,2015-08-29
6473,OFF-LA-10001074,VT-21700,10,100.24,2014-06-06
6474,OFF-AP-10003590,DB-13060,3,871.8,2016-03-18
6475,FUR-BO-10003433,BS-11590,4,61.96,2014-01-14
6476,OFF-BI-10002432,NR-18550,3,4.554,2017-06-03
6477,OFF-AP-10003622,NR-18550,2,5.2,2017-06-03
6478,TEC-AC-10003832,NR-18550,1,205.992,2017-06-03
6479,OFF-PA-10000809,NR-18550,3,15.552,2017-06-03
6480,TEC-PH-10000441,NR-18550,5,503.96,2017-06-03
6481,OFF-AP-10002287,NR-18550,7,24.472,2017-06-03
6482,FUR-BO-10002824,NR-18550,2,241.568,2017-06-03
6483,TEC-AC-10002942,NR-18550,2,110.4,2017-06-03
6484,FUR-TA-10001932,KN-16390,2,384.768,2017-06-03
6485,TEC-MA-10003173,KN-16390,6,78.66,2017-06-03
6486,OFF-PA-10004156,KN-16390,4,45.36,2017-06-03
6487,OFF-AP-10002945,JW-16075,4,962.08,2015-03-21
6488,OFF-BI-10000948,JW-16075,3,12.843,2015-03-21
6489,OFF-PA-10002254,JW-16075,14,295.456,2015-03-21
6490,OFF-PA-10004782,JM-15535,5,32.4,2017-09-19
6491,FUR-FU-10000222,MF-18250,4,103.936,2014-09-15
6492,FUR-BO-10004695,FA-14230,2,289.568,2016-11-20
6493,OFF-ST-10003327,FA-14230,5,39.72,2016-11-20
6494,TEC-PH-10003357,FA-14230,4,244.768,2016-11-20
6495,TEC-AC-10002167,KH-16510,2,24.0,2017-10-28
6496,OFF-PA-10001937,KH-16510,3,15.552,2017-10-28
6497,TEC-AC-10004510,KH-16510,2,26.176,2017-10-28
6498,FUR-FU-10001487,SS-20515,3,20.94,2015-07-24
6499,OFF-BI-10000069,SS-20515,9,135.09,2015-07-24
6500,TEC-AC-10003289,SS-20515,14,279.86,2015-07-24
6501,OFF-BI-10000069,SS-20515,6,90.06,2015-07-24
6502,TEC-PH-10001299,LC-17050,6,539.964,2014-11-02
6503,TEC-PH-10001552,LC-17050,7,50.232,2014-11-02
6504,OFF-BI-10001098,LC-17050,3,19.242,2014-11-02
6505,OFF-ST-10000142,VW-21775,3,1247.64,2017-11-17
6506,OFF-AR-10001547,LD-16855,3,5.304,2016-06-26
6507,OFF-PA-10001593,SP-20545,4,19.136,2016-10-09
6508,FUR-FU-10004071,SP-20545,4,332.832,2016-10-09
6509,OFF-PA-10001970,DK-13150,5,279.9,2017-12-20
6510,OFF-BI-10001524,DK-13150,3,50.352,2017-12-20
6511,OFF-PA-10004156,DK-13150,3,34.02,2017-12-20
6512,OFF-AR-10003158,FC-14245,6,23.88,2017-03-06
6513,OFF-LA-10004559,FC-14245,4,11.52,2017-03-06
6514,OFF-PA-10001033,FC-14245,7,286.93,2017-03-06
6515,TEC-PH-10001336,FC-14245,2,206.384,2017-03-06
6516,FUR-CH-10002961,RD-19480,3,218.352,2017-09-15
6517,FUR-FU-10001488,RD-19480,5,529.9,2017-09-15
6518,OFF-AR-10001915,RD-19480,10,99.3,2017-09-15
6519,OFF-AP-10001205,RD-19480,2,108.96,2017-09-15
6520,OFF-BI-10004528,RD-19480,1,2.688,2017-09-15
6521,OFF-BI-10004995,AR-10540,4,5443.96,2017-01-16
6522,FUR-CH-10004626,AR-10540,3,302.67,2017-01-16
6523,OFF-PA-10001260,AR-10540,7,56.07,2017-01-16
6524,OFF-LA-10002945,CC-12100,2,10.08,2016-07-07
6525,TEC-PH-10002310,CC-12100,1,59.994,2016-07-07
6526,OFF-BI-10001525,CC-12100,5,5.715,2016-07-07
6527,OFF-BI-10001308,CC-12100,5,9.42,2016-07-07
6528,TEC-CO-10002095,CA-11965,4,1999.96,2016-12-23
6529,OFF-ST-10004946,BT-11530,4,216.4,2014-12-22
6530,OFF-LA-10004425,MG-17875,3,6.936,2014-02-23
6531,OFF-BI-10000320,MG-17875,3,4.428,2014-02-23
6532,OFF-AR-10001315,TP-21130,5,8.8,2017-12-04
6533,TEC-AC-10004595,TP-21130,1,142.8,2017-12-04
6534,TEC-AC-10001539,TP-21130,5,399.95,2017-12-04
6535,OFF-BI-10001359,GT-14710,3,2152.776,2014-11-17
6536,FUR-BO-10002213,GT-14710,10,4007.84,2014-11-17
6537,FUR-TA-10003008,FH-14365,3,328.59,2014-10-20
6538,OFF-ST-10000934,FH-14365,3,98.352,2014-10-20
6539,TEC-PH-10004042,HK-14890,1,158.99,2015-10-25
6540,FUR-CH-10002439,HK-14890,5,291.1,2015-10-25
6541,OFF-PA-10001363,CC-12220,6,73.68,2017-11-16
6542,FUR-FU-10003394,CC-12220,2,139.92,2017-11-16
6543,TEC-PH-10003171,CC-12220,3,107.88,2017-11-16
6544,OFF-ST-10003123,CC-12220,1,33.29,2017-11-16
6545,OFF-BI-10003007,DP-13000,5,58.17,2017-05-14
6546,OFF-LA-10000973,DP-13000,2,5.04,2017-05-14
6547,OFF-PA-10000483,DP-13000,1,24.784,2017-05-14
6548,FUR-CH-10000863,VF-21715,6,634.116,2014-03-01
6549,OFF-PA-10003036,VF-21715,3,17.472,2014-03-01
6550,FUR-CH-10002304,GH-14410,6,155.88,2015-07-30
6551,FUR-CH-10000422,JH-16180,4,327.564,2015-11-01
6552,OFF-PA-10002986,RB-19465,2,13.36,2017-12-16
6553,OFF-ST-10002289,RB-19465,5,158.9,2017-12-16
6554,TEC-AC-10001606,LS-16975,4,319.968,2014-10-20
6555,OFF-ST-10003805,LS-16975,3,505.32,2014-10-20
6556,OFF-PA-10002109,LS-16975,1,3.808,2014-10-20
6557,OFF-BI-10000632,LS-16975,1,8.682,2014-10-20
6558,OFF-LA-10003510,LS-16975,1,24.424,2014-10-20
6559,FUR-CH-10004997,EB-13750,9,1522.638,2015-06-05
6560,OFF-EN-10003001,DK-12835,5,419.9,2016-07-21
6561,OFF-LA-10003766,DK-12835,1,3.15,2016-07-21
6562,OFF-AP-10003040,SC-20260,5,33.62,2017-03-31
6563,OFF-BI-10001078,CT-11995,3,16.14,2014-05-07
6564,FUR-TA-10003469,CT-11995,2,194.25,2014-05-07
6565,OFF-AR-10002578,CT-11995,3,8.64,2014-05-07
6566,FUR-CH-10004675,CT-11995,4,872.32,2014-05-07
6567,OFF-BI-10004632,CB-12025,4,243.992,2017-02-05
6568,OFF-AR-10003087,CB-12025,5,7.12,2017-02-05
6569,OFF-AR-10001868,KM-16720,2,2.688,2014-04-18
6570,FUR-CH-10002602,KM-16720,3,317.058,2014-04-18
6571,OFF-EN-10000056,KM-16720,3,149.352,2014-04-18
6572,TEC-AC-10000474,KM-16720,3,227.976,2014-04-18
6573,OFF-PA-10003971,RD-19720,2,11.96,2016-05-10
6574,OFF-ST-10000689,BP-11050,4,563.4,2016-11-25
6575,TEC-MA-10004255,BP-11050,8,319.92,2016-11-25
6576,TEC-AC-10000990,EJ-13720,8,1049.44,2017-03-03
6577,FUR-CH-10003968,EJ-13720,3,170.352,2017-03-03
6578,TEC-PH-10001615,RO-19780,6,173.94,2015-12-06
6579,TEC-PH-10000895,MW-18220,7,1007.944,2014-08-25
6580,OFF-PA-10003001,MS-17530,1,6.68,2016-10-22
6581,OFF-AR-10002766,MS-17530,3,8.34,2016-10-22
6582,FUR-FU-10003095,MS-17530,3,101.94,2016-10-22
6583,TEC-AC-10003610,DW-13585,3,179.97,2016-08-07
6584,OFF-AR-10003727,AM-10705,6,101.94,2017-07-21
6585,TEC-PH-10002660,AM-10705,4,271.96,2017-07-21
6586,FUR-FU-10003274,AM-10705,5,8.8,2017-07-21
6587,OFF-AR-10003829,AM-10705,6,19.68,2017-07-21
6588,FUR-BO-10003441,AM-10705,3,302.94,2017-07-21
6589,OFF-BI-10003355,AM-10705,3,14.94,2017-07-21
6590,OFF-SU-10003505,AM-10705,2,231.72,2017-07-21
6591,OFF-LA-10004484,BG-11740,3,9.912,2014-03-23
6592,OFF-AR-10000658,KB-16585,3,34.65,2015-04-30
6593,TEC-PH-10000347,KB-16585,5,19.8,2015-04-30
6594,OFF-BI-10001989,GT-14710,2,33.568,2016-06-13
6595,OFF-AR-10001897,SV-20815,7,125.93,2015-05-04
6596,OFF-BI-10000285,GG-14650,5,11.76,2017-04-23
6597,OFF-PA-10001804,GG-14650,1,5.344,2017-04-23
6598,OFF-BI-10002557,SV-20785,1,1.365,2014-06-06
6599,OFF-PA-10002319,SV-20785,2,62.016,2014-06-06
6600,FUR-FU-10003849,ON-18715,3,60.72,2014-12-02
6601,OFF-PA-10002923,ON-18715,3,146.82,2014-12-02
6602,FUR-CH-10004754,ON-18715,8,239.84,2014-12-02
6603,OFF-LA-10000634,ON-18715,6,15.66,2014-12-02
6604,OFF-ST-10001418,RA-19945,3,146.352,2017-06-17
6605,OFF-FA-10003467,SV-20785,3,5.94,2016-05-26
6606,OFF-PA-10001293,SV-20785,7,45.36,2016-05-26
6607,TEC-PH-10003885,SV-20785,4,211.168,2016-05-26
6608,FUR-CH-10004860,SV-20785,6,484.704,2016-05-26
6609,TEC-MA-10002428,SV-20785,3,371.976,2016-05-26
6610,OFF-ST-10002406,KB-16585,6,89.82,2015-03-10
6611,OFF-BI-10004209,AG-10495,3,19.296,2016-10-20
6612,FUR-CH-10001891,JK-16090,2,191.96,2015-04-21
6613,OFF-BI-10002215,JK-16090,3,21.3,2015-04-21
6614,TEC-PH-10002103,JK-16090,5,469.95,2015-04-21
6615,FUR-FU-10003394,JK-16090,3,209.88,2015-04-21
6616,FUR-BO-10004218,MV-18190,2,239.666,2016-06-17
6617,OFF-LA-10000081,MV-18190,6,22.5,2016-06-17
6618,OFF-PA-10001497,MV-18190,4,219.84,2016-06-17
6619,OFF-PA-10004983,CP-12085,5,32.4,2017-01-13
6620,OFF-AR-10004010,CP-12085,6,209.94,2017-01-13
6621,OFF-SU-10002881,CP-12085,5,4164.05,2017-01-13
6622,FUR-BO-10001608,CP-12085,3,212.94,2017-01-13
6623,FUR-FU-10001487,VP-21760,6,41.88,2014-09-06
6624,OFF-LA-10001934,VP-21760,8,58.48,2014-09-06
6625,FUR-TA-10002855,PM-18940,1,102.438,2015-01-19
6626,FUR-CH-10004875,PM-18940,4,199.304,2015-01-19
6627,TEC-MA-10001127,TB-21400,4,6999.96,2014-12-14
6628,OFF-PA-10003177,EH-13990,2,12.96,2014-05-23
6629,TEC-PH-10000011,GW-14605,14,279.86,2015-09-19
6630,OFF-BI-10001757,NP-18685,5,7.38,2015-10-02
6631,FUR-CH-10000847,JE-15715,3,698.352,2016-12-25
6632,FUR-TA-10001307,JE-15715,5,1747.25,2016-12-25
6633,OFF-AP-10001205,BE-11455,1,54.48,2016-05-06
6634,TEC-AC-10001838,SS-20590,1,199.99,2016-10-24
6635,OFF-BI-10003982,MB-18085,11,68.541,2017-05-06
6636,TEC-PH-10004977,MB-18085,4,627.168,2017-05-06
6637,OFF-LA-10003510,MB-18085,5,122.12,2017-05-06
6638,OFF-AR-10001573,RP-19390,3,6.99,2017-11-27
6639,OFF-BI-10001196,RP-19390,6,107.424,2017-11-27
6640,FUR-TA-10003954,AJ-10780,8,1421.664,2014-10-31
6641,OFF-BI-10001989,PO-18865,6,125.88,2017-08-05
6642,TEC-AC-10001714,PO-18865,2,79.78,2017-08-05
6643,OFF-LA-10003498,PO-18865,9,133.2,2017-08-05
6644,TEC-PH-10000576,WB-21850,4,438.368,2015-08-10
6645,TEC-PH-10004188,WB-21850,7,139.944,2015-08-10
6646,OFF-AP-10001469,WB-21850,4,133.472,2015-08-10
6647,FUR-TA-10003473,MP-18175,3,564.195,2016-12-15
6648,OFF-AP-10001205,MP-18175,2,87.168,2016-12-15
6649,OFF-BI-10002429,BF-11020,7,42.616,2017-09-08
6650,TEC-CO-10001943,BF-11020,2,319.984,2017-09-08
6651,OFF-FA-10004854,BF-11020,5,45.92,2017-09-08
6652,FUR-FU-10001095,BF-11020,2,21.184,2017-09-08
6653,OFF-PA-10000061,BF-11020,4,20.736,2017-09-08
6654,FUR-CH-10003535,BF-11020,5,213.43,2017-09-08
6655,TEC-PH-10004447,KM-16375,3,333.576,2017-02-20
6656,TEC-AC-10001114,KM-16375,1,31.992,2017-02-20
6657,OFF-ST-10000563,KM-16375,2,51.168,2017-02-20
6658,OFF-EN-10004846,KM-16375,5,10.64,2017-02-20
6659,FUR-FU-10002253,KM-16375,2,68.704,2017-02-20
6660,FUR-TA-10001039,KM-16375,9,386.91,2017-02-20
6661,OFF-AR-10004587,DB-13405,2,39.66,2015-08-08
6662,OFF-AP-10004336,DB-13405,2,113.92,2015-08-08
6663,OFF-BI-10001718,DB-13405,7,447.86,2015-08-08
6664,FUR-TA-10001520,OT-18730,5,356.85,2017-10-26
6665,OFF-EN-10002831,OT-18730,7,251.58,2017-10-26
6666,OFF-PA-10001497,JS-15880,5,219.84,2016-07-14
6667,FUR-FU-10000719,CA-12775,5,42.85,2017-05-12
6668,OFF-LA-10002271,CA-12775,2,6.16,2017-05-12
6669,OFF-SU-10004661,CA-12775,2,17.0,2017-05-12
6670,TEC-AC-10004859,CA-12775,5,87.4,2017-05-12
6671,OFF-BI-10002824,MH-18115,2,29.84,2017-05-25
6672,OFF-BI-10001575,RB-19645,2,49.568,2014-08-23
6673,OFF-AR-10000380,SB-20290,7,265.86,2015-09-11
6674,FUR-FU-10000820,TW-21025,4,67.96,2015-09-05
6675,OFF-AR-10003759,DL-13330,6,10.92,2015-11-21
6676,TEC-MA-10002930,DL-13330,2,83.9,2015-11-21
6677,OFF-AP-10004052,DL-13330,5,19.75,2015-11-21
6678,TEC-AC-10000990,DL-13330,3,393.54,2015-11-21
6679,FUR-FU-10003724,SD-20485,7,46.872,2014-10-10
6680,OFF-ST-10000918,TB-21055,1,10.9,2017-09-02
6681,OFF-PA-10000157,TB-21055,4,79.92,2017-09-02
6682,OFF-PA-10002499,TB-21055,3,146.82,2017-09-02
6683,OFF-BI-10002012,DP-13390,2,3.6,2017-01-01
6684,FUR-FU-10000320,DE-13255,6,20.04,2014-11-05
6685,OFF-ST-10003716,MC-18100,1,180.016,2015-12-17
6686,FUR-FU-10000965,MC-18100,2,41.552,2015-12-17
6687,OFF-AR-10003829,MC-18100,5,13.12,2015-12-17
6688,OFF-ST-10003470,HG-15025,4,1117.92,2015-05-14
6689,TEC-AC-10004568,CM-11815,4,111.96,2017-03-10
6690,OFF-AR-10000817,RP-19855,5,12.16,2017-12-02
6691,OFF-BI-10003460,LS-17200,4,17.52,2017-07-31
6692,OFF-AP-10002472,LS-17200,6,155.88,2017-07-31
6693,OFF-BI-10000632,DR-12940,11,477.51,2017-08-11
6694,OFF-PA-10000062,CC-12475,3,164.88,2017-09-30
6695,TEC-AC-10002006,SS-20515,3,47.97,2016-08-26
6696,OFF-BI-10004318,JF-15190,3,415.176,2016-12-02
6697,OFF-BI-10004236,JF-15190,3,35.232,2016-12-02
6698,OFF-PA-10000062,JF-15190,1,54.96,2016-12-02
6699,OFF-PA-10003205,SW-20455,2,16.34,2017-07-21
6700,FUR-CH-10000988,SW-20455,2,225.296,2017-07-21
6701,OFF-BI-10001524,SW-20455,3,50.352,2017-07-21
6702,FUR-FU-10001986,SG-20470,4,163.136,2015-05-20
6703,OFF-BI-10001031,SG-20470,4,6.408,2015-05-20
6704,TEC-PH-10002468,CS-12355,2,217.584,2015-06-23
6705,OFF-FA-10003059,CS-12355,3,5.43,2015-06-23
6706,TEC-PH-10003931,CS-12355,3,143.976,2015-06-23
6707,TEC-PH-10003505,SC-20695,7,519.68,2016-09-10
6708,OFF-LA-10002368,BF-11170,3,7.83,2014-04-13
6709,FUR-CH-10004287,GZ-14470,4,883.84,2015-11-14
6710,FUR-CH-10001891,GZ-14470,3,230.352,2015-11-14
6711,OFF-BI-10002133,SP-20650,8,273.92,2016-12-09
6712,OFF-AR-10001419,PJ-19015,3,9.912,2017-08-18
6713,FUR-FU-10002298,DB-13060,6,266.352,2017-12-14
6714,FUR-FU-10004091,DB-13060,3,56.328,2017-12-14
6715,TEC-AC-10004510,DB-13060,3,39.264,2017-12-14
6716,OFF-AR-10002987,DB-13060,6,95.232,2017-12-14
6717,OFF-FA-10002280,CK-12325,6,30.0,2016-04-08
6718,OFF-PA-10001934,CK-12325,4,25.92,2016-04-08
6719,FUR-FU-10003268,CK-12325,4,159.92,2016-04-08
6720,OFF-AP-10004859,SF-20065,3,34.944,2016-12-16
6721,TEC-AC-10000057,DP-13105,5,149.95,2017-09-19
6722,OFF-AR-10000914,DP-13105,2,23.32,2017-09-19
6723,OFF-AR-10004956,DP-13105,3,16.74,2017-09-19
6724,OFF-FA-10001843,VM-21835,6,14.82,2017-09-04
6725,OFF-FA-10000585,SF-20200,3,10.47,2016-09-12
6726,OFF-LA-10003720,SF-20200,3,11.07,2016-09-12
6727,OFF-BI-10000301,SF-20200,4,20.704,2016-09-12
6728,OFF-PA-10003302,SC-20695,5,177.2,2017-08-10
6729,FUR-FU-10001889,MF-17665,6,50.496,2016-11-04
6730,OFF-BI-10002982,BV-11245,3,6.129,2015-06-18
6731,FUR-CH-10002965,BV-11245,4,643.136,2015-06-18
6732,OFF-PA-10001937,BV-11245,4,20.736,2015-06-18
6733,OFF-PA-10001977,KE-16420,4,177.536,2014-07-04
6734,OFF-AP-10000692,KE-16420,2,32.432,2014-07-04
6735,OFF-LA-10004093,EM-14200,2,11.696,2015-12-20
6736,OFF-AP-10004980,BT-11680,3,113.76,2016-04-10
6737,OFF-ST-10001932,BT-11680,3,579.51,2016-04-10
6738,OFF-ST-10000636,BT-11680,9,150.66,2016-04-10
6739,OFF-BI-10000069,BT-11680,4,48.032,2016-04-10
6740,OFF-ST-10001837,MM-18055,3,102.624,2014-05-26
6741,FUR-CH-10003981,MM-18055,2,359.772,2014-05-26
6742,OFF-AR-10000716,MM-18055,3,13.392,2014-05-26
6743,FUR-CH-10001146,PO-18850,3,122.136,2017-07-06
6744,OFF-PA-10002751,SP-20860,6,35.88,2015-02-16
6745,TEC-AC-10001606,CS-12355,6,479.952,2017-06-16
6746,OFF-AR-10001427,CS-12355,5,23.92,2017-06-16
6747,TEC-PH-10004389,KB-16600,5,629.95,2017-11-13
6748,OFF-BI-10002498,AA-10375,1,14.952,2017-12-11
6749,OFF-PA-10002245,AA-10375,3,17.94,2017-12-11
6750,TEC-PH-10004522,AA-10375,2,116.98,2017-12-11
6751,FUR-CH-10003535,BP-11155,2,121.96,2016-06-28
6752,OFF-AP-10000595,BP-11155,2,8.74,2016-06-28
6753,OFF-PA-10003039,BP-11155,2,61.96,2016-06-28
6754,OFF-BI-10002003,BP-11155,2,7.96,2016-06-28
6755,OFF-AP-10002311,BP-11155,4,275.24,2016-06-28
6756,FUR-FU-10002445,TC-21145,5,47.4,2017-09-15
6757,FUR-CH-10003606,TC-21145,4,512.96,2017-09-15
6758,TEC-PH-10002115,TC-21145,6,395.94,2017-09-15
6759,OFF-ST-10000934,TC-21145,2,81.96,2017-09-15
6760,OFF-AR-10003903,BG-11035,1,32.776,2017-12-02
6761,OFF-ST-10004123,DO-13435,3,272.94,2017-06-26
6762,FUR-CH-10001708,DB-12970,2,253.764,2016-07-24
6763,OFF-LA-10000240,RL-19615,5,29.24,2016-09-02
6764,OFF-ST-10002485,RL-19615,2,35.168,2016-09-02
6765,TEC-MA-10003230,RL-19615,3,1362.9,2016-09-02
6766,FUR-CH-10002602,SJ-20215,3,317.058,2017-04-20
6767,OFF-AR-10001683,SJ-20215,2,15.76,2017-04-20
6768,FUR-FU-10002456,SJ-20215,5,14.56,2017-04-20
6769,OFF-BI-10002854,CS-12175,7,196.21,2014-08-12
6770,OFF-AR-10002445,JP-16135,5,35.4,2017-09-19
6771,OFF-PA-10004359,NC-18535,5,419.4,2017-12-09
6772,OFF-BI-10000279,NC-18535,3,13.005,2017-12-09
6773,OFF-BI-10003314,CW-11905,2,7.712,2016-11-04
6774,OFF-BI-10000494,CW-11905,1,4.176,2016-11-04
6775,OFF-PA-10000295,CW-11905,6,38.88,2016-11-04
6776,OFF-PA-10002615,CM-12115,4,17.64,2015-03-29
6777,OFF-ST-10003479,PT-19090,3,93.456,2016-09-05
6778,TEC-AC-10002800,CL-12700,9,449.91,2017-01-28
6779,FUR-BO-10003159,HF-14995,3,344.94,2016-09-03
6780,FUR-FU-10002364,HF-14995,2,14.76,2016-09-03
6781,OFF-BI-10003350,HF-14995,2,12.76,2016-09-03
6782,OFF-LA-10004093,HF-14995,8,58.48,2016-09-03
6783,FUR-FU-10000732,JC-15775,4,20.096,2017-07-25
6784,OFF-SU-10004884,JC-15775,3,37.752,2017-07-25
6785,FUR-TA-10001771,JC-15775,1,138.588,2017-07-25
6786,OFF-ST-10000060,JC-15775,5,259.92,2017-07-25
6787,OFF-PA-10004100,JC-15775,4,20.736,2017-07-25
6788,FUR-FU-10003975,JH-15910,3,129.93,2015-09-13
6789,OFF-PA-10001712,JH-15910,7,69.93,2015-09-13
6790,OFF-AR-10001953,CC-12610,4,140.736,2015-09-07
6791,OFF-BI-10004967,IM-15055,5,8.32,2016-11-16
6792,FUR-FU-10003731,BF-11170,1,9.98,2016-11-10
6793,OFF-BI-10001989,CS-12355,3,62.94,2014-08-15
6794,OFF-ST-10000344,MC-17605,2,21.488,2015-11-16
6795,TEC-PH-10001051,MC-17605,3,239.976,2015-11-16
6796,FUR-FU-10001215,MC-17605,2,34.504,2015-11-16
6797,FUR-FU-10001473,MC-18100,2,20.104,2015-08-25
6798,OFF-BI-10000315,MC-18100,1,3.798,2015-08-25
6799,FUR-FU-10002240,MC-18100,5,7.88,2015-08-25
6800,FUR-TA-10002607,LW-16825,1,35.445,2016-12-25
6801,TEC-MA-10003356,LW-16825,2,269.97,2016-12-25
6802,TEC-AC-10002217,LW-16825,3,45.12,2016-12-25
6803,TEC-AC-10004353,LW-16825,2,100.8,2016-12-25
6804,FUR-CH-10004754,LW-16825,2,47.968,2016-12-25
6805,TEC-AC-10002800,KH-16510,2,99.98,2014-10-05
6806,OFF-PA-10001752,RB-19645,2,9.96,2014-11-22
6807,OFF-BI-10003314,GD-14590,1,3.856,2017-12-25
6808,OFF-PA-10000357,EB-13705,3,98.376,2015-03-31
6809,FUR-FU-10001085,EB-13705,3,22.38,2015-03-31
6810,OFF-BI-10000301,PS-18760,2,3.882,2017-09-14
6811,TEC-MA-10002930,PS-18760,1,12.585,2017-09-14
6812,FUR-CH-10002372,PS-18760,2,113.372,2017-09-14
6813,OFF-BI-10003707,PS-18760,4,18.312,2017-09-14
6814,FUR-FU-10001057,PS-18760,8,127.936,2017-09-14
6815,TEC-MA-10001681,PS-18760,2,241.17,2017-09-14
6816,FUR-FU-10003981,GH-14425,3,6.24,2014-06-17
6817,OFF-FA-10000624,GH-14425,5,17.9,2014-06-17
6818,OFF-BI-10004995,GH-14425,3,3266.376,2014-06-17
6819,OFF-BI-10003784,LO-17170,5,1.68,2017-12-28
6820,FUR-FU-10004586,LO-17170,3,7.968,2017-12-28
6821,FUR-CH-10004698,LO-17170,2,113.372,2017-12-28
6822,FUR-FU-10001935,LO-17170,2,2.96,2017-12-28
6823,OFF-AP-10003040,CS-12505,5,168.1,2017-11-02
6824,OFF-EN-10001335,YS-21880,9,98.46,2015-07-25
6825,FUR-TA-10002041,YS-21880,2,358.58,2015-07-25
6826,OFF-ST-10001558,TC-20980,2,32.48,2016-10-02
6827,TEC-CO-10004722,TC-20980,5,17499.95,2016-10-02
6828,OFF-BI-10004600,TC-20980,2,735.98,2016-10-02
6829,OFF-BI-10003712,TC-20980,7,34.37,2016-10-02
6830,OFF-AR-10001958,TC-20980,2,33.96,2016-10-02
6831,TEC-PH-10001750,PW-19030,3,197.97,2016-12-24
6832,OFF-AP-10002287,CS-11860,4,17.48,2017-07-21
6833,OFF-AR-10003183,DP-13165,3,8.016,2015-10-10
6834,FUR-TA-10003008,PJ-19015,1,146.04,2016-09-08
6835,TEC-AC-10004803,BM-11575,2,27.88,2016-11-20
6836,OFF-LA-10003510,DL-13495,5,152.65,2017-10-15
6837,FUR-FU-10000087,DL-13495,1,22.72,2017-10-15
6838,OFF-AR-10003732,BF-10975,4,11.12,2015-07-06
6839,OFF-AP-10000275,FC-14335,5,1640.7,2017-02-05
6840,TEC-PH-10003505,FC-14335,5,371.2,2017-02-05
6841,OFF-BI-10002852,MP-18175,3,14.832,2015-12-06
6842,TEC-AC-10004877,AJ-10795,3,20.7,2016-09-12
6843,OFF-FA-10002975,AJ-10795,3,11.34,2016-09-12
6844,OFF-ST-10000419,AJ-10795,5,67.9,2016-09-12
6845,FUR-CH-10002073,AJ-10795,4,1059.12,2016-09-12
6846,FUR-CH-10000155,BC-11125,2,478.48,2014-07-06
6847,OFF-PA-10001260,RS-19420,4,32.04,2016-05-09
6848,TEC-PH-10001924,NP-18670,1,55.992,2016-07-18
6849,OFF-PA-10003134,BT-11440,2,76.864,2016-06-18
6850,FUR-FU-10000409,BP-11230,4,59.92,2014-04-20
6851,FUR-BO-10002545,JO-15145,6,1565.88,2016-01-08
6852,OFF-BI-10001460,JO-15145,7,106.05,2016-01-08
6853,OFF-ST-10001328,MF-18250,4,62.04,2017-12-23
6854,TEC-PH-10003601,MF-18250,3,494.97,2017-12-23
6855,OFF-ST-10001522,MF-18250,4,367.96,2017-12-23
6856,OFF-PA-10001994,MF-18250,2,44.96,2017-12-23
6857,OFF-EN-10001453,MF-18250,3,182.94,2017-12-23
6858,OFF-PA-10004911,PS-18760,3,28.14,2017-04-17
6859,OFF-LA-10001404,PS-18760,2,7.38,2017-04-17
6860,OFF-FA-10001561,PS-18760,5,10.9,2017-04-17
6861,TEC-AC-10001383,PS-18760,11,274.89,2017-04-17
6862,OFF-LA-10003190,PS-18760,8,23.04,2017-04-17
6863,FUR-CH-10003774,PS-18760,3,218.352,2017-04-17
6864,OFF-PA-10000520,MY-17380,2,10.368,2017-12-01
6865,OFF-BI-10004465,SC-20230,2,12.672,2016-08-21
6866,TEC-PH-10003555,SC-20230,5,91.96,2016-08-21
6867,TEC-AC-10000844,SC-20230,3,254.97,2016-08-21
6868,TEC-PH-10003187,SC-20230,2,31.984,2016-08-21
6869,FUR-TA-10003569,SC-20230,9,2887.056,2016-08-21
6870,OFF-PA-10003848,SC-20230,2,12.96,2016-08-21
6871,OFF-PA-10002606,SC-20230,9,47.52,2016-08-21
6872,OFF-LA-10004853,RF-19345,3,11.952,2016-12-05
6873,OFF-PA-10004948,SG-20080,1,4.98,2015-12-16
6874,OFF-BI-10003676,TB-21520,5,10.78,2014-10-17
6875,TEC-AC-10001314,TB-21520,3,119.976,2014-10-17
6876,OFF-LA-10004545,MM-17920,2,25.06,2016-09-05
6877,FUR-TA-10003238,MM-17920,3,1652.94,2016-09-05
6878,FUR-FU-10004952,CG-12520,6,131.376,2015-10-15
6879,OFF-PA-10003001,CG-12520,1,5.344,2015-10-15
6880,FUR-CH-10001215,TW-21025,5,2003.92,2015-12-01
6881,OFF-PA-10004255,TW-21025,5,32.4,2015-12-01
6882,FUR-TA-10001705,TW-21025,9,1913.4,2015-12-01
6883,OFF-ST-10002554,TW-21025,3,146.73,2015-12-01
6884,OFF-PA-10002222,TW-21025,5,114.2,2015-12-01
6885,FUR-CH-10002320,BD-11320,8,2567.84,2015-05-31
6886,TEC-AC-10003499,HA-14905,4,37.056,2017-09-10
6887,TEC-PH-10003580,HA-14905,2,259.896,2017-09-10
6888,OFF-PA-10004675,LL-16840,3,19.05,2017-04-25
6889,OFF-BI-10000666,LL-16840,3,73.344,2017-04-25
6890,TEC-PH-10001552,SS-20140,8,95.68,2017-09-18
6891,OFF-PA-10000673,SS-20140,7,50.96,2017-09-18
6892,OFF-AR-10000380,SS-20140,3,113.94,2017-09-18
6893,OFF-PA-10003848,SS-20140,4,25.92,2017-09-18
6894,FUR-FU-10002963,SS-20140,4,20.32,2017-09-18
6895,TEC-PH-10002447,SS-20140,2,411.98,2017-09-18
6896,OFF-SU-10004261,SS-20140,2,34.48,2017-09-18
6897,OFF-PA-10003228,SS-20140,5,244.55,2017-09-18
6898,OFF-BI-10004817,CK-12205,3,10.782,2017-08-18
6899,FUR-CH-10002880,VS-21820,7,602.651,2015-05-24
6900,OFF-BI-10001249,VS-21820,6,7.656,2015-05-24
6901,TEC-AC-10002402,TN-21040,7,559.93,2015-09-07
6902,TEC-CO-10001449,HR-14830,5,2399.96,2017-07-24
6903,OFF-FA-10002280,JS-15595,4,16.0,2017-09-02
6904,OFF-AP-10003278,JS-15595,2,5.588,2017-09-02
6905,OFF-ST-10003994,JS-15595,5,235.92,2017-09-02
6906,OFF-ST-10003221,BN-11470,1,10.68,2017-12-06
6907,OFF-BI-10002225,AR-10405,2,41.28,2017-05-20
6908,TEC-PH-10002584,SW-20455,2,1001.584,2016-09-27
6909,FUR-FU-10002364,JE-16165,2,14.76,2017-12-10
6910,OFF-BI-10004022,LH-16900,3,2.502,2014-09-13
6911,FUR-BO-10004709,VG-21790,2,115.96,2017-07-29
6912,OFF-ST-10004340,EM-13960,3,186.54,2017-08-01
6913,TEC-AC-10001714,EM-13825,4,159.56,2017-05-02
6914,TEC-PH-10002844,JH-15910,2,55.984,2015-06-12
6915,OFF-ST-10000585,NP-18700,1,132.16,2014-12-22
6916,OFF-BI-10002824,NP-18700,6,17.904,2014-12-22
6917,OFF-PA-10001289,NP-18700,4,124.032,2014-12-22
6918,FUR-CH-10001854,SH-20635,5,1403.92,2014-12-16
6919,OFF-SU-10003567,BM-11785,3,28.8,2016-04-16
6920,OFF-BI-10001597,HG-14965,2,24.588,2015-05-21
6921,OFF-AP-10003287,BM-11140,7,356.79,2017-02-26
6922,OFF-EN-10001532,PS-19045,1,16.98,2017-04-04
6923,OFF-LA-10003930,MS-17710,5,491.55,2015-03-16
6924,OFF-EN-10003845,MS-17710,2,7.38,2015-03-16
6925,OFF-PA-10002659,JL-15235,7,23.66,2015-11-30
6926,FUR-BO-10001608,JL-15235,12,681.408,2015-11-30
6927,OFF-LA-10000305,KM-16660,3,18.9,2016-07-28
6928,OFF-ST-10003638,RD-19900,4,93.68,2016-06-23
6929,OFF-LA-10001934,RD-19900,3,21.93,2016-06-23
6930,TEC-PH-10003012,RD-19900,7,862.344,2016-06-23
6931,OFF-PA-10001019,RD-19900,1,19.98,2016-06-23
6932,TEC-PH-10002070,ST-20530,1,13.494,2014-07-14
6933,TEC-PH-10002583,ST-20530,2,23.988,2014-07-14
6934,FUR-FU-10001057,ST-20530,2,31.984,2014-07-14
6935,OFF-AR-10001044,ST-20530,2,41.584,2014-07-14
6936,TEC-AC-10001767,BP-11095,3,95.976,2017-11-30
6937,FUR-FU-10000277,TA-21385,2,84.272,2016-09-02
6938,OFF-PA-10001952,PS-18760,2,36.544,2014-06-15
6939,TEC-AC-10004420,NP-18700,4,479.72,2016-11-05
6940,OFF-BI-10001071,SC-20260,2,102.368,2017-06-26
6941,OFF-SU-10002503,SC-20260,5,28.4,2017-06-26
6942,OFF-ST-10001490,SC-20260,4,713.88,2017-06-26
6943,OFF-PA-10003790,SC-20260,3,68.52,2017-06-26
6944,TEC-PH-10004094,RD-19930,5,623.96,2015-07-25
6945,OFF-BI-10004876,TH-21115,4,11.12,2014-09-23
6946,FUR-BO-10003034,GM-14680,5,523.92,2016-09-30
6947,OFF-FA-10000490,JO-15550,2,2.48,2015-11-09
6948,OFF-ST-10002574,ZC-21910,2,221.024,2015-04-25
6949,FUR-CH-10003535,ZC-21910,3,128.058,2015-04-25
6950,OFF-BI-10001628,AP-10720,7,58.408,2017-11-19
6951,FUR-TA-10001676,AP-10720,3,79.974,2017-11-19
6952,TEC-MA-10002790,GK-14620,2,479.988,2015-11-20
6953,OFF-BI-10001757,HM-14980,3,11.808,2015-10-02
6954,OFF-BI-10004828,HM-14980,4,53.568,2015-10-02
6955,TEC-PH-10000369,HM-14980,5,503.96,2015-10-02
6956,OFF-EN-10003862,LS-16945,2,21.34,2015-04-25
6957,OFF-BI-10003963,AR-10570,5,36.4,2016-07-14
6958,FUR-FU-10004848,AR-10570,1,51.75,2016-07-14
6959,OFF-ST-10001328,RH-19510,1,15.51,2015-09-27
6960,OFF-PA-10002377,RH-19510,3,146.82,2015-09-27
6961,OFF-PA-10003441,RH-19510,2,12.96,2015-09-27
6962,OFF-AR-10002221,TB-21190,3,7.8,2017-11-10
6963,OFF-EN-10001509,JD-15895,5,10.2,2016-07-16
6964,OFF-AR-10003338,JD-15895,3,22.32,2016-07-16
6965,OFF-BI-10004728,JD-15895,5,24.1,2016-07-16
6966,TEC-AC-10000358,JD-15895,2,75.98,2016-07-16
6967,OFF-BI-10002764,JD-15895,2,6.46,2016-07-16
6968,OFF-PA-10001461,JD-15895,9,60.12,2016-07-16
6969,TEC-PH-10004165,MP-17965,3,824.97,2015-10-16
6970,FUR-FU-10000010,JB-16000,5,24.85,2016-01-10
6971,OFF-ST-10000321,AB-10105,2,12.624,2017-09-19
6972,TEC-AC-10000109,AB-10105,2,89.584,2017-09-19
6973,TEC-PH-10002415,AB-10105,2,471.92,2017-09-19
6974,OFF-BI-10001460,AB-10105,4,18.18,2017-09-19
6975,OFF-AR-10002987,CC-12145,2,31.744,2017-09-15
6976,OFF-LA-10000443,CY-12745,2,5.904,2015-06-28
6977,FUR-FU-10004306,CY-12745,4,621.76,2015-06-28
6978,TEC-PH-10002564,EP-13915,2,59.98,2016-11-25
6979,OFF-PA-10003724,DL-13315,9,48.87,2017-11-25
6980,OFF-PA-10000483,SO-20335,5,154.9,2017-01-14
6981,OFF-FA-10000611,BP-11095,4,5.92,2014-11-07
6982,OFF-PA-10000246,BP-11095,3,30.18,2014-11-07
6983,OFF-BI-10004728,JA-15970,5,24.1,2016-09-01
6984,TEC-PH-10002365,JA-15970,1,8.78,2016-09-01
6985,OFF-AP-10002457,JA-15970,4,376.74,2016-09-01
6986,OFF-BI-10000320,JA-15970,4,29.52,2016-09-01
6987,OFF-AR-10004999,JA-15970,2,11.96,2016-09-01
6988,OFF-BI-10001116,JA-15970,5,26.4,2016-09-01
6989,OFF-AP-10002651,BB-11545,5,1158.12,2017-11-11
6990,OFF-AP-10001634,DK-13375,2,1.392,2017-12-11
6991,OFF-AP-10003266,RH-19600,3,44.43,2015-11-08
6992,TEC-PH-10002890,RH-19600,5,226.2,2015-11-08
6993,FUR-FU-10000308,RH-19600,3,186.54,2015-11-08
6994,OFF-AR-10000380,RH-19600,7,265.86,2015-11-08
6995,OFF-AR-10000122,RH-19600,5,27.9,2015-11-08
6996,OFF-AP-10004868,AG-10300,4,31.08,2015-11-19
6997,OFF-BI-10004002,JB-15400,4,13.84,2017-12-23
6998,OFF-PA-10004475,JB-15400,4,175.872,2017-12-23
6999,OFF-PA-10002195,BC-11125,2,12.96,2016-09-16
7000,OFF-AP-10002670,KC-16675,3,208.44,2017-05-26
7001,OFF-SU-10004498,KC-16675,2,25.76,2017-05-26
7002,FUR-CH-10003298,DR-12940,4,366.744,2015-03-30
7003,FUR-FU-10000723,DW-13195,7,289.24,2014-08-19
7004,OFF-BI-10000632,DW-13195,2,69.456,2014-08-19
7005,OFF-PA-10000223,ME-18010,1,5.184,2014-12-23
7006,FUR-CH-10001545,JF-15490,2,205.164,2015-11-01
7007,FUR-FU-10001546,SP-20860,2,8.544,2014-12-15
7008,OFF-BI-10001098,KN-16390,2,12.828,2015-08-21
7009,FUR-CH-10003379,KN-16390,3,598.458,2015-08-21
7010,FUR-FU-10000193,KN-16390,1,25.984,2015-08-21
7011,OFF-BI-10000829,GT-14710,5,17.96,2014-05-23
7012,OFF-SU-10003002,GT-14710,2,5.04,2014-05-23
7013,OFF-AP-10002118,GT-14710,1,208.16,2014-05-23
7014,FUR-BO-10001519,DB-12910,3,148.257,2017-12-09
7015,OFF-AP-10002578,FM-14215,3,146.76,2014-03-11
7016,TEC-AC-10000710,FM-14215,2,32.96,2014-03-11
7017,TEC-PH-10000984,FM-14215,3,587.97,2014-03-11
7018,OFF-PA-10000213,FM-14215,3,14.94,2014-03-11
7019,OFF-LA-10003720,SM-20005,7,25.83,2016-06-23
7020,OFF-PA-10001837,AP-10915,3,15.552,2014-08-23
7021,OFF-SU-10004661,AP-10915,1,6.8,2014-08-23
7022,FUR-FU-10003274,AP-10915,3,4.224,2014-08-23
7023,TEC-PH-10000149,AP-10915,9,143.64,2014-08-23
7024,OFF-PA-10000019,AP-10915,6,31.104,2014-08-23
7025,OFF-PA-10001125,AP-10915,9,223.056,2014-08-23
7026,TEC-PH-10002538,SP-20545,6,227.46,2017-02-06
7027,OFF-BI-10000279,SP-20545,4,46.24,2017-02-06
7028,OFF-LA-10001045,RD-19585,2,5.22,2017-01-29
7029,OFF-PA-10003673,MC-17575,5,33.9,2016-12-20
7030,OFF-ST-10002562,EB-13750,3,28.14,2016-11-11
7031,TEC-AC-10002305,EB-13750,2,36.0,2016-11-11
7032,OFF-AR-10003373,EB-13750,3,92.94,2016-11-11
7033,FUR-CH-10003774,EB-13750,3,245.646,2016-11-11
7034,OFF-BI-10001510,EB-13750,3,55.008,2016-11-11
7035,OFF-BI-10004236,EB-13750,3,35.232,2016-11-11
7036,FUR-CH-10004675,JE-15610,3,523.392,2017-11-09
7037,TEC-CO-10004202,CS-11860,2,479.984,2014-05-02
7038,OFF-PA-10004255,PB-19105,2,12.96,2017-09-22
7039,OFF-AR-10003896,PB-19105,3,17.94,2017-09-22
7040,OFF-ST-10002276,AT-10735,2,166.72,2017-12-17
7041,OFF-BI-10001617,AT-10735,3,24.816,2017-12-17
7042,FUR-FU-10000308,AT-10735,2,124.36,2017-12-17
7043,TEC-CO-10001943,SV-20365,5,599.97,2017-07-18
7044,FUR-CH-10002647,SV-20365,4,198.744,2017-07-18
7045,OFF-SU-10004768,SV-20365,2,9.184,2017-07-18
7046,OFF-PA-10002160,PJ-18835,2,9.248,2016-11-03
7047,FUR-TA-10003748,NM-18445,1,99.592,2014-04-08
7048,TEC-AC-10001908,NM-18445,4,399.96,2014-04-08
7049,OFF-PA-10000552,TR-21325,3,15.552,2016-08-14
7050,OFF-AR-10003179,BF-11005,2,14.576,2014-09-25
7051,OFF-BI-10004593,WB-21850,5,209.6,2016-12-11
7052,OFF-AR-10000914,WB-21850,2,23.32,2016-12-11
7053,OFF-PA-10000241,WB-21850,1,30.98,2016-12-11
7054,TEC-AC-10000057,WB-21850,4,119.96,2016-12-11
7055,FUR-CH-10003774,WB-21850,5,363.92,2016-12-11
7056,OFF-BI-10002824,WB-21850,3,35.808,2016-12-11
7057,OFF-BI-10004001,WB-21850,9,122.688,2016-12-11
7058,FUR-TA-10004619,WB-21850,7,892.136,2016-12-11
7059,OFF-ST-10000636,WB-21850,3,50.22,2016-12-11
7060,OFF-AP-10001469,WB-21850,2,83.42,2016-12-11
7061,OFF-BI-10002897,WB-21850,2,5.872,2016-12-11
7062,OFF-BI-10002432,KH-16630,3,12.144,2015-02-03
7063,OFF-EN-10002592,KL-16645,3,27.792,2016-12-29
7064,OFF-SU-10002522,MG-17890,2,6.208,2017-08-31
7065,OFF-AP-10003971,JF-15355,3,32.67,2017-02-04
7066,OFF-ST-10001496,RS-19765,7,1261.33,2014-12-06
7067,OFF-PA-10004782,NL-18310,6,38.88,2016-05-30
7068,OFF-BI-10000343,AS-10285,2,1.964,2016-05-21
7069,OFF-PA-10003591,AS-10285,9,82.656,2016-05-21
7070,OFF-PA-10001667,GM-14500,1,5.98,2014-08-09
7071,OFF-PA-10004971,SU-20665,2,9.248,2016-09-05
7072,OFF-AR-10001216,CK-12205,2,4.448,2016-07-23
7073,OFF-PA-10004355,CK-12205,1,5.184,2016-07-23
7074,OFF-AR-10001953,CK-12205,5,175.92,2016-07-23
7075,OFF-BI-10004364,CK-12205,4,4.752,2016-07-23
7076,OFF-SU-10001165,CK-12205,2,13.344,2016-07-23
7077,OFF-EN-10001141,JM-15580,5,54.9,2016-05-12
7078,OFF-BI-10000014,JE-15715,7,22.911,2016-09-02
7079,OFF-AP-10000159,JE-15715,9,309.456,2016-09-02
7080,OFF-AR-10003560,JE-15715,4,19.456,2016-09-02
7081,FUR-TA-10001768,JE-15715,3,472.518,2016-09-02
7082,TEC-AC-10002049,JE-15715,3,1012.68,2016-09-02
7083,OFF-BI-10003166,JE-15715,5,17.22,2016-09-02
7084,OFF-AR-10003469,AR-10825,2,3.52,2017-07-21
7085,TEC-PH-10002549,AR-10825,9,1626.192,2017-07-21
7086,OFF-BI-10003476,AH-10075,5,8.595,2017-09-25
7087,OFF-SU-10000157,AH-10075,2,190.896,2017-09-25
7088,OFF-ST-10003123,GA-14515,3,99.87,2017-08-03
7089,OFF-AR-10001955,JF-15415,4,79.36,2015-10-25
7090,TEC-PH-10001809,KH-16690,1,119.96,2017-06-15
7091,OFF-PA-10000474,CC-12685,3,106.32,2015-01-09
7092,OFF-AP-10001205,CC-12685,3,163.44,2015-01-09
7093,OFF-AR-10004691,CC-12685,2,42.76,2015-01-09
7094,OFF-PA-10004996,CC-12685,5,51.55,2015-01-09
7095,TEC-AC-10001908,JF-15565,6,479.952,2015-02-09
7096,OFF-BI-10000666,RP-19390,6,146.688,2016-08-19
7097,OFF-BI-10004318,RP-19390,2,276.784,2016-08-19
7098,OFF-BI-10003429,RP-19390,5,25.32,2016-08-19
7099,OFF-PA-10003302,CD-11980,9,318.96,2017-11-06
7100,OFF-PA-10003302,DF-13135,6,212.64,2015-12-26
7101,OFF-EN-10002621,SM-20005,3,23.472,2014-11-23
7102,OFF-PA-10000249,SG-20890,2,19.648,2016-08-01
7103,OFF-BI-10000050,LH-16750,3,6.57,2014-09-21
7104,OFF-ST-10003805,EJ-14155,2,421.1,2017-09-04
7105,FUR-CH-10000785,KH-16330,6,760.116,2017-06-19
7106,FUR-FU-10004909,KH-16330,3,38.784,2017-06-19
7107,TEC-AC-10001553,KH-16330,9,122.328,2017-06-19
7108,TEC-PH-10004774,KM-16720,2,25.98,2016-04-19
7109,OFF-AR-10004582,KM-16720,2,3.28,2016-04-19
7110,OFF-ST-10000991,KM-16720,4,459.88,2016-04-19
7111,OFF-SU-10002522,KM-16720,2,7.76,2016-04-19
7112,OFF-AR-10004022,KM-16720,2,71.96,2016-04-19
7113,OFF-SU-10001218,KM-16720,5,54.9,2016-04-19
7114,OFF-BI-10000174,KM-16720,2,9.28,2016-04-19
7115,FUR-TA-10003392,LW-16990,6,1685.88,2016-05-05
7116,OFF-BI-10001890,LW-16990,2,5.728,2016-05-05
7117,OFF-PA-10000167,IG-15085,2,61.96,2014-10-18
7118,OFF-BI-10003784,IG-15085,1,1.344,2014-10-18
7119,OFF-PA-10001184,JP-15460,3,17.94,2017-02-13
7120,OFF-BI-10002103,GG-14650,2,13.904,2017-11-17
7121,OFF-BI-10003091,MM-18280,1,67.194,2014-01-20
7122,OFF-PA-10001593,SO-20335,7,41.86,2017-12-01
7123,FUR-BO-10002598,SO-20335,2,141.96,2017-12-01
7124,FUR-FU-10000320,MF-18250,3,10.02,2015-08-09
7125,OFF-PA-10001815,MF-18250,3,144.12,2015-08-09
7126,OFF-PA-10003971,JG-15160,3,17.94,2016-09-27
7127,OFF-AR-10004685,JG-15160,3,13.89,2016-09-27
7128,OFF-PA-10001609,JM-16195,5,16.45,2016-11-14
7129,FUR-FU-10000550,JM-16195,4,19.92,2016-11-14
7130,TEC-AC-10004209,PK-19075,4,35.168,2016-04-16
7131,OFF-PA-10003022,PK-19075,7,123.088,2016-04-16
7132,FUR-TA-10001039,TT-21460,3,257.94,2017-11-26
7133,TEC-PH-10002624,TT-21460,4,1879.96,2017-11-26
7134,FUR-FU-10001473,TT-21460,2,27.46,2017-11-26
7135,TEC-PH-10001819,TT-21460,2,89.98,2017-11-26
7136,FUR-CH-10004287,TT-21460,3,828.6,2017-11-26
7137,OFF-BI-10004728,SS-20875,5,7.23,2015-11-20
7138,OFF-ST-10000918,SS-20875,2,17.44,2015-11-20
7139,OFF-BI-10004593,SS-20875,4,62.88,2015-11-20
7140,FUR-BO-10001337,SS-20875,3,290.352,2015-11-20
7141,TEC-AC-10002473,TG-21640,4,113.52,2017-09-07
7142,FUR-FU-10003623,TG-21640,5,135.3,2017-09-07
7143,FUR-FU-10002045,HP-14815,5,111.15,2014-11-24
7144,TEC-PH-10002555,MH-17290,5,776.85,2017-03-11
7145,OFF-BI-10002794,MH-17290,1,12.294,2017-03-11
7146,FUR-TA-10004086,MH-17290,3,154.764,2017-03-11
7147,OFF-ST-10004946,MH-17290,1,43.28,2017-03-11
7148,OFF-PA-10000241,CB-12415,3,92.94,2016-06-12
7149,OFF-AP-10004036,CB-12415,3,52.56,2016-06-12
7150,TEC-PH-10001578,VD-21670,3,971.88,2015-06-26
7151,FUR-CH-10002647,SR-20425,2,141.96,2017-12-22
7152,FUR-TA-10003008,AG-10330,2,182.55,2017-12-22
7153,OFF-PA-10004071,BP-11095,2,88.768,2014-10-09
7154,OFF-AP-10004980,JW-16075,7,53.088,2015-12-10
7155,FUR-FU-10000747,LH-16900,6,275.88,2015-12-25
7156,OFF-BI-10004492,LH-16900,5,157.9,2015-12-25
7157,OFF-LA-10004055,KT-16480,1,4.91,2017-04-29
7158,OFF-ST-10002485,CC-12220,4,87.92,2016-03-28
7159,OFF-PA-10001243,CC-12220,1,5.98,2016-03-28
7160,TEC-PH-10004447,BF-11170,2,222.384,2015-05-13
7161,OFF-FA-10002280,BF-11170,4,16.0,2015-05-13
7162,OFF-PA-10004734,MS-17770,3,21.84,2014-07-04
7163,OFF-BI-10000145,MS-17770,5,15.6,2014-07-04
7164,OFF-EN-10004773,AH-10030,8,247.84,2014-04-22
7165,OFF-BI-10004970,AH-10030,3,9.912,2014-04-22
7166,OFF-ST-10000604,CK-12595,2,69.52,2016-09-19
7167,OFF-AR-10003190,NP-18325,4,11.52,2014-07-22
7168,FUR-CH-10000155,NP-18325,3,717.72,2014-07-22
7169,OFF-ST-10003058,NP-18325,10,236.5,2014-07-22
7170,FUR-TA-10004767,NP-18325,3,170.352,2014-07-22
7171,FUR-CH-10002372,GM-14440,2,145.764,2017-10-08
7172,TEC-AC-10000158,SG-20605,3,107.97,2017-04-25
7173,TEC-AC-10000158,HK-14890,5,143.96,2017-03-26
7174,TEC-CO-10002313,HK-14890,5,2399.96,2017-03-26
7175,OFF-PA-10002581,HK-14890,3,74.352,2017-03-26
7176,OFF-AP-10001205,HK-14890,8,87.168,2017-03-26
7177,OFF-ST-10000344,HK-14890,3,32.232,2017-03-26
7178,OFF-BI-10002897,MY-18295,2,2.202,2017-05-04
7179,OFF-BI-10003694,MY-18295,3,9.396,2017-05-04
7180,TEC-PH-10001644,RC-19960,3,89.97,2016-11-14
7181,OFF-AR-10002399,JO-15145,3,12.78,2014-01-06
7182,TEC-AC-10003063,MW-18220,2,40.0,2016-12-27
7183,OFF-BI-10002071,NZ-18565,5,23.24,2017-04-30
7184,FUR-CH-10004218,JM-15250,9,908.82,2017-04-21
7185,OFF-SU-10000432,ED-13885,2,5.552,2017-08-17
7186,OFF-AR-10003183,ED-13885,3,8.016,2017-08-17
7187,FUR-CH-10002017,ED-13885,4,74.592,2017-08-17
7188,FUR-FU-10003247,ED-13885,2,16.784,2017-08-17
7189,OFF-AP-10001563,ED-13885,4,38.864,2017-08-17
7190,TEC-PH-10004908,DW-13480,3,203.976,2016-11-12
7191,FUR-TA-10003392,DW-13480,3,674.352,2016-11-12
7192,OFF-BI-10004140,JK-15205,4,5.388,2016-10-01
7193,OFF-AR-10003631,JK-15205,8,30.976,2016-10-01
7194,OFF-ST-10003716,JS-15880,6,1350.12,2016-02-12
7195,OFF-BI-10003274,JS-15880,4,15.92,2016-02-12
7196,FUR-FU-10004848,PO-19180,2,19.54,2016-11-13
7197,OFF-AR-10003504,MH-17290,5,21.4,2014-04-26
7198,OFF-LA-10000305,MH-17290,2,12.6,2014-04-26
7199,OFF-AR-10001427,PO-19180,2,11.96,2015-08-11
7200,TEC-PH-10004614,PO-19180,2,138.0,2015-08-11
7201,TEC-PH-10001944,HF-14995,1,116.76,2016-11-27
7202,FUR-TA-10001039,HF-14995,7,331.023,2016-11-27
7203,FUR-FU-10003806,VB-21745,5,756.8,2016-10-28
7204,FUR-FU-10002111,MG-17890,3,8.736,2014-12-29
7205,OFF-AR-10000817,BO-11425,2,6.08,2015-09-10
7206,FUR-FU-10001424,CM-12115,2,17.46,2017-10-02
7207,TEC-MA-10002930,CM-12115,11,369.16,2017-10-02
7208,OFF-AR-10003759,LC-16930,2,2.912,2016-09-11
7209,OFF-PA-10001837,LC-16930,4,20.736,2016-09-11
7210,OFF-PA-10001667,LC-16930,2,9.568,2016-09-11
7211,OFF-PA-10000246,EH-13765,3,30.18,2016-06-02
7212,OFF-BI-10001078,EH-13765,12,51.648,2016-06-02
7213,OFF-BI-10000138,EH-13765,3,11.232,2016-06-02
7214,OFF-LA-10002034,MC-17275,3,14.73,2017-10-15
7215,OFF-AR-10000127,HW-14935,5,16.4,2015-09-27
7216,OFF-PA-10003172,HW-14935,4,25.92,2015-09-27
7217,OFF-AR-10001246,LC-16870,3,8.82,2015-05-03
7218,OFF-BI-10002026,LC-16870,2,62.496,2015-05-03
7219,TEC-AC-10000844,LC-16870,4,339.96,2015-05-03
7220,OFF-BI-10001575,LC-16870,2,49.568,2015-05-03
7221,OFF-BI-10004632,BP-11290,3,274.491,2017-01-09
7222,TEC-PH-10000193,TG-21310,3,137.94,2017-01-27
7223,TEC-AC-10003441,MC-18100,3,40.68,2017-09-02
7224,TEC-PH-10004093,RB-19360,3,110.376,2016-07-14
7225,OFF-AP-10002998,RB-19360,7,151.62,2016-07-14
7226,FUR-FU-10000073,RB-19360,4,30.8,2016-07-14
7227,OFF-PA-10001125,ES-14080,5,123.92,2017-02-24
7228,TEC-AC-10003033,ES-14080,5,1319.8,2017-02-24
7229,OFF-BI-10002498,RD-19720,6,89.712,2014-07-20
7230,OFF-PA-10004569,RD-19720,3,22.83,2014-07-20
7231,OFF-BI-10002353,SC-20380,2,30.88,2017-03-13
7232,OFF-AP-10001564,SC-20380,2,465.16,2017-03-13
7233,OFF-PA-10003673,SC-20380,4,27.12,2017-03-13
7234,FUR-FU-10003347,GB-14575,8,113.6,2016-03-08
7235,OFF-PA-10001934,GB-14575,2,12.96,2016-03-08
7236,OFF-BI-10000632,GB-14575,2,69.456,2016-03-08
7237,OFF-AR-10003190,FP-14320,3,8.64,2014-12-07
7238,TEC-MA-10000904,EA-14035,3,341.991,2016-07-10
7239,FUR-FU-10000771,SC-20305,7,43.96,2016-12-24
7240,OFF-EN-10001990,SC-20305,7,39.76,2016-12-24
7241,FUR-FU-10002445,JF-15355,7,66.36,2017-04-23
7242,OFF-BI-10003638,JF-15355,6,92.88,2017-04-23
7243,FUR-FU-10004864,JF-15355,2,24.14,2017-04-23
7244,FUR-CH-10002024,TP-21415,9,4416.174,2017-08-17
7245,OFF-AR-10002445,RL-19615,7,49.56,2017-05-22
7246,OFF-ST-10001370,SB-20170,5,354.9,2017-02-09
7247,OFF-LA-10000305,JS-15595,3,15.12,2014-03-03
7248,FUR-BO-10001972,JS-15595,5,302.45,2014-03-03
7249,OFF-ST-10002486,JS-15595,8,44.672,2014-03-03
7250,TEC-AC-10001874,BP-11155,2,119.98,2015-06-04
7251,TEC-AC-10003870,BP-11155,3,989.97,2015-06-04
7252,OFF-LA-10002473,EM-13825,4,9.216,2016-08-27
7253,OFF-PA-10003790,SC-20695,3,68.52,2016-09-12
7254,OFF-AP-10002684,EM-14140,3,364.74,2016-05-30
7255,FUR-FU-10001037,EM-14140,5,47.4,2016-05-30
7256,OFF-ST-10000876,EM-14140,4,49.76,2016-05-30
7257,OFF-AR-10003732,EM-14140,2,5.56,2016-05-30
7258,OFF-PA-10000994,EM-14140,6,629.1,2016-05-30
7259,OFF-AR-10000940,EM-14140,5,14.7,2016-05-30
7260,OFF-PA-10004888,EM-14140,7,45.36,2016-05-30
7261,TEC-PH-10000441,EM-14140,1,125.99,2016-05-30
7262,OFF-AR-10001231,GZ-14545,7,14.7,2017-06-10
7263,TEC-PH-10003988,ML-17395,5,32.7,2017-10-22
7264,OFF-EN-10003068,ML-17395,4,31.68,2017-10-22
7265,OFF-AR-10004260,PG-18895,7,181.86,2017-06-13
7266,FUR-CH-10001973,DK-12835,2,155.372,2014-11-23
7267,OFF-BI-10002824,SJ-20215,3,13.428,2017-08-16
7268,OFF-ST-10004950,SJ-20215,4,67.136,2017-08-16
7269,OFF-PA-10004039,AG-10675,2,89.568,2016-01-14
7270,FUR-FU-10003374,AG-10675,8,315.776,2016-01-14
7271,FUR-BO-10001918,KD-16495,2,273.666,2016-09-16
7272,OFF-AP-10002287,KD-16495,4,17.48,2016-09-16
7273,OFF-SU-10004498,EB-13975,2,20.608,2016-10-10
7274,OFF-BI-10002557,EB-13975,3,4.095,2016-10-10
7275,TEC-PH-10004908,AW-10930,5,339.96,2015-11-13
7276,FUR-FU-10000794,AW-10930,7,63.98,2015-11-13
7277,TEC-AC-10004171,JK-16120,10,799.92,2014-11-02
7278,TEC-PH-10002070,TC-21535,2,35.984,2016-07-19
7279,TEC-AC-10003095,TC-21535,3,389.97,2016-07-19
7280,TEC-AC-10003832,TH-21235,7,185.528,2016-05-14
7281,OFF-BI-10003527,PW-19240,2,2541.98,2015-02-21
7282,TEC-MA-10001148,GH-14410,5,599.985,2017-10-16
7283,OFF-BI-10002432,JK-15730,3,3.036,2017-06-22
7284,OFF-AR-10001374,LC-17140,5,25.92,2017-09-09
7285,FUR-FU-10000723,LC-17140,2,66.112,2017-09-09
7286,TEC-AC-10003614,BK-11260,4,46.36,2017-10-14
7287,TEC-AC-10004877,BS-11365,1,6.9,2016-06-20
7288,FUR-FU-10004270,BS-11365,3,57.69,2016-06-20
7289,TEC-MA-10002210,AG-10525,3,559.71,2014-09-02
7290,OFF-ST-10000675,SC-20725,9,305.01,2016-01-30
7291,OFF-BI-10004781,SC-20725,2,50.784,2016-01-30
7292,OFF-LA-10004689,SC-20725,9,26.01,2016-01-30
7293,TEC-MA-10001856,LR-16915,2,649.0,2017-12-04
7294,FUR-FU-10000719,CB-12415,7,59.99,2016-01-23
7295,FUR-FU-10003849,RD-19900,1,20.24,2015-05-26
7296,OFF-AR-10001725,NC-18340,2,37.84,2014-05-04
7297,OFF-FA-10000840,NC-18340,6,5.472,2014-05-04
7298,OFF-ST-10000943,NB-18655,5,77.24,2015-02-10
7299,FUR-TA-10002533,JK-15730,4,292.1,2014-11-18
7300,FUR-FU-10001546,JK-15730,2,8.544,2014-11-18
7301,FUR-BO-10003546,JK-15730,6,424.116,2014-11-18
7302,OFF-BI-10004728,JK-15730,3,2.892,2014-11-18
7303,OFF-ST-10000025,JK-15730,5,381.72,2014-11-18
7304,FUR-CH-10003817,DO-13645,2,97.184,2017-09-04
7305,OFF-PA-10000289,DO-13645,2,10.368,2017-09-04
7306,FUR-TA-10001889,MG-18145,3,890.841,2014-03-29
7307,TEC-AC-10002305,LH-17155,4,72.0,2016-11-05
7308,FUR-CH-10004875,LH-17155,2,113.888,2016-11-05
7309,OFF-EN-10001434,LH-17155,3,158.13,2016-11-05
7310,OFF-FA-10004395,MM-18280,3,14.13,2017-06-10
7311,OFF-BI-10004632,BD-11320,5,64.75,2015-08-10
7312,OFF-BI-10000145,SC-20575,2,1.872,2015-10-09
7313,OFF-BI-10002498,SC-20575,2,11.214,2015-10-09
7314,OFF-AR-10001761,SC-20575,8,37.376,2015-10-09
7315,TEC-PH-10001817,TN-21040,1,286.4,2016-05-28
7316,OFF-AR-10004456,ZC-21910,3,43.92,2017-05-11
7317,FUR-TA-10001539,NB-18655,1,142.182,2016-10-16
7318,OFF-PA-10003205,KH-16330,3,19.608,2017-11-17
7319,OFF-BI-10002813,KH-16330,7,4.158,2017-11-17
7320,TEC-PH-10002310,MN-17935,5,979.95,2017-11-26
7321,FUR-FU-10003623,MN-17935,5,135.3,2017-11-26
7322,OFF-PA-10003424,MY-18295,3,8.904,2017-09-03
7323,TEC-AC-10004353,MY-18295,2,100.8,2017-09-03
7324,FUR-FU-10001934,CS-11950,2,41.96,2017-12-05
7325,OFF-LA-10003766,CS-11950,3,9.45,2017-12-05
7326,OFF-AP-10004540,MC-17845,5,400.8,2017-11-10
7327,OFF-BI-10001543,MC-17845,1,28.792,2017-11-10
7328,FUR-FU-10004597,SC-20050,2,111.0,2014-03-18
7329,TEC-MA-10001148,SC-20050,4,1279.968,2014-03-18
7330,OFF-ST-10000078,SC-20050,7,1856.19,2014-03-18
7331,FUR-FU-10001037,SP-20650,6,22.752,2016-11-12
7332,TEC-PH-10001433,SC-20440,1,61.542,2017-10-26
7333,OFF-BI-10003007,SC-20440,7,81.438,2017-10-26
7334,FUR-FU-10001290,PR-18880,2,67.36,2015-04-11
7335,FUR-FU-10000087,PR-18880,3,54.528,2015-04-11
7336,TEC-AC-10002049,JK-15625,2,843.9,2015-12-25
7337,FUR-BO-10002613,JK-15625,2,449.568,2015-12-25
7338,OFF-ST-10004950,BM-11575,1,15.51,2017-09-21
7339,FUR-CH-10004875,SM-20950,3,192.186,2014-12-20
7340,OFF-AR-10003190,KC-16255,2,5.76,2015-07-18
7341,FUR-CH-10000553,SG-20470,2,67.88,2014-07-26
7342,OFF-LA-10002762,SG-20470,13,162.89,2014-07-26
7343,FUR-FU-10000719,SG-20470,3,25.71,2014-07-26
7344,OFF-ST-10000563,TB-21520,6,191.88,2014-12-26
7345,FUR-TA-10004289,DV-13045,6,721.875,2017-12-11
7346,TEC-PH-10003555,DV-13045,4,73.568,2017-12-11
7347,OFF-AR-10001958,DV-13045,1,13.584,2017-12-11
7348,FUR-CH-10000225,DV-13045,1,64.784,2017-12-11
7349,OFF-AP-10002534,SC-20020,3,176.772,2014-03-03
7350,OFF-BI-10000301,JB-15400,6,38.82,2017-10-21
7351,OFF-BI-10003460,JB-15400,5,21.9,2017-10-21
7352,TEC-AC-10001772,GH-14425,7,111.79,2017-11-10
7353,TEC-PH-10003505,MG-17650,8,445.44,2017-03-16
7354,OFF-LA-10004484,RD-19660,5,16.52,2016-09-22
7355,OFF-PA-10001593,SN-20560,5,29.9,2017-02-06
7356,OFF-BI-10004139,AH-10690,8,116.4,2015-12-31
7357,OFF-AR-10001315,MZ-17335,1,1.408,2016-10-09
7358,FUR-FU-10001488,MZ-17335,2,169.568,2016-10-09
7359,TEC-PH-10002170,AR-10345,6,251.964,2014-12-30
7360,FUR-TA-10004575,AR-10345,3,523.764,2014-12-30
7361,OFF-PA-10000809,JF-15295,3,19.44,2016-04-12
7362,FUR-CH-10000225,JF-15295,3,194.352,2016-04-12
7363,OFF-BI-10003707,JF-15295,3,36.624,2016-04-12
7364,TEC-PH-10004539,DS-13180,3,340.182,2016-11-28
7365,OFF-FA-10004076,DS-13180,8,12.672,2016-11-28
7366,OFF-BI-10003166,DS-13180,2,6.888,2016-11-28
7367,OFF-ST-10002301,DS-13180,2,32.544,2016-11-28
7368,FUR-CH-10002647,DS-13180,7,347.802,2016-11-28
7369,OFF-BI-10004654,BP-11095,3,15.57,2017-04-15
7370,OFF-LA-10001175,TG-21310,2,4.608,2015-03-09
7371,TEC-PH-10001336,BT-11395,2,257.98,2014-10-28
7372,OFF-ST-10000760,JF-15190,11,153.78,2017-01-07
7373,OFF-ST-10002301,JF-15190,3,61.02,2017-01-07
7374,OFF-SU-10004884,JF-15190,7,110.11,2017-01-07
7375,OFF-FA-10003112,JF-15190,1,7.89,2017-01-07
7376,OFF-BI-10000069,MK-17905,3,36.024,2017-08-13
7377,OFF-AR-10001958,GG-14650,4,54.336,2017-11-02
7378,OFF-ST-10001321,MC-18130,6,92.52,2014-09-19
7379,OFF-AR-10003504,ML-18265,3,10.272,2015-05-31
7380,OFF-ST-10000419,AG-10270,3,40.74,2016-09-13
7381,OFF-LA-10004559,AG-10270,5,14.4,2016-09-13
7382,TEC-PH-10001644,AG-10270,5,149.95,2016-09-13
7383,OFF-SU-10004782,AG-10270,2,16.9,2016-09-13
7384,OFF-PA-10002250,AG-10270,3,17.61,2016-09-13
7385,OFF-AP-10001394,AG-10270,2,378.0,2016-09-13
7386,OFF-PA-10001838,AG-10270,3,17.64,2016-09-13
7387,OFF-ST-10004340,AG-10270,6,373.08,2016-09-13
7388,FUR-FU-10003664,AG-10270,14,1336.44,2016-09-13
7389,TEC-PH-10004897,AG-10270,3,29.97,2016-09-13
7390,FUR-CH-10000454,TT-21070,2,390.368,2017-11-29
7391,FUR-FU-10004017,TT-21070,5,101.52,2017-11-29
7392,OFF-PA-10000241,LT-16765,3,74.352,2017-12-04
7393,OFF-PA-10003016,DD-13570,5,15.7,2017-05-02
7394,OFF-AR-10001615,DD-13570,3,59.52,2017-05-02
7395,OFF-PA-10002713,DD-13570,5,34.4,2017-05-02
7396,FUR-TA-10002958,DB-12970,2,313.176,2016-12-25
7397,FUR-CH-10003746,DB-12970,3,866.646,2016-12-25
7398,OFF-AP-10003217,DM-12955,6,795.408,2014-09-30
7399,OFF-PA-10001526,ME-17725,9,35.856,2014-07-12
7400,TEC-AC-10002857,ME-17725,4,23.84,2014-07-12
7401,FUR-FU-10003039,TR-21325,1,43.13,2016-09-08
7402,OFF-PA-10002615,TR-21325,7,30.87,2016-09-08
7403,OFF-SU-10002573,SH-20395,4,70.12,2017-08-06
7404,FUR-BO-10004015,CB-12535,5,509.9575,2015-05-14
7405,FUR-FU-10001979,CB-12535,3,122.91,2015-05-14
7406,FUR-CH-10003833,CB-12535,2,97.568,2015-05-14
7407,FUR-CH-10004495,CB-12535,3,722.352,2015-05-14
7408,OFF-LA-10001613,ML-17410,5,11.52,2017-01-20
7409,FUR-FU-10003247,JG-15310,8,167.84,2016-05-30
7410,FUR-TA-10004442,JS-15880,1,172.11,2014-04-08
7411,TEC-AC-10001314,AG-10270,2,99.98,2014-07-23
7412,TEC-PH-10001619,MG-17890,1,156.792,2017-05-30
7413,TEC-AC-10002323,MG-17890,2,35.36,2017-05-30
7414,FUR-FU-10000820,MG-17890,1,13.592,2017-05-30
7415,FUR-CH-10004287,SC-20770,2,386.68,2016-03-13
7416,TEC-AC-10000474,SC-20770,5,379.96,2016-03-13
7417,TEC-PH-10001494,SC-20770,3,539.91,2016-03-13
7418,OFF-PA-10004996,SC-20770,5,41.24,2016-03-13
7419,OFF-BI-10004318,SC-20770,1,51.897,2016-03-13
7420,OFF-ST-10002574,SC-20770,5,552.56,2016-03-13
7421,OFF-BI-10002353,SC-20770,5,23.16,2016-03-13
7422,OFF-ST-10003641,SC-20770,2,126.08,2016-03-13
7423,TEC-MA-10001148,SC-20770,3,449.1,2016-03-13
7424,OFF-AP-10000026,BS-11755,4,195.104,2017-04-10
7425,FUR-FU-10003878,BS-11755,3,36.672,2017-04-10
7426,FUR-CH-10001146,LC-17140,2,85.246,2016-06-25
7427,FUR-FU-10003919,LC-17140,2,32.712,2016-06-25
7428,OFF-BI-10000605,MH-17440,3,11.43,2014-03-17
7429,OFF-BI-10000309,MH-17440,2,30.44,2014-03-17
7430,OFF-PA-10003349,MH-17440,2,12.96,2014-03-17
7431,OFF-PA-10003063,MH-17440,4,16.0,2014-03-17
7432,OFF-AP-10003971,MH-17440,3,32.67,2014-03-17
7433,OFF-FA-10004838,RD-19720,3,4.464,2014-08-09
7434,OFF-BI-10001097,RD-19720,5,9.345,2014-08-09
7435,OFF-BI-10000605,BP-11095,3,9.144,2015-07-26
7436,OFF-BI-10003314,BP-11095,6,23.136,2015-07-26
7437,OFF-AR-10002067,BP-11095,5,99.2,2015-07-26
7438,OFF-BI-10001031,BF-11020,5,21.36,2014-02-15
7439,FUR-FU-10003832,CP-12085,5,46.9,2015-03-24
7440,OFF-BI-10000138,JL-15235,5,18.72,2017-09-02
7441,FUR-TA-10004607,JL-15235,2,236.528,2017-09-02
7442,OFF-LA-10003148,JG-15805,3,18.9,2015-11-16
7443,OFF-PA-10001804,VP-21760,2,10.688,2014-12-09
7444,OFF-ST-10000036,VP-21760,3,237.096,2014-12-09
7445,OFF-PA-10001166,RD-19810,1,5.184,2017-02-03
7446,OFF-PA-10001033,RD-19810,2,65.584,2017-02-03
7447,FUR-FU-10004597,RD-19810,1,22.2,2017-02-03
7448,OFF-PA-10000418,RD-19810,5,419.4,2017-02-03
7449,FUR-FU-10004090,MH-18025,5,88.92,2017-11-11
7450,OFF-AR-10000390,SJ-20125,3,9.912,2017-09-17
7451,FUR-CH-10003774,SJ-20125,5,318.43,2017-09-17
7452,OFF-BI-10002412,SJ-20125,5,5.8,2017-09-17
7453,TEC-PH-10002415,SJ-20125,6,1415.76,2017-09-17
7454,TEC-PH-10003505,FM-14380,2,148.48,2017-06-25
7455,OFF-LA-10003663,KH-16360,4,9.248,2016-07-30
7456,OFF-ST-10001780,KH-16360,2,1036.624,2016-07-30
7457,TEC-PH-10002033,LL-16840,2,569.64,2015-04-16
7458,OFF-BI-10001036,LL-16840,1,9.14,2015-04-16
7459,FUR-FU-10001468,LL-16840,7,1196.86,2015-04-16
7460,FUR-BO-10001519,LL-16840,9,523.26,2015-04-16
7461,TEC-CO-10001943,AR-10540,4,639.968,2015-04-11
7462,OFF-PA-10003127,AR-10540,2,52.76,2015-04-11
7463,TEC-AC-10002076,NP-18670,9,538.92,2015-02-27
7464,OFF-AR-10003338,LP-17095,2,14.88,2016-09-08
7465,OFF-PA-10004610,LP-17095,8,34.24,2016-09-08
7466,OFF-ST-10001272,LP-17095,2,261.74,2016-09-08
7467,OFF-AP-10001366,AH-10690,8,87.84,2016-05-19
7468,FUR-FU-10001424,TB-21190,4,34.92,2017-11-11
7469,OFF-PA-10000349,AA-10315,3,14.94,2014-09-15
7470,FUR-FU-10002456,AA-10315,2,14.56,2014-09-15
7471,OFF-BI-10002609,AC-10615,4,3.576,2015-09-15
7472,OFF-ST-10001522,AC-10615,2,147.184,2015-09-15
7473,TEC-CO-10000971,EM-14140,5,1499.95,2016-07-01
7474,OFF-AR-10000034,QJ-19255,4,13.568,2016-04-10
7475,FUR-CH-10004063,ME-17320,9,2573.82,2014-01-06
7476,OFF-BI-10004632,ME-17320,2,609.98,2014-01-06
7477,OFF-AR-10001662,ME-17320,2,5.48,2014-01-06
7478,TEC-PH-10004977,ME-17320,2,391.98,2014-01-06
7479,TEC-PH-10004539,ME-17320,4,755.96,2014-01-06
7480,OFF-FA-10001883,ME-17320,4,31.12,2014-01-06
7481,OFF-PA-10000955,ME-17320,1,6.54,2014-01-06
7482,OFF-EN-10002500,LB-16795,1,12.78,2016-09-01
7483,OFF-BI-10004654,JP-16135,4,18.464,2014-09-23
7484,FUR-CH-10003774,EB-13705,7,445.802,2014-12-15
7485,OFF-AR-10004707,CS-12400,1,2.48,2017-12-28
7486,OFF-BI-10004040,CS-12400,5,25.9,2017-12-28
7487,OFF-PA-10001184,PM-19135,5,29.9,2015-12-19
7488,TEC-AC-10004145,PM-19135,9,2249.91,2015-12-19
7489,FUR-TA-10003473,PM-19135,4,1053.164,2015-12-19
7490,OFF-PA-10003172,AA-10645,2,12.96,2017-11-05
7491,FUR-FU-10003799,FA-14230,6,106.68,2015-09-10
7492,TEC-PH-10002583,CM-12190,6,119.94,2017-11-16
7493,OFF-PA-10004239,CC-12475,3,10.272,2017-09-11
7494,FUR-TA-10002855,CC-12475,5,512.19,2017-09-11
7495,OFF-AP-10001626,CC-12475,2,1.556,2017-09-11
7496,OFF-BI-10004022,TC-21295,2,4.448,2017-07-14
7497,FUR-FU-10003601,TC-21295,3,276.69,2017-07-14
7498,OFF-FA-10000490,TC-21295,4,4.96,2017-07-14
7499,OFF-AR-10004042,TC-21295,4,71.92,2017-07-14
7500,FUR-FU-10002960,TC-21295,3,18.84,2017-07-14
7501,TEC-AC-10000991,TC-21295,3,140.97,2017-07-14
7502,TEC-PH-10004977,TC-21295,3,470.376,2017-07-14
7503,OFF-AR-10000817,TB-21400,2,6.08,2017-03-30
7504,TEC-PH-10002447,TB-21400,1,164.792,2017-03-30
7505,OFF-EN-10003134,JK-15325,2,23.36,2016-01-31
7506,OFF-BI-10000309,BW-11200,4,12.176,2017-06-08
7507,TEC-PH-10001615,SH-20395,2,46.384,2014-11-02
7508,OFF-ST-10003208,SH-20395,2,362.92,2014-11-02
7509,OFF-PA-10000605,JL-15835,2,9.248,2017-07-14
7510,TEC-PH-10000560,JL-15835,9,1889.946,2017-07-14
7511,OFF-ST-10003455,JL-15835,5,62.04,2017-07-14
7512,FUR-FU-10002937,JL-15835,5,396.92,2017-07-14
7513,OFF-ST-10001837,JL-15835,7,239.456,2017-07-14
7514,OFF-AR-10004757,JL-15835,5,13.12,2017-07-14
7515,OFF-BI-10004236,JL-15835,2,29.36,2017-12-09
7516,OFF-AP-10000159,JL-15835,5,214.9,2017-12-09
7517,OFF-BI-10003274,JL-15835,4,15.92,2017-12-09
7518,TEC-AC-10001013,JL-15835,5,146.45,2017-12-09
7519,OFF-ST-10004963,JL-15835,1,15.14,2017-12-09
7520,OFF-LA-10004409,JL-15835,2,5.76,2017-12-09
7521,TEC-CO-10001046,JL-15835,2,1399.98,2017-12-09
7522,OFF-BI-10002824,MD-17350,2,8.952,2016-09-05
7523,OFF-BI-10001757,MD-17350,6,8.856,2016-09-05
7524,FUR-CH-10004477,MD-17350,2,85.246,2016-09-05
7525,OFF-EN-10003072,CL-12565,7,21.728,2014-09-10
7526,FUR-CH-10003973,CL-12565,5,1487.04,2014-09-10
7527,OFF-EN-10001028,RA-19885,6,71.88,2017-09-26
7528,FUR-FU-10003829,RA-19885,3,9.24,2017-09-26
7529,OFF-PA-10002245,RA-19885,6,35.88,2017-09-26
7530,OFF-BI-10002215,RA-19885,3,17.04,2017-09-26
7531,OFF-BI-10003925,RA-19885,3,931.176,2017-09-26
7532,FUR-FU-10002298,LC-16885,3,266.352,2016-06-17
7533,FUR-CH-10004853,LC-16885,4,483.136,2016-06-17
7534,FUR-CH-10002880,SW-20245,2,196.784,2017-02-25
7535,FUR-BO-10004709,SW-20245,5,231.92,2017-02-25
7536,OFF-SU-10004231,HG-14965,3,29.7,2017-03-31
7537,FUR-FU-10000820,MV-17485,2,13.592,2017-12-03
7538,OFF-PA-10001736,GT-14710,2,70.88,2016-02-19
7539,OFF-ST-10003306,BS-11380,1,114.288,2017-12-02
7540,OFF-BI-10003707,BS-11380,8,36.624,2017-12-02
7541,FUR-BO-10003546,BS-11380,8,242.352,2017-12-02
7542,TEC-PH-10000213,BS-11380,2,49.616,2017-12-02
7543,FUR-FU-10001488,BS-11380,6,508.704,2017-12-02
7544,TEC-PH-10004833,BS-11380,6,57.36,2017-12-02
7545,FUR-CH-10002335,BS-11380,5,906.68,2017-12-02
7546,TEC-PH-10001128,CM-12715,6,719.952,2014-10-10
7547,TEC-PH-10004667,CM-12715,7,755.944,2014-10-10
7548,OFF-BI-10004817,CM-12715,5,11.98,2014-10-10
7549,OFF-BI-10004140,CM-12715,1,0.898,2014-10-10
7550,FUR-FU-10004671,EM-13825,3,21.204,2016-09-05
7551,OFF-EN-10002592,KH-16330,3,34.74,2014-11-20
7552,TEC-PH-10004447,KH-16330,6,833.94,2014-11-20
7553,OFF-BI-10003669,KH-16330,3,12.96,2014-11-20
7554,OFF-PA-10000223,KH-16330,4,25.92,2014-11-20
7555,FUR-BO-10004467,AF-10885,7,349.965,2014-05-10
7556,OFF-AR-10000716,AF-10885,5,22.32,2014-05-10
7557,OFF-PA-10003641,JR-16210,6,158.28,2017-11-27
7558,OFF-BI-10004519,JR-16210,3,497.94,2017-11-27
7559,OFF-AP-10002518,DL-12925,3,533.94,2014-11-01
7560,OFF-PA-10000806,DL-12925,3,167.94,2014-11-01
7561,FUR-FU-10003142,DL-12925,6,31.68,2014-11-01
7562,FUR-CH-10000454,BD-11605,1,170.786,2016-12-30
7563,FUR-BO-10003894,RB-19570,4,198.744,2016-09-03
7564,TEC-AC-10001714,RB-19795,2,63.824,2017-10-05
7565,FUR-CH-10001190,TB-21250,4,435.168,2016-01-30
7566,FUR-BO-10000468,TB-21250,1,48.58,2016-01-30
7567,TEC-AC-10001998,KN-16390,3,47.976,2017-04-21
7568,OFF-PA-10001534,KN-16390,4,20.736,2017-04-21
7569,OFF-AR-10003045,RL-19615,9,26.46,2014-12-05
7570,OFF-PA-10001363,RL-19615,4,49.12,2014-12-05
7571,OFF-FA-10002280,RL-19615,3,15.0,2014-12-05
7572,OFF-ST-10003479,FH-14275,5,194.7,2014-10-21
7573,FUR-TA-10004607,FH-14275,4,591.32,2014-10-21
7574,OFF-AR-10001022,FH-14275,1,2.84,2014-10-21
7575,OFF-ST-10004186,YS-21880,2,221.96,2015-12-08
7576,TEC-AC-10000865,YS-21880,4,236.0,2015-12-08
7577,TEC-AC-10000023,SW-20755,2,41.94,2014-11-02
7578,TEC-PH-10001750,SW-20755,1,52.792,2014-11-02
7579,FUR-CH-10004997,PN-18775,3,563.94,2016-12-18
7580,OFF-AP-10000275,AT-10735,8,2625.12,2015-11-23
7581,OFF-AR-10004999,AT-10735,3,17.94,2015-11-23
7582,OFF-ST-10003816,EJ-13720,3,422.856,2015-08-13
7583,FUR-CH-10003968,DM-13345,2,127.764,2015-04-16
7584,TEC-PH-10000730,KH-16690,7,3499.93,2014-03-21
7585,OFF-LA-10004409,KH-16690,5,14.4,2014-03-21
7586,OFF-PA-10000675,KH-16690,3,122.97,2014-03-21
7587,OFF-AR-10001573,KH-16690,4,9.32,2014-03-21
7588,OFF-BI-10001597,KH-16690,3,122.94,2014-03-21
7589,FUR-FU-10001196,MB-18085,3,17.31,2017-11-16
7590,OFF-AR-10004602,DK-12895,7,128.744,2015-09-25
7591,FUR-FU-10000260,DB-13210,9,58.248,2016-09-05
7592,FUR-CH-10001146,DB-13210,2,71.246,2016-09-05
7593,OFF-AR-10000896,DB-13210,3,7.872,2016-09-05
7594,FUR-CH-10000309,DB-13210,3,887.271,2016-09-05
7595,OFF-BI-10001989,CV-12295,7,146.86,2017-04-20
7596,OFF-BI-10001036,CV-12295,4,36.56,2017-04-20
7597,TEC-PH-10002103,GK-14620,3,225.576,2015-06-15
7598,OFF-AR-10001473,JA-15970,2,5.248,2014-09-17
7599,OFF-AR-10000411,JA-15970,3,38.256,2014-09-17
7600,OFF-PA-10000246,JA-15970,5,40.24,2014-09-17
7601,TEC-MA-10004086,JA-15970,5,29.925,2014-09-17
7602,OFF-PA-10003039,JA-15970,6,148.704,2014-09-17
7603,TEC-AC-10004633,JA-15970,10,55.92,2014-09-17
7604,OFF-PA-10000289,TH-21115,2,12.96,2016-07-08
7605,FUR-FU-10003247,BS-11665,3,25.176,2016-05-27
7606,FUR-FU-10002191,BS-11665,2,5.584,2016-05-27
7607,OFF-ST-10001496,BS-11665,9,1297.368,2016-05-27
7608,OFF-ST-10000585,NS-18505,2,264.32,2017-12-24
7609,OFF-PA-10001166,MK-18160,4,25.92,2017-05-03
7610,OFF-AR-10003651,MK-18160,7,22.96,2017-05-03
7611,OFF-PA-10001800,SA-20830,3,19.44,2014-02-22
7612,OFF-PA-10000791,BH-11710,2,9.54,2015-02-08
7613,OFF-FA-10000134,BH-11710,1,5.81,2015-02-08
7614,OFF-AR-10001149,BH-11710,2,5.76,2015-02-08
7615,FUR-FU-10000010,SC-20380,3,14.91,2015-08-24
7616,OFF-BI-10000201,RF-19345,9,6.642,2014-11-30
7617,OFF-PA-10001776,CM-12235,2,18.54,2016-12-10
7618,OFF-BI-10003656,CM-12235,5,679.96,2016-12-10
7619,FUR-TA-10001539,JM-15655,1,189.576,2017-10-27
7620,TEC-PH-10004100,JM-15655,5,71.96,2017-10-27
7621,TEC-PH-10001580,RB-19435,5,539.92,2014-11-25
7622,FUR-CH-10002335,RB-19435,4,725.344,2014-11-25
7623,OFF-AR-10004707,RB-19435,3,7.44,2014-11-25
7624,OFF-AP-10000576,SS-20515,1,39.48,2014-07-14
7625,OFF-AP-10001394,NM-18445,5,850.5,2015-05-23
7626,FUR-FU-10003724,NM-18445,9,75.33,2015-05-23
7627,OFF-AP-10002867,EM-14095,6,325.632,2015-11-21
7628,TEC-AC-10002718,EM-14095,2,23.344,2015-11-21
7629,OFF-LA-10003121,EM-14095,5,16.52,2015-11-21
7630,OFF-EN-10002230,MP-17470,5,335.72,2014-03-30
7631,TEC-PH-10001819,MP-17470,7,251.944,2014-03-30
7632,FUR-CH-10002304,MP-17470,7,127.302,2014-03-30
7633,FUR-CH-10002602,KH-16360,8,1207.84,2017-12-29
7634,OFF-BI-10002414,KH-16360,1,12.53,2017-12-29
7635,OFF-AR-10003696,KH-16360,1,34.58,2017-12-29
7636,FUR-CH-10004495,KH-16360,1,300.98,2017-12-29
7637,FUR-CH-10001270,KH-16360,3,258.75,2017-12-29
7638,OFF-AR-10001615,DB-13555,3,59.52,2017-03-02
7639,OFF-EN-10003286,DB-13555,7,57.96,2017-03-02
7640,FUR-BO-10003660,DB-13555,2,441.96,2017-03-02
7641,OFF-PA-10002764,DB-13555,6,68.04,2017-03-02
7642,TEC-MA-10001695,LB-16795,6,703.71,2016-10-06
7643,OFF-BI-10002824,LB-16795,4,17.904,2016-10-06
7644,OFF-BI-10002571,LB-16795,4,11.976,2016-10-06
7645,TEC-AC-10001553,LB-16795,5,67.96,2016-10-06
7646,FUR-CH-10003973,CA-11965,3,892.224,2015-04-05
7647,TEC-MA-10002073,DL-12925,2,1299.99,2014-09-09
7648,OFF-BI-10003529,FC-14335,2,4.544,2016-03-15
7649,FUR-CH-10000309,FC-14335,4,1352.032,2016-03-15
7650,FUR-TA-10004154,DB-13120,9,1548.99,2015-12-27
7651,OFF-EN-10003286,DB-13120,3,19.872,2015-12-27
7652,TEC-AC-10001552,CK-12205,3,119.448,2017-08-07
7653,OFF-ST-10002790,CK-12205,2,118.16,2017-08-07
7654,OFF-AR-10003217,FW-14395,4,19.56,2015-03-22
7655,FUR-FU-10002813,JM-15865,4,80.96,2015-11-30
7656,OFF-PA-10003848,JM-15865,4,25.92,2015-11-30
7657,OFF-AP-10000240,PS-18970,2,106.96,2014-04-15
7658,FUR-FU-10004091,PS-18970,4,187.76,2014-04-15
7659,OFF-BI-10001071,TC-21475,4,76.776,2017-07-30
7660,OFF-BI-10003676,CV-12805,5,53.9,2017-06-01
7661,FUR-FU-10004864,VS-21820,3,76.728,2014-01-07
7662,OFF-BI-10003708,VS-21820,7,10.43,2014-01-07
7663,OFF-AR-10002067,SC-20575,5,99.2,2017-09-29
7664,OFF-AR-10003158,SG-20605,5,15.92,2017-09-13
7665,FUR-FU-10000193,NB-18580,4,129.92,2014-10-22
7666,OFF-BI-10000977,DR-12940,1,30.4,2016-10-04
7667,TEC-CO-10001449,DR-12940,9,5399.91,2016-10-04
7668,OFF-ST-10000136,DR-12940,3,119.1,2016-10-04
7669,OFF-PA-10000743,MA-17560,6,40.08,2015-11-27
7670,OFF-PA-10001019,MA-17560,3,59.94,2015-11-27
7671,TEC-AC-10003095,MA-17560,2,259.98,2015-11-27
7672,FUR-BO-10002916,MA-17560,1,170.98,2015-11-27
7673,FUR-FU-10002506,MA-17560,3,38.97,2015-11-27
7674,OFF-PA-10003823,MA-17560,5,154.9,2015-11-27
7675,FUR-TA-10004619,MA-17560,4,446.068,2015-11-27
7676,OFF-AP-10001271,TS-21655,3,152.94,2017-05-06
7677,TEC-AC-10002331,JG-15115,3,23.472,2014-10-08
7678,OFF-PA-10003228,KM-16375,4,195.64,2014-12-31
7679,OFF-PA-10002586,KM-16375,3,14.94,2014-12-31
7680,TEC-AC-10002049,KM-16375,4,1687.8,2014-12-31
7681,FUR-BO-10000362,KM-16375,2,341.96,2014-12-31
7682,FUR-CH-10004218,KM-16375,6,605.88,2014-12-31
7683,OFF-AP-10003779,SD-20485,1,186.732,2015-04-28
7684,OFF-BI-10003527,SD-20485,3,3812.97,2015-04-28
7685,OFF-BI-10002897,TT-21070,9,26.424,2015-02-14
7686,TEC-PH-10002584,TT-21070,1,625.99,2015-02-14
7687,FUR-TA-10001095,BB-11545,9,1568.61,2016-11-25
7688,OFF-BI-10004002,BB-11545,1,17.3,2016-11-25
7689,TEC-AC-10004518,BB-11545,8,160.0,2016-11-25
7690,OFF-AP-10002191,RS-19420,3,179.94,2017-07-15
7691,FUR-TA-10004575,RS-19420,3,872.94,2017-07-15
7692,OFF-PA-10003177,RS-19420,2,12.96,2017-07-15
7693,OFF-LA-10003923,AI-10855,6,88.8,2014-12-29
7694,TEC-PH-10001051,AI-10855,4,319.968,2014-12-29
7695,FUR-CH-10004754,MC-17275,7,167.888,2016-03-22
7696,OFF-PA-10000357,AH-10120,5,163.96,2017-07-02
7697,OFF-BI-10001787,AH-10120,4,5.232,2017-07-02
7698,TEC-CO-10002313,BF-11170,2,1199.98,2017-12-14
7699,OFF-ST-10002790,BF-11170,1,73.85,2017-12-14
7700,OFF-SU-10001664,BF-11170,3,25.71,2017-12-14
7701,OFF-FA-10001332,BF-11170,6,17.28,2017-12-14
7702,FUR-TA-10003473,BF-11170,2,526.582,2017-12-14
7703,OFF-PA-10000605,AA-10480,2,11.56,2016-08-26
7704,TEC-PH-10002170,AA-10480,3,209.97,2016-08-26
7705,FUR-TA-10004147,AA-10480,4,447.84,2016-08-26
7706,TEC-AC-10003911,AA-10480,3,479.97,2016-08-26
7707,OFF-AR-10002578,AA-10480,3,8.64,2016-08-26
7708,OFF-AR-10001761,SV-20815,2,11.68,2017-10-15
7709,TEC-AC-10001553,EH-14185,3,40.776,2014-10-25
7710,OFF-BI-10000309,EH-14185,3,13.698,2014-10-25
7711,TEC-PH-10003095,JL-15850,5,87.8,2015-04-02
7712,FUR-FU-10001876,JM-15250,3,77.952,2017-10-28
7713,OFF-ST-10001522,JM-15250,2,147.184,2017-10-28
7714,OFF-PA-10000300,JM-15250,3,47.952,2017-10-28
7715,OFF-AP-10001469,JB-15925,6,250.26,2014-12-05
7716,TEC-AC-10001553,PB-19105,3,40.776,2017-11-03
7717,OFF-PA-10004041,SP-20620,5,29.6,2015-01-06
7718,OFF-BI-10002764,SP-20620,2,1.938,2015-01-06
7719,TEC-AC-10001114,MC-17605,4,159.96,2017-09-09
7720,OFF-AR-10001615,BG-11695,3,59.52,2015-01-05
7721,OFF-EN-10000461,BG-11695,2,17.48,2015-01-05
7722,OFF-BI-10004506,BG-11695,2,13.168,2015-01-05
7723,OFF-AP-10000027,JO-15550,3,40.74,2017-04-16
7724,FUR-CH-10003981,AR-10345,1,179.886,2015-09-10
7725,OFF-AP-10003849,TS-21505,1,286.256,2016-09-25
7726,OFF-ST-10004963,TS-21505,2,24.224,2016-09-25
7727,OFF-ST-10002574,TS-21505,3,331.536,2016-09-25
7728,OFF-AR-10001761,JK-15640,3,17.52,2015-03-16
7729,OFF-AR-10000716,GA-14515,4,17.856,2016-11-26
7730,TEC-AC-10002637,TN-21040,3,431.976,2016-09-26
7731,FUR-CH-10003774,TW-21025,4,291.136,2017-06-13
7732,OFF-EN-10000927,PA-19060,4,114.848,2017-09-18
7733,OFF-PA-10000743,JD-15790,2,10.688,2017-06-02
7734,OFF-PA-10000697,MN-17935,4,15.232,2016-05-15
7735,OFF-AR-10004441,GM-14500,3,12.42,2017-09-15
7736,OFF-PA-10001870,DG-13300,3,19.44,2016-08-22
7737,OFF-BI-10003684,JG-15160,4,70.368,2014-05-30
7738,OFF-AR-10001315,AG-10330,9,12.672,2017-12-18
7739,TEC-PH-10003589,JF-15355,5,89.95,2017-07-30
7740,OFF-PA-10001609,SC-20680,2,6.58,2014-11-21
7741,TEC-AC-10000474,SC-20680,1,94.99,2014-11-21
7742,TEC-PH-10003095,CM-11935,2,35.12,2015-09-24
7743,OFF-PA-10001639,KT-16480,4,25.92,2017-08-20
7744,OFF-BI-10002003,CP-12340,2,7.96,2016-06-17
7745,TEC-PH-10004539,CP-12340,3,566.97,2016-06-17
7746,OFF-AR-10003829,CP-12340,3,9.84,2016-06-17
7747,TEC-AC-10004761,EK-13795,2,25.488,2015-12-19
7748,OFF-FA-10003472,CW-11905,6,7.56,2015-05-31
7749,FUR-FU-10003464,KH-16510,3,60.84,2015-06-18
7750,OFF-ST-10003716,KH-16510,2,450.04,2015-06-18
7751,OFF-BI-10004002,KH-16510,2,34.6,2015-06-18
7752,TEC-PH-10002496,KH-16510,3,467.97,2015-06-18
7753,OFF-BI-10004826,KH-16510,2,33.02,2015-06-18
7754,FUR-FU-10001546,AB-10600,2,17.088,2015-11-30
7755,OFF-AR-10001919,AH-10075,2,3.008,2015-12-21
7756,OFF-PA-10002558,CK-12595,7,268.24,2017-11-17
7757,TEC-AC-10003174,CK-12595,5,431.16,2017-11-17
7758,TEC-PH-10003988,SP-20620,4,43.6,2017-11-13
7759,FUR-FU-10004845,SP-20620,3,154.95,2017-11-13
7760,OFF-PA-10003072,JP-15460,3,15.552,2016-10-24
7761,OFF-PA-10003641,BG-11035,2,42.208,2014-12-06
7762,OFF-PA-10003729,CC-12550,2,10.368,2017-12-03
7763,OFF-AR-10003251,SL-20155,1,2.224,2017-09-26
7764,OFF-EN-10003286,FO-14305,9,74.52,2015-02-03
7765,OFF-AR-10004078,BB-11545,3,17.52,2017-08-12
7766,FUR-CH-10002331,BB-11545,5,1779.9,2017-08-12
7767,OFF-AR-10001953,BB-11545,5,219.9,2017-08-12
7768,OFF-AR-10002053,DO-13435,3,7.152,2015-08-24
7769,OFF-PA-10003651,LB-16735,5,26.72,2017-11-12
7770,TEC-PH-10002885,TS-21205,2,1039.728,2016-08-01
7771,OFF-AP-10002892,TS-21205,2,45.96,2016-08-01
7772,OFF-BI-10000545,CS-12505,2,456.588,2016-11-25
7773,TEC-MA-10000418,CS-12505,5,4499.985,2016-11-25
7774,TEC-AC-10000926,CS-12505,3,59.976,2016-11-25
7775,OFF-EN-10001509,SP-20920,3,6.12,2016-04-13
7776,OFF-AP-10001366,CD-12790,1,10.98,2014-12-27
7777,OFF-FA-10003485,CD-12790,3,7.86,2014-12-27
7778,OFF-ST-10004507,CD-12790,3,51.45,2014-12-27
7779,OFF-BI-10002353,CD-12790,3,37.056,2014-12-27
7780,OFF-AP-10001271,RF-19840,4,203.92,2016-04-18
7781,TEC-PH-10004924,RF-19840,4,29.56,2016-04-18
7782,OFF-BI-10002706,FO-14305,3,8.568,2015-03-08
7783,OFF-ST-10003442,ER-13855,2,45.248,2016-11-04
7784,FUR-TA-10002533,ER-13855,10,876.3,2016-11-04
7785,OFF-SU-10003505,ER-13855,2,185.376,2016-11-04
7786,OFF-LA-10002762,PB-19150,2,25.06,2014-11-29
7787,OFF-BI-10000279,LW-17215,1,2.89,2016-05-17
7788,OFF-FA-10000936,LW-17215,3,7.896,2016-05-17
7789,FUR-FU-10004973,LW-17215,3,22.608,2016-05-17
7790,OFF-PA-10000791,LW-17215,8,30.528,2016-05-17
7791,OFF-BI-10001132,FG-14260,3,4.842,2017-09-19
7792,OFF-BI-10002012,BP-11050,5,1.8,2016-12-19
7793,TEC-AC-10001383,SP-20860,2,39.984,2017-10-12
7794,OFF-PA-10002036,JD-15895,5,32.4,2015-12-12
7795,OFF-PA-10002377,JD-15895,2,97.88,2015-12-12
7796,TEC-PH-10000526,FM-14380,4,307.168,2015-07-12
7797,OFF-BI-10001078,MP-17965,5,26.9,2015-10-02
7798,OFF-EN-10004483,HR-14830,3,47.01,2017-03-24
7799,TEC-PH-10002624,HR-14830,1,469.99,2017-03-24
7800,FUR-CH-10003396,HR-14830,3,207.846,2017-03-24
7801,OFF-ST-10002756,BW-11065,3,324.744,2017-06-01
7802,FUR-FU-10002813,MS-17710,2,40.48,2014-03-24
7803,OFF-LA-10003714,SJ-20125,4,12.0,2015-09-22
7804,OFF-ST-10003716,SJ-20125,4,720.064,2015-09-22
7805,OFF-ST-10002289,SJ-20125,1,25.424,2015-09-22
7806,OFF-AR-10001315,SJ-20125,2,2.816,2015-09-22
7807,OFF-BI-10000042,SJ-20125,2,3.204,2015-09-22
7808,OFF-BI-10004236,VS-21820,7,30.828,2016-01-08
7809,OFF-AR-10001955,VS-21820,3,47.616,2016-01-08
7810,TEC-PH-10004080,VS-21820,2,108.784,2016-01-08
7811,OFF-PA-10000791,DK-13090,1,4.77,2016-02-14
7812,OFF-AR-10001770,DK-13090,3,7.98,2016-02-14
7813,FUR-TA-10002356,DK-13090,3,550.431,2016-02-14
7814,FUR-FU-10003274,DK-13090,6,10.56,2016-02-14
7815,FUR-BO-10004834,MG-17680,2,1497.666,2017-06-08
7816,TEC-PH-10000307,MG-17680,2,17.52,2017-06-08
7817,OFF-AR-10002240,DP-13390,3,113.22,2016-10-21
7818,OFF-PA-10001801,DP-13390,6,35.88,2016-10-21
7819,OFF-BI-10001120,DP-13390,3,4535.976,2016-10-21
7820,OFF-FA-10000611,CJ-12010,8,11.84,2017-01-26
7821,OFF-ST-10000036,CW-11905,6,592.74,2017-12-08
7822,OFF-ST-10004950,GW-14605,9,111.672,2016-10-21
7823,OFF-AR-10003770,PP-18955,3,8.64,2014-08-26
7824,TEC-AC-10002800,PP-18955,3,149.97,2014-08-26
7825,FUR-CH-10002439,PW-19030,5,232.88,2014-05-16
7826,FUR-CH-10004218,PW-19030,1,90.882,2015-02-03
7827,TEC-PH-10004042,CY-12745,4,508.768,2017-10-31
7828,OFF-EN-10001137,CY-12745,3,9.912,2017-10-31
7829,FUR-CH-10002017,BW-11110,3,63.936,2015-04-26
7830,OFF-AR-10000588,BW-11110,3,59.52,2015-04-26
7831,TEC-PH-10003174,BW-11110,3,311.976,2015-04-26
7832,OFF-BI-10001524,BW-11110,3,50.352,2015-04-26
7833,TEC-PH-10001552,MB-18085,2,19.136,2016-05-09
7834,OFF-AR-10004757,CR-12820,5,13.12,2015-01-24
7835,FUR-TA-10002530,EB-14110,2,241.568,2015-04-13
7836,TEC-PH-10001494,EB-14110,2,479.92,2015-04-13
7837,FUR-CH-10004289,SH-19975,4,307.136,2015-09-25
7838,OFF-LA-10002945,SH-19975,2,12.6,2015-09-25
7839,TEC-AC-10002567,SH-19975,2,159.98,2015-09-25
7840,OFF-EN-10001509,CV-12295,3,6.12,2014-03-28
7841,FUR-TA-10003954,CV-12295,4,1184.72,2014-03-28
7842,OFF-AP-10002892,AT-10735,2,45.96,2016-07-17
7843,OFF-BI-10003638,AG-10390,3,58.05,2014-04-19
7844,OFF-PA-10001569,AG-10390,11,71.28,2014-04-19
7845,FUR-TA-10001676,GM-14500,4,124.404,2017-07-21
7846,OFF-PA-10001125,JK-15205,5,154.9,2015-09-27
7847,TEC-PH-10002496,JK-15205,12,1871.88,2015-09-27
7848,FUR-FU-10004053,DW-13540,2,16.192,2016-02-27
7849,OFF-ST-10000321,AS-10090,3,18.936,2016-05-02
7850,OFF-ST-10002957,AS-10090,3,12.672,2016-05-02
7851,OFF-LA-10000973,AS-10090,2,5.04,2016-05-02
7852,OFF-PA-10000143,TS-21205,2,8.448,2014-12-09
7853,OFF-AP-10003287,TS-21205,2,20.388,2014-12-09
7854,OFF-PA-10001526,SM-20320,2,9.96,2015-12-25
7855,OFF-AP-10004540,BH-11710,4,320.64,2017-12-07
7856,TEC-AC-10001266,BH-11710,4,52.0,2017-12-07
7857,OFF-BI-10004233,LW-16825,2,25.584,2014-05-30
7858,TEC-PH-10003505,LW-16825,5,464.0,2014-05-30
7859,OFF-AP-10001005,LW-16825,3,235.95,2014-05-30
7860,OFF-PA-10001712,LW-16825,4,39.96,2014-05-30
7861,OFF-BI-10002353,JA-15970,4,18.528,2017-03-02
7862,TEC-AC-10003038,KA-16525,2,17.9,2015-10-12
7863,OFF-ST-10000934,KA-16525,2,81.96,2015-10-12
7864,OFF-ST-10002743,TG-21310,3,272.736,2015-07-14
7865,OFF-PA-10001846,TG-21310,4,18.496,2015-07-14
7866,FUR-CH-10004287,TG-21310,2,441.92,2015-07-14
7867,FUR-BO-10001608,TG-21310,6,127.764,2015-07-14
7868,OFF-PA-10000357,DB-13360,3,166.44,2014-11-19
7869,OFF-PA-10000575,LS-17245,2,13.38,2016-05-27
7870,TEC-AC-10002167,MO-17950,2,24.0,2017-07-03
7871,OFF-EN-10004459,CA-11965,4,24.448,2017-09-25
7872,OFF-LA-10002271,DB-12910,2,6.16,2016-10-03
7873,FUR-CH-10004063,DB-12910,4,915.136,2016-10-03
7874,OFF-PA-10004610,DB-12910,2,8.56,2016-10-03
7875,OFF-PA-10001878,DB-12910,2,97.82,2016-10-03
7876,OFF-PA-10002036,DK-12835,6,31.104,2017-09-09
7877,OFF-AP-10003278,DK-12835,1,11.176,2017-09-09
7878,OFF-LA-10001641,EB-14170,2,5.04,2015-03-12
7879,FUR-FU-10003806,DR-12940,4,242.176,2016-11-29
7880,FUR-TA-10003392,JS-15685,2,337.176,2016-06-14
7881,OFF-AR-10003856,LC-16870,6,13.344,2017-12-03
7882,TEC-AC-10002006,LC-16870,6,76.752,2017-12-03
7883,TEC-AC-10002006,LC-16870,8,102.336,2017-12-03
7884,OFF-PA-10002246,LC-16870,2,10.32,2017-12-03
7885,OFF-SU-10004782,LC-16870,7,47.32,2017-12-03
7886,FUR-FU-10004351,LC-16870,3,23.376,2017-12-03
7887,FUR-FU-10004270,LC-16870,5,16.72,2017-12-03
7888,FUR-FU-10004053,LC-16870,1,16.192,2017-12-03
7889,OFF-PA-10000019,JP-15520,5,32.4,2016-08-16
7890,OFF-AR-10003811,TS-21655,9,19.89,2016-12-25
7891,TEC-AC-10001838,TS-21655,2,399.98,2016-12-25
7892,FUR-FU-10003553,TS-21655,5,343.85,2016-12-25
7893,OFF-PA-10003302,TS-21655,3,106.32,2016-12-25
7894,OFF-BI-10002412,NM-18445,3,13.92,2017-07-23
7895,OFF-BI-10002852,EH-14125,5,82.4,2017-06-21
7896,OFF-BI-10000145,EH-14125,2,6.24,2017-06-21
7897,OFF-PA-10001970,EH-14125,8,447.84,2017-06-21
7898,OFF-AP-10001563,DC-12850,7,272.048,2017-08-13
7899,OFF-BI-10001359,DC-12850,6,1614.582,2017-08-13
7900,OFF-FA-10003495,DC-12850,5,24.32,2017-08-13
7901,TEC-AC-10003709,DC-12850,2,1.584,2017-08-13
7902,FUR-FU-10003268,DC-12850,1,31.984,2017-08-13
7903,OFF-EN-10003845,DC-12850,5,14.76,2017-08-13
7904,FUR-CH-10002073,DC-12850,2,423.648,2017-08-13
7905,OFF-PA-10001357,DO-13645,2,76.64,2015-11-07
7906,OFF-EN-10001415,LS-16975,1,4.464,2015-10-15
7907,OFF-BI-10002813,LS-16975,10,3.96,2015-10-15
7908,OFF-AP-10003849,RW-19630,2,715.64,2016-07-30
7909,FUR-TA-10004147,RD-19720,3,268.704,2016-12-03
7910,OFF-AR-10001662,RD-19720,8,21.92,2016-12-03
7911,OFF-ST-10001558,RD-19720,3,48.72,2016-12-03
7912,FUR-BO-10001337,RD-19720,2,205.666,2016-12-03
7913,FUR-FU-10001602,RB-19570,2,30.344,2016-04-28
7914,OFF-ST-10003996,JE-15715,2,25.696,2017-08-25
7915,TEC-MA-10003673,SR-20740,5,3404.5,2017-06-17
7916,TEC-AC-10004992,SR-20740,3,101.34,2017-06-17
7917,FUR-CH-10002880,PO-19195,4,344.372,2015-11-20
7918,OFF-AR-10000380,JK-16120,1,30.384,2017-09-04
7919,OFF-BI-10002706,JP-16135,2,22.848,2015-07-04
7920,OFF-ST-10000943,Dp-13240,2,38.62,2017-09-15
7921,TEC-AC-10001090,Dp-13240,2,59.98,2017-09-15
7922,OFF-BI-10002026,JB-16000,3,174.3,2017-03-13
7923,TEC-PH-10000526,PP-18955,5,383.96,2017-09-24
7924,OFF-BI-10004002,PP-18955,3,15.57,2017-09-24
7925,OFF-BI-10002309,RF-19840,4,22.32,2016-08-13
7926,OFF-LA-10003923,RF-19840,7,103.6,2016-08-13
7927,TEC-AC-10003433,KH-16330,3,2.97,2017-11-20
7928,TEC-PH-10001363,KH-16330,1,569.99,2017-11-20
7929,FUR-FU-10000820,KH-16330,3,50.97,2017-11-20
7930,FUR-TA-10004767,EM-14200,6,298.116,2017-07-25
7931,OFF-AR-10001955,DK-12835,3,59.52,2016-03-25
7932,FUR-CH-10004886,MC-17425,3,230.28,2016-07-15
7933,OFF-PA-10003641,MC-17425,5,105.52,2016-07-15
7934,OFF-EN-10003134,RW-19540,2,23.36,2017-08-17
7935,TEC-PH-10002564,RW-19540,3,71.976,2017-08-17
7936,OFF-PA-10003893,RW-19540,2,8.56,2017-08-17
7937,OFF-BI-10000174,RW-19540,3,13.92,2017-08-17
7938,OFF-AP-10001058,RW-19540,9,2518.29,2017-08-17
7939,OFF-ST-10001496,RW-19540,3,540.57,2017-08-17
7940,OFF-BI-10004230,RW-19540,8,221.056,2017-08-17
7941,FUR-CH-10001146,DS-13180,2,81.424,2016-12-14
7942,OFF-ST-10001590,DS-13180,10,134.8,2016-12-14
7943,OFF-BI-10003684,GA-14725,9,39.582,2017-12-25
7944,OFF-SU-10000946,GA-14725,7,44.688,2017-12-25
7945,OFF-AR-10001615,GA-14725,2,31.744,2017-12-25
7946,OFF-BI-10001597,GA-14725,5,40.98,2017-12-25
7947,OFF-BI-10001116,GA-14725,3,3.168,2017-12-25
7948,OFF-FA-10004395,SC-20380,5,18.84,2014-03-01
7949,FUR-CH-10001270,SC-20380,6,362.25,2014-03-01
7950,FUR-FU-10001095,SC-20380,6,63.552,2014-03-01
7951,OFF-ST-10001469,SC-20380,3,129.552,2014-03-01
7952,OFF-BI-10003196,KD-16345,2,5.984,2015-11-19
7953,TEC-PH-10002200,KD-16345,4,861.76,2015-11-19
7954,OFF-ST-10000636,KH-16330,4,66.96,2014-04-01
7955,OFF-BI-10000145,KH-16330,2,6.24,2014-04-01
7956,FUR-CH-10001190,GG-14650,4,435.168,2017-10-05
7957,OFF-FA-10002780,GG-14650,5,14.9,2017-10-05
7958,OFF-AP-10004052,GG-14650,4,15.8,2017-10-05
7959,FUR-FU-10004666,GG-14650,5,72.9,2017-10-05
7960,FUR-TA-10004086,GG-14650,3,206.352,2017-10-05
7961,TEC-PH-10000702,GG-14650,1,7.992,2017-10-05
7962,OFF-ST-10002301,JS-15685,5,81.36,2017-11-18
7963,OFF-BI-10001636,JS-15685,8,20.232,2017-11-18
7964,OFF-AP-10002684,JS-15685,4,389.056,2017-11-18
7965,OFF-PA-10004609,JS-15685,4,20.736,2017-11-18
7966,OFF-PA-10003309,JS-15685,8,41.472,2017-11-18
7967,OFF-PA-10000380,BP-11095,4,33.36,2015-03-23
7968,FUR-BO-10001567,CC-12610,3,90.882,2016-10-10
7969,TEC-PH-10002583,CC-12610,1,15.992,2016-10-10
7970,FUR-CH-10004853,CC-12610,1,120.784,2016-10-10
7971,TEC-PH-10003580,SP-20860,4,519.792,2015-08-16
7972,TEC-AC-10004227,SP-20860,3,31.176,2015-08-16
7973,OFF-PA-10002787,SP-20860,2,10.368,2015-08-16
7974,OFF-BI-10003981,SP-20860,2,2.724,2015-08-16
7975,FUR-FU-10001488,SP-20860,3,254.352,2015-08-16
7976,OFF-BI-10003727,SP-20860,3,3.762,2015-08-16
7977,OFF-PA-10000130,SP-20860,3,10.272,2015-08-16
7978,TEC-PH-10002680,JK-15625,3,659.97,2014-05-31
7979,TEC-PH-10002538,JK-15625,3,113.73,2014-05-31
7980,OFF-BI-10001249,CC-12100,1,5.104,2015-08-27
7981,OFF-PA-10000174,DP-13000,2,16.448,2014-01-03
7982,OFF-AP-10004532,SF-20065,4,81.92,2014-09-10
7983,FUR-FU-10001986,SF-20065,5,254.9,2014-09-10
7984,OFF-FA-10002975,EH-13765,5,15.12,2017-01-22
7985,OFF-AR-10003481,EH-13765,3,7.872,2017-01-22
7986,OFF-BI-10004967,DN-13690,5,8.32,2016-04-21
7987,TEC-PH-10003589,PJ-19015,5,89.95,2016-07-20
7988,OFF-LA-10002945,MA-17560,4,25.2,2016-08-23
7989,OFF-LA-10003537,MA-17560,3,37.59,2016-08-23
7990,OFF-ST-10002406,MA-17560,1,14.97,2016-08-23
7991,TEC-AC-10003433,MA-17560,2,1.98,2016-08-23
7992,OFF-BI-10002082,VM-21835,4,39.936,2016-06-14
7993,TEC-AC-10000521,VM-21835,2,18.464,2016-06-14
7994,OFF-BI-10001982,MM-18055,3,4.896,2015-11-20
7995,FUR-BO-10002268,MM-18055,6,145.764,2015-11-20
7996,OFF-BI-10001758,MM-18055,6,9.612,2015-11-20
7997,TEC-AC-10004469,CR-12580,5,199.75,2017-11-03
7998,FUR-TA-10001095,CR-12580,12,1673.184,2017-11-03
7999,FUR-FU-10001852,BS-11365,7,12.18,2014-05-04
8000,OFF-AP-10000696,BS-11365,4,57.68,2014-05-04
8001,TEC-PH-10003885,RD-19585,4,263.96,2015-11-08
8002,TEC-AC-10002926,KD-16270,6,299.94,2015-12-12
8003,OFF-SU-10001225,KD-16270,7,25.76,2015-12-12
8004,TEC-PH-10004434,AA-10645,2,271.9,2014-12-01
8005,FUR-FU-10003878,AA-10645,3,45.84,2014-12-01
8006,FUR-FU-10002268,AA-10645,2,9.82,2014-12-01
8007,OFF-FA-10001883,MC-18100,12,93.36,2016-10-07
8008,OFF-ST-10002756,AA-10645,4,541.24,2015-11-17
8009,OFF-PA-10000474,AA-10645,3,106.32,2015-11-17
8010,FUR-CH-10002073,AA-10645,5,1323.9,2015-11-17
8011,OFF-PA-10003641,QJ-19255,6,126.624,2014-03-17
8012,TEC-PH-10002070,JM-16195,7,125.944,2015-06-20
8013,OFF-BI-10004519,TB-21625,5,663.92,2017-05-25
8014,TEC-AC-10002167,TB-21625,8,120.0,2017-05-25
8015,OFF-FA-10000936,TB-21625,1,3.29,2017-05-25
8016,FUR-FU-10000732,TB-21625,3,18.84,2017-05-25
8017,FUR-FU-10002501,NF-18595,6,60.672,2014-09-09
8018,OFF-AR-10000634,NF-18595,9,30.816,2014-09-09
8019,TEC-PH-10001700,BF-11020,1,52.792,2017-10-17
8020,OFF-AP-10001962,NP-18670,10,83.9,2017-11-02
8021,OFF-PA-10001838,NP-18670,2,11.76,2017-11-02
8022,OFF-AP-10000124,HM-14860,3,4.992,2014-07-21
8023,OFF-EN-10003567,HM-14860,5,87.92,2014-07-21
8024,FUR-CH-10004997,HM-14860,5,657.93,2014-07-21
8025,OFF-BI-10000494,HM-14860,1,1.044,2014-07-21
8026,FUR-FU-10000277,DM-13525,2,210.68,2015-09-11
8027,OFF-ST-10003641,DM-13525,1,78.8,2015-09-11
8028,TEC-AC-10001998,DM-13525,1,19.99,2015-09-11
8029,OFF-ST-10001932,DM-13525,4,772.68,2015-09-11
8030,TEC-AC-10002323,JF-15565,6,106.08,2016-10-21
8031,FUR-FU-10004270,NM-18520,3,23.076,2016-01-07
8032,OFF-PA-10004621,NM-18520,5,25.92,2016-01-07
8033,OFF-PA-10001019,MV-17485,3,47.952,2015-06-25
8034,OFF-BI-10000201,MV-17485,2,0.984,2015-06-25
8035,FUR-FU-10004587,MV-17485,9,75.384,2015-06-25
8036,OFF-LA-10001613,MV-17485,2,4.608,2015-06-25
8037,OFF-BI-10001308,AG-10270,6,37.68,2015-09-20
8038,OFF-AP-10003278,BF-11275,3,41.91,2017-07-10
8039,FUR-BO-10003966,JC-15775,3,435.999,2017-06-30
8040,FUR-CH-10004698,CM-11815,6,388.704,2017-08-21
8041,OFF-ST-10000025,CM-11815,6,572.58,2017-08-21
8042,TEC-AC-10000682,CM-11815,2,33.18,2017-08-21
8043,TEC-AC-10001772,PV-18985,4,63.88,2017-03-11
8044,FUR-FU-10001379,PV-18985,1,26.72,2017-03-11
8045,OFF-BI-10002794,DO-13645,9,295.056,2017-09-15
8046,OFF-AP-10001005,HA-14905,5,393.25,2016-09-20
8047,OFF-BI-10000201,SH-20395,3,2.214,2016-12-15
8048,OFF-PA-10003673,JM-16195,3,16.272,2017-11-03
8049,OFF-AP-10000938,DK-13225,7,706.86,2016-07-03
8050,OFF-BI-10003274,CM-12715,5,5.97,2014-09-26
8051,FUR-FU-10001095,CM-12715,1,21.184,2014-09-26
8052,OFF-AP-10001492,CM-12715,6,41.376,2014-09-26
8053,OFF-AR-10004999,BF-10975,3,17.94,2014-07-14
8054,OFF-BI-10004094,SF-20965,1,2.655,2017-09-28
8055,OFF-ST-10001490,CB-12025,5,892.35,2015-08-28
8056,FUR-BO-10004695,CB-12025,2,307.666,2015-08-28
8057,OFF-ST-10000736,CB-12025,9,728.82,2015-08-28
8058,OFF-BI-10001617,CB-12025,5,41.36,2015-08-28
8059,TEC-PH-10003589,CB-12025,3,43.176,2015-08-28
8060,FUR-FU-10003981,CB-12025,2,4.16,2015-08-28
8061,OFF-PA-10001970,TC-20980,5,61.4,2015-09-20
8062,OFF-BI-10002437,TC-20980,2,24.448,2015-09-20
8063,TEC-PH-10000586,LW-17215,4,263.96,2016-11-07
8064,TEC-PH-10003811,LW-17215,3,359.97,2016-11-07
8065,OFF-PA-10004983,LW-17215,2,12.96,2016-11-07
8066,OFF-ST-10003479,LW-17215,3,116.82,2016-11-07
8067,OFF-BI-10004318,LW-17215,2,276.784,2016-11-07
8068,TEC-AC-10002567,NS-18640,3,239.97,2015-10-20
8069,FUR-FU-10001731,NS-18640,6,16.02,2015-10-20
8070,OFF-ST-10002743,JM-15250,5,454.56,2017-01-01
8071,FUR-FU-10002116,JM-15250,5,141.42,2017-01-01
8072,FUR-CH-10003199,JM-15250,4,310.744,2017-01-01
8073,OFF-AR-10003158,JM-15250,4,12.736,2017-01-01
8074,OFF-BI-10000301,JM-15250,5,6.47,2017-01-01
8075,OFF-BI-10000343,JM-15250,14,13.748,2017-01-01
8076,OFF-AP-10004708,JM-15250,2,15.224,2017-01-01
8077,FUR-FU-10000794,RF-19345,3,27.42,2015-06-23
8078,OFF-BI-10004519,RF-19345,1,165.98,2015-06-23
8079,TEC-AC-10001590,RF-19345,3,75.0,2015-06-23
8080,OFF-BI-10001524,CA-12055,8,134.272,2016-11-22
8081,OFF-LA-10001474,KH-16690,6,146.544,2015-10-26
8082,OFF-PA-10001497,KH-16690,3,131.904,2015-10-26
8083,OFF-AP-10003287,KH-16690,5,203.88,2015-10-26
8084,OFF-BI-10002982,KH-16690,7,14.301,2015-10-26
8085,OFF-ST-10001809,KH-16690,10,718.64,2015-10-26
8086,FUR-FU-10000246,LC-16960,5,61.1,2016-10-20
8087,OFF-AP-10000252,JL-15130,3,28.08,2017-04-28
8088,OFF-AR-10002375,DM-12955,4,10.496,2016-09-29
8089,OFF-BI-10003719,MV-18190,2,39.92,2015-07-10
8090,OFF-AP-10001492,NS-18640,9,77.58,2015-08-07
8091,OFF-ST-10000532,AS-10630,7,269.36,2014-12-07
8092,OFF-LA-10001613,MT-17815,2,5.76,2015-12-10
8093,OFF-AR-10002818,SR-20425,5,109.9,2017-11-08
8094,FUR-FU-10001940,DK-13375,3,23.88,2017-07-27
8095,OFF-PA-10003883,DK-13375,4,26.2,2017-07-27
8096,OFF-PA-10002787,DK-13375,2,12.96,2017-07-27
8097,TEC-AC-10000991,DK-13375,5,234.95,2017-07-27
8098,OFF-ST-10003058,SV-20935,5,118.25,2017-12-28
8099,OFF-PA-10004239,SV-20935,1,4.28,2017-12-28
8100,TEC-AC-10003038,RH-19510,3,26.85,2016-03-10
8101,TEC-MA-10000984,RH-19510,3,3357.6,2016-03-10
8102,OFF-LA-10004484,SB-20185,2,8.26,2015-05-22
8103,TEC-MA-10004002,SB-20185,7,2973.32,2015-05-22
8104,OFF-ST-10002406,SB-20185,7,104.79,2015-05-22
8105,TEC-PH-10003645,SB-20185,6,775.728,2015-05-22
8106,FUR-BO-10001601,CR-12820,1,89.0664,2017-02-17
8107,OFF-AR-10000937,CR-12820,6,175.44,2017-02-17
8108,TEC-PH-10000038,CR-12820,4,438.336,2017-02-17
8109,FUR-CH-10003396,EG-13900,4,215.544,2017-12-08
8110,OFF-EN-10002592,RD-19930,6,55.584,2017-11-18
8111,FUR-CH-10000422,RD-19930,2,127.386,2017-11-18
8112,FUR-CH-10002647,JM-15865,5,248.43,2016-12-01
8113,OFF-AP-10004859,JM-15865,4,11.648,2016-12-01
8114,FUR-CH-10004477,JM-15865,2,85.246,2016-12-01
8115,OFF-AR-10004817,LW-16825,5,20.64,2017-10-03
8116,FUR-FU-10003374,RW-19540,3,148.02,2017-08-29
8117,OFF-ST-10003123,BG-11695,1,33.29,2017-11-24
8118,OFF-PA-10000675,TT-21220,5,204.95,2017-06-30
8119,FUR-CH-10004997,EB-13930,4,526.344,2017-07-22
8120,FUR-FU-10001934,LP-17080,2,41.96,2016-11-11
8121,FUR-CH-10004997,LP-17080,3,451.152,2016-11-11
8122,OFF-BI-10001890,LP-17080,11,31.504,2016-11-11
8123,OFF-EN-10002500,FP-14320,3,30.672,2014-12-09
8124,TEC-CO-10001766,FP-14320,4,1079.976,2014-12-09
8125,FUR-CH-10004860,JA-15970,2,161.568,2017-09-07
8126,OFF-BI-10002049,TS-21655,3,2.934,2015-02-06
8127,TEC-AC-10003499,TS-21655,2,18.528,2015-02-06
8128,OFF-ST-10003470,TS-21655,3,670.752,2015-02-06
8129,FUR-FU-10000222,DP-13000,5,64.96,2017-08-26
8130,TEC-AC-10000023,JD-15895,2,41.94,2014-07-20
8131,OFF-PA-10003971,JD-15895,2,11.96,2014-07-20
8132,OFF-AR-10003481,JD-15895,4,13.12,2014-07-20
8133,OFF-ST-10001490,JD-15895,3,535.41,2014-07-20
8134,FUR-FU-10003708,GH-14485,3,72.78,2015-10-08
8135,OFF-PA-10001970,RD-19585,3,36.84,2015-02-16
8136,OFF-LA-10002762,RD-19585,7,87.71,2015-02-16
8137,FUR-TA-10002533,CS-12490,7,562.2925,2016-08-12
8138,FUR-FU-10004091,BF-11215,9,56.52,2014-11-09
8139,OFF-AR-10001545,NK-18490,8,11.264,2016-07-18
8140,OFF-ST-10001476,NK-18490,10,284.08,2016-07-18
8141,OFF-PA-10004971,NK-18490,4,18.496,2016-07-18
8142,OFF-LA-10003223,AZ-10750,3,14.73,2016-02-05
8143,OFF-ST-10004340,AZ-10750,3,186.54,2016-02-05
8144,FUR-TA-10001095,AZ-10750,4,557.728,2016-02-05
8145,TEC-PH-10001448,AZ-10750,4,159.968,2016-02-05
8146,OFF-AP-10001005,Co-12640,6,471.9,2014-06-20
8147,OFF-AR-10003469,Co-12640,2,3.52,2014-06-20
8148,OFF-PA-10000249,AG-10675,4,49.12,2017-06-09
8149,OFF-LA-10001613,EM-14140,7,20.16,2016-12-27
8150,OFF-BI-10001758,CA-11965,2,10.68,2014-01-26
8151,FUR-BO-10004409,CA-11965,2,141.96,2014-01-26
8152,OFF-ST-10001558,RB-19360,2,32.48,2017-03-23
8153,OFF-PA-10002986,RB-19360,3,20.04,2017-03-23
8154,TEC-CO-10004722,RB-19360,4,13999.96,2017-03-23
8155,TEC-AC-10002842,RD-19720,2,238.0,2017-03-20
8156,OFF-PA-10001125,RD-19720,2,61.96,2017-03-20
8157,FUR-TA-10002622,MS-17830,2,239.372,2016-10-04
8158,TEC-AC-10002842,PG-18820,5,595.0,2016-11-18
8159,OFF-PA-10004285,KB-16240,3,16.032,2017-12-26
8160,TEC-AC-10004469,RB-19465,5,199.75,2016-03-09
8161,FUR-CH-10001545,JD-15790,2,227.96,2016-02-16
8162,OFF-AP-10002578,JJ-15445,6,293.52,2015-09-28
8163,TEC-PH-10003012,JJ-15445,2,307.98,2015-09-28
8164,FUR-FU-10004909,LT-17110,6,96.96,2015-11-02
8165,OFF-BI-10001524,LT-17110,7,117.488,2015-11-02
8166,OFF-BI-10003355,LT-17110,3,11.952,2015-11-02
8167,FUR-BO-10004357,LT-17110,3,512.499,2015-11-02
8168,FUR-TA-10002774,AH-10690,7,863.128,2016-07-31
8169,FUR-TA-10004575,AB-10060,7,2036.86,2017-11-06
8170,FUR-CH-10003312,AB-10060,2,449.568,2017-11-06
8171,TEC-AC-10001465,AB-10060,3,108.96,2017-11-06
8172,OFF-AR-10002240,FM-14380,7,264.18,2016-02-14
8173,OFF-LA-10004559,GH-14410,1,2.88,2014-07-09
8174,OFF-BI-10003291,GH-14410,6,41.904,2014-07-09
8175,OFF-ST-10001505,GH-14410,4,23.92,2014-07-09
8176,OFF-PA-10003892,HE-14800,4,156.512,2016-01-30
8177,OFF-ST-10002370,SZ-20035,6,128.34,2016-09-22
8178,TEC-AC-10000474,CM-12115,5,474.95,2017-12-22
8179,TEC-CO-10002095,TG-21310,2,999.98,2016-09-02
8180,FUR-TA-10003469,DK-12985,4,277.5,2015-08-02
8181,FUR-TA-10002958,SS-20410,8,1252.704,2015-11-21
8182,TEC-PH-10002923,SS-20410,5,110.97,2015-11-21
8183,FUR-FU-10004973,BM-11575,3,22.608,2017-05-18
8184,FUR-FU-10001918,BM-11575,1,1.892,2017-05-18
8185,OFF-PA-10003641,MY-17380,3,63.312,2017-07-23
8186,OFF-EN-10002621,AG-10900,1,7.824,2015-09-13
8187,FUR-CH-10003817,AG-10900,4,170.072,2015-09-13
8188,OFF-PA-10000659,BW-11110,9,62.82,2016-12-10
8189,OFF-PA-10001870,SG-20470,3,19.44,2015-10-02
8190,OFF-BI-10000320,SG-20470,1,7.38,2015-10-02
8191,OFF-PA-10004735,CC-12370,6,38.88,2017-11-17
8192,FUR-FU-10004091,CC-12370,4,187.76,2017-11-17
8193,OFF-BI-10000546,LR-16915,7,6.048,2015-11-30
8194,OFF-AP-10001293,LR-16915,3,98.352,2015-11-30
8195,FUR-FU-10000576,LR-16915,2,335.744,2015-11-30
8196,OFF-PA-10004519,DB-13120,2,8.96,2015-12-06
8197,TEC-AC-10004568,LP-17095,4,89.568,2017-09-05
8198,OFF-AR-10001897,LP-17095,5,71.96,2017-09-05
8199,OFF-PA-10001800,LP-17095,3,15.552,2017-09-05
8200,OFF-BI-10001628,AF-10870,5,10.43,2017-04-24
8201,OFF-ST-10004123,AF-10870,1,72.784,2017-04-24
8202,OFF-ST-10000885,KD-16495,5,67.15,2015-11-08
8203,TEC-PH-10004165,KD-16495,2,549.98,2015-11-08
8204,FUR-FU-10002240,KD-16495,3,11.82,2015-11-08
8205,TEC-MA-10000045,KD-16495,4,4643.8,2015-11-08
8206,FUR-CH-10003746,KD-16495,2,577.764,2015-11-08
8207,FUR-TA-10000577,SA-20830,1,191.5155,2015-04-26
8208,OFF-AR-10004757,SA-20830,1,2.624,2015-04-26
8209,OFF-BI-10000545,BG-11035,6,1369.764,2015-09-20
8210,OFF-ST-10001522,BG-11035,4,294.368,2015-09-20
8211,OFF-AP-10001271,DM-12955,2,81.568,2017-09-07
8212,FUR-FU-10002030,MC-17845,5,44.46,2016-11-07
8213,OFF-ST-10001272,MC-17845,3,314.088,2016-11-07
8214,OFF-BI-10001116,ML-17395,4,6.336,2015-09-25
8215,OFF-PA-10004665,ML-17395,1,10.48,2015-09-25
8216,OFF-BI-10004506,ML-17395,1,2.469,2015-09-25
8217,OFF-BI-10001982,ML-17395,2,3.264,2015-09-25
8218,OFF-FA-10002676,RD-19930,3,4.344,2014-10-03
8219,FUR-FU-10000758,RD-19930,3,31.776,2014-10-03
8220,OFF-LA-10002271,RD-19930,2,4.928,2014-10-03
8221,OFF-BI-10002609,RD-19930,3,1.788,2014-10-03
8222,OFF-FA-10000254,RD-19930,4,15.072,2014-10-03
8223,OFF-ST-10000321,AB-10015,2,12.624,2014-02-18
8224,OFF-PA-10000241,EA-14035,6,185.88,2016-06-12
8225,OFF-PA-10004782,EA-14035,2,12.96,2016-06-12
8226,OFF-PA-10004243,SF-20065,10,189.7,2017-11-01
8227,OFF-PA-10001033,SF-20065,1,40.99,2017-11-01
8228,FUR-FU-10000723,BC-11125,2,82.64,2016-04-04
8229,OFF-ST-10003455,BC-11125,2,31.02,2016-04-04
8230,TEC-AC-10001109,BC-11125,3,89.97,2016-04-04
8231,OFF-AR-10004344,PF-19165,3,35.97,2016-06-30
8232,FUR-BO-10004695,PF-19165,7,1266.86,2016-06-30
8233,OFF-ST-10000675,SE-20110,5,169.45,2014-09-22
8234,OFF-ST-10002301,SE-20110,2,40.68,2014-09-22
8235,OFF-SU-10001212,CJ-12010,2,3.328,2017-05-01
8236,FUR-TA-10001889,CJ-12010,4,933.262,2017-05-01
8237,FUR-CH-10002024,CJ-12010,5,2803.92,2017-05-01
8238,OFF-ST-10000617,PT-19090,2,4.768,2017-10-20
8239,OFF-PA-10000380,PT-19090,1,6.672,2017-10-20
8240,OFF-AR-10003251,PT-19090,2,4.448,2017-10-20
8241,FUR-FU-10000175,PT-19090,4,43.936,2017-10-20
8242,OFF-BI-10004716,LH-16900,2,23.744,2014-09-01
8243,TEC-AC-10002842,LH-16900,3,357.0,2014-09-01
8244,TEC-PH-10003691,BW-11200,8,806.336,2014-08-12
8245,FUR-FU-10002878,BW-11200,3,85.44,2014-08-12
8246,OFF-ST-10000991,BS-11365,3,344.91,2014-08-19
8247,OFF-AP-10002439,DP-13390,5,70.97,2015-05-10
8248,OFF-AR-10004602,DP-13390,2,36.784,2015-05-10
8249,TEC-PH-10001795,CS-12400,2,743.988,2016-05-10
8250,OFF-BI-10002854,MS-17365,2,11.212,2015-03-05
8251,FUR-FU-10000023,MS-17365,2,4.712,2015-03-05
8252,OFF-AP-10000828,MS-17365,5,180.98,2015-03-05
8253,OFF-ST-10000777,MS-17365,2,60.416,2015-03-05
8254,TEC-CO-10000971,DK-12895,1,299.99,2017-08-12
8255,OFF-PA-10003134,DK-12895,4,192.16,2017-08-12
8256,TEC-PH-10002538,DK-12895,8,242.624,2017-08-12
8257,OFF-ST-10001228,DK-12895,3,46.74,2017-08-12
8258,TEC-AC-10000397,DK-12895,5,174.95,2017-08-12
8259,OFF-BI-10004308,DK-12895,6,100.704,2017-08-12
8260,OFF-PA-10000357,SN-20560,9,368.91,2016-06-26
8261,OFF-BI-10000773,SN-20560,1,8.02,2016-06-26
8262,OFF-ST-10001837,SN-20560,4,171.04,2016-06-26
8263,OFF-PA-10002552,TC-21475,3,19.44,2016-12-15
8264,OFF-BI-10000014,AM-10705,4,13.092,2015-09-13
8265,OFF-AP-10004136,AJ-10960,3,122.94,2014-12-30
8266,OFF-BI-10003429,AJ-10960,7,35.448,2014-12-30
8267,TEC-PH-10000376,KH-16360,2,19.98,2014-04-29
8268,FUR-TA-10003469,LP-17095,1,69.375,2017-01-30
8269,OFF-SU-10004231,LP-17095,4,31.68,2017-01-30
8270,TEC-PH-10002584,LP-17095,4,2003.168,2017-01-30
8271,OFF-AR-10003602,LP-17095,2,9.344,2017-01-30
8272,FUR-CH-10002331,JE-15715,8,2563.056,2016-12-25
8273,FUR-CH-10001802,MY-18295,4,387.136,2016-10-20
8274,OFF-AR-10000634,FC-14245,1,3.424,2015-06-13
8275,OFF-ST-10002615,ND-18460,7,1085.42,2017-06-30
8276,OFF-PA-10004040,DB-13360,9,43.056,2015-06-26
8277,OFF-BI-10003727,LC-16960,3,3.762,2016-02-21
8278,OFF-BI-10002026,LC-16960,2,34.86,2016-02-21
8279,OFF-ST-10001496,LC-16960,3,432.456,2016-02-21
8280,OFF-ST-10003716,BD-11725,3,675.06,2017-04-22
8281,OFF-EN-10002504,MC-17605,3,65.232,2017-05-09
8282,FUR-CH-10001270,MC-17605,3,207.0,2017-05-09
8283,TEC-MA-10004241,SZ-20035,2,600.53,2015-12-21
8284,OFF-AR-10001468,SZ-20035,2,59.904,2015-12-21
8285,TEC-AC-10003198,SZ-20035,8,637.44,2015-12-21
8286,FUR-FU-10003039,SZ-20035,3,51.756,2015-12-21
8287,OFF-PA-10000295,DH-13675,6,31.104,2014-08-12
8288,OFF-AR-10004344,DH-13675,5,47.96,2014-08-12
8289,TEC-AC-10002473,DH-13675,7,158.928,2014-08-12
8290,OFF-AP-10002403,DH-13675,6,211.248,2014-08-12
8291,OFF-SU-10000432,DH-13675,2,5.552,2014-08-12
8292,OFF-LA-10000443,DH-13675,1,2.952,2014-08-12
8293,OFF-BI-10003166,LC-16885,3,10.332,2015-12-11
8294,OFF-BI-10002393,JO-15145,4,18.368,2017-11-03
8295,TEC-PH-10001809,MT-17815,2,299.9,2017-03-13
8296,OFF-EN-10002600,EB-13750,9,26.55,2016-05-30
8297,TEC-AC-10000109,EB-13750,2,111.98,2016-05-30
8298,FUR-FU-10003829,RS-19765,2,4.928,2015-07-05
8299,OFF-LA-10003223,RS-19765,3,11.784,2015-07-05
8300,OFF-AR-10001770,RB-19435,3,7.98,2014-03-11
8301,OFF-EN-10003296,OT-18730,2,180.96,2015-04-20
8302,TEC-AC-10003870,GZ-14545,5,1649.95,2017-07-26
8303,FUR-CH-10000665,GZ-14545,3,362.352,2017-07-26
8304,TEC-PH-10003092,NL-18310,2,73.584,2014-10-31
8305,FUR-TA-10001086,BG-11740,4,486.368,2017-11-03
8306,OFF-PA-10001870,MT-18070,5,32.4,2016-08-11
8307,OFF-BI-10003305,MT-18070,7,41.86,2016-08-11
8308,OFF-BI-10003007,MT-18070,2,77.56,2016-08-11
8309,OFF-AR-10001419,BC-11125,9,37.17,2016-07-25
8310,OFF-ST-10003692,GW-14605,3,137.352,2014-03-01
8311,FUR-TA-10001866,GW-14605,3,376.509,2014-03-01
8312,FUR-FU-10002157,BD-11500,4,62.72,2017-01-26
8313,TEC-PH-10001459,BD-11500,7,2939.93,2017-01-26
8314,FUR-CH-10002126,PV-18985,3,512.358,2014-07-12
8315,OFF-FA-10001561,PV-18985,2,3.488,2014-07-12
8316,OFF-AR-10003158,PV-18985,7,22.288,2014-07-12
8317,OFF-PA-10001804,PV-18985,3,16.032,2014-07-12
8318,OFF-AR-10000422,HM-14980,1,1.752,2017-04-11
8319,OFF-AR-10000127,HM-14980,8,20.992,2017-04-11
8320,OFF-ST-10004634,EM-14065,1,11.21,2017-11-13
8321,OFF-AR-10003582,SF-20065,2,45.04,2015-12-05
8322,OFF-BI-10002026,SC-20380,2,15.624,2016-09-26
8323,OFF-AP-10000595,ND-18370,2,8.74,2016-11-19
8324,OFF-PA-10001509,ND-18370,5,44.75,2016-11-19
8325,OFF-ST-10001321,FC-14245,5,61.68,2017-09-08
8326,TEC-PH-10001750,FC-14245,3,158.376,2017-09-08
8327,OFF-BI-10001890,KL-16555,4,2.864,2017-07-21
8328,OFF-BI-10004224,KL-16555,7,94.192,2017-07-21
8329,OFF-PA-10001357,XP-21865,3,143.7,2017-10-06
8330,OFF-PA-10004888,XP-21865,1,6.48,2017-10-06
8331,TEC-AC-10002370,FP-14320,4,7.88,2017-11-07
8332,OFF-ST-10004634,PS-18760,1,11.21,2016-03-09
8333,FUR-CH-10002647,PS-18760,5,354.9,2016-03-09
8334,OFF-PA-10001801,PS-18760,3,17.94,2016-03-09
8335,OFF-BI-10004632,PS-18760,4,51.8,2016-03-09
8336,OFF-BI-10002082,CW-11905,9,299.52,2017-05-13
8337,OFF-AR-10003986,KH-16360,2,7.7,2016-07-02
8338,OFF-PA-10001243,TC-20980,4,23.92,2014-12-27
8339,TEC-AC-10003198,TC-20980,5,498.0,2014-12-27
8340,FUR-CH-10003774,YS-21880,6,436.704,2017-04-13
8341,OFF-PA-10002262,CC-12220,5,32.4,2014-11-14
8342,OFF-AP-10004532,ZD-21925,3,61.44,2017-06-11
8343,OFF-ST-10001325,JK-15370,7,73.36,2016-11-25
8344,OFF-LA-10004544,GM-14440,5,59.2,2014-03-21
8345,FUR-FU-10001473,GM-14440,3,32.952,2014-03-21
8346,FUR-CH-10000422,GM-14440,3,218.376,2014-03-21
8347,FUR-FU-10002960,JW-15220,5,31.4,2015-04-30
8348,FUR-FU-10002445,JW-15220,1,9.48,2015-04-30
8349,TEC-PH-10001300,JW-15220,10,209.5,2015-04-30
8350,FUR-FU-10001025,JW-15220,5,24.3,2015-04-30
8351,OFF-PA-10002689,JW-15220,1,6.48,2015-04-30
8352,FUR-FU-10004245,BO-11350,2,32.448,2017-05-03
8353,OFF-BI-10003684,BO-11350,4,26.388,2017-05-03
8354,FUR-TA-10003748,BO-11350,5,373.47,2017-05-03
8355,OFF-BI-10002133,BO-11350,5,64.2,2017-05-03
8356,OFF-FA-10002280,BO-11350,2,8.0,2017-05-03
8357,FUR-FU-10000308,XP-21865,3,186.54,2016-08-26
8358,OFF-ST-10000876,MM-18055,7,87.08,2014-04-11
8359,TEC-PH-10000586,MM-18055,2,105.584,2014-04-11
8360,TEC-AC-10003399,MM-18055,6,217.44,2014-04-11
8361,OFF-AR-10001955,TS-21655,2,31.744,2017-01-02
8362,OFF-AP-10000027,TS-21655,2,5.432,2017-01-02
8363,FUR-TA-10002958,TS-21655,5,913.43,2017-01-02
8364,OFF-ST-10002615,TS-21655,3,372.144,2017-01-02
8365,TEC-PH-10002624,JL-15235,2,751.984,2017-04-28
8366,TEC-PH-10002275,SZ-20035,4,604.768,2017-01-30
8367,OFF-SU-10004290,LR-17035,4,27.36,2014-09-07
8368,OFF-PA-10000174,LR-17035,2,20.56,2014-09-07
8369,OFF-BI-10004308,LR-17035,5,83.92,2014-09-07
8370,FUR-TA-10003473,SV-20365,3,902.712,2016-06-11
8371,FUR-BO-10003894,MG-17890,2,120.666,2016-10-17
8372,OFF-BI-10001658,NC-18415,1,4.984,2014-12-27
8373,FUR-FU-10003535,SC-20680,3,82.26,2016-11-24
8374,OFF-ST-10000352,RO-19780,1,29.74,2016-11-10
8375,OFF-AP-10004859,JL-15175,6,87.36,2015-01-05
8376,OFF-BI-10001294,JL-15175,6,56.16,2015-01-05
8377,OFF-AP-10001242,PW-19030,1,64.384,2017-03-21
8378,OFF-ST-10002344,MF-18250,1,64.784,2015-11-12
8379,OFF-PA-10003349,MF-18250,3,15.552,2015-11-12
8380,OFF-EN-10003055,MF-18250,7,223.888,2015-11-12
8381,OFF-PA-10001622,CC-12220,3,10.896,2014-09-09
8382,TEC-PH-10003800,AC-10660,2,84.784,2016-03-17
8383,FUR-CH-10001270,MH-17440,4,241.5,2016-02-08
8384,TEC-AC-10003447,CD-12790,3,59.97,2016-11-26
8385,OFF-PA-10004285,CD-12790,2,13.36,2016-11-26
8386,OFF-BI-10001757,CV-12805,3,11.808,2017-09-04
8387,OFF-ST-10001558,TB-21625,1,16.24,2015-05-28
8388,OFF-ST-10001328,TB-21625,5,77.55,2015-05-28
8389,OFF-AP-10004708,DG-13300,2,76.12,2014-11-01
8390,OFF-FA-10000621,RD-19810,6,17.184,2016-12-27
8391,OFF-PA-10001838,CS-12250,2,11.76,2017-12-04
8392,FUR-FU-10001473,JB-16045,2,27.46,2017-12-23
8393,TEC-PH-10000193,EJ-14155,3,137.94,2016-12-01
8394,FUR-FU-10002045,EJ-14155,5,111.15,2016-12-01
8395,OFF-AP-10002945,EJ-14155,3,901.95,2016-12-01
8396,FUR-TA-10001095,EJ-14155,3,366.009,2016-12-01
8397,OFF-PA-10001144,BD-11620,7,310.688,2014-06-30
8398,OFF-BI-10004099,MR-17545,5,7.68,2014-09-03
8399,FUR-CH-10001973,SR-20425,2,155.372,2017-11-02
8400,OFF-ST-10000344,TH-21100,1,10.744,2015-04-13
8401,OFF-BI-10002026,BD-11635,5,232.4,2015-12-05
8402,FUR-CH-10003535,BD-11635,3,164.646,2015-12-05
8403,OFF-PA-10004156,BD-11635,2,22.68,2015-12-05
8404,OFF-PA-10002254,SM-20950,4,105.52,2016-02-01
8405,FUR-FU-10003247,HE-14800,4,83.92,2017-07-08
8406,TEC-AC-10002473,HE-14800,5,141.9,2017-07-08
8407,FUR-FU-10001057,HE-14800,2,39.98,2017-07-08
8408,OFF-AR-10001419,HE-14800,7,28.91,2017-07-08
8409,OFF-AR-10004010,HE-14800,5,174.95,2017-07-08
8410,OFF-BI-10004230,JK-15640,4,110.528,2015-12-11
8411,FUR-TA-10001768,ON-18715,4,630.024,2016-11-15
8412,OFF-AR-10003514,TH-21100,7,27.86,2016-05-09
8413,FUR-TA-10002228,MD-17350,4,933.408,2017-03-10
8414,OFF-PA-10001972,AH-10075,10,51.84,2016-12-17
8415,TEC-AC-10002942,AH-10075,3,165.6,2016-12-17
8416,OFF-PA-10000474,ML-17755,3,106.32,2017-04-06
8417,OFF-BI-10004330,LB-16795,5,147.92,2017-05-09
8418,OFF-ST-10000604,LB-16795,3,104.28,2017-05-09
8419,FUR-TA-10004154,LB-16795,1,286.85,2017-05-09
8420,OFF-ST-10000636,LB-16795,4,66.96,2017-05-09
8421,TEC-AC-10004171,LB-16795,2,199.98,2017-05-09
8422,TEC-AC-10002167,NP-18670,3,45.0,2017-10-12
8423,OFF-FA-10000621,NP-18670,5,17.9,2017-10-12
8424,FUR-FU-10004053,NP-18670,2,40.48,2017-10-12
8425,FUR-BO-10003404,NP-18670,5,2154.9,2017-10-12
8426,OFF-BI-10004099,EB-13750,8,18.432,2016-08-28
8427,OFF-SU-10004290,RP-19390,2,10.944,2015-10-02
8428,OFF-SU-10001935,DC-12850,2,4.36,2017-11-23
8429,TEC-AC-10004227,DJ-13510,6,62.352,2017-11-12
8430,FUR-FU-10004904,CL-12565,5,303.92,2016-12-19
8431,OFF-ST-10001511,NC-18340,2,129.3,2014-03-30
8432,FUR-FU-10003535,KN-16450,10,274.2,2017-11-08
8433,OFF-FA-10000053,SC-20260,4,6.048,2014-09-14
8434,OFF-PA-10004610,SC-20260,2,6.848,2014-09-14
8435,FUR-FU-10000550,SC-20260,5,9.96,2014-09-14
8436,OFF-BI-10001721,SC-20260,2,8.552,2014-09-14
8437,OFF-BI-10004040,AM-10705,11,45.584,2015-09-20
8438,TEC-AC-10002550,RA-19945,2,25.488,2015-12-10
8439,OFF-BI-10003876,MM-17260,4,136.96,2014-05-28
8440,TEC-PH-10000213,BN-11470,2,49.616,2017-03-14
8441,OFF-PA-10002615,JB-16045,3,10.584,2016-12-08
8442,OFF-PA-10002254,DB-13615,4,84.416,2017-05-06
8443,TEC-PH-10004586,JB-16045,2,431.94,2016-03-06
8444,OFF-BI-10002982,JB-16045,1,2.043,2016-03-06
8445,TEC-PH-10002538,JB-16045,3,68.238,2016-03-06
8446,FUR-TA-10001039,AH-10075,4,240.744,2017-10-23
8447,FUR-FU-10004963,AH-10075,4,35.0,2017-10-23
8448,FUR-FU-10000277,AH-10075,2,210.68,2017-10-23
8449,FUR-TA-10004915,AH-10075,3,637.896,2017-10-23
8450,OFF-PA-10003724,AH-10075,8,43.44,2017-10-23
8451,OFF-AP-10002906,AH-10075,1,2.22,2017-10-23
8452,TEC-PH-10001459,AI-10855,5,1679.96,2014-04-28
8453,FUR-CH-10002880,TH-21115,4,344.372,2016-04-18
8454,OFF-ST-10001780,TH-21115,3,1554.936,2016-04-18
8455,FUR-FU-10004748,TH-21115,5,127.88,2016-04-18
8456,TEC-PH-10001918,JE-15610,2,222.384,2016-05-22
8457,FUR-CH-10001146,TH-21235,3,106.869,2017-05-28
8458,OFF-BI-10004364,TH-21235,3,3.564,2017-05-28
8459,OFF-BI-10002133,JE-15715,3,25.68,2014-08-25
8460,OFF-BI-10002225,JE-15715,3,12.384,2014-08-25
8461,OFF-BI-10002432,AT-10735,5,25.3,2014-08-30
8462,OFF-ST-10000563,AT-10735,3,95.94,2014-08-30
8463,OFF-LA-10001982,JH-15820,2,7.5,2015-09-03
8464,TEC-PH-10003273,DR-12940,3,302.376,2014-03-28
8465,TEC-AC-10002718,AB-10165,4,46.688,2015-05-10
8466,OFF-ST-10001505,MC-18100,3,17.94,2015-04-09
8467,OFF-AP-10000179,IG-15085,3,370.14,2015-04-09
8468,OFF-BI-10002309,FH-14275,2,8.928,2016-09-19
8469,FUR-TA-10001950,AS-10285,6,2678.94,2016-11-11
8470,FUR-BO-10001972,PN-18775,4,387.136,2017-04-23
8471,TEC-AC-10002473,PN-18775,2,45.408,2017-04-23
8472,FUR-FU-10000193,PN-18775,3,77.952,2017-04-23
8473,OFF-LA-10000081,PN-18775,1,3.0,2017-04-23
8474,OFF-ST-10000876,GM-14500,1,9.952,2015-10-22
8475,OFF-BI-10004492,NC-18625,4,37.896,2017-04-09
8476,OFF-PA-10001033,NC-18625,2,65.584,2017-04-09
8477,OFF-PA-10004039,TW-21025,1,44.784,2017-10-27
8478,TEC-MA-10004552,BF-11020,4,1035.8,2015-10-30
8479,OFF-AR-10002578,TT-21460,2,5.76,2017-12-18
8480,OFF-PA-10004022,SW-20245,2,19.98,2016-03-12
8481,TEC-PH-10004100,PG-18820,2,35.98,2014-07-21
8482,OFF-AR-10001860,DP-13390,3,16.656,2016-05-24
8483,OFF-LA-10001297,DJ-13510,2,20.7,2017-02-11
8484,OFF-BI-10004828,EN-13780,5,83.7,2016-09-20
8485,FUR-FU-10002759,PB-19150,10,199.8,2017-09-24
8486,OFF-PA-10000740,BD-11560,2,45.68,2017-03-27
8487,OFF-PA-10001144,BD-11560,2,110.96,2017-03-27
8488,OFF-PA-10000859,BD-11560,3,11.94,2017-03-27
8489,TEC-MA-10001127,SE-20110,5,8749.95,2016-02-02
8490,OFF-BI-10002557,SE-20110,8,36.4,2016-02-02
8491,FUR-FU-10001731,SE-20110,7,18.69,2016-02-02
8492,OFF-FA-10001135,AT-10735,3,5.94,2017-07-07
8493,OFF-PA-10000069,CC-12685,8,60.736,2015-10-23
8494,TEC-CO-10001943,CC-12685,3,479.976,2015-10-23
8495,OFF-BI-10000977,CC-12685,1,6.08,2015-10-23
8496,TEC-AC-10002942,AS-10225,3,165.6,2016-12-02
8497,OFF-AR-10000588,AB-10150,3,59.52,2014-03-05
8498,TEC-AC-10002001,AB-10150,3,479.97,2014-03-05
8499,OFF-SU-10000381,AB-10150,2,18.62,2014-03-05
8500,OFF-BI-10001617,AB-10150,6,49.632,2014-03-05
8501,OFF-PA-10001878,AB-10150,2,97.82,2014-03-05
8502,TEC-PH-10000376,DH-13075,2,15.984,2015-03-01
8503,FUR-CH-10003396,DH-13075,3,184.752,2015-03-01
8504,OFF-PA-10003363,SR-20740,2,12.96,2014-02-20
8505,FUR-CH-10003298,NR-18550,4,366.744,2016-05-02
8506,OFF-BI-10001757,SJ-20125,9,8.856,2016-03-08
8507,TEC-AC-10004633,SJ-20125,5,27.96,2016-03-08
8508,OFF-EN-10001453,SJ-20125,3,146.352,2016-03-08
8509,TEC-AC-10004761,CA-12775,11,175.23,2015-12-11
8510,TEC-PH-10003691,CA-12775,1,125.99,2015-12-11
8511,OFF-BI-10004965,CA-12775,2,23.0,2015-12-11
8512,OFF-BI-10004233,LC-16885,2,25.584,2016-12-22
8513,FUR-FU-10003601,NS-18640,2,73.784,2016-02-02
8514,OFF-PA-10002787,NS-18640,4,20.736,2017-06-05
8515,OFF-AR-10003602,HG-14965,3,17.52,2015-08-21
8516,OFF-AR-10002053,HG-14965,12,35.76,2015-08-21
8517,OFF-AR-10002833,SF-20200,2,3.64,2016-04-07
8518,FUR-FU-10002501,EM-14065,6,30.336,2017-06-04
8519,FUR-FU-10002506,DO-13645,1,12.99,2017-12-04
8520,FUR-CH-10003817,DO-13645,3,182.22,2017-12-04
8521,FUR-CH-10004860,DO-13645,3,302.94,2017-12-04
8522,FUR-FU-10002268,MP-17470,14,54.992,2016-01-11
8523,TEC-PH-10000148,MY-18295,1,12.99,2016-04-01
8524,OFF-PA-10004082,DB-13615,7,55.86,2017-09-21
8525,TEC-PH-10004348,SP-20920,2,44.376,2017-03-16
8526,FUR-FU-10003424,SP-20920,6,51.264,2017-03-16
8527,OFF-BI-10004654,SP-20920,3,5.193,2017-03-16
8528,TEC-AC-10004571,SP-20920,2,159.984,2017-03-16
8529,OFF-ST-10000675,SP-20920,2,54.224,2017-03-16
8530,FUR-CH-10001714,ME-17320,2,241.424,2017-11-10
8531,OFF-PA-10000380,BS-11755,4,33.36,2016-11-30
8532,OFF-PA-10002713,BS-11755,2,13.76,2016-11-30
8533,OFF-ST-10001370,BS-11755,7,496.86,2016-11-30
8534,FUR-CH-10000513,BS-11755,3,389.97,2016-11-30
8535,OFF-LA-10003223,KS-16300,2,9.82,2015-01-13
8536,TEC-AC-10002217,CC-12475,3,56.4,2014-05-16
8537,OFF-BI-10003707,HD-14785,4,18.312,2015-06-07
8538,OFF-PA-10000552,HD-14785,5,25.92,2015-06-07
8539,OFF-AR-10003183,HD-14785,3,8.016,2015-06-07
8540,TEC-CO-10000971,KB-16315,2,479.984,2017-03-09
8541,OFF-BI-10003910,KB-16315,5,30.84,2017-03-09
8542,OFF-ST-10001172,HR-14830,2,33.568,2015-12-22
8543,FUR-CH-10001270,HR-14830,7,422.625,2015-12-22
8544,TEC-AC-10004571,TB-21625,2,199.98,2014-08-06
8545,FUR-FU-10004053,DS-13180,1,20.24,2016-03-27
8546,FUR-FU-10003731,DS-13180,4,39.92,2016-03-27
8547,OFF-BI-10000962,DS-13180,2,32.54,2016-03-27
8548,TEC-AC-10001266,GB-14530,3,39.0,2015-12-05
8549,OFF-LA-10000452,GB-14530,4,12.6,2015-12-05
8550,FUR-FU-10000073,GB-14530,4,24.64,2015-09-11
8551,OFF-LA-10002368,VB-21745,3,6.264,2015-07-17
8552,OFF-FA-10004248,VB-21745,4,14.432,2015-07-17
8553,TEC-CO-10004202,MC-17425,3,719.976,2014-05-30
8554,TEC-AC-10000927,CB-12025,8,239.92,2017-11-13
8555,FUR-TA-10002530,PM-18940,7,1056.86,2016-12-09
8556,TEC-AC-10002567,DC-13285,7,447.944,2015-03-22
8557,OFF-ST-10002182,DC-13285,9,150.408,2015-03-22
8558,TEC-PH-10004539,LA-16780,3,453.576,2016-12-23
8559,OFF-LA-10002945,LA-16780,9,45.36,2016-12-23
8560,TEC-PH-10004345,LA-16780,3,287.88,2016-12-23
8561,TEC-PH-10004912,LA-16780,3,131.88,2016-12-23
8562,FUR-FU-10000206,LA-16780,2,2.328,2016-12-23
8563,FUR-CH-10000847,DJ-13420,5,1454.9,2016-04-02
8564,OFF-BI-10000822,MH-18115,3,4.842,2017-04-30
8565,FUR-FU-10000747,MH-18115,6,220.704,2017-04-30
8566,TEC-PH-10002350,BG-11035,3,67.176,2016-11-17
8567,OFF-PA-10000697,BG-11035,4,15.232,2016-11-17
8568,OFF-PA-10002787,SV-20365,6,31.104,2016-11-10
8569,OFF-BI-10004318,DP-13105,7,968.744,2016-12-06
8570,OFF-BI-10001721,DP-13105,13,222.352,2016-12-06
8571,TEC-CO-10004202,DP-13105,2,479.984,2016-12-06
8572,OFF-PA-10003893,SR-20740,3,10.272,2016-04-03
8573,TEC-MA-10004679,BT-11680,5,998.85,2014-11-28
8574,OFF-PA-10000249,MS-17770,2,24.56,2015-10-20
8575,OFF-FA-10000053,JK-15640,3,5.67,2014-09-19
8576,OFF-AP-10000804,ST-20530,4,14.336,2017-08-27
8577,FUR-FU-10004188,TS-21505,1,102.3,2017-07-03
8578,FUR-TA-10004915,CM-12190,2,607.52,2017-12-22
8579,OFF-ST-10001228,CM-12190,2,31.16,2017-12-22
8580,OFF-LA-10002368,JW-15955,1,2.61,2016-12-27
8581,FUR-FU-10003489,MC-17590,3,10.332,2014-05-20
8582,OFF-PA-10000289,MC-17590,2,10.368,2014-05-20
8583,TEC-AC-10004227,MC-17590,2,20.784,2014-05-20
8584,OFF-ST-10000636,MC-17590,5,66.96,2014-05-20
8585,OFF-BI-10003676,MH-17440,2,17.248,2014-02-04
8586,OFF-BI-10001116,RD-19720,7,11.088,2017-12-09
8587,TEC-AC-10003832,KB-16240,5,1287.45,2017-07-11
8588,OFF-AP-10003040,KB-16240,5,168.1,2017-07-11
8589,OFF-ST-10002583,FC-14335,2,51.968,2015-05-15
8590,OFF-AR-10002053,BD-11770,2,4.768,2017-01-29
8591,OFF-EN-10004846,FH-14365,3,7.98,2017-09-29
8592,OFF-EN-10003134,SO-20335,2,18.688,2017-04-23
8593,FUR-FU-10001025,SO-20335,3,11.664,2017-04-23
8594,TEC-AC-10002567,PM-19135,3,191.976,2017-11-09
8595,TEC-PH-10004094,PM-19135,4,499.168,2017-11-09
8596,OFF-BI-10004364,GD-14590,2,11.88,2014-05-05
8597,OFF-PA-10000474,GD-14590,1,35.44,2014-05-05
8598,OFF-BI-10004308,PA-19060,4,67.136,2016-10-27
8599,OFF-BI-10002012,LS-17200,3,4.32,2014-11-26
8600,OFF-PA-10002586,LS-17200,3,14.94,2014-11-26
8601,OFF-AP-10000692,LS-17200,2,40.54,2014-11-26
8602,OFF-BI-10001553,LS-17200,1,7.312,2014-11-26
8603,TEC-PH-10004908,JL-15175,7,475.944,2014-12-31
8604,TEC-AC-10002217,CA-12310,2,30.08,2016-01-03
8605,TEC-AC-10002942,CA-12310,3,165.6,2016-01-03
8606,TEC-PH-10002890,CA-12310,5,180.96,2016-01-03
8607,TEC-AC-10003614,CM-12160,2,23.18,2017-08-18
8608,FUR-FU-10002878,BT-11440,2,56.96,2014-06-04
8609,OFF-AP-10001626,BT-11440,4,15.56,2014-06-04
8610,FUR-BO-10003272,BT-11440,2,353.568,2014-06-04
8611,FUR-FU-10002191,BT-11440,2,13.96,2014-06-04
8612,TEC-AC-10000682,SE-20110,5,82.95,2017-11-13
8613,OFF-AR-10000588,HG-14965,2,39.68,2016-01-28
8614,TEC-AC-10002001,PF-19165,3,479.97,2016-11-09
8615,OFF-LA-10003720,BD-11770,2,7.38,2016-09-10
8616,OFF-BI-10004364,BD-11770,3,14.256,2016-09-10
8617,OFF-PA-10000100,BD-11770,2,81.98,2016-09-10
8618,OFF-BI-10004826,BD-11770,3,39.624,2016-09-10
8619,FUR-TA-10001520,BT-11395,7,399.672,2017-03-03
8620,OFF-ST-10001031,EM-14095,4,65.12,2017-09-08
8621,FUR-FU-10003878,LC-17050,5,30.56,2017-11-06
8622,OFF-AP-10000358,FH-14275,2,20.768,2017-05-13
8623,OFF-ST-10000876,CM-12235,4,39.808,2016-11-27
8624,OFF-BI-10004224,FM-14380,6,121.104,2015-11-13
8625,TEC-AC-10004568,FM-14380,5,111.96,2015-11-13
8626,OFF-PA-10000533,HG-14965,3,15.696,2015-12-08
8627,OFF-ST-10003638,AG-10525,3,70.26,2015-09-07
8628,TEC-AC-10002305,AG-10525,5,90.0,2015-09-07
8629,OFF-BI-10000605,AG-10525,2,6.096,2015-09-07
8630,FUR-TA-10003569,AG-10525,2,481.176,2015-09-07
8631,OFF-FA-10003059,AG-10525,4,7.24,2015-09-07
8632,FUR-BO-10004409,OT-18730,5,177.45,2016-07-28
8633,OFF-BI-10000545,OT-18730,6,1369.764,2016-07-28
8634,OFF-AP-10004052,OT-18730,3,9.48,2016-07-28
8635,FUR-BO-10001798,SV-20365,2,130.98,2017-08-25
8636,OFF-AR-10004010,JM-16195,5,174.95,2014-04-30
8637,OFF-ST-10000585,JM-16195,5,826.0,2014-04-30
8638,FUR-FU-10000397,HM-14980,7,139.58,2017-04-27
8639,TEC-AC-10000736,PO-19180,5,399.95,2017-07-23
8640,OFF-BI-10004970,KC-16675,3,12.39,2014-12-13
8641,OFF-BI-10000545,DB-13120,5,760.98,2017-01-12
8642,OFF-BI-10001670,SV-20935,6,67.86,2017-12-02
8643,OFF-FA-10000624,NS-18640,11,31.504,2015-11-08
8644,OFF-LA-10002945,NS-18640,1,5.04,2015-11-08
8645,OFF-BI-10000315,NS-18640,7,39.879,2015-11-08
8646,FUR-FU-10000023,NS-18640,1,4.712,2015-11-08
8647,FUR-CH-10004698,MH-17455,3,194.352,2016-11-25
8648,FUR-CH-10004477,RR-19525,2,97.424,2015-12-05
8649,OFF-ST-10003816,RH-19555,5,704.76,2016-07-29
8650,OFF-BI-10002429,RH-19555,3,27.396,2016-07-29
8651,OFF-FA-10000840,RP-19390,5,5.7,2014-09-13
8652,FUR-FU-10001918,RP-19390,3,14.19,2014-09-13
8653,OFF-SU-10001574,RP-19390,2,7.3,2014-09-13
8654,TEC-AC-10001606,RP-19390,2,199.98,2014-09-13
8655,TEC-AC-10003399,RP-19390,4,144.96,2014-09-13
8656,TEC-AC-10000865,RP-19390,2,118.0,2014-09-13
8657,OFF-PA-10002923,RP-19390,1,48.94,2014-09-13
8658,OFF-AP-10004785,RP-19390,2,22.66,2014-09-13
8659,OFF-BI-10003727,KB-16600,1,0.836,2016-06-21
8660,OFF-PA-10002246,MH-17620,6,30.96,2016-09-03
8661,FUR-BO-10003965,HZ-14950,5,723.92,2017-11-25
8662,FUR-FU-10000175,JG-15160,4,21.968,2015-05-12
8663,TEC-PH-10001336,JG-15160,6,619.152,2015-05-12
8664,OFF-PA-10001954,JG-15160,7,127.904,2015-05-12
8665,FUR-FU-10004973,AB-10165,5,94.2,2017-03-30
8666,OFF-SU-10004231,HJ-14875,5,49.5,2016-11-17
8667,OFF-AR-10004269,CJ-11875,5,16.52,2016-12-30
8668,OFF-BI-10004002,ED-13885,4,55.36,2016-12-22
8669,TEC-MA-10000752,ED-13885,1,11.56,2016-12-22
8670,OFF-PA-10004947,AI-10855,4,17.12,2015-12-20
8671,FUR-FU-10004904,KB-16315,3,182.352,2014-12-27
8672,OFF-ST-10002790,KB-16315,2,118.16,2014-12-27
8673,OFF-FA-10004854,JS-16030,2,18.368,2017-02-16
8674,FUR-CH-10004063,JS-16030,3,600.558,2017-02-16
8675,OFF-ST-10000642,JS-16030,3,50.352,2017-02-16
8676,OFF-AR-10004078,JS-16030,6,28.032,2017-02-16
8677,FUR-FU-10004270,JS-16030,1,7.692,2017-02-16
8678,FUR-TA-10004607,PO-18850,5,517.405,2017-10-24
8679,OFF-BI-10001132,RD-19810,8,8.608,2016-09-02
8680,TEC-AC-10001714,RD-19810,5,159.56,2016-09-02
8681,OFF-AP-10002945,JD-15895,7,2104.55,2016-12-01
8682,OFF-SU-10004664,JD-15895,5,40.7,2016-12-01
8683,TEC-AC-10002550,SR-20740,3,47.79,2014-11-05
8684,OFF-AR-10002335,TZ-21580,2,5.16,2017-11-25
8685,TEC-AC-10001445,TN-21040,7,21.21,2016-12-16
8686,OFF-ST-10003996,PW-19030,6,96.36,2017-11-14
8687,OFF-SU-10003505,AH-10075,2,231.72,2016-06-26
8688,OFF-FA-10000624,AH-10075,5,17.9,2016-06-26
8689,OFF-PA-10002870,AH-10075,2,12.48,2016-06-26
8690,OFF-AR-10002257,AY-10555,3,8.016,2014-12-26
8691,TEC-PH-10003580,SP-20650,2,259.896,2016-08-14
8692,TEC-PH-10001530,SP-20650,2,247.188,2016-08-14
8693,TEC-AC-10000420,SP-20650,5,279.96,2016-08-14
8694,TEC-AC-10000892,ED-13885,5,450.0,2016-10-24
8695,OFF-PA-10001934,CR-12625,3,19.44,2014-08-23
8696,FUR-TA-10003473,CS-12400,1,300.904,2017-09-15
8697,TEC-PH-10001051,TS-21205,3,239.976,2017-06-15
8698,FUR-FU-10004351,TS-21205,4,31.168,2017-06-15
8699,FUR-TA-10004152,TS-21205,2,120.96,2017-06-15
8700,TEC-PH-10000560,TS-21205,8,2239.936,2017-06-15
8701,OFF-AP-10004249,TS-21205,8,76.608,2017-06-15
8702,OFF-ST-10001490,TS-21205,1,142.776,2017-06-15
8703,OFF-PA-10000312,TS-21205,5,91.36,2017-06-15
8704,OFF-AP-10002906,RP-19390,2,3.552,2015-03-01
8705,TEC-PH-10004100,IL-15100,8,115.136,2016-07-23
8706,OFF-FA-10000254,NF-18475,1,4.71,2014-10-01
8707,FUR-CH-10004289,PP-18955,2,172.764,2014-09-08
8708,OFF-AR-10003469,PP-18955,2,3.52,2014-09-08
8709,TEC-PH-10004188,JD-16150,4,79.968,2014-11-16
8710,FUR-BO-10004015,JD-16150,3,305.9745,2014-11-16
8711,OFF-ST-10000991,JD-16150,3,344.91,2014-11-16
8712,FUR-TA-10002958,EJ-14155,3,626.352,2014-03-03
8713,FUR-BO-10002213,PW-19240,3,359.499,2015-12-03
8714,TEC-PH-10000004,TS-21430,6,71.952,2017-07-11
8715,OFF-BI-10003708,TS-21430,5,29.8,2017-07-11
8716,OFF-BI-10002949,BM-11650,1,1.824,2017-11-16
8717,OFF-AP-10001242,AW-10930,4,64.384,2016-06-12
8718,FUR-FU-10001424,AW-10930,2,6.984,2016-06-12
8719,OFF-AR-10003469,AW-10930,8,11.264,2016-06-12
8720,OFF-PA-10000232,AW-10930,3,15.552,2016-06-12
8721,FUR-CH-10000229,AW-10930,2,379.372,2016-06-12
8722,OFF-ST-10002562,AW-10930,9,67.536,2016-06-12
8723,OFF-BI-10001525,AW-10930,2,1.524,2016-06-12
8724,OFF-PA-10002986,MH-17290,7,37.408,2016-12-29
8725,OFF-PA-10000143,MH-17290,6,25.344,2016-12-29
8726,OFF-AR-10003752,SW-20275,4,46.2,2017-03-18
8727,TEC-AC-10002370,SP-20860,3,4.728,2015-12-27
8728,FUR-FU-10002030,SP-20860,3,53.352,2015-12-27
8729,FUR-BO-10002853,SP-20860,2,131.104,2015-12-27
8730,OFF-ST-10002562,SP-20860,3,22.512,2015-12-27
8731,TEC-AC-10004227,SP-20860,7,72.744,2015-12-27
8732,OFF-SU-10002573,SC-20695,3,52.59,2015-07-31
8733,OFF-PA-10003848,PW-19030,3,19.44,2017-06-27
8734,FUR-FU-10001290,PW-19030,3,126.3,2017-06-27
8735,TEC-AC-10003832,PW-19030,5,1287.45,2017-06-27
8736,OFF-ST-10001558,CS-12250,4,64.96,2014-02-07
8737,OFF-ST-10001490,RP-19855,3,535.41,2016-09-04
8738,OFF-BI-10003669,CS-12175,5,8.1,2017-04-06
8739,OFF-AR-10004441,MJ-17740,4,13.248,2017-12-08
8740,TEC-PH-10001924,MJ-17740,2,83.988,2017-12-08
8741,OFF-AR-10004456,JG-15160,5,73.2,2016-07-24
8742,OFF-BI-10001890,AG-10765,3,10.74,2015-11-09
8743,FUR-FU-10000629,CK-12205,1,11.032,2015-10-02
8744,TEC-AC-10002323,CK-12205,3,53.04,2015-10-02
8745,OFF-AR-10003056,HD-14785,4,17.12,2015-11-22
8746,OFF-PA-10000300,HD-14785,3,59.94,2015-11-22
8747,FUR-FU-10000293,BO-11350,2,210.58,2017-02-02
8748,OFF-BI-10003638,BO-11350,2,30.96,2017-02-02
8749,TEC-MA-10002109,BO-11350,2,239.984,2017-02-02
8750,OFF-BI-10003527,LC-16885,3,3050.376,2015-06-16
8751,TEC-PH-10004922,LC-16885,2,133.98,2015-06-16
8752,OFF-PA-10001001,RB-19465,4,93.248,2016-05-05
8753,TEC-PH-10001198,RB-19465,3,177.48,2016-05-05
8754,OFF-LA-10000443,JD-16015,6,17.712,2017-09-09
8755,OFF-BI-10003669,JD-16015,3,4.86,2017-09-09
8756,OFF-BI-10001628,JD-16015,2,6.258,2017-09-09
8757,OFF-AP-10002350,MF-17665,2,37.68,2016-07-22
8758,OFF-PA-10004100,MF-17665,8,51.84,2016-07-22
8759,FUR-FU-10000794,MF-17665,3,27.42,2016-07-22
8760,OFF-BI-10002012,MF-17665,3,5.4,2016-07-22
8761,OFF-BI-10003527,BF-11170,1,1270.99,2016-01-31
8762,OFF-EN-10004483,BF-11170,8,125.36,2016-01-31
8763,OFF-ST-10003722,FO-14305,1,14.03,2016-12-29
8764,OFF-SU-10002557,FO-14305,2,27.96,2016-12-29
8765,OFF-AR-10002257,BB-11545,2,5.344,2015-11-21
8766,OFF-BI-10000756,BB-11545,2,1.696,2015-11-21
8767,OFF-AP-10004136,BB-11545,3,24.588,2015-11-21
8768,OFF-BI-10002194,BB-11545,5,7.98,2015-11-21
8769,TEC-AC-10000892,IL-15100,4,288.0,2015-10-05
8770,TEC-PH-10001870,PO-19180,3,146.952,2016-09-12
8771,FUR-CH-10002304,PO-19180,4,83.136,2016-09-12
8772,OFF-AP-10002534,DB-13555,4,942.784,2017-09-14
8773,OFF-PA-10001125,DB-13555,3,74.352,2017-09-14
8774,OFF-AP-10000804,LC-16960,6,26.88,2015-02-23
8775,OFF-BI-10002982,LC-16960,2,10.896,2015-02-23
8776,OFF-AR-10001547,MP-18175,2,3.536,2016-12-05
8777,FUR-CH-10000665,EA-14035,5,528.43,2016-07-02
8778,OFF-PA-10000520,EA-14035,8,41.472,2016-07-02
8779,FUR-BO-10004015,BP-11095,3,287.976,2017-12-13
8780,OFF-ST-10004258,BM-11785,3,29.304,2015-03-20
8781,OFF-AR-10003696,CM-12715,2,55.328,2015-03-01
8782,FUR-BO-10001811,CM-12715,6,1227.9984,2015-03-01
8783,OFF-BI-10001249,JD-16150,4,20.416,2016-09-15
8784,FUR-TA-10003473,JD-16150,3,1128.39,2016-09-15
8785,OFF-LA-10003190,AS-10630,2,4.608,2017-03-17
8786,TEC-PH-10001305,CM-11815,5,195.96,2017-05-28
8787,OFF-PA-10001534,CM-11815,3,15.552,2017-05-28
8788,TEC-AC-10000844,CM-11815,4,271.968,2017-05-28
8789,FUR-CH-10000847,JE-15715,3,698.352,2017-06-15
8790,FUR-BO-10000468,JE-15715,2,77.728,2017-06-15
8791,OFF-BI-10002799,AG-10525,9,46.62,2015-09-06
8792,TEC-PH-10001557,TT-21220,7,537.544,2017-03-18
8793,OFF-LA-10001934,BP-11095,2,14.62,2014-12-19
8794,OFF-FA-10004248,BP-11095,5,22.55,2014-12-19
8795,TEC-PH-10001944,BP-11095,5,583.8,2014-12-19
8796,TEC-PH-10002085,BP-11095,4,211.168,2014-12-19
8797,OFF-PA-10003441,MJ-17740,2,12.96,2016-07-07
8798,OFF-AR-10004602,MJ-17740,2,45.98,2016-07-07
8799,TEC-PH-10002555,VM-21685,5,1294.75,2016-04-06
8800,TEC-CO-10001449,KT-16480,5,1799.97,2014-05-08
8801,OFF-PA-10004285,CS-12250,2,10.688,2017-11-23
8802,TEC-PH-10000562,AB-10015,2,221.98,2016-11-10
8803,FUR-BO-10003966,AB-10015,2,341.96,2016-11-10
8804,TEC-AC-10003614,AH-10030,3,34.77,2014-12-31
8805,OFF-LA-10003148,AH-10030,3,18.9,2014-12-31
8806,OFF-BI-10002133,DO-13435,3,102.72,2017-08-19
8807,FUR-FU-10002813,MC-17590,2,40.48,2016-09-12
8808,OFF-BI-10004330,JF-15190,3,33.282,2017-10-26
8809,TEC-PH-10002807,JF-15190,5,118.65,2017-10-26
8810,OFF-LA-10001404,JF-15190,5,14.76,2017-10-26
8811,OFF-PA-10004911,SM-20950,4,37.52,2017-05-30
8812,OFF-AP-10004233,SP-20650,3,207.144,2016-03-08
8813,OFF-AR-10002766,SP-20650,5,13.9,2016-03-08
8814,FUR-CH-10003199,CK-12760,3,266.352,2015-07-26
8815,TEC-PH-10003012,PW-19240,2,307.98,2015-11-23
8816,OFF-PA-10001583,PW-19240,6,44.1,2015-11-23
8817,OFF-AR-10001940,PW-19240,4,13.12,2015-11-23
8818,OFF-EN-10003286,PW-19240,2,16.56,2015-11-23
8819,OFF-PA-10003441,PW-19240,6,38.88,2015-11-23
8820,OFF-PA-10003395,EB-14170,4,335.52,2015-11-28
8821,TEC-CO-10003236,DK-13090,2,959.984,2017-11-03
8822,OFF-BI-10002982,DK-13090,2,4.086,2017-11-03
8823,OFF-AR-10004010,DK-13090,2,55.984,2017-11-03
8824,OFF-PA-10002947,DK-13090,2,10.688,2017-11-03
8825,OFF-EN-10003845,TB-21055,3,8.856,2017-03-21
8826,OFF-LA-10003190,AG-10900,3,6.912,2015-12-19
8827,OFF-PA-10002986,SC-20020,5,26.72,2014-04-02
8828,OFF-PA-10001593,SC-20020,7,33.488,2014-04-02
8829,OFF-PA-10000528,BB-11545,2,10.56,2015-06-05
8830,OFF-ST-10001932,VP-21760,2,386.34,2014-10-06
8831,OFF-BI-10003727,RP-19270,10,33.44,2016-08-21
8832,FUR-FU-10002759,DH-13675,2,39.96,2015-11-15
8833,OFF-BI-10000545,SW-20455,2,1217.568,2015-06-22
8834,OFF-ST-10004950,KF-16285,1,15.51,2017-09-24
8835,TEC-PH-10003171,KF-16285,2,89.9,2017-09-24
8836,OFF-AR-10000614,KF-16285,4,14.28,2017-09-24
8837,OFF-AR-10000034,KF-16285,3,12.72,2017-09-24
8838,OFF-LA-10003766,KF-16285,5,15.75,2017-09-24
8839,OFF-AR-10001725,FH-14275,3,70.95,2014-04-06
8840,OFF-BI-10002794,FH-14275,2,65.568,2014-04-06
8841,TEC-AC-10004171,FH-14275,3,299.97,2014-04-06
8842,TEC-AC-10003628,JR-16210,3,89.97,2016-02-09
8843,TEC-AC-10004761,JR-16210,2,31.86,2016-02-09
8844,OFF-ST-10000885,JC-16105,5,67.15,2014-11-18
8845,OFF-BI-10004209,BP-11290,3,7.236,2017-12-18
8846,OFF-FA-10002988,BP-11290,3,4.824,2017-12-18
8847,OFF-PA-10002222,BP-11290,5,91.36,2017-12-18
8848,OFF-AP-10004487,BP-11290,2,130.112,2017-12-18
8849,TEC-PH-10003505,FA-14230,1,74.24,2015-07-02
8850,FUR-FU-10000076,FA-14230,10,159.84,2015-07-02
8851,OFF-BI-10004728,FA-14230,2,2.892,2015-07-02
8852,OFF-PA-10002250,FA-14230,2,9.392,2015-07-02
8853,OFF-PA-10003823,DN-13690,4,123.92,2014-10-08
8854,OFF-SU-10000898,FO-14305,5,55.6,2015-09-22
8855,TEC-AC-10003832,FO-14305,3,617.976,2015-09-22
8856,OFF-BI-10001679,DP-13105,3,21.312,2017-12-24
8857,TEC-AC-10002335,JW-15220,6,209.94,2017-10-13
8858,TEC-PH-10003187,JW-15220,2,31.984,2017-10-13
8859,OFF-BI-10003527,JW-15220,5,5083.96,2017-10-13
8860,TEC-PH-10003171,TT-21460,1,35.96,2017-08-20
8861,OFF-LA-10000414,SN-20560,3,31.05,2015-09-11
8862,FUR-FU-10002107,SN-20560,4,8.92,2015-09-11
8863,OFF-BI-10004593,SN-20560,4,209.6,2015-09-11
8864,OFF-AP-10003860,SN-20560,4,111.04,2015-09-11
8865,OFF-PA-10000556,SN-20560,6,38.88,2015-09-11
8866,OFF-AP-10003281,JM-15865,3,36.27,2015-12-20
8867,FUR-BO-10004218,SB-20185,5,493.43,2014-09-20
8868,TEC-PH-10002185,SB-20185,2,11.12,2014-09-20
8869,TEC-MA-10003176,CC-12475,2,686.4,2016-11-04
8870,OFF-BI-10002003,SH-19975,5,15.92,2017-12-01
8871,FUR-FU-10000023,SH-19975,12,70.68,2017-12-01
8872,OFF-ST-10002756,SH-19975,4,541.24,2017-12-01
8873,TEC-MA-10002694,RB-19435,2,101.994,2014-10-10
8874,OFF-BI-10002429,RB-19435,2,18.264,2014-10-10
8875,OFF-BI-10003684,TC-21295,5,21.99,2017-11-14
8876,OFF-SU-10003505,CT-11995,2,185.376,2016-08-13
8877,OFF-AP-10002534,CT-11995,1,58.924,2016-08-13
8878,TEC-MA-10004626,GZ-14470,4,480.0,2017-09-17
8879,OFF-ST-10000615,GZ-14470,3,34.05,2017-09-17
8880,OFF-PA-10000659,AM-10360,11,192.72,2015-03-23
8881,TEC-AC-10000736,AM-10360,3,239.97,2015-03-23
8882,TEC-AC-10003038,AH-10120,7,50.12,2016-06-30
8883,TEC-PH-10004071,MY-18295,2,15.984,2017-10-20
8884,OFF-PA-10001667,MY-18295,3,14.352,2017-10-20
8885,OFF-BI-10001982,BS-11590,4,6.528,2014-08-25
8886,OFF-BI-10004141,BS-11590,3,2.862,2014-08-25
8887,OFF-BI-10002103,BS-11590,8,20.856,2014-08-25
8888,OFF-ST-10002574,BB-10990,2,276.28,2014-07-27
8889,FUR-FU-10003394,ML-17755,9,629.64,2017-12-01
8890,TEC-PH-10003072,FC-14245,3,449.97,2016-10-17
8891,OFF-AP-10003057,FC-14245,7,1927.59,2016-10-17
8892,FUR-CH-10001146,CR-12625,2,121.78,2016-09-16
8893,FUR-CH-10003973,LC-16960,9,2676.672,2015-12-01
8894,FUR-TA-10001307,GZ-14470,2,489.23,2014-08-05
8895,FUR-FU-10004071,BD-11320,3,312.03,2016-08-15
8896,OFF-ST-10001505,BD-11320,3,17.94,2016-08-15
8897,TEC-PH-10004614,BD-11320,3,165.6,2016-08-15
8898,OFF-PA-10004911,BD-11320,4,37.52,2016-08-15
8899,TEC-PH-10003601,EM-14095,3,494.97,2015-08-07
8900,OFF-LA-10004545,EM-14095,2,25.06,2015-08-07
8901,FUR-FU-10001379,BP-11290,3,32.064,2016-05-31
8902,OFF-PA-10001846,BP-11290,4,18.496,2016-05-31
8903,FUR-CH-10000422,BP-11290,3,191.079,2016-05-31
8904,OFF-PA-10004621,BP-11290,2,10.368,2016-05-31
8905,OFF-LA-10001474,SU-20665,1,30.53,2016-07-01
8906,TEC-AC-10001635,SU-20665,3,30.84,2016-07-01
8907,OFF-PA-10001950,SU-20665,9,75.06,2016-07-01
8908,TEC-PH-10001552,AY-10555,7,66.976,2016-12-18
8909,OFF-PA-10003790,EM-13825,8,182.72,2015-01-26
8910,OFF-LA-10002475,SA-20830,3,21.93,2017-10-28
8911,TEC-AC-10000303,CA-12265,3,95.976,2017-11-04
8912,TEC-PH-10000127,CA-12265,9,143.928,2017-11-04
8913,OFF-BI-10004364,CA-12265,2,3.564,2017-11-04
8914,OFF-LA-10002195,CA-12265,2,4.928,2017-11-04
8915,OFF-ST-10001490,CV-12805,6,856.656,2016-05-09
8916,OFF-BI-10002852,CV-12805,4,13.184,2016-05-09
8917,OFF-AP-10000390,CV-12805,4,48.784,2016-05-09
8918,OFF-PA-10004327,CV-12805,2,76.64,2016-05-09
8919,OFF-BI-10002353,CV-12805,6,18.528,2016-05-09
8920,FUR-FU-10003192,AH-10690,2,177.68,2014-04-02
8921,TEC-AC-10000736,DS-13180,2,159.98,2014-04-28
8922,TEC-PH-10003095,AH-10690,3,52.68,2016-10-04
8923,FUR-FU-10002885,AH-10690,3,11.568,2016-10-04
8924,OFF-BI-10001525,ZC-21910,4,4.572,2017-06-11
8925,TEC-PH-10004241,DF-13135,4,1439.968,2016-01-30
8926,OFF-BI-10000546,DF-13135,3,1.728,2016-01-30
8927,FUR-TA-10004256,DF-13135,3,626.1,2016-01-30
8928,OFF-AR-10002067,SS-20140,5,99.2,2015-09-27
8929,FUR-TA-10000688,FP-14320,4,609.98,2015-04-13
8930,FUR-TA-10002530,FP-14320,2,211.372,2015-04-13
8931,TEC-PH-10001061,FP-14320,3,239.976,2015-04-13
8932,FUR-FU-10001057,HE-14800,5,99.95,2017-12-18
8933,TEC-AC-10002331,HE-14800,3,29.34,2017-12-18
8934,FUR-FU-10003724,SP-20545,2,16.74,2016-03-14
8935,OFF-PA-10000528,BP-11185,3,12.672,2017-08-27
8936,TEC-AC-10001908,BP-11185,14,1119.888,2017-08-27
8937,OFF-AR-10003903,PG-18895,5,204.85,2015-12-17
8938,TEC-PH-10004908,PG-18895,2,135.984,2015-12-17
8939,OFF-AR-10001940,PG-18895,5,16.4,2015-12-17
8940,OFF-BI-10002026,PG-18895,2,92.96,2015-12-17
8941,OFF-SU-10003936,JP-15520,3,7.632,2014-08-22
8942,OFF-BI-10002813,NW-18400,7,4.158,2016-11-03
8943,TEC-MA-10003337,NW-18400,3,179.991,2016-11-03
8944,FUR-CH-10001545,SW-20245,3,239.358,2017-10-10
8945,OFF-PA-10000062,EH-14005,3,164.88,2014-12-07
8946,OFF-SU-10001574,SC-20260,3,10.95,2014-11-15
8947,OFF-PA-10001972,NC-18535,3,19.44,2017-12-24
8948,OFF-BI-10000201,NC-18535,5,12.3,2017-12-24
8949,OFF-AP-10003278,AS-10090,1,13.97,2014-12-24
8950,FUR-TA-10002903,JL-15130,6,934.956,2017-12-22
8951,TEC-AC-10001013,JL-15130,2,46.864,2017-12-22
8952,OFF-ST-10000918,JL-15130,3,26.16,2017-12-22
8953,OFF-AR-10001419,JL-15130,7,23.128,2017-12-22
8954,OFF-AP-10003266,JL-15130,5,59.24,2017-12-22
8955,FUR-BO-10000468,VG-21790,4,155.456,2014-08-08
8956,OFF-PA-10004610,HG-14965,2,8.56,2014-09-20
8957,FUR-FU-10004963,JH-15430,3,21.0,2017-12-25
8958,TEC-MA-10004626,JH-15430,2,120.0,2017-12-25
8959,TEC-PH-10003437,RO-19780,5,299.96,2017-11-25
8960,OFF-AP-10002867,RO-19780,5,67.84,2017-11-25
8961,FUR-CH-10002126,RO-19780,5,853.93,2017-11-25
8962,OFF-AR-10001761,RO-19780,4,18.688,2017-11-25
8963,FUR-FU-10004665,LW-17125,2,273.96,2016-11-05
8964,TEC-AC-10000057,LW-17125,3,89.97,2016-11-05
8965,FUR-FU-10003806,LW-17125,5,756.8,2016-11-05
8966,OFF-BI-10000145,CC-12370,2,1.248,2017-11-06
8967,TEC-AC-10000892,JP-16135,1,72.0,2016-11-03
8968,FUR-CH-10004886,JP-16135,7,470.155,2016-11-03
8969,OFF-ST-10002554,DD-13570,1,39.128,2014-12-30
8970,OFF-AR-10001662,ES-14080,9,19.728,2017-12-02
8971,TEC-PH-10004531,ES-14080,2,151.188,2017-12-02
8972,FUR-CH-10000665,MV-17485,2,271.764,2017-03-24
8973,TEC-AC-10003023,RD-19900,1,47.496,2014-11-19
8974,FUR-BO-10004709,RL-19615,7,344.981,2017-04-25
8975,OFF-PA-10000477,JP-15460,7,36.288,2017-11-23
8976,OFF-PA-10002923,JP-15460,2,78.304,2017-11-23
8977,FUR-TA-10003008,JP-15460,1,127.785,2017-11-23
8978,OFF-BI-10003707,JP-15460,2,6.104,2017-11-23
8979,OFF-BI-10000546,DM-13345,2,5.76,2014-11-03
8980,OFF-BI-10000404,CS-11860,1,1.72,2015-10-19
8981,OFF-BI-10001196,DL-13315,2,8.952,2014-02-06
8982,OFF-AP-10001626,LC-16870,3,2.334,2016-03-06
8983,OFF-BI-10004656,LC-16870,4,1.728,2016-03-06
8984,FUR-FU-10003773,LC-16870,5,159.04,2016-03-06
8985,FUR-TA-10000849,LC-16870,2,145.98,2016-03-06
8986,FUR-FU-10000222,JG-15115,3,77.952,2015-12-03
8987,OFF-BI-10001718,JG-15115,5,95.97,2015-12-03
8988,TEC-PH-10001700,JG-15115,2,105.584,2015-12-03
8989,OFF-AR-10004078,JG-15115,2,9.344,2015-12-03
8990,FUR-FU-10003026,HM-14860,2,9.68,2015-12-24
8991,TEC-CO-10003763,HM-14860,7,4899.93,2015-12-24
8992,TEC-AC-10004708,TN-21040,5,104.75,2017-10-01
8993,TEC-AC-10003499,VP-21760,2,18.528,2017-10-16
8994,FUR-TA-10001950,VP-21760,7,1875.258,2017-10-16
8995,OFF-PA-10000312,CS-12355,5,91.36,2014-08-15
8996,OFF-AP-10004708,CS-12355,5,152.24,2014-08-15
8997,TEC-PH-10004531,PG-18820,2,35.184,2017-11-11
8998,OFF-PA-10000474,HG-14845,2,56.704,2017-03-20
8999,OFF-PA-10002377,HG-14845,7,274.064,2017-03-20
9000,FUR-CH-10001482,MH-18115,5,458.43,2017-05-13
9001,OFF-BI-10001553,TB-21280,3,8.226,2014-06-22
9002,TEC-AC-10000199,EM-13825,1,5.95,2014-12-02
9003,OFF-PA-10002195,EM-13825,3,15.24,2014-12-02
9004,TEC-AC-10001767,JF-15415,6,239.94,2015-04-05
9005,OFF-AR-10002467,JF-15415,8,23.84,2015-04-05
9006,OFF-ST-10001321,NB-18655,6,92.52,2017-11-18
9007,OFF-ST-10000777,NB-18655,1,37.76,2017-11-18
9008,OFF-LA-10003720,NB-18655,2,7.38,2017-11-18
9009,FUR-FU-10000206,NB-18655,2,5.82,2017-11-18
9010,OFF-PA-10000791,CS-11860,1,3.816,2017-07-12
9011,OFF-BI-10001787,ND-18460,4,26.16,2017-05-19
9012,TEC-AC-10004353,ED-13885,2,100.8,2015-12-20
9013,FUR-FU-10001861,EA-14035,7,135.8,2016-02-21
9014,OFF-AR-10002766,BP-11050,5,13.9,2017-03-18
9015,OFF-EN-10003072,BP-11050,5,19.4,2017-03-18
9016,OFF-BI-10001636,NS-18640,2,13.488,2016-12-17
9017,OFF-BI-10000948,NS-18640,1,11.416,2016-12-17
9018,OFF-PA-10001838,MV-17485,3,17.64,2016-03-26
9019,OFF-BI-10002215,MV-17485,3,17.04,2016-03-26
9020,TEC-AC-10001314,LE-16810,2,99.98,2014-12-16
9021,FUR-FU-10002268,LE-16810,6,29.46,2014-12-16
9022,OFF-BI-10002133,VP-21760,13,166.92,2015-11-15
9023,FUR-FU-10001979,TC-21475,3,98.328,2016-08-22
9024,FUR-CH-10001482,SG-20470,1,117.882,2015-06-29
9025,TEC-AC-10002018,VP-21760,3,20.97,2016-06-26
9026,TEC-AC-10000397,VP-21760,4,139.96,2016-06-26
9027,FUR-FU-10003976,VP-21760,3,37.74,2016-06-26
9028,FUR-FU-10002597,PO-18865,3,14.82,2016-09-17
9029,FUR-FU-10004864,PO-18865,3,191.82,2016-09-17
9030,OFF-BI-10002103,JL-15130,2,13.904,2014-07-18
9031,OFF-AP-10001005,RW-19540,4,314.6,2017-09-01
9032,FUR-TA-10002607,RW-19540,4,283.56,2017-09-01
9033,FUR-CH-10000454,RB-19465,2,487.96,2017-06-22
9034,OFF-BI-10001359,SC-20095,2,1793.98,2014-09-02
9035,OFF-BI-10003196,EM-13960,4,2.992,2015-10-01
9036,TEC-AC-10003657,EM-13960,4,108.768,2015-10-01
9037,OFF-PA-10002262,RP-19390,4,25.92,2015-04-07
9038,OFF-ST-10002214,RP-19390,2,22.58,2015-04-07
9039,TEC-PH-10003555,HZ-14950,3,55.176,2017-11-21
9040,OFF-BI-10000545,AB-10105,13,9892.74,2016-12-17
9041,FUR-TA-10004607,ND-18460,1,73.915,2014-09-19
9042,FUR-FU-10000277,XP-21865,4,337.088,2014-09-28
9043,OFF-AP-10004532,MM-18280,3,61.44,2015-09-22
9044,TEC-AC-10003911,ML-17395,3,479.97,2016-11-07
9045,OFF-BI-10003196,KM-16225,2,5.984,2017-12-16
9046,TEC-AC-10000358,KM-16225,5,189.95,2017-12-16
9047,TEC-AC-10000057,KM-16225,5,149.95,2017-12-16
9048,OFF-AR-10001988,KM-16225,5,29.95,2017-12-16
9049,OFF-LA-10003498,KM-16225,3,44.4,2017-12-16
9050,OFF-AR-10002956,SL-20155,3,66.03,2014-09-21
9051,OFF-PA-10003724,AJ-10780,2,10.86,2015-05-18
9052,OFF-AR-10004272,DK-12835,2,3.36,2014-03-26
9053,OFF-BI-10003291,DK-12835,4,27.936,2014-03-26
9054,TEC-PH-10004100,DK-12835,2,28.784,2014-03-26
9055,OFF-SU-10001218,BK-11260,2,21.96,2017-09-22
9056,TEC-AC-10004209,CC-12670,2,21.98,2015-09-12
9057,FUR-CH-10002073,ED-13885,11,2621.322,2015-11-02
9058,FUR-FU-10003424,SV-20785,7,74.76,2015-10-20
9059,FUR-TA-10001086,SV-20785,3,364.776,2015-10-20
9060,FUR-TA-10004619,AR-10825,7,1115.17,2016-06-14
9061,OFF-BI-10002854,CS-12250,4,89.696,2015-11-20
9062,OFF-LA-10002762,CS-12250,4,50.12,2015-11-20
9063,OFF-FA-10003495,RR-19525,6,36.48,2016-02-28
9064,OFF-PA-10002581,BD-11500,13,322.192,2014-10-14
9065,OFF-BI-10000343,BD-11500,3,2.946,2014-10-14
9066,OFF-PA-10001184,BD-11500,4,19.136,2014-10-14
9067,TEC-AC-10000521,BM-11785,2,23.08,2017-05-26
9068,TEC-PH-10002890,MS-17365,2,90.48,2016-02-04
9069,FUR-CH-10003061,BM-11140,3,215.976,2016-09-02
9070,OFF-EN-10003567,BM-11140,3,65.94,2016-09-02
9071,FUR-FU-10001918,KE-16420,3,11.352,2017-12-04
9072,OFF-ST-10002444,SZ-20035,2,24.56,2015-06-12
9073,OFF-EN-10003286,MB-18085,2,16.56,2016-09-04
9074,TEC-AC-10000109,MB-18085,5,279.95,2016-09-04
9075,OFF-ST-10002574,DB-13555,6,828.84,2014-04-21
9076,OFF-BI-10000773,CB-12415,3,7.218,2015-11-05
9077,OFF-SU-10004661,CB-12415,4,27.2,2015-11-05
9078,TEC-AC-10003280,SP-20650,3,89.97,2014-11-03
9079,FUR-FU-10003773,GW-14605,4,318.08,2016-02-16
9080,OFF-BI-10002412,GW-14605,1,5.8,2016-02-16
9081,TEC-PH-10002564,KH-16630,6,143.952,2017-09-11
9082,OFF-PA-10002262,KH-16630,3,19.44,2017-09-11
9083,OFF-AR-10000246,BG-11035,2,5.56,2017-11-02
9084,OFF-ST-10002554,LO-17170,3,146.73,2015-02-06
9085,OFF-PA-10002751,LO-17170,5,29.9,2015-02-06
9086,OFF-BI-10004318,DV-13465,2,276.784,2016-09-10
9087,OFF-AP-10001564,LR-17035,2,93.032,2016-09-26
9088,FUR-CH-10000513,LR-17035,5,454.965,2016-09-26
9089,TEC-PH-10001433,RR-19525,3,246.168,2015-12-15
9090,OFF-ST-10002790,TS-21610,5,295.4,2016-09-17
9091,OFF-ST-10002974,AH-10210,8,348.56,2017-10-13
9092,OFF-PA-10003177,DW-13585,3,15.552,2015-06-28
9093,FUR-BO-10001918,DW-13585,6,482.94,2015-06-28
9094,TEC-PH-10001299,AJ-10945,2,299.98,2015-06-01
9095,OFF-BI-10004224,AJ-10945,6,403.68,2015-06-01
9096,TEC-PH-10001300,AJ-10945,2,41.9,2015-06-01
9097,OFF-LA-10004178,AJ-10945,7,28.91,2015-06-01
9098,OFF-PA-10000289,SV-20785,5,32.4,2014-04-12
9099,TEC-PH-10002085,MG-17650,7,369.544,2017-10-12
9100,OFF-PA-10001934,MG-17650,2,10.368,2017-10-12
9101,TEC-AC-10003033,MG-17650,3,791.88,2017-10-12
9102,OFF-AR-10001683,AB-10105,3,23.64,2015-11-07
9103,OFF-ST-10001713,AB-10105,2,84.784,2015-11-07
9104,FUR-FU-10000193,AB-10105,5,64.96,2015-11-07
9105,OFF-BI-10000474,AB-10105,10,32.06,2015-11-07
9106,OFF-ST-10000129,AB-10105,2,177.648,2015-11-07
9107,TEC-MA-10001016,AB-10105,3,287.91,2015-11-07
9108,OFF-SU-10002557,MM-18280,2,22.368,2015-05-25
9109,OFF-PA-10002160,MM-18280,7,32.368,2015-05-25
9110,TEC-AC-10003095,MM-18280,2,207.984,2015-05-25
9111,OFF-EN-10003160,MA-17995,5,36.4,2014-10-13
9112,TEC-AC-10001542,MA-17995,2,22.96,2014-10-13
9113,OFF-ST-10003641,MA-17995,4,315.2,2014-10-13
9114,OFF-BI-10002432,MA-17995,3,15.18,2014-10-13
9115,TEC-PH-10004094,EB-13975,5,623.96,2016-02-07
9116,TEC-PH-10001817,NS-18505,2,429.6,2017-01-19
9117,FUR-FU-10002759,NS-18505,2,31.968,2017-01-19
9118,FUR-CH-10000309,NS-18505,3,887.271,2017-01-19
9119,OFF-PA-10003673,NS-18505,4,21.696,2017-01-19
9120,OFF-LA-10000452,RB-19795,7,22.05,2016-06-06
9121,OFF-PA-10000210,RB-19795,5,99.9,2016-06-06
9122,OFF-AP-10000358,JK-15325,7,90.86,2017-03-18
9123,OFF-PA-10002137,PR-18880,1,7.78,2017-11-24
9124,OFF-BI-10003364,EH-13945,9,78.759,2016-11-26
9125,FUR-FU-10001940,MA-17560,3,9.552,2016-08-18
9126,FUR-FU-10000320,MA-17560,4,5.344,2016-08-18
9127,OFF-AR-10004441,MA-17995,2,8.28,2015-11-28
9128,OFF-ST-10002182,JL-15505,3,50.136,2017-05-25
9129,OFF-BI-10002931,AS-10045,7,88.074,2017-09-04
9130,FUR-BO-10004357,DC-12850,3,301.47,2016-03-24
9131,OFF-AR-10000475,DC-12850,2,18.656,2016-03-24
9132,FUR-FU-10001473,MD-17860,2,27.46,2017-05-28
9133,OFF-AP-10001469,MD-17860,3,125.13,2017-05-28
9134,TEC-PH-10004447,RH-19510,5,555.96,2015-08-31
9135,OFF-ST-10001469,TB-21175,3,129.552,2016-04-12
9136,OFF-ST-10000060,TB-21175,1,51.984,2016-04-12
9137,OFF-PA-10000807,TB-21175,3,10.272,2016-04-12
9138,OFF-BI-10000666,EB-13930,2,18.336,2014-02-02
9139,TEC-PH-10002890,EB-13930,5,180.96,2014-02-02
9140,TEC-AC-10000844,BM-11785,7,475.944,2014-09-02
9141,TEC-AC-10002402,BT-11530,2,159.98,2017-09-30
9142,TEC-PH-10003988,FW-14395,4,43.6,2016-09-05
9143,OFF-BI-10004040,RD-19480,2,8.288,2017-05-20
9144,TEC-PH-10004094,RD-19480,9,1123.128,2017-05-20
9145,OFF-AP-10000358,RD-19480,5,64.9,2017-05-20
9146,OFF-BI-10000138,TP-21130,3,2.808,2015-09-20
9147,TEC-AC-10002926,CB-12535,2,99.98,2016-01-23
9148,OFF-AR-10003477,CB-12535,6,8.04,2016-01-23
9149,OFF-ST-10001526,CB-12535,13,1564.29,2016-01-23
9150,OFF-BI-10001765,QJ-19255,4,138.56,2014-06-01
9151,OFF-AP-10004859,QJ-19255,5,65.52,2014-06-01
9152,OFF-AR-10003179,KM-16720,2,14.576,2015-09-24
9153,TEC-AC-10002345,KM-16720,2,23.2,2015-09-24
9154,OFF-AR-10001246,KM-16720,7,16.464,2015-09-24
9155,FUR-FU-10004864,KM-16660,2,19.312,2016-08-01
9156,OFF-PA-10001804,IM-15055,6,40.08,2014-01-23
9157,OFF-AP-10001271,ML-17395,2,101.96,2014-08-04
9158,OFF-PA-10004353,ML-17395,13,259.74,2014-08-04
9159,TEC-AC-10002473,ML-17395,9,255.42,2014-08-04
9160,OFF-BI-10003314,GH-14410,3,4.338,2016-08-09
9161,OFF-BI-10004465,GH-14410,5,11.88,2016-08-09
9162,FUR-BO-10003450,AG-10900,7,405.86,2016-12-08
9163,FUR-CH-10002335,AG-10900,3,680.01,2016-12-08
9164,TEC-AC-10003433,MG-17695,3,2.376,2015-06-08
9165,OFF-AP-10003849,MG-17695,2,143.128,2015-06-08
9166,TEC-MA-10000984,MJ-17740,4,4476.8,2016-06-24
9167,OFF-PA-10000418,MJ-17740,1,104.85,2016-06-24
9168,OFF-AP-10001242,MJ-17740,3,241.44,2016-06-24
9169,OFF-PA-10001954,SJ-20125,14,319.76,2016-03-15
9170,OFF-PA-10001954,SJ-20125,2,45.68,2016-03-15
9171,FUR-FU-10000448,LB-16795,2,31.96,2016-12-01
9172,OFF-PA-10001357,LB-16795,1,47.9,2016-12-01
9173,OFF-ST-10002292,LB-16795,3,1112.94,2016-12-01
9174,OFF-EN-10001219,LB-16795,3,22.92,2016-12-01
9175,TEC-PH-10002564,SB-20185,3,71.976,2017-06-12
9176,OFF-PA-10001639,SB-20185,3,19.44,2017-06-12
9177,OFF-BI-10001153,CC-12610,3,31.086,2016-03-19
9178,TEC-PH-10003356,DP-13000,2,13.98,2016-11-14
9179,OFF-AR-10001725,DP-13000,1,23.65,2016-11-14
9180,TEC-PH-10002415,JL-15505,3,707.88,2017-08-07
9181,OFF-BI-10003355,JL-15505,3,11.952,2017-08-07
9182,OFF-BI-10000216,JL-15505,3,31.128,2017-08-07
9183,TEC-AC-10004803,JL-15505,4,55.76,2017-08-07
9184,OFF-PA-10001970,JL-15505,2,24.56,2017-08-07
9185,FUR-FU-10004848,JL-15505,1,51.75,2017-08-07
9186,FUR-CH-10002317,JL-15505,1,207.184,2017-08-07
9187,OFF-AP-10002534,JL-15505,5,1473.1,2017-08-07
9188,OFF-SU-10001935,SM-20320,2,3.488,2015-08-21
9189,TEC-AC-10000290,SM-20320,4,21.728,2015-08-21
9190,OFF-ST-10002574,SM-20320,6,663.072,2015-08-21
9191,OFF-BI-10004519,SM-20320,2,99.588,2015-08-21
9192,OFF-PA-10003625,SM-20320,2,49.568,2015-08-21
9193,OFF-BI-10001524,BB-10990,7,29.372,2015-11-02
9194,TEC-PH-10002200,BB-10990,2,344.704,2015-11-02
9195,OFF-SU-10001664,PB-19150,7,47.992,2014-11-30
9196,TEC-AC-10002550,PB-19150,4,102.24,2014-11-30
9197,OFF-PA-10004353,GM-14680,2,39.96,2014-05-10
9198,TEC-PH-10001817,GM-14680,5,1432.0,2014-05-10
9199,OFF-SU-10004737,GM-14680,6,41.04,2014-05-10
9200,FUR-CH-10002320,GM-14680,1,256.784,2014-05-10
9201,FUR-BO-10001337,NR-18550,1,120.98,2016-10-17
9202,OFF-BI-10004584,NR-18550,1,315.98,2016-10-17
9203,OFF-BI-10004817,EH-13765,3,28.752,2016-10-30
9204,OFF-AR-10004602,EH-13765,5,114.95,2016-10-30
9205,OFF-AR-10001149,FH-14365,8,23.04,2016-12-01
9206,OFF-AR-10004817,BT-11680,3,15.48,2016-04-21
9207,OFF-PA-10003797,BT-11680,8,51.84,2016-04-21
9208,TEC-AC-10000682,AB-10105,3,39.816,2017-08-03
9209,OFF-ST-10003996,SC-20230,1,16.06,2017-08-03
9210,OFF-EN-10003160,RS-19870,1,7.28,2017-12-11
9211,OFF-BI-10002012,RS-19870,3,5.4,2017-12-11
9212,OFF-PA-10002105,AI-10855,3,19.44,2015-03-14
9213,FUR-FU-10000397,DJ-13420,2,39.88,2014-12-08
9214,FUR-FU-10000758,DJ-13420,3,79.44,2014-12-08
9215,OFF-LA-10004677,BF-10975,7,20.664,2017-09-30
9216,OFF-PA-10004451,TH-21235,5,32.4,2016-11-21
9217,OFF-AP-10002311,JG-15310,1,13.762,2017-11-24
9218,OFF-EN-10004459,AW-10930,2,15.28,2017-11-14
9219,OFF-ST-10002352,JW-15955,7,44.688,2015-08-16
9220,FUR-BO-10000780,JW-15955,3,301.47,2015-08-16
9221,OFF-LA-10000248,MH-18025,3,11.07,2017-10-13
9222,FUR-TA-10003473,MH-18025,4,1504.52,2017-10-13
9223,OFF-PA-10004355,MH-18025,4,25.92,2017-10-13
9224,OFF-BI-10001308,FM-14290,6,7.536,2017-11-04
9225,OFF-BI-10003094,FM-14290,2,1.408,2017-11-04
9226,OFF-BI-10004040,FM-14290,4,4.144,2017-11-04
9227,OFF-ST-10002485,FM-14290,3,52.752,2017-11-04
9228,OFF-AP-10001205,GZ-14545,7,381.36,2017-03-19
9229,OFF-AR-10001868,TC-21535,4,6.72,2014-11-03
9230,OFF-BI-10003429,TB-21520,3,15.192,2017-07-23
9231,OFF-PA-10002689,TB-21520,9,58.32,2017-07-23
9232,OFF-BI-10003650,RP-19390,6,946.764,2014-12-27
9233,FUR-FU-10001889,LR-16915,9,94.68,2016-09-02
9234,OFF-ST-10000321,LR-16915,3,23.67,2016-09-02
9235,TEC-PH-10001530,LR-16915,4,1091.168,2016-09-02
9236,OFF-AR-10004752,LR-16915,7,18.69,2016-09-02
9237,FUR-TA-10001539,LR-16915,3,568.728,2016-09-02
9238,OFF-BI-10001553,LR-16915,1,7.312,2016-09-02
9239,FUR-FU-10003601,MM-17260,2,147.568,2017-02-11
9240,OFF-PA-10001685,NB-18655,7,56.784,2017-10-27
9241,OFF-BI-10001097,NB-18655,3,5.607,2017-10-27
9242,OFF-AR-10001662,NB-18655,3,6.576,2017-10-27
9243,OFF-BI-10002609,DS-13030,6,14.304,2014-07-09
9244,FUR-BO-10004218,DS-13030,1,119.833,2014-07-09
9245,OFF-AR-10003251,DS-13030,2,5.56,2014-07-09
9246,OFF-PA-10002365,DS-13030,5,32.4,2014-07-09
9247,OFF-AR-10003651,VF-21715,3,9.84,2017-05-22
9248,OFF-AR-10003732,VF-21715,1,2.78,2017-05-22
9249,OFF-BI-10002557,SW-20275,1,3.64,2016-11-10
9250,TEC-PH-10003691,SW-20275,7,881.93,2016-11-10
9251,OFF-BI-10001107,PW-19030,8,115.84,2016-12-02
9252,OFF-BI-10004224,KD-16615,2,107.648,2017-03-02
9253,TEC-AC-10001114,DO-13645,5,199.95,2017-09-23
9254,OFF-PA-10002005,DO-13645,2,12.96,2017-09-23
9255,FUR-CH-10001146,GA-14725,1,60.89,2014-02-11
9256,OFF-LA-10004853,GA-14725,3,14.94,2014-02-11
9257,OFF-BI-10004728,GA-14725,2,9.64,2014-02-11
9258,FUR-FU-10002298,GA-14725,3,332.94,2014-02-11
9259,OFF-BI-10004654,GA-14725,3,51.9,2014-02-11
9260,OFF-ST-10002583,GA-14725,2,64.96,2014-02-11
9261,OFF-SU-10004661,JL-15505,3,25.5,2017-11-11
9262,FUR-CH-10003061,SU-20665,3,215.976,2017-09-02
9263,FUR-CH-10000513,FM-14380,3,389.97,2015-10-09
9264,OFF-AP-10002191,FM-14380,5,269.91,2015-10-09
9265,OFF-BI-10000216,MY-17380,3,11.673,2017-11-24
9266,OFF-EN-10003448,MY-17380,7,64.848,2017-11-24
9267,FUR-FU-10002111,NM-18445,2,14.56,2014-02-08
9268,FUR-CH-10001545,CS-11950,1,102.582,2015-09-25
9269,OFF-PA-10002947,CS-11950,3,20.04,2015-09-25
9270,OFF-BI-10003476,PK-19075,7,32.088,2017-08-21
9271,OFF-BI-10001359,PK-19075,6,4305.552,2017-08-21
9272,FUR-FU-10000320,HM-14860,3,10.02,2016-05-12
9273,TEC-PH-10001835,HM-14860,4,631.96,2016-05-12
9274,OFF-BI-10003650,AH-10210,3,1577.94,2017-09-02
9275,OFF-AR-10000937,FC-14335,7,255.85,2014-10-10
9276,OFF-ST-10000532,CP-12085,6,184.704,2016-05-26
9277,TEC-AC-10001267,CP-12085,2,47.92,2016-05-26
9278,OFF-LA-10004853,SC-20305,4,15.936,2017-12-01
9279,OFF-BI-10001759,SC-20305,7,8.001,2017-12-01
9280,FUR-CH-10003379,SC-20305,2,398.972,2017-12-01
9281,FUR-BO-10002853,HJ-14875,2,163.88,2016-09-20
9282,OFF-AP-10000027,CB-12025,5,67.9,2017-09-11
9283,OFF-PA-10002421,EH-14185,4,72.224,2016-12-30
9284,OFF-LA-10002475,LW-17215,2,11.696,2017-09-02
9285,FUR-CH-10001482,MK-17905,3,392.94,2014-11-18
9286,FUR-FU-10000087,JH-15820,1,18.176,2015-11-21
9287,OFF-BI-10003166,DB-13270,3,6.888,2017-06-19
9288,FUR-TA-10000688,DB-13270,3,457.485,2017-06-19
9289,FUR-CH-10003981,TB-21625,6,1079.316,2017-11-30
9290,OFF-PA-10001878,NM-18445,1,48.91,2014-04-23
9291,OFF-AR-10002375,TT-21220,3,9.84,2014-09-23
9292,OFF-BI-10004965,TT-21220,3,34.5,2014-09-23
9293,OFF-BI-10004022,RS-19765,1,0.556,2017-03-02
9294,OFF-BI-10000050,TB-21625,6,43.8,2017-11-17
9295,OFF-PA-10002464,AM-10360,3,13.872,2017-05-28
9296,FUR-BO-10004709,AM-10360,4,115.96,2017-05-28
9297,TEC-AC-10003590,MP-17965,2,41.424,2015-04-18
9298,TEC-PH-10003357,MP-17965,4,244.768,2015-04-18
9299,OFF-AR-10003373,MP-17965,3,74.352,2015-04-18
9300,OFF-BI-10003676,MP-17965,2,4.312,2015-04-18
9301,FUR-CH-10000225,MP-17965,1,56.686,2015-04-18
9302,TEC-PH-10001870,MP-17965,2,97.968,2015-04-18
9303,OFF-AR-10003481,MP-17965,3,7.872,2015-04-18
9304,OFF-PA-10003936,MP-17965,3,15.552,2015-04-18
9305,OFF-BI-10000320,MP-17965,1,1.476,2015-04-18
9306,OFF-AR-10001972,MH-17290,5,8.4,2015-09-19
9307,OFF-AR-10003829,CA-12265,2,6.56,2014-03-25
9308,OFF-AR-10003338,CA-12265,2,14.88,2014-03-25
9309,TEC-AC-10002558,CA-12265,4,45.48,2014-03-25
9310,OFF-AR-10000034,CA-12265,6,25.44,2014-03-25
9311,OFF-BI-10001510,KD-16615,8,146.688,2016-08-26
9312,OFF-LA-10000134,DW-13540,2,4.928,2017-03-06
9313,OFF-AR-10000588,DW-13540,4,63.488,2017-03-06
9314,OFF-ST-10003282,AG-10495,7,418.32,2015-11-11
9315,OFF-AP-10002311,AG-10495,2,123.858,2015-11-11
9316,TEC-PH-10000141,JH-16180,3,118.782,2016-04-05
9317,OFF-SU-10000646,JH-16180,4,769.184,2016-04-05
9318,TEC-AC-10002076,DK-13090,1,47.904,2017-02-21
9319,OFF-PA-10000743,AR-10825,2,13.36,2017-07-20
9320,FUR-CH-10002780,AR-10825,2,163.764,2017-07-20
9321,FUR-FU-10000747,AR-10825,4,183.92,2017-07-20
9322,FUR-FU-10002445,SM-20005,3,11.376,2016-11-04
9323,FUR-FU-10000723,SM-20005,4,66.112,2016-11-04
9324,OFF-PA-10003641,DB-13660,8,211.04,2017-09-23
9325,FUR-CH-10003973,DB-13660,2,594.816,2017-09-23
9326,OFF-BI-10000977,DB-13660,3,72.96,2017-09-23
9327,FUR-FU-10004053,PF-19225,4,80.96,2017-09-07
9328,TEC-PH-10002033,PF-19225,2,455.712,2017-09-07
9329,OFF-AR-10004260,PF-19225,1,25.98,2017-09-07
9330,OFF-AP-10004655,AJ-10945,4,45.28,2015-11-28
9331,OFF-EN-10001539,EB-14110,2,15.56,2015-11-12
9332,TEC-PH-10001817,ES-14080,3,859.2,2016-09-29
9333,OFF-AP-10002578,SS-20410,4,195.68,2017-09-11
9334,OFF-FA-10000992,SS-20410,4,14.2,2017-09-11
9335,FUR-BO-10001798,AG-10900,3,314.352,2017-05-01
9336,OFF-LA-10004409,AG-10900,2,4.608,2017-05-01
9337,OFF-FA-10000621,CY-12745,5,17.9,2017-09-16
9338,OFF-BI-10003196,RP-19270,1,2.992,2014-10-19
9339,OFF-BI-10003727,RP-19270,6,20.064,2014-10-19
9340,OFF-PA-10003228,RP-19270,3,146.73,2014-10-19
9341,OFF-LA-10002787,RP-19270,5,18.75,2014-10-19
9342,TEC-PH-10001305,RP-19270,3,117.576,2014-10-19
9343,OFF-BI-10001036,DB-13360,7,51.184,2016-03-13
9344,FUR-TA-10001086,CK-12325,5,455.97,2017-02-17
9345,OFF-BI-10001525,CK-12325,5,5.715,2017-02-17
9346,TEC-PH-10000526,CK-12325,1,57.594,2017-02-17
9347,FUR-FU-10004973,CK-12325,2,30.144,2017-02-17
9348,FUR-CH-10003981,CK-12325,5,899.43,2017-02-17
9349,FUR-FU-10000277,DN-13690,8,842.72,2016-12-22
9350,FUR-FU-10001934,DN-13690,2,41.96,2016-12-22
9351,OFF-BI-10004970,DP-13105,4,13.216,2016-09-23
9352,FUR-CH-10003396,DP-13105,3,184.752,2016-09-23
9353,FUR-CH-10003973,RO-19780,2,520.464,2017-09-24
9354,OFF-PA-10002109,RO-19780,3,11.424,2017-09-24
9355,OFF-PA-10001826,MA-17560,3,19.44,2015-12-01
9356,OFF-AR-10000823,MA-17560,2,3.64,2015-12-01
9357,OFF-PA-10001776,MA-17560,2,18.54,2015-12-01
9358,OFF-BI-10003676,JD-15895,5,43.12,2016-01-25
9359,FUR-TA-10001095,JD-15895,3,313.722,2016-01-25
9360,FUR-FU-10000747,JD-15895,1,45.98,2016-01-25
9361,OFF-ST-10004337,JD-15895,7,428.68,2016-01-25
9362,OFF-BI-10004410,PS-18970,6,30.576,2017-03-21
9363,OFF-FA-10004838,PS-18970,7,13.02,2017-03-21
9364,FUR-FU-10002364,PS-18970,3,22.14,2017-03-21
9365,OFF-ST-10001809,PS-18970,4,359.32,2017-03-21
9366,OFF-PA-10001846,JF-15415,2,11.56,2014-08-22
9367,OFF-BI-10003876,RD-19480,2,68.48,2014-06-08
9368,OFF-ST-10003470,RD-19480,6,1676.88,2014-06-08
9369,OFF-PA-10004243,ES-14080,2,37.94,2016-04-07
9370,FUR-CH-10000422,KN-16390,3,272.97,2017-11-07
9371,FUR-FU-10002506,VP-21760,4,41.568,2015-05-29
9372,FUR-CH-10000863,VP-21760,3,317.058,2015-05-29
9373,OFF-FA-10002988,VP-21760,5,8.04,2015-05-29
9374,TEC-PH-10003437,CS-11950,7,419.944,2017-05-07
9375,OFF-SU-10002537,KB-16600,6,61.38,2016-06-05
9376,TEC-AC-10003063,AJ-10945,2,50.0,2015-12-14
9377,TEC-AC-10003237,PO-18865,3,31.8,2017-12-25
9378,OFF-ST-10001031,DP-13105,2,32.56,2017-12-17
9379,OFF-EN-10001535,GM-14500,2,7.072,2016-05-10
9380,OFF-PA-10001295,CC-12670,3,45.528,2014-12-23
9381,FUR-CH-10004698,CC-12670,1,64.784,2014-12-23
9382,OFF-ST-10000078,CC-12670,2,424.272,2014-12-23
9383,OFF-AR-10001868,CC-12670,1,1.344,2014-12-23
9384,OFF-ST-10004950,CC-12670,5,83.92,2014-12-23
9385,OFF-PA-10003441,SJ-20125,4,25.92,2017-08-11
9386,FUR-FU-10004973,SF-20200,8,120.576,2017-08-27
9387,OFF-PA-10000157,RM-19375,4,79.92,2017-01-19
9388,OFF-PA-10001970,RM-19375,1,12.28,2017-01-19
9389,OFF-AP-10000828,RM-19375,3,542.94,2017-01-19
9390,OFF-EN-10001509,RM-19375,1,2.04,2017-01-19
9391,OFF-ST-10003692,KM-16375,5,228.92,2015-06-19
9392,TEC-PH-10004700,FH-14275,1,7.992,2017-03-13
9393,FUR-CH-10000422,DG-13300,8,582.336,2015-10-25
9394,TEC-PH-10003484,MW-18220,5,629.95,2014-09-20
9395,FUR-CH-10001394,MW-18220,2,631.782,2014-09-20
9396,FUR-BO-10002213,MW-18220,2,801.568,2014-09-20
9397,OFF-LA-10002762,MW-18220,6,75.18,2014-09-20
9398,OFF-AP-10003842,MW-18220,1,30.98,2014-09-20
9399,TEC-PH-10003072,MW-18220,9,1349.91,2014-09-20
9400,OFF-AR-10003394,SC-20845,6,14.112,2016-11-11
9401,OFF-EN-10001539,BD-11500,4,31.12,2015-09-16
9402,FUR-FU-10001731,LP-17080,2,4.272,2014-06-24
9403,FUR-TA-10001095,NP-18700,2,209.148,2016-08-12
9404,OFF-ST-10000078,NP-18700,6,1591.02,2016-08-12
9405,OFF-FA-10004076,DP-13105,5,7.92,2017-04-13
9406,TEC-MA-10003626,RB-19465,2,574.91,2014-03-14
9407,OFF-PA-10001215,RB-19465,2,8.448,2014-03-14
9408,TEC-AC-10002842,LC-17140,9,1071.0,2017-09-22
9409,FUR-FU-10004864,LC-17140,1,12.07,2017-09-22
9410,OFF-BI-10000014,WB-21850,1,3.273,2017-12-10
9411,FUR-FU-10001475,WB-21850,5,87.92,2017-12-10
9412,OFF-ST-10001272,MH-17785,1,104.696,2016-03-10
9413,FUR-CH-10002024,SC-20305,5,2803.92,2015-01-27
9414,OFF-BI-10004001,MH-17620,2,6.816,2016-09-26
9415,TEC-PH-10004094,JC-15775,2,249.584,2015-10-18
9416,OFF-PA-10001184,JC-15775,3,17.94,2015-10-18
9417,FUR-FU-10002505,JC-15775,3,10.11,2015-10-18
9418,OFF-PA-10001166,RD-19810,2,10.368,2014-10-27
9419,OFF-PA-10000349,RD-19810,3,11.952,2014-10-27
9420,OFF-AP-10004708,SC-20695,2,15.224,2017-10-02
9421,OFF-AP-10001947,SC-20695,6,21.984,2017-10-02
9422,TEC-PH-10000441,NC-18535,6,604.752,2014-07-23
9423,OFF-SU-10004664,NC-18535,5,40.7,2014-07-23
9424,TEC-PH-10004531,NC-18535,3,302.376,2014-07-23
9425,TEC-AC-10002167,NC-18535,3,45.0,2014-07-23
9426,FUR-CH-10002024,LW-17215,6,3785.292,2014-09-12
9427,OFF-AR-10002445,AH-10585,5,35.4,2016-09-15
9428,FUR-FU-10003268,JO-15145,5,199.9,2014-11-27
9429,FUR-CH-10000015,VW-21775,8,1212.96,2014-05-11
9430,TEC-PH-10004165,BP-11185,5,1099.96,2015-08-28
9431,FUR-TA-10004607,BP-11185,1,103.481,2015-08-28
9432,OFF-LA-10004677,PP-18955,2,5.904,2015-06-19
9433,TEC-AC-10002217,SC-20725,2,30.08,2015-08-17
9434,OFF-PA-10001937,SC-20725,7,36.288,2015-08-17
9435,OFF-AR-10000203,SC-20725,3,10.272,2015-08-17
9436,TEC-AC-10001142,SC-20725,4,252.8,2015-08-17
9437,OFF-BI-10003712,BM-11785,2,2.946,2015-09-25
9438,OFF-PA-10000520,CD-11920,2,12.96,2017-05-26
9439,TEC-PH-10001079,GM-14680,4,285.576,2017-07-31
9440,OFF-SU-10000898,BP-11050,2,22.24,2014-10-12
9441,OFF-PA-10001471,BW-11065,2,14.62,2014-05-25
9442,OFF-AP-10003281,RE-19405,5,48.36,2014-12-29
9443,OFF-AR-10003156,HR-14770,2,16.256,2017-04-07
9444,TEC-PH-10000576,HR-14770,2,219.184,2017-04-07
9445,TEC-PH-10003215,TP-21565,4,95.84,2015-03-01
9446,OFF-LA-10004484,KB-16315,3,12.39,2015-05-29
9447,OFF-PA-10002245,AC-10660,6,35.88,2016-09-22
9448,FUR-FU-10003664,DN-13690,5,477.3,2017-05-27
9449,OFF-LA-10002195,CC-12430,4,12.32,2016-09-17
9450,OFF-BI-10000822,TS-21340,2,8.608,2014-09-08
9451,OFF-ST-10004963,MO-17800,9,136.26,2017-06-03
9452,OFF-AP-10002495,RP-19855,3,186.15,2015-09-28
9453,OFF-BI-10004001,RP-19855,6,81.792,2015-09-28
9454,OFF-SU-10004884,RP-19855,3,47.19,2015-09-28
9455,TEC-PH-10003555,RP-19855,2,36.784,2015-09-28
9456,TEC-MA-10003493,JL-15175,1,91.475,2016-06-16
9457,TEC-AC-10002380,BW-11110,3,27.192,2017-05-27
9458,OFF-BI-10004209,BW-11110,5,12.06,2017-05-27
9459,OFF-AR-10002135,SJ-20500,3,144.6,2014-10-09
9460,TEC-PH-10002583,SJ-20500,1,15.992,2014-10-09
9461,OFF-PA-10003591,FG-14260,3,34.44,2014-11-17
9462,TEC-PH-10004922,EH-14125,6,321.552,2014-10-19
9463,FUR-CH-10001854,BS-11590,2,701.96,2017-11-25
9464,OFF-AR-10003560,JS-16030,4,19.456,2014-02-27
9465,OFF-LA-10004409,JC-15775,6,17.28,2014-12-21
9466,FUR-FU-10000448,JM-15265,2,31.96,2016-11-19
9467,OFF-BI-10002735,CD-12280,6,164.688,2017-11-05
9468,FUR-TA-10003469,CD-12280,2,166.5,2017-11-05
9469,OFF-PA-10001870,CD-12280,2,12.96,2017-11-05
9470,OFF-PA-10004071,CD-12280,2,110.96,2017-11-05
9471,TEC-PH-10001448,CD-12280,2,99.98,2017-11-05
9472,OFF-BI-10002706,CD-12280,1,11.424,2017-11-05
9473,FUR-CH-10004875,CD-12280,2,128.124,2017-11-05
9474,FUR-FU-10004245,CD-12280,5,101.4,2017-11-05
9475,OFF-LA-10000443,JM-15265,2,5.904,2015-05-31
9476,OFF-PA-10001125,JM-15265,7,173.488,2015-05-31
9477,FUR-FU-10002703,JM-15265,2,51.56,2015-05-31
9478,OFF-BI-10004364,JM-15265,3,3.564,2015-05-31
9479,OFF-FA-10000936,SS-20410,5,13.16,2014-09-07
9480,OFF-BI-10001249,SS-20410,3,3.828,2014-09-07
9481,OFF-BI-10004632,SS-20410,5,304.99,2014-09-07
9482,OFF-ST-10000615,HG-14845,2,18.16,2017-11-06
9483,TEC-AC-10001838,BC-11125,2,319.984,2015-06-20
9484,OFF-AR-10004757,AB-10255,6,19.68,2014-07-22
9485,FUR-BO-10003893,MY-18295,10,781.864,2016-12-02
9486,OFF-PA-10003893,MY-18295,9,30.816,2016-12-02
9487,FUR-TA-10001932,NF-18385,3,673.344,2017-10-12
9488,OFF-FA-10001561,NB-18655,3,6.54,2017-12-11
9489,TEC-PH-10001817,EM-13960,2,572.8,2015-10-01
9490,OFF-AR-10000538,MF-17665,7,197.05,2016-08-05
9491,OFF-BI-10004584,CM-12385,8,2022.272,2017-01-03
9492,OFF-AR-10000817,CM-12385,3,9.12,2017-01-03
9493,OFF-BI-10000756,EC-14050,9,38.16,2017-11-07
9494,FUR-TA-10000617,BO-11350,7,1592.85,2016-01-03
9495,OFF-BI-10004364,BO-11350,2,11.88,2016-01-03
9496,TEC-AC-10004518,VM-21835,6,120.0,2016-05-12
9497,OFF-AP-10002222,VM-21835,1,8.67,2016-05-12
9498,OFF-PA-10002615,AB-10060,1,4.41,2017-11-05
9499,OFF-PA-10000565,AB-10060,3,167.94,2017-11-05
9500,OFF-PA-10003673,AB-10060,10,67.8,2017-11-05
9501,FUR-FU-10002088,CM-12235,3,26.94,2016-05-26
9502,FUR-FU-10001546,KW-16570,3,32.04,2015-11-20
9503,OFF-AR-10000614,MM-17920,9,32.13,2016-04-22
9504,OFF-AR-10003190,MM-17920,1,2.88,2016-04-22
9505,TEC-PH-10004094,PW-19030,7,1091.93,2016-10-14
9506,OFF-PA-10001970,PW-19030,2,111.96,2016-10-14
9507,OFF-AR-10002952,RD-19900,2,26.7,2014-04-05
9508,OFF-BI-10004209,RD-19900,5,40.2,2014-04-05
9509,OFF-AR-10004685,RD-19900,3,13.89,2014-04-05
9510,OFF-ST-10000991,RD-19900,6,689.82,2014-04-05
9511,OFF-AR-10002399,LM-17065,9,38.34,2016-08-06
9512,OFF-BI-10002353,CS-11845,3,9.264,2014-12-14
9513,FUR-BO-10001811,KT-16480,1,204.6664,2017-05-30
9514,TEC-AC-10003033,BE-11410,5,1649.75,2016-10-14
9515,OFF-PA-10000176,NF-18475,6,91.056,2014-03-14
9516,OFF-AR-10003631,DL-13315,14,54.208,2014-02-17
9517,TEC-PH-10000923,MS-17710,3,26.982,2015-08-24
9518,OFF-LA-10003190,MS-17710,3,6.912,2015-08-24
9519,OFF-ST-10003208,MS-17710,3,435.504,2015-08-24
9520,OFF-AP-10000692,MM-18055,4,81.08,2017-05-08
9521,OFF-ST-10004180,JB-15400,2,93.02,2016-02-04
9522,TEC-PH-10002817,SG-20605,3,323.976,2014-12-19
9523,OFF-PA-10000295,SG-20605,3,15.552,2014-12-19
9524,OFF-ST-10000419,SG-20605,3,32.592,2014-12-19
9525,OFF-BI-10001524,PB-18805,5,83.92,2017-12-05
9526,FUR-FU-10003268,PB-18805,5,199.9,2017-12-05
9527,TEC-PH-10000148,PB-18805,3,31.176,2017-12-05
9528,OFF-BI-10001543,PB-18805,6,172.752,2017-12-05
9529,OFF-BI-10002071,PB-18805,2,9.296,2017-12-05
9530,OFF-ST-10002352,AC-10615,2,12.768,2017-03-24
9531,OFF-PA-10003127,MR-17545,2,52.76,2017-07-08
9532,OFF-ST-10000464,BF-11215,2,55.616,2017-10-26
9533,FUR-CH-10000553,BW-11200,14,427.644,2016-10-27
9534,OFF-FA-10000134,BW-11200,7,40.67,2016-10-27
9535,OFF-ST-10000636,BW-11200,2,33.48,2016-10-27
9536,OFF-BI-10002949,BW-11200,2,9.728,2016-10-27
9537,FUR-FU-10002364,TS-21610,3,8.856,2017-06-12
9538,FUR-BO-10002613,AS-10045,2,477.666,2016-09-25
9539,OFF-PA-10002659,AA-10375,5,16.9,2017-09-07
9540,OFF-PA-10000157,AA-10375,2,39.96,2017-09-07
9541,FUR-CH-10004540,PS-18970,7,191.968,2015-05-11
9542,OFF-LA-10004544,RP-19270,3,35.52,2015-08-06
9543,OFF-BI-10001097,RP-19270,5,6.23,2015-08-06
9544,OFF-PA-10003302,RP-19270,2,56.704,2015-08-06
9545,FUR-BO-10003965,RP-19270,3,369.1992,2015-08-06
9546,TEC-AC-10003433,NC-18625,2,1.98,2014-10-29
9547,OFF-PA-10000482,NC-18625,2,75.88,2014-10-29
9548,OFF-PA-10004610,SC-20770,2,6.848,2016-06-18
9549,OFF-BI-10003910,SC-20770,2,4.626,2016-06-18
9550,OFF-AP-10001394,SC-20770,3,453.6,2016-06-18
9551,OFF-BI-10004654,NF-18595,3,13.848,2015-05-03
9552,OFF-ST-10001526,SC-20020,6,577.584,2015-11-10
9553,TEC-AC-10000358,BD-11560,4,151.96,2015-05-30
9554,FUR-FU-10000246,SM-20950,7,68.432,2016-09-22
9555,FUR-FU-10003799,EB-14110,5,71.12,2015-11-28
9556,OFF-FA-10003021,EB-14110,2,3.008,2015-11-28
9557,OFF-PA-10003656,HP-14815,7,184.66,2015-12-03
9558,FUR-FU-10004586,EB-14170,2,5.312,2014-10-17
9559,TEC-AC-10003832,SM-20905,5,132.52,2016-05-03
9560,OFF-ST-10002554,SM-20905,5,195.64,2016-05-03
9561,FUR-FU-10001876,SM-20905,2,51.968,2016-05-03
9562,TEC-AC-10002637,SM-20905,3,431.976,2016-05-03
9563,TEC-MA-10003589,SM-20905,3,224.937,2016-05-03
9564,OFF-LA-10000081,SM-20905,2,6.0,2016-05-03
9565,OFF-PA-10001838,CG-12040,2,11.76,2015-06-01
9566,FUR-CH-10002965,TG-21640,7,1125.488,2014-03-31
9567,OFF-BI-10001636,TG-21640,5,12.645,2014-03-31
9568,OFF-AR-10004027,TG-21640,2,4.032,2014-03-31
9569,TEC-PH-10002293,DK-12835,4,79.96,2017-07-05
9570,OFF-BI-10003196,MB-17305,6,6.732,2015-09-24
9571,OFF-ST-10001172,MB-17305,2,33.568,2015-09-24
9572,OFF-EN-10003068,MB-17305,2,15.84,2015-09-24
9573,OFF-LA-10003510,MB-17305,1,24.424,2015-09-24
9574,OFF-AR-10003504,MB-17305,5,17.12,2015-09-24
9575,FUR-FU-10001889,SF-20065,3,31.56,2015-08-13
9576,FUR-CH-10000863,PS-18760,1,105.686,2015-05-26
9577,TEC-MA-10004679,PS-18760,2,399.54,2015-05-26
9578,FUR-CH-10004754,PS-18760,5,104.93,2015-05-26
9579,TEC-PH-10004586,RB-19705,3,1079.85,2017-09-14
9580,OFF-ST-10001370,RB-19705,1,70.98,2017-09-14
9581,OFF-AR-10001988,RB-19705,5,29.95,2017-09-14
9582,FUR-CH-10003298,RB-19705,5,589.41,2017-09-14
9583,OFF-FA-10002988,RS-19870,6,9.648,2016-06-07
9584,FUR-BO-10002213,SB-20185,1,400.784,2017-06-25
9585,OFF-ST-10000344,HJ-14875,4,53.72,2017-08-26
9586,OFF-PA-10002319,SV-20815,1,31.008,2016-08-26
9587,OFF-BI-10002437,BE-11410,5,61.12,2016-11-18
9588,OFF-ST-10001418,BM-11575,4,195.136,2017-04-17
9589,OFF-AR-10000380,AZ-10750,4,121.536,2017-07-23
9590,OFF-PA-10003036,HD-14785,3,17.472,2014-05-11
9591,OFF-BI-10002026,HD-14785,9,104.58,2014-05-11
9592,FUR-FU-10003691,BF-11005,5,24.7,2016-07-28
9593,FUR-FU-10003806,BF-11005,5,302.72,2016-07-28
9594,OFF-PA-10002741,HZ-14950,2,8.56,2017-09-14
9595,OFF-PA-10003845,HZ-14950,2,11.56,2017-09-14
9596,OFF-AP-10001492,KD-16495,3,25.86,2017-01-24
9597,OFF-BI-10004318,KD-16495,2,276.784,2017-01-24
9598,TEC-PH-10000193,KD-16495,3,110.352,2017-01-24
9599,FUR-FU-10003464,FC-14245,3,60.84,2015-09-19
9600,OFF-AP-10002403,TP-21130,1,35.208,2015-04-14
9601,OFF-PA-10003848,EB-13705,8,41.472,2017-05-08
9602,OFF-PA-10001357,JP-15520,5,239.5,2016-09-04
9603,OFF-SU-10004737,TD-20995,5,34.2,2014-05-19
9604,FUR-TA-10003715,DM-13345,3,376.866,2016-06-17
9605,OFF-AP-10003099,EG-13900,4,197.72,2015-11-02
9606,TEC-AC-10002323,HG-14965,4,70.72,2017-11-04
9607,OFF-ST-10002344,HG-14965,3,194.352,2017-11-04
9608,OFF-PA-10000007,BF-11080,6,21.6,2017-12-05
9609,OFF-LA-10000248,BF-11080,3,11.07,2017-12-05
9610,FUR-FU-10002116,SC-20095,4,282.84,2016-05-16
9611,OFF-LA-10002195,SC-20095,9,27.72,2016-05-16
9612,OFF-FA-10000735,CS-11950,4,11.68,2017-10-24
9613,TEC-PH-10001299,BD-11320,2,239.984,2016-09-18
9614,OFF-AP-10002892,MZ-17515,1,22.98,2014-11-11
9615,TEC-AC-10002718,MZ-17515,7,102.13,2014-11-11
9616,OFF-BI-10003527,MZ-17515,2,2033.584,2014-11-11
9617,OFF-AR-10002255,PW-19030,2,5.76,2016-08-22
9618,TEC-CO-10002095,BS-11380,3,899.982,2017-11-16
9619,OFF-AR-10004022,BS-11380,3,86.352,2017-11-16
9620,TEC-AC-10002335,BS-11380,5,139.96,2017-11-16
9621,OFF-AP-10001634,DA-13450,6,16.704,2014-09-26
9622,TEC-AC-10002370,DA-13450,2,3.152,2014-09-26
9623,OFF-PA-10000174,DA-13450,4,32.896,2014-09-26
9624,OFF-AP-10000240,ME-17725,2,21.392,2017-06-29
9625,FUR-TA-10002855,ME-17725,3,307.314,2017-06-29
9626,FUR-BO-10000780,ME-17725,3,409.9992,2017-06-29
9627,OFF-PA-10001846,MH-17785,2,9.248,2017-09-23
9628,OFF-BI-10002049,BT-11440,3,14.67,2014-11-23
9629,OFF-PA-10002947,MM-17920,7,37.408,2014-01-13
9630,OFF-BI-10003476,MM-17920,2,3.438,2014-01-13
9631,OFF-BI-10002609,NM-18520,3,7.152,2016-05-31
9632,TEC-PH-10003215,NM-18520,6,179.7,2016-05-31
9633,OFF-AP-10004785,MH-17455,8,90.64,2017-02-13
9634,TEC-AC-10000865,TC-21295,3,177.0,2014-10-14
9635,OFF-ST-10000615,TC-21295,7,79.45,2014-10-14
9636,FUR-CH-10000749,TC-21295,9,1628.82,2014-10-14
9637,FUR-FU-10003553,MH-17785,2,137.54,2014-11-18
9638,FUR-TA-10003008,MH-17785,4,730.2,2014-11-18
9639,OFF-PA-10001846,EP-13915,2,11.56,2017-11-12
9640,FUR-TA-10000198,JH-15985,13,4297.644,2015-01-28
9641,OFF-AR-10000390,CM-12715,5,20.65,2014-03-07
9642,OFF-ST-10000934,CM-12715,5,204.9,2014-03-07
9643,FUR-CH-10002780,CM-12715,6,436.704,2014-03-07
9644,FUR-CH-10004495,CM-12715,2,481.568,2014-03-07
9645,TEC-AC-10002006,FO-14305,7,89.544,2017-06-08
9646,OFF-ST-10002485,FO-14305,2,35.168,2017-06-08
9647,OFF-BI-10000778,FO-14305,2,72.588,2017-06-08
9648,OFF-ST-10000877,MW-18220,4,221.16,2014-11-19
9649,TEC-PH-10002103,MW-18220,3,281.97,2014-11-19
9650,FUR-BO-10002213,MS-17365,8,3406.664,2016-11-26
9651,OFF-AR-10004269,MS-17365,9,37.17,2016-11-26
9652,OFF-AP-10000055,MS-17365,2,64.96,2016-11-26
9653,FUR-FU-10002937,MS-17365,6,595.38,2016-11-26
9654,TEC-AC-10001874,HP-14815,2,95.984,2017-01-23
9655,OFF-BI-10004506,HP-14815,2,4.938,2017-01-23
9656,FUR-FU-10001876,AS-10090,3,97.44,2014-09-22
9657,OFF-BI-10003355,AS-10090,1,3.984,2014-09-22
9658,OFF-AR-10003876,AS-10090,4,13.04,2014-09-22
9659,FUR-CH-10004983,AS-10090,4,579.528,2014-09-22
9660,OFF-LA-10001982,CS-12505,5,18.75,2014-03-26
9661,TEC-PH-10001459,ME-17320,9,3023.928,2016-06-06
9662,TEC-AC-10002134,ME-17320,2,26.96,2016-06-06
9663,TEC-PH-10001760,ME-17320,3,477.6,2016-06-06
9664,OFF-ST-10001511,MS-17770,3,193.95,2017-08-31
9665,OFF-PA-10003953,KH-16690,2,12.96,2015-12-07
9666,FUR-FU-10003268,LC-16885,3,119.94,2017-11-16
9667,FUR-FU-10001847,LC-16885,3,12.42,2017-11-16
9668,OFF-BI-10002764,AF-10870,7,18.088,2016-04-23
9669,OFF-EN-10004386,AF-10870,3,71.97,2016-04-23
9670,OFF-LA-10001569,AH-10465,3,14.94,2017-04-02
9671,OFF-AR-10001446,GK-14620,7,64.68,2015-08-13
9672,TEC-PH-10003442,KL-16645,5,22.0,2017-11-13
9673,OFF-PA-10000477,FM-14290,2,7.968,2016-12-23
9674,TEC-PH-10002645,FM-14290,5,1499.97,2016-12-23
9675,OFF-ST-10003123,JL-15850,1,26.632,2014-07-22
9676,FUR-FU-10001617,GM-14500,4,41.6,2016-05-06
9677,OFF-EN-10003862,MC-17635,6,64.02,2014-11-28
9678,OFF-AR-10001573,CS-12490,3,6.99,2016-04-18
9679,OFF-SU-10004290,CS-12490,1,6.84,2016-04-18
9680,OFF-ST-10000046,AH-10030,2,323.1,2015-12-27
9681,TEC-PH-10003505,AH-10030,9,668.16,2015-12-27
9682,OFF-LA-10004559,EP-13915,3,8.64,2017-12-13
9683,OFF-PA-10003172,EP-13915,6,38.88,2017-12-13
9684,FUR-FU-10001473,EP-13915,8,201.04,2017-12-13
9685,OFF-PA-10000232,EP-13915,2,12.96,2017-12-13
9686,TEC-AC-10000682,FW-14395,1,16.59,2017-01-02
9687,OFF-AR-10003405,KA-16525,6,35.1,2017-05-30
9688,OFF-BI-10000301,SC-20050,9,11.646,2017-09-30
9689,OFF-PA-10001534,PG-18895,5,32.4,2017-06-20
9690,TEC-PH-10003691,PG-18895,4,503.96,2017-06-20
9691,OFF-AR-10001545,TA-21385,4,7.04,2017-04-04
9692,FUR-BO-10001811,PO-18850,3,613.9992,2015-11-13
9693,OFF-ST-10001837,SM-20950,11,470.36,2015-08-28
9694,OFF-PA-10000551,NK-18490,6,31.08,2017-09-24
9695,OFF-SU-10001574,NK-18490,2,7.3,2017-09-24
9696,OFF-AP-10002892,SC-20695,4,73.536,2016-12-11
9697,OFF-LA-10003930,HK-14890,5,491.55,2014-06-10
9698,FUR-FU-10001037,BT-11485,4,30.336,2016-03-11
9699,OFF-PA-10004569,KM-16660,3,22.83,2017-12-15
9700,OFF-AP-10000027,KM-16660,4,54.32,2017-12-15
9701,TEC-PH-10000675,KM-16660,3,196.776,2017-12-15
9702,OFF-FA-10003059,SP-20920,2,3.62,2016-10-30
9703,OFF-PA-10003256,LB-16795,1,11.54,2017-07-31
9704,OFF-BI-10003656,LB-16795,5,849.95,2017-07-31
9705,OFF-BI-10002897,LB-16795,3,11.01,2017-07-31
9706,OFF-BI-10004826,JS-16030,3,39.624,2017-10-19
9707,FUR-CH-10004626,CS-11950,3,242.136,2016-10-21
9708,OFF-AR-10000390,CS-11950,3,12.39,2016-10-21
9709,FUR-FU-10003731,CS-11950,2,19.96,2016-10-21
9710,OFF-ST-10002743,CS-11950,3,340.92,2016-10-21
9711,FUR-FU-10001468,MD-17350,2,273.568,2014-11-05
9712,OFF-BI-10003684,MD-17350,2,13.194,2014-11-05
9713,OFF-ST-10003716,MD-17350,6,1080.096,2014-11-05
9714,TEC-AC-10001101,MD-17350,5,51.56,2014-11-05
9715,TEC-AC-10004864,MD-17350,2,58.416,2014-11-05
9716,OFF-BI-10001543,LD-17005,2,57.584,2016-11-07
9717,OFF-AR-10000914,DB-13270,4,37.312,2016-08-12
9718,TEC-PH-10002293,AT-10735,5,79.96,2016-05-30
9719,TEC-AC-10000109,AT-10735,5,223.96,2016-05-30
9720,OFF-ST-10002574,DK-13375,2,221.024,2017-11-12
9721,FUR-FU-10002445,CS-12250,2,18.96,2016-09-22
9722,FUR-CH-10001802,JF-15565,3,326.646,2016-02-16
9723,TEC-AC-10003628,JF-15565,3,89.97,2016-02-16
9724,OFF-BI-10003984,TW-21025,13,296.712,2014-12-22
9725,OFF-EN-10004459,TB-21250,2,12.224,2015-12-05
9726,TEC-AC-10001109,SC-20380,3,89.97,2017-09-17
9727,OFF-AP-10001293,KM-16720,7,286.86,2017-12-02
9728,TEC-PH-10004977,KM-16720,5,979.95,2017-12-02
9729,OFF-SU-10001935,KM-16720,2,4.36,2017-12-02
9730,OFF-BI-10001308,EB-14170,2,10.048,2014-09-29
9731,OFF-ST-10000046,EB-14170,5,807.75,2014-09-29
9732,OFF-AR-10003504,JE-15715,8,34.24,2017-11-14
9733,FUR-CH-10001797,NC-18535,13,500.24,2014-08-20
9734,OFF-PA-10000246,NC-18535,2,20.12,2014-08-20
9735,OFF-BI-10001359,NC-18535,1,896.99,2014-08-20
9736,OFF-PA-10001583,AD-10180,1,5.88,2014-11-19
9737,TEC-PH-10004667,NF-18475,2,269.98,2015-06-29
9738,OFF-ST-10002615,KD-16615,2,310.12,2017-03-16
9739,OFF-BI-10004236,KD-16615,6,70.464,2017-03-16
9740,OFF-BI-10001757,KD-16615,5,19.68,2017-03-16
9741,OFF-AP-10001154,KD-16615,3,140.67,2017-03-16
9742,FUR-BO-10004834,QJ-19255,5,4404.9,2015-11-08
9743,OFF-LA-10001074,EP-13915,5,62.65,2017-11-28
9744,OFF-LA-10001641,JJ-15445,3,9.45,2016-06-16
9745,OFF-EN-10002230,BE-11410,4,268.576,2017-01-21
9746,FUR-TA-10000617,BP-11290,2,364.08,2017-11-24
9747,FUR-TA-10001676,BP-11290,2,71.088,2017-11-24
9748,FUR-FU-10000175,BH-11710,2,10.984,2014-11-11
9749,FUR-CH-10003379,BH-11710,4,797.944,2014-11-11
9750,TEC-AC-10002567,EM-13810,2,159.98,2016-03-04
9751,OFF-AR-10003183,EP-13915,2,5.344,2016-10-11
9752,OFF-AR-10001446,EP-13915,3,27.72,2016-10-11
9753,OFF-BI-10000145,NZ-18565,1,2.496,2016-07-01
9754,OFF-LA-10000476,LC-16870,2,8.26,2017-03-27
9755,OFF-BI-10001679,LC-16870,2,17.76,2017-03-27
9756,OFF-ST-10001128,LC-16870,3,332.94,2017-03-27
9757,FUR-TA-10002533,LC-16870,2,292.1,2017-03-27
9758,TEC-PH-10004006,LC-16870,5,206.1,2017-03-27
9759,OFF-PA-10002615,LC-16870,4,17.64,2017-03-27
9760,FUR-CH-10001854,SF-20965,5,1403.92,2016-10-31
9761,OFF-AR-10000657,KM-16375,2,4.3,2017-11-04
9762,TEC-AC-10000736,ML-17395,3,239.97,2014-02-14
9763,OFF-AP-10001293,ML-17395,2,81.96,2014-02-14
9764,OFF-SU-10000157,ML-17395,2,238.62,2014-02-14
9765,TEC-PH-10000215,MC-18100,5,139.8,2014-06-18
9766,OFF-BI-10001757,DB-13660,2,9.84,2017-02-28
9767,OFF-PA-10002137,DB-13660,1,7.78,2017-02-28
9768,OFF-BI-10000088,LW-17215,5,54.9,2017-12-09
9769,OFF-PA-10000380,TC-21535,6,50.04,2017-12-07
9770,FUR-BO-10001619,SC-20050,5,339.92,2016-11-24
9771,OFF-PA-10001609,SC-20050,4,10.528,2016-11-24
9772,OFF-AP-10002765,SC-20050,2,42.384,2016-11-24
9773,OFF-PA-10000167,FM-14215,5,123.92,2016-07-03
9774,TEC-PH-10004434,PF-19225,1,135.95,2016-06-26
9775,OFF-BI-10004995,LF-17185,8,2177.584,2014-07-26
9776,FUR-FU-10004666,LF-17185,3,17.496,2014-07-26
9777,OFF-BI-10001524,LF-17185,4,16.784,2014-07-26
9778,TEC-AC-10002076,LF-17185,9,431.136,2014-07-26
9779,OFF-BI-10001679,LF-17185,5,8.88,2014-07-26
9780,OFF-AP-10003281,LF-17185,2,4.836,2014-07-26
9781,TEC-PH-10001944,CL-12565,3,437.85,2016-09-14
9782,OFF-BI-10004390,CL-12565,2,673.568,2016-09-14
9783,OFF-PA-10002120,EM-13825,5,274.8,2015-05-31
9784,OFF-ST-10004340,EM-13825,1,62.18,2015-05-31
9785,FUR-FU-10001847,EM-13825,2,8.28,2015-05-31
9786,OFF-BI-10000962,ME-17725,3,48.81,2015-05-09
9787,FUR-CH-10004754,BG-11035,5,149.9,2014-11-05
9788,FUR-BO-10001811,CJ-12010,5,1023.332,2017-03-27
9789,FUR-CH-10004063,CJ-12010,3,600.558,2017-03-27
9790,TEC-AC-10004901,CJ-12010,1,39.992,2017-03-27
9791,FUR-CH-10001714,CJ-12010,2,211.246,2017-03-27
9792,OFF-EN-10003134,KH-16360,6,56.064,2014-05-21
9793,FUR-CH-10003396,KH-16360,2,107.772,2014-05-21
9794,OFF-PA-10001560,KH-16360,1,4.832,2014-05-21
9795,OFF-BI-10000977,KH-16360,3,18.24,2014-05-21
9796,OFF-BI-10003429,SH-19975,3,3.798,2016-05-21
9797,OFF-AR-10001374,CS-12490,2,10.368,2015-01-12
9798,TEC-PH-10004977,CS-12490,2,235.188,2015-01-12
9799,TEC-PH-10000912,CS-12490,4,26.376,2015-01-12
9800,TEC-AC-10000487,CS-12490,2,10.384,2015-01-12
9801,TEC-PH-10002262,CS-12490,3,107.118,2015-01-12
9802,OFF-SU-10000898,JK-15730,7,97.3,2017-09-29
9803,OFF-BI-10004182,PJ-19015,2,3.328,2015-07-18
9804,TEC-PH-10002468,PJ-19015,1,135.99,2015-07-18
9805,FUR-FU-10002364,PJ-19015,1,7.38,2015-07-18
9806,FUR-FU-10002878,AP-10720,2,45.568,2016-10-21
9807,OFF-BI-10004817,AP-10720,8,28.752,2016-10-21
9808,FUR-CH-10001146,JW-15955,4,194.848,2017-07-27
9809,OFF-BI-10001116,PT-19090,2,2.112,2017-07-21
9810,OFF-PA-10000304,TB-21595,5,25.92,2014-11-07
9811,OFF-AR-10002240,TB-21595,4,120.768,2014-11-07
9812,OFF-PA-10001246,CB-12025,4,25.92,2016-11-27
9813,OFF-AR-10000658,CB-12025,3,34.65,2016-11-27
9814,OFF-PA-10000100,CB-12025,5,204.95,2016-11-27
9815,OFF-BI-10004233,CB-12025,5,79.95,2016-11-27
9816,OFF-PA-10002581,AG-10495,7,173.488,2015-06-08
9817,OFF-ST-10000046,AG-10495,4,516.96,2015-06-08
9818,FUR-FU-10001185,AG-10495,7,173.208,2015-06-08
9819,OFF-AR-10003856,AG-10495,2,4.448,2015-06-08
9820,OFF-LA-10001982,AG-10495,3,9.0,2015-06-08
9821,OFF-PA-10001215,AG-10495,10,42.24,2015-06-08
9822,OFF-BI-10002429,AG-10495,2,18.264,2015-06-08
9823,OFF-AP-10003287,BD-11605,3,152.91,2014-08-15
9824,OFF-PA-10000167,BD-11605,3,92.94,2014-08-15
9825,OFF-BI-10002309,BD-11605,4,17.856,2014-08-15
9826,OFF-BI-10003638,BD-11605,3,46.44,2014-08-15
9827,FUR-CH-10003833,BD-11605,4,195.136,2014-08-15
9828,OFF-ST-10001511,JS-15685,2,129.3,2017-06-19
9829,OFF-BI-10004728,JS-15685,3,11.568,2017-06-19
9830,FUR-CH-10004218,NF-18385,3,242.352,2017-07-16
9831,TEC-AC-10004171,SC-20305,4,319.968,2014-12-16
9832,FUR-FU-10001706,SC-20305,7,8.624,2014-12-16
9833,OFF-PA-10001526,GA-14515,1,3.984,2014-05-18
9834,TEC-AC-10002001,CY-12745,7,895.944,2017-09-14
9835,FUR-FU-10004963,WB-21850,4,14.0,2016-10-10
9836,OFF-BI-10001597,WB-21850,2,16.392,2016-10-10
9837,OFF-PA-10000141,DL-12865,5,10.9,2016-09-25
9838,OFF-LA-10003923,DL-12865,2,29.6,2016-09-25
9839,OFF-LA-10001771,DL-12865,1,4.98,2016-09-25
9840,TEC-CO-10001943,DL-12865,3,479.976,2016-09-25
9841,TEC-PH-10003356,DL-12865,8,44.736,2016-09-25
9842,OFF-AR-10002255,DL-12865,2,5.76,2016-09-25
9843,FUR-CH-10000665,DL-12865,4,483.136,2016-09-25
9844,OFF-LA-10001771,RE-19450,4,15.936,2014-06-03
9845,FUR-FU-10001475,RE-19450,7,61.544,2014-06-03
9846,OFF-ST-10000877,RE-19450,3,132.696,2014-06-03
9847,OFF-AP-10001492,MH-17290,5,43.1,2017-09-02
9848,FUR-FU-10004188,MH-17290,5,511.5,2017-09-02
9849,OFF-BI-10004330,MH-17290,5,147.92,2017-09-02
9850,OFF-AR-10002987,EH-13765,2,39.68,2014-04-12
9851,FUR-FU-10000732,EH-13765,2,12.56,2016-05-02
9852,OFF-BI-10001670,EH-13765,3,90.48,2016-05-02
9853,OFF-PA-10000533,EH-13765,2,13.08,2016-05-02
9854,FUR-FU-10002253,EH-13765,5,214.7,2016-05-02
9855,FUR-FU-10002396,GA-14515,4,50.32,2017-06-19
9856,OFF-PA-10004438,GA-14515,2,24.56,2017-06-19
9857,OFF-PA-10000587,GA-14515,6,43.68,2014-11-06
9858,FUR-TA-10001889,EB-13840,8,3393.68,2015-03-26
9859,OFF-ST-10001590,HR-14770,5,67.4,2017-01-14
9860,OFF-FA-10003472,HR-14770,2,2.52,2017-01-14
9861,TEC-PH-10000169,HR-14770,4,67.8,2017-01-14
9862,OFF-ST-10002562,HR-14770,2,18.76,2017-01-14
9863,TEC-AC-10001445,HR-14770,4,12.12,2017-01-14
9864,OFF-PA-10004156,HR-14770,1,11.34,2017-01-14
9865,TEC-AC-10004469,HR-14770,4,159.8,2017-01-14
9866,FUR-FU-10001037,HR-14770,2,18.96,2017-01-14
9867,OFF-ST-10002615,SM-20950,7,1085.42,2015-03-26
9868,OFF-AP-10000595,SM-20950,3,13.11,2015-03-26
9869,FUR-FU-10002253,EA-14035,2,68.704,2014-11-01
9870,OFF-BI-10000494,EA-14035,2,3.132,2014-11-01
9871,OFF-BI-10001658,EA-14035,3,22.428,2014-11-01
9872,OFF-ST-10003208,MH-17455,2,290.336,2017-10-06
9873,OFF-AR-10004790,MH-17455,2,19.152,2017-10-06
9874,OFF-PA-10004609,SL-20155,1,6.48,2016-12-10
9875,OFF-EN-10003055,NP-18685,2,63.968,2016-09-22
9876,OFF-SU-10003936,RF-19840,2,6.36,2015-12-29
9877,OFF-ST-10000078,BE-11455,4,848.544,2017-04-20
9878,OFF-BI-10000174,BE-11455,5,8.7,2017-04-20
9879,TEC-PH-10004080,BE-11455,3,122.382,2017-04-20
9880,FUR-CH-10002961,JK-15370,7,573.174,2016-08-21
9881,OFF-PA-10000474,CC-12100,3,85.056,2015-05-29
9882,OFF-BI-10000138,LL-16840,3,14.04,2014-08-12
9883,TEC-AC-10000023,LL-16840,13,272.61,2014-08-12
9884,OFF-EN-10001415,KE-16420,2,11.16,2014-04-03
9885,TEC-AC-10001284,KE-16420,3,62.31,2014-04-03
9886,TEC-AC-10000736,KE-16420,2,159.98,2014-04-03
9887,OFF-FA-10003467,SG-20605,3,5.94,2014-01-23
9888,OFF-PA-10000477,CA-12265,2,9.96,2017-10-12
9889,TEC-AC-10000736,RD-19585,1,79.99,2015-08-08
9890,OFF-AR-10002467,VG-21805,3,8.94,2017-03-19
9891,OFF-PA-10004996,SH-19975,2,20.62,2016-07-25
9892,TEC-AC-10003116,SH-19975,7,124.25,2016-07-25
9893,TEC-PH-10002262,SH-19975,5,297.55,2016-07-25
9894,FUR-CH-10004626,SH-19975,4,403.56,2016-07-25
9895,FUR-FU-10001756,SH-19975,5,95.2,2016-07-25
9896,TEC-AC-10004859,MM-17920,11,153.824,2014-09-26
9897,OFF-PA-10001725,JF-15415,2,62.016,2014-06-17
9898,FUR-FU-10004306,LP-17095,3,466.32,2016-06-06
9899,FUR-FU-10004845,LP-17095,2,82.64,2016-06-06
9900,FUR-TA-10000198,MP-18175,1,330.588,2014-03-28
9901,OFF-ST-10000036,SC-20845,3,237.096,2017-08-21
9902,FUR-FU-10001037,SC-20845,3,22.752,2017-08-21
9903,OFF-PA-10001950,SC-20845,1,6.672,2017-08-21
9904,FUR-FU-10004587,DP-13000,3,25.128,2014-11-12
9905,TEC-AC-10002567,DP-13000,2,127.984,2014-11-12
9906,FUR-FU-10004973,KD-16615,7,131.88,2015-09-13
9907,OFF-BI-10001628,KD-16615,3,25.032,2015-09-13
9908,FUR-CH-10000155,KD-16615,3,717.72,2015-09-13
9909,FUR-FU-10002379,KD-16615,5,207.35,2015-09-13
9910,FUR-FU-10004018,KD-16615,3,44.67,2015-09-13
9911,OFF-PA-10000994,KD-16615,2,209.7,2015-09-13
9912,OFF-BI-10002852,RP-19855,7,115.36,2014-04-05
9913,FUR-CH-10001714,KN-16390,3,362.136,2015-10-10
9914,OFF-LA-10000414,KN-16390,3,31.05,2015-10-10
9915,OFF-PA-10003848,TM-21010,2,12.96,2017-01-29
9916,OFF-PA-10000176,TM-21010,5,94.85,2017-01-29
9917,OFF-ST-10001590,TM-21010,1,13.48,2017-01-29
9918,FUR-FU-10000010,TM-21010,3,14.91,2017-01-29
9919,OFF-EN-10003055,JF-15190,1,39.98,2015-09-24
9920,FUR-CH-10000863,MY-18295,5,528.43,2016-03-15
9921,OFF-BI-10004233,MY-18295,7,22.386,2016-03-15
9922,OFF-BI-10003350,AT-10435,3,5.742,2014-11-24
9923,TEC-AC-10001990,JF-15490,4,191.968,2017-05-06
9924,OFF-BI-10003982,DH-13075,3,49.848,2015-03-20
9925,OFF-EN-10004386,DH-13075,1,23.99,2015-03-20
9926,OFF-BI-10003656,DH-13075,8,1087.936,2015-03-20
9927,TEC-PH-10002310,DH-13075,2,199.98,2015-03-20
9928,OFF-ST-10001172,DH-13075,4,83.92,2015-03-20
9929,FUR-FU-10000260,IM-15055,3,24.27,2016-09-04
9930,TEC-CO-10003763,IM-15055,5,2799.96,2016-09-04
9931,OFF-BI-10001267,KH-16510,2,9.872,2015-11-13
9932,FUR-BO-10004357,KH-16510,4,683.332,2015-11-13
9933,OFF-PA-10004610,KH-16510,7,29.96,2015-11-13
9934,TEC-PH-10004912,JK-15205,3,164.85,2014-07-11
9935,OFF-AP-10003278,AS-10240,3,33.528,2016-04-07
9936,OFF-ST-10001627,AS-10240,3,36.744,2016-04-07
9937,OFF-BI-10002735,SC-20575,3,102.93,2017-06-24
9938,FUR-TA-10001676,CP-12340,2,71.088,2016-06-03
9939,FUR-FU-10004864,NS-18640,5,60.35,2016-12-12
9940,OFF-SU-10000952,NS-18640,4,35.52,2016-12-12
9941,OFF-AR-10000462,NS-18640,7,11.2,2016-12-12
9942,TEC-AC-10001772,JL-15835,14,223.58,2017-11-24
9943,OFF-ST-10001128,MD-17350,9,998.82,2014-12-28
9944,OFF-SU-10002537,MD-17350,5,51.15,2014-12-28
9945,OFF-ST-10000419,RD-19660,3,40.74,2015-04-12
9946,OFF-PA-10000327,NH-18610,1,3.424,2014-03-02
9947,TEC-AC-10004353,NH-18610,3,151.2,2014-03-02
9948,FUR-CH-10003746,HW-14935,6,1925.88,2017-06-01
9949,OFF-AP-10002945,HW-14935,8,2405.2,2017-06-01
9950,TEC-AC-10004568,HW-14935,3,83.97,2017-06-01
9951,TEC-AC-10001714,HW-14935,1,39.89,2017-06-01
9952,OFF-BI-10002072,HW-14935,2,17.38,2017-06-01
9953,OFF-BI-10001153,DB-12970,2,55.264,2015-12-14
9954,OFF-PA-10004983,DB-12970,1,6.48,2015-12-14
9955,OFF-BI-10000948,DB-12970,3,34.248,2015-12-14
9956,FUR-TA-10002622,DB-12970,2,273.568,2015-12-14
9957,OFF-PA-10001776,KN-16705,5,46.35,2014-11-11
9958,OFF-PA-10004039,KN-16705,4,223.92,2014-11-11
9959,OFF-SU-10001574,KN-16705,2,7.3,2014-11-11
9960,OFF-AR-10001761,AJ-10945,2,9.344,2017-10-06
9961,TEC-AC-10002305,CL-12700,1,18.0,2017-09-16
9962,OFF-PA-10000675,CM-12655,2,65.584,2015-03-19
9963,FUR-BO-10004218,CM-12655,4,383.4656,2015-03-19
9964,OFF-PA-10003072,AS-10240,2,10.368,2015-07-26
9965,FUR-FU-10002671,HE-14800,1,13.4,2016-12-05
9966,OFF-PA-10000349,HE-14800,1,4.98,2016-12-05
9967,OFF-EN-10004483,HE-14800,7,109.69,2016-12-05
9968,OFF-BI-10004209,RB-19435,5,40.2,2017-12-11
9969,OFF-BI-10004600,RB-19435,2,735.98,2017-12-11
9970,OFF-AP-10003622,RB-19435,7,22.75,2017-12-11
9971,OFF-BI-10002867,MP-17470,2,119.56,2015-06-28
9972,OFF-AR-10000538,MP-17470,5,140.75,2015-06-28
9973,OFF-EN-10000056,RC-19960,2,99.568,2016-09-11
9974,TEC-PH-10004080,AP-10720,5,271.96,2016-12-06
9975,OFF-AR-10004752,AP-10720,7,18.69,2016-12-06
9976,OFF-PA-10000743,AP-10720,2,13.36,2016-12-06
9977,TEC-PH-10002496,AP-10720,2,249.584,2016-12-06
9978,OFF-FA-10003467,AP-10720,7,13.86,2016-12-06
9979,OFF-BI-10003727,AP-10720,4,13.376,2016-12-06
9980,OFF-BI-10002026,AP-10720,14,437.472,2016-12-06
9981,FUR-TA-10001039,SW-20455,1,85.98,2015-09-06
9982,OFF-LA-10004484,TB-21055,5,16.52,2017-08-03
9983,OFF-PA-10002195,RC-19960,7,35.56,2016-09-22
9984,TEC-PH-10001305,RC-19960,2,97.98,2016-09-22
9985,OFF-LA-10003766,DV-13465,10,31.5,2015-05-17
9986,OFF-SU-10000898,DV-13465,4,55.6,2015-05-17
9987,TEC-AC-10003399,ML-17410,1,36.24,2016-09-29
9988,TEC-AC-10001539,RA-19885,1,79.99,2017-11-17
9989,TEC-PH-10004006,RA-19885,5,206.1,2017-11-17
9990,FUR-FU-10001889,TB-21400,3,25.248,2014-01-21
9991,FUR-FU-10000747,DB-13060,2,91.96,2017-02-26
9992,TEC-PH-10003645,DB-13060,2,258.576,2017-02-26
9993,OFF-PA-10004041,DB-13060,4,29.6,2017-02-26
9994,OFF-AP-10002684,CC-12220,2,243.16,2017-05-04
