Product_ID,Product_Name,Category,Supplier_ID,Supplier_Name,Stock_Quantity,Reorder_Level,Reorder_Quantity,Unit_Price,Warehouse_Location,Status
29-205-1132,Sushi Rice,Grains & Pulses,38-037-1699,Jaxnation,22,72,70,$4.50 ,48 Del Sol Trail,Discontinued
40-681-9981,Arabica Coffee,Beverages,54-470-2479,Feedmix,45,77,2,$20.00 ,36 3rd Place,Discontinued
06-955-3428,Black Rice,Grains & Pulses,54-031-2945,Vinder,30,38,83,$6.00 ,3296 Walton Court,Backordered
71-594-6552,Long Grain Rice,Grains & Pulses,63-492-7603,Brightbean,12,59,62,$1.50 ,3 Westerfield Crossing,Active
57-437-1828,Plum,Fruits & Vegetables,54-226-4308,Topicstorm,37,30,74,$4.00 ,15068 Scoville Court,Backordered
21-120-6238,All-Purpose Flour,Grains & Pulses,86-292-4587,Dabjam,55,33,14,$1.75 ,050 Mcbride Avenue,Discontinued
71-516-1996,Corn Oil,Oils & Fats,04-391-7610,Tagfeed,96,52,16,$2.50 ,12 Truax Court,Active
39-629-5554,Egg (Goose),Dairy,67-679-4930,Muxo,44,90,17,$2.50 ,267 International Plaza,Discontinued
66-268-8345,Greek Yogurt,Dairy,32-182-1895,Thoughtstorm,91,84,11,$3.00 ,550 Clemons Plaza,Active
46-452-9419,Egg (Duck),Dairy,67-137-4215,Wordify,43,10,15,$1.00 ,55782 Welch Hill,Active
51-469-4611,Long Grain Rice,Grains & Pulses,62-029-0827,Fivebridge,62,81,91,$1.60 ,04776 Saint Paul Park,Discontinued
42-220-9305,White Sugar,Grains & Pulses,56-092-7992,Zooxo,91,98,6,$2.00 ,61932 Cascade Crossing,Backordered
75-094-1179,Rye Bread,Bakery,57-615-0729,Vitz,26,79,31,$3.00 ,13 Forest Run Place,Discontinued
11-073-0189,Plum,Fruits & Vegetables,75-190-3627,Voomm,95,50,76,$4.00 ,5104 Jana Court,Active
22-621-2774,Strawberries,Fruits & Vegetables,70-901-6191,Babblestorm,54,26,16,$6.00 ,00 Drewry Court,Active
39-449-0772,Feta Cheese,Dairy,84-504-7617,Youfeed,94,13,15,$7.00 ,195 Portage Junction,Backordered
55-936-2406,Bread Flour,Grains & Pulses,29-689-5014,Mynte,27,93,88,$1.50 ,52691 8th Drive,Active
82-041-7211,Swiss Cheese,Dairy,03-615-0558,Reallinks,49,49,26,$8.00 ,285 1st Park,Discontinued
48-414-6162,Arabica Coffee,Beverages,10-060-8515,Skivee,55,93,84,$20.00 ,17780 Lindbergh Junction,Active
76-854-0095,White Sugar,Grains & Pulses,38-883-3382,Mydeo,65,61,82,$2.00 ,7834 Cordelia Alley,Backordered
25-349-7974,Spinach,Fruits & Vegetables,82-737-6019,Devshare,72,70,99,$2.50 ,42 Bunker Hill Junction,Discontinued
66-627-9752,Trout,Seafood,87-839-6400,Jabbertype,49,73,48,$12.00 ,08 Randy Junction,Active
78-614-4402,Green Beans,Fruits & Vegetables,51-014-4287,Gigazoom,81,99,28,$2.00 ,37 Browning Trail,Discontinued
67-025-1245,Cabbage,Fruits & Vegetables,28-575-0716,Chatterbridge,88,46,55,$1.00 ,51890 Lindbergh Terrace,Active
68-418-6724,Parmesan Cheese,Dairy,75-465-6257,Feedspan,63,4,85,$12.00 ,49869 Bunker Hill Terrace,Active
40-795-0753,Raw Sugar,Grains & Pulses,47-183-4911,Mydo,31,43,80,$1.50 ,66879 Susan Place,Backordered
02-508-3777,Egg (Quail),Dairy,69-933-2582,Realpoint,97,88,81,$0.80 ,895 Northland Hill,Discontinued
79-741-0770,Mushrooms,Fruits & Vegetables,67-771-7656,Photospace,72,87,39,$6.00 ,91 Kinsman Terrace,Active
31-211-5803,Oatmeal Biscuit,Bakery,75-503-9347,Gigazoom,16,9,32,$5.00 ,492 Shoshone Road,Backordered
16-499-5059,Pear,Fruits & Vegetables,09-090-6360,Centizu,77,20,5,$4.50 ,3 Hooker Way,Discontinued
76-340-4432,Cucumber,Fruits & Vegetables,79-915-4185,Brainverse,19,36,72,$1.75 ,157 David Center,Backordered
38-732-7667,Pineapple,Fruits & Vegetables,88-663-3393,Photojam,18,52,22,$3.50 ,3645 Ridge Oak Drive,Backordered
04-240-2226,Olive Oil,Oils & Fats,65-842-6819,Kamba,47,48,73,$6.00 ,504 Green Park,Discontinued
79-136-9840,Herbal Tea,Beverages,07-809-0926,Pixonyx,77,45,75,$30.00 ,26175 Oxford Way,Discontinued
73-401-5721,Haddock,Seafood,38-622-5251,Midel,46,28,73,$9.00 ,582 Sauthoff Crossing,Discontinued
91-848-0606,Onion,Fruits & Vegetables,68-836-0350,Skyble,39,22,73,$2.00 ,13 Corscot Hill,Active
54-109-8062,Sushi Rice,Grains & Pulses,04-726-3363,Linklinks,75,69,100,$4.50 ,67 Little Fleur Road,Backordered
70-612-2531,Pineapple,Fruits & Vegetables,94-217-4781,Flipbug,48,48,39,$3.45 ,4 Raven Drive,Discontinued
26-161-6692,Zucchini,Fruits & Vegetables,61-796-7912,Kare,61,90,26,$2.50 ,70001 Vahlen Lane,Discontinued
43-893-5408,Short Grain Rice,Grains & Pulses,25-414-2945,Snaptags,60,90,85,$3.00 ,6 Orin Place,Discontinued
11-316-8405,Mango,Fruits & Vegetables,50-918-1373,Twitternation,24,55,51,$5.00 ,108 Morning Center,Discontinued
34-086-3222,Lemon,Fruits & Vegetables,34-017-9457,Layo,12,7,48,$2.30 ,867 Merrick Place,Discontinued
21-816-1004,Black Coffee,Beverages,68-482-4786,Realpoint,84,13,88,$15.00 ,564 Hazelcrest Crossing,Backordered
43-693-2092,Butter,Dairy,19-469-9841,Kayveo,51,100,70,$3.00 ,76 Toban Plaza,Discontinued
63-270-7076,Multigrain Bread,Bakery,85-532-0172,Roombo,65,36,37,$3.50 ,6 Lunder Parkway,Backordered
90-230-9767,Long Grain Rice,Grains & Pulses,70-515-9048,Voonyx,67,88,32,$1.50 ,00397 Bay Terrace,Discontinued
05-334-2923,Bread Flour,Grains & Pulses,41-772-6271,Browsezoom,14,74,71,$1.50 ,8 Surrey Pass,Discontinued
52-481-5224,Kiwi,Fruits & Vegetables,46-382-2024,Fiveclub,45,24,61,$6.00 ,80 Old Shore Plaza,Backordered
11-325-7396,Mango,Fruits & Vegetables,98-940-7545,Skipfire,92,46,13,$5.00 ,387 Jay Point,Discontinued
70-854-6891,Sourdough Bread,Bakery,79-575-9351,Flashspan,41,84,90,$4.00 ,24045 Bluestem Point,Active
46-520-1819,Short Grain Rice,Grains & Pulses,10-762-7936,Katz,41,36,78,$4.50 ,805 Nancy Crossing,Backordered
91-105-7317,Orange,Fruits & Vegetables,84-047-0017,Devshare,85,45,71,$3.00 ,44022 Barnett Way,Discontinued
40-751-8635,Pineapple,Fruits & Vegetables,48-878-3021,Yamia,44,80,84,$3.40 ,3 Ronald Regan Center,Discontinued
02-920-4829,White Bread,Bakery,41-587-4864,Skyble,92,87,84,$2.50 ,4 Judy Hill,Backordered
36-918-2937,Green Coffee,Beverages,53-844-0478,Kwinu,62,89,18,$12.00 ,90865 Sherman Court,Active
68-761-6907,Zucchini,Fruits & Vegetables,31-199-3683,Brainverse,26,18,62,$2.50 ,9695 Alpine Trail,Discontinued
69-468-5468,Sourdough Bread,Bakery,37-099-6976,Vinte,59,78,6,$4.50 ,72083 Acker Crossing,Active
27-635-8394,Orange,Fruits & Vegetables,87-893-6089,Twitterwire,88,37,61,$2.90 ,812 Shelley Circle,Discontinued
41-729-5410,Sardines,Seafood,71-727-8611,Ntag,91,59,49,$6.00 ,7193 Crownhardt Drive,Active
33-335-9140,Olive Oil,Oils & Fats,08-209-1598,Blogspan,28,17,28,$6.00 ,76928 Tennyson Parkway,Active
11-581-9869,Carrot,Fruits & Vegetables,22-867-3079,Avaveo,51,60,98,$1.50 ,44801 Myrtle Center,Discontinued
78-237-0277,Black Tea,Beverages,50-314-5433,Brainbox,46,27,76,$5.00 ,79 Cardinal Court,Active
75-152-8731,Pear,Fruits & Vegetables,05-593-1927,Voonix,82,65,69,$4.45 ,622 Anthes Lane,Backordered
65-718-0492,Olive Oil,Oils & Fats,91-492-8216,Midel,100,92,26,$6.00 ,8626 Chinook Parkway,Active
55-697-5242,Ricotta Cheese,Dairy,74-726-0855,Shufflebeat,51,53,88,$6.00 ,19112 Little Fleur Road,Discontinued
14-844-4138,Black Coffee,Beverages,90-534-2165,Flipbug,61,43,29,$15.00 ,40643 Sullivan Lane,Discontinued
20-225-3930,White Tea,Beverages,73-069-2753,Skipstorm,99,87,10,$25.00 ,5756 Stephen Avenue,Active
66-993-4234,Cucumber,Fruits & Vegetables,15-852-0491,Gigazoom,13,60,100,$1.80 ,22 Dexter Trail,Backordered
87-762-1317,Mozzarella Cheese,Dairy,58-474-3510,Dazzlesphere,45,63,75,$7.00 ,9305 Warrior Way,Discontinued
81-844-2979,Broccoli,Fruits & Vegetables,02-575-7332,Realblab,73,87,46,$4.00 ,16 Elgar Point,Discontinued
44-408-7594,Eggplant,Fruits & Vegetables,08-828-3804,Eire,39,21,5,$3.00 ,81 Oneill Circle,Backordered
26-010-9519,Trout,Seafood,28-837-4164,Blogtag,29,72,96,$12.00 ,4508 Shopko Trail,Active
65-464-5070,Heavy Cream,Dairy,01-517-7793,Ntags,12,60,73,$4.00 ,00 Luster Alley,Discontinued
07-970-9352,Bell Pepper,Fruits & Vegetables,14-724-4622,Tagtune,96,33,72,$4.45 ,459 Gateway Pass,Active
88-746-9468,Onion,Fruits & Vegetables,06-159-1957,Skiba,35,92,74,$2.00 ,82737 Ryan Place,Active
06-336-5482,Sardines,Seafood,99-784-4391,Voolia,89,34,15,$6.00 ,7 Mockingbird Hill,Discontinued
03-276-3931,Mango,Fruits & Vegetables,42-224-8186,Oyoloo,60,36,28,$4.50 ,081 Bellgrove Place,Active
39-232-5341,Arborio Rice,Grains & Pulses,23-319-2681,Feedmix,20,34,74,$4.50 ,05433 Towne Terrace,Discontinued
12-239-9399,Potato,Fruits & Vegetables,53-584-1853,Tagtune,28,40,27,$1.20 ,924 La Follette Alley,Active
75-080-4909,Corn Oil,Oils & Fats,34-726-5887,Tagopia,20,55,15,$2.50 ,7 Gateway Center,Backordered
70-815-4015,Butter Biscuit,Bakery,89-134-9717,Ozu,38,93,61,$6.00 ,175 Sycamore Circle,Active
11-032-9778,Peas,Fruits & Vegetables,42-380-8881,Edgepulse,99,1,4,$3.00 ,553 Mayfield Crossing,Backordered
54-374-9986,Cream,Dairy,33-818-4917,Oyondu,92,52,80,$2.50 ,74997 Katie Terrace,Discontinued
77-312-6317,Spinach,Fruits & Vegetables,12-950-4397,Abatz,41,29,76,$2.40 ,3616 Carey Pass,Discontinued
13-844-2178,Sardines,Seafood,66-832-1802,Browsetype,44,67,48,$6.00 ,86207 Tennyson Parkway,Active
22-141-9798,White Sugar,Grains & Pulses,59-849-9942,Photobean,47,7,63,$2.00 ,6 Nobel Junction,Backordered
20-022-3173,Bread Flour,Grains & Pulses,54-188-1006,Mydeo,21,63,65,$1.50 ,81878 Nobel Point,Discontinued
26-177-5690,Cucumber,Fruits & Vegetables,06-708-1412,Skinte,85,33,50,$1.80 ,61707 Mariners Cove Park,Discontinued
70-871-4536,Swiss Cheese,Dairy,72-514-7323,Cogilith,29,4,17,$8.00 ,5 Waxwing Junction,Active
06-611-5454,Peanut Oil,Oils & Fats,43-786-9229,Bluezoom,64,21,13,$4.00 ,16 Autumn Leaf Way,Backordered
89-543-3456,Blueberries,Fruits & Vegetables,23-178-8962,Jaloo,66,40,96,$10.00 ,22782 Oriole Way,Active
82-395-5070,Chocolate Biscuit,Bakery,01-801-9502,Vidoo,75,81,17,$5.00 ,43442 Homewood Street,Active
14-305-5348,Cheese,Dairy,71-092-6845,Shuffledrive,53,63,2,$9.00 ,19 Shoshone Circle,Active
82-243-3180,Palm Oil,Oils & Fats,18-631-1458,Zooxo,43,63,80,$1.80 ,97 Sunnyside Court,Discontinued
25-010-9478,Eggplant,Fruits & Vegetables,24-576-3402,Topicblab,74,30,24,$3.00 ,357 Maple Park,Active
13-202-4809,Garlic,Fruits & Vegetables,24-281-7685,Katz,27,22,89,$7.00 ,6195 Monterey Center,Discontinued
67-270-7464,Jasmine Rice,Grains & Pulses,83-960-5274,Yadel,91,73,77,$4.75 ,7242 Claremont Avenue,Discontinued
11-733-1756,Rice Flour,Grains & Pulses,27-970-8649,Mynte,52,81,53,$2.00 ,127 Eliot Road,Backordered
80-988-4653,Zucchini,Fruits & Vegetables,02-272-0535,Livetube,43,66,85,$2.50 ,8 Russell Pass,Discontinued
60-343-7973,Multigrain Bread,Bakery,06-303-4127,Zoombox,56,86,23,$3.20 ,85408 Toban Crossing,Backordered
34-861-4446,Ricotta Cheese,Dairy,40-696-4237,Photobug,66,40,8,$6.00 ,113 Donald Court,Active
67-710-5120,Bread Flour,Grains & Pulses,00-131-9278,Skynoodle,84,92,18,$1.50 ,978 Shasta Lane,Active
49-891-4927,Cottage Cheese,Dairy,89-155-3471,Midel,37,5,1,$5.00 ,46 Hoffman Trail,Active
55-522-8242,Whipped Cream,Dairy,48-884-5431,Feedbug,29,36,40,$4.00 ,7 Spohn Avenue,Backordered
62-509-0666,Almond Flour,Grains & Pulses,16-419-1419,Brainverse,13,88,7,$9.50 ,1468 Meadow Vale Court,Backordered
64-478-4745,Lemon,Fruits & Vegetables,36-780-8625,Mydo,63,81,94,$2.50 ,208 Miller Court,Active
35-835-5591,Tilapia,Seafood,54-876-4296,Fiveclub,95,63,73,$7.00 ,509 Carpenter Trail,Backordered
26-690-3784,Lettuce,Fruits & Vegetables,70-463-6597,Fadeo,58,5,1,$2.00 ,19069 Cordelia Drive,Active
67-546-1568,Peanut Oil,Oils & Fats,10-038-3988,Edgeify,57,36,53,$4.00 ,203 Mariners Cove Junction,Backordered
67-625-9704,Sardines,Seafood,13-475-1009,Eayo,33,18,92,$6.00 ,7819 Fallview Park,Discontinued
31-969-4614,Arabica Coffee,Beverages,83-104-8425,Voomm,62,89,6,$20.00 ,993 Kensington Drive,Discontinued
50-364-5828,Coconut,Fruits & Vegetables,17-239-6309,Mydo,89,57,92,$5.00 ,772 Golf Course Junction,Active
61-827-4098,Cod,Seafood,34-850-0377,Devbug,23,42,87,$8.00 ,29992 Warrior Center,Backordered
87-698-0944,Banana,Fruits & Vegetables,73-717-0190,Vinder,56,12,59,$98.43 ,8 Heffernan Point,Active
36-636-4873,Black Rice,Grains & Pulses,11-098-3982,Wikivu,86,100,74,$6.10 ,451 Grim Hill,Active
98-556-5323,Pomegranate,Fruits & Vegetables,21-490-8051,Dynabox,60,61,2,$6.00 ,005 Tomscot Hill,Active
97-772-2336,Pineapple,Fruits & Vegetables,19-704-4404,Rooxo,70,30,69,$3.50 ,9 Bartillon Trail,Discontinued
19-047-4239,Peach,Fruits & Vegetables,11-146-9880,Quire,47,72,73,$4.00 ,7 West Street,Backordered
41-316-8427,Arborio Rice,Grains & Pulses,75-867-3635,Realcube,95,93,16,$4.50 ,03416 Valley Edge Circle,Active
15-907-3681,Plum,Fruits & Vegetables,72-931-9828,Brainsphere,20,42,21,$3.85 ,21633 Sycamore Center,Discontinued
14-305-9690,Sushi Rice,Grains & Pulses,13-457-9946,Dabshots,19,17,14,$4.30 ,43107 Schlimgen Circle,Active
40-860-4532,Arabica Coffee,Beverages,73-625-5112,Yadel,74,72,18,$21.00 ,988 Southridge Way,Active
44-552-3909,Pear,Fruits & Vegetables,80-863-1186,Riffwire,61,50,9,$4.50 ,6 Charing Cross Circle,Active
75-029-9003,Sourdough Bread,Bakery,61-917-4271,Eadel,34,42,86,$4.00 ,19180 Hagan Parkway,Discontinued
74-587-2065,Pear,Fruits & Vegetables,33-141-1402,Gigaclub,29,20,85,$4.50 ,84642 Clarendon Point,Active
70-149-6756,Heavy Cream,Dairy,97-150-9199,Skynoodle,14,99,97,$4.20 ,6 Messerschmidt Place,Discontinued
29-896-7926,White Rice,Grains & Pulses,86-400-4155,Centidel,20,20,56,$1.80 ,80930 Briar Crest Point,Backordered
54-822-9009,Cauliflower,Grains & Pulses,23-197-9965,Shufflester,40,38,32,$3.20 ,64389 Arkansas Alley,Backordered
84-075-7647,Canola Oil,Oils & Fats,95-889-8592,Mydeo,91,82,58,$2.30 ,51 7th Court,Discontinued
88-602-8210,Avocado Oil,Oils & Fats,26-411-9126,Skajo,99,96,39,$10.00 ,042 Di Loreto Court,Backordered
04-542-3863,Bread Flour,Grains & Pulses,55-952-9832,Eidel,34,46,45,$1.50 ,403 Loomis Way,Backordered
57-613-5779,Gouda Cheese,Dairy,29-009-9132,Thoughtblab,100,21,64,$7.00 ,6 John Wall Plaza,Backordered
90-737-0044,Black Rice,Grains & Pulses,39-339-3869,Bubblemix,79,98,97,$6.00 ,92321 Nelson Trail,Backordered
28-956-1320,Greek Yogurt,Dairy,01-445-8931,Thoughtblab,62,2,98,$3.00 ,95 Onsgard Way,Discontinued
87-791-5803,Tuna,Seafood,89-843-0880,Meemm,25,44,96,$18.00 ,8 Fremont Circle,Active
14-521-4167,Buttermilk,Dairy,68-609-1972,Vinder,47,2,76,$2.50 ,00847 Reindahl Place,Discontinued
51-572-5497,Orange,Fruits & Vegetables,43-035-3382,Kanoodle,15,44,88,$3.00 ,9516 Burrows Circle,Discontinued
28-840-6096,Pomegranate,Fruits & Vegetables,15-444-8224,Flipopia,19,65,48,$6.00 ,92655 Pond Park,Discontinued
44-538-3366,Tuna,Seafood,33-898-6242,Realbridge,58,77,96,$18.00 ,46 Cardinal Way,Discontinued
51-459-5630,Sour Cream,Dairy,29-567-3732,Skyvu,11,30,4,$4.00 ,805 Center Parkway,Active
02-655-3240,Rice Flour,Grains & Pulses,95-200-1972,Jabberstorm,99,44,52,$2.00 ,6738 Tennyson Road,Discontinued
42-887-6557,Long Grain Rice,Grains & Pulses,49-092-2735,Geba,26,82,19,$1.50 ,61224 Northridge Avenue,Active
96-316-7600,Bell Pepper,Fruits & Vegetables,76-671-7104,Linklinks,70,31,55,$4.50 ,6 Swallow Crossing,Discontinued
58-063-8633,Bell Pepper,Fruits & Vegetables,21-932-5200,Skimia,50,3,88,$4.50 ,33424 Express Avenue,Discontinued
43-703-9939,Pineapple,Fruits & Vegetables,69-928-4929,Bubblemix,55,91,35,$3.50 ,4 Sundown Place,Active
88-069-5486,Cod,Seafood,95-878-1614,Buzzshare,31,87,19,$8.00 ,01330 Sheridan Way,Active
74-845-3299,Green Tea,Beverages,21-792-1000,Oyoyo,63,92,26,$8.00 ,2 Petterle Road,Active
81-605-6246,Sardines,Seafood,62-086-0407,Shufflester,73,31,49,$6.00 ,65721 Caliangt Crossing,Discontinued
73-561-2867,Sourdough Bread,Bakery,60-386-5077,Eayo,12,86,98,$4.00 ,7444 Saint Paul Circle,Discontinued
19-967-0632,Short Grain Rice,Grains & Pulses,90-445-1753,Yombu,53,86,54,$3.00 ,6990 Kings Place,Discontinued
23-070-2433,Powdered Sugar,Grains & Pulses,82-235-9317,Meeveo,68,7,37,$2.50 ,836 Brown Alley,Discontinued
27-262-2437,Swiss Cheese,Dairy,05-181-2682,Skidoo,80,9,29,$8.10 ,739 Swallow Road,Active
39-479-5147,Tuna,Seafood,02-156-7270,Meedoo,92,68,79,$18.00 ,14 Talmadge Park,Discontinued
71-085-4290,Cucumber,Fruits & Vegetables,26-593-3478,Eire,31,98,72,$1.80 ,2 Basil Street,Active
48-957-6116,Eggplant,Fruits & Vegetables,34-334-6888,Topicstorm,31,44,9,$3.00 ,938 Hanover Point,Discontinued
83-917-7384,Garlic,Fruits & Vegetables,84-923-5086,Tavu,76,97,20,$7.00 ,3 Ilene Terrace,Discontinued
26-031-8070,Vegetable Oil,Oils & Fats,11-096-4003,Trudeo,57,99,23,$2.00 ,5414 Linden Point,Backordered
03-149-9760,Whipped Cream,Dairy,08-141-2402,Yotz,92,99,93,$4.00 ,554 Eliot Point,Discontinued
53-680-5293,Cheddar Cheese,Dairy,47-732-4446,Demizz,88,74,97,$9.00 ,97687 Mendota Terrace,Active
49-861-7823,Coconut,Fruits & Vegetables,22-152-0111,Skippad,99,8,27,$5.00 ,26 Graceland Circle,Discontinued
24-364-3341,Egg (Turkey),Dairy,13-290-8513,Topiclounge,44,84,63,$2.50 ,120 Gale Circle,Discontinued
80-374-5711,Herbal Tea,Beverages,77-566-9826,Browsecat,48,77,81,$31.00 ,13 Bluejay Way,Backordered
76-325-9093,Sesame Oil,Oils & Fats,67-922-3399,Feedbug,27,92,56,$6.50 ,01471 Burrows Lane,Discontinued
30-429-2162,Black Rice,Grains & Pulses,05-100-7102,Npath,34,96,76,$6.15 ,6382 Anniversary Pass,Discontinued
53-446-8243,Orange,Fruits & Vegetables,51-666-7174,Skipfire,41,94,4,$3.00 ,757 Grasskamp Drive,Discontinued
67-473-7093,Black Tea,Beverages,92-830-6986,Topicstorm,56,12,85,$5.00 ,87417 Forest Pass,Active
98-235-2711,Asparagus,Fruits & Vegetables,23-052-4744,Devpoint,22,40,7,$5.00 ,5 Transport Pass,Active
07-219-8017,Palm Oil,Oils & Fats,95-148-9287,Skibox,40,2,58,$1.80 ,357 High Crossing Parkway,Active
97-040-3822,Swiss Cheese,Dairy,78-459-1417,Gevee,50,99,73,$8.00 ,42 Clemons Terrace,Backordered
10-002-6494,Mango,Fruits & Vegetables,47-509-7282,Meevee,89,92,62,$4.80 ,48 Vahlen Place,Backordered
12-998-3882,Egg (Turkey),Dairy,06-151-9076,Bluezoom,76,54,76,$2.50 ,94862 Beilfuss Terrace,Backordered
31-746-4951,Whole Wheat Flour,Grains & Pulses,70-212-0990,Gigaclub,67,60,21,$2.75 ,759 Waywood Court,Active
87-097-5691,Robusta Coffee,Beverages,26-213-7885,Photofeed,62,78,97,$10.00 ,236 Gateway Lane,Discontinued
34-075-0371,Watermelon,Fruits & Vegetables,32-771-2617,Latz,75,10,68,$3.00 ,0039 Shelley Place,Active
40-810-9261,Green Coffee,Beverages,56-554-1762,Cogibox,75,47,33,$12.50 ,3 Raven Court,Discontinued
46-931-6897,Cream,Dairy,22-946-8052,Meevee,29,32,26,$2.50 ,44 Kensington Road,Discontinued
58-182-6781,Oatmeal Biscuit,Bakery,75-328-1709,Pixope,34,55,22,$5.00 ,86 Maryland Junction,Active
06-706-6490,Green Tea,Beverages,85-670-6379,Tanoodle,15,66,85,$8.00 ,443 Browning Terrace,Backordered
47-578-4161,Anchovies,Seafood,96-001-5429,Jaxspan,88,56,81,$10.00 ,5 Forest Run Way,Discontinued
18-199-5799,Cheddar Cheese,Dairy,76-870-2139,Jayo,40,81,40,$9.00 ,87784 Blaine Way,Backordered
00-357-2313,Avocado Oil,Oils & Fats,93-619-6639,Quamba,10,86,23,$10.00 ,0 Oxford Crossing,Backordered
83-704-6367,Arabica Coffee,Beverages,41-628-8713,Feedmix,21,87,12,$21.00 ,298 Corry Plaza,Discontinued
01-144-5960,Trout,Seafood,80-848-7493,Zazio,75,25,99,$12.00 ,52105 Mandrake Place,Active
96-774-0457,Cod,Seafood,71-991-5737,Izio,56,50,80,$8.00 ,7369 Thackeray Drive,Discontinued
24-310-9184,Rye Bread,Bakery,69-378-2045,Brainlounge,69,65,91,$3.00 ,6 Haas Circle,Backordered
10-255-8579,Basmati Rice,Grains & Pulses,29-112-1577,Trilia,56,53,77,$4.50 ,1959 Marcy Center,Active
38-417-4656,White Sugar,Grains & Pulses,57-202-5756,Dazzlesphere,24,69,2,$2.00 ,1309 Elka Junction,Backordered
53-080-8252,Sourdough Bread,Bakery,73-744-7022,Thoughtstorm,30,85,21,$4.50 ,2 Grayhawk Junction,Discontinued
14-681-7035,White Tea,Beverages,01-308-0960,Voolith,36,90,57,$25.00 ,95261 Morningstar Way,Backordered
96-503-7712,White Bread,Bakery,97-325-5889,Twitterbridge,93,76,82,$2.50 ,84148 Prairie Rose Center,Backordered
98-064-4465,Mozzarella Cheese,Dairy,93-719-9817,Feedfire,96,38,17,$7.00 ,109 Twin Pines Avenue,Active
84-198-7276,Peanut Oil,Oils & Fats,34-158-6684,Eidel,60,88,65,$4.00 ,6 Harbort Hill,Active
18-278-2383,Gouda Cheese,Dairy,73-210-4267,Skimia,97,77,13,$7.00 ,96 American Center,Backordered
20-054-3716,Chocolate Biscuit,Bakery,49-591-1019,JumpXS,11,6,100,$5.00 ,39 Lakewood Gardens Center,Discontinued
63-822-5278,Pomegranate,Fruits & Vegetables,27-636-1606,Kamba,14,66,1,$6.00 ,5900 Vahlen Avenue,Backordered
01-439-6231,Sunflower Oil,Oils & Fats,08-490-1714,Skidoo,88,100,17,$2.50 ,8 Spaight Circle,Discontinued
06-690-2335,Jasmine Rice,Grains & Pulses,66-317-4895,Jabbertype,24,15,6,$4.75 ,5 Linden Terrace,Discontinued
47-554-5780,Haddock,Seafood,62-979-5038,Babbleopia,93,62,65,$9.00 ,1 Westport Crossing,Active
70-587-1204,Black Rice,Grains & Pulses,41-399-9203,Reallinks,68,68,97,$6.00 ,2446 Anhalt Way,Discontinued
97-710-2449,Rye Bread,Bakery,39-676-9308,Tanoodle,28,94,80,$2.80 ,0 Miller Pass,Backordered
51-462-0747,Lime,Fruits & Vegetables,40-417-9838,Vinder,21,30,32,$2.00 ,453 Dryden Park,Backordered
90-492-0564,Pomegranate,Fruits & Vegetables,18-085-1667,Shuffledrive,92,96,56,$6.00 ,54 Pawling Crossing,Discontinued
63-956-0739,Robusta Coffee,Beverages,17-123-1252,Jetwire,68,12,42,$10.00 ,6808 Chinook Parkway,Backordered
30-832-5429,Multigrain Bread,Bakery,41-800-2842,Topicshots,46,43,46,$3.50 ,894 Kingsford Road,Backordered
38-822-8005,Cucumber,Fruits & Vegetables,45-886-1540,Innojam,47,20,65,$1.75 ,6 Stang Hill,Backordered
73-118-1117,Olive Oil,Oils & Fats,55-557-8544,Layo,52,88,55,$6.00 ,482 Green Center,Discontinued
60-285-3783,Mushrooms,Fruits & Vegetables,58-827-9061,Youfeed,51,62,95,$6.00 ,37973 Parkside Junction,Active
00-215-7434,Egg (Goose),Dairy,85-272-3969,Quatz,14,63,74,$2.50 ,389 Ridgeway Park,Backordered
68-734-1585,Greek Yogurt,Fruits & Vegetables,54-537-5633,Meeveo,62,44,11,$51.17 ,3 Hagan Drive,Discontinued
08-703-1382,Peach,Fruits & Vegetables,29-975-3449,Wikizz,40,53,7,$4.00 ,082 Clove Plaza,Backordered
65-282-0419,White Tea,Beverages,85-932-1011,Feedbug,50,100,91,$25.50 ,509 Waywood Center,Active
62-777-6010,Sushi Rice,Grains & Pulses,40-914-7156,Katz,77,20,37,$4.25 ,5743 Superior Place,Backordered
87-675-1506,Strawberries,Fruits & Vegetables,21-697-8128,Skalith,31,89,7,$5.90 ,60241 Portage Point,Discontinued
67-027-7269,Mushrooms,Fruits & Vegetables,50-050-5707,Twitterbeat,35,19,30,$6.50 ,615 Mayer Drive,Backordered
72-066-4597,Broccoli,Fruits & Vegetables,97-994-0773,Zoovu,31,54,52,$4.00 ,03 Fisk Alley,Active
31-627-6025,White Bread,Bakery,17-084-8551,Ozu,56,62,64,$2.50 ,44638 Corscot Lane,Backordered
09-286-8107,Greek Yogurt,Dairy,90-727-4816,Skyndu,90,62,54,$3.00 ,75 Bunting Junction,Discontinued
77-013-1553,Canola Oil,Oils & Fats,42-252-5861,Yodo,79,31,66,$2.30 ,48788 Chinook Place,Discontinued
15-762-1058,Lime,Fruits & Vegetables,32-914-1424,Tazz,29,83,91,$2.00 ,083 Mccormick Park,Backordered
48-193-1199,Canola Oil,Oils & Fats,63-924-5144,Omba,46,51,92,$2.30 ,339 Paget Place,Discontinued
01-173-0029,Blueberries,Fruits & Vegetables,18-880-7910,DabZ,42,4,53,$10.00 ,8 Dakota Avenue,Active
79-400-6216,Mozzarella Cheese,Dairy,83-361-7509,Devpoint,16,56,13,$7.20 ,4 Warbler Center,Discontinued
80-072-8774,Tuna,Seafood,61-222-8413,Viva,89,95,41,$18.00 ,239 Anderson Court,Discontinued
78-689-8958,White Tea,Beverages,52-744-6162,Chatterbridge,20,43,43,$25.00 ,04 Mesta Parkway,Active
57-562-2358,Black Coffee,Beverages,22-644-6447,Quamba,37,94,76,$15.00 ,00 6th Parkway,Backordered
56-191-6497,Bread Flour,Grains & Pulses,65-395-5947,Bubblebox,97,41,68,$1.50 ,844 Schurz Point,Discontinued
46-753-8430,Feta Cheese,Dairy,35-042-9391,Rhynyx,98,77,7,$7.00 ,60356 Derek Lane,Discontinued
48-461-3742,Kiwi,Fruits & Vegetables,78-381-5054,Zooveo,37,8,50,$6.00 ,42719 Milwaukee Avenue,Discontinued
16-354-8122,Digestive Biscuit,Bakery,61-604-8116,BlogXS,97,99,96,$4.00 ,66 Raven Pass,Backordered
76-954-1442,Arabica Coffee,Beverages,68-200-8955,Mynte,97,77,99,$20.00 ,43024 Elka Avenue,Backordered
44-476-0390,Lemon,Fruits & Vegetables,48-562-3582,Flashspan,90,92,56,$2.50 ,022 Pierstorff Point,Active
35-617-3857,Arabica Coffee,Beverages,90-718-2724,Youspan,46,31,89,$20.00 ,292 Charing Cross Terrace,Backordered
94-029-2717,Broccoli,Fruits & Vegetables,37-878-9392,Jetpulse,40,8,98,$4.00 ,071 Nobel Circle,Discontinued
49-526-7806,Kale,Fruits & Vegetables,66-973-4855,Yodoo,77,52,28,$4.00 ,6744 Helena Pass,Active
99-137-1730,Bread Flour,Grains & Pulses,65-797-3468,Skyndu,62,79,23,$1.50 ,4105 Fair Oaks Parkway,Active
27-442-3654,Herbal Tea,Beverages,57-544-2465,Yoveo,59,17,1,$30.00 ,67677 Lakewood Gardens Way,Active
32-933-0329,Blueberries,Fruits & Vegetables,86-760-5412,Linklinks,23,38,54,$10.00 ,57150 Del Sol Alley,Active
93-813-2419,Digestive Biscuit,Bakery,12-264-4503,Dynabox,39,16,57,$4.00 ,7407 Farragut Pass,Active
85-440-3667,Gouda Cheese,Dairy,00-680-5333,Kamba,68,29,31,$7.00 ,6151 Forster Drive,Backordered
77-224-2227,Almond Flour,Grains & Pulses,89-226-5813,Eimbee,75,46,75,$9.50 ,5426 Fordem Pass,Backordered
60-632-8752,Chocolate Biscuit,Bakery,07-948-8632,Trunyx,96,16,48,$5.00 ,48 Golf View Pass,Active
99-561-4871,Haddock,Seafood,04-786-5408,Buzzdog,17,38,93,$9.00 ,952 Rowland Junction,Active
61-607-7622,Egg (Duck),Dairy,77-175-2969,Zoonoodle,23,38,25,$1.00 ,329 Helena Park,Discontinued
11-745-3025,Peach,Fruits & Vegetables,54-711-1582,Oyoloo,15,27,21,$4.00 ,3104 Ridge Oak Hill,Backordered
56-810-0550,Mackerel,Seafood,94-145-9423,Janyx,71,7,6,$7.50 ,376 Reinke Court,Backordered
59-075-2457,Egg (Goose),Dairy,18-733-2453,Dynava,97,26,15,$2.50 ,2 Barby Lane,Discontinued
40-021-2400,Zucchini,Fruits & Vegetables,62-648-2577,Katz,29,18,86,$2.50 ,265 Columbus Way,Active
29-017-6255,Bell Pepper,Fruits & Vegetables,43-348-2450,Eimbee,46,64,17,$4.60 ,20 Pennsylvania Parkway,Discontinued
92-291-7089,Cheese,Dairy,08-523-5066,Jaxspan,76,15,99,$9.50 ,9307 Kingsford Road,Discontinued
69-287-9113,Zucchini,Fruits & Vegetables,20-952-0731,Jaxspan,59,91,24,$2.50 ,11 Golden Leaf Alley,Active
76-540-6407,Orange,Fruits & Vegetables,78-644-5877,Demimbu,92,54,73,$3.10 ,77 Prairie Rose Park,Backordered
85-561-4694,Kiwi,Fruits & Vegetables,57-486-8971,Tazz,28,27,22,$6.00 ,1 Lake View Trail,Discontinued
34-928-2775,Coconut,Fruits & Vegetables,07-959-3210,Browseblab,19,47,25,$5.00 ,7945 Mayer Center,Discontinued
90-773-9557,Butter,Dairy,02-165-5779,Npath,85,28,21,$3.00 ,904 Del Mar Crossing,Active
57-394-1587,Bread Flour,Grains & Pulses,59-595-7531,Roomm,57,63,41,$1.50 ,561 Blue Bill Park Road,Discontinued
28-008-2951,Broccoli,Fruits & Vegetables,64-118-1480,Buzzster,95,29,28,$4.00 ,26 Barnett Junction,Discontinued
74-711-7160,Sushi Rice,Grains & Pulses,40-662-8853,Meembee,84,69,77,$4.50 ,44296 Kropf Avenue,Backordered
22-895-6595,Rice Flour,Grains & Pulses,18-445-5057,Topicblab,31,32,69,$2.00 ,34642 Carpenter Place,Active
19-214-5762,Pear,Fruits & Vegetables,88-108-3774,Gigashots,41,52,75,$4.50 ,7 Bonner Terrace,Backordered
95-349-0828,Feta Cheese,Dairy,43-977-2343,Avaveo,97,57,84,$7.00 ,60 Towne Hill,Active
00-963-2193,Milk,Dairy,39-521-8484,Thoughtsphere,43,88,33,$1.00 ,5030 Moose Junction,Discontinued
76-459-2392,Palm Oil,Oils & Fats,91-030-6609,Fivebridge,74,4,67,$1.80 ,2005 Mccormick Road,Backordered
10-034-7654,Bread Flour,Grains & Pulses,27-292-4656,Zava,70,96,92,$1.50 ,21 Esker Way,Backordered
24-972-6969,Cheese,Dairy,27-532-7847,Twitterbeat,69,53,32,$9.20 ,5862 Hooker Pass,Active
94-190-5193,Carrot,Fruits & Vegetables,95-778-2888,Quinu,67,68,50,$1.50 ,24385 Prentice Plaza,Discontinued
92-791-0606,Short Grain Rice,Grains & Pulses,56-050-1773,Photobean,18,62,2,$3.00 ,739 Grayhawk Trail,Discontinued
84-629-1532,Arabica Coffee,Beverages,50-378-4320,Chatterpoint,22,89,25,$21.00 ,7 Sloan Park,Discontinued
68-977-2498,Grapes,Fruits & Vegetables,26-222-1156,Skinix,88,99,41,$5.50 ,6482 Ramsey Alley,Backordered
91-257-3672,Tilapia,Seafood,30-438-6295,InnoZ,78,75,3,$7.00 ,10997 Dexter Parkway,Active
09-536-2626,Olive Oil,Oils & Fats,14-483-5712,Fliptune,83,52,32,$6.00 ,205 Straubel Court,Active
61-801-8665,Robusta Coffee,Beverages,78-283-9751,Demivee,42,88,17,$10.50 ,58 La Follette Park,Discontinued
38-296-6634,Peas,Fruits & Vegetables,41-083-3955,Skipfire,49,46,8,$3.00 ,160 Kings Street,Discontinued
30-591-7275,Brown Rice,Grains & Pulses,12-431-9207,Oyondu,17,88,41,$2.50 ,7020 Porter Trail,Backordered
83-763-5038,Buttermilk,Dairy,26-438-8349,Jatri,52,64,54,$2.40 ,5 Armistice Parkway,Backordered
37-709-3532,Mushrooms,Fruits & Vegetables,08-439-3820,Demivee,79,45,39,$6.00 ,524 Saint Paul Park,Backordered
62-795-7801,Palm Oil,Oils & Fats,08-312-0872,Buzzshare,35,41,84,$1.80 ,94451 Arkansas Park,Backordered
98-575-4736,Cucumber,Fruits & Vegetables,44-429-6199,Flashset,76,11,15,$1.80 ,83 Pleasure Street,Active
57-861-4379,Swiss Cheese,Dairy,73-383-4390,Feedmix,93,8,51,$8.00 ,64407 Marcy Plaza,Backordered
00-119-8780,Halibut,Seafood,14-703-2550,Jaxspan,40,81,78,$20.00 ,21 Sunbrook Court,Backordered
28-824-9017,Trout,Seafood,93-712-3934,Flipbug,19,94,17,$11.50 ,4 Jay Terrace,Discontinued
56-668-5370,Vegetable Oil,Oils & Fats,13-526-1392,Vimbo,70,96,21,$2.00 ,05686 Golden Leaf Point,Discontinued
29-756-7042,Digestive Biscuit,Bakery,20-426-2191,Dabvine,90,52,50,$4.00 ,99 Fair Oaks Circle,Discontinued
41-538-3129,Digestive Biscuit,Bakery,91-589-9007,Devshare,77,79,65,$4.00 ,2 Carioca Crossing,Backordered
16-380-0753,Apricot,Fruits & Vegetables,24-603-5521,Quinu,38,22,71,$5.00 ,701 Logan Court,Active
26-535-4727,Tilapia,Seafood,17-939-1338,Jamia,93,25,23,$7.00 ,4 Darwin Circle,Backordered
59-857-6577,Evaporated Milk,Dairy,57-569-7172,Blognation,23,100,77,$2.00 ,230 Tony Court,Discontinued
14-550-2152,Green Tea,Beverages,60-003-2919,Livepath,51,1,61,$7.60 ,3 Forster Point,Active
39-315-3936,Heavy Cream,Dairy,99-034-7010,Yata,57,62,72,$4.00 ,850 Glacier Hill Drive,Backordered
87-199-2743,Papaya,Fruits & Vegetables,54-907-6531,Demivee,59,74,100,$4.50 ,38695 Kenwood Circle,Active
60-771-0879,Blueberries,Fruits & Vegetables,90-554-0576,Kayveo,89,15,22,$10.00 ,9 Karstens Center,Discontinued
00-440-9568,Blueberries,Fruits & Vegetables,43-605-2448,Kamba,53,98,25,$10.00 ,052 Northland Trail,Active
07-074-1196,Plum,Fruits & Vegetables,69-112-6969,Skajo,11,56,62,$3.90 ,27 New Castle Avenue,Backordered
69-674-5387,Yogurt,Dairy,04-313-0298,Miboo,59,27,63,$1.75 ,6211 Hanson Terrace,Discontinued
08-940-8578,Onion,Fruits & Vegetables,37-686-1726,Oba,34,29,65,$2.00 ,74 Menomonie Point,Discontinued
94-020-6982,Tuna,Seafood,72-649-3163,Thoughtstorm,25,75,27,$18.00 ,381 Rutledge Place,Active
42-879-9478,Anchovies,Seafood,00-900-0119,Zoonder,81,22,20,$10.00 ,86 Porter Junction,Discontinued
00-405-7428,Apple,Fruits & Vegetables,42-746-2717,Zava,81,74,45,$3.50 ,42 Mallory Court,Discontinued
87-997-0228,Watermelon,Fruits & Vegetables,55-156-6528,Topicblab,71,4,37,$3.00 ,26240 Maple Wood Place,Discontinued
05-498-7751,Cauliflower,Fruits & Vegetables,17-963-6051,Abata,52,22,37,$2.50 ,30408 5th Way,Active
55-631-7937,Greek Yogurt,Dairy,79-508-5241,Avamba,26,54,90,$3.00 ,82 Drewry Junction,Active
27-389-3529,Haddock,Seafood,73-201-2803,Feedfish,84,8,54,$9.00 ,234 Eagle Crest Avenue,Active
84-272-0790,Blueberries,Fruits & Vegetables,00-635-4638,Eidel,28,86,44,$10.00 ,53 Caliangt Junction,Backordered
01-903-5373,Strawberries,Fruits & Vegetables,37-902-0286,Lazz,94,77,89,$6.00 ,32525 Marquette Park,Discontinued
49-311-3063,Kiwi,Fruits & Vegetables,15-947-9718,Talane,47,75,53,$6.00 ,71 Bultman Drive,Discontinued
04-277-5245,Coconut Sugar,Grains & Pulses,90-175-7764,Bubblebox,20,51,21,$5.00 ,911 Ridgeway Way,Backordered
04-453-5485,Tomato,Fruits & Vegetables,43-880-2879,Quatz,84,20,58,$2.50 ,2 Sunbrook Lane,Backordered
42-141-5718,Cheese,Dairy,67-662-3444,Mydeo,100,31,43,$9.00 ,1700 Briar Crest Parkway,Backordered
89-602-6755,Milk,Dairy,51-054-3811,BlogXS,74,90,26,$1.00 ,4 Bashford Court,Discontinued
15-045-8444,Green Coffee,Beverages,29-143-2001,Aibox,27,12,93,$12.00 ,97 Thierer Terrace,Discontinued
15-240-6267,Eggplant,Fruits & Vegetables,12-983-3026,Mybuzz,91,55,94,$3.00 ,25784 Old Gate Crossing,Active
05-193-8096,Grapes,Fruits & Vegetables,86-709-5618,Rhynoodle,82,21,85,$5.50 ,38 Rutledge Plaza,Backordered
93-342-8794,Bread Flour,Grains & Pulses,93-688-1260,Realblab,84,91,86,$1.50 ,39102 Division Trail,Backordered
83-716-2177,Halibut,Seafood,79-518-8344,Linktype,18,46,26,$20.00 ,26266 Esker Point,Backordered
56-635-6764,Sourdough Bread,Bakery,20-257-6927,Avamba,12,59,62,$4.50 ,744 Green Center,Backordered
10-249-7928,Black Rice,Grains & Pulses,69-861-0313,Voomm,85,4,75,$6.50 ,57598 Russell Center,Backordered
65-759-3721,Butter Biscuit,Bakery,21-634-5781,Vipe,33,60,67,$6.00 ,315 Acker Alley,Discontinued
08-725-8156,Tilapia,Seafood,32-196-4714,Flipopia,59,59,10,$7.00 ,73397 Steensland Circle,Active
15-679-3935,Grapes,Fruits & Vegetables,35-906-1010,Jabbersphere,22,69,87,$5.50 ,95 Garrison Plaza,Backordered
81-578-7404,Gouda Cheese,Dairy,90-177-6733,Rhyloo,67,79,98,$7.00 ,5989 Longview Drive,Active
82-380-5378,Cheese,Dairy,96-353-3049,Oozz,78,24,31,$9.00 ,05518 Saint Paul Street,Active
78-362-8578,Lemon,Fruits & Vegetables,57-633-6273,Vimbo,72,32,80,$2.45 ,86 Corben Crossing,Backordered
32-261-0008,Heavy Cream,Dairy,26-073-5798,Oyoyo,63,48,22,$4.00 ,2 Kingsford Center,Discontinued
74-943-9034,White Bread,Bakery,15-739-5480,Tagfeed,30,91,34,$2.50 ,0 Saint Paul Center,Active
86-330-0214,Arabica Coffee,Beverages,87-840-7803,Jayo,36,64,63,$20.00 ,5818 Twin Pines Place,Backordered
80-334-0215,Grapes,Fruits & Vegetables,19-156-3869,Camimbo,88,27,92,$5.50 ,611 Waubesa Circle,Discontinued
48-957-8596,Banana,Fruits & Vegetables,40-817-2222,Youfeed,95,25,91,$53.82 ,3825 Raven Avenue,Discontinued
37-246-0018,Broccoli,Fruits & Vegetables,61-907-0994,Skilith,30,59,76,$4.00 ,52 Alpine Crossing,Discontinued
17-002-4721,Green Beans,Fruits & Vegetables,38-310-4533,Omba,31,55,5,$2.00 ,379 Duke Court,Active
47-802-5023,Cod,Seafood,51-010-8144,Buzzster,16,20,45,$8.00 ,7096 Mcguire Park,Active
22-319-1377,White Sugar,Grains & Pulses,82-266-1796,Skyba,14,16,93,$2.00 ,083 Gulseth Pass,Active
57-903-6434,Tomato,Fruits & Vegetables,30-460-3122,Shuffledrive,44,67,15,$2.50 ,34 Linden Court,Active
22-083-3347,Long Grain Rice,Grains & Pulses,01-431-7544,Yodoo,69,82,58,$1.50 ,38 Superior Road,Discontinued
65-145-9672,Long Grain Rice,Grains & Pulses,65-068-1200,Gigashots,71,10,49,$1.50 ,8 Dovetail Junction,Active
95-252-9619,Carrot,Fruits & Vegetables,38-819-2922,Skynoodle,92,39,50,$1.60 ,57453 Northwestern Alley,Backordered
74-294-3760,Peanut Oil,Oils & Fats,81-233-6894,Babblestorm,49,17,54,$4.00 ,0109 Stang Terrace,Discontinued
06-797-4963,Pomegranate,Fruits & Vegetables,41-821-0197,Innojam,52,8,37,$6.00 ,1008 Welch Street,Active
39-768-8205,Egg (Turkey),Dairy,07-987-4536,Gigabox,56,97,29,$2.50 ,32 Rigney Terrace,Backordered
03-043-9933,Strawberries,Fruits & Vegetables,48-450-4126,Yombu,16,23,76,$6.10 ,884 Fieldstone Plaza,Backordered
29-823-6004,Zucchini,Fruits & Vegetables,10-295-7996,Trudeo,52,79,87,$2.50 ,3 Lawn Park,Discontinued
40-462-2952,Trout,Seafood,57-323-8059,Browsezoom,91,68,80,$11.50 ,0258 Shoshone Center,Backordered
71-999-2404,Mango,Fruits & Vegetables,01-285-0018,Meezzy,58,58,28,$4.70 ,18 Warrior Circle,Active
03-919-9890,Halibut,Seafood,69-289-8783,Wikibox,47,29,70,$20.00 ,7 Riverside Road,Active
94-525-6925,Rye Bread,Bakery,31-892-6816,Kwilith,50,56,63,$3.00 ,667 Arkansas Circle,Discontinued
08-213-2058,Sour Cream,Dairy,13-179-9553,Babblestorm,43,73,14,$4.00 ,33 Clarendon Hill,Active
51-312-8608,Cheddar Cheese,Dairy,06-315-0552,Jabbersphere,68,60,21,$8.90 ,406 Westridge Alley,Active
67-512-9754,Egg (Turkey),Dairy,35-941-2585,DabZ,19,100,83,$2.50 ,69 Orin Plaza,Discontinued
45-402-0421,Swiss Cheese,Dairy,87-201-6047,Quinu,70,84,72,$8.00 ,36 Longview Street,Active
85-207-4164,Eggplant,Fruits & Vegetables,07-067-3439,Tanoodle,97,20,72,$3.00 ,41 Comanche Park,Backordered
72-780-6006,Sunflower Oil,Oils & Fats,81-292-4650,Voolith,87,24,19,$2.50 ,88721 Dawn Crossing,Discontinued
93-166-3169,White Tea,Beverages,21-156-0102,Viva,58,81,66,$25.00 ,339 Crescent Oaks Plaza,Active
21-718-6746,Coconut,Fruits & Vegetables,96-012-3393,Eamia,16,53,12,$5.00 ,277 Pawling Terrace,Discontinued
93-966-7754,Pineapple,Fruits & Vegetables,78-787-7171,Quinu,65,35,3,$3.50 ,4 4th Place,Active
47-663-5703,Basmati Rice,Grains & Pulses,52-062-2916,Kanoodle,15,49,40,$4.50 ,6500 Raven Drive,Discontinued
34-110-1040,Bell Pepper,Fruits & Vegetables,14-427-6604,Leenti,75,85,27,$4.50 ,42397 Knutson Place,Discontinued
82-342-7339,Vanilla Biscuit,Bakery,14-325-9173,Yozio,80,61,23,$5.50 ,317 Anniversary Pass,Backordered
43-670-8544,Orange,Fruits & Vegetables,16-656-4821,Camido,84,95,22,$2.85 ,3 Logan Trail,Discontinued
12-439-8428,Eggplant,Fruits & Vegetables,43-542-6868,Ainyx,17,3,33,$3.00 ,6 Rusk Pass,Backordered
49-919-8798,Evaporated Milk,Dairy,82-482-3670,Gigabox,64,31,91,$1.90 ,3 Dottie Junction,Discontinued
73-567-6194,Whipped Cream,Dairy,81-927-7236,Yakitri,76,81,85,$4.00 ,069 Basil Center,Active
83-573-4586,Sesame Oil,Oils & Fats,91-191-2324,Thoughtbeat,77,95,82,$6.50 ,84575 Randy Point,Backordered
12-798-9401,Cream,Dairy,96-609-6152,Thoughtblab,18,14,77,$2.50 ,5 Forster Point,Backordered
02-895-7781,Coconut Sugar,Grains & Pulses,23-109-2205,Tagchat,51,55,76,$5.00 ,2582 Autumn Leaf Park,Discontinued
83-625-3618,Asparagus,Fruits & Vegetables,64-528-9996,Realmix,68,12,73,$5.00 ,2696 Katie Road,Backordered
89-181-4523,Wild Rice,Grains & Pulses,54-749-3622,Devbug,46,6,64,$10.00 ,022 Prairie Rose Drive,Discontinued
95-354-8583,Long Grain Rice,Grains & Pulses,02-057-9401,Meevee,98,40,93,$1.50 ,848 Mariners Cove Junction,Active
90-303-1821,Onion,Fruits & Vegetables,96-786-0667,Edgewire,50,20,74,$2.00 ,6435 Burning Wood Drive,Backordered
71-631-5875,Salmon,Seafood,91-859-1733,Feedfish,88,83,42,$15.00 ,13 Loomis Alley,Discontinued
02-275-6061,Potato,Fruits & Vegetables,21-829-0398,Edgewire,26,16,69,$1.20 ,6891 Mandrake Park,Discontinued
04-001-1793,Green Coffee,Beverages,29-359-0109,Oozz,43,38,63,$12.00 ,0 Stoughton Terrace,Backordered
47-749-3277,Powdered Sugar,Grains & Pulses,96-551-3929,Devbug,46,20,30,$2.50 ,502 Sachs Circle,Backordered
37-666-3902,Cauliflower,Fruits & Vegetables,58-536-6583,Meevee,19,73,60,$2.45 ,85276 Lakewood Gardens Alley,Backordered
73-942-0508,Kale,Fruits & Vegetables,37-057-3553,Brightbean,61,100,94,$4.00 ,1034 2nd Point,Backordered
57-359-3397,Garlic,Fruits & Vegetables,54-659-1177,Twiyo,43,40,30,$7.00 ,81071 West Alley,Active
46-436-5351,Green Tea,Beverages,07-471-0050,Fiveclub,80,54,21,$8.50 ,226 Calypso Road,Active
27-881-1177,Green Tea,Beverages,64-807-5250,Skalith,34,47,99,$8.00 ,1223 Monument Drive,Backordered
85-237-3505,Green Tea,Beverages,92-296-1266,Thoughtsphere,88,50,88,$8.00 ,20073 Northfield Way,Discontinued
80-371-3695,Cottage Cheese,Dairy,42-254-7371,Divape,89,42,76,$5.00 ,163 Esch Pass,Backordered
04-758-0410,Wild Rice,Grains & Pulses,56-231-2524,Wordpedia,26,21,47,$10.00 ,5 Toban Circle,Discontinued
65-644-1394,Pear,Fruits & Vegetables,23-280-1300,Lazz,26,95,36,$4.50 ,582 Dahle Center,Active
04-293-6969,Peach,Fruits & Vegetables,69-087-6645,Linktype,37,38,24,$4.00 ,0 Oak Valley Lane,Active
40-997-2786,Yogurt,Dairy,18-743-4684,Browsecat,76,98,41,$1.75 ,5551 Mallory Lane,Backordered
91-553-1774,Feta Cheese,Dairy,74-943-4552,Demivee,80,43,80,$7.00 ,84 Washington Crossing,Active
13-980-8804,Sweet Potato,Fruits & Vegetables,20-608-1290,Photospace,100,3,32,$2.00 ,41 Nelson Center,Backordered
19-672-8982,Butter,Dairy,50-214-3802,Meembee,21,87,67,$3.10 ,285 East Plaza,Discontinued
35-299-0889,Coconut Oil,Oils & Fats,16-776-9987,Gevee,33,78,79,$5.00 ,95 Packers Lane,Discontinued
17-022-9721,Apple,Fruits & Vegetables,59-629-0798,Chatterpoint,43,63,99,$3.50 ,39 Dahle Alley,Discontinued
22-849-2551,Mushrooms,Fruits & Vegetables,14-231-9135,Izio,34,1,79,$6.20 ,81533 John Wall Court,Discontinued
53-050-8242,Mackerel,Seafood,31-163-5871,Yodoo,82,25,94,$7.50 ,9 Cordelia Trail,Backordered
88-183-5781,Whole Wheat Bread,Bakery,49-247-1217,Lazz,17,63,3,$3.50 ,46 Delaware Place,Backordered
09-101-1740,Sushi Rice,Grains & Pulses,63-836-1262,Talane,36,81,54,$4.75 ,96629 Nova Plaza,Discontinued
98-445-7372,Cod,Seafood,71-676-6562,Roombo,65,79,52,$8.00 ,8531 Manley Court,Discontinued
29-875-6900,Papaya,Fruits & Vegetables,78-098-4468,Avaveo,45,28,6,$4.50 ,2 Sachtjen Park,Discontinued
27-757-4489,Egg (Goose),Dairy,04-456-0715,Abatz,35,78,68,$2.50 ,27535 Morrow Avenue,Discontinued
51-069-0489,Bread Flour,Grains & Pulses,19-978-0708,Oloo,96,83,50,$1.50 ,3 Anthes Place,Discontinued
20-325-1965,Coconut,Fruits & Vegetables,97-155-1262,Katz,56,75,13,$5.00 ,78884 Union Street,Backordered
76-090-4411,Ricotta Cheese,Dairy,82-552-6786,Shufflester,49,94,18,$6.00 ,15 Loomis Avenue,Active
01-703-8441,Raw Sugar,Grains & Pulses,91-216-7668,Cogilith,100,10,89,$1.50 ,4029 Lotheville Pass,Backordered
09-622-7119,Haddock,Seafood,59-781-3399,Youtags,30,81,99,$9.00 ,665 Sommers Circle,Backordered
45-172-7012,Papaya,Fruits & Vegetables,95-721-9228,Brightbean,20,91,12,$4.50 ,11 Kedzie Avenue,Active
06-849-4869,Sesame Oil,Oils & Fats,39-464-7300,Rhycero,85,15,16,$6.50 ,041 Paget Alley,Discontinued
30-996-2526,Green Beans,Fruits & Vegetables,30-942-0054,Izio,86,90,39,$2.10 ,77 Monterey Avenue,Active
71-074-6292,Sourdough Bread,Bakery,42-201-4495,Plajo,65,79,49,$4.00 ,338 Annamark Court,Discontinued
98-909-9395,Cottage Cheese,Dairy,74-119-5491,Feedfire,67,98,92,$5.00 ,43 Heath Street,Backordered
61-796-6540,Ricotta Cheese,Dairy,40-002-8400,Fliptune,88,4,79,$6.00 ,126 Spohn Plaza,Discontinued
41-735-9837,Robusta Coffee,Beverages,35-462-7569,Devpulse,14,77,78,$10.00 ,2374 Chive Court,Discontinued
60-343-3288,Tilapia,Seafood,22-940-6543,Vipe,85,92,66,$6.70 ,6 Hanover Terrace,Backordered
27-783-5470,Feta Cheese,Dairy,45-997-6429,Thoughtstorm,74,65,5,$7.00 ,6 Tony Junction,Discontinued
60-456-8169,Cheddar Cheese,Dairy,54-529-4459,Oyoba,21,28,72,$9.00 ,710 Service Park,Backordered
99-420-3592,Butter Biscuit,Bakery,88-647-5082,Quatz,22,24,94,$6.00 ,206 Pine View Junction,Active
35-836-6718,Ricotta Cheese,Dairy,27-838-4345,Thoughtblab,91,14,99,$6.00 ,05 Canary Circle,Backordered
51-273-4240,Multigrain Bread,Bakery,32-506-0556,Devpulse,85,57,25,$3.50 ,7 Prairieview Place,Discontinued
38-924-3007,Peas,Fruits & Vegetables,83-936-5065,Photolist,12,28,11,$3.00 ,6 Anthes Court,Backordered
52-123-8039,Pomegranate,Fruits & Vegetables,24-087-5935,Browsebug,43,65,66,$6.00 ,7 Schiller Court,Backordered
34-131-8805,Yogurt,Dairy,84-472-8001,Eimbee,92,92,28,$1.75 ,44249 Sutteridge Crossing,Discontinued
28-505-8317,Watermelon,Fruits & Vegetables,61-755-4469,Digitube,23,85,94,$3.00 ,848 Old Gate Parkway,Backordered
41-594-5069,Egg (Duck),Dairy,45-471-5053,Blogtags,77,1,41,$1.00 ,9 Clemons Hill,Discontinued
94-658-4945,Sweet Potato,Fruits & Vegetables,09-153-0763,Skibox,65,10,81,$2.00 ,15 Veith Circle,Backordered
69-561-2496,Banana,Fruits & Vegetables,38-790-7081,Skinix,82,29,62,$15.31 ,154 Delladonna Hill,Backordered
98-858-6323,Swiss Cheese,Dairy,79-086-1717,Janyx,20,17,71,$8.00 ,80729 Homewood Plaza,Active
92-995-8689,Cheddar Cheese,Dairy,18-682-7828,Wordify,31,65,94,$9.00 ,1 Merchant Circle,Backordered
43-164-5984,Butter,Dairy,10-008-6747,Shuffletag,36,75,35,$2.90 ,70862 Lighthouse Bay Junction,Discontinued
58-122-2282,Black Tea,Beverages,55-773-9118,Ozu,59,20,17,$5.00 ,96 American Ash Center,Discontinued
84-269-9130,Long Grain Rice,Grains & Pulses,88-615-2915,Flashspan,11,10,80,$1.50 ,49263 Graceland Pass,Discontinued
11-922-3342,Black Coffee,Beverages,33-523-9077,Gabspot,24,77,32,$15.50 ,094 Carberry Lane,Discontinued
60-550-4771,Haddock,Seafood,24-568-9517,Kwimbee,75,80,87,$9.00 ,1 Monica Lane,Backordered
88-951-9038,Black Coffee,Beverages,14-713-5795,Youfeed,11,72,5,$15.00 ,5 Anderson Trail,Active
08-114-3922,Anchovies,Seafood,19-418-7213,Camido,60,64,36,$10.00 ,709 Vidon Avenue,Discontinued
70-145-2550,Lemon,Fruits & Vegetables,75-849-4524,Yata,91,6,37,$2.40 ,5141 Anniversary Crossing,Backordered
51-761-6320,Egg (Goose),Dairy,28-461-1136,Youopia,43,78,85,$2.50 ,587 Vermont Terrace,Backordered
55-803-3964,Bread Flour,Grains & Pulses,75-906-1086,Demizz,25,60,36,$1.50 ,149 Valley Edge Point,Backordered
11-815-7923,Parmesan Cheese,Dairy,98-304-8407,Rhyloo,96,9,57,$11.80 ,89 Springs Alley,Active
83-966-3280,Mackerel,Seafood,50-305-3936,Twitterworks,30,29,70,$7.50 ,0743 4th Place,Backordered
29-592-7315,Arborio Rice,Grains & Pulses,61-867-3019,Dabtype,56,4,74,$4.50 ,21625 Schlimgen Park,Active
65-235-7676,Whole Wheat Bread,Bakery,22-083-3504,Quire,91,71,17,$3.50 ,31208 Westerfield Way,Active
40-683-0283,White Sugar,Grains & Pulses,27-060-9944,Topicshots,27,64,78,$2.00 ,322 Birchwood Center,Active
83-553-9523,Buttermilk,Dairy,89-976-4338,Zoombox,28,90,70,$2.45 ,84336 Haas Place,Active
40-793-7235,Sour Cream,Dairy,89-048-3542,Chatterbridge,92,67,51,$4.00 ,68086 Crowley Circle,Discontinued
74-666-5671,Tuna,Seafood,58-657-7257,Youspan,37,33,80,$18.00 ,11263 Kipling Hill,Backordered
90-865-9150,Powdered Sugar,Grains & Pulses,58-053-4926,Kazu,28,24,97,$2.50 ,00029 Fisk Point,Discontinued
46-255-3073,Tilapia,Seafood,68-230-9130,Vinder,30,42,8,$7.00 ,57 Eastwood Junction,Active
11-155-7826,Arabica Coffee,Beverages,91-788-3177,Feedfire,98,83,5,$20.00 ,321 Barby Parkway,Active
99-543-5039,Lemon,Fruits & Vegetables,63-683-7396,Livetube,65,88,20,$2.50 ,71796 Waubesa Terrace,Backordered
99-033-5661,Rice Flour,Grains & Pulses,32-458-6452,Zava,42,3,21,$2.00 ,289 Longview Point,Active
28-608-0039,Lemon,Fruits & Vegetables,26-796-0872,Avavee,63,60,54,$2.50 ,31057 Roth Place,Backordered
35-529-2933,Broccoli,Fruits & Vegetables,57-591-6452,Jabbersphere,85,54,18,$4.00 ,2 School Drive,Discontinued
83-321-7887,Egg (Duck),Dairy,70-444-9176,Yombu,44,75,72,$1.00 ,35598 Fuller Terrace,Discontinued
43-910-2342,Plum,Fruits & Vegetables,06-569-4690,Feedspan,26,69,90,$4.00 ,46758 Hallows Center,Active
21-633-8696,Coconut Sugar,Grains & Pulses,89-468-2696,Topiclounge,49,59,73,$5.00 ,08492 Gateway Terrace,Discontinued
76-401-7083,Pomegranate,Fruits & Vegetables,29-156-0691,Meeveo,59,79,87,$6.00 ,31892 Pennsylvania Street,Active
92-551-8504,Raw Sugar,Grains & Pulses,22-836-5101,Livepath,19,81,33,$1.50 ,461 Bluejay Circle,Backordered
76-264-0748,Eggplant,Fruits & Vegetables,27-557-2375,Roombo,47,41,63,$3.00 ,55 Morning Terrace,Active
88-586-8797,Grapes,Fruits & Vegetables,02-530-5932,Edgewire,98,62,97,$5.50 ,9469 Bayside Plaza,Active
21-993-5632,Watermelon,Fruits & Vegetables,26-860-4618,Innotype,51,72,85,$3.00 ,16730 Luster Alley,Active
27-681-5588,Anchovies,Seafood,89-959-2254,Flipopia,100,99,8,$10.00 ,498 Delladonna Drive,Discontinued
23-265-8144,Yogurt,Dairy,31-524-1628,Jaxnation,55,50,56,$1.70 ,14042 Dottie Avenue,Backordered
26-134-9069,Whipped Cream,Dairy,80-068-0825,Devcast,14,87,8,$4.00 ,4929 Westend Point,Active
76-623-7844,Egg (Quail),Dairy,84-498-3849,Vinte,29,33,88,$0.80 ,868 Swallow Point,Discontinued
88-977-0175,Chocolate Biscuit,Bakery,58-087-3463,Yodo,100,1,26,$5.00 ,7561 5th Terrace,Active
12-714-5135,Ricotta Cheese,Dairy,97-055-2756,Janyx,49,28,74,$6.00 ,2003 Delladonna Pass,Discontinued
43-153-8268,Vegetable Oil,Oils & Fats,19-809-5654,Abata,75,61,19,$2.00 ,29815 Bonner Trail,Backordered
95-130-9020,Heavy Cream,Dairy,75-985-6744,Youbridge,82,12,94,$4.10 ,2 Canary Street,Active
82-678-8097,Cottage Cheese,Dairy,65-403-0311,Feedmix,68,82,58,$4.80 ,6172 Hovde Circle,Backordered
21-693-8216,Corn Oil,Oils & Fats,62-599-8388,Twinte,70,96,85,$2.50 ,32468 Utah Pass,Active
56-831-6199,Salmon,Seafood,99-680-2351,Innojam,49,48,62,$15.00 ,1247 Hoard Hill,Active
81-268-5905,Mackerel,Seafood,36-138-9045,Kazio,89,26,36,$7.50 ,85953 Clyde Gallagher Drive,Active
41-237-5498,Cheese,Dairy,38-643-1626,Omba,88,53,44,$9.00 ,29817 Coleman Drive,Discontinued
32-987-5559,Green Tea,Beverages,01-665-0053,Zoovu,39,88,100,$8.00 ,7 Hallows Alley,Backordered
71-436-5841,Cauliflower,Fruits & Vegetables,87-546-9674,Dynabox,87,91,94,$2.50 ,52 Victoria Plaza,Discontinued
63-890-1246,Oatmeal Biscuit,Bakery,29-273-1595,Vidoo,93,50,43,$5.00 ,3 Melrose Trail,Discontinued
65-368-2479,Egg (Turkey),Dairy,99-570-8162,Browsedrive,23,21,59,$2.40 ,231 Merry Pass,Active
74-562-7431,Vanilla Biscuit,Bakery,66-174-9633,Linkbridge,94,34,21,$5.50 ,79 Ronald Regan Avenue,Backordered
51-583-6029,Digestive Biscuit,Bakery,78-024-3286,Kanoodle,38,43,91,$4.00 ,83894 Delaware Plaza,Active
06-996-3221,Evaporated Milk,Dairy,97-821-7402,Buzzshare,11,9,65,$2.00 ,579 Schlimgen Alley,Discontinued
96-334-2593,White Tea,Beverages,64-831-3071,Rhycero,60,27,58,$25.30 ,9559 Muir Trail,Active
58-219-0241,Avocado Oil,Oils & Fats,42-523-1857,Twitterwire,50,36,81,$10.00 ,938 Garrison Court,Discontinued
87-272-6544,Egg (Goose),Dairy,93-699-8001,Skalith,90,3,49,$2.50 ,4 Nelson Alley,Discontinued
95-357-2870,Arborio Rice,Grains & Pulses,75-365-7696,Talane,86,80,80,$4.50 ,87 Corben Street,Discontinued
88-401-3700,Cauliflower,Fruits & Vegetables,39-299-6093,Jabberstorm,86,66,24,$2.50 ,39014 Randy Court,Discontinued
72-404-5581,Almond Flour,Grains & Pulses,18-065-8014,Pixonyx,54,17,90,$9.50 ,879 Amoth Terrace,Active
11-766-8738,Watermelon,Fruits & Vegetables,96-393-1428,Jabbersphere,27,64,43,$3.00 ,20 Nelson Way,Discontinued
15-796-3130,Rye Bread,Bakery,45-912-2948,Kwilith,50,58,78,$3.00 ,85 Lunder Court,Active
73-751-4393,Onion,Fruits & Vegetables,14-486-5626,Skyndu,68,10,29,$2.00 ,03 Roth Court,Discontinued
62-100-2245,Sourdough Bread,Bakery,18-110-8314,Meevee,22,60,73,$4.20 ,56830 Fremont Road,Backordered
08-961-3009,Cheese,Dairy,41-825-5869,Eimbee,50,14,6,$9.20 ,01 Gateway Plaza,Backordered
33-440-2588,Bell Pepper,Fruits & Vegetables,68-596-5506,Tagpad,26,12,43,$4.40 ,4 6th Plaza,Backordered
24-009-1208,White Tea,Beverages,96-405-4286,Aivee,62,31,24,$25.00 ,99 Duke Lane,Backordered
71-300-2191,Broccoli,Fruits & Vegetables,98-677-4279,Yamia,79,72,6,$4.00 ,7 Heffernan Drive,Active
74-430-8245,Peach,Fruits & Vegetables,51-213-5660,Ainyx,73,90,77,$4.00 ,7 Roxbury Circle,Backordered
68-636-4774,Carrot,Fruits & Vegetables,40-436-0171,Gevee,18,50,77,$1.45 ,7744 Oxford Pass,Active
38-655-2312,Kale,Fruits & Vegetables,91-127-7174,Dabshots,79,74,87,$4.00 ,17 Reinke Circle,Backordered
16-632-1308,Arabica Coffee,Beverages,45-903-0036,Voonyx,23,13,15,$20.00 ,60094 Goodland Junction,Backordered
37-606-0510,Milk,Dairy,09-489-6314,Jabbercube,18,64,86,$1.00 ,53 Homewood Alley,Active
36-296-9609,Sunflower Oil,Oils & Fats,46-041-1131,Photofeed,24,35,14,$2.50 ,7 Rutledge Pass,Backordered
22-329-7791,Watermelon,Fruits & Vegetables,72-013-2438,Eidel,53,41,30,$3.00 ,50687 Porter Park,Discontinued
56-894-3733,Yogurt,Dairy,57-133-8386,Skinte,85,83,13,$1.75 ,897 Independence Circle,Backordered
06-858-5680,Sesame Oil,Oils & Fats,63-231-2829,Miboo,15,34,57,$6.50 ,49476 Tony Hill,Discontinued
71-954-4501,Anchovies,Seafood,26-135-6134,Quatz,66,49,41,$10.00 ,290 Rusk Avenue,Discontinued
12-046-2988,Corn Oil,Oils & Fats,37-630-2250,Youbridge,17,63,66,$2.50 ,931 Browning Center,Backordered
95-356-1566,Grapes,Fruits & Vegetables,57-204-2098,Rhynyx,13,61,77,$5.50 ,622 Buena Vista Trail,Backordered
34-291-4939,Digestive Biscuit,Bakery,39-284-1614,Eimbee,34,49,27,$4.00 ,983 Sommers Circle,Discontinued
35-621-2546,Swiss Cheese,Dairy,14-190-2260,Skiptube,85,89,41,$8.00 ,3 Fairfield Center,Discontinued
21-013-3508,Cabbage,Fruits & Vegetables,64-489-8494,Meevee,12,95,49,$1.00 ,84305 Fair Oaks Plaza,Backordered
38-049-9319,Oatmeal Biscuit,Bakery,90-447-5123,Trunyx,82,6,53,$5.00 ,6 Lillian Junction,Active
94-697-2396,Sourdough Bread,Bakery,34-161-7429,Zoomlounge,71,97,44,$4.00 ,44 Thompson Terrace,Discontinued
33-807-7247,Mozzarella Cheese,Dairy,94-453-3755,Blogspan,58,17,26,$7.00 ,63464 Jana Court,Backordered
62-816-8794,Rice Flour,Grains & Pulses,56-110-5754,Photobug,15,76,81,$2.00 ,04 Blaine Lane,Backordered
33-507-9886,Pineapple,Fruits & Vegetables,11-445-3951,Quinu,68,25,16,$3.50 ,0584 Lindbergh Alley,Active
40-003-7322,White Sugar,Grains & Pulses,41-644-3129,Wordtune,13,32,79,$2.00 ,2693 6th Court,Discontinued
95-090-2788,Sesame Oil,Oils & Fats,95-715-6047,Dabtype,45,7,58,$6.50 ,0313 Rockefeller Street,Discontinued
06-503-5891,Egg (Goose),Dairy,19-098-2529,Babblestorm,40,22,74,$2.45 ,49646 Derek Lane,Backordered
38-555-9147,Black Coffee,Beverages,35-370-7603,Aimbu,62,23,25,$15.50 ,0 Oneill Hill,Discontinued
64-854-8664,Peanut Oil,Oils & Fats,19-893-7698,Pixoboo,79,3,36,$4.00 ,76 Independence Drive,Discontinued
50-942-2409,Peas,Fruits & Vegetables,69-472-4067,Meedoo,75,91,68,$3.00 ,7182 Summit Court,Backordered
17-493-4579,Almond Flour,Grains & Pulses,67-541-7091,Trudoo,76,8,2,$9.50 ,4627 Amoth Circle,Active
10-854-5467,Canola Oil,Oils & Fats,40-443-3362,Realcube,96,51,40,$2.30 ,3 Oakridge Parkway,Discontinued
11-604-6002,Canola Oil,Oils & Fats,50-862-4552,Kimia,69,17,27,$2.30 ,17640 Cottonwood Place,Backordered
44-305-1866,Butter,Dairy,25-190-3172,Jayo,48,71,86,$3.00 ,51205 Rieder Junction,Discontinued
49-730-0159,Cream,Dairy,62-766-8232,Riffpedia,82,3,82,$2.40 ,09189 2nd Drive,Active
70-534-7796,Zucchini,Fruits & Vegetables,62-044-8874,Babblestorm,43,21,31,$2.50 ,76106 Anthes Junction,Backordered
95-738-4658,Green Coffee,Beverages,67-404-3362,Skyndu,90,68,74,$12.00 ,35 Golf Course Alley,Backordered
20-405-4865,Milk,Dairy,16-019-7101,Centimia,13,39,98,$0.90 ,36483 Burning Wood Pass,Backordered
79-428-8753,Cabbage,Fruits & Vegetables,29-521-7910,Skivee,62,79,95,$1.00 ,9 Holmberg Circle,Active
10-626-8536,Coconut Sugar,Grains & Pulses,23-274-3305,Lazz,17,85,74,$5.00 ,38583 2nd Pass,Active
27-216-9671,Sesame Oil,Oils & Fats,40-773-7065,Skilith,100,86,94,$6.50 ,4 Browning Terrace,Active
14-489-8669,All-Purpose Flour,Grains & Pulses,28-436-5158,Wikibox,54,69,68,$1.75 ,21629 Burrows Pass,Discontinued
46-632-8420,Whipped Cream,Dairy,27-996-8883,Skippad,98,24,4,$4.10 ,9 Meadow Ridge Center,Active
39-192-3521,Herbal Tea,Beverages,74-062-7176,Dynazzy,20,9,12,$30.50 ,428 Oriole Avenue,Discontinued
94-528-8088,Haddock,Seafood,68-885-5553,Zoovu,43,7,63,$9.00 ,21379 Stoughton Junction,Active
74-305-1263,Green Coffee,Beverages,83-076-5024,Photobean,29,91,48,$12.00 ,744 Lakewood Gardens Crossing,Active
53-151-5726,Grapes,Fruits & Vegetables,93-180-4005,Flipopia,37,45,62,$5.50 ,84239 Meadow Vale Trail,Backordered
02-085-7218,Cheddar Cheese,Dairy,41-978-3326,Oyonder,85,28,32,$8.90 ,2835 Schlimgen Parkway,Backordered
77-777-4536,Basmati Rice,Grains & Pulses,64-396-5538,Skidoo,26,67,46,$4.40 ,4784 Farmco Alley,Backordered
86-482-6451,White Tea,Beverages,56-965-0404,Brightbean,91,78,61,$25.00 ,5501 Fuller Way,Backordered
36-127-4273,Ricotta Cheese,Dairy,05-719-6858,Skimia,50,46,38,$6.20 ,10342 Division Place,Active
03-061-1344,Trout,Seafood,85-211-5357,Izio,98,65,76,$12.00 ,96420 Briar Crest Lane,Active
97-300-7511,Egg (Duck),Dairy,47-687-2255,Katz,37,53,61,$1.00 ,45190 Fordem Court,Backordered
83-108-1174,White Bread,Bakery,56-439-3559,Devpoint,78,68,68,$2.50 ,3 Monument Street,Backordered
38-664-2155,Cauliflower,Fruits & Vegetables,10-540-5841,Realpoint,48,27,73,$2.55 ,843 Pepper Wood Hill,Discontinued
80-459-5950,Arabica Coffee,Beverages,04-866-2231,Rhyzio,74,10,74,$20.00 ,5 Killdeer Trail,Backordered
93-015-0811,Pineapple,Fruits & Vegetables,07-055-5188,Gigashots,18,7,58,$3.50 ,1 Pleasure Hill,Discontinued
02-888-9412,Cauliflower,Fruits & Vegetables,22-307-4653,Photobug,95,66,69,$2.48 ,880 Calypso Road,Backordered
10-218-2680,Egg (Turkey),Dairy,72-024-1595,Quinu,39,93,57,$2.50 ,6810 Aberg Junction,Backordered
30-964-2694,Peas,Fruits & Vegetables,42-976-2737,Edgeclub,48,72,55,$3.00 ,39 Dovetail Terrace,Active
15-144-9413,Strawberries,Fruits & Vegetables,08-912-0895,Meevee,58,15,87,$5.90 ,3 Buhler Place,Backordered
17-253-5688,Greek Yogurt,Dairy,42-638-2086,Shufflester,39,55,39,$3.00 ,7 Hooker Way,Backordered
31-608-1445,Papaya,Fruits & Vegetables,75-286-4153,Ntag,84,28,29,$4.40 ,227 Tennyson Plaza,Discontinued
51-934-9117,Sardines,Seafood,34-389-9922,Linklinks,30,55,4,$6.00 ,05944 Scott Parkway,Active
72-810-9753,Sesame Oil,Oils & Fats,17-359-2527,Yotz,14,84,15,$6.50 ,545 Farwell Lane,Active
53-146-9979,Powdered Sugar,Grains & Pulses,44-388-2451,Skidoo,21,15,27,$2.50 ,42 Mandrake Alley,Active
46-622-3434,Jasmine Rice,Grains & Pulses,85-473-1534,Topdrive,17,19,74,$4.75 ,2 Miller Lane,Discontinued
47-843-8207,Cauliflower,Fruits & Vegetables,55-838-9088,Cogilith,34,92,26,$2.50 ,01 Northfield Road,Active
29-135-0791,Jasmine Rice,Grains & Pulses,05-050-4384,Babblestorm,56,48,82,$4.75 ,97 Utah Lane,Backordered
45-194-4094,Plum,Fruits & Vegetables,65-611-4749,Devcast,64,71,69,$3.90 ,2 Scofield Street,Active
09-712-3630,Grapes,Fruits & Vegetables,17-807-6972,Aibox,87,62,2,$5.50 ,10 Golf Course Hill,Backordered
56-213-0577,Papaya,Fruits & Vegetables,72-306-8602,Kwinu,24,25,52,$4.50 ,851 Hollow Ridge Center,Backordered
78-956-4737,Sushi Rice,Grains & Pulses,76-712-0418,Photobug,47,1,60,$4.20 ,9 Burrows Junction,Discontinued
29-436-6570,Digestive Biscuit,Bakery,12-140-7809,Quatz,61,8,45,$4.00 ,30590 Bowman Alley,Discontinued
04-038-1547,Rye Bread,Bakery,61-912-9541,Realblab,48,2,16,$2.80 ,76 Shelley Pass,Discontinued
76-476-9996,Chocolate Biscuit,Bakery,88-428-6227,Photobean,37,96,82,$5.00 ,0 Larry Terrace,Backordered
43-469-7551,Arabica Coffee,Beverages,64-361-4238,Rhycero,45,36,97,$20.00 ,760 Butternut Plaza,Active
15-169-8058,Bread Flour,Grains & Pulses,14-009-8505,Feedfire,87,97,28,$1.50 ,26160 Independence Alley,Active
37-567-3218,Almond Flour,Grains & Pulses,03-257-4437,Trilia,37,47,34,$9.50 ,153 Caliangt Plaza,Backordered
92-455-2959,Robusta Coffee,Beverages,13-109-8639,Katz,59,62,57,$10.30 ,0 Ohio Hill,Backordered
75-672-4378,Pomegranate,Fruits & Vegetables,20-103-9525,Eare,62,40,86,$6.00 ,4 Esch Point,Backordered
66-806-6051,Yogurt,Dairy,19-875-5642,Devpulse,63,12,82,$1.70 ,8 Kensington Place,Backordered
65-527-9488,Grapes,Fruits & Vegetables,23-482-0516,Layo,38,72,39,$5.50 ,23704 Algoma Park,Active
36-840-2728,Mackerel,Seafood,26-454-7297,Dabfeed,76,21,3,$7.50 ,08545 Lillian Street,Discontinued
07-389-5740,Egg (Quail),Dairy,72-784-3292,Skimia,34,94,69,$0.80 ,59 Veith Center,Backordered
13-144-2169,Eggplant,Fruits & Vegetables,11-742-5033,Blogpad,25,62,11,$3.00 ,52 Namekagon Junction,Backordered
13-798-3397,Egg (Turkey),Dairy,89-992-6472,Twimm,86,16,37,$2.50 ,93321 Kennedy Point,Active
85-806-0613,Oatmeal Biscuit,Bakery,06-286-2758,Kwimbee,41,21,47,$5.00 ,9269 Main Trail,Active
67-248-6306,Cauliflower,Fruits & Vegetables,86-173-6891,Avamm,77,54,10,$2.50 ,05 Bartelt Street,Active
47-866-6589,Egg (Duck),Dairy,78-203-1075,Dynazzy,41,61,69,$1.00 ,30880 Barnett Junction,Discontinued
91-127-7489,Orange,Fruits & Vegetables,86-079-1525,Oyondu,44,8,52,$2.95 ,43211 Anzinger Drive,Active
90-343-9640,Avocado Oil,Oils & Fats,54-919-9424,Dabtype,53,89,100,$10.00 ,3622 Anhalt Lane,Backordered
01-018-6418,Chocolate Biscuit,Bakery,78-888-6073,Chatterbridge,68,29,100,$5.00 ,481 Mifflin Hill,Backordered
80-375-9075,Swiss Cheese,Dairy,86-487-3354,Centidel,96,34,57,$8.00 ,3831 Goodland Road,Discontinued
80-227-6886,Garlic,Fruits & Vegetables,91-632-7343,Layo,33,4,31,$7.00 ,4374 Corry Terrace,Active
15-562-3712,Cauliflower,Fruits & Vegetables,53-243-7800,Yakitri,33,89,15,$2.50 ,1 Hudson Hill,Discontinued
10-137-9759,Watermelon,Fruits & Vegetables,23-688-6256,Trupe,90,17,17,$3.00 ,402 Kings Road,Backordered
69-171-1305,Brown Rice,Grains & Pulses,33-733-7313,Livetube,31,29,57,$2.50 ,9951 Petterle Alley,Active
83-117-7658,Asparagus,Fruits & Vegetables,61-424-7670,Yabox,92,3,81,$5.00 ,0282 Emmet Hill,Backordered
74-642-2435,Cauliflower,Fruits & Vegetables,52-012-3409,Skinix,66,31,18,$2.50 ,6292 Chive Street,Backordered
10-445-0741,Anchovies,Seafood,82-470-7146,Mybuzz,83,17,39,$10.00 ,31 Loomis Park,Active
80-658-6456,Mango,Fruits & Vegetables,42-080-6579,Wordtune,84,9,46,$5.00 ,44051 Old Shore Junction,Backordered
81-354-4203,Haddock,Seafood,15-466-5131,Yabox,76,57,78,$9.00 ,12 Luster Terrace,Discontinued
08-573-9997,Pomegranate,Fruits & Vegetables,95-734-4024,Meevee,26,1,9,$6.00 ,03 Little Fleur Pass,Backordered
74-610-2295,Green Coffee,Beverages,22-959-6357,Lajo,61,31,100,$12.50 ,87 Bluestem Parkway,Active
76-070-1411,Evaporated Milk,Dairy,63-528-0643,Realcube,15,75,78,$1.90 ,87578 Stoughton Parkway,Discontinued
61-582-7399,Apricot,Fruits & Vegetables,15-062-6342,Topiczoom,73,83,74,$5.00 ,8 Hanover Center,Discontinued
42-674-3917,Whole Wheat Flour,Grains & Pulses,26-080-4944,Pixonyx,41,76,47,$2.65 ,78 Forest Dale Road,Backordered
05-899-1428,Avocado Oil,Oils & Fats,17-494-5505,Dabjam,14,75,10,$10.00 ,591 Maple Junction,Active
74-548-9313,Mango,Fruits & Vegetables,69-832-7009,Meevee,99,59,12,$5.00 ,1 Judy Street,Backordered
20-448-2972,Asparagus,Fruits & Vegetables,26-920-6626,Buzzbean,80,6,92,$5.00 ,49770 Hoffman Court,Discontinued
63-162-9244,Eggplant,Fruits & Vegetables,58-945-2944,Vimbo,49,89,65,$3.00 ,04 Rockefeller Terrace,Active
91-417-0366,Grapes,Fruits & Vegetables,28-442-2578,Riffwire,25,74,100,$5.50 ,1 Elmside Parkway,Discontinued
60-311-5701,Sesame Oil,Oils & Fats,07-578-7055,Shuffledrive,39,78,97,$6.50 ,9 Meadow Vale Drive,Backordered
36-899-5324,Orange,Fruits & Vegetables,02-656-3112,Flashdog,94,58,17,$2.90 ,3 Bashford Court,Backordered
22-266-9291,Sardines,Seafood,15-550-0171,Vinder,11,17,59,$6.00 ,111 David Hill,Backordered
76-584-4790,Peanut Oil,Oils & Fats,58-213-1146,Twitterwire,21,52,80,$4.00 ,1170 Shasta Circle,Backordered
82-948-2298,Kiwi,Fruits & Vegetables,53-749-6148,Topdrive,38,91,94,$5.70 ,555 Butternut Hill,Discontinued
97-283-4840,Palm Oil,Oils & Fats,64-604-1679,Browsetype,58,23,66,$1.80 ,7232 Ridgeway Center,Backordered
17-395-1121,Plum,Fruits & Vegetables,67-252-3923,Lajo,85,16,74,$3.85 ,8 Oriole Terrace,Backordered
74-132-5528,Cauliflower,Fruits & Vegetables,41-713-1053,Vinder,63,62,98,$2.50 ,611 Fieldstone Drive,Backordered
52-029-2382,Coconut Oil,Oils & Fats,16-474-4516,Brightdog,54,86,69,$5.00 ,08896 Evergreen Avenue,Discontinued
11-053-0107,Cherry,Fruits & Vegetables,07-410-2867,Rooxo,30,25,11,$8.00 ,734 Thackeray Avenue,Active
99-194-5600,Cauliflower,Fruits & Vegetables,70-064-6828,Tanoodle,57,25,98,$2.50 ,973 Spaight Place,Active
48-289-0604,Vegetable Oil,Oils & Fats,94-261-1193,Browseblab,18,72,71,$2.00 ,5 Colorado Park,Active
73-010-8323,Tuna,Seafood,80-622-6587,Tagcat,16,34,89,$18.00 ,811 Dapin Center,Backordered
06-068-6793,Buttermilk,Dairy,94-958-6101,Twitterbeat,39,80,68,$2.50 ,25 Nancy Place,Discontinued
56-054-8664,Lemon,Fruits & Vegetables,53-247-1844,Centimia,59,82,69,$2.45 ,01 Straubel Hill,Discontinued
36-330-5036,Salmon,Seafood,52-359-1255,Mycat,79,28,4,$15.00 ,21 Golden Leaf Hill,Active
65-674-6076,Egg (Quail),Dairy,16-933-3355,Ntags,78,61,6,$0.80 ,9738 Old Shore Trail,Active
87-013-6488,Sushi Rice,Grains & Pulses,77-471-0792,Tekfly,22,10,53,$4.25 ,07855 Goodland Lane,Active
95-449-1286,Egg (Chicken),Dairy,18-260-7354,Realfire,10,17,70,$0.20 ,1 Jackson Pass,Backordered
95-640-0293,Arborio Rice,Grains & Pulses,43-575-2151,Geba,34,32,22,$4.50 ,31 Sullivan Hill,Active
08-495-6853,Heavy Cream,Dairy,07-432-0137,Yadel,74,62,6,$4.00 ,7943 Amoth Parkway,Active
42-495-7698,Sushi Rice,Grains & Pulses,93-625-4768,Latz,10,11,29,$4.30 ,91 Gateway Pass,Backordered
83-727-0814,Basmati Rice,Grains & Pulses,79-656-1990,Yodo,11,87,64,$4.50 ,28 Boyd Pass,Active
01-050-2246,Grapes,Fruits & Vegetables,80-462-5807,Gabspot,99,68,1,$5.50 ,38 Esch Pass,Discontinued
07-858-5487,Swiss Cheese,Dairy,92-991-6167,Meeveo,64,14,44,$8.00 ,6 Susan Alley,Active
20-283-0111,Pear,Fruits & Vegetables,60-394-8955,Cogidoo,58,55,5,$4.45 ,0 Ruskin Way,Active
87-391-9658,Corn Oil,Oils & Fats,51-054-1226,Centizu,26,100,13,$2.50 ,92486 Laurel Alley,Discontinued
44-782-1395,Raw Sugar,Grains & Pulses,54-132-9762,Flipopia,72,72,68,$1.50 ,365 Vera Terrace,Active
12-828-1063,Mozzarella Cheese,Dairy,48-707-5857,Buzzdog,36,82,85,$7.10 ,018 Oxford Crossing,Discontinued
72-989-2512,Mushrooms,Fruits & Vegetables,03-117-6217,Yakijo,24,21,4,$6.00 ,61 Waubesa Court,Backordered
53-667-4109,Onion,Fruits & Vegetables,40-800-4739,Voolith,16,75,42,$2.00 ,992 East Point,Active
93-772-3085,Banana,Fruits & Vegetables,61-807-0746,Edgetag,39,19,18,$13.99 ,07359 Porter Park,Active
92-652-3737,Zucchini,Fruits & Vegetables,42-361-6981,Quimm,89,56,74,$2.50 ,66330 Northridge Street,Backordered
74-404-0582,Cherry,Fruits & Vegetables,31-628-6696,Jabbersphere,57,82,59,$8.00 ,07 Maple Wood Drive,Active
19-244-9890,Herbal Tea,Beverages,98-107-0604,Wikido,61,22,98,$30.00 ,620 Mockingbird Pass,Active
01-839-6534,Short Grain Rice,Grains & Pulses,51-519-4588,Tanoodle,56,28,76,$3.00 ,8 Hazelcrest Street,Active
58-229-1358,Cream,Dairy,66-883-2383,Bubblebox,21,24,2,$2.35 ,1 Lillian Plaza,Backordered
80-025-6757,Grapes,Fruits & Vegetables,49-608-3851,Thoughtmix,59,29,100,$5.50 ,183 Algoma Trail,Discontinued
35-031-1497,Green Coffee,Beverages,84-835-1656,Linklinks,20,68,20,$12.00 ,581 Oneill Crossing,Active
26-629-5920,Rye Bread,Bakery,19-264-7608,Jetwire,99,6,88,$3.00 ,77563 Russell Lane,Active
51-000-8113,Green Tea,Beverages,56-825-0880,Vidoo,24,27,35,$8.00 ,51369 Dawn Hill,Active
93-571-7294,Sushi Rice,Grains & Pulses,77-842-0920,Quire,78,94,7,$4.35 ,76 Fisk Park,Backordered
48-770-6319,Egg (Duck),Dairy,64-452-2395,Fivebridge,52,31,18,$1.00 ,34 Fremont Point,Backordered
74-818-3306,Spinach,Fruits & Vegetables,75-536-2986,Eabox,45,70,98,$2.45 ,62 Thackeray Center,Backordered
15-082-9124,Apricot,Fruits & Vegetables,02-997-1489,LiveZ,89,35,19,$5.00 ,38 Dawn Street,Discontinued
66-854-5736,Kiwi,Fruits & Vegetables,98-591-1051,Vitz,63,57,11,$5.80 ,50880 Nobel Road,Discontinued
90-128-7973,Black Rice,Grains & Pulses,91-417-6283,Shuffletag,49,3,7,$6.25 ,46989 Crescent Oaks Junction,Backordered
60-198-7050,Green Tea,Beverages,27-493-6787,Photobug,26,59,54,$8.00 ,5306 Arkansas Avenue,Active
70-206-4860,Egg (Quail),Dairy,82-527-9395,Meejo,93,68,71,$0.80 ,75 High Crossing Junction,Discontinued
25-353-2067,Papaya,Fruits & Vegetables,01-210-3485,Brightbean,81,16,69,$4.30 ,59449 Sherman Parkway,Backordered
93-218-8108,Heavy Cream,Dairy,05-966-6460,Talane,74,60,27,$4.00 ,9848 Little Fleur Point,Backordered
95-262-6208,Black Tea,Beverages,66-227-1125,Devshare,19,78,90,$5.00 ,44662 American Plaza,Discontinued
02-484-0206,Short Grain Rice,Grains & Pulses,62-011-9357,Quatz,64,97,91,$3.00 ,60 Main Pass,Active
08-226-5155,Bell Pepper,Fruits & Vegetables,64-584-7898,Zava,49,93,15,$4.50 ,81503 Graedel Plaza,Backordered
47-581-0363,Parmesan Cheese,Dairy,08-359-2568,Tagpad,99,10,88,$12.00 ,8 Dawn Court,Active
04-104-6993,Buttermilk,Dairy,06-776-1072,Trilia,60,1,42,$2.45 ,55095 Northview Drive,Active
45-380-4627,Cabbage,Fruits & Vegetables,20-201-5639,Zoombox,90,1,40,$0.90 ,0 Thackeray Point,Discontinued
41-240-8856,Haddock,Seafood,28-162-7486,Snaptags,79,53,12,$9.00 ,8 Autumn Leaf Drive,Discontinued
81-573-0943,Egg (Chicken),Dairy,07-754-2313,Topiclounge,22,58,2,$0.20 ,20 Marcy Circle,Active
67-725-6830,Brown Rice,Grains & Pulses,05-727-0033,Quinu,51,47,6,$2.50 ,9 Victoria Point,Backordered
55-154-4728,Arabica Coffee,Beverages,33-466-7894,Yotz,65,63,41,$20.00 ,96 Westridge Junction,Backordered
41-526-4036,Whipped Cream,Dairy,45-923-7206,Flashset,55,25,87,$4.00 ,38726 Gina Pass,Backordered
86-273-9377,White Rice,Grains & Pulses,38-330-5543,Eimbee,18,86,20,$1.80 ,1 Hollow Ridge Park,Discontinued
98-499-2220,Parmesan Cheese,Dairy,69-666-2257,Skidoo,37,3,45,$12.00 ,27 School Court,Discontinued
50-930-4751,Salmon,Seafood,40-260-8547,Abata,88,40,29,$15.00 ,80380 Valley Edge Road,Discontinued
88-304-2855,Pineapple,Fruits & Vegetables,59-570-2020,Brainverse,20,51,33,$3.50 ,0 Delladonna Place,Active
69-743-0161,Bread Flour,Grains & Pulses,29-774-6779,Twitterwire,99,54,71,$1.50 ,583 Loftsgordon Road,Discontinued
40-902-1995,Asparagus,Fruits & Vegetables,86-879-7811,Zoomzone,46,88,20,$4.80 ,1519 Delaware Court,Backordered
50-329-3360,Wild Rice,Grains & Pulses,85-594-2570,Topdrive,19,77,66,$10.00 ,72 Crownhardt Circle,Active
03-441-4252,Yogurt,Dairy,11-430-6041,Wordpedia,12,83,93,$1.75 ,6 Bobwhite Alley,Backordered
97-093-4278,Buttermilk,Dairy,38-200-4863,Twitterlist,69,98,89,$2.55 ,467 Dexter Pass,Discontinued
01-820-5784,Egg (Duck),Dairy,80-567-5598,Skipfire,63,38,77,$1.00 ,6982 Crownhardt Circle,Active
31-803-5001,Asparagus,Fruits & Vegetables,14-414-1945,Voonder,78,16,37,$4.70 ,64 1st Plaza,Backordered
61-317-9944,White Bread,Bakery,03-220-5535,Skivee,72,20,71,$2.50 ,21844 Artisan Trail,Discontinued
56-303-5256,Wild Rice,Grains & Pulses,29-821-5359,Babbleopia,58,24,25,$10.00 ,3 Hermina Circle,Active
86-672-4191,Egg (Goose),Dairy,79-219-8469,Einti,88,22,61,$2.50 ,18 Troy Avenue,Discontinued
34-547-0827,White Rice,Grains & Pulses,30-853-8580,Wikibox,54,53,33,$1.80 ,18 Comanche Junction,Backordered
20-387-7746,Powdered Sugar,Grains & Pulses,08-218-9429,Aivee,64,10,100,$2.50 ,9050 Dorton Pass,Active
50-329-3145,Milk,Dairy,88-418-3855,Jatri,12,54,48,$1.00 ,591 Maple Wood Drive,Backordered
02-559-8196,Mango,Fruits & Vegetables,44-495-6660,Jaxnation,61,14,49,$5.20 ,545 Linden Alley,Discontinued
69-834-2874,Oatmeal Biscuit,Bakery,51-600-6076,Skajo,28,62,81,$5.00 ,39 Oxford Drive,Discontinued
27-474-0056,Spinach,Fruits & Vegetables,56-969-3705,Feedfish,23,6,40,$2.50 ,538 Bayside Parkway,Backordered
66-378-7532,Blueberries,Fruits & Vegetables,15-365-5585,Flipbug,87,51,67,$10.00 ,88678 Bayside Park,Backordered
28-185-7303,Robusta Coffee,Beverages,97-143-0641,Yozio,59,31,3,$10.00 ,25696 Westerfield Alley,Active
19-854-3663,Watermelon,Fruits & Vegetables,72-509-7548,Dabjam,13,88,11,$3.00 ,4 Dakota Avenue,Backordered
42-175-1648,Pomegranate,Fruits & Vegetables,67-272-8844,Browsetype,81,87,15,$6.00 ,72778 Loftsgordon Center,Backordered
56-657-4387,White Bread,Bakery,78-629-7560,Meevee,61,77,45,$2.50 ,5 Lyons Street,Backordered
05-720-8792,Carrot,Fruits & Vegetables,33-265-4588,Linkbridge,80,91,36,$1.50 ,2 Northview Avenue,Active
84-151-2114,Brown Rice,Grains & Pulses,79-704-1471,Avamm,39,57,54,$2.50 ,12 Rigney Street,Active
10-378-9729,Cabbage,Unknown,83-941-9620,Rooxo,69,21,68,$66.55 ,2 Butterfield Pass,Discontinued
53-930-2215,Egg (Goose),Dairy,42-210-6541,Gabvine,60,43,32,$2.50 ,292 Utah Street,Active
02-034-6209,Sour Cream,Dairy,34-724-1913,Yodel,22,43,3,$4.10 ,96 Brown Drive,Backordered
28-003-8065,Almond Flour,Grains & Pulses,42-579-7177,Voonte,79,47,51,$9.50 ,65 Merry Circle,Discontinued
19-021-5024,Broccoli,Fruits & Vegetables,75-369-5047,Rhyzio,47,63,86,$4.00 ,4 Heffernan Lane,Active
07-846-4804,Jasmine Rice,Grains & Pulses,30-605-2164,Tagcat,20,25,73,$4.75 ,2 Fair Oaks Pass,Discontinued
70-542-4269,Gouda Cheese,Dairy,27-772-7906,Gigazoom,41,22,11,$7.00 ,7 Victoria Hill,Active
52-797-6961,Tilapia,Seafood,75-793-8978,Plajo,46,80,88,$7.00 ,13799 Quincy Park,Discontinued
66-327-2821,Palm Oil,Oils & Fats,82-525-7224,Skipstorm,67,57,36,$1.80 ,703 Hermina Center,Active
12-093-9863,Arborio Rice,Grains & Pulses,21-416-3796,Feednation,51,19,96,$4.50 ,6748 Mitchell Road,Active
08-396-2704,White Sugar,Grains & Pulses,94-186-9620,Cogibox,42,12,28,$2.00 ,160 Crowley Center,Discontinued
72-970-0239,Sesame Oil,Oils & Fats,64-752-3122,Divanoodle,85,86,21,$6.50 ,73966 Pond Trail,Backordered
03-940-0630,Sunflower Oil,Oils & Fats,49-762-8263,Skibox,23,43,75,$2.50 ,27408 Burning Wood Street,Discontinued
67-130-4114,Bell Pepper,Fruits & Vegetables,53-718-1768,Devcast,84,26,37,$4.50 ,9327 Hanover Way,Backordered
32-270-1385,Greek Yogurt,Fruits & Vegetables,81-072-8266,Quaxo,28,38,23,$42.58 ,0500 Calypso Pass,Backordered
85-510-2915,White Bread,Bakery,55-134-2668,Mybuzz,62,49,38,$2.50 ,8 Merrick Lane,Discontinued
00-842-9790,Egg (Goose),Dairy,37-079-2530,Oba,65,94,4,$2.50 ,53894 Myrtle Place,Backordered
49-377-9731,Lime,Fruits & Vegetables,56-823-5908,Livefish,18,8,68,$2.00 ,3 Meadow Valley Court,Backordered
96-682-8546,Egg (Chicken),Dairy,03-882-3517,Kaymbo,70,29,24,$0.20 ,97 Walton Avenue,Backordered
92-837-8839,Vegetable Oil,Oils & Fats,95-484-3134,Yoveo,23,71,32,$2.00 ,95 Lerdahl Park,Discontinued
68-732-5919,Jasmine Rice,Grains & Pulses,07-500-2023,Eimbee,26,83,24,$4.75 ,56 Bonner Point,Backordered
37-064-7275,Robusta Coffee,Beverages,63-522-2633,Skiptube,20,42,45,$10.00 ,149 Lawn Way,Discontinued
43-193-9915,Mozzarella Cheese,Dairy,23-931-2988,Roodel,55,58,6,$7.20 ,61 Transport Parkway,Discontinued
45-992-5653,Whole Wheat Flour,Grains & Pulses,22-050-5775,Jaxworks,82,67,67,$2.75 ,5 Fisk Point,Backordered
45-852-2446,Salmon,Seafood,37-567-5710,Fanoodle,73,12,28,$15.00 ,56 Petterle Circle,Active
57-394-4703,White Tea,Beverages,52-130-3457,Agivu,81,83,36,$25.00 ,38 Banding Lane,Backordered
07-679-1199,Onion,Fruits & Vegetables,75-406-6250,Wikizz,20,65,61,$2.00 ,1991 Kropf Way,Active
47-221-3391,Black Coffee,Beverages,21-450-5520,Digitube,78,38,27,$15.00 ,0023 Upham Road,Active
80-698-0324,Butter Biscuit,Bakery,98-587-7923,Bluejam,84,58,28,$6.00 ,7 Duke Parkway,Active
36-383-3677,Corn Oil,Oils & Fats,88-020-6814,Centizu,32,38,23,$2.50 ,7 Anzinger Lane,Discontinued
42-907-6946,Coconut Oil,Oils & Fats,32-386-9832,Bluejam,90,75,6,$5.00 ,093 Anhalt Crossing,Active
96-209-1739,Evaporated Milk,Dairy,82-930-7733,Miboo,70,81,75,$2.00 ,779 Ridgeway Street,Backordered
36-679-4670,Bell Pepper,Fruits & Vegetables,60-508-7567,Fatz,90,22,20,$4.50 ,5 Warner Court,Backordered
08-637-9335,Lettuce,Fruits & Vegetables,99-178-0951,Meemm,100,7,14,$2.00 ,9 Cardinal Alley,Backordered
56-875-3717,Brown Rice,Grains & Pulses,39-257-6162,Youtags,89,54,15,$2.50 ,32 Cottonwood Pass,Active
86-978-6666,Whole Wheat Flour,Grains & Pulses,43-979-2253,Dabjam,38,43,28,$2.70 ,21343 Brentwood Circle,Backordered
41-475-5305,Rye Bread,Bakery,93-900-1170,Kwideo,61,20,29,$3.00 ,88 Hooker Parkway,Backordered
25-911-7736,Orange,Fruits & Vegetables,40-180-0752,Oba,75,48,25,$3.00 ,72090 Northfield Place,Backordered
28-433-8533,Multigrain Bread,Bakery,81-694-0300,Topicware,87,70,77,$3.20 ,8 Mayer Trail,Active
84-624-0201,Bread Flour,Grains & Pulses,25-769-3792,Skaboo,71,77,30,$1.50 ,9 Eastlawn Crossing,Backordered
45-634-0679,Haddock,Seafood,29-542-9338,Rhybox,98,100,34,$9.00 ,9 Anhalt Trail,Active
93-014-4256,Green Beans,Fruits & Vegetables,37-599-8579,BlogXS,19,92,41,$2.00 ,6 Bay Road,Active
24-989-3302,Coconut,Fruits & Vegetables,89-159-0852,Eazzy,85,90,16,$5.00 ,736 Redwing Parkway,Backordered
46-415-8633,Apple,Fruits & Vegetables,32-497-0478,Omba,71,36,45,$3.50 ,5 Eggendart Parkway,Backordered
73-117-6105,Brown Rice,Grains & Pulses,74-729-7466,Skipfire,44,48,77,$2.50 ,955 4th Road,Discontinued
53-710-7630,Rice Flour,Grains & Pulses,46-171-9624,Livetube,25,95,71,$2.00 ,996 Thierer Center,Backordered
10-617-7581,Peanut Oil,Oils & Fats,86-995-7254,Devpulse,24,14,5,$4.00 ,0 Lawn Parkway,Active
66-312-5511,Anchovies,Seafood,99-553-6838,Skipfire,44,97,76,$10.00 ,959 Dorton Pass,Discontinued
87-423-8486,Powdered Sugar,Grains & Pulses,12-947-4739,Mybuzz,63,4,46,$2.50 ,5 Homewood Street,Discontinued
64-493-5270,Palm Oil,Oils & Fats,36-964-9838,Dynabox,69,59,29,$1.80 ,4571 Fremont Way,Active
31-255-9616,Tuna,Seafood,11-031-9939,Centimia,88,71,9,$18.00 ,9440 Coleman Drive,Backordered
26-799-3714,Robusta Coffee,Beverages,50-877-0990,Mymm,74,2,45,$10.00 ,49225 Homewood Place,Active
64-119-7804,Bell Pepper,Fruits & Vegetables,53-497-9614,Jaxbean,98,43,9,$4.50 ,06584 Mendota Avenue,Backordered
74-181-4135,Egg (Chicken),Dairy,00-487-2428,Meembee,22,19,4,$0.20 ,79878 Katie Trail,Discontinued
34-369-7712,Apricot,Fruits & Vegetables,95-241-9348,Fivebridge,55,96,40,$5.00 ,0 Lerdahl Parkway,Discontinued
31-157-1822,Ricotta Cheese,Dairy,53-998-1422,Kwideo,96,80,20,$6.10 ,803 Cottonwood Crossing,Discontinued
27-459-0724,Feta Cheese,Dairy,45-331-8563,Quaxo,91,7,64,$7.00 ,4 Duke Way,Discontinued
47-441-7682,Digestive Biscuit,Bakery,90-998-1236,Vimbo,40,91,24,$4.00 ,4247 David Crossing,Discontinued
32-676-1026,Salmon,Seafood,98-155-9583,Buzzshare,52,46,12,$15.00 ,9433 Jenna Lane,Backordered
77-959-1018,Lettuce,Fruits & Vegetables,00-912-3545,Gigabox,22,22,65,$2.00 ,03 Ryan Circle,Backordered
60-911-3745,Black Rice,Grains & Pulses,87-570-0273,Blognation,98,41,98,$6.35 ,75054 Ramsey Parkway,Backordered
57-101-0060,Whole Wheat Flour,Grains & Pulses,40-070-5881,Topicstorm,59,73,86,$2.75 ,78919 East Crossing,Backordered
54-758-4622,Chocolate Biscuit,Bakery,94-903-2643,Devcast,99,3,79,$5.00 ,865 Eagle Crest Park,Backordered
92-152-5820,Black Tea,Beverages,50-747-2259,Jaloo,18,36,53,$5.30 ,0920 Monica Pass,Active
44-637-5512,Watermelon,Fruits & Vegetables,27-541-2645,Jaxspan,58,12,99,$3.00 ,00064 Mosinee Circle,Active
65-854-9364,Black Rice,Grains & Pulses,64-800-4141,BlogXS,30,34,96,$6.30 ,752 Mccormick Way,Backordered
60-747-8704,Papaya,Fruits & Vegetables,93-793-4398,Twitterwire,97,97,71,$4.50 ,561 Pennsylvania Way,Active
85-835-3445,Egg (Goose),Dairy,13-433-4930,Gigashots,50,93,37,$2.45 ,288 Fair Oaks Place,Backordered
66-716-8221,Cheddar Cheese,Dairy,67-024-9832,LiveZ,70,96,35,$9.00 ,54 Weeping Birch Lane,Backordered
01-026-2772,Blueberries,Fruits & Vegetables,20-532-0144,Buzzbean,40,61,47,$10.00 ,3 Bunting Point,Discontinued
21-252-1360,Corn Oil,Oils & Fats,28-314-1189,Shuffletag,75,23,34,$2.50 ,32 Charing Cross Pass,Backordered
80-039-1261,Strawberries,Fruits & Vegetables,37-994-7932,Skimia,26,97,12,$6.00 ,1 Havey Park,Discontinued
48-427-0551,Arabica Coffee,Beverages,01-900-4509,Jetpulse,13,55,77,$20.00 ,2 7th Center,Backordered
02-575-1980,Plum,Fruits & Vegetables,61-100-8296,Yambee,11,58,32,$4.00 ,34832 Autumn Leaf Terrace,Active
61-293-6327,Salmon,Seafood,00-023-7719,Kamba,98,67,49,$15.00 ,4353 Dixon Circle,Active
08-519-5579,Broccoli,Fruits & Vegetables,32-178-2765,Abatz,35,4,76,$4.00 ,89 Karstens Alley,Discontinued
33-670-6797,Mackerel,Seafood,74-032-7560,Wikido,45,56,64,$7.50 ,2869 Hudson Drive,Discontinued
29-741-8132,Kale,Fruits & Vegetables,49-384-4540,Blogpad,47,22,69,$4.00 ,85 Farwell Parkway,Backordered
89-713-6071,Sesame Oil,Oils & Fats,84-123-7159,Tazz,89,66,28,$6.50 ,60 Dottie Hill,Active
00-641-8691,Black Coffee,Beverages,34-824-0575,Brainverse,33,22,94,$15.00 ,797 Mcbride Lane,Discontinued
68-977-6854,Apricot,Fruits & Vegetables,73-830-9633,Blognation,90,30,42,$5.00 ,2633 Shasta Alley,Backordered
86-257-4613,Jasmine Rice,Grains & Pulses,70-402-4816,Kwilith,44,26,60,$4.75 ,5 Prentice Pass,Discontinued
06-340-6856,Wild Rice,Grains & Pulses,11-005-7835,Podcat,41,56,12,$9.75 ,84 Rusk Terrace,Active
11-338-4598,Potato,Fruits & Vegetables,72-360-6358,Centimia,72,58,69,$1.20 ,9067 Valley Edge Park,Backordered
82-711-0772,Egg (Goose),Dairy,78-877-1866,Skyble,72,58,52,$2.40 ,463 Oxford Crossing,Active
05-184-4175,Black Coffee,Beverages,31-676-5646,Skyndu,40,30,60,$15.00 ,57 Di Loreto Circle,Active
17-274-6898,Whole Wheat Bread,Bakery,34-738-1209,Photobug,36,53,92,$3.50 ,657 Texas Street,Backordered
79-569-8856,Vegetable Oil,Oils & Fats,04-854-7165,Digitube,51,87,86,$2.00 ,03643 Oakridge Lane,Backordered
00-534-9775,Black Coffee,Beverages,79-955-6260,Tagpad,87,91,23,$14.90 ,68 Dakota Center,Backordered
94-071-2261,Pear,Fruits & Vegetables,25-706-2146,Roodel,79,37,98,$4.50 ,2004 Cody Plaza,Discontinued
94-355-3070,Tilapia,Seafood,73-393-9432,Jabbercube,14,52,80,$6.80 ,116 Spaight Park,Discontinued
17-265-1899,Orange,Fruits & Vegetables,61-793-0279,Demimbu,81,35,82,$3.00 ,4826 Drewry Center,Backordered
13-888-0149,Lime,Fruits & Vegetables,09-902-6272,Shufflebeat,75,18,65,$2.00 ,1 Logan Road,Active
21-890-2826,Gouda Cheese,Dairy,32-371-1686,Avaveo,48,12,62,$7.00 ,84 Hoffman Way,Active
05-425-0746,Onion,Fruits & Vegetables,23-450-0301,Gabspot,50,68,90,$2.00 ,49884 Brickson Park Plaza,Discontinued
88-807-8431,Haddock,Seafood,66-563-9462,Eire,11,87,43,$9.00 ,2 Russell Alley,Active
77-377-1659,Almond Flour,Grains & Pulses,64-674-3902,Thoughtblab,74,22,91,$9.50 ,6 Acker Street,Active
92-362-3567,Tomato,Fruits & Vegetables,40-056-7748,Fivebridge,11,10,60,$2.50 ,826 Melvin Pass,Discontinued
99-961-0767,Heavy Cream,Dairy,78-954-5649,Tambee,85,15,30,$4.00 ,40113 Blaine Place,Active
94-092-3355,Cauliflower,Fruits & Vegetables,76-641-2070,Flashspan,57,43,46,$2.50 ,929 Thierer Lane,Discontinued
29-344-3658,Lime,Fruits & Vegetables,33-546-5056,Yata,75,56,57,$1.90 ,7 Talmadge Street,Discontinued
60-327-4114,Egg (Turkey),Dairy,59-968-8346,Katz,63,7,23,$2.35 ,3 Bellgrove Way,Active
13-409-9040,White Tea,Beverages,34-303-5097,Jazzy,35,20,42,$25.25 ,9623 Cottonwood Park,Discontinued
75-927-9108,Cabbage,Fruits & Vegetables,27-406-7972,Topdrive,24,32,17,$1.00 ,43 Washington Street,Discontinued
30-806-3823,Jasmine Rice,Grains & Pulses,36-451-3173,Topicware,53,26,3,$4.75 ,07 Pankratz Point,Active
65-780-5622,Butter Biscuit,Bakery,69-460-9770,InnoZ,74,81,41,$6.00 ,65 Forster Way,Active
94-598-3383,Brown Rice,Grains & Pulses,39-488-0039,Viva,79,38,67,$2.50 ,7403 Fuller Hill,Discontinued
45-250-4679,Bread Flour,Grains & Pulses,80-328-4990,Dazzlesphere,54,78,81,$1.50 ,49148 Meadow Ridge Way,Backordered
45-317-9731,Palm Oil,Oils & Fats,05-779-0378,Wordware,44,83,78,$1.80 ,70156 7th Junction,Discontinued
41-131-3841,Almond Flour,Grains & Pulses,55-269-1746,Camido,77,19,31,$9.50 ,16 Fair Oaks Pass,Backordered
15-905-7750,Apricot,Fruits & Vegetables,48-176-1622,Skinix,42,61,52,$5.00 ,36687 Maple Avenue,Backordered
68-973-8812,Sweet Potato,Fruits & Vegetables,31-955-7362,Yodo,44,77,45,$2.00 ,55 Cherokee Circle,Discontinued
49-570-8214,Sour Cream,Dairy,17-345-5800,Realblab,81,76,10,$4.00 ,1823 Elgar Park,Backordered
57-779-4955,Black Rice,Grains & Pulses,84-869-9980,Zazio,92,48,22,$6.25 ,38436 Anthes Way,Backordered
85-781-5386,Salmon,Seafood,89-439-6947,Avavee,78,68,86,$15.00 ,10577 Thierer Plaza,Discontinued
72-341-1154,Heavy Cream,Dairy,84-090-6472,Yodo,85,66,85,$4.20 ,8682 Golf Course Junction,Discontinued
28-986-8001,Pomegranate,Fruits & Vegetables,37-281-2537,Kwideo,65,69,4,$6.00 ,4 Old Shore Avenue,Active
82-811-7988,Olive Oil,Oils & Fats,41-772-9238,Realmix,36,3,54,$6.00 ,65 Chinook Circle,Discontinued
27-495-1912,Potato,Fruits & Vegetables,34-667-8907,Thoughtbridge,26,63,88,$1.20 ,12710 Gulseth Circle,Active
44-480-9446,Sunflower Oil,Oils & Fats,35-000-6015,Aibox,39,13,13,$2.50 ,43591 East Road,Active
77-937-1108,White Sugar,Grains & Pulses,41-007-0132,Twimm,39,83,21,$2.00 ,01 Hansons Crossing,Active
82-538-4809,Cabbage,Fruits & Vegetables,74-357-2990,Twitternation,83,61,4,$1.00 ,700 Northland Crossing,Backordered
69-895-3397,Cucumber,Fruits & Vegetables,02-575-2074,Yabox,28,5,9,$1.80 ,98 Melody Street,Discontinued
44-112-3331,Tuna,Seafood,90-453-4096,Realmix,85,17,96,$18.00 ,63787 Arkansas Street,Discontinued
93-682-2069,Lime,Fruits & Vegetables,60-038-7810,Roomm,76,39,15,$2.00 ,2718 Londonderry Plaza,Backordered
49-199-6836,Tomato,Fruits & Vegetables,81-999-7392,Thoughtbeat,100,64,62,$2.50 ,77 Brown Circle,Discontinued
47-221-2470,Pomegranate,Fruits & Vegetables,30-780-7583,Teklist,17,45,44,$6.00 ,60 Messerschmidt Pass,Active
71-067-3278,Anchovies,Seafood,76-797-9430,Twitterbridge,51,35,95,$10.00 ,5521 Wayridge Center,Backordered
89-388-3239,Grapes,Fruits & Vegetables,28-521-7083,Centizu,54,88,43,$5.50 ,4346 Columbus Way,Backordered
10-555-5971,Sourdough Bread,Bakery,30-410-3509,Gigashots,94,56,80,$4.00 ,8425 New Castle Parkway,Backordered
82-931-7126,Asparagus,Fruits & Vegetables,67-596-1997,Vitz,34,95,18,$5.00 ,856 School Plaza,Discontinued
24-228-6840,Herbal Tea,Beverages,26-280-5472,Myworks,27,1,3,$30.00 ,68241 Hanson Circle,Backordered
52-392-5312,All-Purpose Flour,Grains & Pulses,78-092-4768,Pixonyx,50,42,20,$1.75 ,336 Old Shore Lane,Active
36-531-4087,Almond Flour,Grains & Pulses,83-172-5527,Skaboo,85,12,94,$9.50 ,2 Columbus Drive,Discontinued
39-810-2042,Rice Flour,Grains & Pulses,65-620-9866,Quatz,24,2,49,$2.00 ,47817 Oneill Park,Active
55-164-7723,Halibut,Seafood,85-454-9252,Gevee,82,31,86,$20.00 ,6410 Northwestern Pass,Active
61-680-9496,Apple,Fruits & Vegetables,75-448-1356,Wikido,17,14,17,$3.50 ,2 Northridge Street,Discontinued
24-143-4957,Canola Oil,Oils & Fats,29-968-4976,Katz,25,97,63,$2.30 ,685 Independence Junction,Discontinued
26-456-1992,Tilapia,Seafood,60-159-3514,Geba,56,59,87,$7.00 ,1792 Crownhardt Street,Active
62-998-7250,Evaporated Milk,Dairy,72-002-3904,Photobug,72,3,10,$2.00 ,9171 Redwing Street,Backordered
38-617-7226,Mushrooms,Fruits & Vegetables,91-215-9838,Bluezoom,65,42,62,$6.30 ,33145 Butterfield Avenue,Active
00-366-9496,Grapes,Fruits & Vegetables,40-515-1141,Kimia,30,66,28,$5.50 ,898 Rowland Trail,Active
76-027-4850,Onion,Fruits & Vegetables,75-256-5638,Tavu,39,37,48,$2.00 ,425 Shasta Terrace,Active
27-269-5260,Pineapple,Fruits & Vegetables,54-724-8610,Rhyloo,14,81,65,$3.50 ,1661 Springview Terrace,Active
40-126-0515,Carrot,Fruits & Vegetables,78-379-0369,Gigashots,74,37,57,$1.50 ,28351 Cascade Plaza,Active
31-387-5020,Parmesan Cheese,Dairy,02-811-7933,Buzzbean,63,41,98,$11.90 ,854 Kipling Point,Active
13-673-7016,Peach,Fruits & Vegetables,78-726-6352,Youfeed,47,67,57,$4.00 ,04 Hagan Crossing,Backordered
85-212-2729,Egg (Turkey),Dairy,58-226-6435,Browsecat,42,94,79,$2.50 ,93 Longview Junction,Backordered
99-048-8310,Tomato,Fruits & Vegetables,70-453-8646,Demimbu,32,49,73,$2.50 ,43 Lakewood Junction,Discontinued
19-112-1616,Lettuce,Fruits & Vegetables,55-251-3001,Quamba,88,56,72,$2.00 ,7698 Logan Drive,Active
98-546-7398,Yogurt,Dairy,37-921-2953,Thoughtworks,80,69,71,$1.75 ,15658 Talisman Lane,Backordered
63-874-9747,Orange,Fruits & Vegetables,22-506-4911,Oloo,36,59,90,$3.00 ,183 Buell Park,Discontinued
58-946-5152,Bread Flour,Grains & Pulses,42-201-4328,Avaveo,11,77,7,$1.50 ,06 Lake View Trail,Backordered
65-867-4029,Peach,Fruits & Vegetables,70-591-9841,Livepath,40,83,50,$4.00 ,36124 Carberry Junction,Active
89-328-9019,Bread Flour,Grains & Pulses,63-057-0462,Jazzy,63,43,8,$1.50 ,33774 Carberry Circle,Active
02-170-5225,Raw Sugar,Grains & Pulses,90-940-9550,Eabox,90,75,43,$1.50 ,36 Bobwhite Parkway,Discontinued
24-478-8277,Multigrain Bread,Bakery,64-070-7611,Bubblebox,47,26,40,$3.25 ,55276 Golf Hill,Active
91-290-9062,Digestive Biscuit,Bakery,95-609-1485,Zoonder,29,2,84,$4.00 ,9821 Novick Hill,Backordered
44-546-5713,Peach,Fruits & Vegetables,61-382-5182,Blogpad,94,69,68,$4.00 ,832 Goodland Alley,Discontinued
20-031-0532,Mango,Fruits & Vegetables,35-835-8848,Oyoloo,32,63,92,$4.90 ,8239 Laurel Way,Discontinued
48-242-8445,Plum,Fruits & Vegetables,84-941-3034,Mybuzz,40,3,5,$4.00 ,29 Vera Drive,Discontinued
33-378-1365,Egg (Goose),Dairy,31-483-9201,Tagchat,50,66,1,$2.50 ,23560 Talmadge Center,Active
57-763-5501,Cod,Seafood,25-790-1641,Kwimbee,72,29,10,$8.00 ,46 Colorado Place,Discontinued
71-015-9181,Pomegranate,Fruits & Vegetables,56-196-9896,Tagopia,22,35,55,$6.00 ,62238 Mallory Place,Active
14-115-8371,Chocolate Biscuit,Bakery,80-833-3051,Yakitri,23,76,70,$5.00 ,40 Cody Pass,Backordered
83-568-3475,Halibut,Seafood,10-950-0546,Camimbo,35,72,70,$20.00 ,29150 Farmco Crossing,Backordered
79-884-8810,Cucumber,Fruits & Vegetables,14-108-0409,Dabtype,12,93,29,$1.75 ,546 Declaration Place,Backordered
50-772-2613,Cheddar Cheese,Dairy,74-619-4608,Roomm,86,23,1,$9.00 ,7 Lunder Hill,Backordered
19-377-5021,Mackerel,Seafood,34-014-5873,Skynoodle,91,96,90,$7.50 ,884 Sloan Drive,Backordered
39-913-2999,Evaporated Milk,Dairy,74-119-8973,Centimia,23,99,97,$2.00 ,15 Oriole Park,Discontinued
46-911-1159,Onion,Fruits & Vegetables,30-820-2883,Voolia,98,40,100,$2.00 ,9171 Norway Maple Trail,Active
40-630-1431,Cherry,Fruits & Vegetables,61-040-9004,Voomm,29,66,21,$8.00 ,8119 Homewood Drive,Discontinued
15-797-4824,Coconut,Fruits & Vegetables,46-830-4835,Mudo,32,27,26,$5.00 ,25923 Loeprich Junction,Backordered
37-248-6266,Pear,Fruits & Vegetables,75-553-7424,Youspan,84,74,48,$4.50 ,7051 Calypso Place,Backordered
22-760-4605,Yogurt,Dairy,01-495-9336,Bubblemix,86,20,67,$1.75 ,09264 Forest Dale Drive,Discontinued
80-020-8041,Black Rice,Grains & Pulses,66-684-1941,Wordware,11,58,26,$6.20 ,662 Vernon Point,Active
44-634-8292,Whole Wheat Flour,Grains & Pulses,48-557-5036,Quatz,60,69,64,$2.75 ,46 Orin Drive,Active
19-610-2236,Whole Wheat Bread,Bakery,53-799-3174,Mybuzz,58,48,9,$3.50 ,8524 Shelley Way,Active
49-579-4325,Ricotta Cheese,Dairy,98-558-5813,Eadel,64,95,62,$6.00 ,6 Anniversary Circle,Discontinued
42-134-9798,Canola Oil,Oils & Fats,16-869-7328,Omba,19,80,87,$2.30 ,0087 Bluejay Plaza,Backordered
84-546-7624,Cherry,Fruits & Vegetables,34-730-9079,Gigazoom,43,41,100,$8.00 ,61057 Hallows Junction,Active
11-891-8213,Peanut Oil,Oils & Fats,25-741-5987,Tagopia,38,62,47,$4.00 ,13 Westport Hill,Discontinued
03-597-9488,Buttermilk,Dairy,03-983-0515,Wordpedia,70,66,74,$2.50 ,53 Lawn Circle,Active
89-624-7462,Asparagus,Fruits & Vegetables,39-506-2186,Jaxspan,18,3,39,$5.00 ,25 Drewry Alley,Backordered
89-335-0155,Brown Rice,Grains & Pulses,83-780-4531,Fivebridge,46,81,47,$2.50 ,9 Kipling Road,Active
59-725-4038,Arabica Coffee,Beverages,39-055-1703,Zoozzy,78,34,39,$20.50 ,697 Hoepker Center,Active
78-953-2073,Canola Oil,Oils & Fats,28-465-9141,Tagopia,53,20,75,$2.30 ,085 Reinke Pass,Backordered
91-426-3204,Haddock,Seafood,86-184-4829,Geba,67,71,4,$9.00 ,269 Dakota Trail,Backordered
40-913-9772,Egg (Chicken),Dairy,51-215-2283,Einti,36,30,44,$0.20 ,553 Hooker Trail,Backordered
89-922-4773,Whole Wheat Flour,Grains & Pulses,99-455-0707,Mudo,39,53,64,$2.75 ,11 Thackeray Hill,Active
17-236-0566,Sweet Potato,Fruits & Vegetables,32-402-9679,Einti,95,87,13,$2.00 ,803 5th Alley,Backordered
74-234-0628,Almond Flour,Grains & Pulses,49-559-7092,Shuffledrive,12,56,92,$9.50 ,2 Veith Crossing,Active
80-441-7249,Wild Rice,Grains & Pulses,35-979-6839,Yoveo,98,30,39,$10.00 ,652 High Crossing Lane,Active
54-708-7327,Jasmine Rice,Grains & Pulses,46-316-6919,Linktype,50,14,99,$4.75 ,8182 Hazelcrest Place,Active
15-846-7959,Zucchini,Fruits & Vegetables,47-026-0505,Vidoo,98,14,11,$2.50 ,6251 Eliot Hill,Discontinued
44-368-7112,Corn Oil,Oils & Fats,85-978-7855,Devbug,28,32,71,$2.50 ,82 Hintze Court,Discontinued
03-833-3577,Cucumber,Fruits & Vegetables,87-032-6971,Kanoodle,67,14,25,$1.80 ,38 Killdeer Point,Active
47-548-6500,Onion,Fruits & Vegetables,27-061-4764,Devpulse,20,93,37,$2.00 ,06 Shopko Pass,Discontinued
12-342-4482,Trout,Seafood,71-300-8176,Topicblab,67,83,90,$11.60 ,374 Blue Bill Park Point,Active
07-834-3320,Egg (Quail),Dairy,47-831-9154,Trunyx,94,60,78,$0.80 ,79 Monterey Avenue,Active
16-187-5729,Black Tea,Beverages,79-366-7207,Zoombeat,45,58,84,$5.00 ,22555 Macpherson Plaza,Active
64-109-7362,Anchovies,Seafood,38-603-6412,Voolia,86,55,96,$10.00 ,7 Harper Drive,Backordered
06-655-5498,Wild Rice,Grains & Pulses,89-574-3430,Kayveo,72,82,52,$9.75 ,8569 Bashford Court,Backordered
24-975-4231,Green Beans,Fruits & Vegetables,99-145-4924,Jayo,31,61,28,$2.10 ,62494 Longview Drive,Active
98-652-9569,Butter Biscuit,Bakery,65-160-1426,Ooba,12,7,23,$6.00 ,32 6th Lane,Discontinued
25-522-6043,Gouda Cheese,Dairy,29-122-7037,Kazu,71,93,75,$7.00 ,890 Eggendart Pass,Discontinued
28-275-5901,Anchovies,Seafood,44-760-4337,Jatri,64,1,92,$10.00 ,4 Doe Crossing Avenue,Active
96-164-0607,Coconut Oil,Oils & Fats,15-655-3923,Browsezoom,89,79,66,$5.00 ,1275 Lawn Center,Discontinued
93-815-0565,Sesame Oil,Oils & Fats,56-422-1480,Jaxworks,50,36,96,$6.50 ,8868 Armistice Place,Backordered
63-918-8253,Mango,Fruits & Vegetables,94-157-1762,Devpulse,53,98,23,$5.00 ,917 Westerfield Terrace,Backordered
57-167-0669,Haddock,Seafood,30-934-3251,Rhybox,19,99,78,$9.00 ,1005 Lyons Junction,Discontinued
52-402-9245,Broccoli,Fruits & Vegetables,37-519-7762,Plajo,89,40,64,$4.00 ,185 Stone Corner Parkway,Active
17-647-0503,Cod,Seafood,69-416-9493,Katz,96,12,8,$8.00 ,0 Village Green Street,Active
67-984-5368,Parmesan Cheese,Dairy,39-714-7313,Yakidoo,52,56,34,$12.00 ,0 Fordem Place,Backordered
77-827-0820,Sesame Oil,Oils & Fats,46-590-7639,Youopia,97,20,8,$6.50 ,8851 Superior Park,Active
27-387-0428,Halibut,Seafood,62-312-2748,Camido,88,42,68,$20.00 ,1715 Dottie Pass,Active
79-350-5841,Jasmine Rice,Grains & Pulses,81-676-3345,Gabvine,33,44,89,$4.75 ,75 Cascade Avenue,Discontinued
44-128-2185,Jasmine Rice,Grains & Pulses,79-091-7381,Katz,98,20,81,$4.75 ,012 Mockingbird Court,Backordered
48-789-9187,Peach,Fruits & Vegetables,95-944-5323,Browsetype,45,79,95,$4.00 ,41 Stephen Crossing,Backordered
21-809-7115,White Rice,Grains & Pulses,57-774-4116,Tagcat,80,86,50,$1.80 ,3053 Sachs Center,Discontinued
19-323-0506,Halibut,Seafood,28-977-3789,Skidoo,68,43,96,$20.00 ,5 Ohio Lane,Backordered
04-637-8815,Apricot,Fruits & Vegetables,60-959-6355,Zoonder,90,91,62,$5.00 ,537 Maple Alley,Active
60-644-6596,Trout,Seafood,32-745-8366,Rhynoodle,89,67,89,$12.00 ,22 Hudson Pass,Discontinued
58-005-5343,Cucumber,Fruits & Vegetables,83-401-2709,Youbridge,38,94,87,$1.80 ,43211 Lakeland Place,Discontinued
67-382-4435,Green Beans,Fruits & Vegetables,49-901-0828,Fivespan,99,37,74,$2.10 ,92 Bartelt Terrace,Active
09-335-7793,Powdered Sugar,Grains & Pulses,96-918-7047,Topicshots,66,19,20,$2.40 ,5649 Vidon Plaza,Active
46-496-2930,Pomegranate,Fruits & Vegetables,29-295-9755,Eare,66,28,7,$6.00 ,156 Golf Course Alley,Backordered
35-353-4068,Bread Flour,Grains & Pulses,44-199-6832,Jetpulse,64,11,97,$1.50 ,8583 Northwestern Terrace,Discontinued
45-050-4720,Black Rice,Grains & Pulses,98-791-5014,Voonder,18,78,43,$6.00 ,7 Ridge Oak Pass,Active
87-104-0187,Whole Wheat Flour,Grains & Pulses,41-881-1166,Rhyloo,86,100,78,$2.75 ,0 Moose Lane,Backordered
85-806-8672,Black Tea,Beverages,44-646-7502,Kare,35,88,87,$4.70 ,24 South Trail,Active
54-281-3746,Green Beans,Fruits & Vegetables,08-824-4585,Viva,26,70,52,$2.00 ,00 Ridgeway Plaza,Discontinued
35-257-9312,Parmesan Cheese,Dairy,35-927-4986,Photospace,80,100,48,$12.00 ,9463 Northland Court,Backordered
63-897-8088,Zucchini,Fruits & Vegetables,82-313-4469,Skibox,63,56,33,$2.50 ,7944 Elgar Alley,Backordered
24-986-5091,Vanilla Biscuit,Bakery,51-076-1164,Ozu,89,22,23,$5.50 ,88 Lighthouse Bay Crossing,Discontinued
17-504-3699,Sweet Potato,Fruits & Vegetables,81-276-8218,Jaxworks,80,60,71,$2.00 ,18 Daystar Parkway,Active
23-395-3157,Vegetable Oil,Oils & Fats,48-538-8538,Tagtune,41,66,50,$2.00 ,74 Sugar Plaza,Backordered
28-107-4953,Chocolate Biscuit,Bakery,01-165-8830,Babbleblab,53,19,94,$5.00 ,29755 Daystar Street,Discontinued
46-083-7058,Haddock,Seafood,26-730-0925,Devshare,61,91,40,$9.00 ,21530 Prentice Place,Active
68-436-1268,Egg (Duck),Dairy,10-694-6636,Aivee,70,92,74,$1.00 ,1 Mockingbird Parkway,Backordered
93-198-5984,Mango,Fruits & Vegetables,86-441-7850,Skalith,73,69,1,$5.00 ,54706 Prairieview Point,Active
24-571-1080,Kale,Fruits & Vegetables,07-520-1107,Devshare,60,15,89,$4.00 ,5325 Milwaukee Lane,Discontinued
73-874-7534,Pomegranate,Fruits & Vegetables,12-566-2563,Twitterwire,88,24,44,$6.00 ,901 Norway Maple Crossing,Backordered
07-337-9889,Cauliflower,Fruits & Vegetables,84-949-8378,Twitterwire,95,6,59,$2.50 ,4 Loomis Way,Active
28-197-9246,Powdered Sugar,Grains & Pulses,31-281-2352,Riffwire,47,30,16,$2.50 ,8499 Hanover Terrace,Active
83-400-9746,Mozzarella Cheese,Dairy,02-510-0629,Eidel,24,1,65,$7.00 ,40 Merchant Terrace,Active
24-579-6500,Anchovies,Seafood,60-309-5783,Zoovu,93,51,70,$10.00 ,4 Stang Place,Active
64-418-8356,Sunflower Oil,Oils & Fats,91-451-2016,Ooba,80,24,60,$2.50 ,1 Green Hill,Active
15-884-7413,Apple,Fruits & Vegetables,39-412-7454,Geba,77,58,13,$3.50 ,6225 Westend Pass,Discontinued
79-494-2472,Green Beans,Fruits & Vegetables,04-391-8892,Kanoodle,42,48,18,$2.00 ,1615 Bellgrove Crossing,Active
36-177-0573,Egg (Turkey),Dairy,62-687-0951,Oyondu,92,1,23,$2.50 ,35 Portage Road,Discontinued
79-920-2395,Mushrooms,Fruits & Vegetables,70-825-7341,Chatterpoint,81,23,17,$6.25 ,911 Merry Junction,Active
96-961-2193,Jasmine Rice,Grains & Pulses,71-467-4910,Babbleset,46,39,11,$4.75 ,63578 Butternut Hill,Active
69-578-7930,Brown Rice,Grains & Pulses,37-728-5274,Flipbug,44,67,31,$2.50 ,83291 Hansons Crossing,Discontinued
40-205-8252,Multigrain Bread,Bakery,68-493-0378,Innojam,38,37,27,$3.50 ,883 Marcy Place,Backordered
18-107-7886,Evaporated Milk,Dairy,11-466-3182,Demivee,64,28,35,$2.00 ,55309 6th Junction,Active
35-328-8392,Long Grain Rice,Grains & Pulses,52-340-4509,Ainyx,39,2,71,$1.45 ,09 Londonderry Hill,Backordered
21-650-9319,White Bread,Bakery,73-445-3017,Jazzy,42,88,95,$2.50 ,4 Hagan Court,Backordered
99-894-4351,White Sugar,Grains & Pulses,45-602-6533,Devpoint,29,54,54,$2.00 ,185 Saint Paul Road,Backordered
63-168-6018,Cucumber,Fruits & Vegetables,01-853-2191,Bubblemix,60,63,81,$1.80 ,0847 Artisan Hill,Active
26-000-1012,Parmesan Cheese,Dairy,60-284-1974,Quatz,65,54,29,$12.00 ,3 Bayside Point,Backordered
13-900-9016,Bell Pepper,Fruits & Vegetables,63-969-9608,Meetz,89,96,94,$4.50 ,521 Burning Wood Trail,Discontinued
88-408-0310,Corn Oil,Oils & Fats,91-002-3027,Flipopia,50,40,69,$2.50 ,5 Mesta Center,Active
73-997-6251,Bell Pepper,Fruits & Vegetables,17-167-4304,Livetube,94,18,84,$4.50 ,1666 Dayton Terrace,Discontinued
50-679-2072,Canola Oil,Oils & Fats,81-588-5701,Thoughtmix,97,32,43,$2.30 ,20 Butterfield Lane,Active
89-673-1543,Digestive Biscuit,Bakery,43-679-7350,Lajo,72,78,1,$4.00 ,297 Petterle Way,Discontinued
56-937-8675,Cream,Dairy,37-996-3243,Trilith,62,91,14,$2.50 ,668 Claremont Place,Discontinued
14-836-2894,Apple,Fruits & Vegetables,82-157-4299,Jabbersphere,44,92,92,$3.50 ,2 Hooker Terrace,Active
87-903-3486,Peanut Oil,Oils & Fats,90-378-8463,Twitterbeat,21,25,39,$4.00 ,99 Twin Pines Alley,Active
07-617-6934,Coconut Sugar,Grains & Pulses,48-700-8059,Feedfire,91,39,48,$5.00 ,9262 Sullivan Crossing,Active
31-403-6234,Tuna,Seafood,00-258-2525,Thoughtbeat,87,24,66,$18.00 ,35 Waxwing Center,Active
29-092-3453,Spinach,Fruits & Vegetables,41-867-9911,Youbridge,61,17,69,$2.52 ,676 Redwing Trail,Active
34-709-9237,Carrot,Fruits & Vegetables,66-680-8738,Gigaclub,61,81,99,$1.50 ,1509 Hoard Circle,Discontinued
13-962-6263,Sweet Potato,Fruits & Vegetables,26-061-5253,Trupe,49,1,28,$2.00 ,7015 Ramsey Lane,Active
06-731-2162,Lemon,Fruits & Vegetables,17-546-8875,Meejo,87,1,98,$2.50 ,30968 Anzinger Court,Discontinued
10-768-2443,Multigrain Bread,Bakery,44-451-2764,Katz,93,55,95,$3.25 ,4 Orin Lane,Backordered
36-372-2295,Basmati Rice,Grains & Pulses,85-823-7428,Skimia,55,13,71,$4.45 ,98 Bartillon Trail,Backordered
34-538-1180,Sour Cream,Dairy,40-907-4937,Voonder,29,39,80,$4.00 ,19 Aberg Trail,Backordered
98-148-0940,Egg (Chicken),Dairy,06-175-9657,Babblestorm,63,62,18,$0.20 ,588 Waywood Trail,Active
38-390-2115,Potato,Fruits & Vegetables,12-433-6490,Rhyzio,42,69,54,$1.20 ,3 Del Mar Point,Active
02-974-8526,Onion,Fruits & Vegetables,09-387-1119,Mudo,74,4,39,$2.00 ,42 Green Ridge Terrace,Backordered
29-377-7040,Short Grain Rice,Grains & Pulses,59-979-6740,Brightdog,22,77,15,$3.00 ,9431 Clarendon Pass,Active
84-327-7787,Egg (Chicken),Dairy,97-571-0561,Bubblemix,83,35,43,$0.20 ,739 Rowland Way,Discontinued
82-231-4245,Wild Rice,Grains & Pulses,96-177-4040,Kayveo,32,91,80,$10.00 ,77 Monument Court,Discontinued
70-005-5970,Apple,Fruits & Vegetables,18-490-4140,Skaboo,84,46,80,$3.50 ,82955 Dayton Street,Discontinued
63-936-0145,Plum,Fruits & Vegetables,69-415-3675,Thoughtbeat,22,56,72,$4.00 ,95 Kingsford Terrace,Discontinued
08-196-2703,Peas,Fruits & Vegetables,34-315-1199,Youbridge,100,52,2,$3.00 ,56 Esker Park,Backordered
22-778-3553,Cheddar Cheese,Dairy,49-590-1752,Quaxo,36,77,49,$9.00 ,0782 Dapin Avenue,Active
37-610-1999,Halibut,Seafood,19-985-9694,Wikizz,14,67,65,$20.00 ,3 John Wall Point,Discontinued
09-618-2842,White Sugar,Grains & Pulses,68-415-1025,Yambee,38,82,17,$2.00 ,642 Arizona Point,Discontinued
28-968-4195,Eggplant,Fruits & Vegetables,17-562-1176,Blogtag,97,52,80,$3.00 ,5 Loftsgordon Trail,Backordered
55-680-0982,Green Tea,Beverages,57-412-5368,Jetpulse,64,66,28,$8.00 ,0 Sutteridge Trail,Discontinued
43-851-9440,Lime,Fruits & Vegetables,67-674-0287,Camido,14,75,19,$1.90 ,4033 Sloan Hill,Backordered
14-331-3739,Avocado Oil,Oils & Fats,87-159-6467,Voolith,24,89,27,$10.00 ,8 Thackeray Drive,Discontinued
54-830-6971,Tilapia,Seafood,94-006-6480,Dynava,100,61,21,$7.00 ,674 Ryan Alley,Backordered
53-008-2419,Jasmine Rice,Grains & Pulses,86-841-6074,Skyba,62,36,96,$4.75 ,63 Debra Park,Discontinued
39-358-3340,Basmati Rice,Grains & Pulses,86-841-4440,Yamia,71,60,62,$4.50 ,308 Doe Crossing Pass,Discontinued
28-146-2641,Parmesan Cheese,Dairy,82-995-0739,BlogXS,38,67,66,$12.00 ,73 Graedel Street,Discontinued
83-556-0996,Powdered Sugar,Grains & Pulses,81-234-0741,Jabberstorm,88,34,94,$2.40 ,53 Forest Run Plaza,Active
53-805-9523,Sourdough Bread,Bakery,99-864-0256,Rhyloo,40,30,65,$4.50 ,94 Mallory Center,Active
82-977-7752,Spinach,Fruits & Vegetables,57-473-8672,Shuffledrive,88,78,17,$2.50 ,58 Corscot Terrace,Active
62-393-9939,Cheddar Cheese,Dairy,93-877-9384,Gabcube,60,9,89,$9.00 ,5 Oxford Pass,Active
31-745-6850,Cabbage,Fruits & Vegetables,96-215-2767,Lajo,94,90,12,$0.90 ,081 Jana Lane,Active
86-692-2312,Avocado Oil,Oils & Fats,77-783-4107,Dazzlesphere,30,48,52,$10.00 ,00616 Manitowish Parkway,Active
28-044-4102,Papaya,Fruits & Vegetables,93-358-1118,Yakijo,19,28,83,$4.50 ,309 Burning Wood Center,Discontinued
