CustomerID,purchase_frequency,purchase_value,last_purchase_date,customer_activity_days,cluster,cluster_hierarchical,segment
12346,1,77183.6,2011-01-18 10:01:00,325,2,3,High-Value Customers
12347,7,23.681318681318682,2011-12-07 15:52:00,1,0,1,Occasional / Regular Shoppers
12348,4,57.97548387096774,2011-09-25 13:13:00,74,0,1,Occasional / Regular Shoppers
12349,1,24.076027397260273,2011-11-21 09:51:00,18,0,1,Occasional / Regular Shoppers
12350,1,19.67058823529412,2011-02-02 16:01:00,309,1,2,At-Risk / Fading Customers
12352,8,29.482823529411764,2011-11-03 14:37:00,35,0,1,Occasional / Regular Shoppers
12353,1,22.25,2011-05-19 17:47:00,203,1,2,At-Risk / Fading Customers
12354,1,18.610344827586207,2011-04-21 13:11:00,231,1,2,At-Risk / Fading Customers
12355,1,35.338461538461544,2011-05-09 13:49:00,213,1,2,At-Risk / Fading Customers
12356,3,47.65135593220339,2011-11-17 08:40:00,22,0,1,Occasional / Regular Shoppers
12357,1,47.38679389312977,2011-11-06 16:07:00,32,0,1,Occasional / Regular Shoppers
12358,2,61.47684210526315,2011-12-08 10:26:00,1,0,1,Occasional / Regular Shoppers
12359,4,25.755224489795918,2011-10-13 12:47:00,57,0,1,Occasional / Regular Shoppers
12360,3,20.63612403100775,2011-10-18 15:22:00,51,0,1,Occasional / Regular Shoppers
12361,1,18.990000000000002,2011-02-25 13:51:00,286,1,2,At-Risk / Fading Customers
12362,10,19.64748120300752,2011-12-06 15:40:00,2,0,1,Occasional / Regular Shoppers
12363,2,24.0,2011-08-22 10:18:00,109,0,1,Occasional / Regular Shoppers
12364,4,15.448235294117646,2011-12-02 10:22:00,7,0,1,Occasional / Regular Shoppers
12365,2,29.153636363636362,2011-02-21 14:04:00,290,1,2,At-Risk / Fading Customers
12367,1,15.354545454545455,2011-12-05 16:48:00,3,0,1,Occasional / Regular Shoppers
12370,4,21.33698795180723,2011-10-19 14:51:00,50,0,1,Occasional / Regular Shoppers
12371,2,29.96761904761905,2011-10-26 10:16:00,44,0,1,Occasional / Regular Shoppers
12372,3,24.962307692307693,2011-09-29 12:12:00,71,0,1,Occasional / Regular Shoppers
12373,1,26.042857142857144,2011-02-01 13:10:00,310,1,2,At-Risk / Fading Customers
12374,1,22.513030303030305,2011-11-14 15:37:00,24,0,1,Occasional / Regular Shoppers
12375,2,26.91176470588235,2011-11-29 10:36:00,10,0,1,Occasional / Regular Shoppers
12377,2,21.144415584415587,2011-01-28 15:45:00,314,1,2,At-Risk / Fading Customers
12378,1,18.30420091324201,2011-08-02 10:34:00,129,0,1,Occasional / Regular Shoppers
12379,2,21.306,2011-09-19 10:09:00,81,0,1,Occasional / Regular Shoppers
12380,4,26.200096153846154,2011-11-18 11:27:00,21,0,1,Occasional / Regular Shoppers
12381,5,21.21045977011494,2011-12-05 12:44:00,4,0,1,Occasional / Regular Shoppers
12383,5,18.69252525252525,2011-06-08 08:02:00,184,1,2,At-Risk / Fading Customers
12384,2,21.676666666666666,2011-11-11 08:39:00,28,0,1,Occasional / Regular Shoppers
12386,2,40.19,2011-01-06 12:37:00,337,1,2,At-Risk / Fading Customers
12388,6,27.806600000000003,2011-11-24 12:30:00,15,0,1,Occasional / Regular Shoppers
12390,1,17.1825,2011-09-21 09:33:00,79,0,1,Occasional / Regular Shoppers
12391,1,4.72752688172043,2011-11-18 12:07:00,21,0,1,Occasional / Regular Shoppers
12393,4,24.728125000000002,2011-09-28 15:41:00,71,0,1,Occasional / Regular Shoppers
12394,2,47.12888888888889,2011-10-07 08:08:00,63,0,1,Occasional / Regular Shoppers
12395,12,19.350192307692307,2011-11-20 15:21:00,18,0,1,Occasional / Regular Shoppers
12397,2,19.126190476190477,2011-11-04 09:52:00,35,0,1,Occasional / Regular Shoppers
12398,1,19.24305882352941,2011-10-25 10:27:00,45,0,1,Occasional / Regular Shoppers
12399,4,18.790677966101697,2011-08-12 13:15:00,118,0,1,Occasional / Regular Shoppers
12401,1,16.86,2011-02-09 13:50:00,302,1,2,At-Risk / Fading Customers
12402,1,20.50909090909091,2011-01-20 13:49:00,322,1,2,At-Risk / Fading Customers
12403,1,85.53999999999999,2011-10-21 10:51:00,49,0,1,Occasional / Regular Shoppers
12405,1,31.67388888888889,2011-07-14 08:52:00,148,1,2,At-Risk / Fading Customers
12406,2,32.52666666666667,2011-11-17 19:22:00,21,0,1,Occasional / Regular Shoppers
12407,5,22.18337662337662,2011-10-21 10:11:00,49,0,1,Occasional / Regular Shoppers
12408,5,27.51,2011-11-07 12:27:00,32,0,1,Occasional / Regular Shoppers
12409,3,101.58412844036697,2011-09-22 10:38:00,78,0,1,Occasional / Regular Shoppers
12410,2,26.66653846153846,2011-02-04 10:39:00,308,1,2,At-Risk / Fading Customers
12412,3,20.112786885245903,2011-09-26 10:16:00,74,0,1,Occasional / Regular Shoppers
12413,3,19.95,2011-10-04 09:00:00,66,0,1,Occasional / Regular Shoppers
12414,3,31.245000000000005,2011-05-06 14:51:00,216,1,2,At-Risk / Fading Customers
12415,21,174.95032212885152,2011-11-15 14:22:00,23,0,0,Occasional / Regular Shoppers
12417,9,19.005729166666665,2011-12-06 14:52:00,2,0,1,Occasional / Regular Shoppers
12418,1,19.664117647058823,2011-08-19 11:08:00,112,0,1,Occasional / Regular Shoppers
12420,1,20.70310344827586,2011-10-07 08:55:00,63,0,1,Occasional / Regular Shoppers
12421,4,17.93422222222222,2011-11-24 09:07:00,15,0,1,Occasional / Regular Shoppers
12422,3,20.604102564102565,2011-09-05 09:48:00,95,0,1,Occasional / Regular Shoppers
12423,8,14.87448,2011-12-09 10:10:00,0,0,1,Occasional / Regular Shoppers
12424,2,58.69866666666667,2011-06-30 12:06:00,162,1,2,At-Risk / Fading Customers
12425,1,21.58888888888889,2011-09-22 17:31:00,77,0,1,Occasional / Regular Shoppers
12426,1,19.424333333333333,2011-05-29 12:26:00,194,1,2,At-Risk / Fading Customers
12427,3,26.638709677419357,2011-11-18 08:56:00,21,0,1,Occasional / Regular Shoppers
12428,9,27.062789115646257,2011-11-14 08:22:00,25,0,1,Occasional / Regular Shoppers
12429,4,38.66391752577319,2011-11-30 17:22:00,8,0,1,Occasional / Regular Shoppers
12430,1,23.30909090909091,2011-10-27 15:09:00,42,0,1,Occasional / Regular Shoppers
12431,15,27.43568376068376,2011-11-04 11:55:00,35,0,0,Occasional / Regular Shoppers
12432,5,46.845555555555556,2011-10-28 11:43:00,42,0,1,Occasional / Regular Shoppers
12433,7,31.847309523809525,2011-12-09 10:02:00,0,0,1,Occasional / Regular Shoppers
12434,2,16.122799999999998,2011-09-16 12:38:00,84,0,1,Occasional / Regular Shoppers
12435,2,217.49694444444447,2011-09-21 09:06:00,79,0,1,Occasional / Regular Shoppers
12436,1,31.813125,2011-09-01 12:09:00,99,0,1,Occasional / Regular Shoppers
12437,18,24.88145728643216,2011-12-08 11:35:00,1,0,0,Occasional / Regular Shoppers
12438,2,29.66173469387755,2011-11-25 13:28:00,13,0,1,Occasional / Regular Shoppers
12441,1,15.77727272727273,2010-12-08 10:45:00,366,1,2,At-Risk / Fading Customers
12442,1,14.338333333333333,2011-12-06 14:22:00,2,0,1,Occasional / Regular Shoppers
12444,5,28.440113636363638,2011-11-18 13:23:00,20,0,1,Occasional / Regular Shoppers
12445,1,33.35,2011-11-17 18:43:00,21,0,1,Occasional / Regular Shoppers
12446,1,17.584385964912283,2011-10-13 12:50:00,57,0,1,Occasional / Regular Shoppers
12447,1,18.326538461538462,2011-04-10 13:25:00,242,1,2,At-Risk / Fading Customers
12448,1,20.429545454545455,2011-10-26 13:46:00,43,0,1,Occasional / Regular Shoppers
12449,4,21.294712041884818,2011-11-17 13:46:00,21,0,1,Occasional / Regular Shoppers
12450,2,24.735,2011-07-06 14:41:00,155,1,2,At-Risk / Fading Customers
12451,5,25.524067796610172,2011-11-29 08:40:00,10,0,1,Occasional / Regular Shoppers
12452,2,19.57136363636364,2011-11-23 10:28:00,16,0,1,Occasional / Regular Shoppers
12453,1,16.443953488372095,2011-07-28 14:08:00,133,0,1,Occasional / Regular Shoppers
12454,1,235.22266666666667,2011-10-14 17:13:00,55,0,1,Occasional / Regular Shoppers
12455,6,27.409555555555556,2011-09-27 15:31:00,72,0,1,Occasional / Regular Shoppers
12456,3,25.44832,2011-10-26 14:41:00,43,0,1,Occasional / Regular Shoppers
12457,7,38.11661290322581,2011-10-04 13:13:00,65,0,1,Occasional / Regular Shoppers
12458,2,24.931578947368422,2011-09-29 15:25:00,70,0,1,Occasional / Regular Shoppers
12461,2,23.62514285714286,2011-09-06 16:57:00,93,0,1,Occasional / Regular Shoppers
12462,2,19.186935483870965,2011-11-21 09:11:00,18,0,1,Occasional / Regular Shoppers
12463,4,16.202168674698793,2011-10-17 13:44:00,52,0,1,Occasional / Regular Shoppers
12464,8,41.79482758620689,2011-11-29 13:33:00,9,0,1,Occasional / Regular Shoppers
12465,2,15.791276595744682,2011-11-22 16:34:00,16,0,1,Occasional / Regular Shoppers
12468,2,19.198421052631577,2011-06-05 11:36:00,187,1,2,At-Risk / Fading Customers
12471,30,43.11252723311547,2011-12-07 15:43:00,1,0,0,Occasional / Regular Shoppers
12472,7,19.386755162241887,2011-11-07 14:01:00,31,0,1,Occasional / Regular Shoppers
12473,5,23.521257485029942,2011-11-10 13:46:00,28,0,1,Occasional / Regular Shoppers
12474,18,17.355663507109004,2011-11-22 14:39:00,16,0,0,Occasional / Regular Shoppers
12475,1,20.093888888888888,2011-10-17 10:10:00,53,0,1,Occasional / Regular Shoppers
12476,11,29.255021459227468,2011-11-24 12:40:00,15,0,1,Occasional / Regular Shoppers
12477,6,44.065799999999996,2011-11-17 09:51:00,22,0,1,Occasional / Regular Shoppers
12478,1,18.91638888888889,2011-12-06 09:56:00,3,0,1,Occasional / Regular Shoppers
12479,1,17.006451612903227,2011-11-28 13:26:00,10,0,1,Occasional / Regular Shoppers
12480,4,21.309285714285714,2011-11-11 14:52:00,27,0,1,Occasional / Regular Shoppers
12481,10,25.8325,2011-11-17 08:29:00,22,0,1,Occasional / Regular Shoppers
12483,8,33.133066666666664,2011-11-22 17:02:00,16,0,1,Occasional / Regular Shoppers
12484,6,13.199183673469387,2011-11-07 11:37:00,32,0,1,Occasional / Regular Shoppers
12488,3,23.612000000000002,2011-11-30 08:50:00,9,0,1,Occasional / Regular Shoppers
12489,1,22.328666666666667,2011-01-07 13:13:00,335,1,2,At-Risk / Fading Customers
12490,10,22.114,2011-12-04 16:07:00,4,0,1,Occasional / Regular Shoppers
12491,1,17.70769230769231,2011-11-01 12:18:00,38,0,1,Occasional / Regular Shoppers
12492,2,13.160500000000003,2011-10-07 15:15:00,62,0,1,Occasional / Regular Shoppers
12493,2,19.715454545454545,2011-06-27 10:17:00,165,1,2,At-Risk / Fading Customers
12494,7,16.18311688311688,2011-11-24 09:34:00,15,0,1,Occasional / Regular Shoppers
12497,1,74.50714285714285,2011-09-19 12:29:00,81,0,1,Occasional / Regular Shoppers
12498,3,17.55217391304348,2011-11-18 12:53:00,20,0,1,Occasional / Regular Shoppers
12500,11,69.80032786885245,2011-11-16 16:20:00,22,0,1,Occasional / Regular Shoppers
12501,1,14.559664429530201,2011-01-07 12:28:00,336,1,2,At-Risk / Fading Customers
12502,5,25.332448979591835,2011-09-05 11:52:00,95,0,1,Occasional / Regular Shoppers
12504,2,53.5611111111111,2011-11-21 16:02:00,17,0,1,Occasional / Regular Shoppers
12506,1,3.1956521739130435,2011-04-21 08:54:00,232,1,2,At-Risk / Fading Customers
12507,3,62.13380952380952,2011-07-28 17:09:00,133,0,1,Occasional / Regular Shoppers
12508,2,5.851176470588236,2011-11-13 15:37:00,25,0,1,Occasional / Regular Shoppers
12509,1,25.214285714285715,2011-02-28 14:45:00,283,1,2,At-Risk / Fading Customers
12510,2,29.774848484848484,2011-07-20 10:15:00,142,1,2,At-Risk / Fading Customers
12512,2,4.263870967741935,2011-10-04 14:55:00,65,0,1,Occasional / Regular Shoppers
12513,1,17.494,2011-08-19 10:51:00,112,0,1,Occasional / Regular Shoppers
12514,1,19.95450980392157,2011-03-17 16:38:00,266,1,2,At-Risk / Fading Customers
12515,1,23.98125,2010-12-21 15:43:00,352,1,2,At-Risk / Fading Customers
12516,2,50.46384615384615,2011-09-23 09:13:00,77,0,1,Occasional / Regular Shoppers
12517,5,8.894623655913978,2011-11-11 14:04:00,27,0,1,Occasional / Regular Shoppers
12518,5,16.58782258064516,2011-12-09 10:13:00,0,0,1,Occasional / Regular Shoppers
12519,1,19.46117647058824,2011-10-07 09:26:00,63,0,1,Occasional / Regular Shoppers
12520,5,17.330657894736845,2011-09-21 15:23:00,78,0,1,Occasional / Regular Shoppers
12521,1,15.781052631578946,2011-07-20 10:51:00,142,1,2,At-Risk / Fading Customers
12522,2,16.06,2011-10-31 15:30:00,38,0,1,Occasional / Regular Shoppers
12523,11,16.884622641509434,2011-11-20 12:55:00,18,0,1,Occasional / Regular Shoppers
12524,8,31.150833333333335,2011-11-30 15:31:00,8,0,1,Occasional / Regular Shoppers
12526,3,18.54450704225352,2011-12-09 12:09:00,0,0,1,Occasional / Regular Shoppers
12527,3,19.37277777777778,2011-09-19 11:55:00,81,0,1,Occasional / Regular Shoppers
12528,6,21.01608695652174,2011-11-30 14:40:00,8,0,1,Occasional / Regular Shoppers
12530,4,25.186060606060607,2011-10-11 12:34:00,59,0,1,Occasional / Regular Shoppers
12531,1,7.365882352941177,2011-11-25 11:12:00,14,0,1,Occasional / Regular Shoppers
12532,1,21.864375000000003,2011-11-09 13:47:00,29,0,1,Occasional / Regular Shoppers
12534,1,17.28857142857143,2011-08-01 10:26:00,130,0,1,Occasional / Regular Shoppers
12535,2,21.069117647058825,2011-09-09 08:48:00,91,0,1,Occasional / Regular Shoppers
12536,3,48.282873563218395,2011-10-27 14:20:00,42,0,1,Occasional / Regular Shoppers
12538,1,17.33095238095238,2011-11-10 17:16:00,28,0,1,Occasional / Regular Shoppers
12539,4,20.396886446886448,2011-11-17 13:30:00,21,0,1,Occasional / Regular Shoppers
12540,17,28.03397489539749,2011-11-20 11:31:00,19,0,0,Occasional / Regular Shoppers
12541,3,18.868846153846153,2011-11-10 10:40:00,29,0,1,Occasional / Regular Shoppers
12544,1,19.61578947368421,2011-11-03 16:15:00,35,0,1,Occasional / Regular Shoppers
12545,2,20.0078,2011-09-25 13:39:00,74,0,1,Occasional / Regular Shoppers
12546,2,16.833333333333332,2011-10-24 12:09:00,46,0,1,Occasional / Regular Shoppers
12547,2,25.975,2011-05-26 12:38:00,197,1,2,At-Risk / Fading Customers
12548,1,19.04,2011-06-26 15:35:00,165,1,2,At-Risk / Fading Customers
12550,1,16.92684210526316,2011-09-21 14:35:00,78,0,1,Occasional / Regular Shoppers
12551,1,16.8,2010-12-17 11:23:00,357,1,2,At-Risk / Fading Customers
12552,2,21.891,2011-11-01 10:02:00,38,0,1,Occasional / Regular Shoppers
12553,10,19.33130890052356,2011-12-01 16:38:00,7,0,1,Occasional / Regular Shoppers
12556,2,5.038319327731092,2011-10-20 13:06:00,49,0,1,Occasional / Regular Shoppers
12557,5,363.36242424242425,2011-11-23 16:59:00,15,0,1,Occasional / Regular Shoppers
12558,1,24.54181818181818,2011-12-02 10:41:00,7,0,1,Occasional / Regular Shoppers
12559,2,26.74809523809524,2011-02-02 09:49:00,310,1,2,At-Risk / Fading Customers
12560,3,20.323904761904764,2011-12-04 13:54:00,4,0,1,Occasional / Regular Shoppers
12561,1,14.928125,2011-02-10 11:39:00,302,1,2,At-Risk / Fading Customers
12562,7,22.510357142857146,2011-12-01 17:20:00,7,0,1,Occasional / Regular Shoppers
12564,1,21.75714285714286,2011-03-23 14:55:00,260,1,2,At-Risk / Fading Customers
12565,1,16.213333333333335,2011-02-24 10:34:00,288,1,2,At-Risk / Fading Customers
12566,1,18.507894736842104,2011-09-14 14:30:00,85,0,1,Occasional / Regular Shoppers
12567,10,21.079103139013455,2011-11-17 11:02:00,22,0,1,Occasional / Regular Shoppers
12569,32,21.93984042553192,2011-12-07 16:24:00,1,0,0,Occasional / Regular Shoppers
12571,2,15.28264705882353,2011-10-31 10:19:00,39,0,1,Occasional / Regular Shoppers
12572,2,17.007,2011-12-01 09:20:00,8,0,1,Occasional / Regular Shoppers
12573,1,5.733571428571429,2011-04-26 15:52:00,226,1,2,At-Risk / Fading Customers
12574,1,19.85909090909091,2011-01-28 09:20:00,315,1,2,At-Risk / Fading Customers
12576,5,14.952613636363635,2011-11-04 10:11:00,35,0,1,Occasional / Regular Shoppers
12577,3,4.291780821917809,2011-11-04 13:24:00,34,0,1,Occasional / Regular Shoppers
12578,2,24.51324561403509,2011-11-18 13:30:00,20,0,1,Occasional / Regular Shoppers
12579,1,15.18689655172414,2011-09-22 17:15:00,77,0,1,Occasional / Regular Shoppers
12580,1,17.320833333333333,2011-04-07 10:24:00,246,1,2,At-Risk / Fading Customers
12581,1,13.180666666666667,2011-10-31 08:56:00,39,0,1,Occasional / Regular Shoppers
12582,2,23.243636363636366,2011-04-15 08:45:00,238,1,2,At-Risk / Fading Customers
12583,15,29.47927125506073,2011-12-07 08:07:00,2,0,0,Occasional / Regular Shoppers
12584,9,24.355729166666666,2011-12-06 09:35:00,3,0,1,Occasional / Regular Shoppers
12585,2,23.44942528735632,2011-04-19 13:39:00,233,1,2,At-Risk / Fading Customers
12586,1,17.903636363636366,2011-11-22 16:24:00,16,0,1,Occasional / Regular Shoppers
12587,1,36.0,2011-12-02 12:47:00,7,0,1,Occasional / Regular Shoppers
12588,1,21.49,2011-10-31 15:01:00,38,0,1,Occasional / Regular Shoppers
12589,2,18.47657142857143,2011-11-11 10:19:00,28,0,1,Occasional / Regular Shoppers
12590,2,145.06264705882353,2011-05-12 14:52:00,210,1,2,At-Risk / Fading Customers
12591,1,17.41730769230769,2011-01-26 14:35:00,316,1,2,At-Risk / Fading Customers
12592,2,24.311111111111114,2011-09-08 15:04:00,91,0,1,Occasional / Regular Shoppers
12593,3,19.90952380952381,2011-08-23 12:43:00,108,0,1,Occasional / Regular Shoppers
12594,10,28.290000000000003,2011-11-02 12:20:00,37,0,1,Occasional / Regular Shoppers
12596,2,22.898888888888887,2011-10-19 13:02:00,50,0,1,Occasional / Regular Shoppers
12597,4,18.50106796116505,2011-11-20 13:33:00,18,0,1,Occasional / Regular Shoppers
12598,8,22.902121212121212,2011-11-30 12:18:00,9,0,1,Occasional / Regular Shoppers
12599,7,16.654516129032256,2011-11-10 13:34:00,28,0,1,Occasional / Regular Shoppers
12600,10,40.61,2011-11-11 10:29:00,28,0,1,Occasional / Regular Shoppers
12601,5,20.609285714285715,2011-06-03 10:17:00,189,1,2,At-Risk / Fading Customers
12602,1,12.76,2011-10-12 11:22:00,58,0,1,Occasional / Regular Shoppers
12603,1,369.59999999999997,2011-11-18 10:42:00,21,0,1,Occasional / Regular Shoppers
12604,2,15.88625,2011-09-21 14:08:00,78,0,1,Occasional / Regular Shoppers
12607,1,15.63871287128713,2011-10-10 16:06:00,59,0,1,Occasional / Regular Shoppers
12609,3,18.78083333333333,2011-09-22 16:34:00,77,0,1,Occasional / Regular Shoppers
12610,5,19.80698113207547,2011-11-17 09:34:00,22,0,1,Occasional / Regular Shoppers
12611,1,18.35876923076923,2011-10-18 13:12:00,51,0,1,Occasional / Regular Shoppers
12612,1,37.054736842105264,2011-09-26 15:35:00,73,0,1,Occasional / Regular Shoppers
12613,5,21.858692810457516,2011-10-13 14:59:00,56,0,1,Occasional / Regular Shoppers
12614,1,15.780000000000001,2011-03-07 10:22:00,277,1,2,At-Risk / Fading Customers
12615,4,21.820857142857143,2011-12-07 15:02:00,1,0,1,Occasional / Regular Shoppers
12616,2,22.290625,2011-09-05 15:17:00,94,0,1,Occasional / Regular Shoppers
12617,1,8.609268292682927,2011-11-10 14:39:00,28,0,1,Occasional / Regular Shoppers
12618,1,16.11909090909091,2011-11-18 11:10:00,21,0,1,Occasional / Regular Shoppers
12619,9,40.45822222222222,2011-11-23 14:52:00,15,0,1,Occasional / Regular Shoppers
12620,3,14.558804347826088,2011-11-25 10:20:00,14,0,1,Occasional / Regular Shoppers
12621,20,29.31406852248394,2011-12-08 11:25:00,1,0,0,Occasional / Regular Shoppers
12622,1,16.37272727272727,2011-04-21 16:39:00,231,1,2,At-Risk / Fading Customers
12623,1,16.950000000000003,2011-03-08 13:50:00,275,1,2,At-Risk / Fading Customers
12624,2,16.87184210526316,2011-08-25 15:04:00,105,0,1,Occasional / Regular Shoppers
12625,2,31.207209302325584,2011-05-12 09:54:00,211,1,2,At-Risk / Fading Customers
12626,9,22.518639455782314,2011-11-16 16:06:00,22,0,1,Occasional / Regular Shoppers
12627,7,19.47186956521739,2011-11-29 12:07:00,10,0,1,Occasional / Regular Shoppers
12628,3,19.181951219512197,2011-12-05 13:15:00,3,0,1,Occasional / Regular Shoppers
12630,2,19.8575,2011-11-30 10:48:00,9,0,1,Occasional / Regular Shoppers
12631,1,20.661290322580644,2011-10-13 13:53:00,56,0,1,Occasional / Regular Shoppers
12633,4,21.425544554455445,2011-10-12 11:40:00,58,0,1,Occasional / Regular Shoppers
12635,2,16.724554455445546,2011-09-11 11:04:00,89,0,1,Occasional / Regular Shoppers
12637,8,15.714397905759162,2011-10-03 13:46:00,66,0,1,Occasional / Regular Shoppers
12638,1,17.222820512820515,2011-11-06 13:11:00,32,0,1,Occasional / Regular Shoppers
12639,1,22.095454545454547,2011-04-15 12:48:00,238,1,2,At-Risk / Fading Customers
12640,3,22.16188679245283,2011-11-16 11:52:00,23,0,1,Occasional / Regular Shoppers
12641,1,18.59,2011-08-16 13:26:00,114,0,1,Occasional / Regular Shoppers
12642,3,21.558723404255318,2011-11-14 15:03:00,24,0,1,Occasional / Regular Shoppers
12643,6,139.35999999999999,2011-08-03 12:56:00,127,0,1,Occasional / Regular Shoppers
12644,1,15.416451612903225,2011-08-02 10:33:00,129,0,1,Occasional / Regular Shoppers
12645,4,24.31753424657534,2011-11-06 12:38:00,33,0,1,Occasional / Regular Shoppers
12646,2,29.932666666666666,2011-12-05 10:14:00,4,0,1,Occasional / Regular Shoppers
12647,12,30.76710743801653,2011-11-17 12:56:00,21,0,1,Occasional / Regular Shoppers
12648,1,15.145238095238096,2011-07-08 11:55:00,154,1,2,At-Risk / Fading Customers
12649,3,20.113225806451613,2011-08-24 14:41:00,106,0,1,Occasional / Regular Shoppers
12650,1,15.722,2011-12-06 16:34:00,2,0,1,Occasional / Regular Shoppers
12651,1,12.666666666666666,2011-01-09 12:46:00,334,1,2,At-Risk / Fading Customers
12652,1,19.16625,2011-01-12 15:00:00,330,1,2,At-Risk / Fading Customers
12653,2,51.391860465116274,2011-07-14 10:41:00,148,1,2,At-Risk / Fading Customers
12654,5,15.841578947368422,2011-11-29 10:10:00,10,0,1,Occasional / Regular Shoppers
12656,5,32.152142857142856,2011-11-22 13:42:00,16,0,1,Occasional / Regular Shoppers
12657,4,34.961276595744685,2011-11-28 15:47:00,10,0,1,Occasional / Regular Shoppers
12658,1,19.056944444444444,2011-11-21 10:22:00,18,0,1,Occasional / Regular Shoppers
12659,1,18.336000000000002,2011-11-10 11:53:00,29,0,1,Occasional / Regular Shoppers
12660,1,18.853846153846156,2011-11-28 13:26:00,10,0,1,Occasional / Regular Shoppers
12662,11,16.73817391304348,2011-12-09 11:59:00,0,0,1,Occasional / Regular Shoppers
12664,9,131.94270270270272,2011-12-01 17:07:00,7,0,1,Occasional / Regular Shoppers
12665,1,21.0,2011-01-19 08:34:00,324,1,2,At-Risk / Fading Customers
12667,1,18.791818181818183,2011-10-12 17:00:00,57,0,1,Occasional / Regular Shoppers
12668,4,23.64689440993789,2011-11-28 10:56:00,11,0,1,Occasional / Regular Shoppers
12669,3,27.168613861386135,2011-07-12 09:54:00,150,1,2,At-Risk / Fading Customers
12670,5,32.56576086956522,2011-11-29 15:23:00,9,0,1,Occasional / Regular Shoppers
12672,1,22.59,2011-01-14 09:20:00,329,1,2,At-Risk / Fading Customers
12673,2,14.536190476190475,2011-12-04 13:55:00,4,0,1,Occasional / Regular Shoppers
12674,4,23.742168674698792,2011-11-01 12:12:00,38,0,1,Occasional / Regular Shoppers
12676,6,29.586444444444446,2011-11-15 12:25:00,24,0,1,Occasional / Regular Shoppers
12678,12,106.83915151515151,2011-10-28 13:04:00,41,0,1,Occasional / Regular Shoppers
12679,4,23.187916666666666,2011-10-12 12:30:00,58,0,1,Occasional / Regular Shoppers
12680,4,16.592499999999998,2011-12-09 12:50:00,0,0,1,Occasional / Regular Shoppers
12681,22,21.610564263322885,2011-11-25 11:33:00,14,0,0,Occasional / Regular Shoppers
12682,31,23.434770992366413,2011-12-06 10:00:00,3,0,0,Occasional / Regular Shoppers
12683,15,24.641191860465117,2011-12-05 16:31:00,3,0,0,Occasional / Regular Shoppers
12684,7,21.748857142857144,2011-12-02 09:53:00,7,0,1,Occasional / Regular Shoppers
12685,6,18.236178343949042,2011-11-11 13:46:00,27,0,1,Occasional / Regular Shoppers
12686,1,12.734285714285715,2010-12-03 09:51:00,371,1,2,At-Risk / Fading Customers
12688,1,28.50181286549708,2011-08-18 08:49:00,113,0,1,Occasional / Regular Shoppers
12689,2,17.327916666666667,2011-11-14 08:31:00,25,0,1,Occasional / Regular Shoppers
12690,1,24.313125,2011-05-18 09:09:00,205,1,2,At-Risk / Fading Customers
12691,6,32.36875,2011-11-11 16:49:00,27,0,1,Occasional / Regular Shoppers
12693,4,21.946410256410257,2011-08-04 17:51:00,126,0,1,Occasional / Regular Shoppers
12694,2,23.504594594594593,2011-09-30 13:06:00,69,0,1,Occasional / Regular Shoppers
12695,4,21.55925925925926,2011-12-02 13:22:00,6,0,1,Occasional / Regular Shoppers
12697,3,23.355853658536585,2011-11-11 08:47:00,28,0,1,Occasional / Regular Shoppers
12700,4,18.432798507462685,2011-12-02 10:47:00,7,0,1,Occasional / Regular Shoppers
12701,2,15.051132075471699,2011-09-21 10:47:00,79,0,1,Occasional / Regular Shoppers
12702,1,18.25,2011-11-20 10:36:00,19,0,1,Occasional / Regular Shoppers
12703,1,13.502380952380953,2011-09-29 17:52:00,70,0,1,Occasional / Regular Shoppers
12704,8,26.600454545454546,2011-12-02 13:15:00,6,0,1,Occasional / Regular Shoppers
12705,9,20.56374251497006,2011-11-24 13:17:00,14,0,1,Occasional / Regular Shoppers
12707,1,18.285454545454545,2011-02-21 08:38:00,291,1,2,At-Risk / Fading Customers
12708,10,17.27968152866242,2011-11-10 09:52:00,29,0,1,Occasional / Regular Shoppers
12709,15,46.891400966183575,2011-11-24 15:38:00,14,0,0,Occasional / Regular Shoppers
12710,3,14.922337662337663,2011-09-04 12:00:00,96,0,1,Occasional / Regular Shoppers
12712,13,33.053609022556394,2011-11-11 08:19:00,28,0,1,Occasional / Regular Shoppers
12713,1,22.330263157894734,2011-12-09 12:16:00,0,0,1,Occasional / Regular Shoppers
12714,5,18.18092664092664,2011-11-30 15:43:00,8,0,1,Occasional / Regular Shoppers
12715,1,17.168,2011-08-25 15:22:00,105,0,1,Occasional / Regular Shoppers
12716,2,15.267971014492753,2011-12-06 08:55:00,3,0,1,Occasional / Regular Shoppers
12717,2,18.74509090909091,2011-07-11 14:47:00,150,1,2,At-Risk / Fading Customers
12718,1,12.539473684210526,2011-09-29 16:38:00,70,0,1,Occasional / Regular Shoppers
12719,2,16.53717948717949,2011-12-04 13:45:00,4,0,1,Occasional / Regular Shoppers
12720,25,16.33257062146893,2011-12-07 08:03:00,2,0,0,Occasional / Regular Shoppers
12721,6,16.497701863354038,2011-11-08 12:13:00,31,0,1,Occasional / Regular Shoppers
12722,4,18.82320754716981,2011-09-15 14:50:00,84,0,1,Occasional / Regular Shoppers
12723,5,10.508260869565218,2011-12-06 10:19:00,3,0,1,Occasional / Regular Shoppers
12724,4,19.460566037735852,2011-12-04 16:02:00,4,0,1,Occasional / Regular Shoppers
12725,1,17.825,2010-12-03 15:45:00,370,1,2,At-Risk / Fading Customers
12726,7,21.041129032258063,2011-11-11 13:35:00,27,0,1,Occasional / Regular Shoppers
12727,7,28.63812949640288,2011-11-29 11:46:00,10,0,1,Occasional / Regular Shoppers
12728,4,18.18108695652174,2011-09-29 15:31:00,70,0,1,Occasional / Regular Shoppers
12729,1,17.423461538461538,2011-08-18 11:40:00,113,0,1,Occasional / Regular Shoppers
12731,12,68.96317518248175,2011-11-16 11:59:00,23,0,1,Occasional / Regular Shoppers
12732,1,19.688333333333336,2011-06-13 11:33:00,179,1,2,At-Risk / Fading Customers
12733,1,17.452272727272728,2011-04-19 16:19:00,233,1,2,At-Risk / Fading Customers
12734,1,27.599999999999998,2010-12-22 12:47:00,352,1,2,At-Risk / Fading Customers
12735,2,18.12953488372093,2011-01-28 13:37:00,314,1,2,At-Risk / Fading Customers
12736,1,58.5,2011-01-11 07:57:00,332,1,2,At-Risk / Fading Customers
12738,1,14.122727272727273,2010-12-02 18:27:00,371,1,2,At-Risk / Fading Customers
12739,2,26.658947368421053,2011-09-22 13:00:00,77,0,1,Occasional / Regular Shoppers
12740,1,15.837037037037037,2011-10-07 10:44:00,63,0,1,Occasional / Regular Shoppers
12743,2,4.123129770992366,2011-07-28 16:21:00,133,0,1,Occasional / Regular Shoppers
12744,7,95.85265765765766,2011-10-19 11:18:00,51,0,1,Occasional / Regular Shoppers
12747,11,40.737961165048546,2011-12-07 14:34:00,1,0,1,Occasional / Regular Shoppers
12748,209,7.491656844968269,2011-12-09 12:20:00,0,3,0,VIP / Loyal Customers
12749,5,20.55718592964824,2011-12-06 09:56:00,3,0,1,Occasional / Regular Shoppers
12750,1,18.392,2011-08-03 09:13:00,128,0,1,Occasional / Regular Shoppers
12752,1,82.3920754716981,2011-09-19 13:32:00,80,0,1,Occasional / Regular Shoppers
12753,6,108.77862944162436,2011-11-17 10:52:00,22,0,1,Occasional / Regular Shoppers
12754,3,47.78952380952381,2011-04-18 09:00:00,235,1,2,At-Risk / Fading Customers
12755,2,952.9875000000001,2011-03-04 12:42:00,280,1,2,At-Risk / Fading Customers
12756,1,28.02,2011-09-14 09:31:00,86,0,1,Occasional / Regular Shoppers
12757,13,21.52376373626374,2011-11-24 12:30:00,15,0,1,Occasional / Regular Shoppers
12758,2,28.779278350515465,2011-08-15 10:22:00,116,0,1,Occasional / Regular Shoppers
12759,3,16.12042105263158,2011-10-18 14:49:00,51,0,1,Occasional / Regular Shoppers
12762,2,27.51478260869565,2011-12-02 10:23:00,7,0,1,Occasional / Regular Shoppers
12763,2,27.448888888888888,2011-07-24 14:12:00,137,0,2,Occasional / Regular Shoppers
12764,1,37.64177777777778,2011-01-27 10:19:00,316,1,2,At-Risk / Fading Customers
12766,7,22.547193548387096,2011-12-06 08:46:00,3,0,1,Occasional / Regular Shoppers
12769,1,35.7375,2011-04-15 10:25:00,238,1,2,At-Risk / Fading Customers
12770,1,112.62083333333334,2011-05-13 09:33:00,210,1,2,At-Risk / Fading Customers
12772,1,16.226727272727274,2011-10-11 09:19:00,59,0,1,Occasional / Regular Shoppers
12775,5,21.00060606060606,2011-11-22 16:33:00,16,0,1,Occasional / Regular Shoppers
12778,6,16.4446,2011-11-20 11:30:00,19,0,1,Occasional / Regular Shoppers
12779,8,26.72053691275168,2011-11-02 11:43:00,37,0,1,Occasional / Regular Shoppers
12781,2,33.0696,2011-10-07 10:37:00,63,0,1,Occasional / Regular Shoppers
12782,5,22.630291262135923,2011-12-05 09:16:00,4,0,1,Occasional / Regular Shoppers
12783,6,26.49892857142857,2011-12-07 15:56:00,1,0,1,Occasional / Regular Shoppers
12784,2,9.347719298245615,2011-11-30 15:38:00,8,0,1,Occasional / Regular Shoppers
12785,1,22.282142857142855,2010-12-10 13:48:00,363,1,2,At-Risk / Fading Customers
12787,3,23.183,2011-11-30 08:44:00,9,0,1,Occasional / Regular Shoppers
12789,1,22.9625,2011-10-05 13:34:00,64,0,1,Occasional / Regular Shoppers
12790,1,15.472380952380954,2011-05-31 14:14:00,191,1,2,At-Risk / Fading Customers
12791,1,96.30000000000001,2010-12-01 11:27:00,373,1,2,At-Risk / Fading Customers
12792,1,16.0216,2011-03-28 11:36:00,256,1,2,At-Risk / Fading Customers
12793,2,22.728333333333335,2011-01-09 12:12:00,334,1,2,At-Risk / Fading Customers
12794,2,19.12022222222222,2011-10-17 14:54:00,52,0,1,Occasional / Regular Shoppers
12795,1,30.74857142857143,2011-11-21 10:27:00,18,0,1,Occasional / Regular Shoppers
12797,1,19.540769230769232,2010-12-09 10:55:00,365,1,2,At-Risk / Fading Customers
12798,3,872.13,2011-11-29 15:52:00,9,0,1,Occasional / Regular Shoppers
12802,1,17.1032,2011-06-06 09:36:00,186,1,2,At-Risk / Fading Customers
12808,3,17.273214285714285,2011-11-03 10:05:00,36,0,1,Occasional / Regular Shoppers
12809,1,19.572400000000002,2011-06-15 10:51:00,177,1,2,At-Risk / Fading Customers
12811,3,16.608064516129033,2011-03-24 09:42:00,260,1,2,At-Risk / Fading Customers
12812,1,15.309333333333335,2011-10-26 09:54:00,44,0,1,Occasional / Regular Shoppers
12814,1,62.96,2011-08-30 12:11:00,101,0,1,Occasional / Regular Shoppers
12815,2,22.6268085106383,2011-07-15 10:21:00,147,1,2,At-Risk / Fading Customers
12816,2,19.731034482758623,2011-09-05 12:41:00,95,0,1,Occasional / Regular Shoppers
12817,1,41.510000000000005,2011-03-03 16:28:00,280,1,2,At-Risk / Fading Customers
12818,1,110.14857142857143,2011-03-23 12:06:00,261,1,2,At-Risk / Fading Customers
12820,4,15.97186440677966,2011-12-06 15:12:00,2,0,1,Occasional / Regular Shoppers
12821,1,15.453333333333333,2011-05-09 15:51:00,213,1,2,At-Risk / Fading Customers
12822,2,20.62782608695652,2011-09-30 10:04:00,70,0,1,Occasional / Regular Shoppers
12823,5,351.9,2011-09-26 07:35:00,74,0,1,Occasional / Regular Shoppers
12824,1,15.8848,2011-10-11 12:49:00,59,0,1,Occasional / Regular Shoppers
12826,7,16.205714285714286,2011-12-07 10:25:00,2,0,1,Occasional / Regular Shoppers
12827,3,17.206,2011-12-04 12:17:00,5,0,1,Occasional / Regular Shoppers
12828,6,18.19125,2011-12-07 08:45:00,2,0,1,Occasional / Regular Shoppers
12829,2,26.636363636363637,2011-01-07 11:13:00,336,1,2,At-Risk / Fading Customers
12830,6,179.33263157894737,2011-11-02 11:54:00,37,0,1,Occasional / Regular Shoppers
12831,1,23.894444444444446,2011-03-22 13:02:00,261,1,2,At-Risk / Fading Customers
12832,2,14.186296296296298,2011-11-07 13:30:00,31,0,1,Occasional / Regular Shoppers
12833,1,17.390833333333333,2011-07-17 13:46:00,144,1,2,At-Risk / Fading Customers
12834,1,17.354444444444443,2011-03-02 09:49:00,282,1,2,At-Risk / Fading Customers
12836,4,15.002068965517243,2011-10-11 15:10:00,58,0,1,Occasional / Regular Shoppers
12837,1,11.174999999999999,2011-06-19 16:07:00,172,1,2,At-Risk / Fading Customers
12838,2,5.599583333333333,2011-11-06 12:20:00,33,0,1,Occasional / Regular Shoppers
12839,14,17.80707006369427,2011-12-07 12:33:00,2,0,0,Occasional / Regular Shoppers
12840,4,24.13070796460177,2011-07-19 09:29:00,143,0,1,Occasional / Regular Shoppers
12841,25,9.641497584541062,2011-12-05 11:13:00,4,0,0,Occasional / Regular Shoppers
12842,2,32.9114705882353,2011-09-30 15:33:00,69,0,1,Occasional / Regular Shoppers
12843,8,16.526796116504855,2011-10-05 12:09:00,65,0,1,Occasional / Regular Shoppers
12844,2,6.268461538461539,2011-11-10 13:31:00,28,0,1,Occasional / Regular Shoppers
12845,4,13.114444444444446,2011-03-17 13:34:00,266,1,2,At-Risk / Fading Customers
12847,1,10.043333333333333,2011-11-17 13:16:00,21,0,1,Occasional / Regular Shoppers
12849,2,21.047708333333333,2011-11-08 13:41:00,30,0,1,Occasional / Regular Shoppers
12851,1,2.8044680851063832,2011-09-04 12:41:00,96,0,1,Occasional / Regular Shoppers
12852,1,18.326470588235296,2011-02-18 08:47:00,294,1,2,At-Risk / Fading Customers
12853,6,25.09102564102564,2011-07-28 11:29:00,134,0,1,Occasional / Regular Shoppers
12854,3,12.075688073394495,2011-09-22 12:15:00,78,0,1,Occasional / Regular Shoppers
12855,1,12.700000000000001,2010-12-02 09:37:00,372,1,2,At-Risk / Fading Customers
12856,6,6.98,2011-12-02 10:52:00,7,0,1,Occasional / Regular Shoppers
12857,2,24.05217391304348,2011-05-13 10:20:00,210,1,2,At-Risk / Fading Customers
12863,1,104.24000000000001,2011-10-18 14:15:00,51,0,1,Occasional / Regular Shoppers
12864,1,49.04,2011-07-24 13:03:00,137,0,1,Occasional / Regular Shoppers
12865,2,16.507684210526318,2011-11-13 14:31:00,25,0,1,Occasional / Regular Shoppers
12866,1,21.504615384615384,2011-03-01 14:11:00,282,1,2,At-Risk / Fading Customers
12867,7,7.50812734082397,2011-11-13 15:30:00,25,0,1,Occasional / Regular Shoppers
12868,6,15.0192523364486,2011-06-07 10:42:00,185,1,2,At-Risk / Fading Customers
12871,2,34.60363636363636,2011-09-16 15:07:00,83,0,1,Occasional / Regular Shoppers
12872,2,9.090454545454547,2011-01-17 10:52:00,326,1,2,At-Risk / Fading Customers
12873,1,93.5,2011-03-02 14:58:00,281,1,2,At-Risk / Fading Customers
12875,2,171.61500000000004,2011-07-19 15:30:00,142,1,2,At-Risk / Fading Customers
12876,2,26.09435294117647,2011-10-13 12:26:00,57,0,1,Occasional / Regular Shoppers
12877,12,9.972532467532467,2011-12-06 10:30:00,3,0,1,Occasional / Regular Shoppers
12878,2,18.191276595744682,2011-04-17 13:07:00,235,1,2,At-Risk / Fading Customers
12879,3,57.322,2011-10-26 12:24:00,44,0,1,Occasional / Regular Shoppers
12881,1,42.57142857142857,2011-03-09 11:44:00,275,1,2,At-Risk / Fading Customers
12882,2,112.54153846153847,2011-11-30 16:18:00,8,0,1,Occasional / Regular Shoppers
12883,4,16.749285714285715,2011-11-15 09:32:00,24,0,1,Occasional / Regular Shoppers
12884,1,44.15,2011-09-12 13:10:00,87,0,1,Occasional / Regular Shoppers
12885,3,16.552394366197184,2011-10-07 13:40:00,62,0,1,Occasional / Regular Shoppers
12886,2,16.809756097560978,2011-10-03 10:09:00,67,0,1,Occasional / Regular Shoppers
12888,2,70.824,2011-05-09 16:02:00,213,1,2,At-Risk / Fading Customers
12890,1,4.768607594936708,2011-11-15 17:26:00,23,0,1,Occasional / Regular Shoppers
12891,3,110.33333333333333,2011-06-07 12:31:00,185,1,2,At-Risk / Fading Customers
12893,1,5.695161290322581,2011-11-09 12:34:00,30,0,1,Occasional / Regular Shoppers
12895,2,16.945454545454545,2011-10-28 13:51:00,41,0,1,Occasional / Regular Shoppers
12897,2,54.125,2011-05-19 12:13:00,204,1,2,At-Risk / Fading Customers
12901,28,152.19431034482758,2011-12-01 10:07:00,8,0,0,Occasional / Regular Shoppers
12902,1,13.868,2011-03-20 12:06:00,264,1,2,At-Risk / Fading Customers
12904,2,6.986760563380281,2011-11-21 14:34:00,17,0,1,Occasional / Regular Shoppers
12906,5,46.34619047619047,2011-11-28 09:55:00,11,0,1,Occasional / Regular Shoppers
12908,2,375.0,2011-06-16 15:39:00,175,1,2,At-Risk / Fading Customers
12909,5,23.941428571428574,2011-10-31 12:43:00,39,0,1,Occasional / Regular Shoppers
12910,8,41.00053333333333,2011-11-16 14:28:00,22,0,1,Occasional / Regular Shoppers
12912,5,69.2625,2011-12-07 08:55:00,2,0,1,Occasional / Regular Shoppers
12913,5,49.6726,2011-12-05 12:11:00,4,0,1,Occasional / Regular Shoppers
12915,2,16.529545454545453,2011-07-14 11:34:00,148,1,2,At-Risk / Fading Customers
12916,4,28.59174757281553,2011-07-24 10:35:00,138,0,1,Occasional / Regular Shoppers
12917,1,297.0,2011-08-03 16:42:00,127,0,1,Occasional / Regular Shoppers
12919,6,26.7038,2011-12-01 13:47:00,7,0,1,Occasional / Regular Shoppers
12920,1,6.028888888888889,2011-11-22 15:05:00,16,0,1,Occasional / Regular Shoppers
12921,37,23.037625,2011-11-30 16:22:00,8,0,0,Occasional / Regular Shoppers
12922,1,14.477857142857143,2011-07-01 15:35:00,160,1,2,At-Risk / Fading Customers
12923,1,6.172142857142857,2011-10-06 16:20:00,63,0,1,Occasional / Regular Shoppers
12924,4,31.123333333333335,2011-09-12 13:55:00,87,0,1,Occasional / Regular Shoppers
12925,2,15.423333333333332,2011-12-05 11:11:00,4,0,1,Occasional / Regular Shoppers
12928,5,24.55595238095238,2011-11-04 14:24:00,34,0,1,Occasional / Regular Shoppers
12929,1,14.73125,2011-02-01 12:08:00,311,1,2,At-Risk / Fading Customers
12930,2,16.632,2011-09-22 15:18:00,77,0,1,Occasional / Regular Shoppers
12931,15,512.8775609756098,2011-11-18 12:39:00,21,0,0,Occasional / Regular Shoppers
12933,3,5.7314150943396225,2011-11-15 16:38:00,23,0,1,Occasional / Regular Shoppers
12935,7,16.749612403100773,2011-12-07 17:25:00,1,0,1,Occasional / Regular Shoppers
12936,4,17.15967741935484,2011-11-22 17:32:00,16,0,1,Occasional / Regular Shoppers
12937,4,12.535583333333333,2011-11-24 15:05:00,14,0,1,Occasional / Regular Shoppers
12938,1,12.682222222222222,2011-11-14 11:21:00,25,0,1,Occasional / Regular Shoppers
12939,8,246.42127659574467,2011-10-06 14:33:00,63,0,1,Occasional / Regular Shoppers
12940,2,9.371770833333334,2011-10-16 12:09:00,54,0,1,Occasional / Regular Shoppers
12942,3,9.651428571428571,2011-07-31 14:39:00,130,0,1,Occasional / Regular Shoppers
12944,2,20.150333333333332,2011-11-04 11:04:00,35,0,1,Occasional / Regular Shoppers
12945,1,20.128260869565217,2011-02-24 14:15:00,287,1,2,At-Risk / Fading Customers
12947,6,16.535979381443298,2011-07-19 10:06:00,143,0,1,Occasional / Regular Shoppers
12948,7,17.801293103448273,2011-11-23 17:10:00,15,0,1,Occasional / Regular Shoppers
12949,8,19.382418604651164,2011-11-09 11:25:00,30,0,1,Occasional / Regular Shoppers
12950,3,80.1304347826087,2011-12-07 13:17:00,1,0,1,Occasional / Regular Shoppers
12951,6,16.89,2011-12-01 12:14:00,8,0,1,Occasional / Regular Shoppers
12952,4,17.566962025316457,2011-12-04 10:35:00,5,0,1,Occasional / Regular Shoppers
12953,1,19.40294117647059,2011-11-30 09:24:00,9,0,1,Occasional / Regular Shoppers
12955,11,26.428666666666665,2011-12-08 16:29:00,0,0,1,Occasional / Regular Shoppers
12956,1,5.687894736842105,2011-02-06 16:08:00,305,1,2,At-Risk / Fading Customers
12957,8,16.880420168067225,2011-11-30 09:53:00,9,0,1,Occasional / Regular Shoppers
12962,2,16.649375,2011-12-02 15:55:00,6,0,1,Occasional / Regular Shoppers
12963,8,19.54347368421053,2011-12-01 12:55:00,7,0,1,Occasional / Regular Shoppers
12965,1,7.1278703703703705,2011-09-11 15:31:00,88,0,1,Occasional / Regular Shoppers
12966,1,16.018,2011-11-30 12:38:00,9,0,1,Occasional / Regular Shoppers
12967,2,87.41578947368421,2010-12-16 19:10:00,357,1,2,At-Risk / Fading Customers
12968,1,27.189999999999998,2011-08-19 15:44:00,111,0,1,Occasional / Regular Shoppers
12970,4,3.1431782945736435,2011-12-02 14:30:00,6,0,1,Occasional / Regular Shoppers
12971,86,36.68822950819672,2011-12-06 12:20:00,3,3,0,VIP / Loyal Customers
12974,1,18.1,2011-05-26 09:33:00,197,1,2,At-Risk / Fading Customers
12976,1,33.57272727272727,2011-05-12 09:55:00,211,1,2,At-Risk / Fading Customers
12977,1,4.359999999999999,2011-07-06 16:40:00,155,1,2,At-Risk / Fading Customers
12980,9,368.745,2011-07-05 09:34:00,157,0,1,Occasional / Regular Shoppers
12981,2,18.610999999999997,2011-11-10 12:00:00,29,0,1,Occasional / Regular Shoppers
12982,1,13.947857142857144,2011-04-11 11:51:00,242,1,2,At-Risk / Fading Customers
12984,1,24.375,2011-11-21 12:37:00,18,0,1,Occasional / Regular Shoppers
12985,2,16.30763157894737,2011-12-09 10:46:00,0,0,1,Occasional / Regular Shoppers
12987,2,19.95357142857143,2011-09-27 12:03:00,73,0,1,Occasional / Regular Shoppers
12988,1,6.094216867469879,2011-02-20 14:31:00,291,1,2,At-Risk / Fading Customers
12989,15,108.18921875,2011-12-06 15:28:00,2,0,0,Occasional / Regular Shoppers
12990,3,31.5,2011-11-08 13:01:00,30,0,1,Occasional / Regular Shoppers
12991,2,16.25032258064516,2011-11-16 15:34:00,22,0,1,Occasional / Regular Shoppers
12993,4,15.361481481481482,2011-11-16 15:49:00,22,0,1,Occasional / Regular Shoppers
12994,3,15.974098360655738,2011-12-05 15:43:00,3,0,1,Occasional / Regular Shoppers
12995,1,70.44,2011-09-15 15:44:00,84,0,1,Occasional / Regular Shoppers
12997,4,20.794745762711866,2011-11-17 15:47:00,21,0,1,Occasional / Regular Shoppers
12999,3,16.28142857142857,2011-05-27 13:24:00,195,1,2,At-Risk / Fading Customers
13000,3,17.253225806451614,2011-08-25 10:43:00,106,0,1,Occasional / Regular Shoppers
13001,13,29.038486646884277,2011-12-05 14:51:00,3,0,1,Occasional / Regular Shoppers
13002,1,17.27857142857143,2011-01-25 15:18:00,317,1,2,At-Risk / Fading Customers
13003,3,24.84166666666667,2011-08-26 10:50:00,105,0,1,Occasional / Regular Shoppers
13004,18,13.999777227722772,2011-11-28 11:27:00,11,0,0,Occasional / Regular Shoppers
13005,2,19.75769230769231,2011-06-19 10:53:00,173,1,2,At-Risk / Fading Customers
13006,1,20.3925,2011-10-14 13:49:00,55,0,1,Occasional / Regular Shoppers
13008,1,16.390714285714285,2011-01-20 14:24:00,322,1,2,At-Risk / Fading Customers
13011,1,16.85,2010-12-02 17:22:00,371,1,2,At-Risk / Fading Customers
13012,8,18.71409090909091,2011-11-30 13:05:00,8,0,1,Occasional / Regular Shoppers
13013,13,21.967762557077627,2011-12-08 15:01:00,0,0,1,Occasional / Regular Shoppers
13014,10,31.800733944954132,2011-11-29 12:27:00,10,0,1,Occasional / Regular Shoppers
13015,5,19.08365714285714,2011-10-17 13:19:00,52,0,1,Occasional / Regular Shoppers
13016,3,16.806170212765956,2011-09-27 14:08:00,72,0,1,Occasional / Regular Shoppers
13017,1,204.0,2011-12-02 15:53:00,6,0,1,Occasional / Regular Shoppers
13018,28,15.890174672489083,2011-11-23 13:28:00,15,0,0,Occasional / Regular Shoppers
13021,9,19.97236641221374,2011-12-05 16:37:00,3,0,1,Occasional / Regular Shoppers
13023,2,17.2475,2011-10-06 16:27:00,63,0,1,Occasional / Regular Shoppers
13026,5,24.384,2011-12-08 16:58:00,0,0,1,Occasional / Regular Shoppers
13027,6,265.84615384615387,2011-08-18 09:39:00,113,0,1,Occasional / Regular Shoppers
13028,2,14.695999999999998,2011-11-17 11:10:00,22,0,1,Occasional / Regular Shoppers
13029,3,124.75,2011-11-09 09:13:00,30,0,1,Occasional / Regular Shoppers
13030,2,8.178695652173914,2011-11-28 14:30:00,10,0,1,Occasional / Regular Shoppers
13032,2,14.227887323943662,2011-10-18 15:54:00,51,0,1,Occasional / Regular Shoppers
13033,1,17.322727272727274,2010-12-17 14:23:00,356,1,2,At-Risk / Fading Customers
13034,2,17.372162162162162,2011-10-16 12:21:00,54,0,1,Occasional / Regular Shoppers
13035,2,34.1437037037037,2011-09-27 08:57:00,73,0,1,Occasional / Regular Shoppers
13037,3,18.355625,2011-07-24 15:46:00,137,0,1,Occasional / Regular Shoppers
13038,3,32.445,2011-09-20 14:37:00,79,0,1,Occasional / Regular Shoppers
13040,2,15.743953488372092,2011-12-01 10:38:00,8,0,1,Occasional / Regular Shoppers
13043,1,39.72461538461538,2011-03-11 14:52:00,272,1,2,At-Risk / Fading Customers
13044,1,16.983939393939394,2011-02-21 15:20:00,290,1,2,At-Risk / Fading Customers
13045,1,16.96,2011-09-01 15:04:00,98,0,1,Occasional / Regular Shoppers
13046,2,17.980285714285714,2011-11-09 08:36:00,30,0,1,Occasional / Regular Shoppers
13047,10,18.822906976744186,2011-11-08 12:06:00,31,0,1,Occasional / Regular Shoppers
13048,4,13.477111111111112,2011-11-25 13:23:00,13,0,1,Occasional / Regular Shoppers
13049,2,46.90571428571429,2011-10-06 15:31:00,63,0,1,Occasional / Regular Shoppers
13050,17,14.483523573200992,2011-11-25 09:18:00,14,0,0,Occasional / Regular Shoppers
13052,1,19.34166666666667,2011-05-11 14:12:00,211,1,2,At-Risk / Fading Customers
13055,3,15.979078947368421,2011-09-22 14:26:00,77,0,1,Occasional / Regular Shoppers
13058,3,33.925000000000004,2011-11-15 12:43:00,24,0,1,Occasional / Regular Shoppers
13059,1,22.925,2011-04-04 10:40:00,249,1,2,At-Risk / Fading Customers
13060,1,20.502000000000002,2011-03-31 11:37:00,253,1,2,At-Risk / Fading Customers
13061,1,24.861,2011-09-28 16:04:00,71,0,1,Occasional / Regular Shoppers
13062,1,31.543636363636367,2011-06-01 15:12:00,190,1,2,At-Risk / Fading Customers
13064,4,16.258676470588235,2011-11-27 12:31:00,12,0,1,Occasional / Regular Shoppers
13065,1,14.704285714285716,2010-12-01 16:52:00,372,1,2,At-Risk / Fading Customers
13066,2,9.808333333333334,2011-11-15 12:57:00,23,0,1,Occasional / Regular Shoppers
13067,1,7.697333333333334,2011-09-18 13:38:00,81,0,1,Occasional / Regular Shoppers
13068,2,172.0,2011-11-29 15:00:00,9,0,1,Occasional / Regular Shoppers
13069,24,10.451509433962263,2011-12-09 08:39:00,0,0,0,Occasional / Regular Shoppers
13070,1,25.422222222222224,2011-05-31 13:45:00,191,1,2,At-Risk / Fading Customers
13072,1,25.307142857142857,2011-03-18 08:12:00,266,1,2,At-Risk / Fading Customers
13075,1,41.80045454545455,2011-08-02 10:19:00,129,0,1,Occasional / Regular Shoppers
13077,4,6.558738738738739,2011-12-08 19:24:00,0,0,1,Occasional / Regular Shoppers
13078,26,35.27357541899441,2011-12-06 15:36:00,2,0,0,Occasional / Regular Shoppers
13079,5,36.68333333333334,2011-12-05 16:53:00,3,0,1,Occasional / Regular Shoppers
13080,1,9.68,2011-06-13 14:59:00,178,1,2,At-Risk / Fading Customers
13081,11,27.67322265625,2011-11-28 10:54:00,11,0,1,Occasional / Regular Shoppers
13082,9,49.50178082191781,2011-08-05 16:16:00,125,0,1,Occasional / Regular Shoppers
13083,2,16.875,2011-12-05 15:01:00,3,0,1,Occasional / Regular Shoppers
13085,2,18.91272727272727,2011-07-05 12:11:00,157,1,2,At-Risk / Fading Customers
13089,97,32.393649393605294,2011-12-07 09:02:00,2,3,0,VIP / Loyal Customers
13090,14,57.48916129032258,2011-12-01 12:39:00,8,0,0,Occasional / Regular Shoppers
13091,1,16.467619047619046,2011-11-11 15:54:00,27,0,1,Occasional / Regular Shoppers
13092,5,19.1132,2011-09-30 11:18:00,70,0,1,Occasional / Regular Shoppers
13093,8,49.260817610062894,2011-03-09 12:14:00,275,1,2,At-Risk / Fading Customers
13094,12,80.305,2011-11-18 14:07:00,20,0,1,Occasional / Regular Shoppers
13095,1,12.399999999999999,2011-09-30 12:03:00,70,0,1,Occasional / Regular Shoppers
13097,10,14.259429928741094,2011-11-07 10:43:00,32,0,1,Occasional / Regular Shoppers
13098,28,50.49377622377622,2011-12-08 14:14:00,0,0,0,Occasional / Regular Shoppers
13099,1,207.36,2011-09-01 17:40:00,98,0,1,Occasional / Regular Shoppers
13101,1,12.64875,2011-04-19 14:37:00,233,1,2,At-Risk / Fading Customers
13102,24,21.131875,2011-12-08 12:52:00,0,0,0,Occasional / Regular Shoppers
13103,1,30.4925,2011-10-31 09:38:00,39,0,1,Occasional / Regular Shoppers
13104,6,54.924,2011-12-06 13:10:00,2,0,1,Occasional / Regular Shoppers
13106,1,76.5,2011-07-29 15:12:00,132,0,1,Occasional / Regular Shoppers
13107,4,26.407241379310346,2011-10-26 14:52:00,43,0,1,Occasional / Regular Shoppers
13108,1,35.006,2010-12-02 10:35:00,372,1,2,At-Risk / Fading Customers
13109,2,16.734893617021275,2011-10-11 10:16:00,59,0,1,Occasional / Regular Shoppers
13110,7,10.266689655172414,2011-11-08 14:30:00,30,0,1,Occasional / Regular Shoppers
13113,24,61.229800000000004,2011-12-09 12:49:00,0,0,0,Occasional / Regular Shoppers
13115,4,19.12316666666667,2011-11-28 12:38:00,11,0,1,Occasional / Regular Shoppers
13116,1,16.704666666666665,2011-07-24 14:33:00,137,0,1,Occasional / Regular Shoppers
13117,8,12.959342105263158,2011-11-18 12:02:00,21,0,1,Occasional / Regular Shoppers
13118,5,15.162151898734177,2011-11-20 12:46:00,19,0,1,Occasional / Regular Shoppers
13120,1,30.6,2011-04-15 10:19:00,238,1,2,At-Risk / Fading Customers
13121,1,5.674600000000001,2011-03-15 16:47:00,268,1,2,At-Risk / Fading Customers
13122,2,16.77072727272727,2011-09-06 15:53:00,93,0,1,Occasional / Regular Shoppers
13124,3,16.920405405405404,2011-09-11 12:45:00,89,0,1,Occasional / Regular Shoppers
13126,8,14.997428571428571,2011-12-05 10:00:00,4,0,1,Occasional / Regular Shoppers
13127,1,17.278000000000002,2011-09-23 10:26:00,77,0,1,Occasional / Regular Shoppers
13130,1,32.0,2011-09-06 15:30:00,93,0,1,Occasional / Regular Shoppers
13131,3,24.393181818181816,2011-11-16 13:21:00,22,0,1,Occasional / Regular Shoppers
13132,1,25.766666666666666,2011-03-23 12:44:00,261,1,2,At-Risk / Fading Customers
13133,2,15.685714285714285,2011-03-11 10:31:00,273,1,2,At-Risk / Fading Customers
13134,4,18.301836734693875,2011-09-15 10:35:00,85,0,1,Occasional / Regular Shoppers
13135,1,3096.0,2011-05-27 10:52:00,196,1,1,At-Risk / Fading Customers
13136,5,20.53236220472441,2011-10-14 13:41:00,55,0,1,Occasional / Regular Shoppers
13137,8,5.244963609898107,2011-11-29 12:09:00,10,0,1,Occasional / Regular Shoppers
13138,6,15.276031746031746,2011-11-17 16:51:00,21,0,1,Occasional / Regular Shoppers
13139,7,29.793764705882356,2011-11-23 13:54:00,15,0,1,Occasional / Regular Shoppers
13140,3,9.388222222222224,2011-08-23 15:33:00,107,0,1,Occasional / Regular Shoppers
13141,5,17.694444444444443,2011-09-16 09:54:00,84,0,1,Occasional / Regular Shoppers
13142,1,13.351739130434783,2011-11-20 16:07:00,18,0,1,Occasional / Regular Shoppers
13144,1,36.983333333333334,2011-01-11 11:15:00,332,1,2,At-Risk / Fading Customers
13145,4,103.08666666666666,2011-10-31 12:45:00,39,0,1,Occasional / Regular Shoppers
13146,1,13.465294117647058,2011-11-13 15:29:00,25,0,1,Occasional / Regular Shoppers
13147,4,178.2,2011-11-29 13:59:00,9,0,1,Occasional / Regular Shoppers
13148,12,11.805320512820513,2011-11-10 15:23:00,28,0,1,Occasional / Regular Shoppers
13149,4,19.48906976744186,2011-11-25 13:09:00,13,0,1,Occasional / Regular Shoppers
13151,1,16.998243243243245,2011-02-17 12:29:00,295,1,2,At-Risk / Fading Customers
13153,1,32.41466666666667,2011-12-04 12:14:00,5,0,1,Occasional / Regular Shoppers
13155,4,11.432470588235294,2011-11-06 15:41:00,32,0,1,Occasional / Regular Shoppers
13157,4,20.014022988505747,2011-10-21 13:50:00,48,0,1,Occasional / Regular Shoppers
13158,4,15.203291139240505,2011-09-06 11:58:00,94,0,1,Occasional / Regular Shoppers
13159,4,11.911249999999999,2011-12-01 11:20:00,8,0,1,Occasional / Regular Shoppers
13160,1,22.95,2011-11-17 13:07:00,21,0,1,Occasional / Regular Shoppers
13161,1,14.09375,2011-01-30 14:03:00,312,1,2,At-Risk / Fading Customers
13162,4,21.370759493670885,2011-08-09 15:59:00,121,0,1,Occasional / Regular Shoppers
13165,2,24.32095238095238,2011-10-24 15:05:00,45,0,1,Occasional / Regular Shoppers
13166,1,10.175609756097561,2011-03-01 15:16:00,282,1,2,At-Risk / Fading Customers
13167,4,12.174307692307693,2011-11-21 12:24:00,18,0,1,Occasional / Regular Shoppers
13168,4,10.314206349206348,2011-11-03 12:56:00,35,0,1,Occasional / Regular Shoppers
13169,2,54.83692307692308,2011-10-07 12:11:00,63,0,1,Occasional / Regular Shoppers
13170,1,3.6270000000000002,2011-11-13 12:19:00,26,0,1,Occasional / Regular Shoppers
13171,3,10.182826086956522,2011-11-18 10:27:00,21,0,1,Occasional / Regular Shoppers
13173,2,8.224418604651163,2011-12-05 15:51:00,3,0,1,Occasional / Regular Shoppers
13174,3,9.361160409556314,2011-11-23 14:35:00,15,0,1,Occasional / Regular Shoppers
13176,1,7.186417910447761,2011-10-24 15:43:00,45,0,1,Occasional / Regular Shoppers
13177,1,16.61470588235294,2011-10-06 09:56:00,64,0,1,Occasional / Regular Shoppers
13178,11,21.60554716981132,2011-11-13 16:14:00,25,0,1,Occasional / Regular Shoppers
13182,1,11.016363636363637,2011-10-25 13:46:00,44,0,1,Occasional / Regular Shoppers
13183,9,42.10404255319149,2011-12-02 10:30:00,7,0,1,Occasional / Regular Shoppers
13184,10,9.323743016759776,2011-11-25 12:02:00,14,0,1,Occasional / Regular Shoppers
13185,1,71.4,2011-03-17 11:56:00,267,1,2,At-Risk / Fading Customers
13186,3,19.947974683544306,2011-10-31 11:40:00,39,0,1,Occasional / Regular Shoppers
13187,1,6.378918918918919,2011-01-06 18:57:00,336,1,2,At-Risk / Fading Customers
13188,1,57.3,2011-11-28 15:28:00,10,0,1,Occasional / Regular Shoppers
13189,2,8.988965517241379,2011-11-21 10:39:00,18,0,1,Occasional / Regular Shoppers
13192,2,14.475238095238096,2011-09-05 14:13:00,94,0,1,Occasional / Regular Shoppers
13193,1,4.4832,2011-10-09 14:30:00,60,0,1,Occasional / Regular Shoppers
13194,1,20.233333333333334,2011-07-27 09:01:00,135,0,1,Occasional / Regular Shoppers
13196,4,16.343454545454545,2011-11-28 13:54:00,10,0,1,Occasional / Regular Shoppers
13198,6,15.049734513274338,2011-11-29 15:17:00,9,0,1,Occasional / Regular Shoppers
13199,38,82.49680672268909,2011-12-06 12:30:00,3,0,0,Occasional / Regular Shoppers
13200,4,18.915,2011-11-20 15:35:00,18,0,1,Occasional / Regular Shoppers
13203,4,15.253684210526316,2011-11-30 10:45:00,9,0,1,Occasional / Regular Shoppers
13207,2,31.282500000000002,2011-11-24 14:52:00,14,0,1,Occasional / Regular Shoppers
13208,6,8.227364864864866,2011-10-12 09:54:00,58,0,1,Occasional / Regular Shoppers
13209,8,18.35392523364486,2011-11-09 13:54:00,29,0,1,Occasional / Regular Shoppers
13210,1,16.067272727272726,2011-09-07 08:18:00,93,0,1,Occasional / Regular Shoppers
13211,3,19.916727272727275,2011-11-29 14:43:00,9,0,1,Occasional / Regular Shoppers
13212,3,5.580354609929079,2011-11-20 12:40:00,19,0,1,Occasional / Regular Shoppers
13213,5,16.895333333333333,2011-10-14 11:42:00,56,0,1,Occasional / Regular Shoppers
13216,1,66.748,2011-03-17 12:18:00,267,1,2,At-Risk / Fading Customers
13217,3,133.495,2011-08-09 15:32:00,121,0,1,Occasional / Regular Shoppers
13218,1,12.528,2011-08-04 16:59:00,126,0,1,Occasional / Regular Shoppers
13220,4,39.01380952380953,2011-09-22 13:38:00,77,0,1,Occasional / Regular Shoppers
13221,2,12.839545454545455,2011-04-13 16:58:00,239,1,2,At-Risk / Fading Customers
13223,2,32.64,2011-05-23 13:03:00,199,1,2,At-Risk / Fading Customers
13224,2,19.9625,2011-10-10 14:55:00,59,0,1,Occasional / Regular Shoppers
13225,7,201.995,2011-12-06 13:29:00,2,0,1,Occasional / Regular Shoppers
13226,1,6.7631250000000005,2011-03-11 14:35:00,272,1,2,At-Risk / Fading Customers
13227,1,28.633333333333333,2011-05-22 11:47:00,201,1,2,At-Risk / Fading Customers
13228,1,179.0,2011-09-19 14:28:00,80,0,1,Occasional / Regular Shoppers
13229,1,16.095,2011-04-28 12:07:00,225,1,2,At-Risk / Fading Customers
13230,14,4.69442930153322,2011-12-05 16:03:00,3,0,0,Occasional / Regular Shoppers
13232,7,6.575990099009901,2011-11-27 10:39:00,12,0,1,Occasional / Regular Shoppers
13233,2,14.072558139534884,2011-09-26 13:25:00,73,0,1,Occasional / Regular Shoppers
13235,1,17.77706896551724,2011-05-11 17:13:00,211,1,2,At-Risk / Fading Customers
13236,2,20.69027777777778,2011-11-15 12:50:00,24,0,1,Occasional / Regular Shoppers
13238,4,22.604193548387098,2011-11-22 15:37:00,16,0,1,Occasional / Regular Shoppers
13239,1,15.693333333333333,2011-03-23 10:25:00,261,1,2,At-Risk / Fading Customers
13240,4,9.905223880597015,2011-09-04 14:08:00,95,0,1,Occasional / Regular Shoppers
13242,3,20.800000000000004,2011-08-19 12:53:00,111,0,1,Occasional / Regular Shoppers
13243,1,10.265263157894736,2011-05-20 13:14:00,202,1,2,At-Risk / Fading Customers
13244,1,4.508888888888889,2011-09-08 11:46:00,92,0,1,Occasional / Regular Shoppers
13245,1,26.90625,2011-10-20 11:40:00,50,0,1,Occasional / Regular Shoppers
13246,6,14.422941176470587,2011-11-21 16:50:00,17,0,1,Occasional / Regular Shoppers
13247,4,20.0448,2011-11-22 10:59:00,17,0,1,Occasional / Regular Shoppers
13248,2,17.91076923076923,2011-08-07 12:40:00,124,0,1,Occasional / Regular Shoppers
13249,3,30.93086956521739,2011-09-08 13:26:00,91,0,1,Occasional / Regular Shoppers
13253,2,28.622222222222224,2011-07-06 10:09:00,156,1,2,At-Risk / Fading Customers
13255,2,30.73153846153846,2011-11-30 13:14:00,8,0,1,Occasional / Regular Shoppers
13258,3,18.689722222222223,2011-11-28 09:31:00,11,0,1,Occasional / Regular Shoppers
13259,1,3.4960493827160493,2011-10-09 10:48:00,61,0,1,Occasional / Regular Shoppers
13260,1,69.7025,2011-10-09 13:21:00,60,0,1,Occasional / Regular Shoppers
13261,2,104.9,2011-03-16 12:22:00,268,1,2,At-Risk / Fading Customers
13262,1,18.208181818181817,2011-03-21 15:06:00,262,1,2,At-Risk / Fading Customers
13263,35,4.46126574685063,2011-12-08 13:59:00,0,0,0,Occasional / Regular Shoppers
13265,5,23.251777777777775,2011-10-17 15:02:00,52,0,1,Occasional / Regular Shoppers
13266,12,20.504064171122995,2011-11-28 14:39:00,10,0,1,Occasional / Regular Shoppers
13267,19,21.428862559241704,2011-12-07 11:12:00,2,0,0,Occasional / Regular Shoppers
13268,11,7.331986143187067,2011-11-22 11:51:00,17,0,1,Occasional / Regular Shoppers
13269,15,16.96279365079365,2011-12-08 14:53:00,0,0,0,Occasional / Regular Shoppers
13270,1,590.0,2010-12-08 14:53:00,365,1,2,At-Risk / Fading Customers
13271,1,2.430919540229885,2011-11-02 14:31:00,36,0,1,Occasional / Regular Shoppers
13272,2,18.437333333333335,2011-11-08 14:00:00,30,0,1,Occasional / Regular Shoppers
13273,1,8.68625,2011-08-18 14:02:00,112,0,1,Occasional / Regular Shoppers
13276,2,19.69766666666667,2011-10-07 12:44:00,63,0,1,Occasional / Regular Shoppers
13277,4,32.3,2011-11-24 09:21:00,15,0,1,Occasional / Regular Shoppers
13278,1,11.798478260869565,2011-10-30 11:49:00,40,0,1,Occasional / Regular Shoppers
13279,1,15.305555555555555,2011-09-22 17:24:00,77,0,1,Occasional / Regular Shoppers
13280,3,9.737317073170733,2011-08-09 13:14:00,121,0,1,Occasional / Regular Shoppers
13282,3,30.59837837837838,2011-11-21 15:33:00,17,0,1,Occasional / Regular Shoppers
13283,2,13.379999999999999,2011-10-11 09:50:00,59,0,1,Occasional / Regular Shoppers
13284,1,15.476153846153846,2011-01-13 09:23:00,330,1,2,At-Risk / Fading Customers
13285,4,14.487272727272726,2011-11-16 13:19:00,22,0,1,Occasional / Regular Shoppers
13291,1,8.597857142857142,2011-07-07 10:36:00,155,1,2,At-Risk / Fading Customers
13292,2,18.675483870967742,2011-11-01 10:04:00,38,0,1,Occasional / Regular Shoppers
13294,2,16.18037037037037,2011-06-03 08:54:00,189,1,2,At-Risk / Fading Customers
13295,1,20.12,2010-12-15 11:21:00,359,1,2,At-Risk / Fading Customers
13296,1,17.48,2011-07-25 13:46:00,136,0,1,Occasional / Regular Shoppers
13297,4,35.421186440677964,2011-12-02 09:32:00,7,0,1,Occasional / Regular Shoppers
13298,1,180.0,2011-12-08 13:11:00,0,0,1,Occasional / Regular Shoppers
13299,1,28.5,2011-03-16 12:55:00,267,1,2,At-Risk / Fading Customers
13300,1,18.5945,2011-06-23 13:09:00,168,1,2,At-Risk / Fading Customers
13301,4,7.630740740740741,2011-08-28 11:25:00,103,0,1,Occasional / Regular Shoppers
13302,1,63.75,2011-07-07 17:56:00,154,1,2,At-Risk / Fading Customers
13304,1,14.305714285714286,2010-12-23 14:35:00,350,1,2,At-Risk / Fading Customers
13305,10,24.701975308641973,2011-12-05 15:15:00,3,0,1,Occasional / Regular Shoppers
13307,1,15.0,2011-08-11 17:14:00,119,0,1,Occasional / Regular Shoppers
13308,3,25.657592592592593,2011-11-17 09:31:00,22,0,1,Occasional / Regular Shoppers
13309,5,13.614859813084111,2011-12-02 16:34:00,6,0,1,Occasional / Regular Shoppers
13310,3,15.722638888888888,2011-11-11 17:23:00,27,0,1,Occasional / Regular Shoppers
13311,2,23.02192307692308,2011-12-05 12:55:00,3,0,1,Occasional / Regular Shoppers
13313,5,19.94,2011-11-17 16:48:00,21,0,1,Occasional / Regular Shoppers
13314,3,12.515161290322581,2011-12-08 12:29:00,1,0,1,Occasional / Regular Shoppers
13316,4,66.66197674418605,2011-11-02 13:40:00,36,0,1,Occasional / Regular Shoppers
13317,6,18.336129032258064,2011-10-04 13:35:00,65,0,1,Occasional / Regular Shoppers
13318,3,32.038,2011-12-08 18:51:00,0,0,1,Occasional / Regular Shoppers
13319,26,22.784768907563027,2011-12-04 13:34:00,4,0,0,Occasional / Regular Shoppers
13320,4,14.592380952380953,2011-09-22 18:07:00,77,0,1,Occasional / Regular Shoppers
13321,2,51.57818181818182,2011-09-28 15:24:00,71,0,1,Occasional / Regular Shoppers
13322,1,7.9792000000000005,2011-11-22 14:21:00,16,0,1,Occasional / Regular Shoppers
13323,5,37.516666666666666,2011-12-06 17:12:00,2,0,1,Occasional / Regular Shoppers
13324,10,94.95933333333333,2011-11-03 16:28:00,35,0,1,Occasional / Regular Shoppers
13325,1,56.275,2011-09-19 10:36:00,81,0,1,Occasional / Regular Shoppers
13327,8,33.59046296296296,2011-11-01 10:21:00,38,0,1,Occasional / Regular Shoppers
13328,1,76.96941176470588,2011-01-27 15:22:00,315,1,2,At-Risk / Fading Customers
13329,2,46.411764705882355,2011-11-08 10:29:00,31,0,1,Occasional / Regular Shoppers
13330,3,21.526981132075473,2011-09-08 12:27:00,92,0,1,Occasional / Regular Shoppers
13332,1,16.709523809523812,2011-11-25 13:30:00,13,0,1,Occasional / Regular Shoppers
13334,3,13.216301886792454,2011-09-18 15:21:00,81,0,1,Occasional / Regular Shoppers
13336,1,15.590588235294117,2011-09-23 14:05:00,76,0,1,Occasional / Regular Shoppers
13338,1,25.632631578947368,2011-07-05 09:06:00,157,1,2,At-Risk / Fading Customers
13339,1,15.928148148148148,2011-05-23 08:31:00,200,1,2,At-Risk / Fading Customers
13340,7,80.12298507462687,2011-10-25 13:15:00,44,0,1,Occasional / Regular Shoppers
13341,1,18.472619047619048,2011-03-24 09:50:00,260,1,2,At-Risk / Fading Customers
13343,1,18.60157894736842,2011-06-15 12:24:00,177,1,2,At-Risk / Fading Customers
13344,3,21.6525,2011-10-03 09:45:00,67,0,1,Occasional / Regular Shoppers
13345,1,19.475,2011-02-25 09:01:00,287,1,2,At-Risk / Fading Customers
13347,1,42.67,2011-09-30 13:28:00,69,0,1,Occasional / Regular Shoppers
13348,1,16.697142857142858,2011-10-06 17:28:00,63,0,1,Occasional / Regular Shoppers
13349,1,15.4575,2011-11-29 08:07:00,10,0,1,Occasional / Regular Shoppers
13350,2,24.478,2011-11-23 16:33:00,15,0,1,Occasional / Regular Shoppers
13351,1,23.37125,2011-10-04 12:55:00,65,0,1,Occasional / Regular Shoppers
13352,1,16.5825,2011-10-10 13:55:00,59,0,1,Occasional / Regular Shoppers
13354,1,14.579019607843136,2011-09-29 13:17:00,70,0,1,Occasional / Regular Shoppers
13355,1,21.084375,2011-08-09 14:48:00,121,0,1,Occasional / Regular Shoppers
13356,1,18.291428571428572,2011-09-20 14:33:00,79,0,1,Occasional / Regular Shoppers
13357,1,6.847191011235955,2011-03-27 13:56:00,256,1,2,At-Risk / Fading Customers
13358,1,15.138965517241381,2011-03-16 11:52:00,268,1,2,At-Risk / Fading Customers
13359,1,19.11130434782609,2011-10-07 09:30:00,63,0,1,Occasional / Regular Shoppers
13362,4,18.618915662650604,2011-11-30 14:41:00,8,0,1,Occasional / Regular Shoppers
13363,2,16.541666666666668,2011-11-22 12:40:00,17,0,1,Occasional / Regular Shoppers
13364,1,13.496,2011-09-29 18:13:00,70,0,1,Occasional / Regular Shoppers
13365,2,17.385703125,2011-11-06 12:36:00,33,0,1,Occasional / Regular Shoppers
13366,1,56.16,2011-10-20 13:37:00,49,0,1,Occasional / Regular Shoppers
13368,2,21.49655172413793,2011-03-28 09:59:00,256,1,2,At-Risk / Fading Customers
13369,1,22.020000000000003,2010-12-09 11:30:00,365,1,2,At-Risk / Fading Customers
13370,1,19.355641025641027,2010-12-03 10:26:00,371,1,2,At-Risk / Fading Customers
13372,1,16.46260869565217,2011-09-11 12:46:00,89,0,1,Occasional / Regular Shoppers
13373,3,20.963607594936708,2011-10-10 10:51:00,60,0,1,Occasional / Regular Shoppers
13375,1,21.044594594594592,2011-09-12 10:19:00,88,0,1,Occasional / Regular Shoppers
13376,3,19.240754716981133,2011-09-01 16:16:00,98,0,1,Occasional / Regular Shoppers
13379,3,5.902680412371134,2011-11-13 13:45:00,25,0,1,Occasional / Regular Shoppers
13381,6,21.15877906976744,2011-11-08 11:58:00,31,0,1,Occasional / Regular Shoppers
13382,1,14.866000000000001,2011-03-04 10:03:00,280,1,2,At-Risk / Fading Customers
13384,7,27.315328947368425,2011-11-09 11:04:00,30,0,1,Occasional / Regular Shoppers
13385,1,15.273428571428573,2011-01-14 09:52:00,329,1,2,At-Risk / Fading Customers
13388,2,19.345714285714287,2011-07-31 12:52:00,130,0,1,Occasional / Regular Shoppers
13389,3,15.646274509803922,2011-11-28 14:01:00,10,0,1,Occasional / Regular Shoppers
13390,1,41.8523076923077,2011-09-26 08:38:00,74,0,1,Occasional / Regular Shoppers
13391,1,59.8,2011-05-20 10:50:00,203,1,2,At-Risk / Fading Customers
13394,8,16.258193548387098,2011-12-08 11:36:00,1,0,1,Occasional / Regular Shoppers
13395,1,14.653333333333334,2011-06-07 15:04:00,184,1,2,At-Risk / Fading Customers
13396,2,31.65093023255814,2011-11-10 16:59:00,28,0,1,Occasional / Regular Shoppers
13397,5,40.635000000000005,2011-09-28 10:56:00,72,0,1,Occasional / Regular Shoppers
13398,1,17.59,2011-05-31 13:17:00,191,1,2,At-Risk / Fading Customers
13402,2,15.92897435897436,2011-08-04 15:51:00,126,0,1,Occasional / Regular Shoppers
13403,1,25.0,2011-11-22 08:28:00,17,0,1,Occasional / Regular Shoppers
13404,2,22.953636363636363,2011-12-08 15:37:00,0,0,1,Occasional / Regular Shoppers
13405,3,21.201888888888888,2011-09-26 17:01:00,73,0,1,Occasional / Regular Shoppers
13408,62,58.82225941422595,2011-12-08 09:05:00,1,3,0,VIP / Loyal Customers
13410,5,35.82357142857143,2011-11-15 15:33:00,23,0,1,Occasional / Regular Shoppers
13411,1,11.863888888888889,2011-08-24 13:57:00,106,0,1,Occasional / Regular Shoppers
13414,3,57.9375,2011-07-29 11:45:00,133,0,1,Occasional / Regular Shoppers
13416,2,37.5,2011-10-27 08:56:00,43,0,1,Occasional / Regular Shoppers
13417,2,22.886785714285715,2011-12-05 08:49:00,4,0,1,Occasional / Regular Shoppers
13418,18,20.156019736842108,2011-11-28 10:23:00,11,0,0,Occasional / Regular Shoppers
13419,1,13.81625,2011-10-07 12:49:00,63,0,1,Occasional / Regular Shoppers
13420,2,19.98125,2011-07-13 08:48:00,149,1,2,At-Risk / Fading Customers
13421,2,17.977549019607842,2011-10-30 14:21:00,39,0,1,Occasional / Regular Shoppers
13422,1,20.67952755905512,2011-10-06 13:42:00,63,0,1,Occasional / Regular Shoppers
13425,3,20.823205128205128,2011-08-23 17:13:00,107,0,1,Occasional / Regular Shoppers
13426,10,23.193121019108283,2011-12-09 08:59:00,0,0,1,Occasional / Regular Shoppers
13427,3,20.089655172413792,2011-11-20 13:02:00,18,0,1,Occasional / Regular Shoppers
13428,1,2.8419718309859157,2011-11-29 14:20:00,9,0,1,Occasional / Regular Shoppers
13429,4,15.02686567164179,2011-11-29 09:10:00,10,0,1,Occasional / Regular Shoppers
13430,2,13.866326530612247,2011-11-21 08:19:00,18,0,1,Occasional / Regular Shoppers
13431,2,27.589130434782607,2011-10-03 13:49:00,66,0,1,Occasional / Regular Shoppers
13434,2,53.424,2011-09-26 14:30:00,73,0,1,Occasional / Regular Shoppers
13435,7,37.72168316831683,2011-12-04 14:45:00,4,0,1,Occasional / Regular Shoppers
13436,1,16.4075,2011-12-08 10:33:00,1,0,1,Occasional / Regular Shoppers
13437,7,20.40754491017964,2011-11-25 14:00:00,13,0,1,Occasional / Regular Shoppers
13439,1,5.253888888888889,2011-03-29 14:20:00,254,1,2,At-Risk / Fading Customers
13441,1,22.818461538461538,2011-09-09 09:38:00,91,0,1,Occasional / Regular Shoppers
13447,3,19.137966101694918,2011-11-16 13:38:00,22,0,1,Occasional / Regular Shoppers
13448,6,18.22005154639175,2011-11-23 12:33:00,16,0,1,Occasional / Regular Shoppers
13449,1,15.362105263157895,2011-11-16 08:28:00,23,0,1,Occasional / Regular Shoppers
13450,6,28.784788732394368,2011-11-13 11:54:00,26,0,1,Occasional / Regular Shoppers
13451,5,6.693441108545034,2011-11-13 15:58:00,25,0,1,Occasional / Regular Shoppers
13452,2,295.0,2011-03-25 14:19:00,258,1,2,At-Risk / Fading Customers
13453,2,20.998823529411766,2011-06-27 09:34:00,165,1,2,At-Risk / Fading Customers
13455,2,23.007391304347824,2011-11-15 11:21:00,24,0,1,Occasional / Regular Shoppers
13456,6,28.043174603174602,2011-11-22 09:18:00,17,0,1,Occasional / Regular Shoppers
13458,14,25.252801047120418,2011-12-02 15:29:00,6,0,0,Occasional / Regular Shoppers
13460,2,10.790588235294118,2011-11-10 17:17:00,28,0,1,Occasional / Regular Shoppers
13461,3,53.51851851851852,2011-11-01 09:01:00,38,0,1,Occasional / Regular Shoppers
13462,1,16.833333333333332,2011-04-01 11:20:00,252,1,2,At-Risk / Fading Customers
13464,1,16.45560975609756,2011-10-12 15:01:00,57,0,1,Occasional / Regular Shoppers
13466,1,18.111764705882354,2011-06-08 16:39:00,183,1,2,At-Risk / Fading Customers
13467,2,10.937857142857144,2011-11-29 10:01:00,10,0,1,Occasional / Regular Shoppers
13468,37,18.89062913907285,2011-12-08 10:39:00,1,0,0,Occasional / Regular Shoppers
13470,2,16.5,2011-09-01 14:57:00,98,0,1,Occasional / Regular Shoppers
13471,4,9.84976377952756,2011-12-08 15:44:00,0,0,1,Occasional / Regular Shoppers
13473,2,20.125714285714285,2011-10-10 11:20:00,60,0,1,Occasional / Regular Shoppers
13474,1,3.658709677419355,2011-04-17 13:53:00,235,1,2,At-Risk / Fading Customers
13475,4,16.648604651162792,2011-06-01 13:52:00,190,1,2,At-Risk / Fading Customers
13476,2,21.352931034482758,2011-06-14 12:00:00,178,1,2,At-Risk / Fading Customers
13477,6,18.41240506329114,2011-11-02 12:04:00,37,0,1,Occasional / Regular Shoppers
13479,2,20.063333333333333,2011-05-23 10:45:00,200,1,2,At-Risk / Fading Customers
13481,5,16.55559633027523,2011-10-25 09:07:00,45,0,1,Occasional / Regular Shoppers
13482,1,16.785454545454545,2011-04-21 17:03:00,231,1,2,At-Risk / Fading Customers
13483,1,14.034,2011-10-05 11:53:00,65,0,1,Occasional / Regular Shoppers
13484,1,39.225,2011-04-12 16:30:00,240,1,2,At-Risk / Fading Customers
13485,1,19.749565217391304,2011-04-20 13:58:00,232,1,2,At-Risk / Fading Customers
13486,3,16.2668115942029,2011-09-22 13:13:00,77,0,1,Occasional / Regular Shoppers
13487,3,16.923529411764704,2011-10-13 12:07:00,57,0,1,Occasional / Regular Shoppers
13488,13,21.25191943127962,2011-11-22 14:41:00,16,0,1,Occasional / Regular Shoppers
13489,4,32.10857142857143,2011-08-26 13:16:00,104,0,1,Occasional / Regular Shoppers
13491,10,14.137441860465115,2011-10-19 08:32:00,51,0,1,Occasional / Regular Shoppers
13492,3,25.3968,2011-07-26 14:25:00,135,0,1,Occasional / Regular Shoppers
13493,2,77.32875,2011-03-09 15:35:00,274,1,2,At-Risk / Fading Customers
13494,1,17.570000000000004,2011-02-01 11:58:00,311,1,2,At-Risk / Fading Customers
13495,5,42.60145833333333,2011-12-02 11:21:00,7,0,1,Occasional / Regular Shoppers
13496,2,18.66657142857143,2011-11-29 10:58:00,10,0,1,Occasional / Regular Shoppers
13497,2,18.318421052631578,2011-03-02 09:04:00,282,1,2,At-Risk / Fading Customers
13499,5,27.597857142857144,2011-11-22 11:21:00,17,0,1,Occasional / Regular Shoppers
13500,3,17.950307692307693,2011-11-16 15:35:00,22,0,1,Occasional / Regular Shoppers
13501,1,25.775384615384613,2011-02-24 18:59:00,287,1,2,At-Risk / Fading Customers
13502,3,16.22222222222222,2011-11-23 10:39:00,16,0,1,Occasional / Regular Shoppers
13503,1,12.755882352941176,2011-09-29 13:23:00,70,0,1,Occasional / Regular Shoppers
13504,1,13.451363636363636,2011-10-06 13:20:00,63,0,1,Occasional / Regular Shoppers
13505,4,20.435488372093022,2011-09-28 11:56:00,72,0,1,Occasional / Regular Shoppers
13506,2,17.635384615384616,2011-01-27 13:53:00,315,1,2,At-Risk / Fading Customers
13507,4,15.303456790123455,2011-12-06 13:13:00,2,0,1,Occasional / Regular Shoppers
13508,1,9.2475,2011-04-10 11:58:00,243,1,2,At-Risk / Fading Customers
13509,7,22.266363636363636,2011-12-01 10:10:00,8,0,1,Occasional / Regular Shoppers
13510,4,15.578782608695652,2011-12-08 13:46:00,0,0,1,Occasional / Regular Shoppers
13512,1,16.747333333333334,2011-03-24 10:03:00,260,1,2,At-Risk / Fading Customers
13513,1,20.509999999999998,2011-08-05 11:50:00,126,0,1,Occasional / Regular Shoppers
13514,1,38.050000000000004,2011-09-27 09:39:00,73,0,1,Occasional / Regular Shoppers
13515,4,15.103728813559322,2011-09-28 11:26:00,72,0,1,Occasional / Regular Shoppers
13516,3,31.5775,2011-11-18 13:15:00,20,0,1,Occasional / Regular Shoppers
13517,3,15.09517730496454,2011-10-11 11:43:00,59,0,1,Occasional / Regular Shoppers
13518,1,17.42111111111111,2011-09-15 10:29:00,85,0,1,Occasional / Regular Shoppers
13519,1,15.34375,2011-09-22 18:24:00,77,0,1,Occasional / Regular Shoppers
13520,6,38.97150537634408,2011-10-12 10:20:00,58,0,1,Occasional / Regular Shoppers
13521,3,2.5639473684210525,2011-12-08 13:50:00,0,0,1,Occasional / Regular Shoppers
13522,1,25.160000000000004,2011-11-09 15:11:00,29,0,1,Occasional / Regular Shoppers
13523,5,23.051627906976744,2011-11-06 15:11:00,32,0,1,Occasional / Regular Shoppers
13524,5,25.191851851851855,2011-10-30 12:34:00,40,0,1,Occasional / Regular Shoppers
13525,2,104.79666666666667,2011-11-25 12:01:00,14,0,1,Occasional / Regular Shoppers
13527,7,10.333456221198157,2011-11-06 12:04:00,33,0,1,Occasional / Regular Shoppers
13529,2,20.517333333333333,2011-09-22 09:15:00,78,0,1,Occasional / Regular Shoppers
13531,2,21.990909090909092,2011-05-18 16:56:00,204,1,2,At-Risk / Fading Customers
13532,1,3.1865151515151515,2011-11-06 12:25:00,33,0,1,Occasional / Regular Shoppers
13533,3,3.5878666666666663,2011-06-10 11:54:00,182,1,2,At-Risk / Fading Customers
13534,25,19.83135135135135,2011-12-07 14:52:00,1,0,0,Occasional / Regular Shoppers
13536,7,19.35050561797753,2011-12-08 16:38:00,0,0,1,Occasional / Regular Shoppers
13538,7,51.233999999999995,2011-10-27 16:34:00,42,0,1,Occasional / Regular Shoppers
13539,3,17.063243243243242,2011-09-15 10:18:00,85,0,1,Occasional / Regular Shoppers
13544,2,3.539230769230769,2011-10-31 11:57:00,39,0,1,Occasional / Regular Shoppers
13546,3,6.4029896907216495,2011-11-27 14:50:00,11,0,1,Occasional / Regular Shoppers
13548,2,5.51349593495935,2011-09-04 14:50:00,95,0,1,Occasional / Regular Shoppers
13549,7,18.00392156862745,2011-11-14 09:20:00,25,0,1,Occasional / Regular Shoppers
13551,1,22.950000000000003,2011-01-24 14:46:00,318,1,2,At-Risk / Fading Customers
13552,12,34.31256880733945,2011-10-04 15:19:00,65,0,1,Occasional / Regular Shoppers
13555,4,30.362074074074076,2011-09-27 12:36:00,73,0,1,Occasional / Regular Shoppers
13557,2,17.17823529411765,2011-11-11 15:24:00,27,0,1,Occasional / Regular Shoppers
13558,4,3.517869822485207,2011-12-04 11:24:00,5,0,1,Occasional / Regular Shoppers
13560,1,5.3568750000000005,2011-12-02 13:11:00,6,0,1,Occasional / Regular Shoppers
13561,1,10.132857142857143,2011-05-08 12:39:00,215,1,2,At-Risk / Fading Customers
13562,3,21.943048780487807,2011-09-19 10:51:00,81,0,1,Occasional / Regular Shoppers
13563,2,15.867959183673468,2011-09-16 14:45:00,83,0,1,Occasional / Regular Shoppers
13564,3,21.29222222222222,2011-07-18 14:33:00,143,1,1,At-Risk / Fading Customers
13565,2,6.321578947368421,2011-11-20 14:33:00,18,0,1,Occasional / Regular Shoppers
13566,2,5.0700591715976335,2011-10-30 11:59:00,40,0,1,Occasional / Regular Shoppers
13568,1,4.3500000000000005,2011-06-19 14:42:00,172,1,2,At-Risk / Fading Customers
13569,2,4.286329113924051,2011-11-22 13:07:00,16,0,1,Occasional / Regular Shoppers
13570,1,8.870000000000001,2011-04-10 13:36:00,242,1,2,At-Risk / Fading Customers
13571,12,6.143941176470588,2011-11-27 10:47:00,12,0,1,Occasional / Regular Shoppers
13572,1,41.946969696969695,2011-05-18 11:59:00,205,1,2,At-Risk / Fading Customers
13573,2,11.61,2011-10-20 14:33:00,49,0,1,Occasional / Regular Shoppers
13575,5,15.914565217391305,2011-11-16 13:14:00,22,0,1,Occasional / Regular Shoppers
13576,18,53.312222222222225,2011-11-29 15:34:00,9,0,0,Occasional / Regular Shoppers
13577,4,20.33253012048193,2011-11-14 15:19:00,24,0,1,Occasional / Regular Shoppers
13579,2,20.30608695652174,2011-11-25 08:41:00,14,0,1,Occasional / Regular Shoppers
13581,1,11.8,2011-02-03 14:41:00,308,1,2,At-Risk / Fading Customers
13583,1,14.736415094339621,2011-07-07 10:40:00,155,1,2,At-Risk / Fading Customers
13584,1,5.933333333333334,2011-02-06 12:49:00,306,1,2,At-Risk / Fading Customers
13587,1,89.05,2011-10-07 12:31:00,63,0,1,Occasional / Regular Shoppers
13588,9,14.246839080459768,2011-11-24 10:42:00,15,0,1,Occasional / Regular Shoppers
13589,2,18.07857142857143,2011-11-25 12:10:00,14,0,1,Occasional / Regular Shoppers
13590,6,22.780689655172413,2011-11-28 12:54:00,10,0,1,Occasional / Regular Shoppers
13591,3,19.26086206896552,2011-10-06 12:26:00,64,0,1,Occasional / Regular Shoppers
13592,4,15.497499999999999,2011-11-04 09:49:00,35,0,1,Occasional / Regular Shoppers
13593,5,15.841574803149607,2011-08-23 13:35:00,107,0,1,Occasional / Regular Shoppers
13594,1,15.268076923076924,2011-10-18 10:19:00,52,0,1,Occasional / Regular Shoppers
13596,2,4.548698630136986,2011-12-04 12:01:00,5,0,1,Occasional / Regular Shoppers
13598,1,4.572571428571428,2011-10-23 14:28:00,46,0,1,Occasional / Regular Shoppers
13599,21,20.934634146341462,2011-12-08 16:10:00,0,0,0,Occasional / Regular Shoppers
13600,1,11.553684210526317,2011-01-31 15:27:00,311,1,2,At-Risk / Fading Customers
13601,2,7.003232323232324,2011-10-25 17:31:00,44,0,1,Occasional / Regular Shoppers
13602,1,18.647391304347824,2011-10-06 11:47:00,64,0,1,Occasional / Regular Shoppers
13603,1,6.086666666666667,2011-11-13 15:57:00,25,0,1,Occasional / Regular Shoppers
13606,3,6.91875,2011-11-10 17:46:00,28,0,1,Occasional / Regular Shoppers
13607,1,6.964020618556701,2011-10-30 16:17:00,39,0,1,Occasional / Regular Shoppers
13610,7,5.034093023255814,2011-11-27 15:38:00,11,0,1,Occasional / Regular Shoppers
13611,3,16.033333333333335,2011-09-11 14:51:00,88,0,1,Occasional / Regular Shoppers
13614,4,8.130564102564103,2011-11-15 14:47:00,23,0,1,Occasional / Regular Shoppers
13615,1,18.160434782608696,2011-01-25 08:21:00,318,1,2,At-Risk / Fading Customers
13617,3,12.367727272727272,2011-10-30 13:50:00,39,0,1,Occasional / Regular Shoppers
13618,1,13.641538461538461,2011-06-19 11:09:00,173,1,2,At-Risk / Fading Customers
13621,1,11.255263157894737,2011-08-15 08:26:00,116,0,1,Occasional / Regular Shoppers
13623,5,9.33,2011-11-09 12:00:00,30,0,1,Occasional / Regular Shoppers
13626,1,13.53842105263158,2011-04-01 10:05:00,252,1,2,At-Risk / Fading Customers
13627,5,17.80945652173913,2011-10-11 14:20:00,58,0,1,Occasional / Regular Shoppers
13629,11,132.07389830508475,2011-11-16 13:21:00,22,0,1,Occasional / Regular Shoppers
13630,7,28.61661971830986,2011-12-04 15:16:00,4,0,1,Occasional / Regular Shoppers
13631,11,279.1290909090909,2011-09-01 09:57:00,99,0,1,Occasional / Regular Shoppers
13632,5,14.613310344827585,2011-11-15 10:51:00,24,0,1,Occasional / Regular Shoppers
13634,5,8.319139784946238,2011-11-06 13:40:00,32,0,1,Occasional / Regular Shoppers
13635,1,17.274677419354838,2011-10-03 10:55:00,67,0,1,Occasional / Regular Shoppers
13636,5,15.065396825396826,2011-11-03 10:30:00,36,0,1,Occasional / Regular Shoppers
13637,3,8.124242424242423,2011-10-18 13:32:00,51,0,1,Occasional / Regular Shoppers
13638,1,15.33,2011-11-24 10:38:00,15,0,1,Occasional / Regular Shoppers
13639,1,25.833499999999997,2011-09-26 13:36:00,73,0,1,Occasional / Regular Shoppers
13642,1,5.478596491228069,2011-05-08 12:34:00,215,1,2,At-Risk / Fading Customers
13643,3,18.551428571428573,2011-11-08 15:37:00,30,0,1,Occasional / Regular Shoppers
13644,4,17.974383561643837,2011-11-23 14:07:00,15,0,1,Occasional / Regular Shoppers
13645,1,50.42,2011-08-11 16:11:00,119,0,1,Occasional / Regular Shoppers
13647,4,21.12974358974359,2011-11-30 12:00:00,9,0,1,Occasional / Regular Shoppers
13649,2,15.069565217391306,2011-03-28 11:51:00,256,1,2,At-Risk / Fading Customers
13650,6,19.128541666666667,2011-11-23 12:22:00,16,0,1,Occasional / Regular Shoppers
13651,2,15.700000000000001,2011-11-04 14:59:00,34,0,1,Occasional / Regular Shoppers
13652,3,17.38222222222222,2011-10-25 08:51:00,45,0,1,Occasional / Regular Shoppers
13654,6,16.30921686746988,2011-10-27 16:24:00,42,0,1,Occasional / Regular Shoppers
13655,2,16.66017857142857,2011-08-17 14:25:00,113,0,1,Occasional / Regular Shoppers
13656,2,7.747959183673469,2011-06-28 10:31:00,164,1,2,At-Risk / Fading Customers
13657,2,23.88375,2011-11-29 12:32:00,10,0,1,Occasional / Regular Shoppers
13658,5,24.43675925925926,2011-11-30 10:13:00,9,0,1,Occasional / Regular Shoppers
13659,2,15.174757281553399,2011-05-18 12:37:00,205,1,2,At-Risk / Fading Customers
13662,3,16.947307692307692,2011-09-15 12:04:00,85,0,1,Occasional / Regular Shoppers
13663,1,14.574615384615385,2011-06-13 15:44:00,178,1,2,At-Risk / Fading Customers
13666,3,7.054166666666667,2011-10-10 15:39:00,59,0,1,Occasional / Regular Shoppers
13667,1,3.603012048192771,2011-07-13 15:42:00,148,1,2,At-Risk / Fading Customers
13668,21,13.628142548596113,2011-12-07 12:11:00,2,0,0,Occasional / Regular Shoppers
13669,2,24.283333333333335,2011-10-20 09:32:00,50,0,1,Occasional / Regular Shoppers
13670,1,13.988,2011-09-25 15:25:00,74,0,1,Occasional / Regular Shoppers
13672,2,31.065,2011-02-11 13:53:00,300,1,2,At-Risk / Fading Customers
13673,2,6.457333333333334,2011-11-21 12:11:00,18,0,1,Occasional / Regular Shoppers
13675,2,19.472800000000003,2011-07-11 12:57:00,150,1,2,At-Risk / Fading Customers
13678,1,14.5375,2011-07-11 10:14:00,151,1,2,At-Risk / Fading Customers
13680,4,19.170721649484534,2011-12-08 13:47:00,0,0,1,Occasional / Regular Shoppers
13681,4,14.523333333333333,2011-11-22 11:13:00,17,0,1,Occasional / Regular Shoppers
13682,1,19.833333333333332,2011-06-05 14:06:00,186,1,2,At-Risk / Fading Customers
13684,1,2.245862068965517,2011-02-27 10:13:00,285,1,2,At-Risk / Fading Customers
13685,7,79.98564102564103,2011-12-07 11:41:00,2,0,1,Occasional / Regular Shoppers
13686,1,9.0,2011-06-10 09:10:00,182,1,2,At-Risk / Fading Customers
13689,1,151.66666666666666,2011-10-07 13:21:00,62,0,1,Occasional / Regular Shoppers
13690,1,19.13888888888889,2011-10-11 15:03:00,58,0,1,Occasional / Regular Shoppers
13692,3,28.081509433962264,2011-11-15 11:17:00,24,0,1,Occasional / Regular Shoppers
13694,50,114.50637323943663,2011-12-06 09:32:00,3,3,0,VIP / Loyal Customers
13695,15,27.823666666666668,2011-11-08 14:26:00,30,0,0,Occasional / Regular Shoppers
13697,1,12.608333333333334,2011-11-01 09:14:00,38,0,1,Occasional / Regular Shoppers
13699,1,22.041428571428575,2011-07-07 16:51:00,154,1,2,At-Risk / Fading Customers
13700,10,11.590876288659794,2011-11-13 13:00:00,25,0,1,Occasional / Regular Shoppers
13703,1,99.5,2011-01-25 13:10:00,317,1,2,At-Risk / Fading Customers
13704,9,17.224328358208954,2011-12-04 15:13:00,4,0,1,Occasional / Regular Shoppers
13705,3,25.423571428571428,2011-12-02 12:32:00,7,0,1,Occasional / Regular Shoppers
13706,1,16.5395,2011-02-10 09:21:00,302,1,2,At-Risk / Fading Customers
13707,2,16.800208333333334,2011-03-17 18:03:00,266,1,2,At-Risk / Fading Customers
13708,1,5.823061224489796,2011-03-13 13:46:00,270,1,2,At-Risk / Fading Customers
13709,13,18.828805970149254,2011-12-06 10:28:00,3,0,1,Occasional / Regular Shoppers
13710,1,22.56,2011-11-08 08:16:00,31,0,1,Occasional / Regular Shoppers
13711,2,19.38923076923077,2011-05-05 10:31:00,218,1,2,At-Risk / Fading Customers
13712,1,22.884,2011-04-07 12:33:00,246,1,2,At-Risk / Fading Customers
13715,5,10.359519230769232,2011-03-03 19:21:00,280,1,2,At-Risk / Fading Customers
13716,1,6.584761904761905,2011-03-15 13:49:00,268,1,2,At-Risk / Fading Customers
13717,6,14.166764705882352,2011-11-07 14:13:00,31,0,1,Occasional / Regular Shoppers
13718,2,25.545833333333334,2011-04-07 13:24:00,245,1,2,At-Risk / Fading Customers
13719,5,17.361333333333334,2011-11-24 15:26:00,14,0,1,Occasional / Regular Shoppers
13720,4,18.60232558139535,2011-08-15 12:46:00,116,0,1,Occasional / Regular Shoppers
13721,1,18.719285714285714,2011-11-03 14:05:00,35,0,1,Occasional / Regular Shoppers
13722,3,27.945999999999998,2011-07-31 12:44:00,131,0,1,Occasional / Regular Shoppers
13723,1,33.30833333333334,2011-05-06 17:04:00,216,1,2,At-Risk / Fading Customers
13725,8,19.043846153846154,2011-10-21 10:03:00,49,0,1,Occasional / Regular Shoppers
13726,2,25.70619047619048,2011-11-01 10:49:00,38,0,1,Occasional / Regular Shoppers
13727,2,16.674,2011-11-11 09:46:00,28,0,1,Occasional / Regular Shoppers
13728,6,16.12920634920635,2011-11-03 10:49:00,36,0,1,Occasional / Regular Shoppers
13730,2,17.50232558139535,2011-07-27 08:35:00,135,0,1,Occasional / Regular Shoppers
13731,2,16.068157894736842,2011-05-04 14:33:00,218,1,2,At-Risk / Fading Customers
13732,1,14.904848484848486,2011-11-11 15:49:00,27,0,1,Occasional / Regular Shoppers
13735,4,14.787384615384616,2011-11-15 11:14:00,24,0,1,Occasional / Regular Shoppers
13736,2,3.8410526315789473,2011-12-04 15:19:00,4,0,1,Occasional / Regular Shoppers
13737,1,11.32,2011-05-23 16:32:00,199,1,2,At-Risk / Fading Customers
13739,1,72.3,2011-11-21 13:35:00,17,0,1,Occasional / Regular Shoppers
13740,1,15.25,2011-04-13 10:32:00,240,1,2,At-Risk / Fading Customers
13741,3,19.65970588235294,2011-09-29 09:19:00,71,0,1,Occasional / Regular Shoppers
13742,12,9.92929712460064,2011-11-23 11:07:00,16,0,1,Occasional / Regular Shoppers
13743,7,32.72195121951219,2011-12-07 10:09:00,2,0,1,Occasional / Regular Shoppers
13744,2,17.15111111111111,2011-09-05 15:19:00,94,0,1,Occasional / Regular Shoppers
13745,1,12.001600000000002,2011-06-30 16:43:00,161,1,2,At-Risk / Fading Customers
13747,1,79.6,2010-12-01 10:37:00,373,1,2,At-Risk / Fading Customers
13748,5,33.86607142857143,2011-09-05 09:45:00,95,0,1,Occasional / Regular Shoppers
13750,5,68.63583333333334,2011-10-17 12:16:00,53,0,1,Occasional / Regular Shoppers
13751,1,32.916666666666664,2011-02-24 15:56:00,287,1,2,At-Risk / Fading Customers
13752,6,15.671733333333334,2011-08-07 14:16:00,123,0,1,Occasional / Regular Shoppers
13753,1,21.178857142857144,2011-02-25 12:48:00,287,1,2,At-Risk / Fading Customers
13754,2,23.55,2011-07-11 11:51:00,151,1,2,At-Risk / Fading Customers
13755,9,6.567165109034268,2011-12-06 12:26:00,3,0,1,Occasional / Regular Shoppers
13756,14,36.54591549295775,2011-12-07 16:44:00,1,0,0,Occasional / Regular Shoppers
13758,7,27.26965811965812,2011-11-28 11:11:00,11,0,1,Occasional / Regular Shoppers
13759,2,26.376400000000004,2011-11-06 14:47:00,32,0,1,Occasional / Regular Shoppers
13760,2,5.03140350877193,2011-10-16 16:13:00,53,0,1,Occasional / Regular Shoppers
13761,2,15.295000000000002,2011-10-20 14:01:00,49,0,1,Occasional / Regular Shoppers
13762,1,43.81714285714286,2011-05-05 09:15:00,218,1,2,At-Risk / Fading Customers
13763,1,114.33066666666667,2011-10-07 15:13:00,62,0,1,Occasional / Regular Shoppers
13764,3,7.340193236714976,2011-09-30 12:03:00,70,0,1,Occasional / Regular Shoppers
13767,37,46.79445652173913,2011-12-07 15:00:00,1,0,0,Occasional / Regular Shoppers
13769,10,20.71488888888889,2011-12-07 15:08:00,1,0,1,Occasional / Regular Shoppers
13771,4,22.138235294117646,2011-10-06 14:18:00,63,0,1,Occasional / Regular Shoppers
13772,3,6.489190751445087,2011-11-06 11:43:00,33,0,1,Occasional / Regular Shoppers
13774,1,15.681818181818182,2011-09-19 12:06:00,81,0,1,Occasional / Regular Shoppers
13777,33,131.86375634517768,2011-12-09 12:25:00,0,0,0,Occasional / Regular Shoppers
13778,1,19.855555555555554,2011-08-28 15:25:00,102,0,1,Occasional / Regular Shoppers
13780,2,6.315964912280702,2011-12-02 13:49:00,6,0,1,Occasional / Regular Shoppers
13781,1,7.5200000000000005,2011-04-03 12:08:00,250,1,2,At-Risk / Fading Customers
13782,6,8.043008849557522,2011-11-27 11:54:00,12,0,1,Occasional / Regular Shoppers
13784,11,79.44483870967741,2011-11-30 09:33:00,9,0,1,Occasional / Regular Shoppers
13786,1,32.91428571428572,2010-12-07 13:53:00,366,1,2,At-Risk / Fading Customers
13787,2,9.969032258064518,2011-09-25 12:06:00,75,0,1,Occasional / Regular Shoppers
13790,1,7.75111111111111,2011-12-05 15:48:00,3,0,1,Occasional / Regular Shoppers
13791,2,137.8181818181818,2011-08-04 11:44:00,127,0,1,Occasional / Regular Shoppers
13792,2,15.042307692307693,2011-10-04 14:31:00,65,0,1,Occasional / Regular Shoppers
13798,57,106.4580229226361,2011-12-08 15:51:00,0,3,0,VIP / Loyal Customers
13799,2,17.663076923076922,2011-08-15 12:07:00,116,0,1,Occasional / Regular Shoppers
13800,1,16.91878787878788,2011-02-03 12:27:00,309,1,2,At-Risk / Fading Customers
13801,1,14.121739130434783,2011-10-04 10:15:00,66,0,1,Occasional / Regular Shoppers
13802,3,76.657,2011-07-24 10:54:00,138,0,1,Occasional / Regular Shoppers
13803,1,16.298235294117646,2011-03-29 12:57:00,254,1,2,At-Risk / Fading Customers
13804,7,19.173259259259257,2011-11-09 12:32:00,30,0,1,Occasional / Regular Shoppers
13805,2,71.12307692307692,2011-10-18 14:50:00,51,0,1,Occasional / Regular Shoppers
13806,1,25.637999999999998,2011-10-07 11:43:00,63,0,1,Occasional / Regular Shoppers
13807,1,16.085714285714285,2010-12-07 15:48:00,366,1,2,At-Risk / Fading Customers
13808,5,22.995526315789476,2011-12-04 12:18:00,5,0,1,Occasional / Regular Shoppers
13809,1,12.920833333333334,2011-02-07 13:15:00,304,1,2,At-Risk / Fading Customers
13810,3,42.828857142857146,2011-11-11 08:33:00,28,0,1,Occasional / Regular Shoppers
13811,3,62.65384615384615,2011-06-09 09:54:00,183,1,2,At-Risk / Fading Customers
13812,3,14.972222222222221,2011-10-28 14:27:00,41,0,1,Occasional / Regular Shoppers
13813,4,19.809565217391306,2011-10-31 10:38:00,39,0,1,Occasional / Regular Shoppers
13814,2,27.703859649122805,2011-09-08 13:48:00,91,0,1,Occasional / Regular Shoppers
13815,4,22.882727272727273,2011-11-17 14:19:00,21,0,1,Occasional / Regular Shoppers
13816,2,20.416785714285716,2011-11-16 08:38:00,23,0,1,Occasional / Regular Shoppers
13817,2,15.957500000000001,2011-11-10 17:49:00,28,0,1,Occasional / Regular Shoppers
13819,3,31.676388888888887,2011-02-11 10:38:00,301,1,2,At-Risk / Fading Customers
13821,2,6.536271186440678,2011-07-18 09:49:00,144,1,2,At-Risk / Fading Customers
13822,2,6.583333333333333,2011-12-04 12:13:00,5,0,1,Occasional / Regular Shoppers
13823,2,23.941499999999998,2011-11-21 10:22:00,18,0,1,Occasional / Regular Shoppers
13824,5,36.93347826086956,2011-11-07 12:41:00,32,0,1,Occasional / Regular Shoppers
13826,1,18.95,2011-06-16 13:48:00,175,1,2,At-Risk / Fading Customers
13827,3,4.4543478260869565,2011-10-13 12:38:00,57,0,1,Occasional / Regular Shoppers
13828,1,13.966000000000001,2011-11-17 16:02:00,21,0,1,Occasional / Regular Shoppers
13831,6,30.534027777777776,2011-11-23 15:41:00,15,0,1,Occasional / Regular Shoppers
13832,1,17.400000000000002,2011-11-20 15:36:00,18,0,1,Occasional / Regular Shoppers
13833,1,13.708928571428572,2011-07-03 13:27:00,158,1,2,At-Risk / Fading Customers
13835,4,15.174000000000001,2011-11-14 15:37:00,24,0,1,Occasional / Regular Shoppers
13837,2,14.810555555555558,2011-05-12 12:10:00,211,1,2,At-Risk / Fading Customers
13838,4,4.089818181818182,2011-12-04 11:00:00,5,0,1,Occasional / Regular Shoppers
13841,1,85.0,2011-04-01 12:10:00,252,1,2,At-Risk / Fading Customers
13842,9,16.43504854368932,2011-10-12 10:51:00,58,0,1,Occasional / Regular Shoppers
13844,1,18.081,2011-11-28 13:21:00,10,0,1,Occasional / Regular Shoppers
13845,1,34.775555555555556,2011-10-06 08:25:00,64,0,1,Occasional / Regular Shoppers
13846,3,15.728363636363637,2011-11-15 12:07:00,24,0,1,Occasional / Regular Shoppers
13848,3,251.0,2011-09-08 12:58:00,91,0,1,Occasional / Regular Shoppers
13849,2,15.227227722772279,2011-10-19 10:59:00,51,0,1,Occasional / Regular Shoppers
13850,1,17.155698924731183,2011-08-02 14:04:00,128,0,1,Occasional / Regular Shoppers
13851,3,32.73407407407407,2011-09-05 12:36:00,95,0,1,Occasional / Regular Shoppers
13853,1,47.39739130434782,2011-10-13 14:18:00,56,0,1,Occasional / Regular Shoppers
13854,25,73.72290909090908,2011-12-01 09:06:00,8,0,0,Occasional / Regular Shoppers
13856,3,27.75,2011-06-24 10:03:00,168,1,2,At-Risk / Fading Customers
13858,1,19.651818181818182,2011-10-13 16:17:00,56,0,1,Occasional / Regular Shoppers
13859,1,7.184285714285714,2011-01-17 16:14:00,325,1,2,At-Risk / Fading Customers
13860,5,16.39342105263158,2011-12-08 12:57:00,0,0,1,Occasional / Regular Shoppers
13862,8,15.894676258992806,2011-11-21 16:24:00,17,0,1,Occasional / Regular Shoppers
13863,1,15.288999999999998,2011-04-06 10:20:00,247,1,2,At-Risk / Fading Customers
13865,4,16.718666666666667,2011-10-12 13:31:00,57,0,1,Occasional / Regular Shoppers
13866,1,20.81,2011-09-26 14:54:00,73,0,1,Occasional / Regular Shoppers
13867,3,16.7515,2011-11-08 15:48:00,30,0,1,Occasional / Regular Shoppers
13868,2,96.74363636363637,2011-12-02 16:32:00,6,0,1,Occasional / Regular Shoppers
13869,4,10.143585526315789,2011-08-08 13:53:00,122,0,1,Occasional / Regular Shoppers
13870,8,24.095130434782607,2011-12-07 13:23:00,1,0,1,Occasional / Regular Shoppers
13871,13,19.057291666666668,2011-11-17 10:49:00,22,0,1,Occasional / Regular Shoppers
13873,3,16.93913043478261,2011-08-12 10:08:00,119,0,1,Occasional / Regular Shoppers
13874,1,30.025000000000002,2010-12-16 18:20:00,357,1,2,At-Risk / Fading Customers
13875,5,17.180673076923078,2011-10-17 09:36:00,53,0,1,Occasional / Regular Shoppers
13876,1,17.52857142857143,2011-10-07 10:22:00,63,0,1,Occasional / Regular Shoppers
13877,1,39.08,2011-09-14 15:49:00,85,0,1,Occasional / Regular Shoppers
13878,1,36.330571428571425,2011-10-16 12:19:00,54,0,1,Occasional / Regular Shoppers
13880,13,19.513757575757577,2011-11-18 13:44:00,20,0,1,Occasional / Regular Shoppers
13881,20,96.40179775280899,2011-12-06 12:50:00,3,0,0,Occasional / Regular Shoppers
13882,5,18.325076923076924,2011-12-07 11:16:00,2,0,1,Occasional / Regular Shoppers
13883,5,18.834366197183098,2011-11-29 10:45:00,10,0,1,Occasional / Regular Shoppers
13884,5,13.349152542372881,2011-12-02 16:30:00,6,0,1,Occasional / Regular Shoppers
13885,2,18.1,2011-06-03 15:07:00,188,1,2,At-Risk / Fading Customers
13886,1,15.2225,2011-09-29 13:17:00,70,0,1,Occasional / Regular Shoppers
13887,1,18.397368421052633,2011-05-19 17:22:00,203,1,2,At-Risk / Fading Customers
13888,2,15.273589743589742,2011-08-12 10:13:00,119,0,1,Occasional / Regular Shoppers
13889,1,27.793333333333337,2011-09-08 09:13:00,92,0,1,Occasional / Regular Shoppers
13890,10,17.125545454545453,2011-12-08 15:36:00,0,0,1,Occasional / Regular Shoppers
13892,4,23.443333333333335,2011-11-13 11:50:00,26,0,1,Occasional / Regular Shoppers
13893,1,39.1,2011-02-15 11:30:00,297,1,2,At-Risk / Fading Customers
13894,3,20.911851851851853,2011-11-16 09:44:00,23,0,1,Occasional / Regular Shoppers
13895,4,21.975169491525424,2011-11-11 16:57:00,27,0,1,Occasional / Regular Shoppers
13897,1,18.303529411764707,2011-10-20 14:30:00,49,0,1,Occasional / Regular Shoppers
13898,1,12.994166666666667,2011-01-18 10:28:00,325,1,2,At-Risk / Fading Customers
13899,2,20.448421052631577,2011-11-23 13:40:00,15,0,1,Occasional / Regular Shoppers
13900,3,17.23139534883721,2011-06-09 19:26:00,182,1,2,At-Risk / Fading Customers
13901,5,19.24295302013423,2011-09-28 14:48:00,71,0,1,Occasional / Regular Shoppers
13904,2,12.793846153846154,2011-11-02 13:41:00,36,0,1,Occasional / Regular Shoppers
13908,4,19.42254098360656,2011-09-21 11:49:00,79,0,1,Occasional / Regular Shoppers
13911,9,17.43858108108108,2011-10-13 15:43:00,56,0,1,Occasional / Regular Shoppers
13914,2,18.983333333333334,2011-11-28 10:35:00,11,0,1,Occasional / Regular Shoppers
13917,2,15.113333333333335,2011-10-21 09:56:00,49,0,1,Occasional / Regular Shoppers
13918,2,40.428000000000004,2011-10-21 12:25:00,49,0,1,Occasional / Regular Shoppers
13919,2,13.743214285714286,2011-10-11 14:24:00,58,0,1,Occasional / Regular Shoppers
13922,1,24.607142857142858,2010-12-23 10:38:00,351,1,2,At-Risk / Fading Customers
13923,1,17.5565,2011-10-17 12:33:00,53,0,1,Occasional / Regular Shoppers
13924,6,15.716666666666669,2011-12-08 09:39:00,1,0,1,Occasional / Regular Shoppers
13925,4,16.54268292682927,2011-09-08 12:47:00,92,0,1,Occasional / Regular Shoppers
13926,1,20.35,2011-11-16 13:16:00,22,0,1,Occasional / Regular Shoppers
13927,1,16.61857142857143,2011-09-26 12:00:00,74,0,1,Occasional / Regular Shoppers
13928,4,17.206296296296298,2011-11-29 10:33:00,10,0,1,Occasional / Regular Shoppers
13929,2,93.62777777777778,2011-06-23 15:26:00,168,1,2,At-Risk / Fading Customers
13930,2,19.843529411764706,2011-10-13 09:45:00,57,0,1,Occasional / Regular Shoppers
13931,2,21.336724137931036,2011-09-05 10:12:00,95,0,1,Occasional / Regular Shoppers
13932,1,19.2125,2011-02-18 12:02:00,294,1,2,At-Risk / Fading Customers
13933,2,26.469130434782606,2011-08-22 14:03:00,108,0,1,Occasional / Regular Shoppers
13934,1,29.74516129032258,2011-03-21 08:39:00,263,1,2,At-Risk / Fading Customers
13936,1,14.483846153846153,2011-06-13 08:47:00,179,1,2,At-Risk / Fading Customers
13937,1,17.65,2011-06-23 16:35:00,168,1,2,At-Risk / Fading Customers
13938,1,10.237142857142857,2011-11-04 14:37:00,34,0,1,Occasional / Regular Shoppers
13939,3,12.634444444444444,2011-11-16 13:33:00,22,0,1,Occasional / Regular Shoppers
13940,4,17.12530612244898,2011-11-22 15:15:00,16,0,1,Occasional / Regular Shoppers
13941,5,113.62133333333334,2011-11-18 09:43:00,21,0,1,Occasional / Regular Shoppers
13946,3,51.051818181818184,2011-09-21 13:33:00,78,0,1,Occasional / Regular Shoppers
13947,1,18.12,2011-10-05 14:42:00,64,0,1,Occasional / Regular Shoppers
13948,1,34.0,2010-12-14 10:18:00,360,1,2,At-Risk / Fading Customers
13949,6,15.170750000000002,2011-12-07 09:35:00,2,0,1,Occasional / Regular Shoppers
13950,4,21.287428571428574,2011-11-28 14:44:00,10,0,1,Occasional / Regular Shoppers
13951,3,17.293589743589745,2011-06-16 16:43:00,175,1,2,At-Risk / Fading Customers
13952,2,23.730445255474454,2011-05-06 09:00:00,217,1,2,At-Risk / Fading Customers
13953,7,175.784,2011-12-02 16:04:00,6,0,1,Occasional / Regular Shoppers
13954,2,17.5968,2011-12-08 12:50:00,1,0,1,Occasional / Regular Shoppers
13955,2,9.786666666666665,2011-07-08 17:19:00,153,1,2,At-Risk / Fading Customers
13956,5,6.933809523809524,2011-12-04 13:20:00,4,0,1,Occasional / Regular Shoppers
13959,3,6.600444444444444,2011-09-21 15:06:00,78,0,1,Occasional / Regular Shoppers
13960,2,19.185,2011-11-18 15:27:00,20,0,1,Occasional / Regular Shoppers
13962,2,15.413636363636362,2011-11-18 08:47:00,21,0,1,Occasional / Regular Shoppers
13963,4,18.986857142857144,2011-02-04 14:43:00,307,1,2,At-Risk / Fading Customers
13967,1,40.35,2011-07-17 12:02:00,145,1,2,At-Risk / Fading Customers
13969,18,14.578626817447496,2011-12-02 15:11:00,6,0,0,Occasional / Regular Shoppers
13971,8,18.511812080536913,2011-11-21 12:06:00,18,0,1,Occasional / Regular Shoppers
13972,2,12.683333333333334,2011-09-30 11:54:00,70,0,1,Occasional / Regular Shoppers
13973,1,24.063636363636363,2011-02-25 15:21:00,286,1,2,At-Risk / Fading Customers
13974,1,14.77107142857143,2011-10-21 14:41:00,48,0,1,Occasional / Regular Shoppers
13975,6,7.480972644376901,2011-11-08 13:19:00,30,0,1,Occasional / Regular Shoppers
13976,1,35.798,2011-05-17 09:13:00,206,1,2,At-Risk / Fading Customers
13978,2,13.119333333333334,2011-11-25 11:36:00,14,0,1,Occasional / Regular Shoppers
13979,1,16.108703703703704,2011-09-27 13:32:00,72,0,1,Occasional / Regular Shoppers
13980,1,18.19454545454545,2011-10-10 13:34:00,59,0,1,Occasional / Regular Shoppers
13982,4,16.863153153153153,2011-10-31 16:24:00,38,0,1,Occasional / Regular Shoppers
13983,12,24.3311214953271,2011-11-10 11:06:00,29,0,1,Occasional / Regular Shoppers
13984,5,57.531875,2011-11-13 12:38:00,26,0,1,Occasional / Regular Shoppers
13985,15,20.229598853868197,2011-12-05 17:06:00,3,0,0,Occasional / Regular Shoppers
13986,1,24.650769230769228,2011-11-22 15:00:00,16,0,1,Occasional / Regular Shoppers
13988,6,17.726324786324785,2011-11-20 10:15:00,19,0,1,Occasional / Regular Shoppers
13989,2,30.88,2011-10-05 09:47:00,65,0,1,Occasional / Regular Shoppers
13990,1,19.45625,2011-05-10 15:19:00,212,1,2,At-Risk / Fading Customers
13991,6,10.400975609756097,2011-11-27 16:18:00,11,0,1,Occasional / Regular Shoppers
13992,1,15.36,2011-11-09 15:23:00,29,0,1,Occasional / Regular Shoppers
13993,9,28.647603305785125,2011-10-28 09:06:00,42,0,1,Occasional / Regular Shoppers
13994,6,15.36581081081081,2011-12-06 11:05:00,3,0,1,Occasional / Regular Shoppers
13995,5,16.205697674418605,2011-11-24 14:22:00,14,0,1,Occasional / Regular Shoppers
13999,12,18.758701923076924,2011-11-29 13:40:00,9,0,1,Occasional / Regular Shoppers
14000,1,42.37733333333333,2011-05-12 16:50:00,210,1,2,At-Risk / Fading Customers
14001,3,52.38666666666667,2011-10-25 10:31:00,45,0,1,Occasional / Regular Shoppers
14002,2,11.270851063829788,2011-07-28 15:55:00,133,0,1,Occasional / Regular Shoppers
14004,7,26.799064327485382,2011-10-27 14:40:00,42,0,1,Occasional / Regular Shoppers
14005,5,34.22285714285714,2011-11-30 12:41:00,9,0,1,Occasional / Regular Shoppers
14006,3,32.073,2011-08-16 09:39:00,115,0,1,Occasional / Regular Shoppers
14009,2,16.562142857142856,2011-05-25 15:47:00,197,1,2,At-Risk / Fading Customers
14012,1,29.89090909090909,2011-03-07 12:26:00,277,1,2,At-Risk / Fading Customers
14013,3,13.91235294117647,2011-08-21 15:01:00,109,0,1,Occasional / Regular Shoppers
14014,1,12.953333333333333,2011-09-23 13:18:00,76,0,1,Occasional / Regular Shoppers
14015,1,45.867000000000004,2011-10-18 10:02:00,52,0,1,Occasional / Regular Shoppers
14016,4,26.964037267080744,2011-07-01 11:29:00,161,1,2,At-Risk / Fading Customers
14019,3,21.539545454545458,2011-10-24 10:13:00,46,0,1,Occasional / Regular Shoppers
14020,2,16.48205128205128,2011-11-23 09:22:00,16,0,1,Occasional / Regular Shoppers
14021,3,28.722727272727273,2011-07-07 15:46:00,154,1,2,At-Risk / Fading Customers
14022,1,15.714285714285714,2011-04-28 14:39:00,224,1,2,At-Risk / Fading Customers
14023,2,18.840967741935486,2011-12-02 13:58:00,6,0,1,Occasional / Regular Shoppers
14024,2,20.48125,2011-08-10 11:30:00,121,0,1,Occasional / Regular Shoppers
14027,1,17.47,2011-10-10 09:01:00,60,0,1,Occasional / Regular Shoppers
14029,2,31.177333333333333,2011-10-07 14:46:00,62,0,1,Occasional / Regular Shoppers
14030,8,9.747272727272728,2011-11-21 16:48:00,17,0,1,Occasional / Regular Shoppers
14031,19,69.14744,2011-12-02 17:13:00,6,0,0,Occasional / Regular Shoppers
14032,11,20.80832167832168,2011-12-07 15:23:00,1,0,1,Occasional / Regular Shoppers
14034,3,7.545232558139535,2011-11-17 14:02:00,21,0,1,Occasional / Regular Shoppers
14035,5,21.636666666666667,2011-11-11 10:03:00,28,0,1,Occasional / Regular Shoppers
14036,1,16.49078947368421,2011-02-28 09:26:00,284,1,2,At-Risk / Fading Customers
14037,2,5.257142857142858,2011-06-16 13:57:00,175,1,2,At-Risk / Fading Customers
14038,3,16.960652173913044,2011-09-22 13:37:00,77,0,1,Occasional / Regular Shoppers
14039,1,25.366666666666664,2011-11-06 13:48:00,32,0,1,Occasional / Regular Shoppers
14040,12,15.547248908296943,2011-10-30 12:42:00,40,0,1,Occasional / Regular Shoppers
14041,1,6.733809523809524,2011-03-18 13:25:00,265,1,2,At-Risk / Fading Customers
14044,4,3.1379611650485435,2011-11-13 12:05:00,26,0,1,Occasional / Regular Shoppers
14045,4,276.625,2011-08-22 15:27:00,108,0,1,Occasional / Regular Shoppers
14046,1,11.070714285714287,2011-02-28 14:48:00,283,1,2,At-Risk / Fading Customers
14047,5,40.894062500000004,2011-12-01 11:43:00,8,0,1,Occasional / Regular Shoppers
14048,1,4.822705882352941,2011-02-07 14:53:00,304,1,2,At-Risk / Fading Customers
14049,4,11.670962343096235,2011-11-23 12:20:00,16,0,1,Occasional / Regular Shoppers
14050,2,13.821481481481483,2011-11-08 10:00:00,31,0,1,Occasional / Regular Shoppers
14051,23,74.33519047619048,2011-12-09 10:20:00,0,0,0,Occasional / Regular Shoppers
14052,1,4.024285714285714,2011-11-20 12:30:00,19,0,1,Occasional / Regular Shoppers
14053,2,65.0625,2011-08-07 14:27:00,123,0,1,Occasional / Regular Shoppers
14054,1,15.410000000000002,2011-10-05 15:49:00,64,0,1,Occasional / Regular Shoppers
14055,1,72.56400000000001,2011-08-25 15:04:00,105,0,1,Occasional / Regular Shoppers
14056,23,7.493299632352941,2011-12-08 13:36:00,0,0,0,Occasional / Regular Shoppers
14057,17,21.949328621908126,2011-11-16 10:32:00,23,0,0,Occasional / Regular Shoppers
14059,1,22.95,2011-03-18 10:06:00,266,1,2,At-Risk / Fading Customers
14060,19,30.39811881188119,2011-12-05 12:29:00,4,0,0,Occasional / Regular Shoppers
14062,12,94.27792792792793,2011-11-30 10:04:00,9,0,1,Occasional / Regular Shoppers
14064,5,17.329090909090908,2011-11-10 13:14:00,28,0,1,Occasional / Regular Shoppers
14066,1,21.792857142857144,2011-03-18 12:21:00,266,1,2,At-Risk / Fading Customers
14067,2,7.2057692307692305,2011-10-07 10:21:00,63,0,1,Occasional / Regular Shoppers
14068,1,11.077083333333334,2011-01-23 16:02:00,319,1,2,At-Risk / Fading Customers
14071,8,4.450681114551084,2011-12-06 12:27:00,3,0,1,Occasional / Regular Shoppers
14073,1,11.618461538461538,2011-11-07 15:49:00,31,0,1,Occasional / Regular Shoppers
14075,3,21.913023255813954,2011-12-05 08:38:00,4,0,1,Occasional / Regular Shoppers
14076,1,2.6970454545454547,2011-08-02 15:19:00,128,0,1,Occasional / Regular Shoppers
14077,5,11.890952380952381,2011-10-30 12:35:00,40,0,1,Occasional / Regular Shoppers
14078,6,16.144153846153845,2011-08-30 12:16:00,101,0,1,Occasional / Regular Shoppers
14079,1,31.258333333333336,2011-08-07 12:10:00,124,0,1,Occasional / Regular Shoppers
14080,1,11.399999999999999,2011-11-07 11:09:00,32,0,1,Occasional / Regular Shoppers
14081,2,6.1441333333333334,2011-02-10 16:17:00,301,1,2,At-Risk / Fading Customers
14082,1,6.2844827586206895,2010-12-10 11:02:00,364,1,2,At-Risk / Fading Customers
14083,9,5.6661016949152545,2011-12-05 13:14:00,3,0,1,Occasional / Regular Shoppers
14085,18,9.868950892857143,2011-12-07 13:46:00,1,0,0,Occasional / Regular Shoppers
14087,1,2.8157352941176472,2011-12-07 12:41:00,2,0,1,Occasional / Regular Shoppers
14088,13,85.7246349745331,2011-11-29 16:16:00,9,0,1,Occasional / Regular Shoppers
14089,1,12.211538461538462,2011-10-14 10:38:00,56,0,1,Occasional / Regular Shoppers
14090,1,76.32000000000001,2011-01-19 10:51:00,324,1,2,At-Risk / Fading Customers
14092,14,19.050981308411217,2011-12-02 12:13:00,7,0,0,Occasional / Regular Shoppers
14093,1,4.3386000000000005,2011-11-27 16:27:00,11,0,1,Occasional / Regular Shoppers
14096,17,12.749909998043435,2011-12-05 17:17:00,3,0,0,Occasional / Regular Shoppers
14098,1,7.016666666666667,2011-11-03 10:13:00,36,0,1,Occasional / Regular Shoppers
14099,11,12.41668,2011-11-23 13:53:00,15,0,1,Occasional / Regular Shoppers
14100,1,7.678,2011-07-25 11:01:00,137,0,1,Occasional / Regular Shoppers
14101,6,170.76542857142857,2011-09-27 12:28:00,73,0,1,Occasional / Regular Shoppers
14102,5,19.066896551724135,2011-12-04 15:38:00,4,0,1,Occasional / Regular Shoppers
14104,2,10.295714285714286,2011-07-08 12:50:00,154,1,2,At-Risk / Fading Customers
14105,1,17.111216216216217,2011-04-14 17:58:00,238,1,2,At-Risk / Fading Customers
14107,7,21.977479674796747,2011-10-19 12:12:00,51,0,1,Occasional / Regular Shoppers
14108,2,17.585588235294118,2011-11-09 10:41:00,30,0,1,Occasional / Regular Shoppers
14109,1,16.022222222222222,2011-09-28 10:18:00,72,0,1,Occasional / Regular Shoppers
14110,12,36.66548387096774,2011-12-06 12:26:00,3,0,1,Occasional / Regular Shoppers
14111,4,69.285,2011-11-25 13:44:00,13,0,1,Occasional / Regular Shoppers
14112,7,18.2196875,2011-11-17 12:30:00,22,0,1,Occasional / Regular Shoppers
14113,4,54.13,2011-12-06 12:18:00,3,0,1,Occasional / Regular Shoppers
14114,2,25.768666666666665,2011-03-11 09:42:00,273,1,2,At-Risk / Fading Customers
14116,5,19.204722222222223,2011-11-20 10:29:00,19,0,1,Occasional / Regular Shoppers
14117,1,30.0,2011-07-19 09:49:00,143,1,2,At-Risk / Fading Customers
14121,4,17.485220125786164,2011-12-06 12:19:00,3,0,1,Occasional / Regular Shoppers
14124,1,83.916,2011-09-16 13:32:00,83,0,1,Occasional / Regular Shoppers
14125,3,16.38933734939759,2011-11-29 12:47:00,10,0,1,Occasional / Regular Shoppers
14126,3,47.07533333333334,2011-12-02 11:45:00,7,0,1,Occasional / Regular Shoppers
14127,3,16.129772727272726,2011-08-09 10:49:00,122,0,1,Occasional / Regular Shoppers
14128,2,13.858695652173912,2011-10-10 12:00:00,60,0,1,Occasional / Regular Shoppers
14129,5,21.61269230769231,2011-12-08 11:02:00,1,0,1,Occasional / Regular Shoppers
14130,1,7.286515151515152,2011-01-24 16:05:00,318,1,2,At-Risk / Fading Customers
14132,11,17.93015,2011-12-07 13:35:00,1,0,1,Occasional / Regular Shoppers
14133,3,21.63,2011-08-02 11:34:00,129,0,1,Occasional / Regular Shoppers
14135,15,35.00231343283583,2011-12-08 11:38:00,1,0,0,Occasional / Regular Shoppers
14138,2,20.997391304347826,2011-12-08 12:44:00,1,0,1,Occasional / Regular Shoppers
14139,1,15.993076923076924,2011-10-24 13:34:00,45,0,1,Occasional / Regular Shoppers
14140,2,14.167424242424241,2011-12-06 09:05:00,3,0,1,Occasional / Regular Shoppers
14141,4,22.87825,2011-12-07 09:53:00,2,0,1,Occasional / Regular Shoppers
14142,1,14.173181818181819,2010-12-01 16:33:00,372,1,2,At-Risk / Fading Customers
14143,1,16.54285714285714,2011-07-29 09:48:00,133,0,1,Occasional / Regular Shoppers
14145,4,340.2,2011-10-24 12:10:00,46,0,1,Occasional / Regular Shoppers
14146,5,19.957142857142856,2011-12-01 10:18:00,8,0,1,Occasional / Regular Shoppers
14147,2,96.67999999999999,2011-09-22 18:10:00,77,0,1,Occasional / Regular Shoppers
14148,1,52.4,2011-04-20 12:02:00,233,1,2,At-Risk / Fading Customers
14149,1,15.950714285714286,2011-05-03 09:44:00,220,1,2,At-Risk / Fading Customers
14150,2,25.33230769230769,2011-11-04 10:05:00,35,0,1,Occasional / Regular Shoppers
14152,2,12.67938775510204,2011-09-25 12:54:00,74,0,1,Occasional / Regular Shoppers
14154,2,25.87730769230769,2011-04-14 16:26:00,238,1,2,At-Risk / Fading Customers
14155,1,19.791666666666668,2011-03-18 14:13:00,265,1,2,At-Risk / Fading Customers
14156,55,84.02156272401434,2011-11-30 10:54:00,9,3,0,VIP / Loyal Customers
14157,2,9.236739130434783,2011-11-20 11:32:00,19,0,1,Occasional / Regular Shoppers
14158,1,12.381951219512194,2011-10-30 15:08:00,39,0,1,Occasional / Regular Shoppers
14159,11,3.9407234042553196,2011-11-20 12:36:00,19,0,1,Occasional / Regular Shoppers
14161,3,10.554038461538463,2011-05-08 11:41:00,215,1,2,At-Risk / Fading Customers
14162,2,11.5744,2011-06-19 11:36:00,173,1,2,At-Risk / Fading Customers
14163,4,47.036730769230765,2011-09-13 15:18:00,86,0,1,Occasional / Regular Shoppers
14164,2,56.26793103448276,2011-09-30 12:24:00,70,0,1,Occasional / Regular Shoppers
14165,1,5.0183333333333335,2011-03-09 12:39:00,275,1,2,At-Risk / Fading Customers
14167,4,11.251800000000001,2011-10-31 14:29:00,38,0,1,Occasional / Regular Shoppers
14171,1,6.272241379310345,2011-09-02 16:43:00,97,0,1,Occasional / Regular Shoppers
14173,4,15.546206896551723,2011-11-29 11:54:00,10,0,1,Occasional / Regular Shoppers
14174,1,5.171538461538462,2011-11-06 13:17:00,32,0,1,Occasional / Regular Shoppers
14175,3,21.626174496644296,2011-10-11 11:55:00,59,0,1,Occasional / Regular Shoppers
14176,4,18.609677419354842,2011-02-15 13:12:00,296,1,2,At-Risk / Fading Customers
14177,4,13.401463414634147,2011-09-14 15:11:00,85,0,1,Occasional / Regular Shoppers
14178,7,5.032264150943396,2011-12-01 12:01:00,8,0,1,Occasional / Regular Shoppers
14179,2,4.46859872611465,2011-10-30 12:07:00,40,0,1,Occasional / Regular Shoppers
14180,25,19.785500000000003,2011-11-29 10:56:00,10,0,0,Occasional / Regular Shoppers
14184,1,18.870416666666667,2011-10-04 12:43:00,66,0,1,Occasional / Regular Shoppers
14185,1,65.88333333333334,2011-01-12 13:52:00,330,1,2,At-Risk / Fading Customers
14188,6,31.605538461538462,2011-11-09 12:45:00,30,0,1,Occasional / Regular Shoppers
14189,15,17.56256603773585,2011-12-07 15:55:00,1,0,0,Occasional / Regular Shoppers
14191,13,18.08787644787645,2011-12-08 09:23:00,1,0,1,Occasional / Regular Shoppers
14193,2,20.318809523809524,2011-10-03 09:34:00,67,0,1,Occasional / Regular Shoppers
14194,21,19.601934369602763,2011-12-05 10:38:00,4,0,0,Occasional / Regular Shoppers
14195,2,144.57142857142858,2011-05-22 10:29:00,201,1,2,At-Risk / Fading Customers
14196,1,55.919999999999995,2011-08-25 10:25:00,106,0,1,Occasional / Regular Shoppers
14198,4,17.984615384615385,2011-11-21 16:35:00,17,0,1,Occasional / Regular Shoppers
14199,1,92.69999999999999,2011-05-05 13:44:00,217,1,2,At-Risk / Fading Customers
14201,7,20.20108108108108,2011-10-10 13:27:00,59,0,1,Occasional / Regular Shoppers
14204,1,3.861794871794872,2011-12-07 13:38:00,1,0,1,Occasional / Regular Shoppers
14205,2,19.445833333333333,2011-11-23 10:55:00,16,0,1,Occasional / Regular Shoppers
14206,1,16.407999999999998,2011-04-14 16:38:00,238,1,2,At-Risk / Fading Customers
14208,1,15.174000000000001,2011-09-06 12:48:00,94,0,1,Occasional / Regular Shoppers
14209,6,23.83252873563218,2011-11-29 10:18:00,10,0,1,Occasional / Regular Shoppers
14210,6,18.684705882352944,2011-08-26 12:36:00,105,0,1,Occasional / Regular Shoppers
14211,9,20.009821428571428,2011-10-17 13:23:00,52,0,1,Occasional / Regular Shoppers
14212,1,118.94222222222223,2011-09-11 12:45:00,89,0,1,Occasional / Regular Shoppers
14214,5,14.990746268656716,2011-11-09 10:31:00,30,0,1,Occasional / Regular Shoppers
14215,6,16.57148148148148,2011-11-28 12:19:00,11,0,1,Occasional / Regular Shoppers
14216,4,31.17457627118644,2011-12-06 14:56:00,2,0,1,Occasional / Regular Shoppers
14217,17,20.0498,2011-12-08 11:53:00,1,0,0,Occasional / Regular Shoppers
14218,1,14.123333333333335,2011-10-28 10:00:00,42,0,1,Occasional / Regular Shoppers
14219,1,12.848571428571429,2011-12-05 16:23:00,3,0,1,Occasional / Regular Shoppers
14220,2,30.114285714285717,2011-04-06 13:23:00,246,1,2,At-Risk / Fading Customers
14221,9,17.78652849740933,2011-10-28 13:42:00,41,0,1,Occasional / Regular Shoppers
14222,1,16.662682926829266,2011-06-15 16:42:00,176,1,2,At-Risk / Fading Customers
14223,3,16.518833333333333,2011-09-08 13:38:00,91,0,1,Occasional / Regular Shoppers
14224,4,8.93566371681416,2011-08-21 13:24:00,109,0,1,Occasional / Regular Shoppers
14226,5,33.55742424242424,2011-11-11 11:34:00,28,0,1,Occasional / Regular Shoppers
14227,10,19.148342857142858,2011-11-13 15:48:00,25,0,1,Occasional / Regular Shoppers
14229,3,38.68,2011-10-19 10:04:00,51,0,1,Occasional / Regular Shoppers
14231,3,18.514200000000002,2011-06-09 11:05:00,183,1,2,At-Risk / Fading Customers
14232,5,17.80930434782609,2011-10-28 11:09:00,42,0,1,Occasional / Regular Shoppers
14233,4,41.792,2011-10-21 15:54:00,48,0,1,Occasional / Regular Shoppers
14234,4,5.130068027210885,2011-11-17 17:53:00,21,0,1,Occasional / Regular Shoppers
14235,5,39.80835443037975,2011-09-25 14:37:00,74,0,1,Occasional / Regular Shoppers
14236,2,32.724000000000004,2011-09-20 09:13:00,80,0,1,Occasional / Regular Shoppers
14237,1,17.88888888888889,2010-12-01 13:20:00,372,1,2,At-Risk / Fading Customers
14238,1,18.35625,2011-01-17 14:40:00,325,1,2,At-Risk / Fading Customers
14239,11,21.257589285714285,2011-10-27 14:40:00,42,0,1,Occasional / Regular Shoppers
14240,2,21.19857142857143,2011-11-09 13:45:00,29,0,1,Occasional / Regular Shoppers
14241,1,21.37,2011-06-09 11:46:00,183,1,2,At-Risk / Fading Customers
14242,2,17.534375,2011-04-19 11:46:00,234,1,2,At-Risk / Fading Customers
14243,10,18.360070921985816,2011-12-01 11:12:00,8,0,1,Occasional / Regular Shoppers
14245,2,15.680092592592594,2011-05-04 08:40:00,219,1,2,At-Risk / Fading Customers
14246,3,19.654133333333334,2011-08-21 11:50:00,110,0,1,Occasional / Regular Shoppers
14247,1,6.838500000000001,2011-03-06 15:21:00,277,1,2,At-Risk / Fading Customers
14248,1,37.8225,2011-01-25 14:45:00,317,1,2,At-Risk / Fading Customers
14250,3,17.153603603603603,2011-12-02 14:30:00,6,0,1,Occasional / Regular Shoppers
14251,5,36.91923076923077,2011-12-08 08:32:00,1,0,1,Occasional / Regular Shoppers
14256,2,18.284150943396227,2011-03-24 13:17:00,259,1,2,At-Risk / Fading Customers
14257,5,29.242641509433966,2011-10-06 16:54:00,63,0,1,Occasional / Regular Shoppers
14258,9,114.14396396396396,2011-11-30 15:27:00,8,0,1,Occasional / Regular Shoppers
14259,1,24.0,2011-07-21 10:44:00,141,1,2,At-Risk / Fading Customers
14261,2,22.37403846153846,2011-10-20 10:04:00,50,0,1,Occasional / Regular Shoppers
14262,8,18.3093006993007,2011-12-01 14:17:00,7,0,1,Occasional / Regular Shoppers
14264,2,19.64529411764706,2011-07-08 10:20:00,154,1,2,At-Risk / Fading Customers
14265,2,17.10258064516129,2011-08-22 13:32:00,108,0,1,Occasional / Regular Shoppers
14267,3,27.568,2011-06-30 10:09:00,162,1,2,At-Risk / Fading Customers
14270,1,16.98793103448276,2011-01-12 09:33:00,331,1,2,At-Risk / Fading Customers
14271,1,11.232000000000001,2011-04-28 12:47:00,225,1,2,At-Risk / Fading Customers
14272,2,13.271515151515151,2011-09-27 10:08:00,73,0,1,Occasional / Regular Shoppers
14273,4,19.309310344827587,2011-10-19 13:20:00,50,0,1,Occasional / Regular Shoppers
14276,3,17.4959375,2011-09-02 09:45:00,98,0,1,Occasional / Regular Shoppers
14277,3,18.864864864864863,2011-11-24 15:01:00,14,0,1,Occasional / Regular Shoppers
14280,1,16.755,2011-05-27 10:37:00,196,1,2,At-Risk / Fading Customers
14282,15,24.035324675324677,2011-12-06 17:04:00,2,0,0,Occasional / Regular Shoppers
14284,2,18.6015625,2011-11-09 08:11:00,30,0,1,Occasional / Regular Shoppers
14285,4,70.74111111111111,2011-11-18 14:50:00,20,0,1,Occasional / Regular Shoppers
14286,3,16.53125,2011-11-16 10:34:00,23,0,1,Occasional / Regular Shoppers
14287,3,19.625555555555554,2011-12-01 13:25:00,7,0,1,Occasional / Regular Shoppers
14288,1,26.6625,2011-05-10 13:22:00,212,1,2,At-Risk / Fading Customers
14289,6,19.388510638297873,2011-12-01 11:44:00,8,0,1,Occasional / Regular Shoppers
14290,5,22.917326732673267,2011-11-28 14:02:00,10,0,1,Occasional / Regular Shoppers
14291,11,16.385021097046412,2011-12-08 10:26:00,1,0,1,Occasional / Regular Shoppers
14292,9,48.719300000000004,2011-12-02 11:50:00,7,0,1,Occasional / Regular Shoppers
14293,4,17.15672131147541,2011-12-06 15:17:00,2,0,1,Occasional / Regular Shoppers
14295,1,33.24,2011-10-30 15:50:00,39,0,1,Occasional / Regular Shoppers
14297,4,21.053709677419352,2011-11-22 09:06:00,17,0,1,Occasional / Regular Shoppers
14298,44,31.476664630421503,2011-12-01 13:12:00,7,3,0,VIP / Loyal Customers
14299,9,27.73160839160839,2011-12-01 16:05:00,7,0,1,Occasional / Regular Shoppers
14300,1,14.4,2011-11-21 08:57:00,18,0,1,Occasional / Regular Shoppers
14301,1,49.24153846153846,2011-08-14 15:33:00,116,0,1,Occasional / Regular Shoppers
14304,1,22.555882352941175,2011-05-01 11:50:00,222,1,2,At-Risk / Fading Customers
14305,3,17.70438095238095,2011-09-29 15:29:00,70,0,1,Occasional / Regular Shoppers
14306,2,63.4339393939394,2011-10-19 13:23:00,50,0,1,Occasional / Regular Shoppers
14307,6,16.64288888888889,2011-09-12 09:38:00,88,0,1,Occasional / Regular Shoppers
14309,9,20.10709401709402,2011-12-01 13:33:00,7,0,1,Occasional / Regular Shoppers
14311,1,15.513,2011-04-11 10:14:00,242,1,2,At-Risk / Fading Customers
14312,6,18.52402298850575,2011-10-24 09:46:00,46,0,1,Occasional / Regular Shoppers
14314,1,15.0,2011-08-25 10:39:00,106,0,1,Occasional / Regular Shoppers
14315,6,24.565643564356435,2011-10-26 12:06:00,44,0,1,Occasional / Regular Shoppers
14317,1,21.190833333333334,2011-10-06 10:44:00,64,0,1,Occasional / Regular Shoppers
14320,2,15.412580645161292,2011-05-17 09:24:00,206,1,2,At-Risk / Fading Customers
14321,5,12.445121951219512,2011-11-29 09:47:00,10,0,1,Occasional / Regular Shoppers
14323,2,16.807222222222222,2011-08-17 11:37:00,114,0,1,Occasional / Regular Shoppers
14326,1,22.98125,2011-04-11 15:04:00,241,1,2,At-Risk / Fading Customers
14327,1,25.970833333333335,2011-06-29 13:58:00,162,1,2,At-Risk / Fading Customers
14329,7,19.28387596899225,2011-11-22 15:50:00,16,0,1,Occasional / Regular Shoppers
14331,2,16.52357142857143,2011-08-07 13:17:00,123,0,1,Occasional / Regular Shoppers
14332,3,33.6084,2011-11-17 11:54:00,22,0,1,Occasional / Regular Shoppers
14333,1,27.68,2011-10-03 10:38:00,67,0,1,Occasional / Regular Shoppers
14334,8,15.754382716049383,2011-11-23 10:01:00,16,0,1,Occasional / Regular Shoppers
14335,2,7.581,2011-11-23 13:41:00,15,0,1,Occasional / Regular Shoppers
14336,4,17.943444444444445,2011-11-23 11:40:00,16,0,1,Occasional / Regular Shoppers
14338,2,18.97483870967742,2011-07-01 14:08:00,160,1,2,At-Risk / Fading Customers
14339,1,22.10857142857143,2011-04-11 11:06:00,242,1,2,At-Risk / Fading Customers
14340,1,22.45,2011-05-05 09:44:00,218,1,2,At-Risk / Fading Customers
14341,8,16.92953125,2011-10-25 15:48:00,44,0,1,Occasional / Regular Shoppers
14342,4,31.836190476190477,2011-11-18 13:21:00,20,0,1,Occasional / Regular Shoppers
14344,8,12.534225352112676,2011-08-04 13:51:00,126,0,1,Occasional / Regular Shoppers
14345,1,18.163333333333334,2011-11-01 09:51:00,38,0,1,Occasional / Regular Shoppers
14346,2,17.026333333333334,2011-08-11 09:47:00,120,0,1,Occasional / Regular Shoppers
14348,1,22.753888888888888,2011-03-24 16:23:00,259,1,2,At-Risk / Fading Customers
14349,1,4.306451612903226,2011-11-29 15:39:00,9,0,1,Occasional / Regular Shoppers
14350,1,15.718333333333334,2011-03-10 14:14:00,273,1,2,At-Risk / Fading Customers
14351,1,51.0,2011-06-28 11:56:00,164,1,2,At-Risk / Fading Customers
14352,4,22.95659574468085,2011-07-05 15:41:00,156,1,1,At-Risk / Fading Customers
14353,1,15.1,2011-05-08 16:06:00,214,1,2,At-Risk / Fading Customers
14354,2,18.18,2011-12-04 11:32:00,5,0,1,Occasional / Regular Shoppers
14355,1,15.854545454545455,2010-12-09 12:16:00,365,1,2,At-Risk / Fading Customers
14356,2,21.24939393939394,2011-09-21 09:18:00,79,0,1,Occasional / Regular Shoppers
14357,1,5.628,2011-10-27 16:23:00,42,0,1,Occasional / Regular Shoppers
14359,3,16.585090909090912,2011-11-20 13:17:00,18,0,1,Occasional / Regular Shoppers
14360,4,18.102820512820514,2011-11-08 09:12:00,31,0,1,Occasional / Regular Shoppers
14362,1,4.094594594594595,2011-11-17 15:08:00,21,0,1,Occasional / Regular Shoppers
14364,8,53.87463768115942,2011-08-23 11:01:00,108,0,1,Occasional / Regular Shoppers
14367,16,17.711746641074857,2011-12-01 13:19:00,7,0,0,Occasional / Regular Shoppers
14368,1,19.375,2011-01-24 09:52:00,319,1,2,At-Risk / Fading Customers
14371,1,25.125,2011-02-17 16:35:00,294,1,2,At-Risk / Fading Customers
14373,1,19.1375,2010-12-16 15:40:00,357,1,2,At-Risk / Fading Customers
14375,1,3.5690909090909093,2011-06-07 13:44:00,184,1,2,At-Risk / Fading Customers
14377,2,56.095454545454544,2011-06-01 13:32:00,190,1,2,At-Risk / Fading Customers
14379,2,7.567391304347827,2011-10-26 16:43:00,43,0,1,Occasional / Regular Shoppers
14381,1,3.619285714285714,2011-10-18 17:10:00,51,0,1,Occasional / Regular Shoppers
14382,1,4.88484126984127,2011-11-13 16:18:00,25,0,1,Occasional / Regular Shoppers
14383,3,21.14728813559322,2011-11-01 15:53:00,37,0,1,Occasional / Regular Shoppers
14385,3,14.43642857142857,2011-11-30 15:36:00,8,0,1,Occasional / Regular Shoppers
14386,1,20.342857142857145,2011-02-16 09:45:00,296,1,2,At-Risk / Fading Customers
14387,3,12.428776978417266,2011-11-07 12:29:00,32,0,1,Occasional / Regular Shoppers
14388,8,17.273333333333333,2011-11-29 13:32:00,9,0,1,Occasional / Regular Shoppers
14389,2,23.188000000000002,2011-10-05 15:17:00,64,0,1,Occasional / Regular Shoppers
14390,9,16.347077464788732,2011-11-29 13:49:00,9,0,1,Occasional / Regular Shoppers
14393,1,13.59,2011-05-05 18:16:00,217,1,2,At-Risk / Fading Customers
14395,9,9.999741379310345,2011-12-07 14:34:00,1,0,1,Occasional / Regular Shoppers
14396,2,6.684794520547945,2011-10-05 16:09:00,64,0,1,Occasional / Regular Shoppers
14397,19,30.034022988505747,2011-12-07 09:22:00,2,0,0,Occasional / Regular Shoppers
14400,1,22.988000000000003,2011-07-13 15:50:00,148,1,2,At-Risk / Fading Customers
14401,13,22.26087912087912,2011-12-05 13:30:00,3,0,1,Occasional / Regular Shoppers
14403,4,73.7905,2011-08-01 12:57:00,129,0,1,Occasional / Regular Shoppers
14404,6,14.4932,2011-11-06 12:30:00,33,0,1,Occasional / Regular Shoppers
14406,1,19.59375,2011-08-12 16:54:00,118,0,1,Occasional / Regular Shoppers
14407,6,29.557945205479452,2011-08-24 14:02:00,106,0,1,Occasional / Regular Shoppers
14408,7,24.519150943396227,2011-11-29 11:41:00,10,0,1,Occasional / Regular Shoppers
14409,6,38.137962962962966,2011-09-29 18:18:00,70,0,1,Occasional / Regular Shoppers
14410,9,5.821534391534391,2011-09-08 15:08:00,91,0,1,Occasional / Regular Shoppers
14411,1,75.92857142857143,2011-02-02 10:56:00,310,1,2,At-Risk / Fading Customers
14412,2,17.90767441860465,2011-10-28 10:45:00,42,0,1,Occasional / Regular Shoppers
14413,1,5.502272727272727,2010-12-12 13:37:00,361,1,2,At-Risk / Fading Customers
14414,7,15.432783505154639,2011-09-09 12:09:00,91,0,1,Occasional / Regular Shoppers
14415,13,10.113246977547496,2011-12-08 14:38:00,0,0,1,Occasional / Regular Shoppers
14416,2,35.01571428571429,2011-11-17 15:22:00,21,0,1,Occasional / Regular Shoppers
14418,3,15.622983870967742,2011-12-06 11:39:00,3,0,1,Occasional / Regular Shoppers
14419,6,5.206881188118811,2011-11-29 11:22:00,10,0,1,Occasional / Regular Shoppers
14420,1,13.362758620689654,2011-09-01 18:07:00,98,0,1,Occasional / Regular Shoppers
14421,2,30.115185185185187,2011-10-13 13:24:00,56,0,1,Occasional / Regular Shoppers
14422,6,19.205585585585588,2011-12-09 11:26:00,0,0,1,Occasional / Regular Shoppers
14423,1,88.39999999999999,2011-05-05 15:12:00,217,1,2,At-Risk / Fading Customers
14424,1,322.08,2011-11-22 11:48:00,17,0,1,Occasional / Regular Shoppers
14426,10,20.007455357142856,2011-11-16 12:25:00,23,0,1,Occasional / Regular Shoppers
14427,2,21.37294117647059,2011-10-20 14:23:00,49,0,1,Occasional / Regular Shoppers
14428,5,8.934744525547444,2011-12-02 13:17:00,6,0,1,Occasional / Regular Shoppers
14431,1,27.668235294117647,2011-02-10 10:40:00,302,1,2,At-Risk / Fading Customers
14432,6,5.964190981432361,2011-11-30 08:04:00,9,0,1,Occasional / Regular Shoppers
14434,6,114.39999999999999,2011-11-18 08:56:00,21,0,1,Occasional / Regular Shoppers
14436,1,9.895555555555555,2011-09-02 10:13:00,98,0,1,Occasional / Regular Shoppers
14437,1,12.6,2010-12-09 09:27:00,365,1,2,At-Risk / Fading Customers
14438,1,14.655555555555557,2011-02-06 14:56:00,305,1,2,At-Risk / Fading Customers
14439,1,83.16375,2011-01-24 11:39:00,319,1,2,At-Risk / Fading Customers
14440,5,42.86690909090909,2011-12-01 15:42:00,7,0,1,Occasional / Regular Shoppers
14441,4,33.58607843137255,2011-12-09 09:07:00,0,0,1,Occasional / Regular Shoppers
14442,2,25.235238095238095,2011-05-19 11:36:00,204,1,2,At-Risk / Fading Customers
14443,4,15.270967741935484,2011-10-17 10:10:00,53,0,1,Occasional / Regular Shoppers
14446,4,3.6474729241877255,2011-12-09 11:34:00,0,0,1,Occasional / Regular Shoppers
14447,5,16.617571428571427,2011-11-21 08:28:00,18,0,1,Occasional / Regular Shoppers
14448,2,18.767500000000002,2011-11-30 13:50:00,8,0,1,Occasional / Regular Shoppers
14449,4,3.5431999999999997,2011-11-21 12:06:00,18,0,1,Occasional / Regular Shoppers
14450,3,12.08125,2011-06-12 10:46:00,180,1,2,At-Risk / Fading Customers
14451,2,6.132380952380952,2011-10-10 13:38:00,59,0,1,Occasional / Regular Shoppers
14452,2,4.3175,2011-11-29 12:06:00,10,0,1,Occasional / Regular Shoppers
14453,1,5.451363636363637,2011-06-02 14:15:00,189,1,2,At-Risk / Fading Customers
14456,9,3.1861457233368533,2011-12-04 13:59:00,4,0,1,Occasional / Regular Shoppers
14457,1,28.41,2011-02-02 09:39:00,310,1,2,At-Risk / Fading Customers
14459,1,49.67351351351351,2011-07-07 13:35:00,154,1,2,At-Risk / Fading Customers
14460,3,27.14625,2011-08-21 14:19:00,109,0,1,Occasional / Regular Shoppers
14461,3,11.683666666666666,2011-07-14 17:11:00,147,1,2,At-Risk / Fading Customers
14462,11,8.500300429184549,2011-10-04 15:55:00,65,0,1,Occasional / Regular Shoppers
14463,3,88.27,2011-09-02 15:20:00,97,0,1,Occasional / Regular Shoppers
14465,3,8.44260162601626,2011-04-07 12:38:00,246,1,2,At-Risk / Fading Customers
14466,7,31.561111111111114,2011-11-10 14:07:00,28,0,1,Occasional / Regular Shoppers
14467,4,6.699550561797753,2011-11-22 12:48:00,17,0,1,Occasional / Regular Shoppers
14470,2,10.725348837209303,2011-11-28 10:31:00,11,0,1,Occasional / Regular Shoppers
14472,8,6.991207547169812,2011-08-28 11:01:00,103,0,1,Occasional / Regular Shoppers
14473,2,33.47714285714286,2011-09-26 15:10:00,73,0,1,Occasional / Regular Shoppers
14474,1,18.884827586206896,2011-10-24 13:26:00,45,0,1,Occasional / Regular Shoppers
14475,3,22.04404761904762,2011-09-29 10:46:00,71,0,1,Occasional / Regular Shoppers
14476,1,11.352941176470589,2011-03-27 15:39:00,256,1,2,At-Risk / Fading Customers
14477,4,130.95999999999998,2011-11-20 11:11:00,19,0,1,Occasional / Regular Shoppers
14479,2,17.569444444444443,2011-03-31 09:07:00,253,1,2,At-Risk / Fading Customers
14480,1,21.465384615384615,2011-11-28 16:35:00,10,0,1,Occasional / Regular Shoppers
14481,2,21.217,2011-06-28 10:38:00,164,1,2,At-Risk / Fading Customers
14482,6,14.765036496350364,2011-11-21 13:14:00,17,0,1,Occasional / Regular Shoppers
14483,1,15.233333333333333,2011-03-03 10:26:00,281,1,2,At-Risk / Fading Customers
14484,1,22.994285714285716,2011-10-20 14:11:00,49,0,1,Occasional / Regular Shoppers
14485,1,3.539130434782609,2011-11-01 12:25:00,38,0,1,Occasional / Regular Shoppers
14487,6,8.324857142857143,2011-11-13 12:17:00,26,0,1,Occasional / Regular Shoppers
14488,1,23.136521739130433,2011-10-03 09:30:00,67,0,1,Occasional / Regular Shoppers
14489,1,15.446,2011-05-16 14:51:00,206,1,2,At-Risk / Fading Customers
14491,2,20.05470588235294,2011-06-17 15:22:00,174,1,2,At-Risk / Fading Customers
14493,5,19.860333333333337,2011-12-02 16:14:00,6,0,1,Occasional / Regular Shoppers
14494,1,19.937142857142856,2011-11-14 09:21:00,25,0,1,Occasional / Regular Shoppers
14495,2,20.633333333333336,2011-10-20 12:28:00,50,0,1,Occasional / Regular Shoppers
14496,2,28.35842105263158,2011-02-01 09:01:00,311,1,2,At-Risk / Fading Customers
14497,1,16.392068965517243,2011-02-03 17:01:00,308,1,2,At-Risk / Fading Customers
14498,5,10.141554404145078,2011-10-28 12:09:00,42,0,1,Occasional / Regular Shoppers
14499,3,4.254947368421053,2011-11-13 13:01:00,25,0,1,Occasional / Regular Shoppers
14500,3,50.978571428571435,2011-09-12 16:45:00,87,0,1,Occasional / Regular Shoppers
14501,2,25.121000000000002,2011-06-09 12:02:00,183,1,2,At-Risk / Fading Customers
14502,11,3.9964309210526316,2011-11-20 11:50:00,19,0,1,Occasional / Regular Shoppers
14503,6,21.605243902439025,2011-12-06 13:30:00,2,0,1,Occasional / Regular Shoppers
14504,4,6.2921495327102805,2011-10-23 16:00:00,46,0,1,Occasional / Regular Shoppers
14505,8,7.464242038216561,2011-11-22 15:45:00,16,0,1,Occasional / Regular Shoppers
14506,5,6.6462711864406785,2011-11-22 13:02:00,16,0,1,Occasional / Regular Shoppers
14507,6,14.398736842105265,2011-11-16 12:21:00,23,0,1,Occasional / Regular Shoppers
14508,2,4.873636363636364,2011-11-17 19:48:00,21,0,1,Occasional / Regular Shoppers
14511,5,19.33544117647059,2011-11-28 17:05:00,10,0,1,Occasional / Regular Shoppers
14512,2,11.968695652173912,2011-06-05 12:39:00,187,1,2,At-Risk / Fading Customers
14513,3,37.965833333333336,2011-08-31 11:25:00,100,0,1,Occasional / Regular Shoppers
14514,3,14.35072463768116,2011-10-09 16:05:00,60,0,1,Occasional / Regular Shoppers
14515,6,21.192755102040817,2011-11-22 11:37:00,17,0,1,Occasional / Regular Shoppers
14517,2,18.358333333333334,2011-11-06 14:20:00,32,0,1,Occasional / Regular Shoppers
14518,1,10.898125,2011-10-06 14:43:00,63,0,1,Occasional / Regular Shoppers
14520,2,67.65,2011-12-08 09:46:00,1,0,1,Occasional / Regular Shoppers
14522,4,57.32588235294117,2011-11-15 13:24:00,23,0,1,Occasional / Regular Shoppers
14523,1,20.090833333333332,2011-08-23 13:13:00,107,0,1,Occasional / Regular Shoppers
14524,9,9.359543147208122,2011-11-08 12:29:00,31,0,1,Occasional / Regular Shoppers
14525,9,14.95,2011-11-20 11:37:00,19,0,1,Occasional / Regular Shoppers
14527,55,8.761204943357363,2011-12-07 12:19:00,2,3,0,VIP / Loyal Customers
14528,1,20.234444444444442,2011-11-02 17:09:00,36,0,1,Occasional / Regular Shoppers
14529,3,2.7164788732394367,2011-10-10 15:27:00,59,0,1,Occasional / Regular Shoppers
14530,6,13.437136150234743,2011-11-14 10:38:00,25,0,1,Occasional / Regular Shoppers
14532,4,14.57578125,2011-04-17 13:05:00,235,1,2,At-Risk / Fading Customers
14533,7,31.44709677419355,2011-11-15 12:05:00,24,0,1,Occasional / Regular Shoppers
14534,18,8.656102362204726,2011-12-07 12:19:00,2,0,0,Occasional / Regular Shoppers
14535,3,8.70378048780488,2011-10-10 15:39:00,59,0,1,Occasional / Regular Shoppers
14536,1,9.497222222222222,2011-03-25 12:21:00,259,1,2,At-Risk / Fading Customers
14537,1,35.556,2011-10-13 10:54:00,57,0,1,Occasional / Regular Shoppers
14538,2,20.43421052631579,2011-10-06 10:31:00,64,0,1,Occasional / Regular Shoppers
14539,2,16.79625,2011-11-24 09:50:00,15,0,1,Occasional / Regular Shoppers
14540,3,13.417746478873239,2011-11-30 10:15:00,9,0,1,Occasional / Regular Shoppers
14541,8,13.84142857142857,2011-10-12 10:08:00,58,0,1,Occasional / Regular Shoppers
14542,1,20.65,2011-06-07 08:19:00,185,1,2,At-Risk / Fading Customers
14543,16,50.70042253521127,2011-11-11 12:45:00,28,0,0,Occasional / Regular Shoppers
14544,2,18.056756756756755,2011-11-15 15:06:00,23,0,1,Occasional / Regular Shoppers
14546,5,6.48345088161209,2011-12-04 13:00:00,4,0,1,Occasional / Regular Shoppers
14547,8,11.196478873239437,2011-12-06 11:06:00,3,0,1,Occasional / Regular Shoppers
14548,2,163.2,2011-07-12 12:19:00,150,1,2,At-Risk / Fading Customers
14549,1,5.165,2011-02-01 13:47:00,310,1,2,At-Risk / Fading Customers
14550,2,16.114255319148935,2011-11-29 12:12:00,10,0,1,Occasional / Regular Shoppers
14551,2,18.622999999999998,2011-11-21 13:36:00,17,0,1,Occasional / Regular Shoppers
14552,1,2.8810526315789473,2011-07-11 12:49:00,151,1,2,At-Risk / Fading Customers
14553,5,7.604159292035398,2011-11-20 13:20:00,18,0,1,Occasional / Regular Shoppers
14554,4,11.229014778325125,2011-11-29 16:44:00,9,0,1,Occasional / Regular Shoppers
14555,2,16.449473684210528,2011-10-13 16:24:00,56,0,1,Occasional / Regular Shoppers
14557,1,49.27375,2011-09-15 15:48:00,84,0,1,Occasional / Regular Shoppers
14560,22,30.240135135135134,2011-12-02 15:22:00,6,0,0,Occasional / Regular Shoppers
14561,3,15.6631884057971,2011-09-25 12:39:00,75,0,1,Occasional / Regular Shoppers
14562,18,11.949331742243437,2011-12-06 11:05:00,3,0,0,Occasional / Regular Shoppers
14565,4,24.40251968503937,2011-09-05 09:07:00,95,0,1,Occasional / Regular Shoppers
14566,1,358.0,2011-08-21 11:05:00,110,0,1,Occasional / Regular Shoppers
14567,2,46.374545454545455,2011-10-14 10:21:00,56,0,1,Occasional / Regular Shoppers
14569,1,18.949166666666667,2011-12-08 14:58:00,0,0,1,Occasional / Regular Shoppers
14570,2,7.519310344827586,2011-03-04 10:58:00,280,1,2,At-Risk / Fading Customers
14572,7,10.704351145038167,2011-12-06 14:40:00,2,0,1,Occasional / Regular Shoppers
14573,9,7.223876651982379,2011-06-13 11:15:00,179,1,1,At-Risk / Fading Customers
14576,1,35.400000000000006,2010-12-02 17:51:00,371,1,2,At-Risk / Fading Customers
14577,4,6.989512195121952,2011-11-27 12:47:00,12,0,1,Occasional / Regular Shoppers
14578,1,7.02625,2011-12-06 17:18:00,2,0,1,Occasional / Regular Shoppers
14581,1,8.152941176470588,2011-11-23 12:39:00,16,0,1,Occasional / Regular Shoppers
14582,1,19.018333333333334,2011-10-30 11:56:00,40,0,1,Occasional / Regular Shoppers
14583,5,3.2680794701986757,2011-12-04 12:32:00,5,0,1,Occasional / Regular Shoppers
14584,4,10.54142857142857,2011-06-23 18:33:00,168,1,2,At-Risk / Fading Customers
14585,1,5.415517241379311,2011-10-20 14:33:00,49,0,1,Occasional / Regular Shoppers
14586,1,12.492631578947368,2011-03-08 10:04:00,276,1,2,At-Risk / Fading Customers
14587,9,4.259541778975741,2011-11-21 11:34:00,18,0,1,Occasional / Regular Shoppers
14589,1,13.25,2010-12-03 11:42:00,371,1,2,At-Risk / Fading Customers
14591,4,7.501193181818182,2011-11-24 13:57:00,14,0,1,Occasional / Regular Shoppers
14592,3,3.5312658227848104,2011-11-04 16:35:00,34,0,1,Occasional / Regular Shoppers
14593,3,4.087086092715231,2011-11-18 12:48:00,21,0,1,Occasional / Regular Shoppers
14594,2,6.987115384615384,2011-12-02 13:28:00,6,0,1,Occasional / Regular Shoppers
14595,6,17.064705882352943,2011-11-20 12:12:00,19,0,1,Occasional / Regular Shoppers
14597,2,18.430638297872342,2011-11-28 13:13:00,10,0,1,Occasional / Regular Shoppers
14598,1,4.4394,2011-10-26 13:19:00,43,0,1,Occasional / Regular Shoppers
14600,1,15.733200000000002,2011-02-07 09:48:00,305,1,2,At-Risk / Fading Customers
14601,1,30.565714285714286,2011-11-29 09:48:00,10,0,1,Occasional / Regular Shoppers
14603,1,330.0,2011-03-10 10:27:00,274,1,2,At-Risk / Fading Customers
14606,93,4.511075831154277,2011-12-08 19:28:00,0,3,0,VIP / Loyal Customers
14607,14,200.1172839506173,2011-11-24 10:35:00,15,0,1,Occasional / Regular Shoppers
14608,4,89.25750000000001,2011-12-05 16:52:00,3,0,1,Occasional / Regular Shoppers
14609,4,150.39,2011-09-28 12:54:00,71,0,1,Occasional / Regular Shoppers
14616,3,135.36,2011-04-11 09:54:00,242,1,2,At-Risk / Fading Customers
14618,3,34.59,2011-11-30 13:45:00,8,0,1,Occasional / Regular Shoppers
14619,1,19.722,2011-04-08 07:37:00,245,1,2,At-Risk / Fading Customers
14620,2,15.876153846153848,2011-05-18 11:58:00,205,1,2,At-Risk / Fading Customers
14621,5,19.438695652173916,2011-12-08 16:22:00,0,0,1,Occasional / Regular Shoppers
14622,1,15.265714285714287,2011-06-08 12:42:00,184,1,2,At-Risk / Fading Customers
14623,5,6.666917293233083,2011-11-07 13:56:00,31,0,1,Occasional / Regular Shoppers
14624,2,17.373076923076923,2011-10-13 13:44:00,56,0,1,Occasional / Regular Shoppers
14625,2,16.974150943396225,2011-05-27 15:32:00,195,1,2,At-Risk / Fading Customers
14626,4,22.87926229508197,2011-11-16 10:37:00,23,0,1,Occasional / Regular Shoppers
14628,2,27.998333333333335,2011-09-09 14:58:00,90,0,1,Occasional / Regular Shoppers
14629,2,6.3684,2011-12-05 16:55:00,3,0,1,Occasional / Regular Shoppers
14631,3,24.56048780487805,2011-10-20 11:17:00,50,0,1,Occasional / Regular Shoppers
14632,1,14.32,2011-03-22 08:49:00,262,1,2,At-Risk / Fading Customers
14633,1,17.245,2011-03-18 17:07:00,265,1,2,At-Risk / Fading Customers
14636,2,21.780357142857145,2011-11-03 16:12:00,35,0,1,Occasional / Regular Shoppers
14638,1,27.725,2011-10-20 10:10:00,50,0,1,Occasional / Regular Shoppers
14639,6,17.35168604651163,2011-10-18 15:06:00,51,0,1,Occasional / Regular Shoppers
14640,6,20.070285714285717,2011-11-15 13:07:00,23,0,1,Occasional / Regular Shoppers
14641,1,15.780000000000001,2011-11-18 10:42:00,21,0,1,Occasional / Regular Shoppers
14642,1,48.06,2011-10-12 11:08:00,58,0,1,Occasional / Regular Shoppers
14643,2,22.380967741935486,2011-06-22 14:41:00,169,1,2,At-Risk / Fading Customers
14644,2,31.95230769230769,2011-10-03 08:30:00,67,0,1,Occasional / Regular Shoppers
14645,2,19.903000000000002,2011-07-06 09:15:00,156,1,2,At-Risk / Fading Customers
14646,73,134.97399807321773,2011-12-08 12:12:00,1,3,0,VIP / Loyal Customers
14647,1,8.430000000000001,2011-05-22 13:40:00,200,1,2,At-Risk / Fading Customers
14649,4,7.5408064516129025,2011-12-05 12:30:00,4,0,1,Occasional / Regular Shoppers
14651,2,6.4727722772277225,2011-10-03 15:52:00,66,0,1,Occasional / Regular Shoppers
14652,1,3.937241379310345,2011-09-23 14:21:00,76,0,1,Occasional / Regular Shoppers
14653,7,8.233547008547008,2011-12-08 13:45:00,0,0,1,Occasional / Regular Shoppers
14655,4,39.43326530612245,2011-12-01 16:28:00,7,0,1,Occasional / Regular Shoppers
14656,2,3.638125,2011-06-23 13:51:00,168,1,2,At-Risk / Fading Customers
14657,4,6.7319047619047625,2011-11-22 12:47:00,17,0,1,Occasional / Regular Shoppers
14658,2,8.522413793103448,2011-12-04 15:35:00,4,0,1,Occasional / Regular Shoppers
14659,9,9.999723320158102,2011-12-01 12:17:00,8,0,1,Occasional / Regular Shoppers
14660,2,9.524666666666667,2011-09-14 11:34:00,86,0,1,Occasional / Regular Shoppers
14661,1,26.9875,2011-11-13 11:51:00,26,0,1,Occasional / Regular Shoppers
14662,4,4.722101910828026,2011-11-11 12:13:00,28,0,1,Occasional / Regular Shoppers
14664,2,6.492244897959184,2011-11-20 10:59:00,19,0,1,Occasional / Regular Shoppers
14665,5,20.39666666666667,2011-10-10 09:14:00,60,0,1,Occasional / Regular Shoppers
14666,1,13.946428571428571,2011-11-15 12:57:00,23,0,1,Occasional / Regular Shoppers
14667,25,16.18172839506173,2011-11-29 11:30:00,10,0,0,Occasional / Regular Shoppers
14669,3,7.58578313253012,2011-04-12 11:43:00,241,1,2,At-Risk / Fading Customers
14670,2,3.1939837398373987,2011-03-04 14:13:00,279,1,2,At-Risk / Fading Customers
14672,2,12.55,2011-04-19 10:19:00,234,1,2,At-Risk / Fading Customers
14673,5,23.464864864864865,2011-12-06 14:31:00,2,0,1,Occasional / Regular Shoppers
14675,1,6.148041237113402,2011-11-23 12:58:00,15,0,1,Occasional / Regular Shoppers
14676,6,60.672380952380955,2011-11-08 13:29:00,30,0,1,Occasional / Regular Shoppers
14680,16,111.45003875968993,2011-11-14 16:59:00,24,0,0,Occasional / Regular Shoppers
14681,3,71.27857142857142,2011-09-29 15:52:00,70,0,1,Occasional / Regular Shoppers
14682,2,26.0,2011-06-05 12:12:00,187,1,2,At-Risk / Fading Customers
14684,5,3.080794871794872,2011-11-14 11:33:00,25,0,1,Occasional / Regular Shoppers
14687,1,41.892,2011-08-25 11:59:00,106,0,1,Occasional / Regular Shoppers
14688,21,17.219444444444445,2011-12-02 12:26:00,7,0,0,Occasional / Regular Shoppers
14689,1,8.676923076923078,2011-05-15 11:22:00,208,1,2,At-Risk / Fading Customers
14690,2,7.3968750000000005,2011-10-26 15:39:00,43,0,1,Occasional / Regular Shoppers
14691,5,29.779295774647885,2011-11-09 12:30:00,30,0,1,Occasional / Regular Shoppers
14692,4,8.699264705882353,2011-07-25 15:08:00,136,0,1,Occasional / Regular Shoppers
14693,1,21.6125,2011-03-20 12:50:00,264,1,2,At-Risk / Fading Customers
14696,7,15.991923076923076,2011-12-05 13:43:00,3,0,1,Occasional / Regular Shoppers
14697,2,8.57318181818182,2011-05-05 15:39:00,217,1,2,At-Risk / Fading Customers
14698,5,6.0863499999999995,2011-12-08 12:26:00,1,0,1,Occasional / Regular Shoppers
14699,1,13.641250000000001,2011-05-09 14:54:00,213,1,2,At-Risk / Fading Customers
14700,3,19.599107142857143,2011-11-07 14:40:00,31,0,1,Occasional / Regular Shoppers
14701,9,7.725045871559633,2011-11-29 12:38:00,10,0,1,Occasional / Regular Shoppers
14702,17,9.508157894736842,2011-12-08 19:29:00,0,0,0,Occasional / Regular Shoppers
14703,1,14.462272727272728,2011-11-25 09:23:00,14,0,1,Occasional / Regular Shoppers
14704,9,3.8014249363867685,2011-11-28 12:51:00,10,0,1,Occasional / Regular Shoppers
14705,1,179.0,2011-05-25 12:39:00,198,1,2,At-Risk / Fading Customers
14708,3,40.227500000000006,2011-12-07 08:21:00,2,0,1,Occasional / Regular Shoppers
14709,13,25.10734693877551,2011-11-24 15:41:00,14,0,1,Occasional / Regular Shoppers
14710,4,4.4079411764705885,2011-11-25 14:53:00,13,0,1,Occasional / Regular Shoppers
14711,11,8.230782608695652,2011-11-29 14:58:00,9,0,1,Occasional / Regular Shoppers
14712,3,36.6828,2011-11-10 12:59:00,28,0,1,Occasional / Regular Shoppers
14713,11,7.876331360946745,2011-11-30 16:26:00,8,0,1,Occasional / Regular Shoppers
14714,1,16.019,2011-11-15 13:07:00,23,0,1,Occasional / Regular Shoppers
14715,4,12.21661971830986,2011-11-15 12:10:00,24,0,1,Occasional / Regular Shoppers
14716,2,6.029607843137255,2011-10-27 17:29:00,42,0,1,Occasional / Regular Shoppers
14719,5,6.731234042553191,2011-12-08 12:43:00,1,0,1,Occasional / Regular Shoppers
14720,3,17.94081081081081,2011-12-04 12:02:00,5,0,1,Occasional / Regular Shoppers
14722,1,6.4435714285714285,2011-07-15 14:58:00,146,1,2,At-Risk / Fading Customers
14723,6,4.333436293436293,2011-11-29 15:23:00,9,0,1,Occasional / Regular Shoppers
14725,1,13.948510638297874,2011-11-15 12:42:00,24,0,1,Occasional / Regular Shoppers
14727,1,26.857999999999997,2011-03-10 14:45:00,273,1,2,At-Risk / Fading Customers
14729,1,4.415352112676056,2010-12-01 12:43:00,373,1,2,At-Risk / Fading Customers
14730,8,4.107294372294372,2011-12-08 14:39:00,0,0,1,Occasional / Regular Shoppers
14731,3,8.444888888888888,2011-10-23 15:54:00,46,0,1,Occasional / Regular Shoppers
14732,8,18.384285714285717,2011-12-01 14:34:00,7,0,1,Occasional / Regular Shoppers
14733,12,47.455,2011-11-23 15:39:00,15,0,1,Occasional / Regular Shoppers
14735,32,31.266443298969076,2011-12-06 12:09:00,3,0,0,Occasional / Regular Shoppers
14737,3,68.50294117647059,2011-12-06 10:16:00,3,0,1,Occasional / Regular Shoppers
14738,7,24.34166666666667,2011-10-28 08:56:00,42,0,1,Occasional / Regular Shoppers
14739,7,65.038,2011-12-05 16:54:00,3,0,1,Occasional / Regular Shoppers
14740,3,16.272022471910113,2011-05-26 18:17:00,196,1,2,At-Risk / Fading Customers
14741,6,23.734576271186445,2011-11-28 08:48:00,11,0,1,Occasional / Regular Shoppers
14744,7,42.30692307692308,2011-11-23 12:51:00,15,0,1,Occasional / Regular Shoppers
14745,5,17.684927536231886,2011-08-19 10:05:00,112,0,1,Occasional / Regular Shoppers
14747,1,18.233333333333334,2011-04-04 14:09:00,248,1,2,At-Risk / Fading Customers
14748,5,15.907303370786517,2011-11-10 18:33:00,28,0,1,Occasional / Regular Shoppers
14752,1,77.92800000000001,2011-10-27 11:55:00,43,0,1,Occasional / Regular Shoppers
14753,1,18.771666666666665,2011-09-13 14:50:00,86,0,1,Occasional / Regular Shoppers
14754,2,15.562195121951218,2011-10-26 12:01:00,44,0,1,Occasional / Regular Shoppers
14755,11,21.320340425531914,2011-11-30 11:24:00,9,0,1,Occasional / Regular Shoppers
14756,1,19.446315789473687,2011-11-24 18:13:00,14,0,1,Occasional / Regular Shoppers
14757,1,22.13157894736842,2011-09-25 14:36:00,74,0,1,Occasional / Regular Shoppers
14758,4,20.90225352112676,2011-07-18 08:21:00,144,0,1,Occasional / Regular Shoppers
14759,3,15.940882352941177,2011-12-05 12:03:00,4,0,1,Occasional / Regular Shoppers
14760,1,17.84,2011-02-15 16:27:00,296,1,2,At-Risk / Fading Customers
14761,2,23.263636363636365,2011-10-12 12:10:00,58,0,1,Occasional / Regular Shoppers
14762,1,14.310476190476189,2011-03-21 08:20:00,263,1,2,At-Risk / Fading Customers
14764,1,46.38333333333333,2011-10-24 11:54:00,46,0,1,Occasional / Regular Shoppers
14765,3,6.515641025641026,2011-11-10 19:53:00,28,0,1,Occasional / Regular Shoppers
14766,6,18.321259259259257,2011-12-01 16:05:00,7,0,1,Occasional / Regular Shoppers
14768,2,38.52,2011-11-22 12:54:00,16,0,1,Occasional / Regular Shoppers
14769,8,9.808832391713747,2011-12-07 10:24:00,2,0,1,Occasional / Regular Shoppers
14770,2,16.85423076923077,2011-04-21 14:21:00,231,1,2,At-Risk / Fading Customers
14772,1,15.473333333333333,2011-08-19 15:04:00,111,0,1,Occasional / Regular Shoppers
14775,3,16.865,2011-10-12 15:27:00,57,0,1,Occasional / Regular Shoppers
14776,11,21.694871794871794,2011-10-19 15:34:00,50,0,1,Occasional / Regular Shoppers
14778,2,20.881714285714285,2011-08-04 15:23:00,126,0,1,Occasional / Regular Shoppers
14779,3,9.418292682926829,2011-03-04 12:42:00,280,1,2,At-Risk / Fading Customers
14780,2,16.58074074074074,2011-10-16 12:46:00,54,0,1,Occasional / Regular Shoppers
14782,1,33.35,2011-01-24 11:12:00,319,1,2,At-Risk / Fading Customers
14784,2,19.332666666666668,2011-11-13 13:30:00,25,0,1,Occasional / Regular Shoppers
14785,2,25.8,2011-11-29 13:21:00,9,0,1,Occasional / Regular Shoppers
14788,2,22.648000000000003,2011-12-02 17:06:00,6,0,1,Occasional / Regular Shoppers
14789,1,32.94,2011-11-11 08:59:00,28,0,1,Occasional / Regular Shoppers
14790,4,16.19695652173913,2011-11-23 09:28:00,16,0,1,Occasional / Regular Shoppers
14792,1,3.1,2011-10-07 09:19:00,63,0,1,Occasional / Regular Shoppers
14793,1,16.356428571428573,2011-11-18 14:50:00,20,0,1,Occasional / Regular Shoppers
14794,7,16.498875,2011-12-07 10:11:00,2,0,1,Occasional / Regular Shoppers
14795,1,21.908333333333335,2011-06-26 13:04:00,165,1,2,At-Risk / Fading Customers
14796,17,7.045485865724381,2011-12-08 15:31:00,0,0,0,Occasional / Regular Shoppers
14798,3,14.478333333333333,2011-10-18 10:58:00,52,0,1,Occasional / Regular Shoppers
14799,1,12.13076923076923,2011-10-19 16:16:00,50,0,1,Occasional / Regular Shoppers
14800,12,11.310156657963446,2011-10-23 12:46:00,47,0,1,Occasional / Regular Shoppers
14801,1,3.3217543859649123,2011-10-09 15:24:00,60,0,1,Occasional / Regular Shoppers
14803,3,19.217045454545456,2011-06-30 13:58:00,161,1,2,At-Risk / Fading Customers
14804,1,29.439166666666665,2011-12-01 11:20:00,8,0,1,Occasional / Regular Shoppers
14805,4,11.878260869565217,2011-11-24 16:20:00,14,0,1,Occasional / Regular Shoppers
14806,1,17.580909090909092,2011-09-25 15:32:00,74,0,1,Occasional / Regular Shoppers
14808,8,11.768831168831168,2011-10-31 12:21:00,39,0,1,Occasional / Regular Shoppers
14810,11,8.209960629921259,2011-10-30 11:19:00,40,0,1,Occasional / Regular Shoppers
14813,2,5.2717241379310344,2010-12-05 11:57:00,369,1,2,At-Risk / Fading Customers
14815,2,14.68867924528302,2011-11-03 11:36:00,36,0,1,Occasional / Regular Shoppers
14816,1,67.9625,2011-05-26 13:16:00,196,1,2,At-Risk / Fading Customers
14817,2,17.624444444444443,2011-05-23 13:35:00,199,1,2,At-Risk / Fading Customers
14818,3,13.704166666666666,2011-09-27 11:01:00,73,0,1,Occasional / Regular Shoppers
14819,2,20.928461538461537,2011-10-06 13:41:00,63,0,1,Occasional / Regular Shoppers
14820,4,17.492758620689656,2011-11-18 15:41:00,20,0,1,Occasional / Regular Shoppers
14821,1,24.400000000000002,2010-12-08 08:43:00,366,1,2,At-Risk / Fading Customers
14823,3,4.591857142857143,2011-06-12 13:12:00,179,1,2,At-Risk / Fading Customers
14824,4,38.88655172413793,2011-11-29 14:20:00,9,0,1,Occasional / Regular Shoppers
14825,12,18.50841666666667,2011-12-06 11:38:00,3,0,1,Occasional / Regular Shoppers
14828,3,125.86823529411765,2011-05-27 10:16:00,196,1,2,At-Risk / Fading Customers
14829,4,16.60833333333333,2011-11-10 16:16:00,28,0,1,Occasional / Regular Shoppers
14830,1,4.843076923076923,2011-10-17 14:29:00,52,0,1,Occasional / Regular Shoppers
14834,6,25.676119402985073,2011-11-22 10:30:00,17,0,1,Occasional / Regular Shoppers
14836,3,17.075,2011-11-29 16:45:00,9,0,1,Occasional / Regular Shoppers
14837,4,15.273148148148149,2011-09-11 10:58:00,89,0,1,Occasional / Regular Shoppers
14840,1,15.7125,2011-03-17 12:00:00,267,1,2,At-Risk / Fading Customers
14841,6,23.88231884057971,2011-10-17 15:03:00,52,0,1,Occasional / Regular Shoppers
14842,4,19.480620689655172,2011-10-27 12:37:00,43,0,1,Occasional / Regular Shoppers
14844,4,24.537,2011-10-07 10:41:00,63,0,1,Occasional / Regular Shoppers
14847,1,23.800000000000004,2011-07-14 10:52:00,148,1,2,At-Risk / Fading Customers
14849,25,20.439536082474227,2011-11-18 10:58:00,21,0,0,Occasional / Regular Shoppers
14850,1,15.511904761904763,2011-02-01 11:21:00,311,1,2,At-Risk / Fading Customers
14851,2,18.2625,2011-11-16 14:20:00,22,0,1,Occasional / Regular Shoppers
14852,6,19.83699300699301,2011-10-12 13:20:00,57,0,1,Occasional / Regular Shoppers
14853,2,52.86666666666667,2011-11-15 16:56:00,23,0,1,Occasional / Regular Shoppers
14854,7,21.746269841269843,2011-09-22 17:00:00,77,0,1,Occasional / Regular Shoppers
14855,2,32.2825,2011-08-12 14:02:00,118,0,1,Occasional / Regular Shoppers
14856,3,19.854307692307692,2011-11-03 14:53:00,35,0,1,Occasional / Regular Shoppers
14857,2,19.552000000000003,2011-10-11 09:23:00,59,0,1,Occasional / Regular Shoppers
14859,4,23.340344827586208,2011-11-27 11:18:00,12,0,1,Occasional / Regular Shoppers
14860,1,15.483636363636363,2011-11-20 14:17:00,18,0,1,Occasional / Regular Shoppers
14861,1,20.965,2011-10-18 12:54:00,51,0,1,Occasional / Regular Shoppers
14862,2,17.525000000000002,2011-11-14 10:01:00,25,0,1,Occasional / Regular Shoppers
14863,1,24.25090909090909,2011-11-10 15:04:00,28,0,1,Occasional / Regular Shoppers
14865,2,13.05,2011-12-02 16:25:00,6,0,1,Occasional / Regular Shoppers
14866,12,145.35252525252525,2011-11-29 11:45:00,10,0,1,Occasional / Regular Shoppers
14867,3,19.73,2011-06-07 11:39:00,185,1,2,At-Risk / Fading Customers
14868,8,20.511041666666667,2011-12-06 14:49:00,2,0,1,Occasional / Regular Shoppers
14869,2,10.306428571428572,2011-12-01 12:36:00,8,0,1,Occasional / Regular Shoppers
14870,1,25.173076923076923,2011-03-23 10:51:00,261,1,2,At-Risk / Fading Customers
14871,4,5.390107526881721,2011-12-06 13:42:00,2,0,1,Occasional / Regular Shoppers
14873,1,18.56,2011-05-13 13:52:00,209,1,2,At-Risk / Fading Customers
14875,2,31.17702127659574,2011-08-24 12:20:00,107,0,1,Occasional / Regular Shoppers
14878,9,12.099098360655738,2011-11-27 11:15:00,12,0,1,Occasional / Regular Shoppers
14880,3,15.012826086956522,2011-09-23 13:42:00,76,0,1,Occasional / Regular Shoppers
14881,1,15.023529411764706,2011-11-20 11:06:00,19,0,1,Occasional / Regular Shoppers
14882,2,53.60909090909092,2011-11-13 12:47:00,26,0,1,Occasional / Regular Shoppers
14883,6,14.369622641509434,2011-11-21 10:23:00,18,0,1,Occasional / Regular Shoppers
14885,1,51.02133333333333,2011-07-31 12:05:00,131,0,1,Occasional / Regular Shoppers
14886,1,20.266666666666666,2011-04-01 08:56:00,252,1,2,At-Risk / Fading Customers
14887,1,310.3333333333333,2011-09-21 15:32:00,78,0,1,Occasional / Regular Shoppers
14888,1,18.46,2011-05-16 14:58:00,206,1,2,At-Risk / Fading Customers
14889,1,13.59,2011-01-07 15:19:00,335,1,2,At-Risk / Fading Customers
14890,1,17.95,2011-03-31 11:57:00,253,1,2,At-Risk / Fading Customers
14891,2,16.79939393939394,2011-07-14 18:08:00,147,1,2,At-Risk / Fading Customers
14893,2,16.956849315068496,2011-11-30 12:31:00,9,0,1,Occasional / Regular Shoppers
14894,1,28.51086956521739,2011-09-15 13:51:00,84,0,1,Occasional / Regular Shoppers
14895,20,22.366887550200804,2011-12-02 09:23:00,7,0,0,Occasional / Regular Shoppers
14896,2,10.901627906976746,2011-05-19 10:20:00,204,1,2,At-Risk / Fading Customers
14897,4,24.84327272727273,2011-12-02 10:32:00,7,0,1,Occasional / Regular Shoppers
14898,6,11.645045871559633,2011-11-16 14:54:00,22,0,1,Occasional / Regular Shoppers
14901,9,14.805104166666666,2011-11-28 17:09:00,10,0,1,Occasional / Regular Shoppers
14902,1,16.633000000000003,2011-11-14 10:34:00,25,0,1,Occasional / Regular Shoppers
14903,5,7.986657142857142,2011-11-18 16:07:00,20,0,1,Occasional / Regular Shoppers
14904,2,14.86144927536232,2011-12-07 12:55:00,1,0,1,Occasional / Regular Shoppers
14905,2,36.24411764705882,2011-07-05 12:41:00,157,1,2,At-Risk / Fading Customers
14907,7,21.21878787878788,2011-12-06 14:14:00,2,0,1,Occasional / Regular Shoppers
14908,1,30.866666666666667,2011-09-26 12:56:00,73,0,1,Occasional / Regular Shoppers
14910,4,14.478333333333333,2011-12-07 10:06:00,2,0,1,Occasional / Regular Shoppers
14911,201,25.345885361552032,2011-12-08 15:54:00,0,3,0,VIP / Loyal Customers
14912,2,32.14259259259259,2011-11-23 09:20:00,16,0,1,Occasional / Regular Shoppers
14913,4,14.108390804597702,2011-11-04 08:29:00,35,0,1,Occasional / Regular Shoppers
14915,2,25.623333333333335,2011-09-09 13:34:00,90,0,1,Occasional / Regular Shoppers
14916,4,16.48025974025974,2011-09-30 09:20:00,70,0,1,Occasional / Regular Shoppers
14918,2,35.781111111111116,2011-08-16 11:50:00,115,0,1,Occasional / Regular Shoppers
14920,2,17.153859649122808,2011-05-11 10:32:00,212,1,2,At-Risk / Fading Customers
14921,2,16.872692307692308,2011-11-09 13:17:00,29,0,1,Occasional / Regular Shoppers
14923,1,17.025000000000002,2011-10-20 11:51:00,50,0,1,Occasional / Regular Shoppers
14924,1,31.005000000000003,2011-04-08 09:25:00,245,1,2,At-Risk / Fading Customers
14929,1,20.35272727272727,2011-11-07 17:21:00,31,0,1,Occasional / Regular Shoppers
14930,3,18.605984251968504,2011-08-23 10:31:00,108,0,1,Occasional / Regular Shoppers
14931,5,30.675121951219513,2011-12-05 10:19:00,4,0,1,Occasional / Regular Shoppers
14932,1,21.384117647058822,2010-12-09 11:48:00,365,1,2,At-Risk / Fading Customers
14934,2,21.734942528735633,2011-09-19 10:10:00,81,0,1,Occasional / Regular Shoppers
14935,1,178.471,2011-02-15 14:44:00,296,1,2,At-Risk / Fading Customers
14936,8,22.35445054945055,2011-11-06 10:30:00,33,0,1,Occasional / Regular Shoppers
14937,3,47.70235294117647,2011-10-14 12:29:00,56,0,1,Occasional / Regular Shoppers
14944,12,34.707352941176474,2011-11-10 09:10:00,29,0,1,Occasional / Regular Shoppers
14946,1,33.63333333333333,2011-11-25 13:33:00,13,0,1,Occasional / Regular Shoppers
14947,2,20.77285714285714,2011-09-28 15:48:00,71,0,1,Occasional / Regular Shoppers
14948,6,17.491587301587302,2011-11-16 17:16:00,22,0,1,Occasional / Regular Shoppers
14950,1,19.53684210526316,2011-11-20 13:48:00,18,0,1,Occasional / Regular Shoppers
14951,1,15.5845,2011-09-21 15:15:00,78,0,1,Occasional / Regular Shoppers
14952,11,58.69195652173913,2011-10-11 10:33:00,59,0,1,Occasional / Regular Shoppers
14953,1,5.2901851851851855,2011-11-14 14:59:00,24,0,1,Occasional / Regular Shoppers
14954,1,3.8292207792207793,2011-11-27 14:30:00,11,0,1,Occasional / Regular Shoppers
14957,1,4.8741666666666665,2011-03-31 17:59:00,252,1,2,At-Risk / Fading Customers
14958,3,11.79829268292683,2011-07-15 14:20:00,146,1,2,At-Risk / Fading Customers
14959,4,11.786779661016949,2011-10-06 18:23:00,63,0,1,Occasional / Regular Shoppers
14960,2,8.195185185185185,2011-12-01 12:54:00,7,0,1,Occasional / Regular Shoppers
14961,9,22.579102564102566,2011-11-29 09:42:00,10,0,1,Occasional / Regular Shoppers
14962,1,25.34,2011-03-14 09:42:00,270,1,2,At-Risk / Fading Customers
14963,5,7.6684375,2011-11-30 12:16:00,9,0,1,Occasional / Regular Shoppers
14964,1,15.862307692307693,2011-04-06 14:13:00,246,1,2,At-Risk / Fading Customers
14965,2,7.359135802469136,2011-09-04 13:20:00,95,0,1,Occasional / Regular Shoppers
14966,1,5.08388888888889,2011-11-25 12:20:00,14,0,1,Occasional / Regular Shoppers
14967,1,77.3,2011-10-21 11:06:00,49,0,1,Occasional / Regular Shoppers
14968,1,3.988918918918919,2011-11-09 13:58:00,29,0,1,Occasional / Regular Shoppers
14970,4,46.825294117647054,2011-10-02 13:44:00,67,0,1,Occasional / Regular Shoppers
14971,3,7.083741935483871,2011-11-04 17:07:00,34,0,1,Occasional / Regular Shoppers
14972,1,6.376111111111111,2011-08-03 14:54:00,127,0,1,Occasional / Regular Shoppers
14973,3,41.0765625,2011-08-24 15:51:00,106,0,1,Occasional / Regular Shoppers
14974,1,5.290588235294117,2011-11-02 13:01:00,36,0,1,Occasional / Regular Shoppers
14975,1,25.44909090909091,2011-10-13 14:08:00,56,0,1,Occasional / Regular Shoppers
14976,7,10.984166666666667,2011-10-13 16:37:00,56,0,1,Occasional / Regular Shoppers
14978,5,8.97836448598131,2011-09-28 13:07:00,71,0,1,Occasional / Regular Shoppers
14981,1,12.765,2011-04-07 13:45:00,245,1,2,At-Risk / Fading Customers
14984,2,5.188974358974359,2011-11-20 14:28:00,18,0,1,Occasional / Regular Shoppers
14985,2,3.5181927710843373,2011-05-25 14:29:00,197,1,2,At-Risk / Fading Customers
14987,2,81.6,2011-11-24 09:59:00,15,0,1,Occasional / Regular Shoppers
14988,1,8.3635,2011-05-12 12:05:00,211,1,2,At-Risk / Fading Customers
14995,2,3.866333333333334,2011-11-01 11:39:00,38,0,1,Occasional / Regular Shoppers
14997,3,21.007692307692306,2011-10-24 13:28:00,45,0,1,Occasional / Regular Shoppers
14998,2,5.606351351351352,2011-06-22 17:30:00,169,1,2,At-Risk / Fading Customers
15000,1,6.37038961038961,2011-10-23 11:42:00,47,0,1,Occasional / Regular Shoppers
15002,4,14.276173913043479,2011-08-16 10:44:00,115,0,1,Occasional / Regular Shoppers
15004,1,7.927077922077922,2011-07-15 14:05:00,146,1,2,At-Risk / Fading Customers
15005,28,5.661303956834533,2011-11-24 12:25:00,15,0,0,Occasional / Regular Shoppers
15006,1,3.639242424242424,2011-10-19 15:08:00,50,0,1,Occasional / Regular Shoppers
15007,1,13.075833333333334,2011-07-03 16:00:00,158,1,2,At-Risk / Fading Customers
15009,3,6.996833333333334,2011-11-27 13:35:00,11,0,1,Occasional / Regular Shoppers
15010,1,15.447,2011-11-04 12:42:00,35,0,1,Occasional / Regular Shoppers
15012,2,3.3200000000000003,2011-10-17 12:22:00,53,0,1,Occasional / Regular Shoppers
15014,2,7.808181818181819,2011-10-27 20:07:00,42,0,1,Occasional / Regular Shoppers
15016,1,8.501999999999999,2011-06-20 12:06:00,172,1,2,At-Risk / Fading Customers
15017,1,6.279,2011-11-06 10:33:00,33,0,1,Occasional / Regular Shoppers
15018,3,16.006774193548388,2011-11-01 12:47:00,38,0,1,Occasional / Regular Shoppers
15019,1,3.8304545454545456,2011-03-18 12:35:00,266,1,2,At-Risk / Fading Customers
15021,9,4.215698198198198,2011-12-01 11:53:00,8,0,1,Occasional / Regular Shoppers
15022,4,7.044545454545454,2011-11-28 12:35:00,11,0,1,Occasional / Regular Shoppers
15023,11,12.152640144665462,2011-12-06 17:23:00,2,0,1,Occasional / Regular Shoppers
15024,10,10.765986842105264,2011-11-30 12:06:00,9,0,1,Occasional / Regular Shoppers
15025,1,5.402388059701492,2011-11-06 15:20:00,32,0,1,Occasional / Regular Shoppers
15026,3,7.688524590163935,2011-09-20 13:52:00,79,0,1,Occasional / Regular Shoppers
15027,4,30.461428571428574,2011-11-09 10:16:00,30,0,1,Occasional / Regular Shoppers
15028,4,13.065208333333333,2011-12-01 14:06:00,7,0,1,Occasional / Regular Shoppers
15030,2,74.03999999999999,2011-09-29 10:50:00,71,0,1,Occasional / Regular Shoppers
15031,4,5.93809090909091,2011-12-05 14:19:00,3,0,1,Occasional / Regular Shoppers
15032,3,95.3673076923077,2011-03-28 15:03:00,255,1,2,At-Risk / Fading Customers
15033,10,5.104151696606786,2011-12-05 12:40:00,4,0,1,Occasional / Regular Shoppers
15034,8,10.959384615384614,2011-11-24 12:11:00,15,0,1,Occasional / Regular Shoppers
15035,1,9.36037037037037,2011-09-11 11:08:00,89,0,1,Occasional / Regular Shoppers
15036,3,3.609747899159664,2011-09-28 15:42:00,71,0,1,Occasional / Regular Shoppers
15038,6,5.48592,2011-10-12 11:33:00,58,0,1,Occasional / Regular Shoppers
15039,47,13.38293161814489,2011-11-30 11:31:00,9,3,0,VIP / Loyal Customers
15041,1,2.7262121212121215,2011-06-22 16:16:00,169,1,2,At-Risk / Fading Customers
15042,1,27.186,2011-05-24 16:25:00,198,1,2,At-Risk / Fading Customers
15043,1,179.0,2011-11-08 14:26:00,30,0,1,Occasional / Regular Shoppers
15044,17,17.19533783783784,2011-11-20 13:20:00,18,0,0,Occasional / Regular Shoppers
15045,2,61.305,2011-07-11 11:33:00,151,1,2,At-Risk / Fading Customers
15046,15,25.32547263681592,2011-11-30 15:50:00,8,0,0,Occasional / Regular Shoppers
15047,1,15.61909090909091,2011-03-15 10:49:00,269,1,2,At-Risk / Fading Customers
15048,4,4.053191489361702,2011-10-05 14:55:00,64,0,1,Occasional / Regular Shoppers
15049,1,40.39000000000001,2011-03-11 12:13:00,273,1,2,At-Risk / Fading Customers
15050,3,22.86434210526316,2011-11-14 16:17:00,24,0,1,Occasional / Regular Shoppers
15051,3,9.741971830985914,2011-11-16 15:38:00,22,0,1,Occasional / Regular Shoppers
15052,1,7.418928571428572,2011-01-24 15:52:00,318,1,2,At-Risk / Fading Customers
15053,3,10.057246376811595,2011-12-05 12:08:00,4,0,1,Occasional / Regular Shoppers
15054,2,2.6500000000000004,2011-11-27 15:02:00,11,0,1,Occasional / Regular Shoppers
15057,2,59.58,2011-03-09 15:17:00,274,1,2,At-Risk / Fading Customers
15058,11,7.904285714285714,2011-11-14 14:57:00,24,0,1,Occasional / Regular Shoppers
15059,9,5.644388185654009,2011-10-30 11:35:00,40,0,1,Occasional / Regular Shoppers
15060,4,2.5586956521739133,2011-12-01 13:47:00,7,0,1,Occasional / Regular Shoppers
15061,48,135.32044665012407,2011-12-06 12:06:00,3,3,0,VIP / Loyal Customers
15062,4,17.330877192982456,2011-09-29 16:51:00,70,0,1,Occasional / Regular Shoppers
15063,1,74.16,2011-05-10 13:25:00,212,1,2,At-Risk / Fading Customers
15065,4,20.37503225806452,2011-11-02 09:45:00,37,0,1,Occasional / Regular Shoppers
15066,1,21.275952380952383,2011-10-17 13:25:00,52,0,1,Occasional / Regular Shoppers
15067,3,21.277560975609756,2011-09-22 13:20:00,77,0,1,Occasional / Regular Shoppers
15068,2,5.320769230769231,2011-10-24 14:47:00,45,0,1,Occasional / Regular Shoppers
15069,1,15.850428571428571,2011-06-13 14:16:00,178,1,2,At-Risk / Fading Customers
15070,1,106.2,2010-12-02 11:23:00,372,1,2,At-Risk / Fading Customers
15071,2,37.77192307692308,2011-09-07 11:43:00,93,0,1,Occasional / Regular Shoppers
15073,3,19.322407407407407,2011-11-30 10:44:00,9,0,1,Occasional / Regular Shoppers
15074,1,17.943170731707315,2011-08-26 14:45:00,104,0,1,Occasional / Regular Shoppers
15075,1,28.63074074074074,2011-09-23 12:27:00,77,0,1,Occasional / Regular Shoppers
15076,1,17.976530612244897,2011-06-20 08:23:00,172,1,2,At-Risk / Fading Customers
15078,32,22.14343181818182,2011-12-02 15:41:00,6,0,0,Occasional / Regular Shoppers
15079,4,19.055531914893617,2011-05-11 12:45:00,212,1,2,At-Risk / Fading Customers
15081,5,15.296969696969697,2011-11-17 17:08:00,21,0,1,Occasional / Regular Shoppers
15083,1,17.64,2011-03-28 12:18:00,256,1,2,At-Risk / Fading Customers
15087,1,20.462666666666667,2011-03-03 10:34:00,281,1,2,At-Risk / Fading Customers
15088,2,20.352105263157895,2011-11-18 13:14:00,20,0,1,Occasional / Regular Shoppers
15089,6,16.69544827586207,2011-11-29 16:31:00,9,0,1,Occasional / Regular Shoppers
15090,1,16.57913043478261,2011-02-04 14:03:00,307,1,2,At-Risk / Fading Customers
15091,1,16.023666666666667,2011-10-03 12:47:00,67,0,1,Occasional / Regular Shoppers
15092,2,17.608076923076922,2011-05-08 14:10:00,214,1,2,At-Risk / Fading Customers
15093,6,42.565000000000005,2011-11-21 13:09:00,17,0,1,Occasional / Regular Shoppers
15095,4,29.161702127659577,2011-08-28 12:01:00,103,0,1,Occasional / Regular Shoppers
15096,1,19.944545454545455,2011-10-28 10:27:00,42,0,1,Occasional / Regular Shoppers
15097,1,9.923200000000001,2011-12-05 14:03:00,3,0,1,Occasional / Regular Shoppers
15098,3,13305.5,2011-06-10 15:33:00,181,1,2,At-Risk / Fading Customers
15099,1,17.84695652173913,2011-09-16 13:13:00,83,0,1,Occasional / Regular Shoppers
15100,3,292.0,2011-01-10 10:35:00,333,1,2,At-Risk / Fading Customers
15101,2,39.691250000000004,2011-12-01 10:18:00,8,0,1,Occasional / Regular Shoppers
15103,2,20.096,2011-11-08 14:53:00,30,0,1,Occasional / Regular Shoppers
15104,2,14.828955223880596,2011-05-27 12:29:00,196,1,2,At-Risk / Fading Customers
15105,7,22.76168316831683,2011-11-21 16:54:00,17,0,1,Occasional / Regular Shoppers
15106,5,14.2252,2011-11-22 09:16:00,17,0,1,Occasional / Regular Shoppers
15107,6,19.96875,2011-02-01 14:46:00,310,1,2,At-Risk / Fading Customers
15108,4,21.670833333333334,2011-07-21 10:24:00,141,0,1,Occasional / Regular Shoppers
15109,1,17.319642857142856,2011-04-08 09:58:00,245,1,2,At-Risk / Fading Customers
15110,4,28.46,2011-11-16 11:16:00,23,0,1,Occasional / Regular Shoppers
15111,3,18.660476190476192,2011-11-10 16:58:00,28,0,1,Occasional / Regular Shoppers
15113,3,36.179690721649486,2011-11-30 08:23:00,9,0,1,Occasional / Regular Shoppers
15114,10,14.012994923857867,2011-11-09 15:05:00,29,0,1,Occasional / Regular Shoppers
15115,1,16.195714285714285,2011-11-21 14:59:00,17,0,1,Occasional / Regular Shoppers
15116,4,30.06111111111111,2011-11-22 12:25:00,17,0,1,Occasional / Regular Shoppers
15117,5,19.64278481012658,2011-11-25 08:12:00,14,0,1,Occasional / Regular Shoppers
15118,1,244.8,2011-07-28 14:54:00,133,0,1,Occasional / Regular Shoppers
15119,1,19.02857142857143,2011-04-08 09:08:00,245,1,2,At-Risk / Fading Customers
15120,1,17.086666666666666,2011-07-29 09:48:00,133,0,1,Occasional / Regular Shoppers
15121,2,16.34714285714286,2011-10-20 14:51:00,49,0,1,Occasional / Regular Shoppers
15122,3,19.924146341463413,2011-08-17 16:48:00,113,0,1,Occasional / Regular Shoppers
15123,2,20.748207547169812,2011-12-02 13:12:00,6,0,1,Occasional / Regular Shoppers
15124,2,12.279333333333334,2011-11-17 10:09:00,22,0,1,Occasional / Regular Shoppers
15125,15,90.77543307086614,2011-11-14 13:57:00,24,0,0,Occasional / Regular Shoppers
15127,1,25.408125000000002,2011-10-05 10:30:00,65,0,1,Occasional / Regular Shoppers
15128,4,14.42156862745098,2011-10-10 13:54:00,59,0,1,Occasional / Regular Shoppers
15129,11,41.04047619047619,2011-10-20 14:40:00,49,0,1,Occasional / Regular Shoppers
15130,1,15.005,2011-06-23 10:15:00,169,1,2,At-Risk / Fading Customers
15132,5,18.806346153846157,2011-11-21 17:10:00,17,0,1,Occasional / Regular Shoppers
15133,3,33.87655172413793,2011-08-04 10:44:00,127,0,1,Occasional / Regular Shoppers
15134,8,19.013561643835615,2011-11-25 08:55:00,14,0,1,Occasional / Regular Shoppers
15135,1,15.450000000000001,2011-04-14 19:16:00,238,1,2,At-Risk / Fading Customers
15136,4,18.92205882352941,2011-12-07 12:26:00,2,0,1,Occasional / Regular Shoppers
15139,2,13.766153846153847,2011-04-14 11:39:00,239,1,2,At-Risk / Fading Customers
15140,7,29.428125,2011-10-18 14:07:00,51,0,1,Occasional / Regular Shoppers
15142,1,19.182307692307692,2011-10-24 12:51:00,45,0,1,Occasional / Regular Shoppers
15143,1,18.532142857142855,2011-04-28 12:03:00,225,1,2,At-Risk / Fading Customers
15144,17,30.32460829493088,2011-12-01 15:12:00,7,0,0,Occasional / Regular Shoppers
15145,4,17.83179104477612,2011-12-05 17:21:00,3,0,1,Occasional / Regular Shoppers
15146,2,14.584175824175825,2011-06-28 12:09:00,164,1,2,At-Risk / Fading Customers
15147,1,22.267857142857142,2011-04-13 15:57:00,239,1,2,At-Risk / Fading Customers
15148,1,15.0645,2011-11-29 08:21:00,10,0,1,Occasional / Regular Shoppers
15149,1,22.643478260869568,2011-07-29 10:58:00,133,0,1,Occasional / Regular Shoppers
15150,10,15.517096774193549,2011-11-22 12:52:00,16,0,1,Occasional / Regular Shoppers
15152,13,17.511771217712177,2011-11-30 12:32:00,9,0,1,Occasional / Regular Shoppers
15153,1,14.965909090909092,2011-11-08 17:09:00,30,0,1,Occasional / Regular Shoppers
15154,1,3.581408450704225,2011-09-25 16:05:00,74,0,1,Occasional / Regular Shoppers
15156,3,17.481636363636365,2011-12-08 18:22:00,0,0,1,Occasional / Regular Shoppers
15157,3,15.48856,2011-12-06 11:28:00,3,0,1,Occasional / Regular Shoppers
15158,1,57.34285714285715,2011-10-25 13:53:00,44,0,1,Occasional / Regular Shoppers
15159,30,26.254943661971833,2011-12-08 12:05:00,1,0,0,Occasional / Regular Shoppers
15160,1,39.54,2010-12-17 14:15:00,356,1,2,At-Risk / Fading Customers
15163,2,10.49896551724138,2011-11-21 13:10:00,17,0,1,Occasional / Regular Shoppers
15164,3,8.164158415841584,2011-10-02 12:05:00,68,0,1,Occasional / Regular Shoppers
15165,1,18.064814814814813,2010-12-01 14:03:00,372,1,2,At-Risk / Fading Customers
15167,1,4.071794871794872,2011-01-23 12:41:00,320,1,2,At-Risk / Fading Customers
15168,1,21.312,2011-11-14 11:26:00,25,0,1,Occasional / Regular Shoppers
15171,1,257.9,2011-01-12 15:36:00,330,1,2,At-Risk / Fading Customers
15172,5,14.764090909090909,2011-12-01 11:51:00,8,0,1,Occasional / Regular Shoppers
15174,1,12.340909090909092,2011-01-21 09:06:00,322,1,2,At-Risk / Fading Customers
15175,1,9.745217391304347,2011-09-29 11:31:00,71,0,1,Occasional / Regular Shoppers
15178,1,13.5,2011-03-24 15:12:00,259,1,2,At-Risk / Fading Customers
15179,5,23.730645161290326,2011-11-21 12:53:00,17,0,1,Occasional / Regular Shoppers
15180,1,14.583333333333334,2010-12-07 14:57:00,366,1,2,At-Risk / Fading Customers
15181,3,43.0925,2011-10-04 13:58:00,65,0,1,Occasional / Regular Shoppers
15182,2,21.477586206896554,2011-07-08 13:37:00,153,1,2,At-Risk / Fading Customers
15184,2,6.487096774193549,2011-11-10 13:41:00,28,0,1,Occasional / Regular Shoppers
15185,1,14.791428571428572,2011-09-30 14:06:00,69,0,1,Occasional / Regular Shoppers
15186,2,21.653157894736843,2011-11-25 14:58:00,13,0,1,Occasional / Regular Shoppers
15187,16,52.49648351648352,2011-12-08 11:56:00,1,0,0,Occasional / Regular Shoppers
15189,41,76.53485849056604,2011-12-08 13:22:00,0,0,0,Occasional / Regular Shoppers
15192,3,20.47686274509804,2011-08-12 11:41:00,119,0,1,Occasional / Regular Shoppers
15193,1,26.28,2011-10-10 08:23:00,60,0,1,Occasional / Regular Shoppers
15194,15,24.569451612903226,2011-12-06 15:10:00,2,0,0,Occasional / Regular Shoppers
15195,1,3861.0,2011-12-07 12:20:00,2,0,1,Occasional / Regular Shoppers
15197,3,33.7378125,2011-11-29 10:00:00,10,0,1,Occasional / Regular Shoppers
15198,2,19.363999999999997,2011-09-08 14:42:00,91,0,1,Occasional / Regular Shoppers
15199,4,97.5923076923077,2011-10-11 15:12:00,58,0,1,Occasional / Regular Shoppers
15201,5,17.92086956521739,2011-09-13 14:53:00,86,0,1,Occasional / Regular Shoppers
15203,6,12.871830985915492,2011-11-14 08:16:00,25,0,1,Occasional / Regular Shoppers
15204,1,35.175555555555555,2010-12-17 13:49:00,356,1,2,At-Risk / Fading Customers
15205,2,17.655135135135136,2011-09-15 19:36:00,84,0,1,Occasional / Regular Shoppers
15206,4,46.7,2011-11-29 13:41:00,9,0,1,Occasional / Regular Shoppers
15208,5,20.717142857142857,2011-12-08 17:24:00,0,0,1,Occasional / Regular Shoppers
15210,1,16.559,2011-04-28 16:11:00,224,1,2,At-Risk / Fading Customers
15211,2,17.20019230769231,2011-10-10 13:31:00,59,0,1,Occasional / Regular Shoppers
15212,1,20.36,2011-04-12 13:45:00,240,1,2,At-Risk / Fading Customers
15213,2,13.68125,2011-01-25 12:21:00,318,1,2,At-Risk / Fading Customers
15214,8,15.104000000000001,2011-12-08 12:07:00,1,0,1,Occasional / Regular Shoppers
15215,3,20.998285714285714,2011-10-24 11:41:00,46,0,1,Occasional / Regular Shoppers
15216,1,48.3,2011-09-13 11:41:00,87,0,1,Occasional / Regular Shoppers
15218,11,34.680060240963854,2011-11-29 11:48:00,10,0,1,Occasional / Regular Shoppers
15219,1,33.97222222222222,2011-06-16 16:57:00,175,1,2,At-Risk / Fading Customers
15220,6,15.204786324786324,2011-10-19 12:39:00,51,0,1,Occasional / Regular Shoppers
15221,1,80.65,2010-12-08 13:08:00,365,1,2,At-Risk / Fading Customers
15222,1,117.0,2011-01-25 08:03:00,318,1,2,At-Risk / Fading Customers
15223,2,37.7875,2011-04-28 11:31:00,225,1,2,At-Risk / Fading Customers
15224,2,23.005714285714284,2010-12-16 15:02:00,357,1,2,At-Risk / Fading Customers
15225,1,17.8,2011-04-19 14:51:00,233,1,2,At-Risk / Fading Customers
15226,1,19.30125,2011-02-02 11:41:00,310,1,2,At-Risk / Fading Customers
15227,5,21.024137931034485,2011-11-03 11:59:00,36,0,1,Occasional / Regular Shoppers
15228,4,27.09368,2011-10-04 13:56:00,65,0,1,Occasional / Regular Shoppers
15230,2,18.678260869565218,2011-04-14 14:39:00,238,1,2,At-Risk / Fading Customers
15232,2,19.743870967741934,2011-08-18 16:27:00,112,0,1,Occasional / Regular Shoppers
15234,1,14.071428571428571,2011-03-08 08:53:00,276,1,2,At-Risk / Fading Customers
15235,12,15.716853146853149,2011-05-06 09:44:00,217,1,1,At-Risk / Fading Customers
15236,1,21.403333333333332,2011-02-14 10:52:00,298,1,2,At-Risk / Fading Customers
15237,4,14.265858585858584,2011-12-08 09:46:00,1,0,1,Occasional / Regular Shoppers
15238,3,21.4398,2011-11-10 14:28:00,28,0,1,Occasional / Regular Shoppers
15239,2,15.930408163265307,2011-11-29 14:14:00,9,0,1,Occasional / Regular Shoppers
15240,5,21.879102564102563,2011-10-26 09:50:00,44,0,1,Occasional / Regular Shoppers
15241,8,15.967636363636364,2011-10-04 09:05:00,66,0,1,Occasional / Regular Shoppers
15243,1,14.394545454545455,2011-09-26 14:12:00,73,0,1,Occasional / Regular Shoppers
15244,2,18.57558823529412,2011-10-05 13:19:00,64,0,1,Occasional / Regular Shoppers
15245,3,28.267865168539327,2011-07-28 18:56:00,133,0,1,Occasional / Regular Shoppers
15246,2,15.58030303030303,2011-04-15 14:45:00,237,1,2,At-Risk / Fading Customers
15247,1,59.333333333333336,2011-08-09 12:52:00,121,0,1,Occasional / Regular Shoppers
15249,13,19.109885714285713,2011-11-08 11:45:00,31,0,1,Occasional / Regular Shoppers
15251,11,94.45936936936937,2011-11-30 15:02:00,8,0,1,Occasional / Regular Shoppers
15252,2,16.83590909090909,2011-11-03 13:30:00,35,0,1,Occasional / Regular Shoppers
15253,5,17.324528301886794,2011-11-23 16:22:00,15,0,1,Occasional / Regular Shoppers
15254,1,16.686666666666667,2011-08-04 15:04:00,126,0,1,Occasional / Regular Shoppers
15255,1,18.95425531914894,2011-10-04 12:43:00,66,0,1,Occasional / Regular Shoppers
15256,1,16.408333333333335,2011-07-14 11:47:00,148,1,2,At-Risk / Fading Customers
15257,1,45.30714285714286,2011-03-01 12:58:00,282,1,2,At-Risk / Fading Customers
15258,2,18.328235294117647,2011-06-24 12:30:00,168,1,2,At-Risk / Fading Customers
15260,7,23.516493506493507,2011-08-31 13:55:00,99,0,1,Occasional / Regular Shoppers
15261,1,13.41157894736842,2011-07-27 15:20:00,134,0,1,Occasional / Regular Shoppers
15262,1,17.895000000000003,2011-01-20 12:16:00,323,1,2,At-Risk / Fading Customers
15263,1,13.042499999999999,2011-08-25 10:26:00,106,0,1,Occasional / Regular Shoppers
15264,1,17.11913043478261,2011-10-06 13:49:00,63,0,1,Occasional / Regular Shoppers
15265,2,18.36731707317073,2011-07-11 14:46:00,150,1,2,At-Risk / Fading Customers
15266,1,19.883333333333333,2011-01-05 13:40:00,337,1,2,At-Risk / Fading Customers
15267,5,156.12363636363636,2011-11-17 15:59:00,21,0,1,Occasional / Regular Shoppers
15269,1,204.4,2011-11-16 09:32:00,23,0,1,Occasional / Regular Shoppers
15270,7,58.03634146341463,2011-11-24 09:24:00,15,0,1,Occasional / Regular Shoppers
15271,15,9.444469696969698,2011-12-02 14:11:00,6,0,0,Occasional / Regular Shoppers
15272,2,11.45936507936508,2011-10-13 12:59:00,56,0,1,Occasional / Regular Shoppers
15274,2,15.246170212765959,2011-12-05 16:57:00,3,0,1,Occasional / Regular Shoppers
15275,1,15.003414634146342,2011-11-02 11:20:00,37,0,1,Occasional / Regular Shoppers
15276,1,2.6251020408163264,2011-10-04 16:39:00,65,0,1,Occasional / Regular Shoppers
15277,1,21.325,2011-10-24 10:08:00,46,0,1,Occasional / Regular Shoppers
15279,1,15.29,2010-12-20 10:48:00,354,1,2,At-Risk / Fading Customers
15280,1,7.07,2011-06-20 17:14:00,171,1,2,At-Risk / Fading Customers
15281,9,16.778057553956835,2011-10-12 09:10:00,58,0,1,Occasional / Regular Shoppers
15286,1,80.18333333333334,2011-10-21 11:08:00,49,0,1,Occasional / Regular Shoppers
15287,2,24.3345,2011-11-17 15:34:00,21,0,1,Occasional / Regular Shoppers
15288,5,26.210454545454546,2011-10-27 16:58:00,42,0,1,Occasional / Regular Shoppers
15289,3,16.20310344827586,2011-11-10 13:49:00,28,0,1,Occasional / Regular Shoppers
15290,18,38.93735294117647,2011-12-05 11:39:00,4,0,0,Occasional / Regular Shoppers
15291,15,45.32330097087379,2011-11-14 11:02:00,25,0,0,Occasional / Regular Shoppers
15292,1,7.432916666666666,2011-05-22 15:00:00,200,1,2,At-Risk / Fading Customers
15296,6,18.932268041237116,2011-10-20 11:47:00,50,0,1,Occasional / Regular Shoppers
15297,3,16.46,2011-11-29 16:32:00,9,0,1,Occasional / Regular Shoppers
15298,12,24.999479166666664,2011-12-07 17:17:00,1,0,1,Occasional / Regular Shoppers
15299,7,643.8585714285715,2011-10-03 14:19:00,66,0,1,Occasional / Regular Shoppers
15300,1,17.73,2011-10-06 17:08:00,63,0,1,Occasional / Regular Shoppers
15301,12,20.867561983471074,2011-10-20 09:57:00,50,0,1,Occasional / Regular Shoppers
15303,1,18.516774193548386,2011-02-22 13:59:00,289,1,2,At-Risk / Fading Customers
15304,8,30.191304347826087,2011-10-10 10:23:00,60,0,1,Occasional / Regular Shoppers
15306,3,20.24741379310345,2011-10-06 12:56:00,63,0,1,Occasional / Regular Shoppers
15307,1,17.108333333333334,2011-09-05 11:38:00,95,0,1,Occasional / Regular Shoppers
15308,1,16.340526315789475,2011-03-10 13:08:00,273,1,2,At-Risk / Fading Customers
15311,91,25.626690617075234,2011-12-09 12:00:00,0,3,0,VIP / Loyal Customers
15312,4,19.677659574468084,2011-09-25 13:10:00,74,0,1,Occasional / Regular Shoppers
15313,1,52.0,2011-08-21 16:02:00,109,0,1,Occasional / Regular Shoppers
15314,1,13.665416666666667,2011-05-24 14:39:00,198,1,2,At-Risk / Fading Customers
15315,2,15.41891891891892,2011-10-06 12:51:00,63,0,1,Occasional / Regular Shoppers
15316,1,165.0,2011-01-17 11:34:00,326,1,2,At-Risk / Fading Customers
15318,1,9.473333333333333,2011-12-06 11:30:00,3,0,1,Occasional / Regular Shoppers
15319,1,12.78125,2011-03-01 12:48:00,283,1,2,At-Risk / Fading Customers
15320,1,7.420277777777778,2011-10-26 13:27:00,43,0,1,Occasional / Regular Shoppers
15321,3,28.92957894736842,2011-09-30 09:40:00,70,0,1,Occasional / Regular Shoppers
15322,1,16.18285714285714,2011-09-15 09:34:00,85,0,1,Occasional / Regular Shoppers
15325,1,3.3695833333333334,2011-08-28 11:55:00,103,0,1,Occasional / Regular Shoppers
15326,1,10.748620689655171,2011-01-10 11:38:00,333,1,2,At-Risk / Fading Customers
15327,1,20.875,2011-10-18 11:55:00,52,0,1,Occasional / Regular Shoppers
15329,3,18.41578947368421,2011-10-31 15:36:00,38,0,1,Occasional / Regular Shoppers
15330,2,54.99692307692307,2011-11-07 17:50:00,31,0,1,Occasional / Regular Shoppers
15332,4,47.45885714285714,2010-12-08 14:43:00,365,1,2,At-Risk / Fading Customers
15333,1,64.285,2011-05-15 13:27:00,207,1,2,At-Risk / Fading Customers
15334,3,3.579795918367347,2011-07-06 11:22:00,156,1,2,At-Risk / Fading Customers
15335,1,4.863428571428571,2011-10-17 12:50:00,53,0,1,Occasional / Regular Shoppers
15339,2,6.675232558139536,2011-10-04 12:51:00,65,0,1,Occasional / Regular Shoppers
15341,1,118.85411764705883,2011-09-20 09:40:00,80,0,1,Occasional / Regular Shoppers
15342,1,16.920416666666668,2011-08-02 10:19:00,129,0,1,Occasional / Regular Shoppers
15343,1,17.357142857142858,2011-09-13 13:55:00,86,0,1,Occasional / Regular Shoppers
15344,3,21.69,2011-12-09 10:45:00,0,0,1,Occasional / Regular Shoppers
15345,1,19.677,2011-10-25 11:28:00,45,0,1,Occasional / Regular Shoppers
15346,1,14.848235294117648,2011-01-11 11:18:00,332,1,2,At-Risk / Fading Customers
15347,1,40.32000000000001,2010-12-08 15:25:00,365,1,2,At-Risk / Fading Customers
15348,1,17.56,2011-09-28 13:17:00,71,0,1,Occasional / Regular Shoppers
15349,2,6.533943661971831,2011-07-04 16:06:00,157,1,2,At-Risk / Fading Customers
15350,1,23.130000000000003,2010-12-01 13:33:00,372,1,2,At-Risk / Fading Customers
15351,7,8.83406392694064,2011-11-27 12:52:00,11,0,1,Occasional / Regular Shoppers
15353,2,12.624918032786885,2011-03-30 12:15:00,254,1,2,At-Risk / Fading Customers
15355,2,19.789285714285715,2011-11-10 13:44:00,28,0,1,Occasional / Regular Shoppers
15356,10,5.446953907815631,2011-11-08 13:11:00,30,0,1,Occasional / Regular Shoppers
15358,22,15.149183303085302,2011-12-05 09:04:00,4,0,0,Occasional / Regular Shoppers
15360,1,32.917692307692306,2011-10-31 09:35:00,39,0,1,Occasional / Regular Shoppers
15361,1,59.84571428571429,2010-12-13 09:52:00,361,1,2,At-Risk / Fading Customers
15363,1,20.375,2010-12-02 12:28:00,372,1,2,At-Risk / Fading Customers
15364,2,31.489310344827587,2011-09-05 09:46:00,95,0,1,Occasional / Regular Shoppers
15365,7,20.301052631578948,2011-11-14 08:29:00,25,0,1,Occasional / Regular Shoppers
15366,2,13.69340909090909,2011-09-25 15:01:00,74,0,1,Occasional / Regular Shoppers
15367,4,19.764105263157898,2011-10-13 14:13:00,56,0,1,Occasional / Regular Shoppers
15368,1,111.73500000000001,2011-11-18 14:42:00,20,0,1,Occasional / Regular Shoppers
15370,7,25.383510638297874,2011-10-30 10:58:00,40,0,1,Occasional / Regular Shoppers
15372,1,74.34814814814816,2011-07-25 16:39:00,136,0,1,Occasional / Regular Shoppers
15373,12,18.302348484848483,2011-12-01 15:05:00,7,0,1,Occasional / Regular Shoppers
15374,1,56.0,2011-08-03 09:59:00,128,0,1,Occasional / Regular Shoppers
15376,3,10.530689655172413,2011-10-30 15:04:00,39,0,1,Occasional / Regular Shoppers
15379,7,19.089123711340207,2011-06-23 13:13:00,168,1,2,At-Risk / Fading Customers
15380,5,46.95166666666667,2011-12-01 12:13:00,8,0,1,Occasional / Regular Shoppers
15381,2,74.60625,2011-05-10 11:55:00,213,1,2,At-Risk / Fading Customers
15382,6,19.7208940397351,2011-11-25 10:58:00,14,0,1,Occasional / Regular Shoppers
15384,2,15.668536585365853,2011-06-23 10:57:00,169,1,2,At-Risk / Fading Customers
15385,1,26.406666666666666,2011-10-30 15:11:00,39,0,1,Occasional / Regular Shoppers
15386,1,12.714193548387096,2011-06-06 13:47:00,185,1,2,At-Risk / Fading Customers
15388,1,14.053999999999998,2011-03-14 13:53:00,269,1,2,At-Risk / Fading Customers
15389,1,500.0,2011-06-20 16:18:00,171,1,2,At-Risk / Fading Customers
15392,4,18.280119047619046,2011-12-05 11:01:00,4,0,1,Occasional / Regular Shoppers
15393,2,19.32166666666667,2011-11-23 16:48:00,15,0,1,Occasional / Regular Shoppers
15394,4,25.68870588235294,2011-11-30 11:49:00,9,0,1,Occasional / Regular Shoppers
15395,1,15.35,2011-01-18 12:40:00,325,1,2,At-Risk / Fading Customers
15396,1,20.584285714285716,2011-08-19 10:56:00,112,0,1,Occasional / Regular Shoppers
15397,1,15.666666666666666,2011-02-23 09:25:00,289,1,2,At-Risk / Fading Customers
15398,2,18.43191780821918,2011-11-23 16:47:00,15,0,1,Occasional / Regular Shoppers
15399,3,16.3154,2011-12-08 13:04:00,0,0,1,Occasional / Regular Shoppers
15400,5,59.68333333333334,2011-09-08 13:57:00,91,0,1,Occasional / Regular Shoppers
15402,2,14.923095238095238,2011-07-14 12:17:00,148,1,2,At-Risk / Fading Customers
15405,1,43.6375,2011-06-03 14:44:00,188,1,2,At-Risk / Fading Customers
15406,2,9.636037735849058,2011-11-08 13:22:00,30,0,1,Occasional / Regular Shoppers
15407,4,7.072567567567567,2011-11-06 11:55:00,33,0,1,Occasional / Regular Shoppers
15408,1,7.858235294117647,2011-03-20 15:02:00,263,1,2,At-Risk / Fading Customers
15410,8,28.285573770491805,2011-09-16 14:47:00,83,0,1,Occasional / Regular Shoppers
15411,4,13.764591836734695,2011-11-13 15:19:00,25,0,1,Occasional / Regular Shoppers
15412,1,19.053,2011-06-21 15:24:00,170,1,2,At-Risk / Fading Customers
15414,3,19.86923076923077,2011-11-30 09:50:00,9,0,1,Occasional / Regular Shoppers
15415,1,11.906595744680851,2011-01-30 14:13:00,312,1,2,At-Risk / Fading Customers
15416,4,20.75166666666667,2011-10-06 09:38:00,64,0,1,Occasional / Regular Shoppers
15417,1,18.17142857142857,2011-09-15 15:26:00,84,0,1,Occasional / Regular Shoppers
15419,1,16.9825,2011-11-15 09:23:00,24,0,1,Occasional / Regular Shoppers
15421,4,17.93132075471698,2011-10-12 09:20:00,58,0,1,Occasional / Regular Shoppers
15422,2,16.283333333333335,2011-01-20 16:17:00,322,1,2,At-Risk / Fading Customers
15423,1,21.75,2011-11-01 14:01:00,37,0,1,Occasional / Regular Shoppers
15424,2,22.54941176470588,2011-03-30 13:02:00,253,1,2,At-Risk / Fading Customers
15426,5,5.105709090909091,2011-11-20 15:36:00,18,0,1,Occasional / Regular Shoppers
15427,3,4.899109589041096,2011-11-06 14:29:00,32,0,1,Occasional / Regular Shoppers
15428,1,15.63,2011-11-24 16:54:00,14,0,1,Occasional / Regular Shoppers
15429,2,4.845731707317073,2011-11-13 12:28:00,26,0,1,Occasional / Regular Shoppers
15432,1,17.119000000000003,2011-11-16 16:30:00,22,0,1,Occasional / Regular Shoppers
15433,2,13.00731707317073,2011-05-10 10:45:00,213,1,2,At-Risk / Fading Customers
15434,5,18.936,2011-12-01 13:33:00,7,0,1,Occasional / Regular Shoppers
15435,1,5.147931034482759,2011-11-17 16:39:00,21,0,1,Occasional / Regular Shoppers
15436,3,3.6692439862542954,2011-11-27 16:05:00,11,0,1,Occasional / Regular Shoppers
15437,1,4.4479999999999995,2011-03-22 13:11:00,261,1,2,At-Risk / Fading Customers
15438,1,6.263199999999999,2011-07-31 14:19:00,130,0,1,Occasional / Regular Shoppers
15440,3,6.188387096774194,2011-10-16 12:16:00,54,0,1,Occasional / Regular Shoppers
15442,1,297.0,2011-04-05 12:24:00,248,1,2,At-Risk / Fading Customers
15443,7,8.638682795698925,2011-12-08 10:40:00,1,0,1,Occasional / Regular Shoppers
15444,2,6.594439252336449,2011-11-30 17:37:00,8,0,1,Occasional / Regular Shoppers
15445,1,22.7,2011-03-20 15:06:00,263,1,2,At-Risk / Fading Customers
15447,1,17.241111111111113,2011-01-13 11:26:00,330,1,2,At-Risk / Fading Customers
15448,1,17.665714285714284,2011-01-31 10:42:00,312,1,2,At-Risk / Fading Customers
15449,3,16.242,2011-11-13 15:02:00,25,0,1,Occasional / Regular Shoppers
15450,1,14.328,2011-11-09 17:11:00,29,0,1,Occasional / Regular Shoppers
15452,3,9.437142857142858,2011-11-10 12:13:00,29,0,1,Occasional / Regular Shoppers
15453,7,4.91673835125448,2011-12-08 10:59:00,1,0,1,Occasional / Regular Shoppers
15454,1,7.164,2010-12-12 14:21:00,361,1,2,At-Risk / Fading Customers
15456,3,7.492931034482758,2011-03-01 13:51:00,282,1,2,At-Risk / Fading Customers
15457,1,4.087413793103448,2011-03-22 15:31:00,261,1,2,At-Risk / Fading Customers
15458,1,23.09142857142857,2011-11-14 13:08:00,24,0,1,Occasional / Regular Shoppers
15460,1,3.8260714285714283,2010-12-20 16:08:00,353,1,2,At-Risk / Fading Customers
15462,3,21.327272727272728,2011-09-06 13:11:00,93,0,1,Occasional / Regular Shoppers
15463,1,18.02,2011-11-10 12:57:00,28,0,1,Occasional / Regular Shoppers
15464,1,6.739677419354839,2011-01-05 15:56:00,337,1,2,At-Risk / Fading Customers
15465,18,75.82082474226804,2011-11-20 10:11:00,19,0,0,Occasional / Regular Shoppers
15466,1,5.868947368421052,2011-09-15 14:08:00,84,0,1,Occasional / Regular Shoppers
15467,3,10.093846153846155,2011-11-30 14:17:00,8,0,1,Occasional / Regular Shoppers
15468,2,19.479583333333334,2011-10-19 13:49:00,50,0,1,Occasional / Regular Shoppers
15469,2,22.43958333333333,2011-10-20 16:21:00,49,0,1,Occasional / Regular Shoppers
15471,1,6.225753424657534,2011-12-07 14:12:00,1,0,1,Occasional / Regular Shoppers
15472,1,4.888947368421053,2011-08-18 15:17:00,112,0,1,Occasional / Regular Shoppers
15473,7,161.01818181818183,2011-11-25 15:15:00,13,0,1,Occasional / Regular Shoppers
15475,1,15.65896551724138,2011-09-23 15:20:00,76,0,1,Occasional / Regular Shoppers
15478,2,31.816363636363636,2011-10-30 14:19:00,39,0,1,Occasional / Regular Shoppers
15480,1,20.122222222222224,2011-08-15 14:32:00,115,0,1,Occasional / Regular Shoppers
15482,12,112.16247422680412,2011-11-24 10:46:00,15,0,1,Occasional / Regular Shoppers
15483,4,2.6816666666666666,2011-07-01 13:07:00,160,1,2,At-Risk / Fading Customers
15484,4,19.200053475935828,2011-12-08 15:03:00,0,0,1,Occasional / Regular Shoppers
15485,3,30.17058823529412,2011-11-09 14:31:00,29,0,1,Occasional / Regular Shoppers
15488,1,45.660000000000004,2011-09-08 10:11:00,92,0,1,Occasional / Regular Shoppers
15489,3,22.6856,2011-11-17 08:53:00,22,0,1,Occasional / Regular Shoppers
15491,6,20.130454545454548,2011-09-05 15:56:00,94,0,1,Occasional / Regular Shoppers
15492,2,18.841714285714286,2011-11-11 14:53:00,27,0,1,Occasional / Regular Shoppers
15493,5,6.7592041522491355,2011-11-07 12:04:00,32,0,1,Occasional / Regular Shoppers
15494,2,10.49655737704918,2011-11-18 14:51:00,20,0,1,Occasional / Regular Shoppers
15497,2,84.14666666666668,2011-11-22 11:51:00,17,0,1,Occasional / Regular Shoppers
15498,27,26.00859375,2011-12-07 12:48:00,2,0,0,Occasional / Regular Shoppers
15500,4,16.640588235294118,2011-12-01 13:47:00,7,0,1,Occasional / Regular Shoppers
15502,12,48.75553990610329,2011-11-24 12:48:00,15,0,1,Occasional / Regular Shoppers
15503,1,2.1369696969696967,2010-12-12 10:57:00,362,1,2,At-Risk / Fading Customers
15504,1,4.063846153846153,2011-09-19 13:45:00,80,0,1,Occasional / Regular Shoppers
15505,5,37.22639175257732,2011-10-18 07:56:00,52,0,1,Occasional / Regular Shoppers
15506,3,6.03776397515528,2011-11-17 12:11:00,22,0,1,Occasional / Regular Shoppers
15507,1,10.574666666666667,2011-06-21 11:19:00,171,1,2,At-Risk / Fading Customers
15508,6,10.8725,2011-06-03 15:43:00,188,1,2,At-Risk / Fading Customers
15510,1,250.0,2011-01-13 12:10:00,330,1,2,At-Risk / Fading Customers
15511,5,5.699556962025317,2011-11-28 09:43:00,11,0,1,Occasional / Regular Shoppers
15512,2,17.285714285714285,2011-07-07 10:20:00,155,1,2,At-Risk / Fading Customers
15513,19,47.9162987012987,2011-11-06 14:36:00,32,0,0,Occasional / Regular Shoppers
15514,11,24.239277108433736,2011-11-27 14:40:00,11,0,1,Occasional / Regular Shoppers
15516,3,4.162,2011-10-26 10:51:00,44,0,1,Occasional / Regular Shoppers
15517,1,9.889999999999999,2011-04-20 14:02:00,232,1,2,At-Risk / Fading Customers
15518,8,9.150238095238095,2011-10-06 13:05:00,63,0,1,Occasional / Regular Shoppers
15520,1,19.083333333333332,2011-12-08 10:58:00,1,0,1,Occasional / Regular Shoppers
15521,8,16.217297297297296,2011-10-30 13:42:00,39,0,1,Occasional / Regular Shoppers
15522,2,7.106964285714286,2011-11-07 11:26:00,32,0,1,Occasional / Regular Shoppers
15523,1,41.20100000000001,2011-09-16 16:29:00,83,0,1,Occasional / Regular Shoppers
15524,1,440.0,2011-11-15 12:09:00,24,0,1,Occasional / Regular Shoppers
15525,3,4.7075000000000005,2011-12-07 14:43:00,1,0,1,Occasional / Regular Shoppers
15526,2,37.11,2011-11-06 15:04:00,32,0,1,Occasional / Regular Shoppers
15527,8,14.990925925925927,2011-11-21 12:17:00,18,0,1,Occasional / Regular Shoppers
15528,1,8.820384615384615,2011-03-30 16:14:00,253,1,2,At-Risk / Fading Customers
15529,11,5.985800604229607,2011-11-17 11:29:00,22,0,1,Occasional / Regular Shoppers
15530,4,13.993551401869158,2011-11-18 12:25:00,21,0,1,Occasional / Regular Shoppers
15531,2,9.00634703196347,2011-12-01 18:43:00,7,0,1,Occasional / Regular Shoppers
15532,4,6.23398406374502,2011-11-14 14:51:00,24,0,1,Occasional / Regular Shoppers
15533,3,9.729759036144578,2011-11-20 15:35:00,18,0,1,Occasional / Regular Shoppers
15535,4,6.984722222222222,2011-06-19 16:02:00,172,1,2,At-Risk / Fading Customers
15537,1,4.621666666666667,2011-06-29 13:10:00,162,1,2,At-Risk / Fading Customers
15539,1,13.133170731707319,2011-12-02 13:36:00,6,0,1,Occasional / Regular Shoppers
15540,1,14.22,2011-11-28 13:51:00,10,0,1,Occasional / Regular Shoppers
15541,1,2.9355172413793107,2011-08-17 14:58:00,113,0,1,Occasional / Regular Shoppers
15543,1,4.566428571428571,2011-02-24 15:26:00,287,1,2,At-Risk / Fading Customers
15544,9,13.693861003861004,2011-11-30 16:43:00,8,0,1,Occasional / Regular Shoppers
15545,2,3.612125,2011-10-16 13:24:00,53,0,1,Occasional / Regular Shoppers
15547,14,7.065611510791367,2011-12-02 12:52:00,6,0,0,Occasional / Regular Shoppers
15549,3,14.749649122807018,2011-09-23 16:22:00,76,0,1,Occasional / Regular Shoppers
15550,4,9.43655737704918,2011-12-05 15:38:00,3,0,1,Occasional / Regular Shoppers
15551,1,15.036551724137931,2011-11-03 12:37:00,36,0,1,Occasional / Regular Shoppers
15552,1,5.301176470588236,2011-05-06 14:47:00,216,1,2,At-Risk / Fading Customers
15553,1,7.798727272727273,2011-10-10 14:02:00,59,0,1,Occasional / Regular Shoppers
15554,1,15.514285714285714,2011-03-07 09:00:00,277,1,2,At-Risk / Fading Customers
15555,16,5.4057046223224345,2011-11-27 16:19:00,11,0,0,Occasional / Regular Shoppers
15556,1,9.024838709677418,2011-11-15 16:08:00,23,0,1,Occasional / Regular Shoppers
15557,1,24.679473684210528,2011-11-11 12:46:00,28,0,1,Occasional / Regular Shoppers
15561,4,29.65148148148148,2011-11-28 11:07:00,11,0,1,Occasional / Regular Shoppers
15562,1,134.55,2010-12-23 09:55:00,351,1,2,At-Risk / Fading Customers
15563,4,12.393274336283186,2011-11-17 14:50:00,21,0,1,Occasional / Regular Shoppers
15565,2,21.645000000000003,2011-10-20 14:33:00,49,0,1,Occasional / Regular Shoppers
15567,1,26.572857142857142,2011-11-21 10:48:00,18,0,1,Occasional / Regular Shoppers
15568,3,14.307358490566036,2011-12-07 11:27:00,2,0,1,Occasional / Regular Shoppers
15569,5,44.377741935483876,2011-08-28 10:15:00,103,0,1,Occasional / Regular Shoppers
15570,12,13.005705329153605,2011-12-02 14:47:00,6,0,1,Occasional / Regular Shoppers
15571,4,11.411052631578949,2011-11-28 10:02:00,11,0,1,Occasional / Regular Shoppers
15572,7,11.950094339622641,2011-12-05 10:09:00,4,0,1,Occasional / Regular Shoppers
15573,2,6.094742268041236,2011-11-08 11:38:00,31,0,1,Occasional / Regular Shoppers
15574,4,4.445,2011-06-15 12:01:00,177,1,2,At-Risk / Fading Customers
15576,1,21.427209302325583,2011-11-02 12:03:00,37,0,1,Occasional / Regular Shoppers
15577,3,6.637948717948718,2011-07-11 17:03:00,150,1,2,At-Risk / Fading Customers
15578,1,9.776923076923076,2011-06-30 13:03:00,161,1,2,At-Risk / Fading Customers
15579,2,6.825,2011-10-02 12:45:00,68,0,1,Occasional / Regular Shoppers
15581,13,25.176506849315068,2011-08-11 09:38:00,120,0,1,Occasional / Regular Shoppers
15582,3,15.52068181818182,2011-11-15 09:55:00,24,0,1,Occasional / Regular Shoppers
15584,4,5.908688524590164,2011-11-16 10:55:00,23,0,1,Occasional / Regular Shoppers
15585,1,14.687096774193549,2011-06-16 08:38:00,176,1,2,At-Risk / Fading Customers
15587,4,101.52,2011-10-20 13:37:00,49,0,1,Occasional / Regular Shoppers
15589,3,16.50103448275862,2011-03-29 09:54:00,255,1,2,At-Risk / Fading Customers
15592,1,16.190833333333334,2011-10-24 08:59:00,46,0,1,Occasional / Regular Shoppers
15593,1,39.96,2011-09-30 11:46:00,70,0,1,Occasional / Regular Shoppers
15594,5,17.201747572815535,2011-11-24 08:53:00,15,0,1,Occasional / Regular Shoppers
15596,5,18.267402597402597,2011-08-31 10:55:00,100,0,1,Occasional / Regular Shoppers
15597,1,14.753181818181817,2011-11-04 13:26:00,34,0,1,Occasional / Regular Shoppers
15598,1,17.19142857142857,2011-10-17 16:04:00,52,0,1,Occasional / Regular Shoppers
15599,2,14.648846153846154,2011-11-13 11:44:00,26,0,1,Occasional / Regular Shoppers
15601,14,16.52819512195122,2011-11-28 15:15:00,10,0,0,Occasional / Regular Shoppers
15602,9,28.214565217391307,2011-12-01 14:14:00,7,0,1,Occasional / Regular Shoppers
15603,1,24.240000000000002,2011-09-22 10:04:00,78,0,1,Occasional / Regular Shoppers
15604,1,12.728823529411766,2011-10-18 14:47:00,51,0,1,Occasional / Regular Shoppers
15605,5,17.88402985074627,2011-11-03 14:17:00,35,0,1,Occasional / Regular Shoppers
15606,9,37.92415584415584,2011-10-09 15:47:00,60,0,1,Occasional / Regular Shoppers
15607,1,8.05846153846154,2011-01-07 12:44:00,336,1,2,At-Risk / Fading Customers
15608,4,18.228,2011-11-11 13:20:00,27,0,1,Occasional / Regular Shoppers
15609,1,18.655,2011-06-08 13:00:00,183,1,2,At-Risk / Fading Customers
15610,1,18.743333333333336,2011-10-19 10:36:00,51,0,1,Occasional / Regular Shoppers
15611,13,37.01046511627907,2011-11-30 12:36:00,9,0,1,Occasional / Regular Shoppers
15612,2,32.525,2011-11-03 14:52:00,35,0,1,Occasional / Regular Shoppers
15615,23,24.585673758865248,2011-11-29 14:42:00,9,0,0,Occasional / Regular Shoppers
15618,4,17.263355555555556,2011-11-07 08:34:00,32,0,1,Occasional / Regular Shoppers
15619,1,112.13333333333333,2011-11-29 08:14:00,10,0,1,Occasional / Regular Shoppers
15620,3,15.5318,2011-10-14 12:41:00,56,0,1,Occasional / Regular Shoppers
15621,4,80.814375,2011-12-05 14:01:00,3,0,1,Occasional / Regular Shoppers
15622,9,20.051675675675675,2011-10-27 16:44:00,42,0,1,Occasional / Regular Shoppers
15623,1,15.843684210526318,2011-07-21 17:26:00,140,1,2,At-Risk / Fading Customers
15624,4,17.297941176470587,2011-08-15 11:38:00,116,0,1,Occasional / Regular Shoppers
15625,4,23.9728125,2011-08-28 10:21:00,103,0,1,Occasional / Regular Shoppers
15626,2,13.791836734693877,2011-09-26 10:03:00,74,0,1,Occasional / Regular Shoppers
15628,9,18.51767741935484,2011-12-05 10:24:00,4,0,1,Occasional / Regular Shoppers
15630,2,19.772499999999997,2011-10-25 15:36:00,44,0,1,Occasional / Regular Shoppers
15632,8,19.67251497005988,2011-11-24 09:51:00,15,0,1,Occasional / Regular Shoppers
15634,1,16.236666666666668,2011-11-22 16:28:00,16,0,1,Occasional / Regular Shoppers
15636,2,28.9904,2011-09-11 11:17:00,89,0,1,Occasional / Regular Shoppers
15637,1,14.890666666666668,2011-10-18 08:28:00,52,0,1,Occasional / Regular Shoppers
15639,1,17.0128,2011-07-28 14:30:00,133,0,1,Occasional / Regular Shoppers
15640,15,26.084264705882354,2011-12-05 14:35:00,3,0,0,Occasional / Regular Shoppers
15641,4,15.858823529411765,2011-08-26 14:04:00,104,0,1,Occasional / Regular Shoppers
15643,3,20.12121212121212,2011-06-01 07:38:00,191,1,2,At-Risk / Fading Customers
15644,4,3.4635344827586207,2011-06-26 14:54:00,165,1,2,At-Risk / Fading Customers
15645,1,11.769423076923077,2011-11-21 11:55:00,18,0,1,Occasional / Regular Shoppers
15646,3,12.789714285714288,2011-07-05 09:53:00,157,1,2,At-Risk / Fading Customers
15648,2,26.645833333333332,2011-05-19 15:53:00,203,1,2,At-Risk / Fading Customers
15649,2,408.0,2011-01-07 13:34:00,335,1,2,At-Risk / Fading Customers
15651,3,20.196875,2011-11-03 08:41:00,36,0,1,Occasional / Regular Shoppers
15652,1,16.082857142857144,2011-09-09 14:22:00,90,0,1,Occasional / Regular Shoppers
15653,2,146.24,2011-09-08 10:49:00,92,0,1,Occasional / Regular Shoppers
15654,2,43.93,2011-11-30 13:08:00,8,0,1,Occasional / Regular Shoppers
15655,1,16.49029411764706,2011-04-10 15:25:00,242,1,2,At-Risk / Fading Customers
15656,4,15.925531914893616,2011-10-25 14:56:00,44,0,1,Occasional / Regular Shoppers
15657,1,30.0,2011-11-17 12:19:00,22,0,1,Occasional / Regular Shoppers
15658,5,21.33541666666667,2011-06-02 15:22:00,189,1,2,At-Risk / Fading Customers
15659,1,27.85909090909091,2011-10-27 09:23:00,43,0,1,Occasional / Regular Shoppers
15660,9,17.787333333333333,2011-11-14 16:58:00,24,0,1,Occasional / Regular Shoppers
15661,2,61.96,2011-01-26 13:56:00,316,1,2,At-Risk / Fading Customers
15663,1,15.348888888888887,2011-08-25 15:50:00,105,0,1,Occasional / Regular Shoppers
15664,1,22.731176470588235,2011-10-20 10:57:00,50,0,1,Occasional / Regular Shoppers
15665,2,19.323565217391305,2011-06-24 14:57:00,167,1,2,At-Risk / Fading Customers
15667,1,23.17846153846154,2011-10-31 10:56:00,39,0,1,Occasional / Regular Shoppers
15668,1,76.32000000000001,2011-05-06 10:39:00,217,1,2,At-Risk / Fading Customers
15669,4,20.737575757575758,2011-10-30 16:03:00,39,0,1,Occasional / Regular Shoppers
15670,1,14.420833333333334,2011-02-16 10:50:00,296,1,2,At-Risk / Fading Customers
15671,7,34.065769230769234,2011-11-21 12:43:00,18,0,1,Occasional / Regular Shoppers
15673,4,19.755289855072466,2011-09-12 16:12:00,87,0,1,Occasional / Regular Shoppers
15674,5,21.46140350877193,2011-09-27 15:17:00,72,0,1,Occasional / Regular Shoppers
15675,3,15.413809523809524,2011-09-19 13:48:00,80,0,1,Occasional / Regular Shoppers
15676,3,17.00871287128713,2011-11-21 12:40:00,18,0,1,Occasional / Regular Shoppers
15677,1,19.916060606060608,2011-10-21 15:36:00,48,0,1,Occasional / Regular Shoppers
15678,1,29.391666666666666,2011-10-18 09:25:00,52,0,1,Occasional / Regular Shoppers
15679,4,7.102545454545455,2011-11-15 16:19:00,23,0,1,Occasional / Regular Shoppers
15680,3,17.09846153846154,2011-11-30 13:46:00,8,0,1,Occasional / Regular Shoppers
15681,5,26.90867924528302,2011-11-14 16:30:00,24,0,1,Occasional / Regular Shoppers
15683,1,19.375,2011-08-14 12:56:00,116,0,1,Occasional / Regular Shoppers
15687,9,18.030722891566263,2011-12-01 08:33:00,8,0,1,Occasional / Regular Shoppers
15689,2,28.233333333333334,2011-08-12 09:37:00,119,0,1,Occasional / Regular Shoppers
15690,2,12.618947368421052,2011-12-05 15:59:00,3,0,1,Occasional / Regular Shoppers
15691,1,68.4,2011-04-01 15:13:00,251,1,2,At-Risk / Fading Customers
15692,1,15.92,2011-11-11 14:12:00,27,0,1,Occasional / Regular Shoppers
15694,14,83.06923076923077,2011-12-09 09:44:00,0,0,0,Occasional / Regular Shoppers
15695,2,18.635454545454547,2011-03-18 08:32:00,266,1,2,At-Risk / Fading Customers
15696,8,16.137559523809525,2011-11-06 14:02:00,32,0,1,Occasional / Regular Shoppers
15699,1,17.202777777777776,2011-11-22 08:26:00,17,0,1,Occasional / Regular Shoppers
15700,2,8.10093023255814,2011-06-20 16:53:00,171,1,2,At-Risk / Fading Customers
15701,4,6.647826086956521,2011-12-07 14:39:00,1,0,1,Occasional / Regular Shoppers
15703,1,42.3,2011-03-20 10:51:00,264,1,2,At-Risk / Fading Customers
15704,4,19.603589743589744,2011-07-22 13:35:00,139,0,1,Occasional / Regular Shoppers
15705,1,23.849999999999998,2011-05-22 15:37:00,200,1,2,At-Risk / Fading Customers
15706,4,19.28290909090909,2011-10-07 10:09:00,63,0,1,Occasional / Regular Shoppers
15707,4,4.473073170731707,2011-11-04 14:35:00,34,0,1,Occasional / Regular Shoppers
15708,7,11.8507326007326,2011-10-30 10:54:00,40,0,1,Occasional / Regular Shoppers
15709,1,22.208333333333332,2011-03-01 10:38:00,283,1,2,At-Risk / Fading Customers
15712,5,20.233207547169815,2011-11-30 14:09:00,8,0,1,Occasional / Regular Shoppers
15713,2,18.773684210526316,2011-07-19 13:34:00,142,1,2,At-Risk / Fading Customers
15714,2,9.706764705882353,2011-11-28 11:26:00,11,0,1,Occasional / Regular Shoppers
15716,4,9.411196581196581,2011-07-17 11:59:00,145,0,1,Occasional / Regular Shoppers
15717,1,21.47142857142857,2011-04-19 13:21:00,233,1,2,At-Risk / Fading Customers
15719,13,5.402867883995703,2011-11-07 12:29:00,32,0,1,Occasional / Regular Shoppers
15720,1,4.677578125,2011-11-15 14:48:00,23,0,1,Occasional / Regular Shoppers
15721,1,5.611904761904762,2011-11-28 12:14:00,11,0,1,Occasional / Regular Shoppers
15722,5,33.00313432835821,2011-11-04 11:43:00,35,0,1,Occasional / Regular Shoppers
15723,1,5.018421052631579,2010-12-10 11:12:00,364,1,2,At-Risk / Fading Customers
15724,2,19.84090909090909,2011-05-22 14:40:00,200,1,2,At-Risk / Fading Customers
15725,1,12.9765625,2011-11-24 14:51:00,14,0,1,Occasional / Regular Shoppers
15727,7,17.139734219269105,2011-11-23 12:36:00,16,0,1,Occasional / Regular Shoppers
15729,1,17.0,2011-05-11 12:36:00,212,1,2,At-Risk / Fading Customers
15730,3,16.01257142857143,2011-10-05 12:31:00,65,0,1,Occasional / Regular Shoppers
15732,2,21.00857142857143,2011-05-11 14:24:00,211,1,2,At-Risk / Fading Customers
15733,1,16.23,2011-03-02 09:05:00,282,1,2,At-Risk / Fading Customers
15734,2,51.517307692307696,2011-08-17 10:50:00,114,0,1,Occasional / Regular Shoppers
15737,8,16.734084507042255,2011-11-25 11:21:00,14,0,1,Occasional / Regular Shoppers
15738,16,27.817456647398846,2011-11-21 08:26:00,18,0,0,Occasional / Regular Shoppers
15739,1,56.14,2011-10-04 13:42:00,65,0,1,Occasional / Regular Shoppers
15740,1,17.20888888888889,2011-10-21 14:29:00,48,0,1,Occasional / Regular Shoppers
15743,4,9.022790697674418,2011-11-23 17:19:00,15,0,1,Occasional / Regular Shoppers
15744,1,11.6,2011-09-23 09:52:00,77,0,1,Occasional / Regular Shoppers
15745,4,17.65467741935484,2011-11-20 13:45:00,18,0,1,Occasional / Regular Shoppers
15746,1,7.031428571428571,2011-07-28 15:21:00,133,0,1,Occasional / Regular Shoppers
15747,3,10.518222222222223,2011-11-27 12:26:00,12,0,1,Occasional / Regular Shoppers
15748,1,7.218000000000001,2011-10-30 12:51:00,39,0,1,Occasional / Regular Shoppers
15749,3,4453.43,2011-04-18 13:20:00,234,1,1,At-Risk / Fading Customers
15750,8,8.464089347079039,2011-12-07 12:34:00,2,0,1,Occasional / Regular Shoppers
15752,7,6.485432098765432,2011-10-31 11:37:00,39,0,1,Occasional / Regular Shoppers
15753,1,79.2,2011-02-08 12:41:00,304,1,2,At-Risk / Fading Customers
15754,3,16.3775,2011-10-19 14:40:00,50,0,1,Occasional / Regular Shoppers
15755,6,16.7677304964539,2011-11-29 14:57:00,9,0,1,Occasional / Regular Shoppers
15756,4,2.764450261780105,2011-10-09 13:30:00,60,0,1,Occasional / Regular Shoppers
15757,2,15.876,2011-10-05 12:14:00,65,0,1,Occasional / Regular Shoppers
15758,1,22.805555555555557,2011-11-15 10:48:00,24,0,1,Occasional / Regular Shoppers
15759,3,36.14857142857143,2011-05-05 15:13:00,217,1,2,At-Risk / Fading Customers
15762,2,15.777027027027026,2011-10-05 16:15:00,64,0,1,Occasional / Regular Shoppers
15763,2,17.818360655737706,2011-11-08 09:44:00,31,0,1,Occasional / Regular Shoppers
15764,6,18.222055555555556,2011-09-12 17:58:00,87,0,1,Occasional / Regular Shoppers
15766,1,28.64181818181818,2011-10-06 17:03:00,63,0,1,Occasional / Regular Shoppers
15768,3,23.030740740740743,2011-08-16 10:48:00,115,0,1,Occasional / Regular Shoppers
15769,26,432.7132307692308,2011-12-02 13:52:00,6,0,0,Occasional / Regular Shoppers
15773,1,63.568000000000005,2011-12-04 12:48:00,5,0,1,Occasional / Regular Shoppers
15774,1,10.832,2011-10-02 12:04:00,68,0,1,Occasional / Regular Shoppers
15775,1,14.985714285714286,2011-04-08 12:56:00,244,1,2,At-Risk / Fading Customers
15776,1,13.423333333333334,2011-07-29 13:46:00,132,0,1,Occasional / Regular Shoppers
15777,4,49.86238095238096,2011-04-12 16:43:00,240,1,2,At-Risk / Fading Customers
15780,3,16.38896551724138,2011-06-09 12:01:00,183,1,2,At-Risk / Fading Customers
15781,3,17.273000000000003,2011-11-14 14:57:00,24,0,1,Occasional / Regular Shoppers
15782,3,60.80790697674418,2011-11-30 10:49:00,9,0,1,Occasional / Regular Shoppers
15783,1,17.592857142857145,2011-11-29 09:50:00,10,0,1,Occasional / Regular Shoppers
15785,5,28.059879518072293,2011-11-07 11:33:00,32,0,1,Occasional / Regular Shoppers
15786,3,18.492481203007518,2011-10-24 14:13:00,45,0,1,Occasional / Regular Shoppers
15787,3,4.6663,2011-11-13 14:55:00,25,0,1,Occasional / Regular Shoppers
15789,1,14.052,2010-12-16 14:35:00,357,1,2,At-Risk / Fading Customers
15790,1,6.4338235294117645,2011-11-29 14:53:00,9,0,1,Occasional / Regular Shoppers
15791,2,21.502533333333336,2011-10-27 10:14:00,43,0,1,Occasional / Regular Shoppers
15793,3,80.4675,2011-11-25 09:31:00,14,0,1,Occasional / Regular Shoppers
15795,1,14.524047619047618,2011-07-13 10:43:00,149,1,2,At-Risk / Fading Customers
15796,8,20.519772727272727,2011-12-08 19:55:00,0,0,1,Occasional / Regular Shoppers
15797,4,275.925,2011-08-18 17:04:00,112,0,1,Occasional / Regular Shoppers
15799,3,9.021836734693878,2011-09-25 12:46:00,75,0,1,Occasional / Regular Shoppers
15800,2,5.956324786324786,2011-08-24 14:23:00,106,0,1,Occasional / Regular Shoppers
15801,3,16.62421875,2011-10-24 13:52:00,45,0,1,Occasional / Regular Shoppers
15802,1,451.42,2011-07-20 11:38:00,142,1,1,At-Risk / Fading Customers
15803,1,51.977500000000006,2011-10-19 14:56:00,50,0,1,Occasional / Regular Shoppers
15804,13,16.05492366412214,2011-12-09 12:31:00,0,0,1,Occasional / Regular Shoppers
15805,17,18.355117056856187,2011-11-16 16:32:00,22,0,0,Occasional / Regular Shoppers
15806,3,25.309032258064516,2011-10-24 14:35:00,45,0,1,Occasional / Regular Shoppers
15807,3,18.83125,2011-10-20 14:10:00,49,0,1,Occasional / Regular Shoppers
15808,4,18.72446153846154,2011-02-06 14:33:00,305,1,2,At-Risk / Fading Customers
15809,5,14.736285714285714,2011-11-03 16:40:00,35,0,1,Occasional / Regular Shoppers
15810,4,15.640224719101123,2011-09-22 09:38:00,78,0,1,Occasional / Regular Shoppers
15811,6,16.681353383458646,2011-11-17 15:31:00,21,0,1,Occasional / Regular Shoppers
15812,5,43.930243902439024,2011-08-24 14:19:00,106,0,1,Occasional / Regular Shoppers
15813,2,32.59775,2011-05-16 08:13:00,207,1,2,At-Risk / Fading Customers
15814,4,27.018472222222226,2011-11-23 08:17:00,16,0,1,Occasional / Regular Shoppers
15815,5,42.86938775510204,2011-10-07 12:42:00,63,0,1,Occasional / Regular Shoppers
15819,4,15.491463414634147,2011-10-21 14:50:00,48,0,1,Occasional / Regular Shoppers
15820,1,12.175294117647057,2011-01-24 12:00:00,319,1,2,At-Risk / Fading Customers
15821,2,9.209032258064516,2011-10-26 15:48:00,43,0,1,Occasional / Regular Shoppers
15822,2,26.832424242424242,2011-12-06 14:50:00,2,0,1,Occasional / Regular Shoppers
15823,1,15.0,2010-12-02 15:08:00,371,1,2,At-Risk / Fading Customers
15825,1,26.647000000000002,2011-06-20 13:27:00,171,1,2,At-Risk / Fading Customers
15826,3,24.328088235294118,2011-10-14 16:05:00,55,0,1,Occasional / Regular Shoppers
15827,14,15.966,2011-09-27 15:35:00,72,0,0,Occasional / Regular Shoppers
15829,2,12.473333333333333,2011-09-01 16:45:00,98,0,1,Occasional / Regular Shoppers
15830,1,14.76923076923077,2011-11-02 10:40:00,37,0,1,Occasional / Regular Shoppers
15831,3,12.04,2011-10-12 13:14:00,57,0,1,Occasional / Regular Shoppers
15832,1,15.49611111111111,2011-03-30 15:29:00,253,1,2,At-Risk / Fading Customers
15834,4,8.271933085501859,2011-09-30 14:41:00,69,0,1,Occasional / Regular Shoppers
15835,4,19.0818,2011-10-26 15:47:00,43,0,1,Occasional / Regular Shoppers
15836,1,13.737,2011-10-20 17:13:00,49,0,1,Occasional / Regular Shoppers
15837,1,16.3325,2011-10-06 09:01:00,64,0,1,Occasional / Regular Shoppers
15838,19,201.45556886227547,2011-11-28 14:00:00,10,0,0,Occasional / Regular Shoppers
15839,3,16.911129032258064,2011-11-06 13:54:00,32,0,1,Occasional / Regular Shoppers
15840,2,13.168888888888889,2011-10-12 09:08:00,58,0,1,Occasional / Regular Shoppers
15841,4,26.043829787234042,2011-09-28 12:15:00,72,0,1,Occasional / Regular Shoppers
15843,1,14.86875,2011-02-09 10:19:00,303,1,2,At-Risk / Fading Customers
15844,1,11.885454545454543,2011-10-24 15:19:00,45,0,1,Occasional / Regular Shoppers
15845,8,26.896884057971015,2011-11-22 09:42:00,17,0,1,Occasional / Regular Shoppers
15847,2,17.694090909090907,2011-11-01 14:41:00,37,0,1,Occasional / Regular Shoppers
15850,2,2.525591397849462,2011-11-20 14:14:00,18,0,1,Occasional / Regular Shoppers
15852,2,7.305000000000001,2011-06-06 11:22:00,186,1,2,At-Risk / Fading Customers
15853,1,3.6933333333333334,2011-10-19 10:38:00,51,0,1,Occasional / Regular Shoppers
15854,12,21.51536231884058,2011-12-05 13:39:00,3,0,1,Occasional / Regular Shoppers
15855,5,8.903,2011-07-26 10:20:00,136,0,1,Occasional / Regular Shoppers
15856,27,25.706433121019106,2011-12-05 17:09:00,3,0,0,Occasional / Regular Shoppers
15857,1,21.214285714285715,2011-11-21 12:18:00,18,0,1,Occasional / Regular Shoppers
15858,5,7.59345744680851,2011-11-24 12:48:00,15,0,1,Occasional / Regular Shoppers
15860,8,6.943597122302158,2011-10-30 11:25:00,40,0,1,Occasional / Regular Shoppers
15861,8,5.82762962962963,2011-11-27 15:59:00,11,0,1,Occasional / Regular Shoppers
15862,4,5.665850340136054,2011-12-01 13:28:00,7,0,1,Occasional / Regular Shoppers
15863,2,3.8244444444444445,2011-11-14 12:49:00,25,0,1,Occasional / Regular Shoppers
15864,6,96.816,2011-11-17 13:32:00,21,0,1,Occasional / Regular Shoppers
15865,3,22.37825,2011-10-30 12:43:00,40,0,1,Occasional / Regular Shoppers
15866,1,4.927674418604651,2011-08-30 14:09:00,100,0,1,Occasional / Regular Shoppers
15867,15,8.300958605664487,2011-12-04 13:32:00,4,0,0,Occasional / Regular Shoppers
15869,2,9.975999999999999,2011-03-07 17:23:00,276,1,2,At-Risk / Fading Customers
15870,1,4.749189189189189,2011-11-07 10:58:00,32,0,1,Occasional / Regular Shoppers
15872,2,2.928240740740741,2011-11-25 11:55:00,14,0,1,Occasional / Regular Shoppers
15874,7,36.71566666666667,2011-10-07 12:31:00,63,0,1,Occasional / Regular Shoppers
15877,2,3.8915079365079364,2011-12-08 11:53:00,1,0,1,Occasional / Regular Shoppers
15880,1,3.427395833333333,2010-12-05 13:00:00,368,1,2,At-Risk / Fading Customers
15881,5,17.289310344827587,2011-01-31 16:59:00,311,1,2,At-Risk / Fading Customers
15882,4,22.450434782608696,2011-05-25 11:35:00,198,1,2,At-Risk / Fading Customers
15883,2,8.091428571428573,2011-12-07 17:05:00,1,0,1,Occasional / Regular Shoppers
15885,3,21.075000000000003,2011-09-08 10:43:00,92,0,1,Occasional / Regular Shoppers
15886,1,15.090833333333334,2011-10-10 14:25:00,59,0,1,Occasional / Regular Shoppers
15888,1,14.025833333333333,2011-09-20 12:30:00,80,0,1,Occasional / Regular Shoppers
15889,2,4.942,2011-07-06 11:10:00,156,1,2,At-Risk / Fading Customers
15891,1,8.528,2011-04-27 12:35:00,226,1,2,At-Risk / Fading Customers
15894,2,6.97972972972973,2011-03-31 13:50:00,252,1,2,At-Risk / Fading Customers
15895,1,16.288181818181815,2011-07-13 10:27:00,149,1,2,At-Risk / Fading Customers
15897,2,9.481363636363637,2011-05-29 13:50:00,193,1,2,At-Risk / Fading Customers
15898,5,16.474166666666665,2011-12-08 15:23:00,0,0,1,Occasional / Regular Shoppers
15899,1,14.0625,2010-12-06 10:36:00,368,1,2,At-Risk / Fading Customers
15900,1,7.176170212765958,2011-11-16 12:19:00,23,0,1,Occasional / Regular Shoppers
15901,3,3.168738738738739,2011-11-23 12:43:00,16,0,1,Occasional / Regular Shoppers
15903,7,69.28054054054054,2011-11-30 08:08:00,9,0,1,Occasional / Regular Shoppers
15904,1,5.489333333333334,2011-12-01 14:50:00,7,0,1,Occasional / Regular Shoppers
15906,7,10.451266666666667,2011-11-20 12:24:00,19,0,1,Occasional / Regular Shoppers
15907,3,3.905840707964602,2011-12-06 12:21:00,3,0,1,Occasional / Regular Shoppers
15909,1,27.419999999999998,2011-06-19 10:38:00,173,1,2,At-Risk / Fading Customers
15910,8,4.6198496240601505,2011-12-09 10:51:00,0,0,1,Occasional / Regular Shoppers
15912,2,13.927368421052632,2011-06-14 14:29:00,177,1,2,At-Risk / Fading Customers
15916,8,9.95271523178808,2011-11-23 13:46:00,15,0,1,Occasional / Regular Shoppers
15917,1,10.258333333333333,2011-04-06 10:40:00,247,1,2,At-Risk / Fading Customers
15918,2,8.35575,2011-06-02 11:42:00,190,1,2,At-Risk / Fading Customers
15919,2,4.308934426229508,2011-11-20 11:28:00,19,0,1,Occasional / Regular Shoppers
15920,4,2.7916666666666665,2011-07-08 15:31:00,153,1,1,At-Risk / Fading Customers
15921,1,13.459583333333335,2011-06-20 11:03:00,172,1,2,At-Risk / Fading Customers
15922,1,33.59090909090909,2010-12-01 13:51:00,372,1,2,At-Risk / Fading Customers
15923,1,6.051428571428572,2010-12-02 12:16:00,372,1,2,At-Risk / Fading Customers
15925,1,17.2625,2011-05-29 15:35:00,193,1,2,At-Risk / Fading Customers
15930,1,20.315714285714286,2011-10-03 14:52:00,66,0,1,Occasional / Regular Shoppers
15932,8,21.703217391304346,2011-12-05 17:13:00,3,0,1,Occasional / Regular Shoppers
15933,3,14.965675675675676,2011-11-18 13:14:00,20,0,1,Occasional / Regular Shoppers
15935,2,34.73833333333334,2011-04-14 13:27:00,238,1,2,At-Risk / Fading Customers
15937,1,20.764285714285716,2011-10-06 15:48:00,63,0,1,Occasional / Regular Shoppers
15938,5,22.47666666666667,2011-08-19 12:56:00,111,0,1,Occasional / Regular Shoppers
15939,15,80.46065789473684,2011-09-11 11:30:00,89,0,0,Occasional / Regular Shoppers
15940,1,35.8,2011-02-01 16:18:00,310,1,2,At-Risk / Fading Customers
15942,1,24.102857142857143,2011-07-29 09:01:00,133,0,1,Occasional / Regular Shoppers
15944,1,54.18333333333334,2011-03-08 10:33:00,276,1,2,At-Risk / Fading Customers
15945,1,90.5,2010-12-09 13:14:00,364,1,2,At-Risk / Fading Customers
15947,1,58.9048275862069,2011-09-18 10:46:00,82,0,1,Occasional / Regular Shoppers
15948,2,15.920666666666667,2011-12-01 15:32:00,7,0,1,Occasional / Regular Shoppers
15949,2,19.19578947368421,2011-11-23 09:09:00,16,0,1,Occasional / Regular Shoppers
15950,4,17.986701030927836,2011-11-08 11:09:00,31,0,1,Occasional / Regular Shoppers
15951,2,17.273658536585366,2011-12-01 08:34:00,8,0,1,Occasional / Regular Shoppers
15952,4,9.30845238095238,2011-11-06 11:18:00,33,0,1,Occasional / Regular Shoppers
15953,8,17.085360824742267,2011-11-24 15:32:00,14,0,1,Occasional / Regular Shoppers
15955,14,24.13256830601093,2011-11-15 14:15:00,23,0,1,Occasional / Regular Shoppers
15957,1,10.211666666666666,2011-11-08 12:14:00,31,0,1,Occasional / Regular Shoppers
15958,1,14.907142857142857,2011-09-26 13:41:00,73,0,1,Occasional / Regular Shoppers
15963,2,16.812857142857144,2011-11-20 11:33:00,19,0,1,Occasional / Regular Shoppers
15965,4,7.287117117117117,2011-11-22 16:44:00,16,0,1,Occasional / Regular Shoppers
15967,2,4.971,2011-11-16 15:41:00,22,0,1,Occasional / Regular Shoppers
15969,3,33.305,2011-12-07 11:06:00,2,0,1,Occasional / Regular Shoppers
15970,1,28.55454545454545,2011-02-09 12:08:00,303,1,2,At-Risk / Fading Customers
15971,12,119.9957142857143,2011-11-22 12:50:00,17,0,1,Occasional / Regular Shoppers
15973,1,76.95500000000001,2010-12-08 11:42:00,366,1,2,At-Risk / Fading Customers
15974,7,19.557670454545455,2011-10-31 13:13:00,38,0,1,Occasional / Regular Shoppers
15975,1,15.45875,2011-09-16 13:33:00,83,0,1,Occasional / Regular Shoppers
15976,2,4.454583333333333,2011-06-27 13:00:00,164,1,2,At-Risk / Fading Customers
15977,2,16.226615384615386,2011-11-22 13:29:00,16,0,1,Occasional / Regular Shoppers
15978,1,22.42408163265306,2011-09-23 15:21:00,76,0,1,Occasional / Regular Shoppers
15980,3,55.78744186046512,2011-09-12 09:41:00,88,0,1,Occasional / Regular Shoppers
15981,8,35.13896907216495,2011-11-15 08:00:00,24,0,1,Occasional / Regular Shoppers
15983,4,13.081428571428571,2011-11-17 17:34:00,21,0,1,Occasional / Regular Shoppers
15984,10,10.777635658914729,2011-12-07 12:16:00,2,0,1,Occasional / Regular Shoppers
15985,2,30.876216216216218,2011-08-08 16:31:00,122,0,1,Occasional / Regular Shoppers
15986,1,12.008571428571429,2011-11-09 15:17:00,29,0,1,Occasional / Regular Shoppers
15987,7,11.193515625,2011-11-27 15:38:00,11,0,1,Occasional / Regular Shoppers
15988,1,6.03,2011-11-20 13:23:00,18,0,1,Occasional / Regular Shoppers
15990,2,15.232884615384616,2011-10-26 15:58:00,43,0,1,Occasional / Regular Shoppers
15992,1,13.996666666666664,2011-12-06 11:00:00,3,0,1,Occasional / Regular Shoppers
15993,7,5.115414364640884,2011-12-01 10:45:00,8,0,1,Occasional / Regular Shoppers
15994,1,12.9459375,2011-10-16 12:28:00,54,0,1,Occasional / Regular Shoppers
15996,6,8.130551181102362,2011-09-12 15:14:00,87,0,1,Occasional / Regular Shoppers
15998,5,6.111547619047618,2011-11-03 12:45:00,36,0,1,Occasional / Regular Shoppers
16000,3,1377.0777777777778,2011-12-07 12:17:00,2,0,1,Occasional / Regular Shoppers
16003,5,26.556990291262135,2011-11-10 09:57:00,29,0,1,Occasional / Regular Shoppers
16005,4,2.8791542288557217,2011-11-27 13:47:00,11,0,1,Occasional / Regular Shoppers
16006,1,12.675,2011-05-12 13:12:00,210,1,2,At-Risk / Fading Customers
16007,4,4.445695538057743,2011-10-23 11:05:00,47,0,1,Occasional / Regular Shoppers
16008,3,14.508484848484848,2011-11-16 10:32:00,23,0,1,Occasional / Regular Shoppers
16009,4,11.855,2011-11-17 16:51:00,21,0,1,Occasional / Regular Shoppers
16010,3,4.9670886075949365,2011-04-08 10:14:00,245,1,2,At-Risk / Fading Customers
16011,16,15.966476190476191,2011-12-01 16:31:00,7,0,0,Occasional / Regular Shoppers
16012,3,15.05627659574468,2011-11-04 13:25:00,34,0,1,Occasional / Regular Shoppers
16013,47,267.126618705036,2011-12-06 10:36:00,3,3,0,VIP / Loyal Customers
16014,3,4.687173913043479,2011-11-02 12:04:00,37,0,1,Occasional / Regular Shoppers
16015,3,3.892541436464088,2011-12-06 10:58:00,3,0,1,Occasional / Regular Shoppers
16016,8,6.542455357142857,2011-12-06 14:35:00,2,0,1,Occasional / Regular Shoppers
16017,1,6.62125,2011-10-23 12:56:00,46,0,1,Occasional / Regular Shoppers
16018,2,14.603571428571428,2011-10-31 14:13:00,38,0,1,Occasional / Regular Shoppers
16019,9,23.663999999999998,2011-10-24 11:51:00,46,0,1,Occasional / Regular Shoppers
16020,3,18.500217391304346,2011-11-23 11:18:00,16,0,1,Occasional / Regular Shoppers
16022,1,8.48774647887324,2011-03-24 13:16:00,259,1,2,At-Risk / Fading Customers
16023,3,7.126831683168317,2011-10-24 16:34:00,45,0,1,Occasional / Regular Shoppers
16024,1,3.9846031746031745,2011-11-27 13:26:00,11,0,1,Occasional / Regular Shoppers
16025,1,15.702142857142857,2011-11-10 11:45:00,29,0,1,Occasional / Regular Shoppers
16026,1,7.3778125,2011-10-27 13:53:00,42,0,1,Occasional / Regular Shoppers
16027,6,58.41375,2011-09-09 10:47:00,91,0,1,Occasional / Regular Shoppers
16029,63,335.4806639004149,2011-11-01 10:27:00,38,3,0,VIP / Loyal Customers
16030,1,11.422068965517242,2011-02-03 11:28:00,309,1,2,At-Risk / Fading Customers
16031,2,5.590816326530612,2011-09-08 13:07:00,91,0,1,Occasional / Regular Shoppers
16033,20,7.782641843971631,2011-12-04 12:44:00,5,0,0,Occasional / Regular Shoppers
16034,3,19.895454545454548,2011-05-27 16:17:00,195,1,2,At-Risk / Fading Customers
16036,2,13.798545454545456,2011-09-13 14:53:00,86,0,1,Occasional / Regular Shoppers
16037,3,21.923589743589744,2011-03-15 09:13:00,269,1,2,At-Risk / Fading Customers
16038,3,18.145384615384614,2011-12-02 12:40:00,7,0,1,Occasional / Regular Shoppers
16040,3,20.20846153846154,2011-10-05 13:47:00,64,0,1,Occasional / Regular Shoppers
16041,3,527.7333333333333,2011-11-09 12:25:00,30,0,1,Occasional / Regular Shoppers
16042,5,16.821,2011-11-17 17:50:00,21,0,1,Occasional / Regular Shoppers
16043,4,19.845897435897434,2011-11-02 12:50:00,37,0,1,Occasional / Regular Shoppers
16045,4,16.15301204819277,2011-08-12 12:41:00,119,0,1,Occasional / Regular Shoppers
16048,2,32.055,2010-12-01 15:28:00,372,1,2,At-Risk / Fading Customers
16049,3,3.5946822742474915,2011-10-30 13:19:00,39,0,1,Occasional / Regular Shoppers
16050,1,13.790000000000001,2011-06-19 11:44:00,173,1,2,At-Risk / Fading Customers
16052,1,10.648823529411764,2011-10-16 15:13:00,53,0,1,Occasional / Regular Shoppers
16053,2,17.999404761904763,2011-11-07 11:21:00,32,0,1,Occasional / Regular Shoppers
16054,1,11.198571428571428,2011-07-17 13:08:00,144,1,2,At-Risk / Fading Customers
16055,1,16.85,2011-05-03 09:26:00,220,1,2,At-Risk / Fading Customers
16056,1,9.859848484848484,2011-10-25 15:19:00,44,0,1,Occasional / Regular Shoppers
16057,7,18.703471074380165,2011-11-23 15:23:00,15,0,1,Occasional / Regular Shoppers
16059,6,8.163820224719101,2011-10-05 09:56:00,65,0,1,Occasional / Regular Shoppers
16062,4,18.0253125,2011-11-30 12:15:00,9,0,1,Occasional / Regular Shoppers
16063,1,14.57913043478261,2011-03-24 14:56:00,259,1,2,At-Risk / Fading Customers
16065,1,5.02931506849315,2010-12-09 13:03:00,364,1,2,At-Risk / Fading Customers
16066,5,15.059801980198019,2011-11-23 11:54:00,16,0,1,Occasional / Regular Shoppers
16070,2,25.82272727272727,2011-11-17 15:50:00,21,0,1,Occasional / Regular Shoppers
16071,1,15.535238095238096,2011-10-26 11:14:00,44,0,1,Occasional / Regular Shoppers
16072,1,25.405217391304344,2011-02-24 14:32:00,287,1,2,At-Risk / Fading Customers
16073,1,122.4,2011-02-15 15:41:00,296,1,2,At-Risk / Fading Customers
16076,10,17.323488372093024,2011-12-06 14:59:00,2,0,1,Occasional / Regular Shoppers
16078,1,79.2,2011-03-01 09:47:00,283,1,2,At-Risk / Fading Customers
16079,3,64.38095238095238,2011-11-23 12:48:00,16,0,1,Occasional / Regular Shoppers
16080,2,21.716,2011-09-19 10:42:00,81,0,1,Occasional / Regular Shoppers
16081,5,12.553452914798207,2011-10-14 13:06:00,55,0,1,Occasional / Regular Shoppers
16083,2,42.50387096774193,2011-08-31 10:47:00,100,0,1,Occasional / Regular Shoppers
16084,1,11.47842105263158,2011-02-13 16:05:00,298,1,2,At-Risk / Fading Customers
16085,5,5.877305389221557,2011-11-16 13:24:00,22,0,1,Occasional / Regular Shoppers
16086,5,28.753589743589746,2011-10-11 13:09:00,58,0,1,Occasional / Regular Shoppers
16091,2,17.503333333333334,2011-07-08 08:45:00,154,1,2,At-Risk / Fading Customers
16092,3,16.036470588235293,2011-08-17 10:46:00,114,0,1,Occasional / Regular Shoppers
16093,1,17.0,2011-08-25 11:09:00,106,0,1,Occasional / Regular Shoppers
16094,4,17.114761904761906,2011-11-28 12:45:00,11,0,1,Occasional / Regular Shoppers
16096,1,26.718333333333334,2011-03-20 13:38:00,263,1,2,At-Risk / Fading Customers
16097,1,18.505,2011-04-13 13:47:00,239,1,2,At-Risk / Fading Customers
16098,7,29.934776119402986,2011-09-13 09:59:00,87,0,1,Occasional / Regular Shoppers
16099,3,18.766666666666666,2011-10-20 13:13:00,49,0,1,Occasional / Regular Shoppers
16101,1,16.982894736842105,2011-09-30 10:18:00,70,0,1,Occasional / Regular Shoppers
16102,3,32.31824561403509,2011-10-28 13:19:00,41,0,1,Occasional / Regular Shoppers
16103,6,29.784166666666668,2011-12-02 14:16:00,6,0,1,Occasional / Regular Shoppers
16104,1,10.650357142857143,2011-10-09 10:23:00,61,0,1,Occasional / Regular Shoppers
16105,1,25.919999999999998,2011-04-05 10:13:00,248,1,2,At-Risk / Fading Customers
16106,1,18.063333333333333,2011-10-05 10:37:00,65,0,1,Occasional / Regular Shoppers
16107,7,103.36000000000001,2011-11-22 09:40:00,17,0,1,Occasional / Regular Shoppers
16108,1,17.552083333333332,2011-09-16 11:48:00,84,0,1,Occasional / Regular Shoppers
16109,2,33.99333333333333,2011-05-05 09:17:00,218,1,2,At-Risk / Fading Customers
16110,3,3.8624269005847953,2011-10-25 14:35:00,44,0,1,Occasional / Regular Shoppers
16112,4,12.23375,2011-07-19 14:28:00,142,0,1,Occasional / Regular Shoppers
16113,1,5.379333333333333,2011-06-09 16:16:00,182,1,2,At-Risk / Fading Customers
16114,1,16.968750000000004,2011-06-22 10:13:00,170,1,2,At-Risk / Fading Customers
16115,8,5.952974910394265,2011-11-30 11:32:00,9,0,1,Occasional / Regular Shoppers
16116,1,18.02294117647059,2011-05-12 12:01:00,211,1,2,At-Risk / Fading Customers
16117,1,7.740333333333334,2011-06-03 11:42:00,189,1,2,At-Risk / Fading Customers
16119,2,26.46,2011-12-01 15:11:00,7,0,1,Occasional / Regular Shoppers
16120,4,43.638000000000005,2011-10-11 14:22:00,58,0,1,Occasional / Regular Shoppers
16121,2,4.189509803921569,2011-10-13 12:59:00,56,0,1,Occasional / Regular Shoppers
16122,4,18.011052631578945,2011-09-27 15:34:00,72,0,1,Occasional / Regular Shoppers
16123,1,19.236250000000002,2011-10-19 09:18:00,51,0,1,Occasional / Regular Shoppers
16124,1,22.636363636363637,2011-01-26 14:45:00,316,1,2,At-Risk / Fading Customers
16125,1,22.25769230769231,2010-12-07 15:48:00,366,1,2,At-Risk / Fading Customers
16126,4,53.741623931623934,2011-11-10 16:03:00,28,0,1,Occasional / Regular Shoppers
16127,1,16.40625,2011-10-31 13:58:00,38,0,1,Occasional / Regular Shoppers
16128,5,21.126067415730336,2011-11-22 11:14:00,17,0,1,Occasional / Regular Shoppers
16131,6,44.95564102564102,2011-10-19 11:53:00,51,0,1,Occasional / Regular Shoppers
16133,33,43.16284023668639,2011-12-06 11:24:00,3,0,0,Occasional / Regular Shoppers
16134,2,17.659714285714287,2011-11-18 10:05:00,21,0,1,Occasional / Regular Shoppers
16135,1,24.645238095238092,2011-03-22 12:30:00,262,1,2,At-Risk / Fading Customers
16136,3,19.172432432432434,2011-10-11 09:10:00,59,0,1,Occasional / Regular Shoppers
16139,3,20.49709677419355,2011-11-21 08:37:00,18,0,1,Occasional / Regular Shoppers
16140,2,20.719428571428573,2011-10-05 12:15:00,65,0,1,Occasional / Regular Shoppers
16141,1,20.68,2011-09-12 13:11:00,87,0,1,Occasional / Regular Shoppers
16142,1,14.46864864864865,2011-04-04 10:16:00,249,1,2,At-Risk / Fading Customers
16143,6,20.725982905982907,2011-12-06 14:13:00,2,0,1,Occasional / Regular Shoppers
16144,1,175.2,2011-04-07 10:09:00,246,1,2,At-Risk / Fading Customers
16145,11,16.96200892857143,2011-12-01 10:33:00,8,0,1,Occasional / Regular Shoppers
16146,3,25.314827586206896,2011-07-05 14:20:00,156,1,2,At-Risk / Fading Customers
16147,1,17.045454545454547,2011-07-29 09:57:00,133,0,1,Occasional / Regular Shoppers
16148,1,76.32000000000001,2011-02-16 14:01:00,295,1,2,At-Risk / Fading Customers
16149,2,15.584444444444443,2011-12-05 11:29:00,4,0,1,Occasional / Regular Shoppers
16150,5,17.547179487179488,2011-10-28 12:39:00,42,0,1,Occasional / Regular Shoppers
16152,1,63.070344827586204,2011-03-16 09:47:00,268,1,2,At-Risk / Fading Customers
16153,5,20.496966292134832,2011-10-21 10:50:00,49,0,1,Occasional / Regular Shoppers
16156,9,24.1565625,2011-12-01 12:42:00,8,0,1,Occasional / Regular Shoppers
16157,3,36.482777777777784,2011-11-24 11:41:00,15,0,1,Occasional / Regular Shoppers
16159,1,24.87142857142857,2011-03-03 12:27:00,281,1,2,At-Risk / Fading Customers
16160,2,51.272000000000006,2011-10-05 14:19:00,64,0,1,Occasional / Regular Shoppers
16161,19,11.748768577494692,2011-12-08 12:10:00,1,0,0,Occasional / Regular Shoppers
16162,1,18.7,2011-04-01 15:03:00,251,1,2,At-Risk / Fading Customers
16163,2,142.76666666666668,2011-04-21 15:15:00,231,1,2,At-Risk / Fading Customers
16164,3,24.19058823529412,2011-11-22 15:04:00,16,0,1,Occasional / Regular Shoppers
16168,27,38.648979591836735,2011-11-29 12:45:00,10,0,0,Occasional / Regular Shoppers
16169,4,21.44670588235294,2011-12-01 15:28:00,7,0,1,Occasional / Regular Shoppers
16170,6,15.0804,2011-10-20 08:21:00,50,0,1,Occasional / Regular Shoppers
16171,1,24.399999999999995,2011-10-11 14:51:00,58,0,1,Occasional / Regular Shoppers
16172,5,16.524782608695652,2011-09-05 13:22:00,94,0,1,Occasional / Regular Shoppers
16173,6,16.884761904761906,2011-11-24 10:53:00,15,0,1,Occasional / Regular Shoppers
16174,3,43.893478260869564,2011-08-05 13:26:00,125,0,1,Occasional / Regular Shoppers
16175,4,17.88948275862069,2011-09-06 14:32:00,93,0,1,Occasional / Regular Shoppers
16177,1,22.13,2011-10-20 12:57:00,49,0,1,Occasional / Regular Shoppers
16178,1,24.7375,2011-07-24 16:05:00,137,0,1,Occasional / Regular Shoppers
16179,1,19.62090909090909,2011-10-10 09:41:00,60,0,1,Occasional / Regular Shoppers
16180,8,63.29740740740741,2011-08-31 16:28:00,99,0,1,Occasional / Regular Shoppers
16181,1,27.776363636363637,2011-09-27 13:38:00,72,0,1,Occasional / Regular Shoppers
16182,4,236.34464285714284,2011-09-28 13:23:00,71,0,1,Occasional / Regular Shoppers
16183,1,22.58066666666667,2011-10-03 14:59:00,66,0,1,Occasional / Regular Shoppers
16184,6,25.750888888888888,2011-10-06 17:43:00,63,0,1,Occasional / Regular Shoppers
16185,2,17.07774193548387,2011-11-23 09:41:00,16,0,1,Occasional / Regular Shoppers
16186,12,18.38045871559633,2011-11-17 12:43:00,22,0,1,Occasional / Regular Shoppers
16187,15,23.428610169491527,2011-11-08 09:50:00,31,0,0,Occasional / Regular Shoppers
16188,4,14.654626865671641,2011-10-26 12:19:00,44,0,1,Occasional / Regular Shoppers
16189,2,19.58909090909091,2011-11-24 11:47:00,15,0,1,Occasional / Regular Shoppers
16190,1,35.84666666666667,2011-10-30 15:59:00,39,0,1,Occasional / Regular Shoppers
16191,13,38.66059701492538,2011-12-07 11:26:00,2,0,1,Occasional / Regular Shoppers
16193,1,16.55,2011-04-17 11:45:00,236,1,2,At-Risk / Fading Customers
16198,1,26.71206666666667,2011-09-25 14:58:00,74,0,1,Occasional / Regular Shoppers
16200,2,6.21436046511628,2011-12-05 14:40:00,3,0,1,Occasional / Regular Shoppers
16201,4,16.78801801801802,2011-12-06 16:02:00,2,0,1,Occasional / Regular Shoppers
16202,1,20.292777777777776,2010-12-14 10:43:00,360,1,2,At-Risk / Fading Customers
16203,4,16.939999999999998,2011-10-12 12:31:00,58,0,1,Occasional / Regular Shoppers
16204,1,7.6836,2011-11-16 13:40:00,22,0,1,Occasional / Regular Shoppers
16205,4,7.810618556701031,2011-11-09 09:32:00,30,0,1,Occasional / Regular Shoppers
16206,4,8.524761904761906,2011-10-16 10:41:00,54,0,1,Occasional / Regular Shoppers
16207,1,20.756842105263157,2011-11-14 13:51:00,24,0,1,Occasional / Regular Shoppers
16208,2,10.064545454545454,2011-10-26 11:36:00,44,0,1,Occasional / Regular Shoppers
16209,5,49.18739130434783,2011-09-12 11:58:00,88,0,1,Occasional / Regular Shoppers
16210,18,171.43333333333334,2011-12-08 12:36:00,1,0,0,Occasional / Regular Shoppers
16211,1,23.783478260869565,2011-09-12 12:11:00,88,0,1,Occasional / Regular Shoppers
16212,2,16.837560975609758,2011-11-20 13:00:00,18,0,1,Occasional / Regular Shoppers
16213,1,26.5,2011-09-22 10:03:00,78,0,1,Occasional / Regular Shoppers
16214,3,24.15340909090909,2011-06-22 11:30:00,170,1,2,At-Risk / Fading Customers
16215,1,17.310714285714287,2011-09-20 10:18:00,80,0,1,Occasional / Regular Shoppers
16216,1,24.72783783783784,2011-03-17 15:34:00,266,1,2,At-Risk / Fading Customers
16217,2,20.283333333333335,2011-04-18 13:31:00,234,1,2,At-Risk / Fading Customers
16218,7,36.72238095238095,2011-11-10 09:59:00,29,0,1,Occasional / Regular Shoppers
16221,3,9.061684210526316,2011-11-03 11:43:00,36,0,1,Occasional / Regular Shoppers
16222,1,6.340573770491803,2011-01-25 13:38:00,317,1,2,At-Risk / Fading Customers
16224,4,13.492708333333333,2011-10-13 17:51:00,56,0,1,Occasional / Regular Shoppers
16225,5,8.181492537313432,2011-10-26 08:30:00,44,0,1,Occasional / Regular Shoppers
16226,3,31.89,2011-05-20 14:41:00,202,1,2,At-Risk / Fading Customers
16227,1,52.370000000000005,2011-04-28 13:33:00,224,1,2,At-Risk / Fading Customers
16229,2,21.50212765957447,2011-09-13 17:16:00,86,0,1,Occasional / Regular Shoppers
16230,2,15.486571428571429,2011-06-03 10:06:00,189,1,2,At-Risk / Fading Customers
16232,4,26.78054054054054,2011-10-27 12:16:00,43,0,1,Occasional / Regular Shoppers
16233,3,24.394545454545458,2011-09-29 17:27:00,70,0,1,Occasional / Regular Shoppers
16235,5,18.854565217391304,2011-10-30 10:56:00,40,0,1,Occasional / Regular Shoppers
16236,1,21.61,2011-09-22 14:10:00,77,0,1,Occasional / Regular Shoppers
16239,2,21.8,2011-10-14 08:29:00,56,0,1,Occasional / Regular Shoppers
16240,2,27.546666666666667,2011-11-15 14:30:00,23,0,1,Occasional / Regular Shoppers
16241,13,3.9546717557251907,2011-11-30 11:08:00,9,0,1,Occasional / Regular Shoppers
16242,7,12.259794520547945,2011-12-01 15:12:00,7,0,1,Occasional / Regular Shoppers
16243,2,8.02156862745098,2011-11-06 12:32:00,33,0,1,Occasional / Regular Shoppers
16244,2,16.733516483516482,2011-05-12 10:18:00,211,1,2,At-Risk / Fading Customers
16245,3,15.707333333333334,2011-11-16 10:14:00,23,0,1,Occasional / Regular Shoppers
16247,1,7.16,2011-06-22 14:23:00,169,1,2,At-Risk / Fading Customers
16248,1,21.84857142857143,2011-10-09 11:32:00,61,0,1,Occasional / Regular Shoppers
16249,5,26.08797101449275,2011-10-18 10:07:00,52,0,1,Occasional / Regular Shoppers
16250,2,16.226666666666667,2011-03-23 15:07:00,260,1,2,At-Risk / Fading Customers
16253,2,29.95008130081301,2011-10-04 09:09:00,66,0,1,Occasional / Regular Shoppers
16255,8,9.70337037037037,2011-11-23 12:40:00,16,0,1,Occasional / Regular Shoppers
16256,1,57.87923076923077,2011-03-18 12:18:00,266,1,2,At-Risk / Fading Customers
16257,1,23.475,2011-06-16 10:11:00,176,1,2,At-Risk / Fading Customers
16258,5,38.54451851851852,2011-10-25 13:30:00,44,0,1,Occasional / Regular Shoppers
16260,1,57.525000000000006,2011-10-20 09:40:00,50,0,1,Occasional / Regular Shoppers
16261,4,6.122184873949579,2011-11-22 17:23:00,16,0,1,Occasional / Regular Shoppers
16265,9,21.112403100775193,2011-11-30 16:41:00,8,0,1,Occasional / Regular Shoppers
16266,7,14.129344262295081,2011-09-27 12:08:00,73,0,1,Occasional / Regular Shoppers
16268,2,14.836666666666666,2011-09-29 18:30:00,70,0,1,Occasional / Regular Shoppers
16270,1,21.134074074074075,2010-12-21 14:26:00,352,1,2,At-Risk / Fading Customers
16271,5,10.804923076923078,2011-12-07 12:45:00,2,0,1,Occasional / Regular Shoppers
16272,1,16.468,2011-08-15 10:54:00,116,0,1,Occasional / Regular Shoppers
16274,1,5.411538461538462,2010-12-01 15:35:00,372,1,2,At-Risk / Fading Customers
16275,1,16.965757575757575,2011-05-27 12:41:00,196,1,2,At-Risk / Fading Customers
16276,1,135.1,2011-06-16 09:34:00,176,1,2,At-Risk / Fading Customers
16278,1,24.625217391304346,2011-08-31 17:12:00,99,0,1,Occasional / Regular Shoppers
16279,3,14.177169811320754,2011-11-18 15:00:00,20,0,1,Occasional / Regular Shoppers
16281,1,121.29764705882353,2011-09-28 14:57:00,71,0,1,Occasional / Regular Shoppers
16282,1,15.3,2011-01-04 11:42:00,339,1,2,At-Risk / Fading Customers
16283,5,9.462710843373493,2011-12-04 12:08:00,5,0,1,Occasional / Regular Shoppers
16284,2,7.89009708737864,2011-11-08 16:12:00,30,0,1,Occasional / Regular Shoppers
16287,1,17.8125,2011-06-23 09:08:00,169,1,2,At-Risk / Fading Customers
16292,1,17.779411764705884,2011-08-10 12:24:00,121,0,1,Occasional / Regular Shoppers
16293,10,19.059237288135595,2011-11-18 09:58:00,21,0,1,Occasional / Regular Shoppers
16295,4,16.817088607594936,2011-11-30 08:17:00,9,0,1,Occasional / Regular Shoppers
16297,1,15.094999999999999,2011-03-16 08:29:00,268,1,2,At-Risk / Fading Customers
16298,3,22.15555555555556,2011-11-17 11:59:00,22,0,1,Occasional / Regular Shoppers
16302,1,21.201818181818183,2011-08-05 09:44:00,126,0,1,Occasional / Regular Shoppers
16303,3,33.09030864197531,2011-11-14 10:49:00,25,0,1,Occasional / Regular Shoppers
16305,1,16.41909090909091,2011-07-24 12:18:00,138,1,1,At-Risk / Fading Customers
16306,6,15.42121951219512,2011-05-10 12:12:00,213,1,2,At-Risk / Fading Customers
16308,4,640.0,2011-11-02 11:24:00,37,0,1,Occasional / Regular Shoppers
16309,2,16.823095238095238,2011-08-25 15:35:00,105,0,1,Occasional / Regular Shoppers
16311,2,16.655675675675674,2011-11-22 08:54:00,17,0,1,Occasional / Regular Shoppers
16313,2,17.134375000000002,2011-12-06 13:02:00,2,0,1,Occasional / Regular Shoppers
16315,1,16.169285714285714,2011-01-13 11:57:00,330,1,2,At-Risk / Fading Customers
16316,8,19.46298013245033,2011-10-06 13:48:00,63,0,1,Occasional / Regular Shoppers
16317,3,19.444202898550724,2011-08-12 12:46:00,119,0,1,Occasional / Regular Shoppers
16318,1,17.27105263157895,2011-11-04 13:05:00,34,0,1,Occasional / Regular Shoppers
16319,1,134.8,2011-05-06 11:27:00,217,1,2,At-Risk / Fading Customers
16320,2,18.543928571428573,2011-06-20 15:25:00,171,1,2,At-Risk / Fading Customers
16321,5,31.137500000000003,2011-09-28 14:55:00,71,0,1,Occasional / Regular Shoppers
16322,2,8.83108108108108,2011-12-08 15:41:00,0,0,1,Occasional / Regular Shoppers
16323,1,207.50000000000003,2011-05-27 14:48:00,195,1,2,At-Risk / Fading Customers
16324,3,3.6809909909909915,2011-08-03 12:58:00,127,0,1,Occasional / Regular Shoppers
16325,3,33.013333333333335,2011-10-24 08:48:00,46,0,1,Occasional / Regular Shoppers
16326,14,10.130733333333334,2011-12-04 10:11:00,5,0,0,Occasional / Regular Shoppers
16327,6,12.051324921135647,2011-11-25 13:23:00,13,0,1,Occasional / Regular Shoppers
16330,3,6.4592307692307696,2011-11-22 12:24:00,17,0,1,Occasional / Regular Shoppers
16332,7,10.482119205298012,2011-11-11 14:22:00,27,0,1,Occasional / Regular Shoppers
16333,22,591.7066666666667,2011-12-02 12:19:00,7,0,0,Occasional / Regular Shoppers
16337,1,15.105,2011-11-03 10:03:00,36,0,1,Occasional / Regular Shoppers
16338,1,19.527272727272727,2011-07-05 13:56:00,156,1,2,At-Risk / Fading Customers
16339,1,5.225,2011-02-28 13:41:00,283,1,2,At-Risk / Fading Customers
16340,1,3.789432624113475,2011-08-24 14:53:00,106,0,1,Occasional / Regular Shoppers
16341,4,25.608701298701302,2011-11-15 09:12:00,24,0,1,Occasional / Regular Shoppers
16342,4,21.494000000000003,2011-09-25 14:36:00,74,0,1,Occasional / Regular Shoppers
16343,2,7.641395348837209,2011-11-23 17:45:00,15,0,1,Occasional / Regular Shoppers
16344,1,50.550000000000004,2011-07-04 15:50:00,157,1,2,At-Risk / Fading Customers
16345,1,15.282702702702704,2011-10-26 16:03:00,43,0,1,Occasional / Regular Shoppers
16347,2,9.97,2011-11-28 13:14:00,10,0,1,Occasional / Regular Shoppers
16348,7,6.376801801801802,2011-11-07 15:44:00,31,0,1,Occasional / Regular Shoppers
16349,1,5.944444444444445,2011-02-22 12:40:00,290,1,2,At-Risk / Fading Customers
16350,4,19.58719298245614,2011-11-18 15:53:00,20,0,1,Occasional / Regular Shoppers
16351,1,19.2375,2011-01-11 10:26:00,332,1,2,At-Risk / Fading Customers
16352,2,17.658571428571427,2011-11-22 10:32:00,17,0,1,Occasional / Regular Shoppers
16353,23,71.0181914893617,2011-12-06 12:23:00,3,0,0,Occasional / Regular Shoppers
16354,2,10.148717948717948,2011-10-07 14:28:00,62,0,1,Occasional / Regular Shoppers
16356,3,6.831290322580646,2011-05-26 11:51:00,197,1,2,At-Risk / Fading Customers
16357,3,19.378823529411765,2011-11-06 16:04:00,32,0,1,Occasional / Regular Shoppers
16358,4,18.60091743119266,2011-12-08 15:09:00,0,0,1,Occasional / Regular Shoppers
16359,9,26.52909090909091,2011-12-02 17:04:00,6,0,1,Occasional / Regular Shoppers
16360,6,5.425172955974842,2011-12-05 12:16:00,4,0,1,Occasional / Regular Shoppers
16361,4,8.569326923076924,2011-11-30 12:32:00,9,0,1,Occasional / Regular Shoppers
16362,5,9.220649350649351,2011-11-07 13:01:00,31,0,1,Occasional / Regular Shoppers
16363,1,21.872000000000003,2011-10-17 14:14:00,52,0,1,Occasional / Regular Shoppers
16364,2,13.572884615384615,2011-11-28 11:27:00,11,0,1,Occasional / Regular Shoppers
16365,9,30.2043137254902,2011-11-22 11:24:00,17,0,1,Occasional / Regular Shoppers
16366,1,18.183333333333334,2011-11-21 08:19:00,18,0,1,Occasional / Regular Shoppers
16367,2,6.304488188976378,2011-11-02 13:13:00,36,0,1,Occasional / Regular Shoppers
16368,2,6.955217391304348,2011-12-07 13:12:00,1,0,1,Occasional / Regular Shoppers
16369,3,13.20863247863248,2011-11-21 16:25:00,17,0,1,Occasional / Regular Shoppers
16370,4,5.890995475113122,2011-09-18 15:55:00,81,0,1,Occasional / Regular Shoppers
16372,2,3.866630434782609,2011-11-06 13:08:00,32,0,1,Occasional / Regular Shoppers
16374,2,4.281926605504587,2011-10-04 15:21:00,65,0,1,Occasional / Regular Shoppers
16376,2,7.991475409836066,2011-12-01 11:38:00,8,0,1,Occasional / Regular Shoppers
16377,1,135.24,2011-03-17 15:41:00,266,1,2,At-Risk / Fading Customers
16378,3,15.780434782608696,2011-04-06 15:07:00,246,1,2,At-Risk / Fading Customers
16379,4,19.975925925925928,2011-12-05 15:38:00,3,0,1,Occasional / Regular Shoppers
16380,1,56.23064516129032,2011-10-09 15:40:00,60,0,1,Occasional / Regular Shoppers
16383,2,6.568979591836735,2011-09-26 12:45:00,74,0,1,Occasional / Regular Shoppers
16384,2,17.71212121212121,2011-09-11 11:19:00,89,0,1,Occasional / Regular Shoppers
16385,3,9.734385964912281,2011-10-10 13:12:00,59,0,1,Occasional / Regular Shoppers
16386,2,3.735432098765432,2011-11-11 12:28:00,28,0,1,Occasional / Regular Shoppers
16387,1,23.59,2011-01-21 11:34:00,322,1,2,At-Risk / Fading Customers
16389,4,40.64911764705883,2011-10-17 14:41:00,52,0,1,Occasional / Regular Shoppers
16392,1,5.0672093023255815,2011-03-15 12:11:00,269,1,2,At-Risk / Fading Customers
16393,13,9.299571865443426,2011-12-07 12:51:00,1,0,1,Occasional / Regular Shoppers
16394,5,18.73903614457831,2011-10-14 09:48:00,56,0,1,Occasional / Regular Shoppers
16395,5,7.194466019417476,2011-10-10 12:50:00,60,0,1,Occasional / Regular Shoppers
16398,2,20.802439024390242,2011-07-08 15:16:00,153,1,2,At-Risk / Fading Customers
16399,2,5.666944444444444,2011-11-20 16:12:00,18,0,1,Occasional / Regular Shoppers
16400,1,10.480344827586206,2011-09-06 12:27:00,94,0,1,Occasional / Regular Shoppers
16401,12,22.033978494623653,2011-12-08 18:15:00,0,0,1,Occasional / Regular Shoppers
16402,2,5.148245614035088,2011-03-20 12:25:00,264,1,2,At-Risk / Fading Customers
16403,1,17.75,2011-01-31 13:39:00,311,1,2,At-Risk / Fading Customers
16404,1,19.26304347826087,2011-09-30 14:55:00,69,0,1,Occasional / Regular Shoppers
16405,2,33.45,2011-02-10 15:24:00,301,1,2,At-Risk / Fading Customers
16406,1,2.661206896551724,2011-11-21 11:57:00,18,0,1,Occasional / Regular Shoppers
16407,10,12.379047619047618,2011-11-27 11:05:00,12,0,1,Occasional / Regular Shoppers
16409,5,8.757489177489177,2011-11-03 16:45:00,35,0,1,Occasional / Regular Shoppers
16411,2,4.8113636363636365,2011-11-20 13:23:00,18,0,1,Occasional / Regular Shoppers
16412,1,4.533,2011-10-17 12:35:00,53,0,1,Occasional / Regular Shoppers
16413,1,8.458064516129031,2011-10-14 12:08:00,56,0,1,Occasional / Regular Shoppers
16414,2,18.035714285714285,2011-11-18 09:42:00,21,0,1,Occasional / Regular Shoppers
16415,1,4.2610638297872345,2011-10-26 13:35:00,43,0,1,Occasional / Regular Shoppers
16416,3,14.808450704225354,2011-11-13 12:50:00,26,0,1,Occasional / Regular Shoppers
16418,3,6.643368421052632,2011-10-26 12:39:00,44,0,1,Occasional / Regular Shoppers
16419,6,19.1742,2011-08-19 12:33:00,112,0,1,Occasional / Regular Shoppers
16422,51,93.99566395663958,2011-11-22 14:00:00,16,3,0,VIP / Loyal Customers
16423,1,19.22888888888889,2011-11-15 09:21:00,24,0,1,Occasional / Regular Shoppers
16424,1,26.712,2011-06-01 13:40:00,190,1,2,At-Risk / Fading Customers
16425,1,14.414285714285715,2011-02-10 14:30:00,301,1,2,At-Risk / Fading Customers
16426,10,5.279773371104816,2011-12-07 14:01:00,1,0,1,Occasional / Regular Shoppers
16427,2,26.784444444444446,2011-03-21 17:10:00,262,1,2,At-Risk / Fading Customers
16429,1,142.275,2011-08-25 13:54:00,105,0,1,Occasional / Regular Shoppers
16430,1,50.14166666666667,2011-10-13 14:47:00,56,0,1,Occasional / Regular Shoppers
16431,3,8.201052631578946,2011-05-10 14:09:00,212,1,2,At-Risk / Fading Customers
16432,1,35.925000000000004,2011-10-06 13:59:00,63,0,1,Occasional / Regular Shoppers
16433,1,10.838823529411764,2011-11-11 14:09:00,27,0,1,Occasional / Regular Shoppers
16434,7,14.128971962616822,2011-11-10 14:28:00,28,0,1,Occasional / Regular Shoppers
16438,5,6.04810606060606,2011-12-04 10:51:00,5,0,1,Occasional / Regular Shoppers
16440,5,12.91017730496454,2011-12-02 12:02:00,7,0,1,Occasional / Regular Shoppers
16441,2,15.883333333333333,2011-10-03 17:48:00,66,0,1,Occasional / Regular Shoppers
16442,3,3.563157894736842,2011-12-08 11:43:00,1,0,1,Occasional / Regular Shoppers
16444,4,7.793690476190475,2011-10-24 13:50:00,45,0,1,Occasional / Regular Shoppers
16445,1,3.658888888888889,2011-11-06 12:32:00,33,0,1,Occasional / Regular Shoppers
16446,2,56157.5,2011-12-09 09:15:00,0,2,3,High-Value Customers
16447,1,7.526764705882353,2011-07-27 12:45:00,135,0,1,Occasional / Regular Shoppers
16448,1,9.631052631578948,2011-05-25 16:28:00,197,1,2,At-Risk / Fading Customers
16449,2,17.69225,2011-05-26 10:25:00,197,1,2,At-Risk / Fading Customers
16450,1,28.35636363636364,2011-07-13 11:47:00,149,1,2,At-Risk / Fading Customers
16451,1,19.069285714285716,2011-09-13 09:17:00,87,0,1,Occasional / Regular Shoppers
16454,2,3.45,2011-10-26 11:40:00,44,0,1,Occasional / Regular Shoppers
16455,7,18.59777777777778,2011-10-07 12:17:00,63,0,1,Occasional / Regular Shoppers
16456,5,19.61981818181818,2011-09-01 13:50:00,98,0,1,Occasional / Regular Shoppers
16457,1,23.151111111111113,2011-05-05 13:19:00,217,1,2,At-Risk / Fading Customers
16458,18,17.241287128712873,2011-12-07 09:34:00,2,0,0,Occasional / Regular Shoppers
16460,3,6.145681818181818,2011-11-11 13:46:00,27,0,1,Occasional / Regular Shoppers
16461,1,4.46625,2011-06-15 12:07:00,177,1,2,At-Risk / Fading Customers
16462,3,45.333333333333336,2011-09-27 10:24:00,73,0,1,Occasional / Regular Shoppers
16463,4,17.346341463414635,2011-11-18 14:01:00,20,0,1,Occasional / Regular Shoppers
16464,3,5.646347826086957,2011-11-20 12:11:00,19,0,1,Occasional / Regular Shoppers
16466,7,10.931232876712329,2011-11-06 11:35:00,33,0,1,Occasional / Regular Shoppers
16468,1,37.45,2011-09-26 14:13:00,73,0,1,Occasional / Regular Shoppers
16469,4,3.6574269005847952,2011-11-16 12:25:00,23,0,1,Occasional / Regular Shoppers
16470,4,4.590060975609756,2011-10-19 12:11:00,51,0,1,Occasional / Regular Shoppers
16471,1,17.22692307692308,2011-03-10 09:41:00,274,1,2,At-Risk / Fading Customers
16473,3,17.561666666666667,2011-06-28 09:10:00,164,1,2,At-Risk / Fading Customers
16474,7,5.372848664688427,2011-12-02 13:02:00,6,0,1,Occasional / Regular Shoppers
16475,4,19.439285714285713,2011-09-12 14:37:00,87,0,1,Occasional / Regular Shoppers
16477,7,17.085342465753424,2011-10-07 09:44:00,63,0,1,Occasional / Regular Shoppers
16478,3,19.470588235294116,2011-11-14 15:51:00,24,0,1,Occasional / Regular Shoppers
16479,2,8.595142857142857,2011-11-29 13:40:00,9,0,1,Occasional / Regular Shoppers
16480,1,14.514905660377357,2011-09-25 11:40:00,75,0,1,Occasional / Regular Shoppers
16482,1,12.256666666666668,2011-11-24 12:33:00,15,0,1,Occasional / Regular Shoppers
16483,1,7.334210526315789,2011-05-31 13:08:00,191,1,2,At-Risk / Fading Customers
16484,2,16.172,2011-06-19 12:06:00,173,1,2,At-Risk / Fading Customers
16485,1,8.658333333333333,2011-09-23 15:50:00,76,0,1,Occasional / Regular Shoppers
16488,3,17.2,2011-11-06 13:42:00,32,0,1,Occasional / Regular Shoppers
16491,1,18.756410256410255,2011-10-24 10:18:00,46,0,1,Occasional / Regular Shoppers
16493,4,24.13625,2011-09-21 11:10:00,79,0,1,Occasional / Regular Shoppers
16494,1,16.5306,2011-02-16 12:49:00,296,1,2,At-Risk / Fading Customers
16495,3,7.366590909090909,2011-12-06 13:20:00,2,0,1,Occasional / Regular Shoppers
16496,3,16.837052631578945,2011-12-01 10:31:00,8,0,1,Occasional / Regular Shoppers
16497,6,21.80654411764706,2011-10-21 10:55:00,49,0,1,Occasional / Regular Shoppers
16498,2,6.731333333333334,2011-07-01 15:07:00,160,1,2,At-Risk / Fading Customers
16499,2,19.23421052631579,2010-12-14 13:31:00,359,1,2,At-Risk / Fading Customers
16500,6,36.441818181818185,2011-12-05 12:04:00,4,0,1,Occasional / Regular Shoppers
16503,4,17.046785714285715,2011-08-25 11:46:00,106,0,1,Occasional / Regular Shoppers
16504,1,5.613012048192771,2011-11-14 15:18:00,24,0,1,Occasional / Regular Shoppers
16505,1,194.4,2011-11-08 12:14:00,31,0,1,Occasional / Regular Shoppers
16506,2,30.100000000000005,2011-11-20 12:17:00,19,0,1,Occasional / Regular Shoppers
16509,1,27.97692307692308,2011-02-16 09:25:00,296,1,2,At-Risk / Fading Customers
16510,1,19.084615384615383,2010-12-02 13:39:00,371,1,2,At-Risk / Fading Customers
16511,3,5.7756603773584905,2011-11-18 10:41:00,21,0,1,Occasional / Regular Shoppers
16513,4,24.988285714285716,2011-12-05 10:18:00,4,0,1,Occasional / Regular Shoppers
16515,5,14.631891891891893,2011-10-18 13:10:00,51,0,1,Occasional / Regular Shoppers
16516,1,16.95,2011-11-09 14:59:00,29,0,1,Occasional / Regular Shoppers
16517,1,9.57058823529412,2011-03-07 13:50:00,276,1,2,At-Risk / Fading Customers
16518,2,12.108,2011-10-09 15:04:00,60,0,1,Occasional / Regular Shoppers
16519,2,16.544615384615383,2011-11-14 15:41:00,24,0,1,Occasional / Regular Shoppers
16520,3,6.708782051282051,2011-06-06 13:24:00,185,1,2,At-Risk / Fading Customers
16523,21,32.477482758620695,2011-12-08 09:06:00,1,0,0,Occasional / Regular Shoppers
16525,26,71.18825136612023,2011-12-07 15:07:00,1,0,0,Occasional / Regular Shoppers
16526,1,19.357333333333333,2011-06-21 12:02:00,171,1,2,At-Risk / Fading Customers
16527,1,16.29,2011-09-19 16:21:00,80,0,1,Occasional / Regular Shoppers
16528,1,14.377058823529412,2011-12-06 12:45:00,3,0,1,Occasional / Regular Shoppers
16529,1,15.175,2011-06-02 17:23:00,189,1,2,At-Risk / Fading Customers
16531,7,16.163506493506492,2011-11-17 16:29:00,21,0,1,Occasional / Regular Shoppers
16532,3,1687.2,2011-11-22 11:08:00,17,0,1,Occasional / Regular Shoppers
16533,3,6.1523295454545455,2011-11-20 13:08:00,18,0,1,Occasional / Regular Shoppers
16535,1,19.153225806451612,2011-12-04 15:18:00,4,0,1,Occasional / Regular Shoppers
16536,1,10.15037037037037,2011-08-21 15:54:00,109,0,1,Occasional / Regular Shoppers
16539,4,30.862444444444442,2011-12-07 08:41:00,2,0,1,Occasional / Regular Shoppers
16542,1,23.924,2011-10-17 10:47:00,53,0,1,Occasional / Regular Shoppers
16545,1,113.10000000000001,2011-06-28 10:37:00,164,1,2,At-Risk / Fading Customers
16546,2,31.486,2011-02-22 11:20:00,290,1,2,At-Risk / Fading Customers
16549,10,4.362054054054054,2011-11-29 15:06:00,9,0,1,Occasional / Regular Shoppers
16550,5,9.159243027888445,2011-08-23 11:12:00,108,0,1,Occasional / Regular Shoppers
16551,3,28.81625,2011-09-05 09:38:00,95,0,1,Occasional / Regular Shoppers
16552,2,22.337058823529414,2011-04-11 10:04:00,242,1,2,At-Risk / Fading Customers
16553,12,68.09309523809523,2011-06-29 15:42:00,162,0,1,Occasional / Regular Shoppers
16554,3,16.098076923076924,2011-10-28 14:51:00,41,0,1,Occasional / Regular Shoppers
16555,2,16.81705882352941,2011-11-04 14:31:00,34,0,1,Occasional / Regular Shoppers
16556,7,16.008647342995168,2011-10-04 11:36:00,66,0,1,Occasional / Regular Shoppers
16557,2,25.622727272727275,2011-11-15 14:04:00,23,0,1,Occasional / Regular Shoppers
16558,20,18.127152173913043,2011-12-09 10:20:00,0,0,0,Occasional / Regular Shoppers
16560,2,15.02517857142857,2011-11-13 10:35:00,26,0,1,Occasional / Regular Shoppers
16561,2,16.48774193548387,2011-12-04 11:50:00,5,0,1,Occasional / Regular Shoppers
16563,1,56.72315789473684,2011-10-17 11:51:00,53,0,1,Occasional / Regular Shoppers
16565,1,57.9,2010-12-10 15:21:00,363,1,2,At-Risk / Fading Customers
16566,5,34.147777777777776,2011-11-24 16:34:00,14,0,1,Occasional / Regular Shoppers
16567,2,24.731428571428573,2011-05-29 13:57:00,193,1,2,At-Risk / Fading Customers
16569,1,24.84,2011-12-06 15:32:00,2,0,1,Occasional / Regular Shoppers
16570,10,29.66984126984127,2011-11-24 17:02:00,14,0,1,Occasional / Regular Shoppers
16571,3,16.34126436781609,2011-11-13 11:46:00,26,0,1,Occasional / Regular Shoppers
16572,3,17.712280701754388,2011-08-04 16:34:00,126,0,1,Occasional / Regular Shoppers
16573,2,15.800238095238095,2011-09-16 09:13:00,84,0,1,Occasional / Regular Shoppers
16574,1,16.122857142857143,2011-09-29 13:39:00,70,0,1,Occasional / Regular Shoppers
16581,1,11.76,2011-06-10 10:05:00,182,1,2,At-Risk / Fading Customers
16582,1,52.27,2011-08-18 17:02:00,112,0,1,Occasional / Regular Shoppers
16583,1,16.675,2010-12-01 12:03:00,373,1,2,At-Risk / Fading Customers
16584,2,33.431428571428576,2011-09-20 13:45:00,79,0,1,Occasional / Regular Shoppers
16586,1,57.99375,2011-04-05 09:32:00,248,1,2,At-Risk / Fading Customers
16587,1,17.31923076923077,2011-04-21 15:51:00,231,1,2,At-Risk / Fading Customers
16589,3,13.916363636363636,2011-09-29 14:50:00,70,0,1,Occasional / Regular Shoppers
16591,1,21.35,2011-10-02 10:43:00,68,0,1,Occasional / Regular Shoppers
16592,16,19.044814814814817,2011-12-05 13:49:00,3,0,0,Occasional / Regular Shoppers
16593,3,12.223333333333333,2011-10-20 12:41:00,50,0,1,Occasional / Regular Shoppers
16594,1,3.416792452830189,2011-09-25 14:08:00,74,0,1,Occasional / Regular Shoppers
16595,1,4.237176470588236,2011-10-09 13:15:00,60,0,1,Occasional / Regular Shoppers
16596,2,20.845833333333335,2011-11-24 10:02:00,15,0,1,Occasional / Regular Shoppers
16597,1,12.862857142857143,2011-12-05 15:44:00,3,0,1,Occasional / Regular Shoppers
16598,1,14.505,2011-02-27 11:42:00,285,1,2,At-Risk / Fading Customers
16600,6,13.121290322580645,2011-12-05 16:00:00,3,0,1,Occasional / Regular Shoppers
16601,1,8.09,2011-10-30 11:09:00,40,0,1,Occasional / Regular Shoppers
16602,1,18.209655172413793,2011-11-03 15:54:00,35,0,1,Occasional / Regular Shoppers
16603,2,14.19029411764706,2011-09-26 10:06:00,74,0,1,Occasional / Regular Shoppers
16607,14,19.46343023255814,2011-11-22 10:24:00,17,0,1,Occasional / Regular Shoppers
16609,7,19.903840579710145,2011-11-24 13:32:00,14,0,1,Occasional / Regular Shoppers
16610,1,12.61,2011-05-04 13:13:00,218,1,2,At-Risk / Fading Customers
16611,1,12.949000000000002,2011-06-06 15:46:00,185,1,2,At-Risk / Fading Customers
16612,4,17.994848484848486,2011-11-07 07:38:00,32,0,1,Occasional / Regular Shoppers
16613,1,20.619666666666667,2011-09-30 15:52:00,69,0,1,Occasional / Regular Shoppers
16614,1,19.468846153846155,2011-06-10 11:36:00,182,1,2,At-Risk / Fading Customers
16616,2,15.164242424242424,2011-11-24 16:31:00,14,0,1,Occasional / Regular Shoppers
16617,1,30.369999999999997,2011-04-18 10:35:00,235,1,2,At-Risk / Fading Customers
16618,5,27.579062500000003,2011-11-08 13:52:00,30,0,1,Occasional / Regular Shoppers
16619,1,16.157857142857143,2011-03-21 08:18:00,263,1,2,At-Risk / Fading Customers
16620,2,19.884444444444444,2011-12-06 12:19:00,3,0,1,Occasional / Regular Shoppers
16621,4,28.05103448275862,2011-10-19 11:38:00,51,0,1,Occasional / Regular Shoppers
16623,1,25.890000000000004,2011-04-08 10:09:00,245,1,2,At-Risk / Fading Customers
16624,2,16.886875,2011-09-20 12:39:00,80,0,1,Occasional / Regular Shoppers
16625,1,14.481739130434782,2011-03-10 12:50:00,274,1,2,At-Risk / Fading Customers
16626,17,24.65418994413408,2011-12-09 11:56:00,0,0,0,Occasional / Regular Shoppers
16627,1,16.14,2011-09-21 14:38:00,78,0,1,Occasional / Regular Shoppers
16628,5,18.701282051282053,2011-11-10 12:45:00,29,0,1,Occasional / Regular Shoppers
16629,2,6.8105,2011-09-27 10:34:00,73,0,1,Occasional / Regular Shoppers
16633,6,18.967763157894737,2011-11-22 13:41:00,16,0,1,Occasional / Regular Shoppers
16634,2,24.211111111111112,2011-05-01 12:09:00,222,1,2,At-Risk / Fading Customers
16637,4,16.73144927536232,2011-11-07 13:17:00,31,0,1,Occasional / Regular Shoppers
16638,10,17.88,2011-11-17 11:09:00,22,0,1,Occasional / Regular Shoppers
16639,3,25.150199999999998,2011-11-08 13:20:00,30,0,1,Occasional / Regular Shoppers
16641,1,19.258333333333333,2011-08-26 12:49:00,105,0,1,Occasional / Regular Shoppers
16642,2,20.245,2011-12-05 11:31:00,4,0,1,Occasional / Regular Shoppers
16643,1,18.055925925925926,2011-04-08 08:24:00,245,1,2,At-Risk / Fading Customers
16644,2,13.448064516129032,2011-06-15 12:39:00,177,1,2,At-Risk / Fading Customers
16647,2,15.290000000000001,2011-06-23 11:47:00,169,1,2,At-Risk / Fading Customers
16648,1,15.297894736842107,2011-10-28 08:58:00,42,0,1,Occasional / Regular Shoppers
16650,1,21.60083333333333,2011-09-29 09:51:00,71,0,1,Occasional / Regular Shoppers
16652,7,57.406525423728816,2011-10-12 09:38:00,58,0,1,Occasional / Regular Shoppers
16653,2,17.574782608695653,2011-11-23 14:51:00,15,0,1,Occasional / Regular Shoppers
16654,4,20.733448275862067,2011-07-21 15:23:00,140,0,1,Occasional / Regular Shoppers
16655,6,14.688062015503876,2011-11-22 11:25:00,17,0,1,Occasional / Regular Shoppers
16656,15,118.16164383561643,2011-11-17 14:43:00,21,0,0,Occasional / Regular Shoppers
16657,4,4.554322916666666,2011-11-30 11:48:00,9,0,1,Occasional / Regular Shoppers
16658,1,15.405,2010-12-06 13:47:00,367,1,2,At-Risk / Fading Customers
16659,1,19.56,2011-06-03 15:03:00,188,1,2,At-Risk / Fading Customers
16660,4,79.228125,2011-11-23 14:53:00,15,0,1,Occasional / Regular Shoppers
16665,1,15.044444444444444,2010-12-12 14:03:00,361,1,2,At-Risk / Fading Customers
16666,1,3.718125,2011-11-20 14:01:00,18,0,1,Occasional / Regular Shoppers
16667,2,10.907307692307693,2011-10-02 15:26:00,67,0,1,Occasional / Regular Shoppers
16668,6,15.336000000000002,2011-11-24 17:43:00,14,0,1,Occasional / Regular Shoppers
16669,3,8.646666666666667,2011-11-16 12:26:00,23,0,1,Occasional / Regular Shoppers
16670,11,16.25357142857143,2011-11-23 09:34:00,16,0,1,Occasional / Regular Shoppers
16671,3,282.045,2011-11-11 13:40:00,27,0,1,Occasional / Regular Shoppers
16672,20,71.35912280701754,2011-12-07 16:29:00,1,0,0,Occasional / Regular Shoppers
16674,2,3.2713978494623657,2011-10-16 11:31:00,54,0,1,Occasional / Regular Shoppers
16676,4,17.888988764044942,2011-11-06 12:01:00,33,0,1,Occasional / Regular Shoppers
16678,12,19.07969325153374,2011-12-07 12:17:00,2,0,1,Occasional / Regular Shoppers
16679,1,43.25,2010-12-08 13:51:00,365,1,2,At-Risk / Fading Customers
16680,1,18.369999999999997,2011-10-27 17:35:00,42,0,1,Occasional / Regular Shoppers
16681,6,40.23500000000001,2011-09-28 11:11:00,72,0,1,Occasional / Regular Shoppers
16682,5,34.266666666666666,2011-12-05 12:13:00,4,0,1,Occasional / Regular Shoppers
16684,28,240.6265703971119,2011-12-05 14:06:00,3,0,0,Occasional / Regular Shoppers
16685,2,5.2296774193548385,2011-10-09 13:58:00,60,0,1,Occasional / Regular Shoppers
16686,7,5.440955882352942,2011-10-23 13:49:00,46,0,1,Occasional / Regular Shoppers
16688,4,20.33645161290323,2011-12-08 15:24:00,0,0,1,Occasional / Regular Shoppers
16689,2,32.50769230769231,2011-09-25 11:39:00,75,0,1,Occasional / Regular Shoppers
16690,2,18.798333333333336,2011-09-28 15:02:00,71,0,1,Occasional / Regular Shoppers
16692,2,425.3333333333333,2011-03-28 14:46:00,255,1,2,At-Risk / Fading Customers
16693,2,8.099322033898305,2011-10-02 11:10:00,68,0,1,Occasional / Regular Shoppers
16696,4,65.78999999999999,2011-07-27 14:23:00,134,0,1,Occasional / Regular Shoppers
16697,1,5.369047619047619,2011-04-12 17:12:00,240,1,2,At-Risk / Fading Customers
16698,2,399.6,2011-04-27 10:52:00,226,1,2,At-Risk / Fading Customers
16700,13,16.482305194805196,2011-12-01 11:00:00,8,0,1,Occasional / Regular Shoppers
16701,13,37.488194444444446,2011-12-01 11:10:00,8,0,1,Occasional / Regular Shoppers
16705,20,51.98144444444444,2011-12-09 12:08:00,0,0,0,Occasional / Regular Shoppers
16706,3,4.319918699186992,2011-11-02 13:50:00,36,0,1,Occasional / Regular Shoppers
16708,1,24.31962962962963,2011-10-25 12:20:00,45,0,1,Occasional / Regular Shoppers
16709,5,38.35278481012658,2011-09-16 10:56:00,84,0,1,Occasional / Regular Shoppers
16710,10,6.263934010152285,2011-11-20 14:50:00,18,0,1,Occasional / Regular Shoppers
16711,5,75.04681818181818,2011-12-06 16:32:00,2,0,1,Occasional / Regular Shoppers
16712,11,8.245,2011-11-30 13:48:00,8,0,1,Occasional / Regular Shoppers
16713,15,11.164426494345719,2011-11-21 12:36:00,18,0,0,Occasional / Regular Shoppers
16714,3,12.977701149425286,2011-05-05 11:09:00,218,1,2,At-Risk / Fading Customers
16715,1,15.879999999999999,2011-09-22 18:15:00,77,0,1,Occasional / Regular Shoppers
16716,2,450.6,2011-03-18 10:03:00,266,1,2,At-Risk / Fading Customers
16717,6,19.40949494949495,2011-11-16 12:16:00,23,0,1,Occasional / Regular Shoppers
16718,1,13.773863636363638,2010-12-05 13:03:00,368,1,2,At-Risk / Fading Customers
16719,7,9.031734693877551,2011-11-25 09:27:00,14,0,1,Occasional / Regular Shoppers
16720,1,6.117999999999999,2011-11-13 16:22:00,25,0,1,Occasional / Regular Shoppers
16721,1,7.904594594594595,2011-03-22 16:08:00,261,1,2,At-Risk / Fading Customers
16722,13,21.025822222222224,2011-11-22 13:28:00,16,0,1,Occasional / Regular Shoppers
16723,2,13.723809523809523,2011-09-09 13:01:00,90,0,1,Occasional / Regular Shoppers
16725,7,5.229448275862069,2011-02-10 16:52:00,301,1,2,At-Risk / Fading Customers
16726,5,7.633370786516854,2011-11-13 14:53:00,25,0,1,Occasional / Regular Shoppers
16727,1,5.825454545454545,2010-12-10 13:48:00,363,1,2,At-Risk / Fading Customers
16728,4,3.9858555133079845,2011-10-24 14:36:00,45,0,1,Occasional / Regular Shoppers
16729,21,10.983734756097562,2011-11-01 14:29:00,37,0,0,Occasional / Regular Shoppers
16730,3,9.062317073170732,2011-10-18 14:11:00,51,0,1,Occasional / Regular Shoppers
16732,1,21.5625,2011-11-08 09:54:00,31,0,1,Occasional / Regular Shoppers
16734,3,12.437692307692307,2011-10-18 13:44:00,51,0,1,Occasional / Regular Shoppers
16735,5,19.374224137931034,2011-09-22 11:49:00,78,0,1,Occasional / Regular Shoppers
16737,1,417.6,2011-10-17 13:03:00,52,0,1,Occasional / Regular Shoppers
16738,1,3.75,2011-02-15 09:46:00,297,1,2,At-Risk / Fading Customers
16739,1,24.846153846153847,2011-06-16 09:17:00,176,1,2,At-Risk / Fading Customers
16742,1,464.9,2011-10-24 12:02:00,46,0,1,Occasional / Regular Shoppers
16743,7,11.648052631578947,2011-11-10 13:13:00,28,0,1,Occasional / Regular Shoppers
16744,7,5.4741949152542375,2011-11-28 13:06:00,10,0,1,Occasional / Regular Shoppers
16745,17,20.227323943661972,2011-09-14 11:58:00,86,0,0,Occasional / Regular Shoppers
16746,18,15.045292792792791,2011-12-05 12:33:00,4,0,0,Occasional / Regular Shoppers
16747,2,19.906190476190478,2011-11-02 11:37:00,37,0,1,Occasional / Regular Shoppers
16748,5,21.969565217391306,2011-11-22 10:17:00,17,0,1,Occasional / Regular Shoppers
16750,5,6.567684210526315,2011-10-26 12:48:00,44,0,1,Occasional / Regular Shoppers
16751,1,70.5888,2011-11-09 10:48:00,30,0,1,Occasional / Regular Shoppers
16752,1,23.055555555555557,2010-12-02 12:18:00,372,1,2,At-Risk / Fading Customers
16753,1,6.5858823529411765,2011-10-12 13:14:00,57,0,1,Occasional / Regular Shoppers
16754,1,1001.2,2010-12-02 17:38:00,371,1,2,At-Risk / Fading Customers
16755,3,8.942,2011-08-17 13:21:00,113,0,1,Occasional / Regular Shoppers
16756,1,18.415384615384617,2011-05-09 09:33:00,214,1,2,At-Risk / Fading Customers
16757,1,15.261428571428572,2011-01-25 11:59:00,318,1,2,At-Risk / Fading Customers
16758,1,16.78818181818182,2011-10-05 14:47:00,64,0,1,Occasional / Regular Shoppers
16759,3,18.804523809523808,2011-12-02 12:42:00,7,0,1,Occasional / Regular Shoppers
16761,1,24.355384615384615,2011-09-04 11:15:00,96,0,1,Occasional / Regular Shoppers
16762,3,19.162539682539684,2011-11-20 11:43:00,19,0,1,Occasional / Regular Shoppers
16763,1,26.602173913043476,2011-05-25 11:52:00,198,1,2,At-Risk / Fading Customers
16764,13,3.987071428571429,2011-12-06 11:41:00,3,0,1,Occasional / Regular Shoppers
16765,1,34.0,2011-02-18 15:41:00,293,1,2,At-Risk / Fading Customers
16766,2,33.69411764705882,2011-03-11 15:22:00,272,1,2,At-Risk / Fading Customers
16767,11,25.22877828054299,2011-11-09 09:42:00,30,0,1,Occasional / Regular Shoppers
16768,3,8.85351851851852,2011-10-23 10:38:00,47,0,1,Occasional / Regular Shoppers
16769,1,9.51421052631579,2011-03-24 13:41:00,259,1,2,At-Risk / Fading Customers
16770,5,5.407857142857143,2011-10-13 12:21:00,57,0,1,Occasional / Regular Shoppers
16771,5,8.829173228346457,2011-11-06 13:28:00,32,0,1,Occasional / Regular Shoppers
16773,1,6.599615384615385,2011-10-13 14:37:00,56,0,1,Occasional / Regular Shoppers
16774,4,13.781666666666666,2011-10-03 12:41:00,67,0,1,Occasional / Regular Shoppers
16775,11,10.773949044585986,2011-11-29 15:22:00,9,0,1,Occasional / Regular Shoppers
16776,1,5.232957746478873,2011-10-10 13:04:00,59,0,1,Occasional / Regular Shoppers
16777,2,4.6379166666666665,2011-09-20 13:41:00,79,0,1,Occasional / Regular Shoppers
16778,2,15.37125,2011-09-26 13:48:00,73,0,1,Occasional / Regular Shoppers
16779,22,32.05957703927492,2011-12-07 14:54:00,1,0,0,Occasional / Regular Shoppers
16780,2,7.156610169491525,2011-08-31 16:09:00,99,0,1,Occasional / Regular Shoppers
16781,1,18.308823529411764,2010-12-02 14:26:00,371,1,2,At-Risk / Fading Customers
16782,13,12.393169398907105,2011-11-29 13:20:00,9,0,1,Occasional / Regular Shoppers
16784,1,35.86666666666667,2011-11-20 12:20:00,19,0,1,Occasional / Regular Shoppers
16788,2,4.016148648648649,2011-08-08 14:53:00,122,0,1,Occasional / Regular Shoppers
16789,1,16.160000000000004,2011-12-01 15:12:00,7,0,1,Occasional / Regular Shoppers
16790,6,16.61956989247312,2011-12-06 11:53:00,3,0,1,Occasional / Regular Shoppers
16791,7,5.432420382165605,2011-11-10 19:12:00,28,0,1,Occasional / Regular Shoppers
16792,2,9.198333333333332,2011-03-02 14:41:00,281,1,2,At-Risk / Fading Customers
16793,1,15.24,2011-10-13 15:08:00,56,0,1,Occasional / Regular Shoppers
16794,10,4.303956834532374,2011-12-08 17:54:00,0,0,1,Occasional / Regular Shoppers
16795,1,6.286060606060606,2010-12-09 14:08:00,364,1,2,At-Risk / Fading Customers
16796,1,16.97888888888889,2011-09-11 14:01:00,88,0,1,Occasional / Regular Shoppers
16800,1,7.452884615384616,2011-11-28 14:06:00,10,0,1,Occasional / Regular Shoppers
16801,4,21.2564,2011-06-29 15:33:00,162,1,2,At-Risk / Fading Customers
16803,1,13.845833333333333,2011-10-05 14:28:00,64,0,1,Occasional / Regular Shoppers
16804,3,8.949833333333334,2011-11-16 16:43:00,22,0,1,Occasional / Regular Shoppers
16805,2,4.699897959183674,2011-06-19 11:23:00,173,1,2,At-Risk / Fading Customers
16806,4,8.195268817204301,2011-08-28 15:27:00,102,0,1,Occasional / Regular Shoppers
16807,3,16.740149253731342,2011-07-20 12:00:00,142,0,1,Occasional / Regular Shoppers
16808,2,12.540000000000001,2011-09-01 19:34:00,98,0,1,Occasional / Regular Shoppers
16809,5,6.138859060402685,2011-11-16 15:45:00,22,0,1,Occasional / Regular Shoppers
16810,1,20.636000000000003,2011-05-31 15:32:00,191,1,2,At-Risk / Fading Customers
16811,2,19.538214285714286,2011-12-05 11:39:00,4,0,1,Occasional / Regular Shoppers
16812,1,31.956666666666667,2010-12-14 12:35:00,360,1,2,At-Risk / Fading Customers
16813,10,3.878356807511737,2011-12-01 14:03:00,7,0,1,Occasional / Regular Shoppers
16814,21,20.115047021943575,2011-11-25 13:27:00,13,0,0,Occasional / Regular Shoppers
16816,4,14.895,2011-08-28 14:16:00,102,0,1,Occasional / Regular Shoppers
16817,9,18.65988372093023,2011-12-07 11:03:00,2,0,1,Occasional / Regular Shoppers
16818,11,17.81686170212766,2011-11-29 10:41:00,10,0,1,Occasional / Regular Shoppers
16820,1,19.138846153846153,2011-09-05 12:06:00,95,0,1,Occasional / Regular Shoppers
16823,1,9.431052631578947,2011-04-26 15:00:00,226,1,2,At-Risk / Fading Customers
16824,2,17.716923076923077,2011-11-24 12:38:00,15,0,1,Occasional / Regular Shoppers
16825,2,27.685,2011-11-01 11:51:00,38,0,1,Occasional / Regular Shoppers
16826,1,15.531818181818181,2011-10-19 14:05:00,50,0,1,Occasional / Regular Shoppers
16828,2,16.0625,2011-09-07 15:10:00,92,0,1,Occasional / Regular Shoppers
16829,1,17.92909090909091,2011-07-06 10:48:00,156,1,2,At-Risk / Fading Customers
16830,1,14.170000000000002,2011-11-01 11:35:00,38,0,1,Occasional / Regular Shoppers
16832,3,16.595833333333335,2011-06-08 15:36:00,183,1,2,At-Risk / Fading Customers
16833,4,23.5431914893617,2011-12-08 14:39:00,0,0,1,Occasional / Regular Shoppers
16834,1,17.2275,2011-04-26 09:37:00,227,1,2,At-Risk / Fading Customers
16835,2,18.085,2011-08-03 13:50:00,127,0,1,Occasional / Regular Shoppers
16836,2,22.89727272727273,2011-10-31 10:05:00,39,0,1,Occasional / Regular Shoppers
16837,11,19.218060606060607,2011-11-08 14:27:00,30,0,1,Occasional / Regular Shoppers
16838,2,23.554000000000002,2011-05-26 13:13:00,196,1,2,At-Risk / Fading Customers
16839,34,62.38477443609022,2011-12-01 09:03:00,8,0,0,Occasional / Regular Shoppers
16841,6,16.119137931034484,2011-11-03 11:51:00,36,0,1,Occasional / Regular Shoppers
16842,3,20.066507936507936,2011-08-31 10:42:00,100,0,1,Occasional / Regular Shoppers
16843,16,26.97505291005291,2011-10-28 09:06:00,42,0,0,Occasional / Regular Shoppers
16846,1,19.483636363636364,2011-10-20 13:55:00,49,0,1,Occasional / Regular Shoppers
16847,1,16.12,2011-10-27 13:29:00,42,0,1,Occasional / Regular Shoppers
16848,1,20.101428571428574,2011-10-18 08:42:00,52,0,1,Occasional / Regular Shoppers
16849,1,15.57125,2011-06-06 09:16:00,186,1,2,At-Risk / Fading Customers
16850,1,17.495263157894737,2011-01-10 11:09:00,333,1,2,At-Risk / Fading Customers
16851,3,17.1225,2011-12-05 13:32:00,3,0,1,Occasional / Regular Shoppers
16852,2,16.10111111111111,2011-11-29 13:22:00,9,0,1,Occasional / Regular Shoppers
16855,2,17.284210526315793,2011-11-16 12:03:00,23,0,1,Occasional / Regular Shoppers
16856,1,17.700000000000003,2011-11-25 08:59:00,14,0,1,Occasional / Regular Shoppers
16858,1,37.569,2010-12-06 09:52:00,368,1,2,At-Risk / Fading Customers
16859,2,14.380961538461538,2011-07-18 12:19:00,144,1,2,At-Risk / Fading Customers
16861,2,28.959999999999997,2011-10-11 09:05:00,59,0,1,Occasional / Regular Shoppers
16863,2,19.338461538461537,2011-11-08 15:26:00,30,0,1,Occasional / Regular Shoppers
16866,3,18.885454545454547,2011-07-22 10:06:00,140,0,1,Occasional / Regular Shoppers
16869,4,6.434015748031496,2011-11-17 12:02:00,22,0,1,Occasional / Regular Shoppers
16871,6,20.528029197080293,2011-11-17 19:27:00,21,0,1,Occasional / Regular Shoppers
16872,3,97.14571428571428,2011-09-23 16:05:00,76,0,1,Occasional / Regular Shoppers
16873,6,25.53268817204301,2011-12-05 12:05:00,4,0,1,Occasional / Regular Shoppers
16875,5,18.710089285714286,2011-10-03 13:39:00,66,0,1,Occasional / Regular Shoppers
16877,6,5.427051282051282,2011-11-27 13:47:00,11,0,1,Occasional / Regular Shoppers
16878,1,4.433333333333334,2011-09-16 17:39:00,83,0,1,Occasional / Regular Shoppers
16880,7,8.571436781609195,2011-11-09 11:33:00,30,0,1,Occasional / Regular Shoppers
16881,1,432.0,2011-10-04 10:33:00,66,0,1,Occasional / Regular Shoppers
16882,3,18.080000000000002,2011-10-04 10:42:00,66,0,1,Occasional / Regular Shoppers
16883,2,7.364324324324325,2011-06-05 12:51:00,186,1,2,At-Risk / Fading Customers
16884,2,16.53230769230769,2011-11-02 11:52:00,37,0,1,Occasional / Regular Shoppers
16885,3,4.691770833333334,2011-11-24 13:40:00,14,0,1,Occasional / Regular Shoppers
16887,1,5.342499999999999,2011-11-04 14:07:00,34,0,1,Occasional / Regular Shoppers
16889,3,11.693851851851852,2011-05-29 11:05:00,194,1,2,At-Risk / Fading Customers
16891,5,3.991559139784946,2011-12-08 11:15:00,1,0,1,Occasional / Regular Shoppers
16892,5,5.3421649484536085,2011-12-08 13:18:00,0,0,1,Occasional / Regular Shoppers
16893,1,3.242888888888889,2010-12-08 12:06:00,366,1,2,At-Risk / Fading Customers
16895,1,3.26241935483871,2011-10-06 12:15:00,64,0,1,Occasional / Regular Shoppers
16897,2,7.831891891891891,2011-02-13 15:02:00,298,1,2,At-Risk / Fading Customers
16898,3,3.1912738853503186,2011-11-13 15:44:00,25,0,1,Occasional / Regular Shoppers
16899,6,10.333821138211382,2011-12-02 12:03:00,7,0,1,Occasional / Regular Shoppers
16900,3,11.229240506329115,2011-11-23 10:32:00,16,0,1,Occasional / Regular Shoppers
16902,1,38.79272727272728,2011-08-15 14:17:00,115,0,1,Occasional / Regular Shoppers
16903,1,6.485714285714286,2011-11-10 15:32:00,28,0,1,Occasional / Regular Shoppers
16904,16,5.4943609022556394,2011-12-05 13:10:00,3,0,0,Occasional / Regular Shoppers
16905,7,15.2643216080402,2011-12-04 14:01:00,4,0,1,Occasional / Regular Shoppers
16906,4,6.506860465116279,2011-09-19 11:49:00,81,0,1,Occasional / Regular Shoppers
16907,5,6.634,2011-11-10 18:04:00,28,0,1,Occasional / Regular Shoppers
16909,1,21.063333333333333,2011-09-28 16:45:00,71,0,1,Occasional / Regular Shoppers
16910,8,2.7687339449541284,2011-12-05 12:51:00,3,0,1,Occasional / Regular Shoppers
16912,11,25.555799999999998,2011-11-11 12:18:00,28,0,1,Occasional / Regular Shoppers
16913,1,14.18,2011-02-22 12:56:00,289,1,2,At-Risk / Fading Customers
16914,1,6.125333333333333,2011-11-03 15:27:00,35,0,1,Occasional / Regular Shoppers
16915,6,10.906666666666668,2011-11-30 16:39:00,8,0,1,Occasional / Regular Shoppers
16916,2,4.135367647058823,2011-11-16 12:08:00,23,0,1,Occasional / Regular Shoppers
16917,1,43.50222222222222,2011-03-08 11:55:00,276,1,2,At-Risk / Fading Customers
16918,6,8.35015625,2011-10-21 12:50:00,49,0,1,Occasional / Regular Shoppers
16919,11,7.951687116564417,2011-07-06 13:35:00,155,0,1,Occasional / Regular Shoppers
16921,1,2.8032727272727276,2011-10-09 16:22:00,60,0,1,Occasional / Regular Shoppers
16923,19,11.292460063897764,2011-11-27 13:00:00,11,0,0,Occasional / Regular Shoppers
16924,3,10.245555555555555,2011-11-18 12:53:00,20,0,1,Occasional / Regular Shoppers
16926,1,16.446428571428573,2010-12-03 13:42:00,370,1,2,At-Risk / Fading Customers
16927,3,90.50833333333333,2011-08-16 11:10:00,115,0,1,Occasional / Regular Shoppers
16928,17,13.797549019607843,2011-09-20 15:10:00,79,0,0,Occasional / Regular Shoppers
16929,7,16.823246753246753,2011-12-06 08:37:00,3,0,1,Occasional / Regular Shoppers
16930,3,7.148867924528302,2011-11-13 16:13:00,25,0,1,Occasional / Regular Shoppers
16931,21,5.140936794582393,2011-12-04 13:15:00,4,0,0,Occasional / Regular Shoppers
16932,1,3.129791666666667,2011-10-17 14:12:00,52,0,1,Occasional / Regular Shoppers
16933,2,12.800681818181818,2011-12-08 12:54:00,0,0,1,Occasional / Regular Shoppers
16934,2,15.262786885245902,2011-10-16 12:40:00,54,0,1,Occasional / Regular Shoppers
16936,1,4.676785714285714,2011-11-14 11:04:00,25,0,1,Occasional / Regular Shoppers
16938,4,11.539063829787235,2011-12-01 10:20:00,8,0,1,Occasional / Regular Shoppers
16940,3,9.99960655737705,2011-10-18 13:15:00,51,0,1,Occasional / Regular Shoppers
16942,9,6.877220216606498,2011-11-27 12:40:00,12,0,1,Occasional / Regular Shoppers
16943,3,24.74939393939394,2011-05-12 11:57:00,211,1,2,At-Risk / Fading Customers
16945,19,17.451807228915662,2011-11-18 11:39:00,21,0,0,Occasional / Regular Shoppers
16947,1,19.356190476190477,2011-04-18 09:38:00,235,1,2,At-Risk / Fading Customers
16948,3,22.89578947368421,2011-07-24 12:46:00,138,0,1,Occasional / Regular Shoppers
16949,6,21.437833333333334,2011-12-06 11:07:00,3,0,1,Occasional / Regular Shoppers
16950,3,28.06095238095238,2011-10-14 09:06:00,56,0,1,Occasional / Regular Shoppers
16951,3,14.857558139534884,2011-07-28 12:05:00,134,0,1,Occasional / Regular Shoppers
16952,2,10.475625,2011-08-22 13:03:00,108,0,1,Occasional / Regular Shoppers
16953,1,20.8,2011-11-09 15:54:00,29,0,1,Occasional / Regular Shoppers
16954,9,38.61259259259259,2011-12-09 09:46:00,0,0,1,Occasional / Regular Shoppers
16955,4,20.746799999999997,2011-06-08 10:36:00,184,1,2,At-Risk / Fading Customers
16956,1,19.29625,2011-11-22 08:56:00,17,0,1,Occasional / Regular Shoppers
16957,2,26.04,2011-04-14 13:56:00,238,1,2,At-Risk / Fading Customers
16959,1,16.764285714285716,2011-09-13 15:03:00,86,0,1,Occasional / Regular Shoppers
16960,3,5.02029702970297,2011-11-01 11:35:00,38,0,1,Occasional / Regular Shoppers
16961,1,16.726428571428574,2011-08-15 13:46:00,115,0,1,Occasional / Regular Shoppers
16963,1,15.792857142857144,2011-06-05 13:48:00,186,1,2,At-Risk / Fading Customers
16965,1,7.738076923076923,2011-04-27 12:08:00,226,1,2,At-Risk / Fading Customers
16966,7,76.96321428571427,2011-12-01 13:40:00,7,0,1,Occasional / Regular Shoppers
16967,1,15.19142857142857,2011-06-03 14:24:00,188,1,2,At-Risk / Fading Customers
16968,2,14.175161290322581,2011-12-05 15:02:00,3,0,1,Occasional / Regular Shoppers
16969,3,15.48595238095238,2011-10-31 13:12:00,38,0,1,Occasional / Regular Shoppers
16971,1,8.712439024390243,2011-11-01 15:06:00,37,0,1,Occasional / Regular Shoppers
16976,1,125.75999999999999,2011-03-17 16:33:00,266,1,2,At-Risk / Fading Customers
16978,1,8.828974358974358,2011-09-23 12:50:00,77,0,1,Occasional / Regular Shoppers
16979,6,20.808988764044944,2011-12-06 12:21:00,3,0,1,Occasional / Regular Shoppers
16980,2,12.697037037037038,2011-03-29 16:36:00,254,1,2,At-Risk / Fading Customers
16982,1,17.457272727272727,2011-10-10 12:28:00,60,0,1,Occasional / Regular Shoppers
16983,7,13.327762237762236,2011-11-27 12:10:00,12,0,1,Occasional / Regular Shoppers
16984,2,11.148800000000001,2011-09-12 13:43:00,87,0,1,Occasional / Regular Shoppers
16985,10,45.53433333333333,2011-11-22 13:33:00,16,0,1,Occasional / Regular Shoppers
16986,2,624.4,2011-11-10 11:55:00,29,0,1,Occasional / Regular Shoppers
16987,7,12.63125,2011-12-06 17:26:00,2,0,1,Occasional / Regular Shoppers
16988,1,18.017142857142858,2011-12-04 16:02:00,4,0,1,Occasional / Regular Shoppers
16989,6,94.4375,2011-12-02 16:39:00,6,0,1,Occasional / Regular Shoppers
16990,1,179.0,2011-05-05 08:30:00,218,1,2,At-Risk / Fading Customers
16992,5,17.358172043010754,2011-11-29 11:50:00,10,0,1,Occasional / Regular Shoppers
16996,6,39.3772972972973,2011-11-09 16:43:00,29,0,1,Occasional / Regular Shoppers
16997,3,58.5,2011-02-24 17:28:00,287,1,2,At-Risk / Fading Customers
16998,4,73.75,2011-07-13 09:44:00,149,1,1,At-Risk / Fading Customers
16999,2,21.07913043478261,2011-11-16 13:53:00,22,0,1,Occasional / Regular Shoppers
17001,11,23.606923076923078,2011-12-09 09:38:00,0,0,1,Occasional / Regular Shoppers
17002,3,30.484285714285715,2011-09-15 12:40:00,85,0,1,Occasional / Regular Shoppers
17004,2,30.51488372093023,2011-10-24 14:25:00,45,0,1,Occasional / Regular Shoppers
17006,4,17.76772727272727,2011-12-05 12:09:00,4,0,1,Occasional / Regular Shoppers
17007,6,17.114038461538463,2011-10-20 10:47:00,50,0,1,Occasional / Regular Shoppers
17010,1,17.76,2011-11-21 14:49:00,17,0,1,Occasional / Regular Shoppers
17011,1,18.06,2011-11-09 13:30:00,29,0,1,Occasional / Regular Shoppers
17014,3,8.103194444444446,2011-12-01 14:09:00,7,0,1,Occasional / Regular Shoppers
17015,3,8.59163551401869,2011-11-11 10:45:00,28,0,1,Occasional / Regular Shoppers
17017,20,34.50103174603175,2011-12-07 09:32:00,2,0,0,Occasional / Regular Shoppers
17018,2,57.50625,2011-10-30 11:42:00,40,0,1,Occasional / Regular Shoppers
17019,4,5.517894736842105,2011-11-28 13:06:00,10,0,1,Occasional / Regular Shoppers
17022,1,10.142857142857142,2011-11-08 17:09:00,30,0,1,Occasional / Regular Shoppers
17024,3,31.95,2011-10-25 13:47:00,44,0,1,Occasional / Regular Shoppers
17025,3,39.75222222222222,2011-10-10 09:06:00,60,0,1,Occasional / Regular Shoppers
17026,2,38.7075,2011-06-07 14:28:00,184,1,2,At-Risk / Fading Customers
17027,6,5.92945945945946,2011-09-22 12:24:00,78,0,1,Occasional / Regular Shoppers
17029,2,358.0,2011-08-21 11:06:00,110,0,1,Occasional / Regular Shoppers
17030,1,13.351818181818182,2011-10-07 08:49:00,63,0,1,Occasional / Regular Shoppers
17031,2,17.288636363636364,2011-11-28 10:23:00,11,0,1,Occasional / Regular Shoppers
17033,3,36.79071428571429,2011-09-14 14:34:00,85,0,1,Occasional / Regular Shoppers
17034,3,24.850666666666665,2011-11-23 15:14:00,15,0,1,Occasional / Regular Shoppers
17035,2,15.483214285714286,2011-04-08 11:23:00,245,1,2,At-Risk / Fading Customers
17037,1,16.8976,2011-09-13 12:49:00,87,0,1,Occasional / Regular Shoppers
17038,1,5.109090909090909,2011-11-09 13:50:00,29,0,1,Occasional / Regular Shoppers
17040,1,29.982000000000003,2011-07-25 10:19:00,137,0,1,Occasional / Regular Shoppers
17041,3,15.528840579710145,2011-11-13 11:21:00,26,0,1,Occasional / Regular Shoppers
17042,5,10.686391752577318,2011-12-07 12:26:00,2,0,1,Occasional / Regular Shoppers
17043,4,17.01156862745098,2011-11-07 15:33:00,31,0,1,Occasional / Regular Shoppers
17044,1,158.08,2011-11-14 14:28:00,24,0,1,Occasional / Regular Shoppers
17045,3,15.42909090909091,2011-08-18 17:09:00,112,0,1,Occasional / Regular Shoppers
17046,1,29.182727272727274,2011-07-05 14:24:00,156,1,2,At-Risk / Fading Customers
17047,3,16.93692307692308,2011-09-15 13:27:00,84,0,1,Occasional / Regular Shoppers
17048,3,21.519767441860466,2011-08-14 11:49:00,117,0,1,Occasional / Regular Shoppers
17049,9,17.839211356466876,2011-12-07 10:48:00,2,0,1,Occasional / Regular Shoppers
17050,6,10.342987012987013,2011-09-04 13:48:00,95,0,1,Occasional / Regular Shoppers
17051,1,5.73547619047619,2011-05-29 14:13:00,193,1,2,At-Risk / Fading Customers
17052,1,4.808313253012048,2011-11-11 14:50:00,27,0,1,Occasional / Regular Shoppers
17053,1,38.34461538461539,2011-08-01 10:23:00,130,0,1,Occasional / Regular Shoppers
17054,5,16.34132530120482,2011-11-11 12:56:00,27,0,1,Occasional / Regular Shoppers
17058,3,19.030483870967743,2011-09-19 10:13:00,81,0,1,Occasional / Regular Shoppers
17059,5,5.9929766536964975,2011-11-10 12:27:00,29,0,1,Occasional / Regular Shoppers
17060,1,46.848,2011-03-18 13:27:00,265,1,2,At-Risk / Fading Customers
17061,11,52.850808080808086,2011-09-27 11:24:00,73,0,1,Occasional / Regular Shoppers
17062,4,7.7294202898550735,2011-01-30 11:01:00,313,1,2,At-Risk / Fading Customers
17063,7,18.732564102564105,2011-11-18 16:19:00,20,0,1,Occasional / Regular Shoppers
17064,3,14.02377049180328,2011-10-12 10:18:00,58,0,1,Occasional / Regular Shoppers
17068,21,15.378851351351353,2011-11-27 13:14:00,11,0,0,Occasional / Regular Shoppers
17069,9,18.948951048951052,2011-11-11 17:13:00,27,0,1,Occasional / Regular Shoppers
17070,1,4.9070967741935485,2011-08-17 17:01:00,113,0,1,Occasional / Regular Shoppers
17071,9,17.350214285714287,2011-11-11 16:31:00,27,0,1,Occasional / Regular Shoppers
17073,4,8.310862068965516,2011-11-22 11:47:00,17,0,1,Occasional / Regular Shoppers
17075,4,10.832727272727272,2011-11-22 11:58:00,17,0,1,Occasional / Regular Shoppers
17076,3,33.6432,2011-11-03 17:53:00,35,0,1,Occasional / Regular Shoppers
17078,2,13.507142857142856,2011-11-03 19:17:00,35,0,1,Occasional / Regular Shoppers
17079,1,59.400000000000006,2011-09-22 15:34:00,77,0,1,Occasional / Regular Shoppers
17080,2,35.9525,2011-11-17 12:59:00,21,0,1,Occasional / Regular Shoppers
17081,2,4.585873015873016,2011-11-14 12:56:00,24,0,1,Occasional / Regular Shoppers
17082,2,24.73888888888889,2011-11-06 15:17:00,32,0,1,Occasional / Regular Shoppers
17083,3,27.034230769230767,2011-08-22 15:43:00,108,0,1,Occasional / Regular Shoppers
17084,2,18.44288590604027,2011-11-04 14:54:00,34,0,1,Occasional / Regular Shoppers
17085,5,8.4,2011-08-08 14:15:00,122,0,1,Occasional / Regular Shoppers
17086,6,21.355,2011-12-02 13:54:00,6,0,1,Occasional / Regular Shoppers
17088,4,17.313130434782607,2011-11-11 14:23:00,27,0,1,Occasional / Regular Shoppers
17090,7,32.37131147540984,2011-12-05 13:44:00,3,0,1,Occasional / Regular Shoppers
17091,9,19.629538461538463,2011-12-07 10:43:00,2,0,1,Occasional / Regular Shoppers
17092,4,14.306693548387097,2011-10-20 19:51:00,49,0,1,Occasional / Regular Shoppers
17094,1,21.571428571428573,2011-01-21 13:09:00,321,1,2,At-Risk / Fading Customers
17095,3,17.894054054054056,2011-11-17 12:21:00,22,0,1,Occasional / Regular Shoppers
17096,4,21.294375,2011-11-24 15:01:00,14,0,1,Occasional / Regular Shoppers
17097,8,4.523317535545024,2011-12-07 17:05:00,1,0,1,Occasional / Regular Shoppers
17100,2,14.949846153846154,2011-11-21 16:36:00,17,0,1,Occasional / Regular Shoppers
17101,4,38.61261904761905,2011-11-29 13:57:00,9,0,1,Occasional / Regular Shoppers
17102,1,25.5,2011-03-23 10:08:00,261,1,2,At-Risk / Fading Customers
17105,2,7.397555555555555,2011-07-03 15:53:00,158,1,2,At-Risk / Fading Customers
17107,6,25.955480769230768,2011-11-06 14:14:00,32,0,1,Occasional / Regular Shoppers
17109,6,7.597327586206896,2011-11-10 16:59:00,28,0,1,Occasional / Regular Shoppers
17110,1,13.608333333333333,2011-06-27 12:58:00,164,1,2,At-Risk / Fading Customers
17111,1,7.986551724137931,2011-10-23 15:59:00,46,0,1,Occasional / Regular Shoppers
17114,8,6.5131707317073175,2011-12-04 12:17:00,5,0,1,Occasional / Regular Shoppers
17115,3,21.474358974358974,2011-12-01 14:30:00,7,0,1,Occasional / Regular Shoppers
17117,1,12.911111111111111,2011-02-24 13:54:00,287,1,2,At-Risk / Fading Customers
17118,1,15.702000000000002,2011-01-26 12:19:00,317,1,2,At-Risk / Fading Customers
17119,2,17.340285714285713,2011-12-06 14:40:00,2,0,1,Occasional / Regular Shoppers
17120,1,17.08111111111111,2011-04-20 15:21:00,232,1,2,At-Risk / Fading Customers
17122,1,19.759999999999998,2011-08-12 14:33:00,118,0,1,Occasional / Regular Shoppers
17123,1,38.36666666666667,2011-07-01 10:47:00,161,1,2,At-Risk / Fading Customers
17124,1,9.491612903225807,2011-06-07 14:02:00,184,1,2,At-Risk / Fading Customers
17125,1,6.585714285714285,2011-10-20 14:41:00,49,0,1,Occasional / Regular Shoppers
17126,5,3.989717741935484,2011-07-10 13:52:00,151,1,1,At-Risk / Fading Customers
17128,1,11.220714285714285,2011-01-09 12:02:00,334,1,2,At-Risk / Fading Customers
17131,5,18.38186567164179,2011-12-04 12:52:00,4,0,1,Occasional / Regular Shoppers
17133,7,181.1940740740741,2011-11-24 12:27:00,15,0,1,Occasional / Regular Shoppers
17134,2,17.965217391304346,2011-08-25 09:53:00,106,0,1,Occasional / Regular Shoppers
17135,7,21.917884615384615,2011-11-23 16:48:00,15,0,1,Occasional / Regular Shoppers
17138,1,15.854166666666666,2011-03-09 11:54:00,275,1,2,At-Risk / Fading Customers
17139,12,22.328658280922433,2011-11-24 10:12:00,15,0,1,Occasional / Regular Shoppers
17140,1,25.22888888888889,2011-04-06 13:33:00,246,1,2,At-Risk / Fading Customers
17142,1,38.6,2011-04-14 18:22:00,238,1,2,At-Risk / Fading Customers
17144,2,20.511875,2011-12-08 17:57:00,0,0,1,Occasional / Regular Shoppers
17146,3,21.422285714285714,2011-08-26 12:44:00,105,0,1,Occasional / Regular Shoppers
17147,4,21.167777777777776,2011-11-17 12:32:00,22,0,1,Occasional / Regular Shoppers
17148,1,13.875555555555556,2011-10-19 09:59:00,51,0,1,Occasional / Regular Shoppers
17152,3,120.67857142857143,2011-05-29 12:19:00,194,1,2,At-Risk / Fading Customers
17153,1,15.27,2011-11-15 13:42:00,23,0,1,Occasional / Regular Shoppers
17154,1,14.319130434782608,2011-09-25 13:42:00,74,0,1,Occasional / Regular Shoppers
17155,2,12.584999999999999,2011-11-22 12:38:00,17,0,1,Occasional / Regular Shoppers
17157,2,24.53846153846154,2011-12-02 09:10:00,7,0,1,Occasional / Regular Shoppers
17158,3,18.91,2011-11-07 15:15:00,31,0,1,Occasional / Regular Shoppers
17159,3,15.236435643564358,2011-11-18 10:52:00,21,0,1,Occasional / Regular Shoppers
17160,6,15.362576419213974,2011-11-08 14:05:00,30,0,1,Occasional / Regular Shoppers
17162,10,16.494807692307692,2011-11-11 11:34:00,28,0,1,Occasional / Regular Shoppers
17163,2,58.620000000000005,2011-11-18 08:57:00,21,0,1,Occasional / Regular Shoppers
17164,7,17.134375,2011-11-07 09:14:00,32,0,1,Occasional / Regular Shoppers
17165,1,15.868,2011-02-28 16:39:00,283,1,2,At-Risk / Fading Customers
17166,2,17.195,2011-11-01 09:46:00,38,0,1,Occasional / Regular Shoppers
17169,2,15.477407407407407,2011-10-13 10:25:00,57,0,1,Occasional / Regular Shoppers
17171,1,14.056875,2011-02-23 16:37:00,288,1,2,At-Risk / Fading Customers
17172,1,21.184,2011-09-22 09:36:00,78,0,1,Occasional / Regular Shoppers
17173,8,43.79767441860465,2011-12-04 14:40:00,4,0,1,Occasional / Regular Shoppers
17174,1,14.975,2011-05-06 11:47:00,217,1,2,At-Risk / Fading Customers
17175,4,22.915714285714287,2011-10-26 15:31:00,43,0,1,Occasional / Regular Shoppers
17176,1,20.408666666666665,2011-05-22 12:41:00,201,1,2,At-Risk / Fading Customers
17179,3,8.897375,2011-06-14 16:48:00,177,1,2,At-Risk / Fading Customers
17180,4,6.2717600000000004,2011-10-14 15:46:00,55,0,1,Occasional / Regular Shoppers
17181,2,10.431304347826087,2011-10-13 14:48:00,56,0,1,Occasional / Regular Shoppers
17183,6,45.85356164383562,2011-12-02 10:07:00,7,0,1,Occasional / Regular Shoppers
17186,2,72.0,2011-10-24 10:20:00,46,0,1,Occasional / Regular Shoppers
17187,1,20.395,2011-04-27 12:39:00,226,1,2,At-Risk / Fading Customers
17188,7,29.455119047619046,2011-11-28 13:53:00,10,0,1,Occasional / Regular Shoppers
17189,2,6.395833333333333,2011-08-25 19:39:00,105,0,1,Occasional / Regular Shoppers
17190,2,23.40736842105263,2011-10-12 11:33:00,58,0,1,Occasional / Regular Shoppers
17191,7,8.871525423728812,2011-11-11 16:58:00,27,0,1,Occasional / Regular Shoppers
17193,7,53.103125,2011-11-04 12:47:00,35,0,1,Occasional / Regular Shoppers
17194,2,9.055862068965517,2011-03-11 12:05:00,273,1,2,At-Risk / Fading Customers
17197,1,34.93137931034483,2011-11-10 10:32:00,29,0,1,Occasional / Regular Shoppers
17198,3,7.210625,2011-11-16 10:39:00,23,0,1,Occasional / Regular Shoppers
17201,1,7.625789473684211,2011-10-17 11:55:00,53,0,1,Occasional / Regular Shoppers
17203,6,24.054594594594594,2011-11-04 12:27:00,35,0,1,Occasional / Regular Shoppers
17204,4,27.448421052631577,2011-06-17 14:46:00,174,1,2,At-Risk / Fading Customers
17205,1,29.544615384615383,2011-10-17 12:46:00,53,0,1,Occasional / Regular Shoppers
17206,1,29.177142857142858,2011-10-17 13:25:00,52,0,1,Occasional / Regular Shoppers
17211,8,10.982085308056874,2011-11-13 12:03:00,26,0,1,Occasional / Regular Shoppers
17212,1,56.7125,2011-03-31 19:42:00,252,1,2,At-Risk / Fading Customers
17213,7,17.71484076433121,2011-10-30 14:53:00,39,0,1,Occasional / Regular Shoppers
17214,6,10.486336633663367,2011-10-10 13:17:00,59,0,1,Occasional / Regular Shoppers
17217,1,12.61111111111111,2011-04-19 17:19:00,233,1,2,At-Risk / Fading Customers
17218,10,7.202841328413284,2011-12-05 13:52:00,3,0,1,Occasional / Regular Shoppers
17219,1,4.5692,2011-11-08 11:25:00,31,0,1,Occasional / Regular Shoppers
17220,14,6.8255888650963605,2011-11-15 13:47:00,23,0,1,Occasional / Regular Shoppers
17221,2,5.39483870967742,2011-12-02 13:35:00,6,0,1,Occasional / Regular Shoppers
17222,1,12.17222222222222,2011-10-05 13:58:00,64,0,1,Occasional / Regular Shoppers
17223,2,8.685208333333334,2011-02-02 15:57:00,309,1,2,At-Risk / Fading Customers
17226,1,18.73761904761905,2011-02-04 11:52:00,308,1,2,At-Risk / Fading Customers
17227,6,19.985531914893617,2011-11-21 10:51:00,18,0,1,Occasional / Regular Shoppers
17228,8,9.16389423076923,2011-11-24 10:24:00,15,0,1,Occasional / Regular Shoppers
17229,2,6.782127659574468,2011-09-04 13:56:00,95,0,1,Occasional / Regular Shoppers
17230,8,52.73057971014492,2011-03-20 16:12:00,263,1,2,At-Risk / Fading Customers
17231,10,5.884595103578154,2011-11-27 15:18:00,11,0,1,Occasional / Regular Shoppers
17232,2,11.936285714285713,2011-12-07 12:21:00,2,0,1,Occasional / Regular Shoppers
17233,1,7.6352,2011-11-04 14:06:00,34,0,1,Occasional / Regular Shoppers
17234,1,10.706428571428571,2011-06-10 11:20:00,182,1,2,At-Risk / Fading Customers
17235,2,18.967586206896552,2011-11-14 15:51:00,24,0,1,Occasional / Regular Shoppers
17236,6,8.725047619047618,2011-11-27 12:00:00,12,0,1,Occasional / Regular Shoppers
17237,2,16.562631578947368,2011-11-28 15:02:00,10,0,1,Occasional / Regular Shoppers
17238,17,6.701081081081081,2011-12-07 11:35:00,2,0,0,Occasional / Regular Shoppers
17239,1,25.5,2011-01-31 09:41:00,312,1,2,At-Risk / Fading Customers
17242,2,28.375999999999998,2011-08-23 14:55:00,107,0,1,Occasional / Regular Shoppers
17243,26,22.067312661498708,2011-12-08 13:26:00,0,0,0,Occasional / Regular Shoppers
17244,1,30.80322580645161,2011-10-17 15:19:00,52,0,1,Occasional / Regular Shoppers
17245,1,19.05,2011-05-19 10:43:00,204,1,2,At-Risk / Fading Customers
17247,1,5.186851851851852,2011-11-24 15:21:00,14,0,1,Occasional / Regular Shoppers
17248,1,4.618115942028985,2011-08-11 13:34:00,119,0,1,Occasional / Regular Shoppers
17250,2,6.820892857142858,2011-12-06 12:15:00,3,0,1,Occasional / Regular Shoppers
17251,1,7.2927027027027025,2010-12-12 11:06:00,362,1,2,At-Risk / Fading Customers
17252,2,4.057093023255813,2011-08-15 09:45:00,116,0,1,Occasional / Regular Shoppers
17253,1,9.903333333333332,2011-11-21 12:59:00,17,0,1,Occasional / Regular Shoppers
17254,2,2.443153153153153,2011-12-05 12:46:00,4,0,1,Occasional / Regular Shoppers
17255,2,3.9389189189189193,2011-10-30 12:18:00,40,0,1,Occasional / Regular Shoppers
17256,2,15.0,2011-08-24 13:30:00,106,0,1,Occasional / Regular Shoppers
17259,2,5.010603448275862,2011-07-14 15:01:00,147,1,2,At-Risk / Fading Customers
17262,5,104.44666666666667,2011-10-18 12:56:00,51,0,1,Occasional / Regular Shoppers
17263,1,2.7582608695652175,2011-05-15 14:32:00,207,1,2,At-Risk / Fading Customers
17265,2,4.50827868852459,2011-07-24 10:49:00,138,0,2,Occasional / Regular Shoppers
17266,3,4.062739726027397,2011-12-07 14:12:00,1,0,1,Occasional / Regular Shoppers
17267,2,8.572972972972973,2011-08-04 17:22:00,126,0,1,Occasional / Regular Shoppers
17268,4,127.27333333333333,2011-08-24 10:06:00,107,0,1,Occasional / Regular Shoppers
17272,4,18.847631578947368,2011-10-28 16:37:00,41,0,1,Occasional / Regular Shoppers
17274,1,4.312799999999999,2011-11-04 13:16:00,34,0,1,Occasional / Regular Shoppers
17277,2,15.43985507246377,2011-04-26 12:47:00,227,1,2,At-Risk / Fading Customers
17278,1,16.40266666666667,2011-04-12 13:10:00,240,1,2,At-Risk / Fading Customers
17279,1,20.869999999999997,2011-10-13 11:58:00,57,0,1,Occasional / Regular Shoppers
17282,3,18.937752808988765,2011-08-01 14:29:00,129,0,1,Occasional / Regular Shoppers
17284,6,5.661443298969072,2011-10-10 14:38:00,59,0,1,Occasional / Regular Shoppers
17286,1,3.440227272727273,2011-11-18 12:47:00,21,0,1,Occasional / Regular Shoppers
17287,7,8.598852459016394,2011-11-13 13:27:00,25,0,1,Occasional / Regular Shoppers
17288,7,10.12592857142857,2011-11-30 16:09:00,8,0,1,Occasional / Regular Shoppers
17289,3,8.952115384615384,2011-11-08 12:01:00,31,0,1,Occasional / Regular Shoppers
17290,2,5.343854166666667,2011-12-06 12:38:00,3,0,1,Occasional / Regular Shoppers
17291,1,550.8000000000001,2011-02-04 13:04:00,307,1,2,At-Risk / Fading Customers
17293,9,14.04590909090909,2011-12-01 14:37:00,7,0,1,Occasional / Regular Shoppers
17295,3,8.044117647058824,2011-11-11 10:49:00,28,0,1,Occasional / Regular Shoppers
17297,1,2.615918367346939,2011-11-22 14:43:00,16,0,1,Occasional / Regular Shoppers
17298,2,16.614,2011-08-30 16:43:00,100,0,1,Occasional / Regular Shoppers
17299,4,11.938363636363636,2011-11-28 12:01:00,11,0,1,Occasional / Regular Shoppers
17301,1,2.7667796610169493,2011-11-18 13:43:00,20,0,1,Occasional / Regular Shoppers
17302,5,14.375063291139242,2011-11-25 09:36:00,14,0,1,Occasional / Regular Shoppers
17303,1,4.717735849056604,2010-12-13 13:32:00,360,1,2,At-Risk / Fading Customers
17306,19,130.77742424242425,2011-11-29 12:14:00,10,0,0,Occasional / Regular Shoppers
17309,1,6.895833333333333,2011-09-05 15:20:00,94,0,1,Occasional / Regular Shoppers
17311,2,25.179090909090906,2011-09-22 14:11:00,77,0,1,Occasional / Regular Shoppers
17312,3,46.021428571428565,2011-07-24 11:52:00,138,0,1,Occasional / Regular Shoppers
17313,1,97.03500000000001,2011-11-08 15:45:00,30,0,1,Occasional / Regular Shoppers
17314,8,19.297099236641223,2011-11-15 09:41:00,24,0,1,Occasional / Regular Shoppers
17315,38,13.335944798301487,2011-12-08 12:15:00,1,0,0,Occasional / Regular Shoppers
17317,3,288.9266666666667,2011-10-24 17:19:00,45,0,1,Occasional / Regular Shoppers
17320,3,16.446849315068494,2011-08-31 13:31:00,99,0,1,Occasional / Regular Shoppers
17321,2,6.637979797979797,2011-12-01 13:41:00,7,0,1,Occasional / Regular Shoppers
17323,7,4.648820512820513,2011-11-24 17:29:00,14,0,1,Occasional / Regular Shoppers
17324,4,20.132244897959183,2011-11-22 10:34:00,17,0,1,Occasional / Regular Shoppers
17325,1,16.133333333333333,2011-03-04 13:09:00,279,1,2,At-Risk / Fading Customers
17329,2,15.851818181818182,2011-11-25 14:24:00,13,0,1,Occasional / Regular Shoppers
17330,2,60.65,2011-11-17 08:56:00,22,0,1,Occasional / Regular Shoppers
17331,1,175.2,2011-08-08 11:55:00,123,0,1,Occasional / Regular Shoppers
17333,1,17.651785714285715,2011-09-15 10:11:00,85,0,1,Occasional / Regular Shoppers
17334,2,27.910909090909094,2011-02-10 14:59:00,301,1,2,At-Risk / Fading Customers
17337,4,3.802418426103647,2011-07-11 14:55:00,150,1,1,At-Risk / Fading Customers
17338,8,9.00629680998613,2011-11-22 14:23:00,16,0,1,Occasional / Regular Shoppers
17339,2,27.040000000000003,2011-09-06 13:29:00,93,0,1,Occasional / Regular Shoppers
17340,11,30.352063882063884,2011-11-10 10:45:00,29,0,1,Occasional / Regular Shoppers
17341,3,4.3457961783439485,2011-07-06 12:33:00,156,1,2,At-Risk / Fading Customers
17343,1,11.390588235294118,2010-12-19 15:07:00,354,1,2,At-Risk / Fading Customers
17344,1,5.0845161290322585,2011-10-24 12:56:00,45,0,1,Occasional / Regular Shoppers
17345,4,6.261325301204819,2011-11-24 15:03:00,14,0,1,Occasional / Regular Shoppers
17346,15,5.430393374741201,2011-12-06 12:18:00,3,0,0,Occasional / Regular Shoppers
17347,1,228.96,2011-09-14 13:12:00,85,0,1,Occasional / Regular Shoppers
17348,5,5.430046948356807,2011-11-25 11:25:00,14,0,1,Occasional / Regular Shoppers
17349,1,12.28125,2011-06-13 14:29:00,178,1,2,At-Risk / Fading Customers
17350,4,18.30457142857143,2011-12-01 15:47:00,7,0,1,Occasional / Regular Shoppers
17351,3,21.746296296296297,2011-11-03 18:45:00,35,0,1,Occasional / Regular Shoppers
17353,2,217.5,2011-08-02 17:19:00,128,0,1,Occasional / Regular Shoppers
17354,1,87.06625,2011-10-20 10:34:00,50,0,1,Occasional / Regular Shoppers
17356,1,9.38,2011-02-01 11:07:00,311,1,2,At-Risk / Fading Customers
17357,2,8.736136363636364,2011-11-15 16:30:00,23,0,1,Occasional / Regular Shoppers
17358,2,6.220862068965517,2011-02-09 16:57:00,302,1,2,At-Risk / Fading Customers
17359,1,8.524,2011-11-28 14:37:00,10,0,1,Occasional / Regular Shoppers
17360,3,4.54592,2011-11-22 13:11:00,16,0,1,Occasional / Regular Shoppers
17361,3,16.834482758620688,2011-10-21 15:43:00,48,0,1,Occasional / Regular Shoppers
17362,2,8.920857142857143,2011-04-14 14:43:00,238,1,2,At-Risk / Fading Customers
17364,11,10.991822660098522,2011-12-09 09:00:00,0,0,1,Occasional / Regular Shoppers
17365,8,10.252387096774193,2011-11-27 12:13:00,12,0,1,Occasional / Regular Shoppers
17367,1,5.077272727272728,2011-04-15 14:21:00,237,1,2,At-Risk / Fading Customers
17368,8,17.559532710280372,2011-11-16 15:26:00,22,0,1,Occasional / Regular Shoppers
17370,4,13.520606060606061,2011-09-28 10:14:00,72,0,1,Occasional / Regular Shoppers
17371,3,4.865116279069767,2011-11-22 13:30:00,16,0,1,Occasional / Regular Shoppers
17372,8,5.3274103585657375,2011-10-30 11:37:00,40,0,1,Occasional / Regular Shoppers
17373,4,11.349473684210526,2011-10-30 15:28:00,39,0,1,Occasional / Regular Shoppers
17374,2,17.706071428571427,2011-05-05 09:05:00,218,1,2,At-Risk / Fading Customers
17375,3,5.798550724637681,2011-05-24 15:45:00,198,1,2,At-Risk / Fading Customers
17376,2,8.466666666666667,2011-09-30 12:36:00,70,0,1,Occasional / Regular Shoppers
17377,20,10.045346534653465,2011-11-16 11:17:00,23,0,0,Occasional / Regular Shoppers
17379,1,4.996410256410256,2011-11-28 13:56:00,10,0,1,Occasional / Regular Shoppers
17381,29,186.01477064220185,2011-12-01 11:59:00,8,0,0,Occasional / Regular Shoppers
17382,1,32.7,2011-10-05 13:05:00,64,0,1,Occasional / Regular Shoppers
17383,1,3.946734693877551,2011-12-05 17:36:00,3,0,1,Occasional / Regular Shoppers
17384,2,22.426666666666666,2011-11-20 15:48:00,18,0,1,Occasional / Regular Shoppers
17385,1,5.691333333333334,2011-11-25 11:02:00,14,0,1,Occasional / Regular Shoppers
17386,6,95.94357142857143,2011-12-02 11:28:00,7,0,1,Occasional / Regular Shoppers
17387,2,9.826447368421052,2011-11-20 11:00:00,19,0,1,Occasional / Regular Shoppers
17388,4,83.97066666666666,2011-09-23 10:31:00,77,0,1,Occasional / Regular Shoppers
17389,34,149.45389671361502,2011-12-09 09:38:00,0,0,0,Occasional / Regular Shoppers
17391,2,169.6,2011-06-29 09:58:00,163,1,2,At-Risk / Fading Customers
17392,2,7.45125,2011-02-06 12:48:00,306,1,2,At-Risk / Fading Customers
17394,1,50.967499999999994,2011-05-04 13:22:00,218,1,2,At-Risk / Fading Customers
17396,8,271.5111111111111,2011-10-31 14:12:00,38,0,1,Occasional / Regular Shoppers
17397,2,7.65629213483146,2011-11-17 14:08:00,21,0,1,Occasional / Regular Shoppers
17398,3,17.19421052631579,2011-08-17 09:48:00,114,0,1,Occasional / Regular Shoppers
17400,5,10.18368932038835,2011-08-05 15:38:00,125,0,1,Occasional / Regular Shoppers
17402,13,44.641525423728815,2011-12-05 10:15:00,4,0,1,Occasional / Regular Shoppers
17403,1,8.2475,2011-11-03 15:18:00,35,0,1,Occasional / Regular Shoppers
17404,15,161.14555555555555,2011-12-05 16:26:00,3,0,0,Occasional / Regular Shoppers
17405,3,12.578170731707319,2011-12-08 17:12:00,0,0,1,Occasional / Regular Shoppers
17406,3,19.67945945945946,2011-01-10 15:07:00,332,1,2,At-Risk / Fading Customers
17408,1,16.325,2011-06-29 12:53:00,162,1,2,At-Risk / Fading Customers
17409,2,59.37307692307692,2011-06-08 10:36:00,184,1,2,At-Risk / Fading Customers
17410,5,18.98,2011-11-23 15:46:00,15,0,1,Occasional / Regular Shoppers
17411,3,18.998536585365855,2011-11-27 14:25:00,11,0,1,Occasional / Regular Shoppers
17412,7,19.061515151515152,2011-12-07 11:36:00,2,0,1,Occasional / Regular Shoppers
17414,2,129.66666666666666,2011-10-27 12:13:00,43,0,1,Occasional / Regular Shoppers
17415,1,36.27428571428571,2011-09-21 12:50:00,79,0,1,Occasional / Regular Shoppers
17416,7,25.626096654275095,2011-11-10 12:47:00,29,0,1,Occasional / Regular Shoppers
17418,2,15.448666666666668,2011-10-28 13:00:00,41,0,1,Occasional / Regular Shoppers
17419,12,20.517330097087378,2011-11-28 13:47:00,10,0,1,Occasional / Regular Shoppers
17420,3,19.961000000000002,2011-10-20 14:52:00,49,0,1,Occasional / Regular Shoppers
17422,6,16.917692307692306,2011-11-23 13:27:00,15,0,1,Occasional / Regular Shoppers
17423,2,26.861923076923077,2011-10-24 13:36:00,45,0,1,Occasional / Regular Shoppers
17425,2,17.65511627906977,2011-11-20 15:30:00,18,0,1,Occasional / Regular Shoppers
17426,6,18.58767527675277,2011-12-01 18:07:00,7,0,1,Occasional / Regular Shoppers
17427,1,50.4,2011-09-29 11:29:00,71,0,1,Occasional / Regular Shoppers
17428,28,52.61234756097561,2011-12-09 09:45:00,0,0,0,Occasional / Regular Shoppers
17429,3,13.459487179487182,2011-08-03 13:22:00,127,0,1,Occasional / Regular Shoppers
17430,2,18.982857142857142,2011-11-07 09:24:00,32,0,1,Occasional / Regular Shoppers
17431,1,9.37906976744186,2011-01-30 14:36:00,312,1,2,At-Risk / Fading Customers
17432,2,7.62,2011-11-21 17:33:00,17,0,1,Occasional / Regular Shoppers
17433,1,5.614074074074074,2011-09-12 14:24:00,87,0,1,Occasional / Regular Shoppers
17434,7,17.715074626865672,2011-12-07 13:16:00,1,0,1,Occasional / Regular Shoppers
17436,2,24.033333333333335,2011-12-08 12:30:00,1,0,1,Occasional / Regular Shoppers
17438,1,22.85,2011-03-31 10:26:00,253,1,2,At-Risk / Fading Customers
17440,3,37.284000000000006,2011-07-06 11:54:00,156,1,2,At-Risk / Fading Customers
17442,6,16.656,2011-11-03 09:17:00,36,0,1,Occasional / Regular Shoppers
17443,1,534.24,2011-05-04 10:47:00,219,1,2,At-Risk / Fading Customers
17444,3,21.778074074074073,2011-07-15 12:05:00,147,1,2,At-Risk / Fading Customers
17446,2,13.433333333333332,2011-06-16 10:42:00,176,1,2,At-Risk / Fading Customers
17447,2,15.042499999999999,2011-10-30 14:18:00,39,0,1,Occasional / Regular Shoppers
17449,7,9.127572463768116,2011-12-07 16:56:00,1,0,1,Occasional / Regular Shoppers
17450,46,578.5440178571429,2011-12-01 13:29:00,7,3,0,VIP / Loyal Customers
17451,7,17.214000000000002,2011-12-08 15:02:00,0,0,1,Occasional / Regular Shoppers
17453,2,25.61684210526316,2011-11-22 09:42:00,17,0,1,Occasional / Regular Shoppers
17454,4,8.484098360655738,2011-05-31 13:58:00,191,1,2,At-Risk / Fading Customers
17455,1,16.4625,2011-05-20 12:31:00,203,1,2,At-Risk / Fading Customers
17456,1,14.69764705882353,2010-12-09 15:23:00,364,1,2,At-Risk / Fading Customers
17457,5,91.4578947368421,2011-08-05 12:48:00,126,0,1,Occasional / Regular Shoppers
17458,1,5.861111111111111,2011-11-24 13:01:00,14,0,1,Occasional / Regular Shoppers
17459,2,5.921621621621621,2011-10-27 13:25:00,42,0,1,Occasional / Regular Shoppers
17460,6,21.463103448275863,2011-09-06 15:04:00,93,0,1,Occasional / Regular Shoppers
17461,3,6.941698113207548,2011-11-17 10:21:00,22,0,1,Occasional / Regular Shoppers
17462,2,25.025555555555556,2011-10-10 13:56:00,59,0,1,Occasional / Regular Shoppers
17463,5,9.018557692307693,2011-11-23 13:40:00,15,0,1,Occasional / Regular Shoppers
17464,1,32.21777777777778,2011-07-04 13:19:00,157,1,2,At-Risk / Fading Customers
17466,2,18.61658536585366,2011-11-29 13:15:00,9,0,1,Occasional / Regular Shoppers
17468,2,27.4,2011-11-29 15:33:00,9,0,1,Occasional / Regular Shoppers
17469,5,21.261022727272728,2011-11-23 13:15:00,15,0,1,Occasional / Regular Shoppers
17470,5,14.423974358974359,2011-10-26 12:42:00,44,0,1,Occasional / Regular Shoppers
17472,3,4.0088505747126435,2011-06-01 14:57:00,190,1,2,At-Risk / Fading Customers
17475,1,13.883571428571429,2011-09-21 14:55:00,78,0,1,Occasional / Regular Shoppers
17480,1,17.64896551724138,2011-09-23 11:39:00,77,0,1,Occasional / Regular Shoppers
17481,4,15.312073170731706,2011-12-06 12:28:00,3,0,1,Occasional / Regular Shoppers
17483,3,19.716190476190476,2011-10-05 13:10:00,64,0,1,Occasional / Regular Shoppers
17486,1,16.53625,2011-03-23 14:00:00,260,1,2,At-Risk / Fading Customers
17489,2,12.987586206896552,2011-10-12 08:56:00,58,0,1,Occasional / Regular Shoppers
17490,7,27.530526315789476,2011-12-09 09:08:00,0,0,1,Occasional / Regular Shoppers
17491,10,32.65018348623853,2011-12-08 16:18:00,0,0,1,Occasional / Regular Shoppers
17492,1,31.214166666666667,2011-04-05 15:21:00,247,1,2,At-Risk / Fading Customers
17495,2,18.42814814814815,2011-12-02 12:08:00,7,0,1,Occasional / Regular Shoppers
17496,1,27.105,2010-12-16 08:39:00,358,1,2,At-Risk / Fading Customers
17498,1,16.012941176470587,2011-09-25 12:25:00,75,0,1,Occasional / Regular Shoppers
17499,1,15.572,2011-02-23 09:14:00,289,1,2,At-Risk / Fading Customers
17500,3,227.6,2011-11-22 14:25:00,16,0,1,Occasional / Regular Shoppers
17501,2,16.033333333333335,2011-05-03 09:47:00,220,1,2,At-Risk / Fading Customers
17502,4,24.610714285714288,2011-11-30 13:13:00,8,0,1,Occasional / Regular Shoppers
17503,2,14.709473684210527,2011-12-07 09:18:00,2,0,1,Occasional / Regular Shoppers
17504,9,23.598661417322838,2011-05-17 12:59:00,205,1,1,At-Risk / Fading Customers
17505,2,22.03538461538462,2011-07-01 12:50:00,161,1,2,At-Risk / Fading Customers
17506,1,21.585714285714285,2011-09-25 11:39:00,75,0,1,Occasional / Regular Shoppers
17507,2,6.881590909090909,2011-03-23 11:48:00,261,1,2,At-Risk / Fading Customers
17508,1,17.605,2011-03-04 08:10:00,280,1,2,At-Risk / Fading Customers
17509,8,16.713296703296706,2011-10-13 10:26:00,57,0,1,Occasional / Regular Shoppers
17510,1,15.424000000000001,2011-11-15 10:00:00,24,0,1,Occasional / Regular Shoppers
17511,31,94.5611422637591,2011-12-07 10:12:00,2,0,0,Occasional / Regular Shoppers
17512,10,27.85704761904762,2011-11-11 12:11:00,28,0,1,Occasional / Regular Shoppers
17513,1,85.53333333333335,2011-09-28 16:42:00,71,0,1,Occasional / Regular Shoppers
17514,1,5.2162500000000005,2011-08-03 15:45:00,127,0,1,Occasional / Regular Shoppers
17515,4,7.345057471264368,2011-11-08 14:04:00,30,0,1,Occasional / Regular Shoppers
17516,5,5.665777777777778,2011-11-24 16:51:00,14,0,1,Occasional / Regular Shoppers
17517,1,13.994545454545454,2011-02-04 11:48:00,308,1,2,At-Risk / Fading Customers
17519,6,22.488048780487805,2011-11-22 16:43:00,16,0,1,Occasional / Regular Shoppers
17520,1,18.226999999999997,2011-10-17 12:04:00,53,0,1,Occasional / Regular Shoppers
17521,3,16.071333333333335,2011-11-10 11:22:00,29,0,1,Occasional / Regular Shoppers
17522,5,14.667260273972603,2011-12-08 12:31:00,1,0,1,Occasional / Regular Shoppers
17523,4,19.78,2011-11-28 13:20:00,10,0,1,Occasional / Regular Shoppers
17524,1,24.166666666666668,2010-12-13 14:32:00,360,1,2,At-Risk / Fading Customers
17525,1,46.96666666666667,2010-12-15 12:05:00,359,1,2,At-Risk / Fading Customers
17526,4,62.942105263157885,2011-12-05 11:05:00,4,0,1,Occasional / Regular Shoppers
17527,4,19.98659574468085,2011-10-17 12:32:00,53,0,1,Occasional / Regular Shoppers
17528,8,14.34189723320158,2011-12-08 13:27:00,0,0,1,Occasional / Regular Shoppers
17530,10,6.069538461538461,2011-12-08 18:42:00,0,0,1,Occasional / Regular Shoppers
17531,1,21.192857142857143,2011-06-02 19:17:00,189,1,2,At-Risk / Fading Customers
17534,1,24.817777777777778,2011-10-17 12:47:00,53,0,1,Occasional / Regular Shoppers
17535,1,12.646153846153847,2011-03-04 15:20:00,279,1,2,At-Risk / Fading Customers
17536,1,25.5,2011-06-15 13:23:00,176,1,2,At-Risk / Fading Customers
17537,2,11.995540540540542,2011-11-10 10:56:00,29,0,1,Occasional / Regular Shoppers
17538,1,10.935555555555556,2011-11-14 12:12:00,25,0,1,Occasional / Regular Shoppers
17540,2,23.156,2011-11-15 11:56:00,24,0,1,Occasional / Regular Shoppers
17542,1,6.83,2011-03-15 11:45:00,269,1,2,At-Risk / Fading Customers
17545,3,4.555460992907801,2011-10-27 14:04:00,42,0,1,Occasional / Regular Shoppers
17548,1,20.66,2011-04-20 12:01:00,233,1,2,At-Risk / Fading Customers
17549,2,24.810000000000002,2011-11-16 09:59:00,23,0,1,Occasional / Regular Shoppers
17550,3,6.360952380952382,2011-05-26 14:09:00,196,1,2,At-Risk / Fading Customers
17551,1,7.444615384615384,2010-12-15 14:12:00,358,1,2,At-Risk / Fading Customers
17552,4,18.987959183673468,2011-10-10 17:00:00,59,0,1,Occasional / Regular Shoppers
17553,1,743.8,2011-08-02 10:00:00,129,0,1,Occasional / Regular Shoppers
17554,5,22.18693181818182,2011-12-08 14:15:00,0,0,1,Occasional / Regular Shoppers
17555,2,4.574380952380952,2011-11-20 12:22:00,19,0,1,Occasional / Regular Shoppers
17556,1,26.316666666666666,2011-05-18 10:48:00,205,1,2,At-Risk / Fading Customers
17557,3,15.92529411764706,2011-11-25 12:57:00,13,0,1,Occasional / Regular Shoppers
17560,4,32.88269230769231,2011-09-06 09:18:00,94,0,1,Occasional / Regular Shoppers
17561,1,3.6693333333333333,2011-11-20 12:53:00,18,0,1,Occasional / Regular Shoppers
17562,7,17.81555555555556,2011-11-25 14:21:00,13,0,1,Occasional / Regular Shoppers
17564,3,9.265510204081632,2011-11-15 13:27:00,23,0,1,Occasional / Regular Shoppers
17566,2,6.125140845070423,2011-12-01 19:54:00,7,0,1,Occasional / Regular Shoppers
17567,8,26.251393939393935,2011-12-02 15:48:00,6,0,1,Occasional / Regular Shoppers
17569,1,11.866896551724137,2011-01-11 14:15:00,331,1,2,At-Risk / Fading Customers
17571,4,5.260774907749078,2011-10-20 15:57:00,49,0,1,Occasional / Regular Shoppers
17572,4,18.895833333333336,2011-09-29 17:53:00,70,0,1,Occasional / Regular Shoppers
17573,3,15.224,2011-11-10 13:01:00,28,0,1,Occasional / Regular Shoppers
17574,1,23.20625,2011-04-11 09:47:00,242,1,2,At-Risk / Fading Customers
17576,19,8.86773631840796,2011-12-01 17:56:00,7,0,0,Occasional / Regular Shoppers
17578,1,28.691999999999997,2011-05-05 18:38:00,217,1,2,At-Risk / Fading Customers
17579,3,8.978000000000002,2011-12-05 12:28:00,4,0,1,Occasional / Regular Shoppers
17580,3,4.793777777777778,2011-04-01 12:41:00,252,1,2,At-Risk / Fading Customers
17581,25,25.114441913439634,2011-12-09 12:21:00,0,0,0,Occasional / Regular Shoppers
17582,1,6.043793103448277,2011-04-17 13:18:00,235,1,2,At-Risk / Fading Customers
17584,2,35.494285714285716,2011-12-02 17:12:00,6,0,1,Occasional / Regular Shoppers
17585,4,5.368653846153847,2011-08-22 13:30:00,108,0,1,Occasional / Regular Shoppers
17588,3,53.92173913043479,2011-08-31 13:37:00,99,0,1,Occasional / Regular Shoppers
17589,4,9.502648221343874,2011-10-10 16:58:00,59,0,1,Occasional / Regular Shoppers
17590,3,7.489897959183673,2011-12-07 12:55:00,1,0,1,Occasional / Regular Shoppers
17591,7,14.03611464968153,2011-09-27 13:42:00,72,0,1,Occasional / Regular Shoppers
17593,5,18.50877358490566,2011-12-06 10:30:00,3,0,1,Occasional / Regular Shoppers
17594,2,19.8636,2011-09-15 16:34:00,84,0,1,Occasional / Regular Shoppers
17595,2,4.715731707317073,2011-11-27 16:08:00,11,0,1,Occasional / Regular Shoppers
17596,7,10.591283018867925,2011-11-16 14:11:00,22,0,1,Occasional / Regular Shoppers
17597,1,37.17036363636364,2011-05-10 11:54:00,213,1,2,At-Risk / Fading Customers
17600,1,12.436153846153847,2011-11-22 09:43:00,17,0,1,Occasional / Regular Shoppers
17601,1,12.889999999999999,2011-04-14 18:02:00,238,1,2,At-Risk / Fading Customers
17602,6,9.173176043557168,2011-12-07 13:53:00,1,0,1,Occasional / Regular Shoppers
17603,1,35.88363636363636,2011-09-22 14:18:00,77,0,1,Occasional / Regular Shoppers
17604,2,4.91047619047619,2011-05-06 13:43:00,216,1,2,At-Risk / Fading Customers
17608,2,3.4283928571428572,2011-11-06 13:06:00,32,0,1,Occasional / Regular Shoppers
17609,5,4.745836909871245,2011-10-30 12:28:00,40,0,1,Occasional / Regular Shoppers
17611,15,6.986102292768959,2011-12-02 13:29:00,6,0,0,Occasional / Regular Shoppers
17612,6,15.173703703703703,2011-10-17 14:59:00,52,0,1,Occasional / Regular Shoppers
17613,14,14.851470588235294,2011-11-17 10:51:00,22,0,1,Occasional / Regular Shoppers
17614,1,3.9420408163265304,2011-10-13 16:01:00,56,0,1,Occasional / Regular Shoppers
17615,3,23.542857142857144,2011-08-01 14:06:00,129,0,1,Occasional / Regular Shoppers
17616,3,190.39999999999998,2011-06-19 10:11:00,173,1,2,At-Risk / Fading Customers
17618,3,13.884776119402984,2011-12-04 11:50:00,5,0,1,Occasional / Regular Shoppers
17619,1,2.896891891891892,2011-01-31 14:18:00,311,1,2,At-Risk / Fading Customers
17620,1,20.36,2011-10-11 12:08:00,59,0,1,Occasional / Regular Shoppers
17621,3,53.073076923076925,2011-11-18 17:11:00,20,0,1,Occasional / Regular Shoppers
17623,1,15.971212121212119,2011-11-07 11:32:00,32,0,1,Occasional / Regular Shoppers
17624,2,16.869600000000002,2011-11-25 10:52:00,14,0,1,Occasional / Regular Shoppers
17625,4,6.602614379084968,2011-11-21 13:36:00,17,0,1,Occasional / Regular Shoppers
17628,1,15.15,2011-09-19 15:21:00,80,0,1,Occasional / Regular Shoppers
17629,8,14.748943089430895,2011-12-04 10:56:00,5,0,1,Occasional / Regular Shoppers
17630,2,19.36923076923077,2011-06-23 11:58:00,169,1,2,At-Risk / Fading Customers
17631,3,13.546923076923077,2011-12-08 09:47:00,1,0,1,Occasional / Regular Shoppers
17633,4,18.92628571428571,2011-11-08 13:25:00,30,0,1,Occasional / Regular Shoppers
17634,9,7.96820945945946,2011-11-03 13:09:00,35,0,1,Occasional / Regular Shoppers
17636,1,14.278,2011-11-20 14:40:00,18,0,1,Occasional / Regular Shoppers
17637,2,15.630285714285716,2011-11-08 12:51:00,30,0,1,Occasional / Regular Shoppers
17639,1,15.5,2011-03-08 15:22:00,275,1,2,At-Risk / Fading Customers
17640,1,124.332,2011-09-14 09:13:00,86,0,1,Occasional / Regular Shoppers
17642,2,17.80725,2011-08-12 09:11:00,119,0,1,Occasional / Regular Shoppers
17643,1,12.69375,2010-12-01 14:38:00,372,1,2,At-Risk / Fading Customers
17644,11,18.443566878980892,2011-12-08 13:43:00,0,0,1,Occasional / Regular Shoppers
17646,3,19.77235294117647,2011-05-04 13:17:00,218,1,2,At-Risk / Fading Customers
17647,1,19.00857142857143,2011-10-05 15:38:00,64,0,1,Occasional / Regular Shoppers
17648,4,19.752747252747252,2011-10-10 09:41:00,60,0,1,Occasional / Regular Shoppers
17649,1,16.70173076923077,2011-07-24 15:53:00,137,0,1,Occasional / Regular Shoppers
17650,1,20.759999999999998,2011-11-18 14:52:00,20,0,1,Occasional / Regular Shoppers
17651,10,17.004310344827587,2011-11-28 10:29:00,11,0,1,Occasional / Regular Shoppers
17652,12,18.794285714285714,2011-11-14 12:55:00,24,0,1,Occasional / Regular Shoppers
17653,4,27.44454545454545,2011-11-03 12:46:00,36,0,1,Occasional / Regular Shoppers
17654,1,5.343181818181818,2011-03-07 13:17:00,276,1,2,At-Risk / Fading Customers
17655,7,28.99934065934066,2011-11-29 11:34:00,10,0,1,Occasional / Regular Shoppers
17656,5,20.423048780487804,2011-09-27 13:04:00,72,0,1,Occasional / Regular Shoppers
17658,2,31.337894736842102,2011-11-14 12:07:00,25,0,1,Occasional / Regular Shoppers
17659,12,18.98392405063291,2011-11-22 13:29:00,16,0,1,Occasional / Regular Shoppers
17660,1,4.703947368421052,2011-07-21 13:37:00,140,1,2,At-Risk / Fading Customers
17663,7,20.96406976744186,2011-11-14 08:56:00,25,0,1,Occasional / Regular Shoppers
17664,2,14.061395348837209,2011-11-21 11:29:00,18,0,1,Occasional / Regular Shoppers
17666,2,40.45333333333333,2011-12-06 09:06:00,3,0,1,Occasional / Regular Shoppers
17667,5,17.71991379310345,2011-10-04 14:32:00,65,0,1,Occasional / Regular Shoppers
17668,2,23.183333333333334,2011-12-08 13:25:00,0,0,1,Occasional / Regular Shoppers
17669,7,50.09882352941177,2011-10-28 08:53:00,42,0,1,Occasional / Regular Shoppers
17670,1,18.7,2011-04-26 09:12:00,227,1,2,At-Risk / Fading Customers
17671,4,29.67377358490566,2011-11-24 12:21:00,15,0,1,Occasional / Regular Shoppers
17672,2,28.892454545454545,2011-10-20 14:18:00,49,0,1,Occasional / Regular Shoppers
17673,6,7.316376146788991,2011-12-08 12:50:00,1,0,1,Occasional / Regular Shoppers
17674,2,20.40888888888889,2011-09-26 13:35:00,73,0,1,Occasional / Regular Shoppers
17675,31,28.89968794326241,2011-12-08 18:03:00,0,0,0,Occasional / Regular Shoppers
17676,6,17.807532467532468,2011-12-05 15:16:00,3,0,1,Occasional / Regular Shoppers
17677,30,53.94514851485148,2011-12-08 09:56:00,1,0,0,Occasional / Regular Shoppers
17678,1,18.631875,2011-03-21 11:52:00,263,1,2,At-Risk / Fading Customers
17679,2,66.40366666666667,2011-10-18 07:43:00,52,0,1,Occasional / Regular Shoppers
17680,1,16.763636363636365,2011-11-16 12:42:00,23,0,1,Occasional / Regular Shoppers
17682,6,20.968898305084746,2011-11-29 15:59:00,9,0,1,Occasional / Regular Shoppers
17684,1,15.960666666666667,2011-10-27 11:10:00,43,0,1,Occasional / Regular Shoppers
17685,7,24.849055118110236,2011-11-23 11:36:00,16,0,1,Occasional / Regular Shoppers
17686,7,20.06804195804196,2011-12-02 15:39:00,6,0,1,Occasional / Regular Shoppers
17690,15,18.757142857142856,2011-11-09 15:17:00,29,0,0,Occasional / Regular Shoppers
17691,2,15.28421052631579,2010-12-16 17:20:00,357,1,2,At-Risk / Fading Customers
17692,4,16.10739130434783,2011-08-04 14:01:00,126,0,1,Occasional / Regular Shoppers
17693,1,12.529375,2011-07-25 15:48:00,136,0,1,Occasional / Regular Shoppers
17694,1,18.874666666666666,2011-07-21 12:00:00,141,1,2,At-Risk / Fading Customers
17695,2,21.866857142857143,2011-07-31 10:40:00,131,0,1,Occasional / Regular Shoppers
17696,8,19.875739130434784,2011-11-01 13:43:00,37,0,1,Occasional / Regular Shoppers
17697,1,17.839473684210525,2011-04-17 15:40:00,235,1,2,At-Risk / Fading Customers
17698,1,19.36875,2011-03-24 11:34:00,260,1,2,At-Risk / Fading Customers
17700,4,17.84957746478873,2011-11-23 11:51:00,16,0,1,Occasional / Regular Shoppers
17701,1,17.414583333333333,2011-04-01 12:25:00,252,1,2,At-Risk / Fading Customers
17702,4,24.653648648648648,2011-11-09 16:03:00,29,0,1,Occasional / Regular Shoppers
17703,3,14.522545454545455,2011-11-04 15:51:00,34,0,1,Occasional / Regular Shoppers
17704,2,28.554516129032258,2011-06-24 09:40:00,168,1,2,At-Risk / Fading Customers
17705,9,17.70407766990291,2011-12-06 13:45:00,2,0,1,Occasional / Regular Shoppers
17706,17,27.498664921465966,2011-12-05 13:34:00,3,0,0,Occasional / Regular Shoppers
17707,2,30.48,2011-06-07 15:03:00,184,1,2,At-Risk / Fading Customers
17708,2,7.744999999999999,2011-06-05 10:12:00,187,1,2,At-Risk / Fading Customers
17709,1,19.635714285714283,2011-06-23 11:55:00,169,1,2,At-Risk / Fading Customers
17711,2,16.743478260869566,2011-11-29 11:40:00,10,0,1,Occasional / Regular Shoppers
17712,1,18.031379310344825,2011-10-26 12:28:00,44,0,1,Occasional / Regular Shoppers
17714,1,15.3,2011-01-23 10:32:00,320,1,2,At-Risk / Fading Customers
17715,1,326.4,2011-05-23 12:32:00,200,1,2,At-Risk / Fading Customers
17716,11,23.085673469387753,2011-11-17 12:00:00,22,0,1,Occasional / Regular Shoppers
17718,1,23.224999999999998,2011-04-21 13:39:00,231,1,2,At-Risk / Fading Customers
17719,15,19.693576642335767,2011-11-02 10:36:00,37,0,0,Occasional / Regular Shoppers
17720,4,23.9188,2011-11-13 15:04:00,25,0,1,Occasional / Regular Shoppers
17722,4,21.078608695652175,2011-09-04 15:22:00,95,0,1,Occasional / Regular Shoppers
17723,6,327.64000000000004,2011-08-04 18:37:00,126,0,1,Occasional / Regular Shoppers
17724,3,25.825,2011-09-29 15:26:00,70,0,1,Occasional / Regular Shoppers
17725,11,17.911875,2011-11-23 16:34:00,15,0,1,Occasional / Regular Shoppers
17727,1,16.064393939393938,2011-11-24 17:06:00,14,0,1,Occasional / Regular Shoppers
17728,3,17.430363636363637,2011-12-06 08:52:00,3,0,1,Occasional / Regular Shoppers
17730,13,24.304954128440368,2011-12-06 15:43:00,2,0,1,Occasional / Regular Shoppers
17731,4,18.509104477611938,2011-09-21 15:02:00,78,0,1,Occasional / Regular Shoppers
17732,1,16.887222222222224,2010-12-02 09:29:00,372,1,2,At-Risk / Fading Customers
17733,2,19.776857142857143,2011-11-01 08:16:00,38,0,1,Occasional / Regular Shoppers
17734,3,16.293720930232556,2011-10-17 12:33:00,53,0,1,Occasional / Regular Shoppers
17735,19,19.000028985507246,2011-12-07 16:47:00,1,0,0,Occasional / Regular Shoppers
17736,3,15.0976,2011-11-30 15:36:00,8,0,1,Occasional / Regular Shoppers
17737,2,16.824,2011-11-30 15:16:00,8,0,1,Occasional / Regular Shoppers
17738,4,19.371649484536082,2011-11-20 15:05:00,18,0,1,Occasional / Regular Shoppers
17739,7,59.39042553191489,2011-11-28 09:12:00,11,0,1,Occasional / Regular Shoppers
17742,2,23.674,2011-08-18 15:28:00,112,0,1,Occasional / Regular Shoppers
17744,6,17.076470588235296,2011-12-06 12:11:00,3,0,1,Occasional / Regular Shoppers
17746,1,18.375,2011-04-13 14:31:00,239,1,2,At-Risk / Fading Customers
17747,1,71.4,2011-08-19 08:13:00,112,0,1,Occasional / Regular Shoppers
17749,2,19.272,2011-06-14 15:45:00,177,1,2,At-Risk / Fading Customers
17750,9,9.29592391304348,2011-12-04 14:09:00,4,0,1,Occasional / Regular Shoppers
17752,1,80.64,2010-12-15 16:19:00,358,1,2,At-Risk / Fading Customers
17754,5,18.703932584269662,2011-12-09 11:20:00,0,0,1,Occasional / Regular Shoppers
17757,30,7.558635135135136,2011-12-08 15:31:00,0,0,0,Occasional / Regular Shoppers
17758,8,8.436138613861386,2011-11-20 14:45:00,18,0,1,Occasional / Regular Shoppers
17759,3,9.110666666666667,2011-11-22 16:02:00,16,0,1,Occasional / Regular Shoppers
17760,2,11.503599999999999,2011-11-18 10:56:00,21,0,1,Occasional / Regular Shoppers
17761,1,37.514736842105265,2011-11-07 10:23:00,32,0,1,Occasional / Regular Shoppers
17763,1,15.0,2011-03-21 14:25:00,262,1,2,At-Risk / Fading Customers
17764,2,10.880985915492957,2011-10-20 11:03:00,50,0,1,Occasional / Regular Shoppers
17765,3,6.564821428571428,2011-07-04 12:41:00,158,1,2,At-Risk / Fading Customers
17767,1,12.914285714285715,2011-11-24 14:42:00,14,0,1,Occasional / Regular Shoppers
17768,3,21.243877551020407,2011-12-01 13:22:00,7,0,1,Occasional / Regular Shoppers
17769,10,13.017861842105262,2011-11-27 11:18:00,12,0,1,Occasional / Regular Shoppers
17770,5,30.086052631578948,2011-05-25 12:34:00,198,1,2,At-Risk / Fading Customers
17771,2,4.552037037037037,2011-10-14 11:43:00,56,0,1,Occasional / Regular Shoppers
17772,2,3.469,2011-11-29 11:05:00,10,0,1,Occasional / Regular Shoppers
17774,4,7.932875816993464,2011-09-04 12:49:00,96,0,1,Occasional / Regular Shoppers
17775,1,18.8,2011-03-30 10:50:00,254,1,2,At-Risk / Fading Customers
17777,3,3.408210526315789,2011-11-15 12:02:00,24,0,1,Occasional / Regular Shoppers
17779,3,8.028641975308643,2011-11-18 14:15:00,20,0,1,Occasional / Regular Shoppers
17781,2,15.668333333333335,2011-07-03 16:00:00,158,1,2,At-Risk / Fading Customers
17783,2,4.23089552238806,2011-09-28 16:07:00,71,0,1,Occasional / Regular Shoppers
17785,1,10.149230769230769,2011-10-17 13:43:00,52,0,1,Occasional / Regular Shoppers
17786,2,3.9242647058823534,2011-09-15 12:51:00,84,0,1,Occasional / Regular Shoppers
17787,4,14.19953125,2011-07-10 11:24:00,152,1,1,At-Risk / Fading Customers
17788,2,223.58,2011-09-27 10:09:00,73,0,1,Occasional / Regular Shoppers
17789,1,16.135714285714286,2011-03-03 13:14:00,280,1,2,At-Risk / Fading Customers
17790,14,10.393121693121692,2011-11-13 11:30:00,26,0,1,Occasional / Regular Shoppers
17791,1,10.61,2011-11-10 12:09:00,29,0,1,Occasional / Regular Shoppers
17793,1,5.77576923076923,2011-11-14 14:24:00,24,0,1,Occasional / Regular Shoppers
17795,2,7.618444444444444,2011-06-13 12:36:00,179,1,2,At-Risk / Fading Customers
17796,4,8.518518518518519,2011-10-30 15:38:00,39,0,1,Occasional / Regular Shoppers
17797,3,7.0309009009009005,2011-11-17 13:21:00,21,0,1,Occasional / Regular Shoppers
17799,10,7.522698019801981,2011-11-17 15:16:00,21,0,1,Occasional / Regular Shoppers
17800,9,11.526310679611651,2011-11-02 12:57:00,36,0,1,Occasional / Regular Shoppers
17802,3,9.178857142857142,2011-09-18 14:56:00,81,0,1,Occasional / Regular Shoppers
17805,1,51.230999999999995,2011-09-27 11:49:00,73,0,1,Occasional / Regular Shoppers
17806,1,12.698604651162789,2011-11-28 14:12:00,10,0,1,Occasional / Regular Shoppers
17809,12,88.71983606557377,2011-11-23 12:59:00,15,0,1,Occasional / Regular Shoppers
17811,39,9.374178743961352,2011-12-05 13:46:00,3,0,0,Occasional / Regular Shoppers
17812,4,5.261729323308271,2011-11-27 11:47:00,12,0,1,Occasional / Regular Shoppers
17813,5,4.879511494252873,2011-11-25 16:13:00,13,0,1,Occasional / Regular Shoppers
17816,4,2.150588235294118,2011-11-03 11:34:00,36,0,1,Occasional / Regular Shoppers
17817,3,11.747878787878788,2011-12-05 14:39:00,3,0,1,Occasional / Regular Shoppers
17819,7,77.18479166666667,2011-09-29 10:52:00,71,0,1,Occasional / Regular Shoppers
17824,1,22.95384615384615,2011-10-19 14:14:00,50,0,1,Occasional / Regular Shoppers
17827,5,9.24339534883721,2011-12-04 15:00:00,4,0,1,Occasional / Regular Shoppers
17828,4,27.1655223880597,2011-11-17 08:41:00,22,0,1,Occasional / Regular Shoppers
17829,1,29.641333333333332,2011-02-14 12:46:00,298,1,2,At-Risk / Fading Customers
17830,3,17.33478260869565,2011-12-08 12:28:00,1,0,1,Occasional / Regular Shoppers
17831,1,17.700000000000003,2011-11-06 15:09:00,32,0,1,Occasional / Regular Shoppers
17832,1,2.547049180327869,2011-10-21 11:43:00,49,0,1,Occasional / Regular Shoppers
17835,3,5.800677966101695,2011-12-07 11:48:00,2,0,1,Occasional / Regular Shoppers
17836,1,4.592083333333334,2011-10-23 16:13:00,46,0,1,Occasional / Regular Shoppers
17837,8,9.513765432098765,2011-10-28 16:13:00,41,0,1,Occasional / Regular Shoppers
17838,5,23.254700854700857,2011-11-13 11:20:00,26,0,1,Occasional / Regular Shoppers
17839,1,6.11826923076923,2011-10-28 17:27:00,41,0,1,Occasional / Regular Shoppers
17841,124,5.2787701928087545,2011-12-08 12:07:00,1,3,0,VIP / Loyal Customers
17843,1,5.553513513513513,2011-02-09 15:33:00,302,1,2,At-Risk / Fading Customers
17844,1,10.312,2011-08-25 11:27:00,106,0,1,Occasional / Regular Shoppers
17846,1,2033.1,2011-09-15 15:20:00,84,0,1,Occasional / Regular Shoppers
17848,9,17.67058823529412,2011-09-19 16:49:00,80,0,1,Occasional / Regular Shoppers
17849,4,23.300000000000004,2011-05-05 13:46:00,217,1,2,At-Risk / Fading Customers
17850,34,18.15222222222222,2010-12-02 15:27:00,371,1,0,At-Risk / Fading Customers
17852,2,4.764166666666667,2011-11-28 12:36:00,11,0,1,Occasional / Regular Shoppers
17854,2,20.750666666666667,2011-06-07 16:21:00,184,1,2,At-Risk / Fading Customers
17855,1,12.292352941176471,2010-12-02 09:44:00,372,1,2,At-Risk / Fading Customers
17856,4,94.53533333333333,2011-12-08 09:40:00,1,0,1,Occasional / Regular Shoppers
17857,23,497.76,2011-12-05 13:13:00,3,0,0,Occasional / Regular Shoppers
17858,12,26.09472081218274,2011-12-04 11:56:00,5,0,1,Occasional / Regular Shoppers
17859,1,6.170434782608695,2011-02-08 10:32:00,304,1,2,At-Risk / Fading Customers
17860,1,4.354807692307693,2010-12-06 12:41:00,368,1,2,At-Risk / Fading Customers
17861,8,9.579360730593608,2011-12-06 16:21:00,2,0,1,Occasional / Regular Shoppers
17862,1,30.08181818181818,2011-01-20 12:23:00,323,1,2,At-Risk / Fading Customers
17863,6,21.35135135135135,2011-10-11 13:45:00,58,0,1,Occasional / Regular Shoppers
17864,3,6.165,2011-11-27 11:15:00,12,0,1,Occasional / Regular Shoppers
17865,20,28.449513513513512,2011-11-09 12:08:00,30,0,0,Occasional / Regular Shoppers
17866,1,36.62777777777778,2011-07-20 11:07:00,142,1,2,At-Risk / Fading Customers
17867,6,17.027500000000003,2011-11-09 14:15:00,29,0,1,Occasional / Regular Shoppers
17869,5,10.7045,2011-08-24 16:16:00,106,0,1,Occasional / Regular Shoppers
17870,12,6.910703703703703,2011-12-07 15:07:00,1,0,1,Occasional / Regular Shoppers
17871,1,15.59,2011-05-19 11:32:00,204,1,2,At-Risk / Fading Customers
17873,5,42.99906976744186,2011-09-20 16:41:00,79,0,1,Occasional / Regular Shoppers
17874,6,14.857826086956523,2011-06-07 12:54:00,184,1,2,At-Risk / Fading Customers
17877,1,19.800833333333333,2011-06-22 13:00:00,169,1,2,At-Risk / Fading Customers
17878,1,14.59423076923077,2011-10-27 11:24:00,43,0,1,Occasional / Regular Shoppers
17879,1,29.753333333333334,2011-06-19 12:36:00,173,1,2,At-Risk / Fading Customers
17880,1,17.65076923076923,2010-12-10 10:21:00,364,1,2,At-Risk / Fading Customers
17881,1,16.66875,2011-02-08 17:16:00,303,1,2,At-Risk / Fading Customers
17883,4,4.6784507042253525,2011-12-06 17:49:00,2,0,1,Occasional / Regular Shoppers
17884,4,6.151061946902655,2011-12-06 11:33:00,3,0,1,Occasional / Regular Shoppers
17885,1,2.949811320754717,2011-11-27 14:40:00,11,0,1,Occasional / Regular Shoppers
17886,3,8.52235294117647,2011-11-08 10:09:00,31,0,1,Occasional / Regular Shoppers
17887,1,11.135,2011-08-02 17:29:00,128,0,1,Occasional / Regular Shoppers
17888,8,11.015384615384615,2011-11-18 13:45:00,20,0,1,Occasional / Regular Shoppers
17889,2,10.0685,2011-05-11 16:26:00,211,1,2,At-Risk / Fading Customers
17890,2,6.449340659340659,2011-01-21 11:19:00,322,1,2,At-Risk / Fading Customers
17891,1,5.995882352941176,2011-06-30 20:08:00,161,1,2,At-Risk / Fading Customers
17892,3,8.717857142857143,2011-10-14 16:49:00,55,0,1,Occasional / Regular Shoppers
17893,1,7.147333333333333,2011-04-28 13:50:00,224,1,2,At-Risk / Fading Customers
17894,8,5.827916666666667,2011-09-29 09:23:00,71,0,1,Occasional / Regular Shoppers
17895,1,6.363333333333333,2011-10-26 17:00:00,43,0,1,Occasional / Regular Shoppers
17896,1,128.16,2011-11-16 13:59:00,22,0,1,Occasional / Regular Shoppers
17897,3,5.016759259259259,2011-06-20 11:23:00,172,1,2,At-Risk / Fading Customers
17898,2,5.430714285714286,2011-09-15 14:56:00,84,0,1,Occasional / Regular Shoppers
17899,1,4.985483870967743,2011-07-03 14:58:00,158,1,2,At-Risk / Fading Customers
17900,2,18.7,2011-06-02 14:38:00,189,1,2,At-Risk / Fading Customers
17901,1,5.809473684210526,2011-11-10 17:29:00,28,0,1,Occasional / Regular Shoppers
17904,1,5.325588235294117,2011-11-18 12:57:00,20,0,1,Occasional / Regular Shoppers
17905,4,24.21181818181818,2011-09-29 17:33:00,70,0,1,Occasional / Regular Shoppers
17906,1,6.075,2011-04-06 17:25:00,246,1,2,At-Risk / Fading Customers
17908,1,4.2968518518518515,2010-12-01 11:45:00,373,1,2,At-Risk / Fading Customers
17911,1,9.390512820512821,2011-11-30 14:52:00,8,0,1,Occasional / Regular Shoppers
17912,5,8.38,2011-02-02 14:25:00,309,1,2,At-Risk / Fading Customers
17913,2,7.0456896551724135,2011-10-12 10:45:00,58,0,1,Occasional / Regular Shoppers
17914,1,4.391466666666667,2011-12-06 11:58:00,3,0,1,Occasional / Regular Shoppers
17917,3,3.6416304347826083,2011-10-25 13:20:00,44,0,1,Occasional / Regular Shoppers
17919,1,56.697391304347825,2011-09-12 13:41:00,87,0,1,Occasional / Regular Shoppers
17920,17,6.1947368421052635,2011-12-05 14:29:00,3,0,0,Occasional / Regular Shoppers
17921,4,5.776267605633803,2011-10-06 18:56:00,63,0,1,Occasional / Regular Shoppers
17923,1,207.50000000000003,2011-03-02 15:15:00,281,1,2,At-Risk / Fading Customers
17924,7,95.56451612903226,2011-11-28 09:11:00,11,0,1,Occasional / Regular Shoppers
17925,1,244.08,2010-12-02 10:10:00,372,1,2,At-Risk / Fading Customers
17926,2,18.91857142857143,2011-07-29 14:39:00,132,0,1,Occasional / Regular Shoppers
17928,2,9.240869565217391,2011-10-25 13:52:00,44,0,1,Occasional / Regular Shoppers
17929,4,168.6,2011-11-28 16:01:00,10,0,1,Occasional / Regular Shoppers
17930,5,44.62769230769231,2011-11-04 10:23:00,35,0,1,Occasional / Regular Shoppers
17931,2,6.282461538461539,2011-07-28 18:33:00,133,0,1,Occasional / Regular Shoppers
17932,3,14.795222222222222,2011-11-10 19:49:00,28,0,1,Occasional / Regular Shoppers
17934,2,33.535714285714285,2011-10-19 11:16:00,51,0,1,Occasional / Regular Shoppers
17935,2,5.027241379310345,2011-07-24 13:18:00,137,0,2,Occasional / Regular Shoppers
17936,1,5.279583333333333,2011-12-04 13:32:00,4,0,1,Occasional / Regular Shoppers
17937,7,100.02837209302326,2011-12-01 11:45:00,8,0,1,Occasional / Regular Shoppers
17939,1,8.261666666666667,2011-07-03 12:27:00,159,1,2,At-Risk / Fading Customers
17940,10,223.33555555555554,2011-10-21 13:27:00,48,0,1,Occasional / Regular Shoppers
17941,1,152.28,2011-08-01 08:30:00,130,0,1,Occasional / Regular Shoppers
17942,1,38.75000000000001,2011-12-02 10:45:00,7,0,1,Occasional / Regular Shoppers
17946,2,7.478999999999999,2011-04-20 17:00:00,232,1,2,At-Risk / Fading Customers
17947,1,19.63111111111111,2011-11-02 13:05:00,36,0,1,Occasional / Regular Shoppers
17948,1,358.56000000000006,2011-07-15 12:58:00,146,1,1,At-Risk / Fading Customers
17949,45,835.864,2011-12-08 18:46:00,0,3,0,VIP / Loyal Customers
17950,3,6.791549295774648,2011-09-28 15:18:00,71,0,1,Occasional / Regular Shoppers
17951,3,50.42700000000001,2011-10-31 12:30:00,39,0,1,Occasional / Regular Shoppers
17954,12,4.851425576519916,2011-12-04 14:15:00,4,0,1,Occasional / Regular Shoppers
17955,4,29.331578947368417,2011-05-25 12:00:00,198,1,2,At-Risk / Fading Customers
17956,1,12.75,2011-04-04 13:47:00,248,1,2,At-Risk / Fading Customers
17957,1,3.6025806451612907,2011-10-04 14:58:00,65,0,1,Occasional / Regular Shoppers
17958,1,72.63714285714286,2011-08-15 12:19:00,116,0,1,Occasional / Regular Shoppers
17960,1,2.8376923076923077,2011-06-21 14:15:00,170,1,2,At-Risk / Fading Customers
17961,39,5.206586345381527,2011-11-18 16:55:00,20,0,0,Occasional / Regular Shoppers
17962,1,3.0120588235294115,2011-07-20 14:16:00,141,1,2,At-Risk / Fading Customers
17964,2,4.726632653061224,2011-11-08 10:44:00,31,0,1,Occasional / Regular Shoppers
17965,14,7.997507692307693,2011-11-02 09:31:00,37,0,0,Occasional / Regular Shoppers
17966,5,16.15338235294118,2011-11-02 10:26:00,37,0,1,Occasional / Regular Shoppers
17967,1,2.673095238095238,2010-12-03 11:19:00,371,1,2,At-Risk / Fading Customers
17968,1,3.27283950617284,2010-12-01 12:23:00,373,1,2,At-Risk / Fading Customers
17969,2,16.3,2011-06-26 13:00:00,165,1,2,At-Risk / Fading Customers
17970,1,19.40655172413793,2011-05-12 20:03:00,210,1,2,At-Risk / Fading Customers
17972,1,4.506333333333333,2011-04-12 12:16:00,241,1,2,At-Risk / Fading Customers
17973,1,22.469333333333335,2011-10-19 10:34:00,51,0,1,Occasional / Regular Shoppers
17974,3,4.266606060606061,2011-11-15 11:37:00,24,0,1,Occasional / Regular Shoppers
17975,13,15.301228668941981,2011-11-24 13:27:00,14,0,1,Occasional / Regular Shoppers
17976,1,5.645438596491228,2010-12-02 13:49:00,371,1,2,At-Risk / Fading Customers
17977,1,13.72095238095238,2011-11-10 13:28:00,28,0,1,Occasional / Regular Shoppers
17978,1,25.076666666666664,2010-12-09 14:05:00,364,1,2,At-Risk / Fading Customers
17979,4,5.30731884057971,2011-11-04 12:05:00,35,0,1,Occasional / Regular Shoppers
17980,3,27.048333333333336,2011-06-27 12:01:00,165,1,2,At-Risk / Fading Customers
17984,1,3.1808333333333336,2011-07-17 15:59:00,144,1,2,At-Risk / Fading Customers
17985,1,30.064285714285717,2011-11-17 14:24:00,21,0,1,Occasional / Regular Shoppers
17986,1,20.8,2011-10-14 14:22:00,55,0,1,Occasional / Regular Shoppers
17987,1,15.274615384615384,2011-06-07 14:22:00,184,1,2,At-Risk / Fading Customers
17988,7,5.292631578947368,2011-11-28 11:00:00,11,0,1,Occasional / Regular Shoppers
17990,3,21.753103448275862,2011-04-17 11:44:00,236,1,2,At-Risk / Fading Customers
17991,2,18.669999999999998,2011-04-28 15:58:00,224,1,2,At-Risk / Fading Customers
17994,4,8.542911392405063,2011-08-10 11:41:00,121,0,1,Occasional / Regular Shoppers
17995,1,38.05,2011-03-03 12:30:00,281,1,2,At-Risk / Fading Customers
17997,8,11.966219512195122,2011-09-26 16:13:00,73,0,1,Occasional / Regular Shoppers
17999,2,4.18010989010989,2011-11-02 15:56:00,36,0,1,Occasional / Regular Shoppers
18001,2,7.282982456140351,2011-11-27 16:02:00,11,0,1,Occasional / Regular Shoppers
18004,1,4.268108108108108,2010-12-12 13:47:00,361,1,2,At-Risk / Fading Customers
18005,2,4.273018867924528,2011-12-06 11:51:00,3,0,1,Occasional / Regular Shoppers
18006,1,20.212727272727275,2011-11-16 16:52:00,22,0,1,Occasional / Regular Shoppers
18008,9,70.53966666666666,2011-09-30 15:17:00,69,0,1,Occasional / Regular Shoppers
18009,1,7.9803225806451605,2011-04-18 13:36:00,234,1,2,At-Risk / Fading Customers
18010,1,12.485714285714286,2011-03-28 12:27:00,256,1,2,At-Risk / Fading Customers
18011,1,3.671071428571428,2010-12-01 17:35:00,372,1,2,At-Risk / Fading Customers
18013,2,6.041612903225806,2011-07-07 14:11:00,154,1,2,At-Risk / Fading Customers
18014,1,5.407333333333333,2011-11-11 15:28:00,27,0,1,Occasional / Regular Shoppers
18015,1,2.6093478260869567,2011-12-05 14:49:00,3,0,1,Occasional / Regular Shoppers
18016,5,12.111967213114754,2011-11-07 13:25:00,31,0,1,Occasional / Regular Shoppers
18017,3,174.33333333333334,2011-09-19 16:15:00,80,0,1,Occasional / Regular Shoppers
18018,2,4.211724137931035,2011-08-23 17:37:00,107,0,1,Occasional / Regular Shoppers
18019,1,7.69,2011-10-19 12:10:00,51,0,1,Occasional / Regular Shoppers
18022,1,3.73609756097561,2011-11-04 12:45:00,35,0,1,Occasional / Regular Shoppers
18024,2,18.56095238095238,2011-07-10 12:40:00,152,1,2,At-Risk / Fading Customers
18027,1,5.490952380952381,2011-09-02 10:38:00,98,0,1,Occasional / Regular Shoppers
18030,2,25.627777777777776,2011-12-05 16:37:00,3,0,1,Occasional / Regular Shoppers
18032,1,14.7,2011-01-09 15:32:00,333,1,2,At-Risk / Fading Customers
18033,1,2.8430303030303032,2011-10-05 17:28:00,64,0,1,Occasional / Regular Shoppers
18034,2,3.8061818181818183,2011-11-18 12:22:00,21,0,1,Occasional / Regular Shoppers
18035,3,14.569183673469388,2011-11-04 12:39:00,35,0,1,Occasional / Regular Shoppers
18036,3,4.288510638297873,2011-11-07 14:40:00,31,0,1,Occasional / Regular Shoppers
18037,6,3.685263157894737,2011-07-08 13:39:00,153,1,1,At-Risk / Fading Customers
18040,2,18.8,2011-11-20 14:20:00,18,0,1,Occasional / Regular Shoppers
18041,21,8.94622270742358,2011-11-28 11:39:00,11,0,0,Occasional / Regular Shoppers
18042,1,23.578571428571426,2011-10-17 11:49:00,53,0,1,Occasional / Regular Shoppers
18043,3,4.6025217391304345,2011-11-15 12:48:00,24,0,1,Occasional / Regular Shoppers
18044,10,16.445669291338582,2011-12-05 14:26:00,3,0,1,Occasional / Regular Shoppers
18045,1,4.147441860465117,2011-10-25 13:07:00,44,0,1,Occasional / Regular Shoppers
18048,2,24.612857142857145,2011-05-20 14:58:00,202,1,2,At-Risk / Fading Customers
18050,1,14.88,2010-12-15 14:25:00,358,1,2,At-Risk / Fading Customers
18053,1,15.001,2011-09-30 09:05:00,70,0,1,Occasional / Regular Shoppers
18055,10,18.88642458100559,2011-12-02 14:25:00,6,0,1,Occasional / Regular Shoppers
18056,1,19.139473684210525,2011-02-24 14:27:00,287,1,2,At-Risk / Fading Customers
18058,1,56.72,2011-11-30 08:38:00,9,0,1,Occasional / Regular Shoppers
18059,3,17.025555555555556,2011-11-16 16:49:00,22,0,1,Occasional / Regular Shoppers
18061,10,46.0741304347826,2011-11-18 11:20:00,21,0,1,Occasional / Regular Shoppers
18062,3,26.685925925925925,2011-06-19 14:47:00,172,1,2,At-Risk / Fading Customers
18064,2,116.28571428571429,2011-07-29 16:39:00,132,0,1,Occasional / Regular Shoppers
18065,14,17.465912408759124,2011-12-04 10:30:00,5,0,0,Occasional / Regular Shoppers
18066,1,31.8,2011-09-25 15:30:00,74,0,1,Occasional / Regular Shoppers
18067,1,10.711621621621621,2011-10-30 15:58:00,39,0,1,Occasional / Regular Shoppers
18068,1,101.7,2011-02-23 14:50:00,288,1,2,At-Risk / Fading Customers
18069,5,4.396586433260394,2011-11-13 16:03:00,25,0,1,Occasional / Regular Shoppers
18071,2,18.12,2011-03-27 11:59:00,257,1,2,At-Risk / Fading Customers
18072,1,13.746666666666666,2011-06-07 10:44:00,185,1,2,At-Risk / Fading Customers
18073,12,53.60861111111112,2011-08-17 14:02:00,113,0,1,Occasional / Regular Shoppers
18074,1,37.66153846153846,2010-12-01 09:53:00,373,1,2,At-Risk / Fading Customers
18075,10,18.392605633802816,2011-11-16 15:21:00,22,0,1,Occasional / Regular Shoppers
18077,11,11.589282511210762,2011-12-01 13:32:00,7,0,1,Occasional / Regular Shoppers
18078,2,11.590689655172413,2011-05-06 14:32:00,216,1,2,At-Risk / Fading Customers
18079,4,29.37520325203252,2011-10-25 15:27:00,44,0,1,Occasional / Regular Shoppers
18080,2,615.75,2011-11-21 08:02:00,18,0,1,Occasional / Regular Shoppers
18081,3,20.20294117647059,2011-11-03 16:30:00,35,0,1,Occasional / Regular Shoppers
18082,1,9.726285714285714,2011-11-14 12:45:00,25,0,1,Occasional / Regular Shoppers
18084,1,90.48,2011-11-23 13:57:00,15,0,1,Occasional / Regular Shoppers
18085,2,23.79137931034483,2011-01-13 15:17:00,329,1,2,At-Risk / Fading Customers
18086,1,14.477142857142857,2011-03-10 13:34:00,273,1,2,At-Risk / Fading Customers
18087,2,2027.8600000000001,2011-09-02 15:12:00,97,0,1,Occasional / Regular Shoppers
18088,1,4.487297297297298,2011-10-09 13:41:00,60,0,1,Occasional / Regular Shoppers
18092,11,101.89056179775281,2011-12-07 13:14:00,1,0,1,Occasional / Regular Shoppers
18093,4,58.51444444444444,2011-09-07 15:43:00,92,0,1,Occasional / Regular Shoppers
18094,7,43.104285714285716,2011-09-19 09:28:00,81,0,1,Occasional / Regular Shoppers
18095,2,27.62142857142857,2011-01-31 12:50:00,312,1,2,At-Risk / Fading Customers
18096,3,4.331938775510204,2011-11-28 12:44:00,11,0,1,Occasional / Regular Shoppers
18097,6,25.116981132075473,2011-12-02 11:16:00,7,0,1,Occasional / Regular Shoppers
18099,1,8.858421052631579,2011-08-04 15:52:00,126,0,1,Occasional / Regular Shoppers
18101,2,5.5600000000000005,2011-11-28 13:37:00,10,0,1,Occasional / Regular Shoppers
18102,60,602.45313225058,2011-12-09 11:50:00,0,3,0,VIP / Loyal Customers
18104,1,19.858947368421052,2011-11-02 14:07:00,36,0,1,Occasional / Regular Shoppers
18105,1,6.304444444444446,2011-11-02 12:04:00,37,0,1,Occasional / Regular Shoppers
18106,1,11.402702702702703,2011-01-14 12:23:00,329,1,2,At-Risk / Fading Customers
18108,1,15.941176470588236,2011-03-30 13:56:00,253,1,2,At-Risk / Fading Customers
18109,26,18.151746031746033,2011-12-08 11:36:00,1,0,0,Occasional / Regular Shoppers
18110,1,5.372972972972973,2011-11-20 12:34:00,19,0,1,Occasional / Regular Shoppers
18112,2,13.565,2011-11-27 14:43:00,11,0,1,Occasional / Regular Shoppers
18113,1,76.32000000000001,2010-12-06 12:31:00,368,1,2,At-Risk / Fading Customers
18114,1,7.860714285714286,2011-02-22 13:20:00,289,1,2,At-Risk / Fading Customers
18116,8,3.781967654986523,2011-10-03 11:00:00,67,0,1,Occasional / Regular Shoppers
18117,1,4.384027777777778,2011-11-14 12:47:00,25,0,1,Occasional / Regular Shoppers
18118,26,4.453745051464766,2011-11-29 11:32:00,10,0,0,Occasional / Regular Shoppers
18119,1,6.23103448275862,2010-12-07 11:59:00,367,1,2,At-Risk / Fading Customers
18120,1,6.538235294117648,2011-05-09 13:45:00,213,1,2,At-Risk / Fading Customers
18121,2,21.0741935483871,2011-07-13 12:53:00,148,1,2,At-Risk / Fading Customers
18122,6,5.022577030812325,2011-12-01 13:08:00,7,0,1,Occasional / Regular Shoppers
18123,2,16.895294117647058,2011-11-15 14:23:00,23,0,1,Occasional / Regular Shoppers
18125,4,5.89453125,2011-11-10 12:29:00,29,0,1,Occasional / Regular Shoppers
18126,1,3.8638461538461537,2011-10-10 12:19:00,60,0,1,Occasional / Regular Shoppers
18127,3,7.545217391304347,2011-11-20 14:05:00,18,0,1,Occasional / Regular Shoppers
18129,1,8.039285714285715,2011-04-10 14:16:00,242,1,2,At-Risk / Fading Customers
18130,3,15.134142857142859,2011-11-24 14:40:00,14,0,1,Occasional / Regular Shoppers
18133,1,931.5,2011-05-11 14:14:00,211,1,2,At-Risk / Fading Customers
18135,5,34.0955,2011-11-10 19:32:00,28,0,1,Occasional / Regular Shoppers
18136,3,20.640263157894736,2011-10-07 15:40:00,62,0,1,Occasional / Regular Shoppers
18138,1,19.08125,2011-02-17 14:51:00,294,1,2,At-Risk / Fading Customers
18139,6,53.07132075471698,2011-11-22 10:44:00,17,0,1,Occasional / Regular Shoppers
18142,2,67.968,2011-07-05 13:19:00,156,1,2,At-Risk / Fading Customers
18143,2,16.396065573770493,2011-08-15 12:07:00,116,0,1,Occasional / Regular Shoppers
18144,12,67.18023255813954,2011-12-02 12:46:00,7,0,1,Occasional / Regular Shoppers
18145,4,12.94819004524887,2011-11-27 11:22:00,12,0,1,Occasional / Regular Shoppers
18146,2,16.035,2011-07-22 12:08:00,140,0,2,Occasional / Regular Shoppers
18147,2,25.62,2011-10-25 11:46:00,45,0,1,Occasional / Regular Shoppers
18149,3,38.254999999999995,2011-10-20 12:04:00,50,0,1,Occasional / Regular Shoppers
18150,3,15.312972972972974,2011-11-07 16:49:00,31,0,1,Occasional / Regular Shoppers
18151,2,17.193421052631578,2011-07-28 11:35:00,134,0,1,Occasional / Regular Shoppers
18154,2,19.009047619047617,2011-12-06 16:41:00,2,0,1,Occasional / Regular Shoppers
18155,3,14.8648,2011-09-25 13:32:00,74,0,1,Occasional / Regular Shoppers
18156,2,5.538032786885246,2011-11-27 12:24:00,12,0,1,Occasional / Regular Shoppers
18158,2,13.335294117647058,2011-11-30 16:19:00,8,0,1,Occasional / Regular Shoppers
18159,1,23.05,2011-02-11 14:26:00,300,1,2,At-Risk / Fading Customers
18160,2,16.36051282051282,2011-10-13 15:50:00,56,0,1,Occasional / Regular Shoppers
18161,5,20.233625,2011-11-24 16:40:00,14,0,1,Occasional / Regular Shoppers
18164,1,16.652083333333334,2011-11-02 12:56:00,36,0,1,Occasional / Regular Shoppers
18165,1,30.246,2011-06-15 13:23:00,176,1,2,At-Risk / Fading Customers
18167,3,37.428648648648654,2011-11-16 15:56:00,22,0,1,Occasional / Regular Shoppers
18168,6,8.923384615384615,2011-06-16 19:21:00,175,1,2,At-Risk / Fading Customers
18169,1,22.516666666666666,2011-10-10 12:18:00,60,0,1,Occasional / Regular Shoppers
18170,3,25.79763157894737,2011-11-06 14:35:00,32,0,1,Occasional / Regular Shoppers
18171,5,22.802037037037035,2011-10-12 09:13:00,58,0,1,Occasional / Regular Shoppers
18172,20,40.00888888888889,2011-11-25 11:12:00,14,0,0,Occasional / Regular Shoppers
18173,4,67.9625806451613,2011-09-14 11:26:00,86,0,1,Occasional / Regular Shoppers
18174,1,104.0,2011-12-02 16:56:00,6,0,1,Occasional / Regular Shoppers
18176,1,15.878333333333334,2010-12-16 15:45:00,357,1,2,At-Risk / Fading Customers
18177,6,18.368082191780825,2011-11-08 14:44:00,30,0,1,Occasional / Regular Shoppers
18178,4,16.400103092783503,2011-08-03 09:30:00,128,0,1,Occasional / Regular Shoppers
18179,6,19.924111111111113,2011-11-30 16:23:00,8,0,1,Occasional / Regular Shoppers
18180,6,15.493697478991596,2011-12-05 08:39:00,4,0,1,Occasional / Regular Shoppers
18181,1,8.947560975609756,2011-11-15 15:08:00,23,0,1,Occasional / Regular Shoppers
18183,2,17.082972972972975,2011-04-26 15:26:00,226,1,2,At-Risk / Fading Customers
18184,1,49.8,2011-11-24 15:28:00,14,0,1,Occasional / Regular Shoppers
18185,1,17.897058823529413,2011-04-04 13:42:00,248,1,2,At-Risk / Fading Customers
18188,3,28.183661971830986,2011-11-24 16:46:00,14,0,1,Occasional / Regular Shoppers
18189,2,16.032941176470587,2011-09-23 12:40:00,77,0,1,Occasional / Regular Shoppers
18190,2,18.964000000000002,2011-05-31 14:48:00,191,1,2,At-Risk / Fading Customers
18191,1,29.685714285714287,2011-03-23 12:08:00,261,1,2,At-Risk / Fading Customers
18192,1,21.288222222222224,2011-09-29 09:53:00,71,0,1,Occasional / Regular Shoppers
18193,1,15.235,2011-06-27 13:58:00,164,1,2,At-Risk / Fading Customers
18194,1,139.12,2011-09-18 13:29:00,81,0,1,Occasional / Regular Shoppers
18196,2,4.93978417266187,2011-09-05 16:22:00,94,0,1,Occasional / Regular Shoppers
18198,17,34.12301886792453,2011-12-05 14:49:00,3,0,0,Occasional / Regular Shoppers
18200,1,5.011666666666667,2011-08-25 18:45:00,105,0,1,Occasional / Regular Shoppers
18202,3,20.543970588235293,2011-05-24 12:12:00,199,1,2,At-Risk / Fading Customers
18203,1,8.443157894736842,2011-07-05 13:07:00,156,1,2,At-Risk / Fading Customers
18204,3,10.28828125,2011-09-29 16:44:00,70,0,1,Occasional / Regular Shoppers
18205,2,16.1675,2011-11-03 13:22:00,35,0,1,Occasional / Regular Shoppers
18209,1,17.387500000000003,2011-11-11 12:07:00,28,0,1,Occasional / Regular Shoppers
18210,6,19.562537313432838,2011-12-08 11:02:00,1,0,1,Occasional / Regular Shoppers
18211,5,14.287380952380953,2011-11-14 08:10:00,25,0,1,Occasional / Regular Shoppers
18212,1,6.3549999999999995,2011-01-17 16:14:00,325,1,2,At-Risk / Fading Customers
18213,1,15.498666666666669,2011-04-17 10:21:00,236,1,2,At-Risk / Fading Customers
18215,1,23.02615384615385,2011-09-11 16:05:00,88,0,1,Occasional / Regular Shoppers
18216,1,18.528846153846153,2011-11-08 16:55:00,30,0,1,Occasional / Regular Shoppers
18217,2,20.056451612903224,2011-11-10 13:18:00,28,0,1,Occasional / Regular Shoppers
18218,2,32.096,2011-05-12 12:53:00,210,1,2,At-Risk / Fading Customers
18219,10,18.155877192982455,2011-12-07 11:43:00,2,0,1,Occasional / Regular Shoppers
18220,1,152.64,2011-04-27 09:03:00,226,1,2,At-Risk / Fading Customers
18221,5,16.27515625,2011-11-17 14:40:00,21,0,1,Occasional / Regular Shoppers
18222,1,23.31578947368421,2011-09-08 10:45:00,92,0,1,Occasional / Regular Shoppers
18223,14,23.840220588235294,2011-12-05 09:11:00,4,0,0,Occasional / Regular Shoppers
18224,1,15.895000000000001,2011-03-21 10:30:00,263,1,2,At-Risk / Fading Customers
18225,12,20.46453531598513,2011-12-06 13:27:00,2,0,1,Occasional / Regular Shoppers
18226,11,21.603512396694217,2011-10-26 13:36:00,43,0,1,Occasional / Regular Shoppers
18227,1,18.75,2011-05-06 12:23:00,217,1,2,At-Risk / Fading Customers
18228,2,25.996666666666666,2011-10-14 09:21:00,56,0,1,Occasional / Regular Shoppers
18229,20,44.37134146341463,2011-11-28 09:48:00,11,0,0,Occasional / Regular Shoppers
18230,7,32.67674418604651,2011-11-30 13:22:00,8,0,1,Occasional / Regular Shoppers
18231,5,16.843658536585366,2011-05-31 14:18:00,191,1,2,At-Risk / Fading Customers
18232,4,16.026216216216216,2011-09-19 11:49:00,81,0,1,Occasional / Regular Shoppers
18233,1,440.0,2011-01-18 08:44:00,325,1,2,At-Risk / Fading Customers
18235,3,17.273846153846154,2011-09-29 08:27:00,71,0,1,Occasional / Regular Shoppers
18236,6,18.004897959183673,2011-11-10 08:06:00,29,0,1,Occasional / Regular Shoppers
18237,5,16.181967213114753,2011-12-07 12:49:00,2,0,1,Occasional / Regular Shoppers
18239,5,17.745568181818182,2011-05-05 12:38:00,218,1,2,At-Risk / Fading Customers
18240,1,70.42999999999999,2011-10-24 13:06:00,45,0,1,Occasional / Regular Shoppers
18241,17,19.933557692307694,2011-11-30 12:10:00,9,0,0,Occasional / Regular Shoppers
18242,4,28.62166666666667,2011-09-28 13:43:00,71,0,1,Occasional / Regular Shoppers
18245,7,14.668914285714285,2011-12-02 14:48:00,6,0,1,Occasional / Regular Shoppers
18246,2,149.025,2011-11-16 11:49:00,23,0,1,Occasional / Regular Shoppers
18248,2,17.1068085106383,2011-08-09 10:19:00,122,0,1,Occasional / Regular Shoppers
18249,1,11.9175,2011-11-22 15:07:00,16,0,1,Occasional / Regular Shoppers
18250,1,16.63190476190476,2011-02-02 13:16:00,309,1,2,At-Risk / Fading Customers
18251,1,269.67,2011-09-13 15:03:00,86,0,1,Occasional / Regular Shoppers
18252,2,5.5135106382978725,2011-10-20 12:43:00,50,0,1,Occasional / Regular Shoppers
18255,1,17.21666666666667,2011-09-11 13:16:00,88,0,1,Occasional / Regular Shoppers
18257,8,19.81042372881356,2011-10-31 14:48:00,38,0,1,Occasional / Regular Shoppers
18259,3,55.68095238095238,2011-11-15 12:34:00,24,0,1,Occasional / Regular Shoppers
18260,6,19.76203007518797,2011-06-20 12:37:00,172,1,2,At-Risk / Fading Customers
18261,2,15.440000000000001,2011-10-27 15:36:00,42,0,1,Occasional / Regular Shoppers
18262,1,11.498461538461537,2011-07-22 16:04:00,139,1,1,At-Risk / Fading Customers
18263,3,19.887868852459018,2011-11-14 09:00:00,25,0,1,Occasional / Regular Shoppers
18265,2,17.424130434782608,2011-09-28 14:10:00,71,0,1,Occasional / Regular Shoppers
18268,1,25.5,2011-07-28 19:13:00,133,0,1,Occasional / Regular Shoppers
18269,1,24.08571428571429,2010-12-08 13:53:00,365,1,2,At-Risk / Fading Customers
18270,2,25.740909090909096,2011-11-01 13:57:00,37,0,1,Occasional / Regular Shoppers
18272,6,18.54566265060241,2011-12-07 12:43:00,2,0,1,Occasional / Regular Shoppers
18273,3,68.0,2011-12-07 13:16:00,1,0,1,Occasional / Regular Shoppers
18274,1,15.992727272727272,2011-11-09 17:03:00,29,0,1,Occasional / Regular Shoppers
18276,1,23.990000000000002,2011-10-27 10:54:00,43,0,1,Occasional / Regular Shoppers
18277,1,13.7975,2011-10-12 15:22:00,57,0,1,Occasional / Regular Shoppers
18278,1,19.322222222222223,2011-09-27 11:58:00,73,0,1,Occasional / Regular Shoppers
18280,1,18.060000000000002,2011-03-07 09:52:00,277,1,2,At-Risk / Fading Customers
18281,1,11.545714285714284,2011-06-12 10:53:00,180,1,2,At-Risk / Fading Customers
18282,2,14.8375,2011-12-02 11:43:00,7,0,1,Occasional / Regular Shoppers
18283,16,2.8370735090152563,2011-12-06 12:02:00,3,0,0,Occasional / Regular Shoppers
18287,3,26.24685714285714,2011-10-28 09:29:00,42,0,1,Occasional / Regular Shoppers
