order_id,InvoiceDate,alert_type,message,severity,Quantity,UnitPrice,total_amount,amount_z_score,anomaly_score,detection_method
567423,2011-09-20 11:05:00,unusual_sales_activity,"Unusual order detected. Quantity: 12572, average unit price: 3.06, order amount: 31698.16. Detected by: Z-score, Isolation Forest. Review this order before taking action.",high,12572,3.0641666666666665,31698.159999999996,18.604234700256953,0.837557287574029,"Z-score, Isolation Forest"
551697,2011-05-03 13:46:00,unusual_sales_activity,"Unusual order detected. Quantity: 1, average unit price: 8142.75, order amount: 8142.75. Detected by: Z-score, Isolation Forest. Review this order before taking action.",high,1,8142.75,8142.75,4.5667577360912865,0.8312303030717344,"Z-score, Isolation Forest"
541431,2011-01-18 10:01:00,unusual_sales_activity,"Unusual order detected. Quantity: 74215, average unit price: 1.04, order amount: 77183.60. Detected by: Z-score, Isolation Forest. Review this order before taking action.",high,74215,1.04,77183.6,45.710568922626244,0.830222753369439,"Z-score, Isolation Forest"
571751,2011-10-19 11:18:00,unusual_sales_activity,"Unusual order detected. Quantity: 2, average unit price: 3034.03, order amount: 6068.06. Detected by: Z-score, Isolation Forest. Review this order before taking action.",high,2,3034.0299999999997,6068.0599999999995,3.3303787860842653,0.8278627487335726,"Z-score, Isolation Forest"
563614,2011-08-18 08:51:00,unusual_sales_activity,"Unusual order detected. Quantity: 12196, average unit price: 2.25, order amount: 21880.44. Detected by: Z-score, Isolation Forest. Review this order before taking action.",high,12196,2.254845360824742,21880.44,12.753518523352007,0.8268592809064906,"Z-score, Isolation Forest"
567381,2011-09-20 10:12:00,unusual_sales_activity,"Unusual order detected. Quantity: 6760, average unit price: 3.55, order amount: 22104.80. Detected by: Z-score, Isolation Forest. Review this order before taking action.",high,6760,3.5500000000000003,22104.8,12.887222344753555,0.8268592809064906,"Z-score, Isolation Forest"
581483,2011-12-09 09:15:00,unusual_sales_activity,"Unusual order detected. Quantity: 80995, average unit price: 2.08, order amount: 168469.60. Detected by: Z-score, Isolation Forest. Review this order before taking action.",high,80995,2.08,168469.6,100.11102818658418,0.8268592809064906,"Z-score, Isolation Forest"
550461,2011-04-18 13:20:00,unusual_sales_activity,"Unusual order detected. Quantity: 9014, average unit price: 2.93, order amount: 21535.90. Detected by: Z-score, Isolation Forest. Review this order before taking action.",high,9014,2.928,21535.9,12.548195316783596,0.8265597336664938,"Z-score, Isolation Forest"
556917,2011-06-15 13:37:00,unusual_sales_activity,"Unusual order detected. Quantity: 15049, average unit price: 2.05, order amount: 22775.93. Detected by: Z-score, Isolation Forest. Review this order before taking action.",high,15049,2.054855072463768,22775.93,13.287171737057086,0.8257411542384044,"Z-score, Isolation Forest"
556444,2011-06-10 15:28:00,unusual_sales_activity,"Unusual order detected. Quantity: 60, average unit price: 649.50, order amount: 38970.00. Detected by: Z-score, Isolation Forest. Review this order before taking action.",high,60,649.5,38970.0,22.93777364044515,0.8257279333090102,"Z-score, Isolation Forest"
563076,2011-08-11 16:12:00,unusual_sales_activity,"Unusual order detected. Quantity: 14730, average unit price: 2.26, order amount: 19150.66. Detected by: Z-score, Isolation Forest. Review this order before taking action.",high,14730,2.263781512605042,19150.66,11.126748967345971,0.8240667985881867,"Z-score, Isolation Forest"
572035,2011-10-20 12:03:00,unusual_sales_activity,"Unusual order detected. Quantity: 13392, average unit price: 2.60, order amount: 20277.92. Detected by: Z-score, Isolation Forest. Review this order before taking action.",high,13392,2.60208,20277.92,11.798521875676812,0.8216011518699926,"Z-score, Isolation Forest"
562439,2011-08-04 18:06:00,unusual_sales_activity,"Unusual order detected. Quantity: 11848, average unit price: 1.88, order amount: 18841.48. Detected by: Z-score, Isolation Forest. Review this order before taking action.",high,11848,1.8804545454545454,18841.48,10.942497997917686,0.8207282656782751,"Z-score, Isolation Forest"
545475,2011-03-03 10:59:00,unusual_sales_activity,"Unusual order detected. Quantity: 10272, average unit price: 3.14, order amount: 16726.84. Detected by: Z-score, Isolation Forest. Review this order before taking action.",high,10272,3.1435365853658532,16726.84,9.682311472295618,0.8205755649381063,"Z-score, Isolation Forest"
573077,2011-10-27 14:13:00,unusual_sales_activity,"Unusual order detected. Quantity: 1, average unit price: 4161.06, order amount: 4161.06. Detected by: Isolation Forest. Review this order before taking action.",high,1,4161.06,4161.06,2.1939320602296135,0.8183952502267877,Isolation Forest
573080,2011-10-27 14:20:00,unusual_sales_activity,"Unusual order detected. Quantity: 1, average unit price: 4161.06, order amount: 4161.06. Detected by: Isolation Forest. Review this order before taking action.",high,1,4161.06,4161.06,2.1939320602296135,0.8183952502267877,Isolation Forest
569382,2011-10-03 16:44:00,unusual_sales_activity,"Unusual order detected. Quantity: 1, average unit price: 3155.95, order amount: 3155.95. Detected by: Isolation Forest. Review this order before taking action.",high,1,3155.95,3155.95,1.594952527652912,0.8150796943994223,Isolation Forest
537659,2010-12-07 16:43:00,unusual_sales_activity,"Unusual order detected. Quantity: 3689, average unit price: 13.21, order amount: 15885.49. Detected by: Z-score, Isolation Forest. Review this order before taking action.",high,3689,13.207777777777778,15885.49,9.180922142039817,0.8140917211501261,"Z-score, Isolation Forest"
548813,2011-04-04 13:03:00,unusual_sales_activity,"Unusual order detected. Quantity: 4, average unit price: 1009.44, order amount: 4037.77. Detected by: Isolation Forest. Review this order before taking action.",high,4,1009.4425,4037.77,2.120459319364055,0.8139774967655946,Isolation Forest
548011,2011-03-29 11:14:00,unusual_sales_activity,"Unusual order detected. Quantity: 11116, average unit price: 2.26, order amount: 15719.56. Detected by: Z-score, Isolation Forest. Review this order before taking action.",high,11116,2.257752808988764,15719.56,9.082038762269988,0.8122898282106754,"Z-score, Isolation Forest"
569650,2011-10-05 12:44:00,unusual_sales_activity,"Unusual order detected. Quantity: 6895, average unit price: 3.21, order amount: 15643.77. Detected by: Z-score, Isolation Forest. Review this order before taking action.",high,6895,3.206666666666667,15643.77,9.03687290104685,0.8122898282106754,"Z-score, Isolation Forest"
552883,2011-05-12 10:13:00,unusual_sales_activity,"Unusual order detected. Quantity: 12266, average unit price: 2.37, order amount: 14415.74. Detected by: Z-score, Isolation Forest. Review this order before taking action.",high,12266,2.3729347826086955,14415.74,8.305047692472499,0.8104075439491153,"Z-score, Isolation Forest"
543989,2011-02-15 09:52:00,unusual_sales_activity,"Unusual order detected. Quantity: 8384, average unit price: 2.78, order amount: 14022.92. Detected by: Z-score, Isolation Forest. Review this order before taking action.",high,8384,2.778695652173913,14022.92,8.070952777501223,0.8082172664940068,"Z-score, Isolation Forest"
541220,2011-01-14 14:11:00,unusual_sales_activity,"Unusual order detected. Quantity: 6198, average unit price: 3.13, order amount: 16774.72. Detected by: Z-score, Isolation Forest. Review this order before taking action.",high,6198,3.1265853658536584,16774.72,9.710844806975178,0.8079050322345559,"Z-score, Isolation Forest"
558262,2011-06-28 08:45:00,unusual_sales_activity,"Unusual order detected. Quantity: 8998, average unit price: 1.84, order amount: 10174.94. Detected by: Z-score, Isolation Forest. Review this order before taking action.",high,8998,1.8444444444444446,10174.94,5.777809477997193,0.8062668428956596,"Z-score, Isolation Forest"
581175,2011-12-07 15:16:00,unusual_sales_activity,"Unusual order detected. Quantity: 7366, average unit price: 2.30, order amount: 10901.54. Detected by: Z-score, Isolation Forest. Review this order before taking action.",high,7366,2.2953246753246757,10901.539999999999,6.210815346379988,0.8057215182838477,"Z-score, Isolation Forest"
541206,2011-01-14 12:24:00,unusual_sales_activity,"Unusual order detected. Quantity: 8210, average unit price: 1.59, order amount: 10389.06. Detected by: Z-score, Isolation Forest. Review this order before taking action.",high,8210,1.589620253164557,10389.06,5.905410932082142,0.8056084683139993,"Z-score, Isolation Forest"
562946,2011-08-11 09:38:00,unusual_sales_activity,"Unusual order detected. Quantity: 1, average unit price: 2500.00, order amount: 2500.00. Detected by: Isolation Forest. Review this order before taking action.",high,1,2500.0,2500.0,1.204049418148791,0.8055801236336242,Isolation Forest
544479,2011-02-21 10:28:00,unusual_sales_activity,"Unusual order detected. Quantity: 8174, average unit price: 1.97, order amount: 11956.10. Detected by: Z-score, Isolation Forest. Review this order before taking action.",high,8174,1.9655263157894736,11956.1,6.8392638305002205,0.8051765625064172,"Z-score, Isolation Forest"
562789,2011-08-09 13:50:00,unusual_sales_activity,"Unusual order detected. Quantity: 7807, average unit price: 2.11, order amount: 12341.21. Detected by: Z-score, Isolation Forest. Review this order before taking action.",high,7807,2.1063541666666667,12341.21,7.0687640919548,0.8046319753139043,"Z-score, Isolation Forest"
553546,2011-05-17 15:42:00,unusual_sales_activity,"Unusual order detected. Quantity: 8268, average unit price: 2.70, order amount: 11924.80. Detected by: Z-score, Isolation Forest. Review this order before taking action.",high,8268,2.702054794520548,11924.800000000001,6.8206110866516365,0.8043985154387675,"Z-score, Isolation Forest"
540815,2011-01-11 12:55:00,unusual_sales_activity,"Unusual order detected. Quantity: 7044, average unit price: 2.17, order amount: 15160.90. Detected by: Z-score, Isolation Forest. Review this order before taking action.",high,7044,2.1666666666666665,15160.900000000001,8.749114101616629,0.8040877564570137,"Z-score, Isolation Forest"
569570,2011-10-05 10:06:00,unusual_sales_activity,"Unusual order detected. Quantity: 7020, average unit price: 2.64, order amount: 13760.02. Detected by: Z-score, Isolation Forest. Review this order before taking action.",high,7020,2.6424000000000003,13760.02,7.914281647859278,0.8033107615093503,"Z-score, Isolation Forest"
567280,2011-09-19 11:46:00,unusual_sales_activity,"Unusual order detected. Quantity: 6932, average unit price: 2.19, order amount: 10267.88. Detected by: Z-score, Isolation Forest. Review this order before taking action.",high,6932,2.185,10267.88,5.833195612607015,0.8013721784933615,"Z-score, Isolation Forest"
572209,2011-10-21 12:08:00,unusual_sales_activity,"Unusual order detected. Quantity: 1920, average unit price: 12.36, order amount: 22206.00. Detected by: Z-score, Isolation Forest. Review this order before taking action.",high,1920,12.357142857142858,22206.0,12.947530896749617,0.7998960606250983,"Z-score, Isolation Forest"
566557,2011-09-13 11:47:00,unusual_sales_activity,"Unusual order detected. Quantity: 4951, average unit price: 6.09, order amount: 8281.12. Detected by: Z-score, Isolation Forest. Review this order before taking action.",high,4951,6.088070175438596,8281.12,4.649217166325428,0.7997838280193116,"Z-score, Isolation Forest"
561901,2011-07-31 15:42:00,unusual_sales_activity,"Unusual order detected. Quantity: 5246, average unit price: 3.52, order amount: 13464.26. Detected by: Z-score, Isolation Forest. Review this order before taking action.",high,5246,3.5163157894736843,13464.26,7.738028116847861,0.7997472358244628,"Z-score, Isolation Forest"
539731,2010-12-21 15:05:00,unusual_sales_activity,"Unusual order detected. Quantity: 6668, average unit price: 1.82, order amount: 8520.92. Detected by: Z-score, Isolation Forest. Review this order before taking action.",high,6668,1.8242592592592592,8520.92,4.792122213446532,0.7986657716228114,"Z-score, Isolation Forest"
573153,2011-10-28 07:39:00,unusual_sales_activity,"Unusual order detected. Quantity: 5205, average unit price: 4.05, order amount: 8895.76. Detected by: Z-score, Isolation Forest. Review this order before taking action.",high,5205,4.054262295081967,8895.76,5.015502229555267,0.7970463167361459,"Z-score, Isolation Forest"
560445,2011-07-19 09:08:00,unusual_sales_activity,"Unusual order detected. Quantity: 5726, average unit price: 2.84, order amount: 11134.34. Detected by: Z-score, Isolation Forest. Review this order before taking action.",high,5726,2.844666666666667,11134.34,6.349548853343262,0.7967575698721496,"Z-score, Isolation Forest"
575508,2011-11-10 10:32:00,unusual_sales_activity,"Unusual order detected. Quantity: 6712, average unit price: 2.01, order amount: 8111.20. Detected by: Z-score, Isolation Forest. Review this order before taking action.",high,6712,2.0141509433962264,8111.2,4.547956008665636,0.7965072284961915,"Z-score, Isolation Forest"
563590,2011-08-17 20:02:00,unusual_sales_activity,"Unusual order detected. Quantity: 4878, average unit price: 3.15, order amount: 13031.50. Detected by: Z-score, Isolation Forest. Review this order before taking action.",high,4878,3.1500000000000004,13031.5,7.480131585604621,0.7954301456187656,"Z-score, Isolation Forest"
546789,2011-03-17 10:17:00,unusual_sales_activity,"Unusual order detected. Quantity: 6100, average unit price: 1.65, order amount: 10065.00. Detected by: Z-score, Isolation Forest. Review this order before taking action.",high,6100,1.65,10065.0,5.712292460146926,0.7927438062761737,"Z-score, Isolation Forest"
558526,2011-06-30 11:01:00,unusual_sales_activity,"Unusual order detected. Quantity: 4332, average unit price: 2.96, order amount: 13355.40. Detected by: Z-score, Isolation Forest. Review this order before taking action.",high,4332,2.961111111111111,13355.4,7.673154708050516,0.7922076280713609,"Z-score, Isolation Forest"
556255,2011-06-09 17:27:00,unusual_sales_activity,"Unusual order detected. Quantity: 3600, average unit price: 4.58, order amount: 16488.00. Detected by: Z-score, Isolation Forest. Review this order before taking action.",high,3600,4.58,16488.0,9.539978522110445,0.7911085238699146,"Z-score, Isolation Forest"
547708,2011-03-24 18:34:00,unusual_sales_activity,"Unusual order detected. Quantity: 4168, average unit price: 3.27, order amount: 11343.20. Detected by: Z-score, Isolation Forest. Review this order before taking action.",high,4168,3.269230769230769,11343.199999999999,6.474015692966755,0.7900665392815476,"Z-score, Isolation Forest"
569815,2011-10-06 11:53:00,unusual_sales_activity,"Unusual order detected. Quantity: 6016, average unit price: 2.08, order amount: 10992.96. Detected by: Z-score, Isolation Forest. Review this order before taking action.",high,6016,2.0823809523809524,10992.96,6.265295660841253,0.7900665392815476,"Z-score, Isolation Forest"
541711,2011-01-21 11:18:00,unusual_sales_activity,"Unusual order detected. Quantity: 5730, average unit price: 2.23, order amount: 8060.30. Detected by: Z-score, Isolation Forest. Review this order before taking action.",high,5730,2.2264150943396226,8060.3,4.517622952375127,0.7895321718662983,"Z-score, Isolation Forest"
563074,2011-08-11 15:58:00,unusual_sales_activity,"Unusual order detected. Quantity: 6098, average unit price: 1.89, order amount: 9349.72. Detected by: Z-score, Isolation Forest. Review this order before taking action.",high,6098,1.8890909090909092,9349.72,5.28603256813365,0.7895321718662983,"Z-score, Isolation Forest"
540689,2011-01-11 08:43:00,unusual_sales_activity,"Unusual order detected. Quantity: 4510, average unit price: 2.91, order amount: 12797.52. Detected by: Z-score, Isolation Forest. Review this order before taking action.",high,4510,2.9050000000000002,12797.52,7.340694876157599,0.7892461471600001,"Z-score, Isolation Forest"
541570,2011-01-19 12:34:00,unusual_sales_activity,"Unusual order detected. Quantity: 6072, average unit price: 1.72, order amount: 7722.04. Detected by: Z-score, Isolation Forest. Review this order before taking action.",high,6072,1.7206060606060607,7722.04,4.316042213262597,0.7889981658744487,"Z-score, Isolation Forest"
578140,2011-11-23 10:58:00,unusual_sales_activity,"Unusual order detected. Quantity: 5760, average unit price: 2.71, order amount: 7952.68. Detected by: Z-score, Isolation Forest. Review this order before taking action.",high,5760,2.713809523809524,7952.68,4.453488502120026,0.7877026229423966,"Z-score, Isolation Forest"
537657,2010-12-07 16:42:00,unusual_sales_activity,"Unusual order detected. Quantity: 2790, average unit price: 7.12, order amount: 9639.12. Detected by: Z-score, Isolation Forest. Review this order before taking action.",high,2790,7.1240000000000006,9639.12,5.458495956944525,0.7864798773665049,"Z-score, Isolation Forest"
554827,2011-05-26 15:19:00,unusual_sales_activity,"Unusual order detected. Quantity: 4664, average unit price: 2.83, order amount: 8980.88. Detected by: Z-score, Isolation Forest. Review this order before taking action.",high,4664,2.8276,8980.88,5.066228157874484,0.7849857425481903,"Z-score, Isolation Forest"
552978,2011-05-12 14:46:00,unusual_sales_activity,"Unusual order detected. Quantity: 4282, average unit price: 2.90, order amount: 9341.26. Detected by: Z-score, Isolation Forest. Review this order before taking action.",high,4282,2.8988059701492537,9341.26,5.280990963885759,0.784454811567827,"Z-score, Isolation Forest"
566934,2011-09-15 15:34:00,unusual_sales_activity,"Unusual order detected. Quantity: 2893, average unit price: 4.58, order amount: 13249.94. Detected by: Z-score, Isolation Forest. Review this order before taking action.",high,2893,4.58,13249.94,7.61030747590126,0.783650357473171,"Z-score, Isolation Forest"
543099,2011-02-03 12:00:00,unusual_sales_activity,"Unusual order detected. Quantity: 5880, average unit price: 2.09, order amount: 6549.12. Detected by: Z-score, Isolation Forest. Review this order before taking action.",high,5880,2.0905882352941174,6549.12,3.6170589444165357,0.7805030246198043,"Z-score, Isolation Forest"
581105,2011-12-07 12:14:00,unusual_sales_activity,"Unusual order detected. Quantity: 4340, average unit price: 1.92, order amount: 8345.20. Detected by: Z-score, Isolation Forest. Review this order before taking action.",high,4340,1.9228571428571428,8345.2,4.687404636798824,0.7789203983420944,"Z-score, Isolation Forest"
580727,2011-12-05 17:17:00,unusual_sales_activity,"Unusual order detected. Quantity: 2193, average unit price: 7.53, order amount: 8935.98. Detected by: Z-score, Isolation Forest. Review this order before taking action.",high,2193,7.526540642722117,8935.98,5.039470707433543,0.778538420803912,"Z-score, Isolation Forest"
576339,2011-11-14 15:27:00,unusual_sales_activity,"Unusual order detected. Quantity: 2175, average unit price: 7.02, order amount: 8425.54. Detected by: Z-score, Isolation Forest. Review this order before taking action.",high,2175,7.0153136531365305,8425.539999999999,4.735281999124551,0.7780118505178505,"Z-score, Isolation Forest"
578305,2011-11-23 15:44:00,unusual_sales_activity,"Unusual order detected. Quantity: 2111, average unit price: 6.27, order amount: 10584.77. Detected by: Z-score, Isolation Forest. Review this order before taking action.",high,2111,6.267954545454545,10584.77,6.022041235551998,0.7759091284631018,"Z-score, Isolation Forest"
564650,2011-08-26 14:17:00,unusual_sales_activity,"Unusual order detected. Quantity: 4628, average unit price: 2.92, order amount: 6429.64. Detected by: Z-score, Isolation Forest. Review this order before taking action.",high,4628,2.924390243902439,6429.639999999999,3.545856713265453,0.7754837293823805,"Z-score, Isolation Forest"
566595,2011-09-13 15:03:00,unusual_sales_activity,"Unusual order detected. Quantity: 7824, average unit price: 0.77, order amount: 4314.72. Detected by: Isolation Forest. Review this order before taking action.",high,7824,0.771875,4314.72,2.285503326037073,0.775371799851923,Isolation Forest
554366,2011-05-24 10:24:00,unusual_sales_activity,"Unusual order detected. Quantity: 3084, average unit price: 3.13, order amount: 9468.48. Detected by: Z-score, Isolation Forest. Review this order before taking action.",high,3084,3.1275,9468.48,5.356805726582784,0.7740831219855236,"Z-score, Isolation Forest"
571653,2011-10-18 12:17:00,unusual_sales_activity,"Unusual order detected. Quantity: 5918, average unit price: 1.63, order amount: 5355.68. Detected by: Isolation Forest. Review this order before taking action.",high,5918,1.6303960396039603,5355.68,2.905847103564949,0.773668117663838,Isolation Forest
574328,2011-11-04 09:05:00,unusual_sales_activity,"Unusual order detected. Quantity: 4981, average unit price: 2.27, order amount: 7271.34. Detected by: Z-score, Isolation Forest. Review this order before taking action.",high,4981,2.265048076923077,7271.34,4.0474546205291455,0.773668117663838,"Z-score, Isolation Forest"
570557,2011-10-11 11:15:00,unusual_sales_activity,"Unusual order detected. Quantity: 4176, average unit price: 2.53, order amount: 7810.56. Detected by: Z-score, Isolation Forest. Review this order before taking action.",high,4176,2.53375,7810.5599999999995,4.368794318229903,0.7729205174003521,"Z-score, Isolation Forest"
565475,2011-09-05 10:47:00,unusual_sales_activity,"Unusual order detected. Quantity: 4934, average unit price: 1.92, order amount: 7335.06. Detected by: Z-score, Isolation Forest. Review this order before taking action.",high,4934,1.9243999999999999,7335.0599999999995,4.0854275546515675,0.77262191914544,"Z-score, Isolation Forest"
579196,2011-11-28 15:54:00,unusual_sales_activity,"Unusual order detected. Quantity: 2106, average unit price: 7.37, order amount: 8107.72. Detected by: Z-score, Isolation Forest. Review this order before taking action.",high,2106,7.372439024390244,8107.72,4.545882157272887,0.7722430303408213,"Z-score, Isolation Forest"
570097,2011-10-07 12:05:00,unusual_sales_activity,"Unusual order detected. Quantity: 4176, average unit price: 2.50, order amount: 7630.56. Detected by: Z-score, Isolation Forest. Review this order before taking action.",high,4176,2.5025,7630.5599999999995,4.261526142742836,0.771875329830021,"Z-score, Isolation Forest"
567290,2011-09-19 11:54:00,unusual_sales_activity,"Unusual order detected. Quantity: 3717, average unit price: 5.81, order amount: 5350.40. Detected by: Isolation Forest. Review this order before taking action.",high,3717,5.814210526315789,5350.4,2.9027005704173283,0.771612438637193,Isolation Forest
539101,2010-12-16 10:35:00,unusual_sales_activity,"Unusual order detected. Quantity: 4800, average unit price: 2.00, order amount: 6930.00. Detected by: Z-score, Isolation Forest. Review this order before taking action.",high,4800,2.0045454545454544,6930.0,3.84403840374717,0.7710552733882761,"Z-score, Isolation Forest"
540267,2011-01-06 11:12:00,unusual_sales_activity,"Unusual order detected. Quantity: 4662, average unit price: 1.87, order amount: 7011.38. Detected by: Z-score, Isolation Forest. Review this order before taking action.",high,4662,1.871304347826087,7011.38,3.89253553775349,0.7710552733882761,"Z-score, Isolation Forest"
555920,2011-06-07 16:35:00,unusual_sales_activity,"Unusual order detected. Quantity: 2274, average unit price: 5.24, order amount: 10999.52. Detected by: Z-score, Isolation Forest. Review this order before taking action.",high,2274,5.238333333333333,10999.52,6.269204989903449,0.7708575677061326,"Z-score, Isolation Forest"
561051,2011-07-24 13:11:00,unusual_sales_activity,"Unusual order detected. Quantity: 3312, average unit price: 3.54, order amount: 7138.12. Detected by: Z-score, Isolation Forest. Review this order before taking action.",high,3312,3.5425,7138.12,3.9680642519825504,0.7705337643849591,"Z-score, Isolation Forest"
575219,2011-11-09 11:17:00,unusual_sales_activity,"Unusual order detected. Quantity: 4675, average unit price: 2.08, order amount: 7059.54. Detected by: Z-score, Isolation Forest. Review this order before taking action.",high,4675,2.0831818181818185,7059.54,3.921235734039363,0.7705337643849591,"Z-score, Isolation Forest"
561633,2011-07-28 14:33:00,unusual_sales_activity,"Unusual order detected. Quantity: 2565, average unit price: 4.40, order amount: 10303.95. Detected by: Z-score, Isolation Forest. Review this order before taking action.",high,2565,4.4,10303.95,5.854690963106008,0.7705066537795859,"Z-score, Isolation Forest"
581457,2011-12-08 18:43:00,unusual_sales_activity,"Unusual order detected. Quantity: 2414, average unit price: 4.78, order amount: 10363.82. Detected by: Z-score, Isolation Forest. Review this order before taking action.",high,2414,4.777272727272727,10363.82,5.890369550141623,0.7699855158392462,"Z-score, Isolation Forest"
571318,2011-10-17 10:50:00,unusual_sales_activity,"Unusual order detected. Quantity: 5952, average unit price: 1.30, order amount: 5296.96. Detected by: Isolation Forest. Review this order before taking action.",high,5952,1.2970000000000002,5296.96,2.8708538409838344,0.7685849221600766,Isolation Forest
560580,2011-07-19 15:23:00,unusual_sales_activity,"Unusual order detected. Quantity: 2565, average unit price: 4.58, order amount: 8801.51. Detected by: Z-score, Isolation Forest. Review this order before taking action.",high,2565,4.578333333333333,8801.51,4.959335421001622,0.7684242159180616,"Z-score, Isolation Forest"
544480,2011-02-21 10:32:00,unusual_sales_activity,"Unusual order detected. Quantity: 4034, average unit price: 2.89, order amount: 6323.38. Detected by: Z-score, Isolation Forest. Review this order before taking action.",high,4034,2.8902325581395347,6323.38,3.482532733669588,0.7666152411442094,"Z-score, Isolation Forest"
557263,2011-06-19 11:08:00,unusual_sales_activity,"Unusual order detected. Quantity: 4718, average unit price: 1.73, order amount: 5683.06. Detected by: Z-score, Isolation Forest. Review this order before taking action.",high,4718,1.7276923076923079,5683.0599999999995,3.100944077403594,0.7663743704935179,"Z-score, Isolation Forest"
541789,2011-01-21 13:07:00,unusual_sales_activity,"Unusual order detected. Quantity: 1927, average unit price: 7.31, order amount: 7544.91. Detected by: Z-score, Isolation Forest. Review this order before taking action.",high,1927,7.311397849462366,7544.91,4.21048436924024,0.7644453299066387,"Z-score, Isolation Forest"
565150,2011-09-01 14:26:00,unusual_sales_activity,"Unusual order detected. Quantity: 4871, average unit price: 1.80, order amount: 5590.67. Detected by: Z-score, Isolation Forest. Review this order before taking action.",high,4871,1.8034078212290503,5590.67,3.0458857066633156,0.7637861587769386,"Z-score, Isolation Forest"
578270,2011-11-23 13:39:00,unusual_sales_activity,"Unusual order detected. Quantity: 1801, average unit price: 7.21, order amount: 6936.52. Detected by: Z-score, Isolation Forest. Review this order before taking action.",high,1801,7.207918552036198,6936.5199999999995,3.847923895437035,0.7634116029722012,"Z-score, Isolation Forest"
580665,2011-12-05 14:06:00,unusual_sales_activity,"Unusual order detected. Quantity: 4732, average unit price: 1.99, order amount: 5401.98. Detected by: Isolation Forest. Review this order before taking action.",high,4732,1.9920689655172412,5401.98,2.9334388620374554,0.7627533232116083,Isolation Forest
556726,2011-06-14 11:31:00,unusual_sales_activity,"Unusual order detected. Quantity: 2096, average unit price: 4.53, order amount: 8915.52. Detected by: Z-score, Isolation Forest. Review this order before taking action.",high,2096,4.527777777777778,8915.52,5.027277891486514,0.7615265717908047,"Z-score, Isolation Forest"
571281,2011-10-16 13:23:00,unusual_sales_activity,"Unusual order detected. Quantity: 1624, average unit price: 5.87, order amount: 8132.31. Detected by: Z-score, Isolation Forest. Review this order before taking action.",high,1624,5.868229166666667,8132.31,4.560536181913037,0.7585027969900346,"Z-score, Isolation Forest"
553368,2011-05-16 14:24:00,unusual_sales_activity,"Unusual order detected. Quantity: 1787, average unit price: 5.24, order amount: 8895.66. Detected by: Z-score, Isolation Forest. Review this order before taking action.",high,1787,5.241176470588235,8895.66,5.01544263612444,0.7584414074254263,"Z-score, Isolation Forest"
572196,2011-10-21 11:54:00,unusual_sales_activity,"Unusual order detected. Quantity: 2782, average unit price: 3.19, order amount: 7398.54. Detected by: Z-score, Isolation Forest. Review this order before taking action.",high,2782,3.185,7398.54,4.123257464540006,0.7580164481418059,"Z-score, Isolation Forest"
574092,2011-11-03 09:28:00,unusual_sales_activity,"Unusual order detected. Quantity: 4074, average unit price: 2.40, order amount: 5500.38. Detected by: Isolation Forest. Review this order before taking action.",high,4074,2.3966666666666665,5500.38,2.992078797970386,0.7579028541063121,Isolation Forest
560729,2011-07-20 14:39:00,unusual_sales_activity,"Unusual order detected. Quantity: 3237, average unit price: 3.28, order amount: 5433.57. Detected by: Isolation Forest. Review this order before taking action.",high,3237,3.2752,5433.57,2.952264426835436,0.756991414710983,Isolation Forest
574294,2011-11-03 15:47:00,unusual_sales_activity,"Unusual order detected. Quantity: 3840, average unit price: 1.62, order amount: 5727.00. Detected by: Z-score, Isolation Forest. Review this order before taking action.",high,3840,1.6199999999999999,5727.0,3.1271294309086035,0.7560738513453142,"Z-score, Isolation Forest"
556415,2011-06-10 12:19:00,unusual_sales_activity,"Unusual order detected. Quantity: 3142, average unit price: 3.71, order amount: 6207.08. Detected by: Z-score, Isolation Forest. Review this order before taking action.",high,3142,3.71109375,6207.08,3.4132255736187775,0.7560410604430702,"Z-score, Isolation Forest"
556267,2011-06-09 19:33:00,unusual_sales_activity,"Unusual order detected. Quantity: 9811, average unit price: 1.02, order amount: 3027.31. Detected by: Isolation Forest. Review this order before taking action.",high,9811,1.0203225806451615,3027.31,1.5182915382381548,0.7559289469735233,Isolation Forest
540818,2011-01-11 12:57:00,unusual_sales_activity,"Unusual order detected. Quantity: 1970, average unit price: 4.65, order amount: 7837.50. Detected by: Z-score, Isolation Forest. Review this order before taking action.",high,1970,4.65,7837.5,4.384848788494468,0.7548578426526678,"Z-score, Isolation Forest"
553607,2011-05-18 10:47:00,unusual_sales_activity,"Unusual order detected. Quantity: 4084, average unit price: 2.42, order amount: 5176.12. Detected by: Isolation Forest. Review this order before taking action.",high,4084,2.4212000000000002,5176.12,2.7988411391735166,0.7522831385787321,Isolation Forest
563563,2011-08-17 14:03:00,unusual_sales_activity,"Unusual order detected. Quantity: 2864, average unit price: 2.58, order amount: 6578.08. Detected by: Z-score, Isolation Forest. Review this order before taking action.",high,2864,2.57875,6578.08,3.6343172019837886,0.7521775864937947,"Z-score, Isolation Forest"
574341,2011-11-04 10:09:00,unusual_sales_activity,"Unusual order detected. Quantity: 4752, average unit price: 0.96, order amount: 4557.60. Detected by: Isolation Forest. Review this order before taking action.",high,4752,0.9590909090909091,4557.6,2.430243850827623,0.7521202904635172,Isolation Forest
574740,2011-11-06 16:07:00,unusual_sales_activity,"Unusual order detected. Quantity: 2708, average unit price: 3.35, order amount: 6207.67. Detected by: Z-score, Isolation Forest. Review this order before taking action.",high,2708,3.3486259541984733,6207.67,3.413577174860652,0.7518870017445809,"Z-score, Isolation Forest"
574295,2011-11-03 15:47:00,unusual_sales_activity,"Unusual order detected. Quantity: 1952, average unit price: 4.74, order amount: 7427.32. Detected by: Z-score, Isolation Forest. Review this order before taking action.",high,1952,4.736666666666666,7427.32,4.140408453931772,0.7502752707116489,"Z-score, Isolation Forest"
546530,2011-03-14 13:25:00,unusual_sales_activity,"Unusual order detected. Quantity: 5156, average unit price: 1.47, order amount: 4400.28. Detected by: Isolation Forest. Review this order before taking action.",high,5156,1.4651851851851854,4400.28,2.3364914654519255,0.7502180197935016,Isolation Forest
572696,2011-10-25 14:23:00,unusual_sales_activity,"Unusual order detected. Quantity: 1001, average unit price: 65.04, order amount: 3640.00. Detected by: Isolation Forest. Review this order before taking action.",high,1001,65.0425,3640.0,1.883414529566884,0.7498891963489539,Isolation Forest
576374,2011-11-15 08:50:00,unusual_sales_activity,"Unusual order detected. Quantity: 3154, average unit price: 2.37, order amount: 6260.90. Detected by: Z-score, Isolation Forest. Review this order before taking action.",high,3154,2.366842105263158,6260.900000000001,3.445298758089411,0.74923542203437,"Z-score, Isolation Forest"
558775,2011-07-04 10:20:00,unusual_sales_activity,"Unusual order detected. Quantity: 1700, average unit price: 4.58, order amount: 7786.00. Detected by: Z-score, Isolation Forest. Review this order before taking action.",high,1700,4.58,7786.0,4.354158171619002,0.7487539372619514,"Z-score, Isolation Forest"
543518,2011-02-09 11:21:00,unusual_sales_activity,"Unusual order detected. Quantity: 2962, average unit price: 2.41, order amount: 5735.24. Detected by: Z-score, Isolation Forest. Review this order before taking action.",high,2962,2.40875,5735.24,3.1320399296086783,0.7460953540977698,"Z-score, Isolation Forest"
550344,2011-04-18 09:00:00,unusual_sales_activity,"Unusual order detected. Quantity: 6432, average unit price: 0.66, order amount: 2949.12. Detected by: Isolation Forest. Review this order before taking action.",high,6432,0.6614285714285714,2949.12,1.4716954346751892,0.7448337864764469,Isolation Forest
551351,2011-04-28 10:20:00,unusual_sales_activity,"Unusual order detected. Quantity: 4476, average unit price: 1.39, order amount: 4390.56. Detected by: Isolation Forest. Review this order before taking action.",high,4476,1.39125,4390.56,2.3306989839756245,0.744655285952269,Isolation Forest
555400,2011-06-02 17:50:00,unusual_sales_activity,"Unusual order detected. Quantity: 1330, average unit price: 7.30, order amount: 5913.90. Detected by: Z-score, Isolation Forest. Review this order before taking action.",high,1330,7.300000000000001,5913.9,3.238509553122675,0.7445378167112875,"Z-score, Isolation Forest"
557125,2011-06-16 18:40:00,unusual_sales_activity,"Unusual order detected. Quantity: 3104, average unit price: 2.54, order amount: 5405.48. Detected by: Isolation Forest. Review this order before taking action.",high,3104,2.5363636363636366,5405.48,2.935524632116371,0.7440788923241315,Isolation Forest
563613,2011-08-18 08:49:00,unusual_sales_activity,"Unusual order detected. Quantity: 3028, average unit price: 4.12, order amount: 4873.81. Detected by: Isolation Forest. Review this order before taking action.",high,3028,4.124736842105263,4873.8099999999995,2.6186842384429867,0.7433723332732319,Isolation Forest
566935,2011-09-15 15:35:00,unusual_sales_activity,"Unusual order detected. Quantity: 1500, average unit price: 4.58, order amount: 6870.00. Detected by: Z-score, Isolation Forest. Review this order before taking action.",high,1500,4.58,6870.0,3.8082823452514813,0.7426993890599844,"Z-score, Isolation Forest"
575335,2011-11-09 13:56:00,unusual_sales_activity,"Unusual order detected. Quantity: 3684, average unit price: 1.50, order amount: 4961.20. Detected by: Isolation Forest. Review this order before taking action.",high,3684,1.4955555555555557,4961.2,2.670762937641958,0.7425165489611097,Isolation Forest
566494,2011-09-13 11:12:00,unusual_sales_activity,"Unusual order detected. Quantity: 4072, average unit price: 1.22, order amount: 4114.08. Detected by: Isolation Forest. Review this order before taking action.",high,4072,1.2217647058823529,4114.08,2.165935066427489,0.7409039939767363,Isolation Forest
577747,2011-11-21 14:21:00,unusual_sales_activity,"Unusual order detected. Quantity: 1182, average unit price: 6.67, order amount: 5490.24. Detected by: Isolation Forest. Review this order before taking action.",high,1182,6.670714285714285,5490.24,2.986036024084614,0.7405930785283182,Isolation Forest
562348,2011-08-04 12:36:00,unusual_sales_activity,"Unusual order detected. Quantity: 3005, average unit price: 2.64, order amount: 5162.74. Detected by: Isolation Forest. Review this order before taking action.",high,3005,2.6408771929824564,5162.74,2.790867538128978,0.7405631890930311,Isolation Forest
569343,2011-10-03 14:34:00,unusual_sales_activity,"Unusual order detected. Quantity: 1764, average unit price: 4.12, order amount: 7298.76. Detected by: Z-score, Isolation Forest. Review this order before taking action.",high,1764,4.116153846153846,7298.76,4.063795139261676,0.7401969248914935,"Z-score, Isolation Forest"
569010,2011-09-30 07:36:00,unusual_sales_activity,"Unusual order detected. Quantity: 2720, average unit price: 2.55, order amount: 5867.08. Detected by: Z-score, Isolation Forest. Review this order before taking action.",high,2720,2.5496296296296297,5867.08,3.2106079088098727,0.7400623036390741,"Z-score, Isolation Forest"
561655,2011-07-28 16:00:00,unusual_sales_activity,"Unusual order detected. Quantity: 1828, average unit price: 3.77, order amount: 6591.60. Detected by: Z-score, Isolation Forest. Review this order before taking action.",high,1828,3.774285714285714,6591.6,3.6423742338314837,0.7390360057147544,"Z-score, Isolation Forest"
581020,2011-12-07 10:12:00,unusual_sales_activity,"Unusual order detected. Quantity: 3295, average unit price: 2.38, order amount: 4949.24. Detected by: Isolation Forest. Review this order before taking action.",high,3295,2.3762499999999998,4949.24,2.6636355633151507,0.7376664546861149,Isolation Forest
543379,2011-02-07 15:37:00,unusual_sales_activity,"Unusual order detected. Quantity: 1420, average unit price: 4.33, order amount: 6155.72. Detected by: Z-score, Isolation Forest. Review this order before taking action.",high,1420,4.33,6155.719999999999,3.3826183875464673,0.7371924045349741,"Z-score, Isolation Forest"
567385,2011-09-20 10:27:00,unusual_sales_activity,"Unusual order detected. Quantity: 2472, average unit price: 3.14, order amount: 5639.52. Detected by: Z-score, Isolation Forest. Review this order before taking action.",high,2472,3.1359090909090908,5639.52,3.0749970976218894,0.7369532388472841,"Z-score, Isolation Forest"
576394,2011-11-15 10:32:00,unusual_sales_activity,"Unusual order detected. Quantity: 2890, average unit price: 2.07, order amount: 4925.80. Detected by: Isolation Forest. Review this order before taking action.",high,2890,2.0665384615384617,4925.8,2.649666863129502,0.7363843463101339,Isolation Forest
552039,2011-05-06 08:10:00,unusual_sales_activity,"Unusual order detected. Quantity: 3253, average unit price: 2.30, order amount: 4655.85. Detected by: Isolation Forest. Review this order before taking action.",high,3253,2.3030113636363634,4655.85,2.4887943966143142,0.7350160510721632,Isolation Forest
546992,2011-03-18 13:18:00,unusual_sales_activity,"Unusual order detected. Quantity: 3004, average unit price: 2.76, order amount: 4666.44. Detected by: Isolation Forest. Review this order before taking action.",high,3004,2.7624999999999997,4666.4400000000005,2.4951053409388035,0.731723209557265,Isolation Forest
573002,2011-10-27 12:09:00,unusual_sales_activity,"Unusual order detected. Quantity: 3069, average unit price: 1.76, order amount: 4534.22. Detected by: Isolation Forest. Review this order before taking action.",high,3069,1.7564000000000002,4534.22,2.4163109067004696,0.731278151953947,Isolation Forest
547362,2011-03-22 12:33:00,unusual_sales_activity,"Unusual order detected. Quantity: 4686, average unit price: 1.51, order amount: 3221.88. Detected by: Isolation Forest. Review this order before taking action.",high,4686,1.51,3221.88,1.634242476596592,0.7301746324838735,Isolation Forest
554868,2011-05-27 10:52:00,unusual_sales_activity,"Unusual order detected. Quantity: 4300, average unit price: 0.72, order amount: 3096.00. Detected by: Isolation Forest. Review this order before taking action.",high,4300,0.72,3096.0,1.5592262658726361,0.7301282669930618,Isolation Forest
578125,2011-11-23 10:31:00,unusual_sales_activity,"Unusual order detected. Quantity: 3806, average unit price: 1.44, order amount: 3956.68. Detected by: Isolation Forest. Review this order before taking action.",high,3806,1.4397777777777778,3956.6800000000003,2.072135006307131,0.728706209367321,Isolation Forest
556845,2011-06-15 11:30:00,unusual_sales_activity,"Unusual order detected. Quantity: 3007, average unit price: 2.18, order amount: 4415.44. Detected by: Isolation Forest. Review this order before taking action.",high,3007,2.1836363636363636,4415.4400000000005,2.34552582956517,0.7280866958095532,Isolation Forest
560504,2011-07-19 11:47:00,unusual_sales_activity,"Unusual order detected. Quantity: 3089, average unit price: 2.24, order amount: 4406.61. Detected by: Isolation Forest. Review this order before taking action.",high,3089,2.238370786516854,4406.61,2.3402637296232207,0.7280866958095532,Isolation Forest
574293,2011-11-03 15:32:00,unusual_sales_activity,"Unusual order detected. Quantity: 2290, average unit price: 2.38, order amount: 6162.62. Detected by: Z-score, Isolation Forest. Review this order before taking action.",high,2290,2.3800000000000003,6162.620000000001,3.3867303342734725,0.7277625031697202,"Z-score, Isolation Forest"
542789,2011-02-01 10:38:00,unusual_sales_activity,"Unusual order detected. Quantity: 2945, average unit price: 1.82, order amount: 4446.88. Detected by: Isolation Forest. Review this order before taking action.",high,2945,1.8206896551724137,4446.88,2.3642620042169114,0.7263471241928126,Isolation Forest
572051,2011-10-20 12:24:00,unusual_sales_activity,"Unusual order detected. Quantity: 3020, average unit price: 1.87, order amount: 4311.48. Detected by: Isolation Forest. Review this order before taking action.",high,3020,1.8745,4311.48,2.2835724988783057,0.7263471241928126,Isolation Forest
551747,2011-05-04 11:00:00,unusual_sales_activity,"Unusual order detected. Quantity: 4760, average unit price: 1.03, order amount: 2805.28. Detected by: Isolation Forest. Review this order before taking action.",high,4760,1.0250000000000001,2805.2799999999997,1.385976243774857,0.7249463379424678,Isolation Forest
547812,2011-03-25 14:06:00,unusual_sales_activity,"Unusual order detected. Quantity: 1336, average unit price: 4.33, order amount: 5513.32. Detected by: Isolation Forest. Review this order before taking action.",high,1336,4.3275,5513.32,2.9997901879192894,0.7247970225788531,Isolation Forest
576653,2011-11-16 10:45:00,unusual_sales_activity,"Unusual order detected. Quantity: 2900, average unit price: 2.37, order amount: 4391.16. Detected by: Isolation Forest. Review this order before taking action.",high,2900,2.3673076923076923,4391.16,2.331056544560581,0.7244363017004685,Isolation Forest
567721,2011-09-22 10:38:00,unusual_sales_activity,"Unusual order detected. Quantity: 2408, average unit price: 3.34, order amount: 4860.64. Detected by: Isolation Forest. Review this order before taking action.",high,2408,3.3445454545454543,4860.64,2.6108357836031835,0.7244324545931268,Isolation Forest
553470,2011-05-17 11:27:00,unusual_sales_activity,"Unusual order detected. Quantity: 1325, average unit price: 4.35, order amount: 5410.06. Detected by: Isolation Forest. Review this order before taking action.",high,1325,4.3500000000000005,5410.0599999999995,2.9382540112482083,0.7238169103655555,Isolation Forest
536783,2010-12-02 15:19:00,unusual_sales_activity,"Unusual order detected. Quantity: 2909, average unit price: 1.75, order amount: 4076.48. Detected by: Isolation Forest. Review this order before taking action.",high,2909,1.7515789473684211,4076.48,2.143527936436857,0.723404481943068,Isolation Forest
544612,2011-02-22 10:43:00,unusual_sales_activity,"Unusual order detected. Quantity: 3906, average unit price: 0.82, order amount: 3202.92. Detected by: Isolation Forest. Review this order before taking action.",high,3906,0.82,3202.9199999999996,1.622943562111954,0.7232449912579418,Isolation Forest
573576,2011-10-31 14:09:00,unusual_sales_activity,"Unusual order detected. Quantity: 1265, average unit price: 6.10, order amount: 4941.71. Detected by: Isolation Forest. Review this order before taking action.",high,1265,6.09848275862069,4941.71,2.659148177973942,0.7231310985865127,Isolation Forest
566931,2011-09-15 15:27:00,unusual_sales_activity,"Unusual order detected. Quantity: 1250, average unit price: 4.58, order amount: 5725.00. Detected by: Z-score, Isolation Forest. Review this order before taking action.",high,1250,4.58,5725.0,3.125937562292081,0.7228381235163539,"Z-score, Isolation Forest"
554845,2011-05-26 19:49:00,unusual_sales_activity,"Unusual order detected. Quantity: 2140, average unit price: 2.12, order amount: 5518.68. Detected by: Z-score, Isolation Forest. Review this order before taking action.",high,2140,2.12375,5518.68,3.002984395811571,0.7220872051063038,"Z-score, Isolation Forest"
573263,2011-10-28 12:34:00,unusual_sales_activity,"Unusual order detected. Quantity: 3917, average unit price: 1.33, order amount: 3304.03. Detected by: Isolation Forest. Review this order before taking action.",high,3917,1.3277272727272729,3304.03,1.683198480020273,0.720995168409058,Isolation Forest
549027,2011-04-05 17:02:00,unusual_sales_activity,"Unusual order detected. Quantity: 1600, average unit price: 3.39, order amount: 5424.00. Detected by: Isolation Forest. Review this order before taking action.",high,1600,3.39,5424.0,2.9465613355053737,0.7206900440909874,Isolation Forest
558776,2011-07-04 10:20:00,unusual_sales_activity,"Unusual order detected. Quantity: 1200, average unit price: 4.58, order amount: 5496.00. Detected by: Isolation Forest. Review this order before taking action.",high,1200,4.58,5496.0,2.9894686057002007,0.720396943105701,Isolation Forest
570672,2011-10-11 14:52:00,unusual_sales_activity,"Unusual order detected. Quantity: 2801, average unit price: 2.89, order amount: 4279.71. Detected by: Isolation Forest. Review this order before taking action.",high,2801,2.891158301158301,4279.71,2.2646396659048387,0.7198854427978052,Isolation Forest
538991,2010-12-15 11:53:00,unusual_sales_activity,"Unusual order detected. Quantity: 3944, average unit price: 1.61, order amount: 3240.40. Detected by: Isolation Forest. Review this order before taking action.",high,3944,1.6117777777777778,3240.4,1.6452791799855946,0.718908955239986,Isolation Forest
538191,2010-12-10 10:49:00,unusual_sales_activity,"Unusual order detected. Quantity: 1559, average unit price: 3.22, order amount: 5375.28. Detected by: Isolation Forest. Review this order before taking action.",high,1559,3.218125,5375.28,2.917527416006874,0.7180885606339225,Isolation Forest
549927,2011-04-13 10:19:00,unusual_sales_activity,"Unusual order detected. Quantity: 3300, average unit price: 1.92, order amount: 3694.36. Detected by: Isolation Forest. Review this order before taking action.",high,3300,1.9152380952380952,3694.36,1.9158095185639783,0.7179487780751683,Isolation Forest
559919,2011-07-13 15:30:00,unusual_sales_activity,"Unusual order detected. Quantity: 4308, average unit price: 0.69, order amount: 2735.16. Detected by: Isolation Forest. Review this order before taking action.",high,4308,0.6886363636363636,2735.16,1.3441893300795618,0.7177649879281255,Isolation Forest
573003,2011-10-27 12:11:00,unusual_sales_activity,"Unusual order detected. Quantity: 2400, average unit price: 2.08, order amount: 4992.00. Detected by: Isolation Forest. Review this order before taking action.",high,2400,2.08,4992.0,2.6891177143364122,0.7164067812018626,Isolation Forest
575919,2011-11-11 17:00:00,unusual_sales_activity,"Unusual order detected. Quantity: 2683, average unit price: 2.18, order amount: 4041.18. Detected by: Isolation Forest. Review this order before taking action.",high,2683,2.1796385542168673,4041.18,2.1224914553552265,0.7158749285313256,Isolation Forest
576923,2011-11-17 10:52:00,unusual_sales_activity,"Unusual order detected. Quantity: 2210, average unit price: 3.14, order amount: 4808.48. Detected by: Isolation Forest. Review this order before taking action.",high,2210,3.1432258064516128,4808.48,2.579751850084264,0.7155799705561736,Isolation Forest
572193,2011-10-21 11:33:00,unusual_sales_activity,"Unusual order detected. Quantity: 3176, average unit price: 2.84, order amount: 3648.60. Detected by: Isolation Forest. Review this order before taking action.",high,3176,2.8390909090909093,3648.6,1.8885395646179328,0.7149398333938907,Isolation Forest
574352,2011-11-04 10:38:00,unusual_sales_activity,"Unusual order detected. Quantity: 1776, average unit price: 3.21, order amount: 5292.72. Detected by: Isolation Forest. Review this order before taking action.",high,1776,3.207142857142857,5292.72,2.868327079516806,0.7144909169728086,Isolation Forest
567610,2011-09-21 11:30:00,unusual_sales_activity,"Unusual order detected. Quantity: 2612, average unit price: 2.62, order amount: 4463.08. Detected by: Isolation Forest. Review this order before taking action.",high,2612,2.6209523809523807,4463.08,2.373916140010747,0.7141158514354778,Isolation Forest
567656,2011-09-21 14:40:00,unusual_sales_activity,"Unusual order detected. Quantity: 1211, average unit price: 6.15, order amount: 4936.65. Detected by: Isolation Forest. Review this order before taking action.",high,1211,6.154465558194774,4936.65,2.6561327503741388,0.7135098248245481,Isolation Forest
569255,2011-10-03 11:01:00,unusual_sales_activity,"Unusual order detected. Quantity: 1934, average unit price: 2.82, order amount: 5164.66. Detected by: Isolation Forest. Review this order before taking action.",high,1934,2.822222222222222,5164.66,2.79201173200084,0.7127838288928611,Isolation Forest
571937,2011-10-20 09:28:00,unusual_sales_activity,"Unusual order detected. Quantity: 4462, average unit price: 1.55, order amount: 2856.14. Detected by: Isolation Forest. Review this order before taking action.",high,4462,1.5535714285714286,2856.14,1.4162854626930361,0.7116201059506576,Isolation Forest
546438,2011-03-14 09:59:00,unusual_sales_activity,"Unusual order detected. Quantity: 2224, average unit price: 4.05, order amount: 3840.88. Detected by: Isolation Forest. Review this order before taking action.",high,2224,4.052894736842105,3840.88,2.0031258134104513,0.7105466268132685,Isolation Forest
562880,2011-08-10 10:53:00,unusual_sales_activity,"Unusual order detected. Quantity: 2630, average unit price: 1.84, order amount: 4105.94. Detected by: Isolation Forest. Review this order before taking action.",high,2630,1.8386206896551724,4105.9400000000005,2.1610841611582408,0.7103094247858486,Isolation Forest
561645,2011-07-28 15:16:00,unusual_sales_activity,"Unusual order detected. Quantity: 2270, average unit price: 3.26, order amount: 4345.10. Detected by: Isolation Forest. Review this order before taking action.",high,2270,3.264838709677419,4345.1,2.3036078103220574,0.7093135982756985,Isolation Forest
562374,2011-08-04 14:40:00,unusual_sales_activity,"Unusual order detected. Quantity: 2270, average unit price: 3.26, order amount: 4345.10. Detected by: Isolation Forest. Review this order before taking action.",high,2270,3.264838709677419,4345.1,2.3036078103220574,0.7093135982756985,Isolation Forest
556927,2011-06-15 14:47:00,unusual_sales_activity,"Unusual order detected. Quantity: 2642, average unit price: 2.26, order amount: 3876.86. Detected by: Isolation Forest. Review this order before taking action.",high,2642,2.2622222222222224,3876.86,2.0245675298216996,0.7086464032851145,Isolation Forest
569263,2011-10-03 11:37:00,unusual_sales_activity,"Unusual order detected. Quantity: 1702, average unit price: 3.25, order amount: 4849.10. Detected by: Isolation Forest. Review this order before taking action.",high,1702,3.2507692307692313,4849.1,2.6039587016858463,0.7081347099867403,Isolation Forest
574363,2011-11-04 10:57:00,unusual_sales_activity,"Unusual order detected. Quantity: 1418, average unit price: 3.73, order amount: 5028.76. Detected by: Isolation Forest. Review this order before taking action.",high,1418,3.7323076923076925,5028.76,2.7110242595081044,0.7077950331565643,Isolation Forest
575607,2011-11-10 12:37:00,unusual_sales_activity,"Unusual order detected. Quantity: 1014, average unit price: 6.48, order amount: 4358.00. Detected by: Isolation Forest. Review this order before taking action.",high,1014,6.477135278514589,4358.0,2.31129536289863,0.7075984212468062,Isolation Forest
581375,2011-12-08 12:36:00,unusual_sales_activity,"Unusual order detected. Quantity: 1056, average unit price: 7.85, order amount: 3599.40. Detected by: Isolation Forest. Review this order before taking action.",high,1056,7.850833333333334,3599.4,1.8592195966514677,0.7075720076259359,Isolation Forest
580652,2011-12-05 13:33:00,unusual_sales_activity,"Unusual order detected. Quantity: 3920, average unit price: 0.93, order amount: 2430.08. Detected by: Isolation Forest. Review this order before taking action.",high,3920,0.9281818181818182,2430.08,1.162381691315148,0.7075395784028492,Isolation Forest
567183,2011-09-18 15:32:00,unusual_sales_activity,"Unusual order detected. Quantity: 2709, average unit price: 2.70, order amount: 3790.17. Detected by: Isolation Forest. Review this order before taking action.",high,2709,2.695892857142857,3790.17,1.9729059846385113,0.7063366647814666,Isolation Forest
544672,2011-02-22 15:45:00,unusual_sales_activity,"Unusual order detected. Quantity: 2940, average unit price: 1.42, order amount: 3211.70. Detected by: Isolation Forest. Review this order before taking action.",high,2940,1.4227272727272728,3211.7,1.62817586533849,0.7053489500300942,Isolation Forest
562046,2011-08-02 10:34:00,unusual_sales_activity,"Unusual order detected. Quantity: 2529, average unit price: 3.00, order amount: 4008.62. Detected by: Isolation Forest. Review this order before taking action.",high,2529,2.9974429223744297,4008.62,2.1030878342782326,0.7044117540713484,Isolation Forest
544667,2011-02-22 15:09:00,unusual_sales_activity,"Unusual order detected. Quantity: 2874, average unit price: 1.92, order amount: 3336.76. Detected by: Isolation Forest. Review this order before taking action.",high,2874,1.924705882352941,3336.7599999999998,1.7027034099296712,0.7042603508349096,Isolation Forest
554272,2011-05-23 13:08:00,unusual_sales_activity,"Unusual order detected. Quantity: 3863, average unit price: 1.28, order amount: 2843.60. Detected by: Isolation Forest. Review this order before taking action.",high,3863,1.2816666666666665,2843.6,1.4088124464674372,0.704191626421069,Isolation Forest
569492,2011-10-04 13:30:00,unusual_sales_activity,"Unusual order detected. Quantity: 2584, average unit price: 1.62, order amount: 3733.00. Detected by: Isolation Forest. Review this order before taking action.",high,2584,1.6199999999999999,3733.0,1.9388364202352022,0.7039992027064559,Isolation Forest
561902,2011-07-31 15:50:00,unusual_sales_activity,"Unusual order detected. Quantity: 2567, average unit price: 3.22, order amount: 3633.58. Detected by: Isolation Forest. Review this order before taking action.",high,2567,3.2241666666666666,3633.58,1.8795886313078451,0.7028935551938422,Isolation Forest
546212,2011-03-10 11:33:00,unusual_sales_activity,"Unusual order detected. Quantity: 2826, average unit price: 2.55, order amount: 3500.50. Detected by: Isolation Forest. Review this order before taking action.",high,2826,2.5518518518518523,3500.5,1.8002816935644068,0.702796132223728,Isolation Forest
567306,2011-09-19 13:32:00,unusual_sales_activity,"Unusual order detected. Quantity: 2262, average unit price: 2.29, order amount: 4366.78. Detected by: Isolation Forest. Review this order before taking action.",high,2262,2.2941509433962266,4366.78,2.316527666125166,0.7027251512414836,Isolation Forest
565291,2011-09-02 11:53:00,unusual_sales_activity,"Unusual order detected. Quantity: 1680, average unit price: 2.93, order amount: 4913.52. Detected by: Isolation Forest. Review this order before taking action.",high,1680,2.932,4913.52,2.642348789824051,0.702629381857958,Isolation Forest
571255,2011-10-14 17:13:00,unusual_sales_activity,"Unusual order detected. Quantity: 1006, average unit price: 7.28, order amount: 3528.34. Detected by: Isolation Forest. Review this order before taking action.",high,1006,7.282,3528.34,1.8168725047064067,0.7010325439574534,Isolation Forest
560360,2011-07-18 11:55:00,unusual_sales_activity,"Unusual order detected. Quantity: 2160, average unit price: 3.07, order amount: 3949.32. Detected by: Isolation Forest. Review this order before taking action.",high,2160,3.0728,3949.32,2.0677489297983267,0.7007275733529722,Isolation Forest
567458,2011-09-20 12:21:00,unusual_sales_activity,"Unusual order detected. Quantity: 2016, average unit price: 2.31, order amount: 4563.84. Detected by: Isolation Forest. Review this order before taking action.",high,2016,2.312857142857143,4563.84,2.4339624809111746,0.7007275733529722,Isolation Forest
547832,2011-03-25 16:25:00,unusual_sales_activity,"Unusual order detected. Quantity: 2379, average unit price: 2.00, order amount: 3962.06. Detected by: Isolation Forest. Review this order before taking action.",high,2379,1.9968181818181818,3962.06,2.075341132885578,0.6999800036089733,Isolation Forest
574056,2011-11-02 14:09:00,unusual_sales_activity,"Unusual order detected. Quantity: 2454, average unit price: 1.90, order amount: 3949.66. Detected by: Isolation Forest. Review this order before taking action.",high,2454,1.9013333333333333,3949.66,2.0679515474631356,0.6999800036089733,Isolation Forest
571441,2011-10-17 13:31:00,unusual_sales_activity,"Unusual order detected. Quantity: 995, average unit price: 6.21, order amount: 4050.61. Detected by: Isolation Forest. Review this order before taking action.",high,995,6.206703296703296,4050.61,2.1281111158821324,0.6999797108365065,Isolation Forest
540372,2011-01-06 16:41:00,unusual_sales_activity,"Unusual order detected. Quantity: 2602, average unit price: 2.37, order amount: 3527.64. Detected by: Isolation Forest. Review this order before taking action.",high,2602,2.3710650887573963,3527.64,1.8164553506906234,0.6986276389366609,Isolation Forest
570094,2011-10-07 11:56:00,unusual_sales_activity,"Unusual order detected. Quantity: 2304, average unit price: 2.60, order amount: 4186.08. Detected by: Isolation Forest. Review this order before taking action.",high,2304,2.5975,4186.08,2.2088423366223155,0.6981584391330617,Isolation Forest
567852,2011-09-22 13:21:00,unusual_sales_activity,"Unusual order detected. Quantity: 784, average unit price: 6.52, order amount: 4117.40. Detected by: Isolation Forest. Review this order before taking action.",high,784,6.518461538461539,4117.400000000001,2.1679135683309174,0.6978349881032719,Isolation Forest
555284,2011-06-02 09:37:00,unusual_sales_activity,"Unusual order detected. Quantity: 3280, average unit price: 1.58, order amount: 3056.72. Detected by: Isolation Forest. Review this order before taking action.",high,3280,1.5845714285714285,3056.7200000000003,1.5358179662441251,0.69742519333618,Isolation Forest
538353,2010-12-10 15:31:00,unusual_sales_activity,"Unusual order detected. Quantity: 2420, average unit price: 2.24, order amount: 3762.66. Detected by: Isolation Forest. Review this order before taking action.",high,2420,2.244736842105263,3762.66,1.9565118318182377,0.6973076801619635,Isolation Forest
567384,2011-09-20 10:23:00,unusual_sales_activity,"Unusual order detected. Quantity: 1876, average unit price: 2.19, order amount: 4418.00. Detected by: Isolation Forest. Review this order before taking action.",high,1876,2.185625,4418.0,2.3470514213943194,0.6960025489447311,Isolation Forest
539338,2010-12-17 10:54:00,unusual_sales_activity,"Unusual order detected. Quantity: 3714, average unit price: 1.49, order amount: 2646.30. Detected by: Isolation Forest. Review this order before taking action.",high,3714,1.4948000000000001,2646.2999999999997,1.2912346074474461,0.6954091128779495,Isolation Forest
540176,2011-01-05 12:40:00,unusual_sales_activity,"Unusual order detected. Quantity: 1914, average unit price: 3.27, order amount: 3862.14. Detected by: Isolation Forest. Review this order before taking action.",high,1914,3.268529411764706,3862.14,2.0157953768040904,0.6949638509173377,Isolation Forest
566929,2011-09-15 15:21:00,unusual_sales_activity,"Unusual order detected. Quantity: 1848, average unit price: 3.37, order amount: 4090.28. Detected by: Isolation Forest. Review this order before taking action.",high,1848,3.365744680851064,4090.28,2.1517518298908658,0.6941860232435793,Isolation Forest
538397,2010-12-12 11:44:00,unusual_sales_activity,"Unusual order detected. Quantity: 2409, average unit price: 1.92, order amount: 3590.59. Detected by: Isolation Forest. Review this order before taking action.",high,2409,1.9158333333333335,3590.59,1.853969415395684,0.6937615456809535,Isolation Forest
568346,2011-09-26 15:28:00,unusual_sales_activity,"Unusual order detected. Quantity: 937, average unit price: 6.11, order amount: 3671.44. Detected by: Isolation Forest. Review this order before taking action.",high,937,6.10510447761194,3671.44,1.9021507042186252,0.6932833727256017,Isolation Forest
580985,2011-12-06 16:33:00,unusual_sales_activity,"Unusual order detected. Quantity: 1160, average unit price: 5.15, order amount: 4414.88. Detected by: Isolation Forest. Review this order before taking action.",high,1160,5.154117647058824,4414.88,2.3451921063525436,0.6929717706415934,Isolation Forest
546780,2011-03-17 07:40:00,unusual_sales_activity,"Unusual order detected. Quantity: 879, average unit price: 6.43, order amount: 3978.99. Detected by: Isolation Forest. Review this order before taking action.",high,879,6.4321052631578945,3978.9900000000002,2.085430300724445,0.6920950581643718,Isolation Forest
569573,2011-10-05 10:11:00,unusual_sales_activity,"Unusual order detected. Quantity: 2085, average unit price: 2.99, order amount: 3855.84. Detected by: Isolation Forest. Review this order before taking action.",high,2085,2.9890909090909092,3855.84,2.012040990662043,0.6912210149025483,Isolation Forest
575516,2011-11-10 10:45:00,unusual_sales_activity,"Unusual order detected. Quantity: 1690, average unit price: 3.87, order amount: 3893.79. Detected by: Isolation Forest. Review this order before taking action.",high,1690,3.8729310344827583,3893.79,2.0346566976605662,0.691203637587713,Isolation Forest
559145,2011-07-06 14:17:00,unusual_sales_activity,"Unusual order detected. Quantity: 3242, average unit price: 1.90, order amount: 2825.10. Detected by: Isolation Forest. Review this order before taking action.",high,3242,1.9045,2825.1,1.3977876617645997,0.6909029233104891,Isolation Forest
561388,2011-07-27 09:32:00,unusual_sales_activity,"Unusual order detected. Quantity: 2208, average unit price: 1.91, order amount: 3680.40. Detected by: Isolation Forest. Review this order before taking action.",high,2208,1.9118918918918917,3680.4,1.907490275620648,0.689199829554469,Isolation Forest
563532,2011-08-17 11:04:00,unusual_sales_activity,"Unusual order detected. Quantity: 2504, average unit price: 1.94, order amount: 3256.88. Detected by: Isolation Forest. Review this order before taking action.",high,2504,1.940909090909091,3256.88,1.6551001773857439,0.6870110615297691,Isolation Forest
544075,2011-02-15 14:50:00,unusual_sales_activity,"Unusual order detected. Quantity: 1932, average unit price: 3.67, order amount: 3506.24. Detected by: Isolation Forest. Review this order before taking action.",high,1932,3.667391304347826,3506.2400000000002,1.803702356493828,0.6867575742355031,Isolation Forest
579498,2011-11-29 15:52:00,unusual_sales_activity,"Unusual order detected. Quantity: 2040, average unit price: 1.79, order amount: 3651.60. Detected by: Isolation Forest. Review this order before taking action.",high,2040,1.79,3651.6,1.8903273675427172,0.6863113725714581,Isolation Forest
558871,2011-07-04 13:19:00,unusual_sales_activity,"Unusual order detected. Quantity: 1506, average unit price: 2.00, order amount: 4146.34. Detected by: Isolation Forest. Review this order before taking action.",high,1506,2.0046666666666666,4146.34,2.1851599072120043,0.6859348643079205,Isolation Forest
552038,2011-05-06 08:08:00,unusual_sales_activity,"Unusual order detected. Quantity: 1694, average unit price: 3.77, order amount: 3869.18. Detected by: Isolation Forest. Review this order before taking action.",high,1694,3.7685000000000004,3869.18,2.019990754334251,0.6859299987037549,Isolation Forest
542428,2011-01-28 10:00:00,unusual_sales_activity,"Unusual order detected. Quantity: 2804, average unit price: 2.47, order amount: 2938.76. Detected by: Isolation Forest. Review this order before taking action.",high,2804,2.4699999999999998,2938.7599999999998,1.4655215552416,0.6849010794780959,Isolation Forest
555164,2011-06-01 10:24:00,unusual_sales_activity,"Unusual order detected. Quantity: 1836, average unit price: 3.41, order amount: 3623.20. Detected by: Isolation Forest. Review this order before taking action.",high,1836,3.4076923076923076,3623.2,1.873402833188091,0.6846804568169632,Isolation Forest
564856,2011-08-31 09:11:00,unusual_sales_activity,"Unusual order detected. Quantity: 1151, average unit price: 4.32, order amount: 4257.06. Detected by: Isolation Forest. Review this order before taking action.",high,1151,4.321,4257.0599999999995,2.251141753822716,0.6845148520124951,Isolation Forest
570886,2011-10-13 10:23:00,unusual_sales_activity,"Unusual order detected. Quantity: 1941, average unit price: 2.47, order amount: 3953.35. Detected by: Isolation Forest. Review this order before taking action.",high,1941,2.4672727272727273,3953.35,2.07015054506062,0.6835717141238947,Isolation Forest
569571,2011-10-05 10:09:00,unusual_sales_activity,"Unusual order detected. Quantity: 2788, average unit price: 0.90, order amount: 2487.40. Detected by: Isolation Forest. Review this order before taking action.",high,2788,0.9023076923076924,2487.4,1.1965406458646963,0.6830175364070604,Isolation Forest
543378,2011-02-07 15:34:00,unusual_sales_activity,"Unusual order detected. Quantity: 1008, average unit price: 4.34, order amount: 4379.76. Detected by: Isolation Forest. Review this order before taking action.",high,1008,4.345,4379.76,2.3242628934464005,0.6814997768461303,Isolation Forest
545582,2011-03-04 09:05:00,unusual_sales_activity,"Unusual order detected. Quantity: 1976, average unit price: 1.92, order amount: 3547.34. Detected by: Isolation Forest. Review this order before taking action.",high,1976,1.9173913043478261,3547.34,1.8281952565633748,0.6814865591333997,Isolation Forest
565145,2011-09-01 13:50:00,unusual_sales_activity,"Unusual order detected. Quantity: 2692, average unit price: 1.23, order amount: 2732.92. Detected by: Isolation Forest. Review this order before taking action.",high,2692,1.2275,2732.92,1.342854437229056,0.6812351911030842,Isolation Forest
566936,2011-09-15 15:35:00,unusual_sales_activity,"Unusual order detected. Quantity: 950, average unit price: 4.58, order amount: 4351.00. Detected by: Isolation Forest. Review this order before taking action.",high,950,4.58,4351.0,2.3071238227407997,0.6805782136583154,Isolation Forest
576179,2011-11-14 11:09:00,unusual_sales_activity,"Unusual order detected. Quantity: 2244, average unit price: 1.52, order amount: 3419.64. Detected by: Isolation Forest. Review this order before taking action.",high,2244,1.5216666666666667,3419.64,1.752094445398383,0.6800933668211359,Isolation Forest
545914,2011-03-08 11:39:00,unusual_sales_activity,"Unusual order detected. Quantity: 1605, average unit price: 3.27, order amount: 3678.03. Detected by: Isolation Forest. Review this order before taking action.",high,1605,3.268627450980392,3678.03,1.9060779113100683,0.6798095938715669,Isolation Forest
548496,2011-03-31 13:40:00,unusual_sales_activity,"Unusual order detected. Quantity: 2271, average unit price: 2.21, order amount: 3243.13. Detected by: Isolation Forest. Review this order before taking action.",high,2271,2.205714285714286,3243.13,1.6469060806471485,0.6795151817365606,Isolation Forest
568319,2011-09-26 13:35:00,unusual_sales_activity,"Unusual order detected. Quantity: 1038, average unit price: 5.09, order amount: 4091.46. Detected by: Isolation Forest. Review this order before taking action.",high,1038,5.093157894736842,4091.46,2.152455032374614,0.6794025435220695,Isolation Forest
562608,2011-08-08 11:45:00,unusual_sales_activity,"Unusual order detected. Quantity: 1905, average unit price: 3.29, order amount: 3315.07. Detected by: Isolation Forest. Review this order before taking action.",high,1905,3.289438202247191,3315.0699999999997,1.6897775947834794,0.6786670114718533,Isolation Forest
562031,2011-08-01 17:37:00,unusual_sales_activity,"Unusual order detected. Quantity: 1594, average unit price: 4.10, order amount: 3213.19. Detected by: Isolation Forest. Review this order before taking action.",high,1594,4.095802919708029,3213.19,1.6290638074577997,0.6784682402634405,Isolation Forest
565836,2011-09-07 11:41:00,unusual_sales_activity,"Unusual order detected. Quantity: 2186, average unit price: 1.73, order amount: 3200.28. Detected by: Isolation Forest. Review this order before taking action.",high,2186,1.7286842105263158,3200.28,1.621370295538144,0.6778916589746469,Isolation Forest
570660,2011-10-11 14:18:00,unusual_sales_activity,"Unusual order detected. Quantity: 1570, average unit price: 3.15, order amount: 3930.94. Detected by: Isolation Forest. Review this order before taking action.",high,1570,3.1495238095238096,3930.94,2.0567956572124806,0.6765975570696061,Isolation Forest
552957,2011-05-12 12:36:00,unusual_sales_activity,"Unusual order detected. Quantity: 2794, average unit price: 2.75, order amount: 2557.88. Detected by: Isolation Forest. Review this order before taking action.",high,2794,2.745,2557.88,1.2385420959109659,0.6760310508836713,Isolation Forest
567526,2011-09-21 09:06:00,unusual_sales_activity,"Unusual order detected. Quantity: 1176, average unit price: 4.41, order amount: 3850.90. Detected by: Isolation Forest. Review this order before taking action.",high,1176,4.4141176470588235,3850.9,2.0090970751792314,0.675503867654515,Isolation Forest
549746,2011-04-12 10:38:00,unusual_sales_activity,"Unusual order detected. Quantity: 1918, average unit price: 3.89, order amount: 2846.02. Detected by: Isolation Forest. Review this order before taking action.",high,1918,3.890333333333333,2846.02,1.4102546074934301,0.6753746193399539,Isolation Forest
565748,2011-09-06 12:38:00,unusual_sales_activity,"Unusual order detected. Quantity: 1145, average unit price: 4.70, order amount: 4005.35. Detected by: Isolation Forest. Review this order before taking action.",high,1145,4.6979310344827585,4005.35,2.1011391290902175,0.6746850768594254,Isolation Forest
563557,2011-08-17 13:33:00,unusual_sales_activity,"Unusual order detected. Quantity: 2286, average unit price: 2.30, order amount: 3147.64. Detected by: Isolation Forest. Review this order before taking action.",high,2286,2.2955151515151515,3147.64,1.590000313551259,0.674382061784403,Isolation Forest
543831,2011-02-14 09:57:00,unusual_sales_activity,"Unusual order detected. Quantity: 1948, average unit price: 1.74, order amount: 3257.40. Detected by: Isolation Forest. Review this order before taking action.",high,1948,1.7399999999999998,3257.4,1.6554100632260398,0.6741377526377615,Isolation Forest
580873,2011-12-06 12:06:00,unusual_sales_activity,"Unusual order detected. Quantity: 1410, average unit price: 3.23, order amount: 3895.86. Detected by: Isolation Forest. Review this order before taking action.",high,1410,3.228,3895.8599999999997,2.0358902816786673,0.6738564647031711,Isolation Forest
580673,2011-12-05 14:30:00,unusual_sales_activity,"Unusual order detected. Quantity: 1892, average unit price: 2.58, order amount: 3705.48. Detected by: Isolation Forest. Review this order before taking action.",high,1892,2.5798591549295775,3705.48,1.922436308071846,0.6732137146480875,Isolation Forest
570488,2011-10-10 17:12:00,unusual_sales_activity,"Unusual order detected. Quantity: 779, average unit price: 5.98, order amount: 3380.86. Detected by: Isolation Forest. Review this order before taking action.",high,779,5.977195467422096,3380.86,1.728984112924003,0.6728669936202403,Isolation Forest
572552,2011-10-24 17:07:00,unusual_sales_activity,"Unusual order detected. Quantity: 843, average unit price: 5.96, order amount: 3472.42. Detected by: Isolation Forest. Review this order before taking action.",high,843,5.964119318181818,3472.42,1.7835478581884243,0.6705009952263641,Isolation Forest
546739,2011-03-16 12:12:00,unusual_sales_activity,"Unusual order detected. Quantity: 2374, average unit price: 2.34, order amount: 3018.34. Detected by: Isolation Forest. Review this order before taking action.",high,2374,2.3392857142857144,3018.34,1.5129460074930492,0.6697285371628598,Isolation Forest
551809,2011-05-04 11:32:00,unusual_sales_activity,"Unusual order detected. Quantity: 1498, average unit price: 3.53, order amount: 3566.14. Detected by: Isolation Forest. Review this order before taking action.",high,1498,3.5339285714285715,3566.1400000000003,1.839398821558691,0.6692892740043846,Isolation Forest
564054,2011-08-22 13:55:00,unusual_sales_activity,"Unusual order detected. Quantity: 1508, average unit price: 2.78, order amount: 3875.88. Detected by: Isolation Forest. Review this order before taking action.",high,1508,2.784,3875.88,2.023983514199603,0.6691184352292352,Isolation Forest
546160,2011-03-10 09:49:00,unusual_sales_activity,"Unusual order detected. Quantity: 1844, average unit price: 1.84, order amount: 3277.24. Detected by: Isolation Forest. Review this order before taking action.",high,1844,1.841875,3277.24,1.6672333999019475,0.6676113962406479,Isolation Forest
572324,2011-10-24 09:52:00,unusual_sales_activity,"Unusual order detected. Quantity: 2344, average unit price: 2.42, order amount: 2949.28. Detected by: Isolation Forest. Review this order before taking action.",high,2344,2.417777777777778,2949.2799999999997,1.4717907841645108,0.6675484477642122,Isolation Forest
575683,2011-11-10 15:51:00,unusual_sales_activity,"Unusual order detected. Quantity: 954, average unit price: 4.72, order amount: 3782.52. Detected by: Isolation Forest. Review this order before taking action.",high,954,4.723333333333333,3782.52,1.9683470871803108,0.6652873705987413,Isolation Forest
564322,2011-08-24 13:23:00,unusual_sales_activity,"Unusual order detected. Quantity: 2335, average unit price: 1.34, order amount: 2736.99. Detected by: Isolation Forest. Review this order before taking action.",high,2335,1.3422727272727273,2736.99,1.3452798898636802,0.6652311659845818,Isolation Forest
559465,2011-07-08 13:26:00,unusual_sales_activity,"Unusual order detected. Quantity: 1568, average unit price: 2.37, order amount: 3609.80. Detected by: Isolation Forest. Review this order before taking action.",high,1568,2.374166666666667,3609.8,1.8654173134573873,0.665157995458545,Isolation Forest
548993,2011-04-05 13:56:00,unusual_sales_activity,"Unusual order detected. Quantity: 1626, average unit price: 2.57, order amount: 3599.38. Detected by: Isolation Forest. Review this order before taking action.",high,1626,2.5671874999999997,3599.38,1.8592076779653026,0.664614846349963,Isolation Forest
540698,2011-01-11 09:24:00,unusual_sales_activity,"Unusual order detected. Quantity: 858, average unit price: 4.15, order amount: 4314.02. Detected by: Isolation Forest. Review this order before taking action.",high,858,4.152608695652174,4314.0199999999995,2.28508617202129,0.6644317100635508,Isolation Forest
574067,2011-11-02 14:50:00,unusual_sales_activity,"Unusual order detected. Quantity: 1161, average unit price: 3.83, order amount: 3962.85. Detected by: Isolation Forest. Review this order before taking action.",high,1161,3.8261764705882353,3962.85,2.0758119209891044,0.6643778568949477,Isolation Forest
571034,2011-10-13 12:47:00,unusual_sales_activity,"Unusual order detected. Quantity: 644, average unit price: 7.74, order amount: 2814.30. Detected by: Isolation Forest. Review this order before taking action.",high,644,7.743333333333334,2814.3,1.391351571235376,0.6641043233135104,Isolation Forest
540277,2011-01-06 12:18:00,unusual_sales_activity,"Unusual order detected. Quantity: 1798, average unit price: 3.38, order amount: 3120.22. Detected by: Isolation Forest. Review this order before taking action.",high,1798,3.376774193548387,3120.2200000000003,1.5736597948187294,0.6640680803237804,Isolation Forest
580297,2011-12-02 13:52:00,unusual_sales_activity,"Unusual order detected. Quantity: 1744, average unit price: 2.28, order amount: 3404.00. Detected by: Isolation Forest. Review this order before taking action.",high,1744,2.2800000000000002,3404.0,1.7427740328171735,0.6639587396348161,Isolation Forest
561647,2011-07-28 15:20:00,unusual_sales_activity,"Unusual order detected. Quantity: 1764, average unit price: 2.29, order amount: 3301.38. Detected by: Isolation Forest. Review this order before taking action.",high,1764,2.290689655172414,3301.38,1.68161925410338,0.6637989530166372,Isolation Forest
541518,2011-01-19 09:05:00,unusual_sales_activity,"Unusual order detected. Quantity: 2334, average unit price: 2.24, order amount: 2919.51. Detected by: Isolation Forest. Review this order before taking action.",high,2334,2.2398019801980196,2919.5099999999998,1.4540498198075664,0.662328582853148,Isolation Forest
564312,2011-08-24 12:52:00,unusual_sales_activity,"Unusual order detected. Quantity: 1584, average unit price: 2.53, order amount: 3744.00. Detected by: Isolation Forest. Review this order before taking action.",high,1584,2.526666666666667,3744.0,1.9453916976260786,0.6622773620118025,Isolation Forest
579692,2011-11-30 14:05:00,unusual_sales_activity,"Unusual order detected. Quantity: 2299, average unit price: 2.42, order amount: 2843.29. Detected by: Isolation Forest. Review this order before taking action.",high,2299,2.4220588235294116,2843.29,1.4086277068318762,0.6618144036562018,Isolation Forest
567803,2011-09-22 12:11:00,unusual_sales_activity,"Unusual order detected. Quantity: 768, average unit price: 5.14, order amount: 3877.56. Detected by: Isolation Forest. Review this order before taking action.",high,768,5.138333333333333,3877.56,2.0249846838374825,0.661025128914979,Isolation Forest
563404,2011-08-16 11:04:00,unusual_sales_activity,"Unusual order detected. Quantity: 1607, average unit price: 3.17, order amount: 3209.15. Detected by: Isolation Forest. Review this order before taking action.",high,1607,3.1661702127659574,3209.15,1.6266562328524232,0.660528104318961,Isolation Forest
560080,2011-07-14 16:23:00,unusual_sales_activity,"Unusual order detected. Quantity: 1632, average unit price: 1.94, order amount: 3279.36. Detected by: Isolation Forest. Review this order before taking action.",high,1632,1.9420000000000002,3279.36,1.668496780635462,0.6601354103425412,Isolation Forest
538827,2010-12-14 12:59:00,unusual_sales_activity,"Unusual order detected. Quantity: 2552, average unit price: 1.50, order amount: 2594.76. Detected by: Isolation Forest. Review this order before taking action.",high,2552,1.5030337078651685,2594.7599999999998,1.2605201531996493,0.6601180127190377,Isolation Forest
581115,2011-12-07 12:20:00,unusual_sales_activity,"Unusual order detected. Quantity: 1404, average unit price: 2.75, order amount: 3861.00. Detected by: Isolation Forest. Review this order before taking action.",high,1404,2.75,3861.0,2.015116011692672,0.659965347390308,Isolation Forest
579251,2011-11-28 16:39:00,unusual_sales_activity,"Unusual order detected. Quantity: 1456, average unit price: 2.51, order amount: 3821.36. Detected by: Isolation Forest. Review this order before taking action.",high,1456,2.513333333333333,3821.36,1.991493175713187,0.6595942848967509,Isolation Forest
537899,2010-12-09 10:44:00,unusual_sales_activity,"Unusual order detected. Quantity: 1488, average unit price: 2.55, order amount: 3794.40. Detected by: Isolation Forest. Review this order before taking action.",high,1488,2.55,3794.3999999999996,1.975426786762457,0.6591481633669695,Isolation Forest
575328,2011-11-09 13:48:00,unusual_sales_activity,"Unusual order detected. Quantity: 2400, average unit price: 1.61, order amount: 2640.00. Detected by: Isolation Forest. Review this order before taking action.",high,2400,1.61,2640.0,1.2874802213053989,0.6588719368292787,Isolation Forest
579284,2011-11-29 10:52:00,unusual_sales_activity,"Unusual order detected. Quantity: 1619, average unit price: 2.56, order amount: 3337.44. Detected by: Isolation Forest. Review this order before taking action.",high,1619,2.5576190476190477,3337.44,1.7031086452592892,0.6586705009665554,Isolation Forest
543829,2011-02-14 09:47:00,unusual_sales_activity,"Unusual order detected. Quantity: 1536, average unit price: 2.00, order amount: 3376.08. Detected by: Isolation Forest. Review this order before taking action.",high,1536,2.0020000000000002,3376.08,1.7261355469305129,0.6579059905323807,Isolation Forest
567962,2011-09-23 09:19:00,unusual_sales_activity,"Unusual order detected. Quantity: 1768, average unit price: 1.88, order amount: 3187.12. Detected by: Isolation Forest. Review this order before taking action.",high,1768,1.878235294117647,3187.12,1.6135278000414226,0.6554343284581794,Isolation Forest
581476,2011-12-09 08:48:00,unusual_sales_activity,"Unusual order detected. Quantity: 2215, average unit price: 2.39, order amount: 2618.89. Detected by: Isolation Forest. Review this order before taking action.",high,2215,2.39,2618.89,1.2749000480579988,0.654484249990806,Isolation Forest
558417,2011-06-29 10:50:00,unusual_sales_activity,"Unusual order detected. Quantity: 2086, average unit price: 2.05, order amount: 2822.74. Detected by: Isolation Forest. Review this order before taking action.",high,2086,2.052,2822.7400000000002,1.3963812567971028,0.6541238535035484,Isolation Forest
576219,2011-11-14 12:58:00,unusual_sales_activity,"Unusual order detected. Quantity: 1600, average unit price: 2.15, order amount: 3134.96. Detected by: Isolation Forest. Review this order before taking action.",high,1600,2.14625,3134.96,1.5824438665225036,0.6536148112785176,Isolation Forest
553540,2011-05-17 15:32:00,unusual_sales_activity,"Unusual order detected. Quantity: 2316, average unit price: 2.00, order amount: 2649.52. Detected by: Isolation Forest. Review this order before taking action.",high,2316,2.004042553191489,2649.52,1.2931535159200482,0.6532933418577284,Isolation Forest
550710,2011-04-20 11:05:00,unusual_sales_activity,"Unusual order detected. Quantity: 1736, average unit price: 2.26, order amount: 3108.64. Detected by: Isolation Forest. Review this order before taking action.",high,1736,2.2622222222222224,3108.64,1.5667588755290611,0.6521667579817632,Isolation Forest
556725,2011-06-14 11:28:00,unusual_sales_activity,"Unusual order detected. Quantity: 200, average unit price: 12.48, order amount: 2496.00. Detected by: Isolation Forest. Review this order before taking action.",high,200,12.48,2496.0,1.201665680915745,0.6517829819620562,Isolation Forest
572066,2011-10-20 13:07:00,unusual_sales_activity,"Unusual order detected. Quantity: 1642, average unit price: 2.27, order amount: 3091.98. Detected by: Isolation Forest. Review this order before taking action.",high,1642,2.2677,3091.98,1.556830609953425,0.6508443592003701,Isolation Forest
552574,2011-05-10 12:20:00,unusual_sales_activity,"Unusual order detected. Quantity: 2023, average unit price: 2.29, order amount: 2764.29. Detected by: Isolation Forest. Review this order before taking action.",high,2023,2.2911363636363635,2764.29,1.3615488964792188,0.6505668567854941,Isolation Forest
542629,2011-01-31 09:57:00,unusual_sales_activity,"Unusual order detected. Quantity: 1617, average unit price: 2.60, order amount: 3174.43. Detected by: Isolation Forest. Review this order before taking action.",high,1617,2.6032608695652173,3174.4300000000003,1.6059653936695846,0.6500749300721688,Isolation Forest
560841,2011-07-21 12:25:00,unusual_sales_activity,"Unusual order detected. Quantity: 2169, average unit price: 1.94, order amount: 2569.55. Detected by: Isolation Forest. Review this order before taking action.",high,2169,1.9363636363636363,2569.55,1.2454966492883774,0.6499291203517995,Isolation Forest
544824,2011-02-24 09:32:00,unusual_sales_activity,"Unusual order detected. Quantity: 894, average unit price: 6.05, order amount: 2639.38. Detected by: Isolation Forest. Review this order before taking action.",high,894,6.049770992366412,2639.38,1.287110742034277,0.649332012626923,Isolation Forest
548820,2011-04-04 13:04:00,unusual_sales_activity,"Unusual order detected. Quantity: 1, average unit price: 2053.07, order amount: 2053.07. Detected by: Isolation Forest. Review this order before taking action.",medium,1,2053.07,2053.07,0.9377084977574855,0.8017738328319556,Isolation Forest
566927,2011-09-15 15:20:00,unusual_sales_activity,"Unusual order detected. Quantity: 1, average unit price: 2033.10, order amount: 2033.10. Detected by: Isolation Forest. Review this order before taking action.",medium,1,2033.1,2033.1,0.9258076896215035,0.8017738328319556,Isolation Forest
549468,2011-04-08 14:27:00,unusual_sales_activity,"Unusual order detected. Quantity: 1, average unit price: 1867.86, order amount: 1867.86. Detected by: Isolation Forest. Review this order before taking action.",medium,1,1867.86,1867.86,0.8273355045243759,0.795986795955474,Isolation Forest
546328,2011-03-11 10:19:00,unusual_sales_activity,"Unusual order detected. Quantity: 1, average unit price: 1687.17, order amount: 1687.17. Detected by: Isolation Forest. Review this order before taking action.",medium,1,1687.17,1687.17,0.7196561343646081,0.7913115857388443,Isolation Forest
546329,2011-03-11 10:22:00,unusual_sales_activity,"Unusual order detected. Quantity: 1, average unit price: 1687.17, order amount: 1687.17. Detected by: Isolation Forest. Review this order before taking action.",medium,1,1687.17,1687.17,0.7196561343646081,0.7913115857388443,Isolation Forest
554155,2011-05-23 11:26:00,unusual_sales_activity,"Unusual order detected. Quantity: 1, average unit price: 1241.98, order amount: 1241.98. Detected by: Isolation Forest. Review this order before taking action.",medium,1,1241.98,1241.98,0.4543521396696776,0.7786982664519817,Isolation Forest
554301,2011-05-23 14:46:00,unusual_sales_activity,"Unusual order detected. Quantity: 1, average unit price: 1241.98, order amount: 1241.98. Detected by: Isolation Forest. Review this order before taking action.",medium,1,1241.98,1241.98,0.4543521396696776,0.7786982664519817,Isolation Forest
548913,2011-04-05 09:45:00,unusual_sales_activity,"Unusual order detected. Quantity: 1, average unit price: 1136.30, order amount: 1136.30. Detected by: Isolation Forest. Review this order before taking action.",medium,1,1136.3,1136.3,0.3913738019726038,0.7734474836148872,Isolation Forest
565377,2011-09-02 15:12:00,unusual_sales_activity,"Unusual order detected. Quantity: 1, average unit price: 852.80, order amount: 852.80. Detected by: Isolation Forest. Review this order before taking action.",medium,1,852.8,852.8,0.22242642558047276,0.7693495751505274,Isolation Forest
576389,2011-11-15 10:05:00,unusual_sales_activity,"Unusual order detected. Quantity: 1, average unit price: 850.50, order amount: 850.50. Detected by: Isolation Forest. Review this order before taking action.",medium,1,850.5,850.5,0.22105577667147136,0.7688292198089759,Isolation Forest
556446,2011-06-10 15:33:00,unusual_sales_activity,"Unusual order detected. Quantity: 1, average unit price: 649.50, order amount: 649.50. Detected by: Isolation Forest. Review this order before taking action.",medium,1,649.5,649.5,0.10127298071091287,0.7609896077016389,Isolation Forest
557754,2011-06-22 13:12:00,unusual_sales_activity,"Unusual order detected. Quantity: 1, average unit price: 700.00, order amount: 700.00. Detected by: Isolation Forest. Review this order before taking action.",medium,1,700.0,700.0,0.13136766327811786,0.7584957060521927,Isolation Forest
558381,2011-06-28 17:01:00,unusual_sales_activity,"Unusual order detected. Quantity: 1, average unit price: 600.00, order amount: 600.00. Detected by: Isolation Forest. Review this order before taking action.",medium,1,600.0,600.0,0.07177423245196936,0.7572709127609167,Isolation Forest
571223,2011-10-14 13:36:00,unusual_sales_activity,"Unusual order detected. Quantity: 1, average unit price: 599.50, order amount: 599.50. Detected by: Isolation Forest. Review this order before taking action.",medium,1,599.5,599.5,0.07147626529783861,0.7572709127609167,Isolation Forest
552980,2011-05-12 14:52:00,unusual_sales_activity,"Unusual order detected. Quantity: 1, average unit price: 523.00, order amount: 523.00. Detected by: Isolation Forest. Review this order before taking action.",medium,1,523.0,523.0,0.025887290715835,0.7514832748385643,Isolation Forest
553018,2011-05-12 19:02:00,unusual_sales_activity,"Unusual order detected. Quantity: 1, average unit price: 557.72, order amount: 557.72. Detected by: Isolation Forest. Review this order before taking action.",medium,1,557.72,557.72,0.04657812989867378,0.7514832748385643,Isolation Forest
554305,2011-05-23 14:58:00,unusual_sales_activity,"Unusual order detected. Quantity: 1, average unit price: 557.72, order amount: 557.72. Detected by: Isolation Forest. Review this order before taking action.",medium,1,557.72,557.72,0.04657812989867378,0.7514832748385643,Isolation Forest
560187,2011-07-15 12:05:00,unusual_sales_activity,"Unusual order detected. Quantity: 1, average unit price: 550.94, order amount: 550.94. Detected by: Isolation Forest. Review this order before taking action.",medium,1,550.94,550.94,0.04253769528866092,0.7514832748385643,Isolation Forest
560413,2011-07-18 14:33:00,unusual_sales_activity,"Unusual order detected. Quantity: 1, average unit price: 550.64, order amount: 550.64. Detected by: Isolation Forest. Review this order before taking action.",medium,1,550.64,550.64,0.04235891499618244,0.7514832748385643,Isolation Forest
575632,2011-11-10 13:44:00,unusual_sales_activity,"Unusual order detected. Quantity: 3, average unit price: 337.95, order amount: 1013.86. Detected by: Isolation Forest. Review this order before taking action.",medium,3,337.9533333333333,1013.86,0.3184076052690676,0.7466537477814499,Isolation Forest
545332,2011-03-01 15:52:00,unusual_sales_activity,"Unusual order detected. Quantity: 3, average unit price: 280.10, order amount: 840.30. Detected by: Isolation Forest. Review this order before taking action.",medium,3,280.09999999999997,840.3,0.2149772467272042,0.7382631418077816,Isolation Forest
572423,2011-10-24 12:02:00,unusual_sales_activity,"Unusual order detected. Quantity: 1, average unit price: 464.90, order amount: 464.90. Detected by: Isolation Forest. Review this order before taking action.",medium,1,464.9,464.9,-0.0087364925941573,0.7326404131480596,Isolation Forest
560651,2011-07-20 11:38:00,unusual_sales_activity,"Unusual order detected. Quantity: 1, average unit price: 451.42, order amount: 451.42. Detected by: Isolation Forest. Review this order before taking action.",medium,1,451.42,451.42,-0.016769687069522095,0.7301113468669417,Isolation Forest
551419,2011-04-28 13:51:00,unusual_sales_activity,"Unusual order detected. Quantity: 1, average unit price: 400.00, order amount: 400.00. Detected by: Isolation Forest. Review this order before taking action.",medium,1,400.0,400.0,-0.04741262920032767,0.7286308998132373,Isolation Forest
544578,2011-02-21 14:04:00,unusual_sales_activity,"Unusual order detected. Quantity: 1, average unit price: 320.69, order amount: 320.69. Detected by: Isolation Forest. Review this order before taking action.",medium,1,320.69,320.69,-0.09467617918854605,0.7266080746169327,Isolation Forest
558895,2011-07-04 15:54:00,unusual_sales_activity,"Unusual order detected. Quantity: 1, average unit price: 389.68, order amount: 389.68. Detected by: Isolation Forest. Review this order before taking action.",medium,1,389.68,389.68,-0.05356267126158619,0.7256790053280177,Isolation Forest
545336,2011-03-01 16:53:00,unusual_sales_activity,"Unusual order detected. Quantity: 2, average unit price: 275.60, order amount: 551.20. Detected by: Isolation Forest. Review this order before taking action.",medium,2,275.6,551.2,0.042692638208808906,0.7250247140267314,Isolation Forest
548661,2011-04-01 14:28:00,unusual_sales_activity,"Unusual order detected. Quantity: 1, average unit price: 350.00, order amount: 350.00. Detected by: Isolation Forest. Review this order before taking action.",medium,1,350.0,350.0,-0.07720934461340193,0.7242675653073061,Isolation Forest
571326,2011-10-17 11:11:00,unusual_sales_activity,"Unusual order detected. Quantity: 1, average unit price: 339.02, order amount: 339.02. Detected by: Isolation Forest. Review this order before taking action.",medium,1,339.02,339.02,-0.08375270331811305,0.7242675653073061,Isolation Forest
552549,2011-05-10 10:39:00,unusual_sales_activity,"Unusual order detected. Quantity: 1, average unit price: 334.71, order amount: 334.71. Detected by: Isolation Forest. Review this order before taking action.",medium,1,334.71,334.71,-0.08632118018672004,0.7236175781410848,Isolation Forest
549739,2011-04-12 09:35:00,unusual_sales_activity,"Unusual order detected. Quantity: 1, average unit price: 308.82, order amount: 308.82. Detected by: Isolation Forest. Review this order before taking action.",medium,1,308.82,308.82,-0.10174991942760989,0.7233184715627872,Isolation Forest
580645,2011-12-05 13:11:00,unusual_sales_activity,"Unusual order detected. Quantity: 879, average unit price: 74.47, order amount: 1931.60. Detected by: Isolation Forest. Review this order before taking action.",medium,879,74.46666666666667,1931.6,0.8653203573329628,0.7185968704216441,Isolation Forest
550667,2011-04-20 09:48:00,unusual_sales_activity,"Unusual order detected. Quantity: 5040, average unit price: 0.40, order amount: 2016.00. Detected by: Isolation Forest. Review this order before taking action.",medium,5040,0.4000000000000001,2016.0,0.9156172129502322,0.715507390682557,Isolation Forest
536835,2010-12-02 18:06:00,unusual_sales_activity,"Unusual order detected. Quantity: 1, average unit price: 295.00, order amount: 295.00. Detected by: Isolation Forest. Review this order before taking action.",medium,1,295.0,295.0,-0.1099857315677836,0.7152984544600168,Isolation Forest
546480,2011-03-14 11:38:00,unusual_sales_activity,"Unusual order detected. Quantity: 1, average unit price: 295.00, order amount: 295.00. Detected by: Isolation Forest. Review this order before taking action.",medium,1,295.0,295.0,-0.1099857315677836,0.7152984544600168,Isolation Forest
547814,2011-03-25 14:19:00,unusual_sales_activity,"Unusual order detected. Quantity: 1, average unit price: 295.00, order amount: 295.00. Detected by: Isolation Forest. Review this order before taking action.",medium,1,295.0,295.0,-0.1099857315677836,0.7152984544600168,Isolation Forest
553559,2011-05-17 17:12:00,unusual_sales_activity,"Unusual order detected. Quantity: 1, average unit price: 293.00, order amount: 293.00. Detected by: Isolation Forest. Review this order before taking action.",medium,1,293.0,293.0,-0.11117760018430657,0.7152984544600168,Isolation Forest
571324,2011-10-17 11:08:00,unusual_sales_activity,"Unusual order detected. Quantity: 1, average unit price: 283.02, order amount: 283.02. Detected by: Isolation Forest. Review this order before taking action.",medium,1,283.02,283.02,-0.1171250245807562,0.7148146569983636,Isolation Forest
569572,2011-10-05 10:10:00,unusual_sales_activity,"Unusual order detected. Quantity: 5000, average unit price: 0.36, order amount: 1800.00. Detected by: Isolation Forest. Review this order before taking action.",medium,5000,0.36,1800.0,0.7868954023657514,0.712667972281637,Isolation Forest
536830,2010-12-02 17:38:00,unusual_sales_activity,"Unusual order detected. Quantity: 4280, average unit price: 0.62, order amount: 2002.40. Detected by: Isolation Forest. Review this order before taking action.",medium,4280,0.62,2002.4,0.9075125063578761,0.7079237933047431,Isolation Forest
543549,2011-02-10 09:29:00,unusual_sales_activity,"Unusual order detected. Quantity: 4752, average unit price: 0.22, order amount: 1045.44. Detected by: Isolation Forest. Review this order before taking action.",medium,4752,0.22000000000000003,1045.44,0.33722721072396533,0.7048627428076718,Isolation Forest
561916,2011-08-01 11:44:00,unusual_sales_activity,"Unusual order detected. Quantity: 1, average unit price: 250.00, order amount: 250.00. Detected by: Isolation Forest. Review this order before taking action.",medium,1,250.0,250.0,-0.13680277543955044,0.7038504325580165,Isolation Forest
562787,2011-08-09 13:44:00,unusual_sales_activity,"Unusual order detected. Quantity: 1, average unit price: 208.34, order amount: 208.34. Detected by: Isolation Forest. Review this order before taking action.",medium,1,208.34,208.34,-0.16162939872172388,0.702959514645518,Isolation Forest
569639,2011-10-05 12:24:00,unusual_sales_activity,"Unusual order detected. Quantity: 1, average unit price: 240.00, order amount: 240.00. Detected by: Isolation Forest. Review this order before taking action.",medium,1,240.0,240.0,-0.14276211852216528,0.7022303653495642,Isolation Forest
550354,2011-04-18 10:28:00,unusual_sales_activity,"Unusual order detected. Quantity: 1, average unit price: 222.75, order amount: 222.75. Detected by: Isolation Forest. Review this order before taking action.",medium,1,222.75,222.75,-0.15304198533967592,0.7003047000164773,Isolation Forest
545900,2011-03-07 17:42:00,unusual_sales_activity,"Unusual order detected. Quantity: 1, average unit price: 195.00, order amount: 195.00. Detected by: Isolation Forest. Review this order before taking action.",medium,1,195.0,195.0,-0.16957916239393211,0.7002804233462385,Isolation Forest
552648,2011-05-10 13:40:00,unusual_sales_activity,"Unusual order detected. Quantity: 1, average unit price: 195.00, order amount: 195.00. Detected by: Isolation Forest. Review this order before taking action.",medium,1,195.0,195.0,-0.16957916239393211,0.7002804233462385,Isolation Forest
553380,2011-05-16 15:29:00,unusual_sales_activity,"Unusual order detected. Quantity: 1, average unit price: 195.00, order amount: 195.00. Detected by: Isolation Forest. Review this order before taking action.",medium,1,195.0,195.0,-0.16957916239393211,0.7002804233462385,Isolation Forest
541001,2011-01-13 10:28:00,unusual_sales_activity,"Unusual order detected. Quantity: 1, average unit price: 165.00, order amount: 165.00. Detected by: Isolation Forest. Review this order before taking action.",medium,1,165.0,165.0,-0.18745719164177668,0.6958571748353128,Isolation Forest
566184,2011-09-09 13:01:00,unusual_sales_activity,"Unusual order detected. Quantity: 1, average unit price: 165.00, order amount: 165.00. Detected by: Isolation Forest. Review this order before taking action.",medium,1,165.0,165.0,-0.18745719164177668,0.6958571748353128,Isolation Forest
577130,2011-11-17 19:58:00,unusual_sales_activity,"Unusual order detected. Quantity: 1, average unit price: 165.00, order amount: 165.00. Detected by: Isolation Forest. Review this order before taking action.",medium,1,165.0,165.0,-0.18745719164177668,0.6958571748353128,Isolation Forest
539688,2010-12-21 11:00:00,unusual_sales_activity,"Unusual order detected. Quantity: 1, average unit price: 150.00, order amount: 150.00. Detected by: Isolation Forest. Review this order before taking action.",medium,1,150.0,150.0,-0.19639620626569895,0.6916327826594946,Isolation Forest
545644,2011-03-04 12:37:00,unusual_sales_activity,"Unusual order detected. Quantity: 3528, average unit price: 0.75, order amount: 1920.48. Detected by: Isolation Forest. Review this order before taking action.",medium,3528,0.75,1920.48,0.8586935678250951,0.6910508539059844,Isolation Forest
563616,2011-08-18 09:39:00,unusual_sales_activity,"Unusual order detected. Quantity: 3840, average unit price: 0.40, order amount: 1536.00. Detected by: Isolation Forest. Review this order before taking action.",medium,3840,0.4,1536.0,0.6295687449847194,0.6904682364775319,Isolation Forest
564862,2011-08-31 10:24:00,unusual_sales_activity,"Unusual order detected. Quantity: 1, average unit price: 145.00, order amount: 145.00. Detected by: Isolation Forest. Review this order before taking action.",medium,1,145.0,145.0,-0.19937587780700636,0.6892969894224414,Isolation Forest
547941,2011-03-28 14:46:00,unusual_sales_activity,"Unusual order detected. Quantity: 151, average unit price: 78.72, order amount: 1267.50. Detected by: Isolation Forest. Review this order before taking action.",medium,151,78.725,1267.5,0.46956038321651067,0.6874453586103281,Isolation Forest
539578,2010-12-20 12:45:00,unusual_sales_activity,"Unusual order detected. Quantity: 3600, average unit price: 0.40, order amount: 1440.00. Detected by: Isolation Forest. Review this order before taking action.",medium,3600,0.4000000000000001,1440.0,0.5723590513916168,0.6862765593326967,Isolation Forest
543348,2011-02-07 12:46:00,unusual_sales_activity,"Unusual order detected. Quantity: 2, average unit price: 145.00, order amount: 290.00. Detected by: Isolation Forest. Review this order before taking action.",medium,2,145.0,290.0,-0.11296540310909103,0.6827949766998143,Isolation Forest
546728,2011-03-16 11:09:00,unusual_sales_activity,"Unusual order detected. Quantity: 2, average unit price: 145.00, order amount: 290.00. Detected by: Isolation Forest. Review this order before taking action.",medium,2,145.0,290.0,-0.11296540310909103,0.6827949766998143,Isolation Forest
543253,2011-02-04 15:32:00,unusual_sales_activity,"Unusual order detected. Quantity: 5, average unit price: 149.38, order amount: 310.00. Detected by: Isolation Forest. Review this order before taking action.",medium,5,149.375,310.0,-0.10104671694386133,0.6821528443107956,Isolation Forest
561208,2011-07-25 16:39:00,unusual_sales_activity,"Unusual order detected. Quantity: 2924, average unit price: 0.82, order amount: 2007.40. Detected by: Isolation Forest. Review this order before taking action.",medium,2924,0.8248148148148148,2007.3999999999999,0.9104921778991835,0.6807123717712069,Isolation Forest
573008,2011-10-27 12:26:00,unusual_sales_activity,"Unusual order detected. Quantity: 4936, average unit price: 1.34, order amount: 1146.96. Detected by: Isolation Forest. Review this order before taking action.",medium,4936,1.3433333333333335,1146.96,0.39772646169867126,0.6795120306022546,Isolation Forest
560599,2011-07-19 17:04:00,unusual_sales_activity,"Unusual order detected. Quantity: 3186, average unit price: 0.06, order amount: 191.16. Detected by: Isolation Forest. Review this order before taking action.",medium,3186,0.06,191.16,-0.17186755013765623,0.6743450827120895,Isolation Forest
543192,2011-02-04 11:55:00,unusual_sales_activity,"Unusual order detected. Quantity: 2910, average unit price: 1.22, order amount: 1987.62. Detected by: Isolation Forest. Review this order before taking action.",medium,2910,1.217142857142857,1987.62,0.8987045972817712,0.6742633398102008,Isolation Forest
578060,2011-11-22 15:22:00,unusual_sales_activity,"Unusual order detected. Quantity: 3200, average unit price: 0.32, order amount: 976.00. Detected by: Isolation Forest. Review this order before taking action.",medium,3200,0.3233333333333333,976.0,0.29584553235828775,0.6729513233769947,Isolation Forest
539307,2010-12-16 17:43:00,unusual_sales_activity,"Unusual order detected. Quantity: 2856, average unit price: 1.22, order amount: 2054.92. Detected by: Isolation Forest. Review this order before taking action.",medium,2856,1.22425,2054.92,0.9388109762277692,0.6725085121121519,Isolation Forest
573995,2011-11-02 11:24:00,unusual_sales_activity,"Unusual order detected. Quantity: 3000, average unit price: 0.32, order amount: 960.00. Detected by: Isolation Forest. Review this order before taking action.",medium,3000,0.32,960.0,0.286310583426104,0.6724961677142977,Isolation Forest
550272,2011-04-15 12:14:00,unusual_sales_activity,"Unusual order detected. Quantity: 3843, average unit price: 1.41, order amount: 1612.83. Detected by: Isolation Forest. Review this order before taking action.",medium,3843,1.4055172413793102,1612.83,0.6753543778884492,0.6715329133885485,Isolation Forest
570408,2011-10-10 12:59:00,unusual_sales_activity,"Unusual order detected. Quantity: 2904, average unit price: 0.46, order amount: 1334.16. Detected by: Isolation Forest. Review this order before taking action.",medium,2904,0.46,1334.16,0.5092853642052213,0.67124694737215,Isolation Forest
548725,2011-04-04 09:08:00,unusual_sales_activity,"Unusual order detected. Quantity: 1, average unit price: 134.00, order amount: 134.00. Detected by: Isolation Forest. Review this order before taking action.",medium,1,134.0,134.0,-0.20593115519788271,0.6709449933971173,Isolation Forest
548627,2011-04-01 12:19:00,unusual_sales_activity,"Unusual order detected. Quantity: 3080, average unit price: 0.75, order amount: 1445.60. Detected by: Isolation Forest. Review this order before taking action.",medium,3080,0.75,1445.6000000000001,0.5756962835178813,0.6698451662224217,Isolation Forest
541426,2011-01-18 08:44:00,unusual_sales_activity,"Unusual order detected. Quantity: 4, average unit price: 110.00, order amount: 440.00. Detected by: Isolation Forest. Review this order before taking action.",medium,4,110.0,440.0,-0.023575256869868267,0.6695624687278282,Isolation Forest
576512,2011-11-15 12:09:00,unusual_sales_activity,"Unusual order detected. Quantity: 4, average unit price: 110.00, order amount: 440.00. Detected by: Isolation Forest. Review this order before taking action.",medium,4,110.0,440.0,-0.023575256869868267,0.6695624687278282,Isolation Forest
551393,2011-04-28 12:22:00,unusual_sales_activity,"Unusual order detected. Quantity: 51, average unit price: 88.87, order amount: 654.60. Detected by: Isolation Forest. Review this order before taking action.",medium,51,88.87,654.6,0.10431224568304645,0.6695026498692032,Isolation Forest
557571,2011-06-21 10:53:00,unusual_sales_activity,"Unusual order detected. Quantity: 2668, average unit price: 1.15, order amount: 2221.84. Detected by: Isolation Forest. Review this order before taking action.",medium,2668,1.1546153846153846,2221.84,1.0382843309627763,0.6684914505293843,Isolation Forest
581179,2011-12-07 15:43:00,unusual_sales_activity,"Unusual order detected. Quantity: 890, average unit price: 8.59, order amount: 2238.51. Detected by: Isolation Forest. Review this order before taking action.",medium,890,8.586052631578946,2238.5099999999998,1.0482185558814952,0.6658096126892723,Isolation Forest
551314,2011-04-27 15:07:00,unusual_sales_activity,"Unusual order detected. Quantity: 2936, average unit price: 0.75, order amount: 1292.96. Detected by: Isolation Forest. Review this order before taking action.",medium,2936,0.75,1292.96,0.4847328707048481,0.6655245640159152,Isolation Forest
543057,2011-02-03 10:50:00,unusual_sales_activity,"Unusual order detected. Quantity: 3012, average unit price: 0.64, order amount: 989.52. Detected by: Isolation Forest. Review this order before taking action.",medium,3012,0.635,989.52,0.303902564205983,0.6635089083052543,Isolation Forest
538063,2010-12-09 13:44:00,unusual_sales_activity,"Unusual order detected. Quantity: 96, average unit price: 19.94, order amount: 1914.24. Detected by: Isolation Forest. Review this order before taking action.",medium,96,19.94,1914.2400000000002,0.8549749377415437,0.6630204054259374,Isolation Forest
543669,2011-02-11 11:22:00,unusual_sales_activity,"Unusual order detected. Quantity: 2400, average unit price: 0.94, order amount: 2256.00. Detected by: Isolation Forest. Review this order before taking action.",medium,2400,0.94,2256.0,1.0586414469329886,0.6627002100194375,Isolation Forest
539440,2010-12-17 15:15:00,unusual_sales_activity,"Unusual order detected. Quantity: 2, average unit price: 125.00, order amount: 250.00. Detected by: Isolation Forest. Review this order before taking action.",medium,2,125.0,250.0,-0.13680277543955044,0.6626619207735027,Isolation Forest
540653,2011-01-10 15:07:00,unusual_sales_activity,"Unusual order detected. Quantity: 2, average unit price: 125.00, order amount: 250.00. Detected by: Isolation Forest. Review this order before taking action.",medium,2,125.0,250.0,-0.13680277543955044,0.6626619207735027,Isolation Forest
541043,2011-01-13 12:10:00,unusual_sales_activity,"Unusual order detected. Quantity: 2, average unit price: 125.00, order amount: 250.00. Detected by: Isolation Forest. Review this order before taking action.",medium,2,125.0,250.0,-0.13680277543955044,0.6626619207735027,Isolation Forest
545902,2011-03-07 17:55:00,unusual_sales_activity,"Unusual order detected. Quantity: 2, average unit price: 125.00, order amount: 250.00. Detected by: Isolation Forest. Review this order before taking action.",medium,2,125.0,250.0,-0.13680277543955044,0.6626619207735027,Isolation Forest
551291,2011-04-27 14:26:00,unusual_sales_activity,"Unusual order detected. Quantity: 3103, average unit price: 1.06, order amount: 1502.78. Detected by: Isolation Forest. Review this order before taking action.",medium,3103,1.0582978723404255,1502.78,0.6097718072642728,0.6620119452906842,Isolation Forest
547037,2011-03-20 10:37:00,unusual_sales_activity,"Unusual order detected. Quantity: 3620, average unit price: 1.17, order amount: 1224.60. Detected by: Isolation Forest. Review this order before taking action.",medium,3620,1.1749999999999998,1224.6,0.4439948013920929,0.6617317307896361,Isolation Forest
578042,2011-11-22 14:25:00,unusual_sales_activity,"Unusual order detected. Quantity: 6, average unit price: 85.00, order amount: 510.00. Detected by: Isolation Forest. Review this order before taking action.",medium,6,85.0,510.0,0.018140144708435692,0.6597831816994245,Isolation Forest
563177,2011-08-12 14:03:00,unusual_sales_activity,"Unusual order detected. Quantity: 1, average unit price: 65.00, order amount: 65.00. Detected by: Isolation Forest. Review this order before taking action.",medium,1,65.0,65.0,-0.24705062246792517,0.6585911435628523,Isolation Forest
566430,2011-09-12 14:37:00,unusual_sales_activity,"Unusual order detected. Quantity: 1, average unit price: 85.00, order amount: 85.00. Detected by: Isolation Forest. Review this order before taking action.",medium,1,85.0,85.0,-0.23513193630269547,0.655966714732078,Isolation Forest
573933,2011-11-02 10:33:00,unusual_sales_activity,"Unusual order detected. Quantity: 1, average unit price: 85.00, order amount: 85.00. Detected by: Isolation Forest. Review this order before taking action.",medium,1,85.0,85.0,-0.23513193630269547,0.655966714732078,Isolation Forest
578232,2011-11-23 12:13:00,unusual_sales_activity,"Unusual order detected. Quantity: 1, average unit price: 85.00, order amount: 85.00. Detected by: Isolation Forest. Review this order before taking action.",medium,1,85.0,85.0,-0.23513193630269547,0.655966714732078,Isolation Forest
569389,2011-10-03 16:51:00,unusual_sales_activity,"Unusual order detected. Quantity: 3, average unit price: 101.67, order amount: 305.00. Detected by: Isolation Forest. Review this order before taking action.",medium,3,101.66666666666667,305.0,-0.10402638848516875,0.6525441560149414,Isolation Forest
545414,2011-03-02 12:43:00,unusual_sales_activity,"Unusual order detected. Quantity: 24, average unit price: 34.95, order amount: 838.80. Detected by: Isolation Forest. Review this order before taking action.",medium,24,34.95,838.8000000000001,0.21408334526481204,0.6489427719522464,Isolation Forest
558917,2011-07-05 09:34:00,unusual_sales_activity,"Unusual order detected. Quantity: 24, average unit price: 34.95, order amount: 838.80. Detected by: Isolation Forest. Review this order before taking action.",medium,24,34.95,838.8000000000001,0.21408334526481204,0.6489427719522464,Isolation Forest
581110,2011-12-07 12:17:00,unusual_sales_activity,"Unusual order detected. Quantity: 150, average unit price: 13.35, order amount: 2002.50. Detected by: Isolation Forest. Review this order before taking action.",medium,150,13.35,2002.5,0.9075720997887021,0.648941073030951,Isolation Forest
