customer_id,customer_name,orig_segment,region,recency_days,frequency_orders,monetary_sales,avg_order_value,total_quantity,avg_quantity_per_order,total_profit,avg_discount,kmeans_cluster,hierarchical_cluster,segment_name
AA-10315,Alex Avila,Consumer,Central,185,5,5563.56,1112.712,30,2.727272727272727,-362.8825,0.09090909090909091,0,0,High-Value Champions
AA-10375,Allen Armold,Consumer,West,20,9,1056.39,117.37666666666668,41,2.7333333333333334,277.3824,0.08000000000000002,0,0,High-Value Champions
AA-10480,Andrew Allen,Consumer,South,260,4,1790.5120000000002,447.62800000000004,36,3.0,435.8274,0.016666666666666666,0,1,High-Value Champions
AA-10645,Anna Andreadi,Consumer,East,56,6,5086.9349999999995,847.8224999999999,64,3.5555555555555554,857.8033,0.06388888888888888,0,0,High-Value Champions
AB-10015,Aaron Bergman,Consumer,West,416,3,886.156,295.38533333333334,13,2.1666666666666665,129.3465,0.06666666666666667,1,1,Low-Activity / At-Risk Customers
AB-10060,Adam Bellavance,Home Office,East,55,8,7755.62,969.4525,56,3.111111111111111,2054.5885,0.044444444444444446,0,0,High-Value Champions
AB-10105,Adrian Barton,Consumer,West,42,10,14473.570999999998,1447.3570999999997,73,3.65,5444.8055,0.24,0,0,High-Value Champions
AB-10150,Aimee Bixby,Consumer,East,42,5,966.71,193.342,37,3.0833333333333335,313.6597,0.13333333333333333,1,0,Low-Activity / At-Risk Customers
AB-10165,Alan Barnes,Consumer,West,26,8,1113.838,139.22975,48,3.4285714285714284,220.813,0.13571428571428573,0,0,High-Value Champions
AB-10255,Alejandro Ballentine,Home Office,East,167,9,914.5319999999999,101.61466666666666,39,2.7857142857142856,264.5675,0.1,1,0,Low-Activity / At-Risk Customers
AB-10600,Ann Blume,Corporate,West,51,4,1515.862,378.9655,38,4.75,-274.9604,0.375,1,0,Low-Activity / At-Risk Customers
AC-10420,Alyssa Crouse,Corporate,West,233,3,925.8,308.59999999999997,17,3.4,-62.1342,0.32,1,0,Low-Activity / At-Risk Customers
AC-10450,Amy Cox,Consumer,Central,12,7,5527.846,789.6922857142856,43,4.777777777777778,1366.0098,0.18888888888888888,0,0,High-Value Champions
AC-10615,Ann Chong,Corporate,East,7,5,2537.6859999999997,507.5371999999999,59,3.2777777777777777,298.8273,0.1111111111111111,0,0,High-Value Champions
AC-10660,Anna Chung,Consumer,Central,283,5,657.316,131.4632,16,2.6666666666666665,-28.700399999999995,0.18333333333333335,1,0,Low-Activity / At-Risk Customers
AD-10180,Alan Dominguez,Home Office,Central,30,8,6106.88,763.36,40,3.3333333333333335,1869.9294,0.05833333333333333,0,0,High-Value Champions
AF-10870,Art Ferguson,Consumer,Central,42,7,2052.908,293.27257142857144,51,3.1875,317.9712,0.2,0,0,High-Value Champions
AF-10885,Art Foster,Consumer,South,416,4,861.565,215.39125,37,5.285714285714286,-163.1175,0.2571428571428572,1,1,Low-Activity / At-Risk Customers
AG-10270,Alejandro Grove,Consumer,West,279,5,2582.898,516.5796,58,4.142857142857143,732.7399,0.014285714285714287,0,1,High-Value Champions
AG-10300,Aleksandra Gannaway,Corporate,West,119,4,367.548,91.887,16,3.2,59.288399999999996,0.08,1,1,Low-Activity / At-Risk Customers
AG-10330,Alex Grayson,Consumer,West,9,5,660.972,132.1944,47,5.222222222222222,-5.137100000000006,0.23333333333333334,1,0,Low-Activity / At-Risk Customers
AG-10390,Allen Goldenen,Consumer,East,115,5,200.945,40.189,33,4.125,69.2784,0.22499999999999998,1,1,Low-Activity / At-Risk Customers
AG-10495,Andrew Gjertsen,Corporate,East,79,8,2356.855,294.606875,93,4.428571428571429,295.6668,0.20476190476190476,0,0,High-Value Champions
AG-10525,Andy Gerbode,Corporate,South,846,4,1455.038,363.7595,33,3.6666666666666665,-152.7613,0.15555555555555556,1,1,Low-Activity / At-Risk Customers
AG-10675,Anna Gayman,Consumer,Central,98,7,3489.0396000000005,498.43422857142866,54,3.6,-246.42570000000003,0.16133333333333333,0,0,High-Value Champions
AG-10765,Anthony Garverick,Home Office,East,78,4,170.584,42.646,20,4.0,-8.431000000000001,0.45999999999999996,1,1,Low-Activity / At-Risk Customers
AG-10900,Arthur Gainer,Consumer,West,97,10,4510.797,451.07969999999995,92,4.380952380952381,343.6824,0.16666666666666666,0,0,High-Value Champions
AH-10030,Aaron Hawkins,Corporate,East,13,7,1744.7,249.24285714285716,54,4.909090909090909,365.2152,0.09090909090909091,0,0,High-Value Champions
AH-10075,Adam Hart,Corporate,East,35,10,3250.337,325.0337,75,3.75,281.189,0.135,0,0,High-Value Champions
AH-10120,Adrian Hane,Home Office,West,61,7,1735.5140000000001,247.93057142857145,65,4.0625,-2.3145999999999773,0.23750000000000002,0,0,High-Value Champions
AH-10195,Alan Haines,Corporate,South,56,4,1587.452,396.863,28,3.5,-378.5509,0.35,1,0,Low-Activity / At-Risk Customers
AH-10210,Alan Hwang,Consumer,West,7,9,4805.344,533.9271111111111,53,4.076923076923077,1308.5546,0.09230769230769233,0,0,High-Value Champions
AH-10465,Amy Hunt,Consumer,East,231,5,2495.3916,499.07831999999996,35,4.375,-196.12009999999998,0.14,0,0,High-Value Champions
AH-10585,Angele Hood,Consumer,Central,22,4,738.504,184.626,17,3.4,83.96300000000001,0.12000000000000002,1,0,Low-Activity / At-Risk Customers
AH-10690,Anna Häberlin,Corporate,East,411,12,7888.294,657.3578333333334,102,4.434782608695652,1298.0166,0.21739130434782608,0,0,High-Value Champions
AI-10855,Arianne Irving,Consumer,East,14,10,4375.786,437.5786,72,4.0,867.7271000000001,0.07222222222222223,0,0,High-Value Champions
AJ-10780,Anthony Jacobs,Corporate,South,76,7,4867.344,695.3348571428571,62,4.133333333333334,150.71300000000005,0.08666666666666667,0,0,High-Value Champions
AJ-10795,Anthony Johnson,Corporate,South,167,7,4501.391,643.0558571428571,88,4.190476190476191,1158.7064,0.08333333333333333,0,0,High-Value Champions
AJ-10945,Ashley Jarboe,Consumer,South,86,7,1839.24,262.74857142857144,40,4.0,521.1351999999999,0.04,0,0,High-Value Champions
AJ-10960,Astrea Jones,Consumer,East,75,3,629.2479999999999,209.7493333333333,22,4.4,60.4265,0.04,1,0,Low-Activity / At-Risk Customers
AM-10360,Alice McCarthy,Corporate,Central,29,5,814.012,162.80239999999998,48,4.0,194.9878,0.125,1,0,Low-Activity / At-Risk Customers
AM-10705,Anne McFarland,Consumer,South,163,8,5664.022,708.00275,81,3.6818181818181817,1085.7326,0.06363636363636363,0,0,High-Value Champions
AO-10810,Anthony O'Donnell,Corporate,West,502,1,161.28,161.28,2,2.0,12.096,0.2,1,1,Low-Activity / At-Risk Customers
AP-10720,Anne Pryor,Home Office,East,42,8,1638.554,204.81925,85,4.473684210526316,285.7888,0.1631578947368421,0,0,High-Value Champions
AP-10915,Arthur Prichep,Consumer,South,99,10,3323.556,332.3556,102,3.2903225806451615,579.3113,0.09354838709677421,0,0,High-Value Champions
AR-10345,Alex Russell,Corporate,East,112,4,1055.694,263.9235,18,3.6,-221.0544,0.26,1,0,Low-Activity / At-Risk Customers
AR-10405,Allen Rosenblatt,Corporate,East,126,5,2236.128,447.22560000000004,29,4.142857142857143,-98.7646,0.09999999999999999,0,0,High-Value Champions
AR-10510,Andrew Roberts,Consumer,East,15,5,264.86400000000003,52.97280000000001,33,4.714285714285714,43.6695,0.21428571428571427,1,1,Low-Activity / At-Risk Customers
AR-10540,Andy Reiter,Consumer,East,7,6,6608.448,1101.4080000000001,33,3.6666666666666665,2884.6208,0.06666666666666668,0,0,High-Value Champions
AR-10570,Anemone Ratner,Consumer,South,535,1,88.15,88.15,6,3.0,32.633,0.0,1,1,Low-Activity / At-Risk Customers
AR-10825,Anthony Rawles,Corporate,West,59,8,4523.336,565.417,54,4.153846153846154,494.83519999999993,0.07692307692307693,0,0,High-Value Champions
AS-10045,Aaron Smayling,Corporate,South,89,7,3050.692,435.81314285714285,48,4.8,-253.57459999999998,0.355,0,0,High-Value Champions
AS-10090,Adam Shillingsburg,Consumer,South,29,9,3255.31,361.7011111111111,81,3.24,64.53739999999998,0.18,0,0,High-Value Champions
AS-10135,Adrian Shami,Home Office,East,42,2,58.82,29.41,9,3.0,21.8496,0.06666666666666667,1,1,Low-Activity / At-Risk Customers
AS-10225,Alan Schoenberger,Corporate,East,23,5,4260.784,852.1568,41,3.1538461538461537,719.7751000000001,0.06153846153846154,0,0,High-Value Champions
AS-10240,Alan Shonely,Consumer,South,193,7,584.6080000000001,83.51542857142859,39,3.0,33.715799999999994,0.2692307692307692,1,0,Low-Activity / At-Risk Customers
AS-10285,Alejandro Savely,Corporate,West,20,6,3214.236,535.706,39,4.875,354.62760000000003,0.225,0,0,High-Value Champions
AS-10630,Ann Steele,Home Office,Central,93,7,833.398,119.05685714285714,34,2.8333333333333335,136.49190000000002,0.18333333333333335,1,0,Low-Activity / At-Risk Customers
AT-10435,Alyssa Tate,Home Office,West,22,6,1171.814,195.30233333333334,28,3.111111111111111,100.87680000000002,0.19999999999999998,0,0,High-Value Champions
AT-10735,Annie Thurman,Consumer,West,14,10,3831.864,383.1864,60,3.75,974.107,0.08750000000000001,0,0,High-Value Champions
AW-10840,Anthony Witt,Consumer,Central,21,4,649.376,162.344,24,3.0,65.77250000000001,0.2,1,0,Low-Activity / At-Risk Customers
AW-10930,Arthur Wiediger,Home Office,Central,47,7,2852.968,407.56685714285715,68,4.25,-104.5486,0.30625,0,0,High-Value Champions
AY-10555,Andy Yotov,Corporate,West,15,4,497.014,124.2535,34,3.4,103.3499,0.1,1,0,Low-Activity / At-Risk Customers
AZ-10750,Annie Zypern,Consumer,East,161,6,1622.0179999999998,270.3363333333333,40,3.3333333333333335,154.9503,0.125,0,0,High-Value Champions
BB-10990,Barry Blumstein,Corporate,West,106,5,744.3399999999999,148.868,26,3.25,11.583900000000007,0.2,1,0,Low-Activity / At-Risk Customers
BB-11545,Brenda Bowman,Corporate,Central,29,9,6765.728,751.7475555555556,83,4.15,1015.0749999999999,0.195,0,0,High-Value Champions
BC-11125,Becky Castell,Home Office,West,203,9,2933.676,325.964,60,3.3333333333333335,251.5974,0.1111111111111111,0,0,High-Value Champions
BD-11320,Bill Donatelli,Consumer,West,34,12,5718.521,476.54341666666664,75,3.9473684210526314,1094.5037,0.07894736842105263,0,0,High-Value Champions
BD-11500,Bradley Drucker,Consumer,Central,36,6,4411.2429999999995,735.2071666666666,49,4.9,1142.1225,0.135,0,0,High-Value Champions
BD-11560,Brendan Dodson,Home Office,West,279,2,320.54,160.27,11,2.75,116.714,0.0,1,1,Low-Activity / At-Risk Customers
BD-11605,Brian Dahlen,Consumer,East,98,7,3288.471,469.78157142857145,74,3.7,634.8463,0.0725,0,0,High-Value Champions
BD-11620,Brian DeCherney,Consumer,West,70,6,1538.11,256.35166666666663,27,3.375,206.75689999999997,0.17500000000000002,0,0,High-Value Champions
BD-11635,Brian Derr,Consumer,South,10,3,582.646,194.21533333333332,19,3.8,141.53400000000002,0.1,1,0,Low-Activity / At-Risk Customers
BD-11725,Bruce Degenhardt,Consumer,South,94,6,1526.5,254.41666666666666,29,2.9,333.9791,0.02,0,0,High-Value Champions
BD-11770,Bryan Davis,Consumer,Central,328,6,658.466,109.74433333333333,21,2.1,141.265,0.12000000000000002,1,1,Low-Activity / At-Risk Customers
BE-11335,Bill Eplett,Home Office,Central,120,5,4204.676,840.9352000000001,35,3.888888888888889,1487.7739000000001,0.022222222222222223,0,0,High-Value Champions
BE-11410,Bobby Elias,Consumer,East,99,5,2261.438,452.2876,19,3.8,755.9150999999999,0.16,0,0,High-Value Champions
BE-11455,Brad Eason,Home Office,Central,255,6,1727.652,287.942,40,3.076923076923077,139.20080000000002,0.14615384615384613,0,0,High-Value Champions
BF-10975,Barbara Fisher,Corporate,South,92,7,599.798,85.68542857142857,38,2.923076923076923,227.4384,0.14615384615384613,1,0,Low-Activity / At-Risk Customers
BF-11005,Barry Franz,Home Office,West,40,4,1333.88,333.47,26,2.6,-291.38109999999995,0.18,1,0,Low-Activity / At-Risk Customers
BF-11020,Barry Französisch,Corporate,Central,75,8,2888.506,361.06325,78,3.7142857142857144,302.02,0.2571428571428572,0,0,High-Value Champions
BF-11080,Bart Folk,Consumer,East,26,3,272.95,90.98333333333333,29,4.833333333333333,110.9272,0.0,1,1,Low-Activity / At-Risk Customers
BF-11170,Ben Ferrer,Home Office,West,17,11,5907.972,537.0883636363636,102,3.7777777777777777,1538.2127,0.12222222222222222,0,0,High-Value Champions
BF-11215,Benjamin Farhat,Home Office,West,66,4,1585.162,396.2905,48,6.0,523.2133,0.05,0,0,High-Value Champions
BF-11275,Beth Fritzler,Corporate,West,58,3,791.9899999999999,263.9966666666666,11,2.75,25.870199999999997,0.15000000000000002,1,0,Low-Activity / At-Risk Customers
BG-11035,Barry Gonzalez,Consumer,South,29,8,2798.948,349.8685,35,2.9166666666666665,-711.4274,0.19166666666666665,0,0,High-Value Champions
BG-11695,Brooke Gillingham,Corporate,East,37,6,1874.172,312.362,24,3.0,107.5715,0.1375,0,0,High-Value Champions
BG-11740,Bruce Geld,Consumer,East,58,6,1006.356,167.726,22,3.142857142857143,119.34790000000001,0.14285714285714285,1,0,Low-Activity / At-Risk Customers
BH-11710,Brosina Hoffman,Consumer,West,24,8,6255.351,781.918875,97,4.041666666666667,802.7898,0.18333333333333335,0,0,High-Value Champions
BK-11260,Berenike Kampe,Consumer,East,78,6,659.1379999999999,109.85633333333332,58,3.625,-63.764399999999995,0.20625000000000002,1,0,Low-Activity / At-Risk Customers
BM-11140,Becky Martin,Consumer,Central,308,4,11789.63,2947.4075,64,4.0,-1659.9580999999998,0.16875,0,0,High-Value Champions
BM-11575,Brendan Murry,Corporate,East,101,6,808.162,134.69366666666667,22,2.2,95.58160000000001,0.18,1,0,Low-Activity / At-Risk Customers
BM-11650,Brian Moss,Corporate,East,34,11,7294.185,663.1077272727273,95,3.2758620689655173,2199.2781,0.08448275862068966,0,0,High-Value Champions
BM-11785,Bryan Mills,Consumer,East,219,10,1338.842,133.88420000000002,44,3.142857142857143,137.7439,0.25,0,0,High-Value Champions
BN-11470,Brad Norvell,Corporate,South,25,4,265.296,66.324,15,2.5,36.6131,0.16666666666666666,1,1,Low-Activity / At-Risk Customers
BN-11515,Bradley Nguyen,Consumer,West,10,5,1459.344,291.8688,79,4.647058823529412,340.7054,0.023529411764705882,0,0,High-Value Champions
BO-11350,Bill Overfelt,Corporate,West,138,5,2682.728,536.5456,43,3.5833333333333335,278.77700000000004,0.2333333333333333,0,0,High-Value Champions
BO-11425,Bobby Odegard,Consumer,South,76,2,130.83,65.415,7,3.5,59.4522,0.0,1,1,Low-Activity / At-Risk Customers
BP-11050,Barry Pond,Corporate,East,84,5,983.42,196.684,30,4.285714285714286,209.78300000000002,0.14285714285714285,1,0,Low-Activity / At-Risk Customers
BP-11095,Bart Pistole,Corporate,Central,18,12,2442.044,203.50366666666665,70,3.5,433.9751,0.165,0,0,High-Value Champions
BP-11155,Becky Pak,Consumer,South,90,6,1697.8609999999999,282.97683333333333,32,2.909090909090909,647.3847000000001,0.0818181818181818,0,0,High-Value Champions
BP-11185,Ben Peterman,Corporate,West,2,9,3675.861,408.429,69,3.8333333333333335,363.5991,0.19444444444444445,0,0,High-Value Champions
BP-11230,Benjamin Patterson,Consumer,West,40,5,1181.49,236.298,14,2.3333333333333335,-197.2695,0.06666666666666667,1,0,Low-Activity / At-Risk Customers
BP-11290,Beth Paige,Consumer,Central,13,7,2475.157,353.5938571428572,51,3.1875,-319.0637,0.3,0,0,High-Value Champions
BS-11365,Bill Shonely,Corporate,East,559,5,10501.653,2100.3306000000002,39,4.333333333333333,2616.0643999999998,0.011111111111111112,0,1,High-Value Champions
BS-11380,Bill Stewart,Corporate,Central,29,5,3887.834,777.5668,58,4.461538461538462,-17.532200000000024,0.27692307692307694,0,0,High-Value Champions
BS-11590,Brendan Sweed,Corporate,West,36,6,2454.928,409.1546666666666,41,4.1,381.7807,0.3,0,0,High-Value Champions
BS-11665,Brian Stugart,Consumer,East,583,3,3288.1099999999997,1096.0366666666666,47,4.2727272727272725,238.73680000000002,0.18181818181818182,1,1,Low-Activity / At-Risk Customers
BS-11755,Bruce Stewart,Consumer,West,2,7,2562.382,366.0545714285714,45,3.2142857142857144,-113.29840000000003,0.13214285714285715,0,0,High-Value Champions
BS-11800,Bryan Spruell,Home Office,East,266,2,949.4300000000001,474.71500000000003,22,2.75,194.0516,0.0,1,0,Low-Activity / At-Risk Customers
BT-11305,Beth Thompson,Home Office,West,337,5,2567.656,513.5312,33,3.6666666666666665,417.5918,0.044444444444444446,0,1,High-Value Champions
BT-11395,Bill Tyler,Corporate,Central,303,6,2186.6130000000003,364.43550000000005,38,3.8,257.9163,0.15,0,0,High-Value Champions
BT-11440,Bobby Trafton,Consumer,West,561,4,603.876,150.969,16,2.2857142857142856,-77.5256,0.15714285714285717,1,1,Low-Activity / At-Risk Customers
BT-11485,Brad Thomas,Home Office,East,660,2,415.19599999999997,207.59799999999998,11,3.6666666666666665,126.8694,0.06666666666666667,1,1,Low-Activity / At-Risk Customers
BT-11530,Bradley Talbott,Home Office,West,92,5,2684.4919999999997,536.8983999999999,44,4.4,409.4983,0.1,0,0,High-Value Champions
BT-11680,Brian Thompson,Consumer,East,21,7,3196.752,456.6788571428571,88,4.4,447.74839999999995,0.07,0,0,High-Value Champions
BV-11245,Benjamin Venier,Corporate,Central,335,5,1523.2730000000001,304.6546,49,3.5,315.2214,0.09285714285714285,1,1,Low-Activity / At-Risk Customers
BW-11065,Barry Weirich,Consumer,South,213,3,385.516,128.50533333333334,8,2.6666666666666665,-58.28659999999999,0.13333333333333333,1,1,Low-Activity / At-Risk Customers
BW-11110,Bart Watters,Corporate,Central,122,8,4750.358,593.79475,74,4.352941176470588,921.2574,0.1411764705882353,0,0,High-Value Champions
BW-11200,Ben Wallace,Consumer,South,204,6,1738.406,289.7343333333333,49,4.9,246.9973,0.15,0,0,High-Value Champions
CA-11965,Carol Adams,Corporate,South,97,6,3789.7228,631.6204666666666,29,2.9,1143.3817,0.11200000000000002,0,0,High-Value Champions
CA-12055,Cathy Armstrong,Home Office,Central,402,5,1679.7240000000002,335.94480000000004,49,4.9,211.2559,0.3,1,1,Low-Activity / At-Risk Customers
CA-12265,Christina Anderson,Consumer,Central,57,9,2648.2872,294.25413333333336,65,3.823529411764706,279.6183,0.18941176470588236,0,0,High-Value Champions
CA-12310,Christine Abelman,Corporate,East,14,4,1421.954,355.4885,25,2.272727272727273,246.02179999999998,0.11818181818181818,0,0,High-Value Champions
CA-12775,Cynthia Arntzen,Consumer,South,121,7,3041.566,434.50942857142854,72,4.235294117647059,204.48950000000002,0.18823529411764706,0,0,High-Value Champions
CB-12025,Cassandra Brandow,Consumer,East,48,10,6076.139,607.6139000000001,122,4.6923076923076925,150.2089,0.16346153846153846,0,0,High-Value Champions
CB-12415,Christy Brittain,Consumer,East,27,8,1949.2,243.65,44,3.6666666666666665,272.3883,0.3333333333333333,0,0,High-Value Champions
CB-12535,Claudia Bergmann,Corporate,South,198,8,4246.4555,530.8069375,74,3.8947368421052633,1049.5601,0.05,0,0,High-Value Champions
CC-12100,Chad Cunningham,Home Office,Central,458,6,1770.945,295.15749999999997,46,3.5384615384615383,208.5912,0.21538461538461537,1,1,Low-Activity / At-Risk Customers
CC-12145,Charles Crestani,Consumer,West,107,7,2471.65,353.09285714285716,31,2.8181818181818183,392.2825,0.08181818181818182,0,0,High-Value Champions
CC-12220,Chris Cortes,Consumer,Central,21,12,3913.418,326.1181666666667,81,3.6818181818181817,393.9618,0.11818181818181818,0,0,High-Value Champions
CC-12370,Christopher Conant,Consumer,South,44,5,12129.072000000002,2425.8144,34,3.090909090909091,2177.0493,0.2818181818181818,0,0,High-Value Champions
CC-12430,Chuck Clark,Home Office,Central,1,10,2870.05,287.005,63,3.3157894736842106,424.6583,0.05789473684210527,0,0,High-Value Champions
CC-12475,Cindy Chapman,Consumer,East,40,9,1659.438,184.382,40,3.076923076923077,154.851,0.16153846153846155,0,0,High-Value Champions
CC-12550,Clay Cheatham,Consumer,West,28,3,113.832,37.943999999999996,14,3.5,33.870599999999996,0.15000000000000002,1,1,Low-Activity / At-Risk Customers
CC-12610,Corey Catlett,Corporate,East,35,7,2540.631,362.94728571428567,39,3.25,331.434,0.27499999999999997,0,0,High-Value Champions
CC-12670,Craig Carreira,Consumer,East,30,7,2269.7015,324.24307142857145,47,3.357142857142857,187.8399,0.16785714285714287,0,0,High-Value Champions
CC-12685,Craig Carroll,Consumer,South,800,4,2854.1150000000002,713.5287500000001,51,4.25,850.1591,0.25,1,1,Low-Activity / At-Risk Customers
CD-11920,Carlos Daly,Consumer,West,41,5,2033.968,406.7936,35,3.888888888888889,426.661,0.044444444444444446,0,0,High-Value Champions
CD-11980,Carol Darley,Consumer,Central,55,3,639.766,213.2553333333333,22,3.6666666666666665,-206.7172,0.43333333333333335,1,0,Low-Activity / At-Risk Customers
CD-12280,Christina DeMoss,Consumer,West,43,2,1205.584,602.792,39,3.0,233.0274,0.08461538461538462,1,0,Low-Activity / At-Risk Customers
CD-12790,Cynthia Delaney,Home Office,West,400,5,1860.732,372.14639999999997,49,3.2666666666666666,403.8422,0.02666666666666667,1,1,Low-Activity / At-Risk Customers
CG-12040,Catherine Glotzbach,Home Office,East,50,6,904.4680000000001,150.7446666666667,37,4.111111111111111,86.5106,0.18888888888888888,1,0,Low-Activity / At-Risk Customers
CG-12520,Claire Gute,Consumer,South,339,3,1148.7800000000002,382.92666666666673,14,2.8,169.93439999999998,0.2,1,1,Low-Activity / At-Risk Customers
CH-12070,Cathy Hwang,Home Office,South,692,3,1537.236,512.412,13,3.25,195.15109999999999,0.15000000000000002,1,1,Low-Activity / At-Risk Customers
CJ-11875,Carl Jackson,Corporate,East,366,1,16.52,16.52,5,5.0,1.652,0.2,1,1,Low-Activity / At-Risk Customers
CJ-12010,Caroline Jumper,Consumer,West,190,8,11164.974,1395.62175,83,4.15,858.7414,0.1885,0,0,High-Value Champions
CK-12205,Chloris Kastensmidt,Consumer,East,40,13,3154.855,242.68115384615385,122,3.8125,141.2831,0.234375,0,0,High-Value Champions
CK-12325,Christine Kargatis,Home Office,West,121,5,2945.321,589.0642,46,3.8333333333333335,261.22090000000003,0.18333333333333335,0,0,High-Value Champions
CK-12595,Clytie Kelty,Consumer,East,44,11,2372.75,215.70454545454547,108,4.32,497.70980000000003,0.184,0,0,High-Value Champions
CK-12760,Cyma Kinney,Corporate,East,83,9,1582.109,175.78988888888887,64,4.571428571428571,-338.4311,0.15,0,0,High-Value Champions
CL-11890,Carl Ludwig,Consumer,East,107,4,1262.0140000000001,315.50350000000003,24,3.4285714285714284,328.0847,0.05714285714285715,1,0,Low-Activity / At-Risk Customers
CL-12565,Clay Ludtke,Consumer,Central,285,12,10880.546,906.7121666666667,106,3.7857142857142856,1933.7830999999999,0.1142857142857143,0,0,High-Value Champions
CL-12700,Craig Leslie,Home Office,Central,106,5,2353.586,470.71719999999993,34,4.25,229.00990000000002,0.1875,0,0,High-Value Champions
CM-11815,Candace McMahon,Corporate,Central,132,6,1673.888,278.98133333333334,38,3.8,214.463,0.12000000000000002,0,0,High-Value Champions
CM-11935,Carlos Meador,Consumer,South,709,2,565.392,282.696,18,4.5,-43.732400000000005,0.2,1,1,Low-Activity / At-Risk Customers
CM-12115,Chad McGuire,Consumer,East,9,4,1661.6100000000001,415.40250000000003,35,5.0,409.0679,0.028571428571428574,0,0,High-Value Champions
CM-12160,Charles McCrossin,Consumer,Central,27,6,2533.314,422.219,23,3.2857142857142856,-394.3686,0.24285714285714285,0,0,High-Value Champions
CM-12190,Charlotte Melton,Consumer,East,9,6,1475.144,245.85733333333334,21,3.0,91.2033,0.07142857142857142,0,0,High-Value Champions
CM-12235,Chris McAfee,Consumer,Central,386,5,2305.712,461.1424,28,3.5,365.0387,0.07500000000000001,0,1,High-Value Champions
CM-12385,Christopher Martinez,Consumer,South,38,4,8954.019999999999,2238.5049999999997,34,3.4,3899.8903999999998,0.12,0,0,High-Value Champions
CM-12445,Chuck Magee,Consumer,West,437,3,287.99,95.99666666666667,32,3.5555555555555554,64.4296,0.07777777777777778,1,1,Low-Activity / At-Risk Customers
CM-12655,Corinna Mitchell,Home Office,West,28,6,6339.5576,1056.5929333333333,42,4.2,1572.4585,0.072,0,0,High-Value Champions
CM-12715,Craig Molinari,Corporate,Central,1036,4,3984.4524,996.1131,57,4.384615384615385,176.3108,0.30923076923076925,1,1,Low-Activity / At-Risk Customers
CP-12085,Cathy Prescott,Corporate,East,83,8,5402.254,675.28175,57,4.071428571428571,427.0258,0.14285714285714285,0,0,High-Value Champions
CP-12340,Christine Phan,Corporate,East,161,8,5888.275,736.034375,59,3.933333333333333,-1850.3029000000001,0.21333333333333335,0,0,High-Value Champions
CR-12580,Clay Rozendal,Home Office,Central,58,4,2148.852,537.213,32,5.333333333333333,74.40129999999999,0.13333333333333333,0,0,High-Value Champions
CR-12625,Corey Roper,Home Office,East,471,3,475.9,158.63333333333333,14,3.5,144.7594,0.0,1,1,Low-Activity / At-Risk Customers
CR-12730,Craig Reiter,Consumer,East,79,4,1600.55,400.1375,18,3.0,306.9176,0.26666666666666666,1,0,Low-Activity / At-Risk Customers
CR-12820,Cyra Reiten,Home Office,East,86,3,1397.8724,465.9574666666667,26,3.7142857142857144,83.27029999999999,0.13142857142857142,1,0,Low-Activity / At-Risk Customers
CS-11845,Cari Sayre,Corporate,West,92,5,1278.954,255.7908,22,2.75,185.3776,0.275,1,0,Low-Activity / At-Risk Customers
CS-11860,Cari Schnelling,Consumer,South,163,6,537.632,89.60533333333332,16,2.2857142857142856,105.8275,0.2285714285714286,1,0,Low-Activity / At-Risk Customers
CS-11950,Carlos Soltero,Consumer,Central,26,11,3036.547,276.0497272727273,68,3.090909090909091,-126.4223,0.2636363636363636,0,0,High-Value Champions
CS-12130,Chad Sievert,Consumer,West,490,4,884.64,221.16,28,4.0,143.8339,0.1142857142857143,1,1,Low-Activity / At-Risk Customers
CS-12175,Charles Sheldon,Corporate,South,233,5,844.4580000000001,168.8916,30,3.75,113.1405,0.1625,1,0,Low-Activity / At-Risk Customers
CS-12250,Chris Selesnick,Corporate,South,27,12,2754.216,229.518,97,3.4642857142857144,738.3626,0.05714285714285715,0,0,High-Value Champions
CS-12355,Christine Sundaresam,Consumer,South,7,11,3202.1620000000003,291.1056363636364,74,3.3636363636363638,831.9432,0.08181818181818182,0,0,High-Value Champions
CS-12400,Christopher Schild,Home Office,Central,3,9,3651.8585000000003,405.7620555555556,47,3.357142857142857,-342.80330000000004,0.21428571428571427,0,0,High-Value Champions
CS-12460,Chuck Sachs,Consumer,South,28,2,550.644,275.322,13,2.1666666666666665,156.2593,0.06666666666666667,1,0,Low-Activity / At-Risk Customers
CS-12490,Cindy Schnelling,Corporate,Central,425,4,1077.2285,269.307125,33,3.6666666666666665,-302.8761,0.25,1,1,Low-Activity / At-Risk Customers
CS-12505,Cindy Stewart,Consumer,South,59,6,5690.054999999999,948.3424999999999,40,4.444444444444445,-6626.389499999999,0.19999999999999998,0,0,High-Value Champions
CT-11995,Carol Triggs,Consumer,Central,97,8,3241.898,405.23725,60,3.3333333333333335,161.22629999999995,0.16111111111111112,0,0,High-Value Champions
CV-12295,Christina VanderZanden,Consumer,West,255,5,2830.6279999999997,566.1256,54,4.153846153846154,493.0861,0.07692307692307693,0,1,High-Value Champions
CV-12805,Cynthia Voltz,Corporate,East,6,9,2370.3136,263.36817777777776,62,3.263157894736842,98.99749999999999,0.2431578947368421,0,0,High-Value Champions
CW-11905,Carl Weiss,Home Office,Central,23,6,1136.592,189.43200000000002,40,3.6363636363636362,370.8298,0.09090909090909091,0,0,High-Value Champions
CY-12745,Craig Yedwab,Corporate,West,61,8,2900.026,362.50325,43,3.909090909090909,60.64670000000001,0.2,0,0,High-Value Champions
Co-12640,Corey-Lock,Consumer,East,550,5,1300.076,260.0152,30,3.75,205.62820000000002,0.175,1,1,Low-Activity / At-Risk Customers
DA-13450,Dianna Arnett,Home Office,Central,353,4,156.76,39.19,27,3.375,56.7904,0.125,1,1,Low-Activity / At-Risk Customers
DB-12910,Daniel Byrd,Home Office,South,22,8,2171.599,271.449875,47,3.9166666666666665,431.3748,0.15416666666666667,0,0,High-Value Champions
DB-12970,Darren Budd,Corporate,West,242,5,2839.2272,567.8454399999999,43,3.0714285714285716,213.00289999999998,0.16571428571428573,0,1,High-Value Champions
DB-13060,Dave Brooks,Consumer,West,17,7,4531.646,647.3779999999999,48,3.6923076923076925,473.0272,0.1846153846153846,0,0,High-Value Champions
DB-13120,David Bremer,Corporate,West,49,7,2973.094,424.7277142857143,59,4.214285714285714,-1421.7692,0.14285714285714285,0,0,High-Value Champions
DB-13210,Dean Braden,Consumer,Central,10,10,2332.577,233.25770000000003,75,3.5714285714285716,169.9679,0.18571428571428572,0,0,High-Value Champions
DB-13270,Deborah Brumfield,Home Office,West,54,8,4655.897,581.987125,52,4.0,841.8263999999999,0.2076923076923077,0,0,High-Value Champions
DB-13360,Dennis Bolton,Home Office,East,265,5,1081.466,216.29319999999998,28,4.666666666666667,291.0085,0.08333333333333333,1,0,Low-Activity / At-Risk Customers
DB-13405,Denny Blanton,Consumer,Central,188,4,1711.692,427.923,62,4.428571428571429,438.9092,0.028571428571428574,0,1,High-Value Champions
DB-13555,Dorothy Badders,Corporate,South,108,7,3908.8028,558.4004,61,4.357142857142857,109.32700000000001,0.15142857142857144,0,0,High-Value Champions
DB-13615,Doug Bickford,Consumer,West,34,7,1989.05,284.15,41,3.727272727272727,438.80119999999994,0.14545454545454548,0,0,High-Value Champions
DB-13660,Duane Benoit,Consumer,East,13,7,1155.202,165.02885714285713,33,3.3,177.67350000000002,0.16,0,0,High-Value Champions
DC-12850,Dan Campbell,Consumer,South,38,9,3336.168,370.68533333333335,64,3.5555555555555554,-1441.6312999999998,0.21111111111111114,0,0,High-Value Champions
DC-13285,Debra Catini,Consumer,Central,24,5,1174.618,234.9236,37,5.285714285714286,132.06820000000002,0.07857142857142858,0,0,High-Value Champions
DD-13570,Dorothy Dickinson,Consumer,Central,42,6,269.542,44.92366666666666,33,3.6666666666666665,36.4344,0.24444444444444446,1,1,Low-Activity / At-Risk Customers
DE-13255,Deanra Eno,Home Office,East,720,5,2550.874,510.17479999999995,38,4.222222222222222,464.47139999999996,0.1111111111111111,1,1,Low-Activity / At-Risk Customers
DF-13135,David Flashing,Consumer,West,701,3,2390.534,796.8446666666667,23,3.8333333333333335,-259.3097,0.2833333333333334,1,1,Low-Activity / At-Risk Customers
DG-13300,Deirdre Greer,Corporate,East,33,5,3195.818,639.1636000000001,39,4.875,562.7761,0.1,0,0,High-Value Champions
DH-13075,Dave Hallsten,Corporate,South,278,6,4932.872,822.1453333333334,81,3.5217391304347827,1193.7404,0.0782608695652174,0,0,High-Value Champions
DH-13675,Duane Huffman,Home Office,East,777,4,1043.096,260.774,41,3.727272727272727,116.667,0.12272727272727274,1,1,Low-Activity / At-Risk Customers
DJ-13420,Denny Joy,Corporate,South,638,4,2012.52,503.13,20,4.0,483.03499999999997,0.0,1,1,Low-Activity / At-Risk Customers
DJ-13510,Don Jones,Corporate,South,49,8,2501.6879999999996,312.71099999999996,52,4.0,345.2521,0.06923076923076923,0,0,High-Value Champions
DJ-13630,Doug Jacobs,Consumer,East,13,3,3356.398,1118.7993333333334,43,5.375,731.5644,0.0625,0,0,High-Value Champions
DK-12835,Damala Kotsonis,Corporate,West,22,12,3256.48,271.37333333333333,86,3.185185185185185,881.1228000000001,0.17777777777777778,0,0,High-Value Champions
DK-12895,Dana Kaydos,Consumer,Central,46,5,4282.176,856.4352000000001,65,4.333333333333333,937.6496,0.08000000000000002,0,0,High-Value Champions
DK-12985,Darren Koutras,Consumer,South,8,5,1687.04,337.408,32,4.0,-107.35379999999998,0.1625,0,0,High-Value Champions
DK-13090,Dave Kipp,Consumer,West,43,7,2650.557,378.65099999999995,33,2.5384615384615383,536.3935,0.13846153846153847,0,0,High-Value Champions
DK-13150,David Kendrick,Corporate,Central,11,2,797.832,398.916,20,4.0,249.9447,0.12000000000000002,1,0,Low-Activity / At-Risk Customers
DK-13225,Dean Katz,Corporate,East,11,9,4802.394,533.5993333333333,70,3.6842105263157894,209.89940000000004,0.19473684210526318,0,0,High-Value Champions
DK-13375,Dennis Kane,Consumer,East,20,8,3318.486,414.81075,77,3.347826086956522,377.0799,0.10869565217391304,0,0,High-Value Champions
DL-12865,Dan Lawera,Consumer,East,101,8,1503.112,187.889,51,3.642857142857143,322.2449,0.15,0,0,High-Value Champions
DL-12925,Daniel Lacy,Consumer,West,58,6,3272.2,545.3666666666667,43,3.0714285714285716,4.213200000000029,0.03571428571428571,0,0,High-Value Champions
DL-13315,Delfina Latchford,Consumer,East,23,8,1458.258,182.28225,74,4.352941176470588,288.8732,0.1823529411764706,0,0,High-Value Champions
DL-13330,Denise Leinenbach,Consumer,West,58,4,585.02,146.255,32,4.0,222.6812,0.05,1,0,Low-Activity / At-Risk Customers
DL-13495,Dionis Lloyd,Corporate,West,77,8,3539.322,442.41525,33,2.75,-52.78799999999997,0.05000000000000001,0,0,High-Value Champions
DM-12955,Dario Medina,Corporate,Central,115,7,1322.034,188.86200000000002,28,3.111111111111111,108.7583,0.16666666666666666,0,0,High-Value Champions
DM-13015,Darrin Martin,Consumer,West,58,7,6345.103,906.4432857142857,87,4.35,1677.3931,0.22999999999999998,0,0,High-Value Champions
DM-13345,Denise Monton,Corporate,South,23,8,4074.4719999999998,509.30899999999997,41,3.1538461538461537,1319.0586,0.1,0,0,High-Value Champions
DM-13525,Don Miller,Corporate,Central,482,3,1376.792,458.93066666666664,33,3.3,199.7688,0.16999999999999998,1,1,Low-Activity / At-Risk Customers
DN-13690,Duane Noonan,Consumer,West,218,7,2139.79,305.6842857142857,41,3.727272727272727,540.5405000000001,0.018181818181818184,0,1,High-Value Champions
DO-13435,Denny Ordway,Consumer,South,134,9,1300.0315,144.44794444444446,48,3.6923076923076925,-38.90860000000001,0.15769230769230771,0,0,High-Value Champions
DO-13645,Doug O'Connell,Consumer,West,27,7,1267.316,181.04514285714285,36,3.272727272727273,294.0676,0.09090909090909091,0,0,High-Value Champions
DP-13000,Darren Powers,Consumer,Central,127,9,1050.636,116.73733333333332,58,3.411764705882353,241.4524,0.2117647058823529,1,0,Low-Activity / At-Risk Customers
DP-13105,Dave Poirier,Corporate,West,7,8,2215.002,276.87525,63,4.5,563.1761,0.1142857142857143,0,0,High-Value Champions
DP-13165,David Philippe,Consumer,East,813,2,1058.616,529.308,20,5.0,-40.93759999999999,0.15000000000000002,1,1,Low-Activity / At-Risk Customers
DP-13390,Dennis Pardue,Home Office,Central,359,9,5480.723999999999,608.9693333333332,50,3.5714285714285716,1571.8318,0.18571428571428572,0,0,High-Value Champions
DR-12880,Dan Reichenbach,Corporate,Central,4,9,6528.034000000001,725.3371111111112,103,4.291666666666667,1641.8613,0.13333333333333333,0,0,High-Value Champions
DR-12940,Daniel Raglin,Home Office,East,51,8,8350.868,1043.8585,57,4.384615384615385,2869.0759999999996,0.15384615384615383,0,0,High-Value Champions
DS-13030,Darrin Sayre,Home Office,West,94,4,1762.213,440.55325,54,2.8421052631578947,193.3319,0.1394736842105263,0,0,High-Value Champions
DS-13180,David Smith,Corporate,Central,24,9,2881.8128,320.2014222222222,68,3.4,163.6993,0.15350000000000003,0,0,High-Value Champions
DV-13045,Darrin Van Huff,Corporate,West,20,5,1119.483,223.89659999999998,28,3.111111111111111,-427.184,0.17222222222222222,1,0,Low-Activity / At-Risk Customers
DV-13465,Dianna Vittorini,Consumer,West,30,6,3341.587,556.9311666666666,62,4.133333333333334,353.2127,0.11333333333333334,0,0,High-Value Champions
DW-13195,David Wiener,Corporate,Central,70,6,1080.751,180.12516666666667,39,4.333333333333333,-86.87379999999999,0.24444444444444446,1,0,Low-Activity / At-Risk Customers
DW-13480,Dianna Wilson,Home Office,Central,218,5,5271.628,1054.3256,38,3.4545454545454546,1348.7556,0.03636363636363637,0,0,High-Value Champions
DW-13540,Don Weiss,Consumer,West,99,5,344.08,68.816,21,2.3333333333333335,69.6672,0.17777777777777778,1,1,Low-Activity / At-Risk Customers
DW-13585,Dorothy Wardle,Corporate,East,243,7,1204.854,172.122,44,4.4,-266.8966,0.17,1,0,Low-Activity / At-Risk Customers
Dl-13600,Dorris liebe,Corporate,Central,120,5,755.602,151.1204,19,3.1666666666666665,175.2388,0.21666666666666667,1,0,Low-Activity / At-Risk Customers
Dp-13240,Dean percer,Home Office,West,85,11,7198.7609999999995,654.4328181818181,99,3.413793103448276,333.36479999999995,0.18620689655172415,0,0,High-Value Champions
EA-14035,Erin Ashbrook,Corporate,South,153,13,2846.705,218.97730769230768,87,3.48,-52.74059999999998,0.3,0,0,High-Value Champions
EB-13705,Ed Braxton,Corporate,East,49,9,3644.978,404.99755555555555,55,4.583333333333333,13.621500000000005,0.25833333333333336,0,0,High-Value Champions
EB-13750,Edward Becker,Corporate,West,36,10,3236.314,323.6314,91,4.55,-80.28599999999999,0.145,0,0,High-Value Champions
EB-13840,Ellis Ballard,Corporate,West,91,5,4358.128,871.6256,41,5.125,656.1988,0.125,0,0,High-Value Champions
EB-13870,Emily Burns,Consumer,West,101,10,2767.219,276.7219,41,3.727272727272727,261.5315,0.29090909090909095,0,0,High-Value Champions
EB-13930,Eric Barreto,Consumer,West,162,5,944.6000000000001,188.92000000000002,24,3.4285714285714284,0.6042000000000058,0.17142857142857143,1,0,Low-Activity / At-Risk Customers
EB-13975,Erica Bern,Corporate,West,1,4,1643.255,410.81375,18,3.0,162.8781,0.2833333333333333,0,0,High-Value Champions
EB-14110,Eugene Barchas,Consumer,East,114,6,3071.126,511.8543333333334,30,2.727272727272727,184.7656,0.2090909090909091,0,0,High-Value Champions
EB-14170,Evan Bailliet,Consumer,South,83,6,1186.326,197.721,20,2.857142857142857,282.1701,0.2285714285714286,1,0,Low-Activity / At-Risk Customers
EC-14050,Erin Creighton,Consumer,East,54,5,461.914,92.3828,37,5.285714285714286,96.4256,0.09999999999999999,1,1,Low-Activity / At-Risk Customers
ED-13885,Emily Ducich,Home Office,West,136,8,3484.92,435.615,54,3.857142857142857,670.4435000000001,0.21428571428571427,0,0,High-Value Champions
EG-13900,Emily Grady,Consumer,East,23,5,1832.02,366.404,44,4.888888888888889,104.2656,0.2,0,0,High-Value Champions
EH-13765,Edward Hooks,Corporate,East,136,12,10310.880000000001,859.2400000000001,120,3.75,1393.5154,0.07187500000000001,0,0,High-Value Champions
EH-13945,Eric Hoffmann,Consumer,West,218,8,684.1709999999999,85.52137499999999,72,4.235294117647059,53.53980000000001,0.29411764705882354,1,0,Low-Activity / At-Risk Customers
EH-13990,Erica Hackney,Consumer,South,406,6,825.9499999999999,137.65833333333333,20,2.5,150.3759,0.0625,1,1,Low-Activity / At-Risk Customers
EH-14005,Erica Hernandez,Home Office,West,3,7,1219.53,174.21857142857144,50,4.545454545454546,-94.14079999999997,0.17272727272727273,0,0,High-Value Champions
EH-14125,Eugene Hildebrand,Home Office,Central,153,10,3082.653,308.26529999999997,76,4.222222222222222,96.27019999999999,0.20555555555555557,0,0,High-Value Champions
EH-14185,Evan Henry,Consumer,South,106,6,923.884,153.98066666666668,22,2.75,242.1107,0.28750000000000003,1,0,Low-Activity / At-Risk Customers
EJ-13720,Ed Jacobs,Consumer,West,303,4,2162.174,540.5435,31,3.875,387.0176,0.175,0,1,High-Value Champions
EJ-14155,Eva Jacobs,Consumer,South,58,5,2656.691,531.3381999999999,31,3.875,451.87550000000005,0.0625,0,0,High-Value Champions
EK-13795,Eileen Kiefer,Home Office,West,45,4,1303.478,325.8695,18,4.5,97.10659999999999,0.0875,1,0,Low-Activity / At-Risk Customers
EL-13735,Ed Ludwig,Home Office,East,78,2,124.28,62.14,9,4.5,27.1154,0.0,1,1,Low-Activity / At-Risk Customers
EM-13810,Eleni McCrary,Corporate,West,133,5,2567.0099999999998,513.4019999999999,23,3.2857142857142856,-133.8275,0.14285714285714285,0,0,High-Value Champions
EM-13825,Elizabeth Moffitt,Corporate,Central,56,8,2339.598,292.44975,57,3.5625,682.5541999999999,0.0625,0,0,High-Value Champions
EM-13960,Eric Murdock,Consumer,East,152,5,933.704,186.74079999999998,18,3.0,102.29599999999999,0.2333333333333333,1,0,Low-Activity / At-Risk Customers
EM-14065,Erin Mull,Consumer,East,48,4,228.99,57.2475,22,3.6666666666666665,40.15459999999999,0.25,1,1,Low-Activity / At-Risk Customers
EM-14095,Eudokia Martin,Corporate,West,114,4,1041.0420000000001,260.26050000000004,34,3.4,240.2362,0.1,1,0,Low-Activity / At-Risk Customers
EM-14140,Eugene Moren,Home Office,West,49,6,4588.436000000001,764.7393333333334,74,3.5238095238095237,1319.3655,0.06666666666666668,0,0,High-Value Champions
EM-14200,Evan Minnotte,Home Office,South,159,3,366.822,122.274,13,3.25,21.7721,0.125,1,1,Low-Activity / At-Risk Customers
EN-13780,Edward Nazzal,Consumer,East,288,4,2199.366,549.8415,27,3.0,496.1131,0.044444444444444446,0,1,High-Value Champions
EP-13915,Emily Phan,Consumer,Central,13,17,5478.0608,322.23887058823533,124,4.0,144.9578,0.19741935483870968,0,0,High-Value Champions
ER-13855,Elpida Rittenbach,Corporate,Central,422,3,1245.788,415.2626666666667,27,5.4,-295.7398,0.2,1,1,Low-Activity / At-Risk Customers
ES-14020,Erica Smith,Consumer,West,41,5,3510.4579999999996,702.0916,31,3.875,1003.2935,0.125,0,0,High-Value Champions
ES-14080,Erin Smith,Corporate,South,29,9,4657.924,517.5471111111111,77,3.85,246.6661,0.26,0,0,High-Value Champions
FA-14230,Frank Atkinson,Corporate,West,98,7,2984.054,426.2934285714286,58,3.411764705882353,520.5229,0.25882352941176473,0,0,High-Value Champions
FC-14245,Frank Carlisle,Home Office,East,71,7,3418.742,488.39171428571433,50,3.5714285714285716,1217.1662000000001,0.1357142857142857,0,0,High-Value Champions
FC-14335,Fred Chung,Corporate,Central,185,7,3889.366,555.6237142857143,37,3.7,714.2926,0.16,0,0,High-Value Champions
FG-14260,Frank Gastineau,Home Office,West,35,7,1383.144,197.592,48,4.363636363636363,394.73969999999997,0.11818181818181818,0,0,High-Value Champions
FH-14275,Frank Hawley,Corporate,Central,38,10,4256.272,425.6272,65,3.0952380952380953,1073.2676,0.1285714285714286,0,0,High-Value Champions
FH-14350,Fred Harton,Consumer,West,213,4,2271.284,567.821,52,3.7142857142857144,706.289,0.10714285714285714,0,1,High-Value Champions
FH-14365,Fred Hopkins,Corporate,East,6,8,6987.196,873.3995,52,4.0,2050.2826,0.13846153846153847,0,0,High-Value Champions
FM-14215,Filia McAdams,Corporate,East,8,10,2456.638,245.66379999999998,48,3.2,249.6808,0.09333333333333334,0,0,High-Value Champions
FM-14290,Frank Merwin,Home Office,West,37,9,3736.198,415.1331111111111,79,3.95,198.10949999999997,0.18,0,0,High-Value Champions
FM-14380,Fred McMath,Consumer,West,146,9,2523.266,280.3628888888889,53,3.7857142857142856,191.4898,0.15714285714285717,0,0,High-Value Champions
FO-14305,Frank Olsen,Consumer,East,39,10,2678.438,267.8438,60,4.0,215.59689999999998,0.22,0,0,High-Value Champions
FP-14320,Frank Preis,Consumer,West,24,8,4046.746,505.84325,54,3.857142857142857,406.44730000000004,0.13571428571428573,0,0,High-Value Champions
FW-14395,Fred Wasserman,Corporate,South,363,3,79.75,26.583333333333332,9,3.0,23.491300000000003,0.0,1,1,Low-Activity / At-Risk Customers
GA-14515,George Ashbrook,Consumer,West,150,8,3919.7760000000003,489.97200000000004,48,3.4285714285714284,840.899,0.0642857142857143,0,0,High-Value Champions
GA-14725,Guy Armstrong,Consumer,East,6,11,1398.382,127.12563636363637,79,3.590909090909091,136.70790000000002,0.17954545454545456,0,0,High-Value Champions
GB-14530,George Bell,Corporate,East,63,11,1568.44,142.58545454545455,62,3.1,7.837100000000003,0.16999999999999998,0,0,High-Value Champions
GB-14575,Giulietta Baptist,Consumer,East,14,5,4716.288,943.2575999999999,63,3.9375,1135.8393,0.037500000000000006,0,0,High-Value Champions
GD-14590,Giulietta Dortch,Corporate,East,6,4,1888.07,472.0175,25,4.166666666666667,230.93729999999996,0.13333333333333333,0,0,High-Value Champions
GG-14650,Greg Guthrie,Corporate,South,44,9,2224.0,247.11111111111111,92,3.8333333333333335,12.698500000000008,0.15,0,0,High-Value Champions
GH-14410,Gary Hansen,Home Office,West,76,9,2819.4669999999996,313.2741111111111,65,3.823529411764706,-576.8335,0.27058823529411763,0,0,High-Value Champions
GH-14425,Gary Hwang,Consumer,West,51,4,4172.8460000000005,1043.2115000000001,51,5.1,1176.4181,0.19,0,0,High-Value Champions
GH-14485,Gene Hale,Corporate,Central,388,2,1361.2440000000001,680.6220000000001,15,5.0,-95.4498,0.4666666666666666,1,1,Low-Activity / At-Risk Customers
GH-14665,Greg Hansen,Consumer,Central,3,2,146.94080000000002,73.47040000000001,9,3.0,-5.810200000000001,0.24,1,1,Low-Activity / At-Risk Customers
GK-14620,Grace Kelly,Corporate,West,113,9,6497.27,721.9188888888889,66,4.714285714285714,1448.5525,0.15714285714285717,0,0,High-Value Champions
GM-14440,Gary McGarr,Consumer,West,84,7,3582.8199999999997,511.83142857142855,43,3.909090909090909,347.266,0.11818181818181818,0,0,High-Value Champions
GM-14455,Gary Mitchum,Home Office,Central,17,6,3078.624,513.1039999999999,54,4.5,793.2814000000001,0.16666666666666666,0,0,High-Value Champions
GM-14500,Gene McClure,Consumer,East,107,10,1255.682,125.5682,53,4.076923076923077,441.3185,0.11538461538461539,0,0,High-Value Champions
GM-14680,Greg Matthias,Consumer,West,153,6,3163.628,527.2713333333334,31,2.8181818181818183,35.48649999999999,0.14545454545454548,0,0,High-Value Champions
GM-14695,Greg Maxwell,Corporate,West,118,3,6049.966,2016.6553333333334,44,4.0,188.7235,0.05454545454545456,0,0,High-Value Champions
GP-14740,Guy Phonely,Corporate,East,766,2,236.53,118.265,21,4.2,31.837600000000002,0.13999999999999999,1,1,Low-Activity / At-Risk Customers
GR-14560,Georgia Rosenberg,Corporate,West,1136,2,1284.38,642.19,23,4.6,359.83320000000003,0.0,1,1,Low-Activity / At-Risk Customers
GT-14635,Grant Thornton,Corporate,South,57,3,9351.212,3117.0706666666665,26,4.333333333333333,-4108.6589,0.25,0,0,High-Value Champions
GT-14710,Greg Tran,Consumer,Central,37,11,11820.119999999999,1074.5563636363636,106,3.6551724137931036,2163.4269,0.1,0,0,High-Value Champions
GT-14755,Guy Thornton,Consumer,Central,35,4,226.436,56.609,23,3.2857142857142856,-6.139200000000002,0.2,1,1,Low-Activity / At-Risk Customers
GW-14605,Giulietta Weimer,Consumer,West,29,7,2189.019,312.717,43,4.777777777777778,-268.54229999999995,0.15555555555555556,0,0,High-Value Champions
GZ-14470,Gary Zandusky,Consumer,Central,8,9,4355.150000000001,483.9055555555556,48,3.4285714285714284,1087.7539,0.07857142857142858,0,0,High-Value Champions
GZ-14545,George Zrebassa,Corporate,East,158,4,2454.6220000000003,613.6555000000001,25,5.0,828.661,0.04,0,1,High-Value Champions
HA-14905,Helen Abelman,Consumer,East,70,7,2163.3,309.04285714285714,45,4.5,270.8574,0.22999999999999998,0,0,High-Value Champions
HA-14920,Helen Andreada,Consumer,West,21,8,2584.158,323.01975,72,4.0,99.1445,0.2,0,0,High-Value Champions
HD-14785,Harold Dahlen,Home Office,East,770,3,251.36,83.78666666666668,31,4.428571428571429,-135.87599999999998,0.3,1,1,Low-Activity / At-Risk Customers
HE-14800,Harold Engle,Corporate,Central,13,4,883.5319999999999,220.88299999999998,44,4.0,274.4028,0.018181818181818184,1,0,Low-Activity / At-Risk Customers
HF-14995,Herbert Flentye,Consumer,Central,22,7,2533.1639999999998,361.8805714285714,70,3.6842105263157894,-13.876799999999989,0.13157894736842105,0,0,High-Value Champions
HG-14845,Harry Greene,Consumer,South,55,5,785.628,157.12560000000002,31,3.1,147.0032,0.19,1,0,Low-Activity / At-Risk Customers
HG-14965,Henry Goldwyn,Corporate,West,24,12,3247.642,270.6368333333333,68,4.0,-2797.9635000000003,0.17058823529411765,0,0,High-Value Champions
HG-15025,Hunter Glantz,Consumer,Central,7,7,3690.284,527.1834285714286,38,3.4545454545454546,804.6113,0.17272727272727273,0,0,High-Value Champions
HH-15010,Hilary Holden,Corporate,West,73,2,218.668,109.334,20,3.3333333333333335,86.7342,0.03333333333333333,1,1,Low-Activity / At-Risk Customers
HJ-14875,Heather Jas,Home Office,South,127,5,358.1,71.62,21,3.5,98.6548,0.10000000000000002,1,1,Low-Activity / At-Risk Customers
HK-14890,Heather Kirkland,Corporate,South,152,8,4877.784,609.723,64,4.266666666666667,956.9451,0.21333333333333335,0,0,High-Value Champions
HL-15040,Hunter Lopez,Consumer,Central,44,6,12873.297999999999,2145.5496666666663,50,4.545454545454546,5622.4292000000005,0.018181818181818184,0,0,High-Value Champions
HM-14860,Harry Marie,Corporate,East,3,10,8236.7648,823.6764800000001,76,3.8,2437.9836,0.231,0,0,High-Value Champions
HM-14980,Henry MacAllister,Consumer,East,248,4,736.276,184.069,29,4.142857142857143,117.2755,0.17142857142857146,1,0,Low-Activity / At-Risk Customers
HP-14815,Harold Pawlan,Home Office,Central,31,7,1990.314,284.33057142857143,44,4.4,373.8637,0.3,0,0,High-Value Champions
HR-14770,Hallie Redmond,Home Office,West,14,5,1299.288,259.8576,38,2.923076923076923,185.5794,0.04615384615384616,0,0,High-Value Champions
HR-14830,Harold Ryan,Corporate,West,160,7,5248.787,749.8267142857143,51,3.642857142857143,1196.9504,0.09999999999999999,0,0,High-Value Champions
HW-14935,Helen Wasserman,Corporate,West,118,8,9300.254,1162.53175,85,4.25,2164.1611,0.045,0,0,High-Value Champions
HZ-14950,Henia Zydlo,Consumer,East,36,5,886.52,177.304,21,3.5,-130.3879,0.19999999999999998,1,0,Low-Activity / At-Risk Customers
IG-15085,Ivan Gibson,Consumer,West,72,4,744.574,186.1435,19,2.7142857142857144,320.4982,0.028571428571428574,1,0,Low-Activity / At-Risk Customers
IL-15100,Ivan Liston,Consumer,West,143,7,5040.736,720.1051428571428,60,4.285714285714286,1121.937,0.07142857142857142,0,0,High-Value Champions
IM-15055,Ionia McGrath,Consumer,West,410,3,2872.63,957.5433333333334,19,4.75,975.7701,0.1,0,1,High-Value Champions
IM-15070,Irene Maddox,Consumer,West,391,7,4930.474,704.3534285714286,93,4.428571428571429,514.6527,0.16666666666666666,0,0,High-Value Champions
JA-15970,Joseph Airdo,Consumer,West,93,8,6491.026,811.37825,87,3.625,-819.4217000000001,0.2125,0,0,High-Value Champions
JB-15400,Jennifer Braxton,Corporate,Central,8,10,1791.605,179.1605,43,2.6875,156.05319999999998,0.20625000000000002,0,0,High-Value Champions
JB-15925,Joni Blumstein,Consumer,East,738,3,900.552,300.184,32,4.0,-286.9808,0.3,1,1,Low-Activity / At-Risk Customers
JB-16000,Joy Bell-,Consumer,Central,44,7,644.1188,92.01697142857142,32,4.571428571428571,126.76490000000001,0.07428571428571429,1,0,Low-Activity / At-Risk Customers
JB-16045,Julia Barnett,Home Office,South,8,5,2518.115,503.62299999999993,32,3.5555555555555554,201.51850000000002,0.1888888888888889,0,0,High-Value Champions
JC-15340,Jasper Cacioppo,Consumer,West,115,4,71.263,17.81575,12,3.0,-0.35560000000000036,0.22499999999999998,1,1,Low-Activity / At-Risk Customers
JC-15385,Jenna Caffey,Consumer,West,176,1,1058.108,1058.108,14,3.5,502.92440000000005,0.05,1,0,Low-Activity / At-Risk Customers
JC-15775,John Castell,Consumer,Central,159,9,2772.055,308.00611111111107,64,4.0,279.56919999999997,0.12187500000000001,0,0,High-Value Champions
JC-16105,Julie Creighton,Corporate,South,58,5,858.576,171.7152,43,4.777777777777778,201.5952,0.044444444444444446,1,0,Low-Activity / At-Risk Customers
JD-15790,John Dryer,Consumer,Central,118,5,2152.352,430.4704,26,3.7142857142857144,-266.55249999999995,0.17142857142857146,0,0,High-Value Champions
JD-15895,Jonathan Doherty,Corporate,East,395,11,7610.8640000000005,691.8967272727273,150,4.6875,1050.2667999999999,0.075,0,0,High-Value Champions
JD-16015,Joy Daniels,Consumer,Central,113,6,385.43,64.23833333333333,39,3.5454545454545454,26.7605,0.3090909090909091,1,1,Low-Activity / At-Risk Customers
JD-16060,Julia Dunbar,Consumer,West,301,3,695.442,231.814,17,2.8333333333333335,111.11410000000001,0.049999999999999996,1,1,Low-Activity / At-Risk Customers
JD-16150,Justin Deggeller,Corporate,Central,42,8,8828.0305,1103.5038125,60,3.5294117647058822,1619.5199,0.05588235294117647,0,0,High-Value Champions
JE-15475,Jeremy Ellison,Consumer,East,194,6,1388.682,231.447,49,3.769230769230769,276.2197,0.18461538461538465,1,0,Low-Activity / At-Risk Customers
JE-15610,Jim Epp,Corporate,Central,49,7,7754.976,1107.8537142857142,74,3.7,1623.4019,0.16,0,0,High-Value Champions
JE-15715,Joe Elijah,Consumer,West,47,10,8697.842999999999,869.7842999999999,97,4.409090909090909,1262.2926,0.3227272727272727,0,0,High-Value Champions
JE-15745,Joel Eaton,Consumer,South,52,13,6760.8150000000005,520.0626923076924,90,3.9130434782608696,221.79670000000002,0.14565217391304347,0,0,High-Value Champions
JE-16165,Justin Ellison,Corporate,Central,21,3,2697.248,899.0826666666667,34,4.857142857142857,789.6476,0.028571428571428574,0,0,High-Value Champions
JF-15190,Jamie Frazer,Consumer,West,66,7,2279.5860000000002,325.6551428571429,72,3.789473684210526,575.1259,0.12105263157894736,0,0,High-Value Champions
JF-15295,Jason Fortune-,Consumer,West,226,5,955.124,191.0248,42,3.0,97.28899999999999,0.1142857142857143,1,0,Low-Activity / At-Risk Customers
JF-15355,Jay Fein,Consumer,Central,106,6,1911.844,318.6406666666667,58,3.625,330.199,0.07500000000000001,0,0,High-Value Champions
JF-15415,Jennifer Ferguson,Consumer,East,3,6,2371.448,395.24133333333333,69,4.928571428571429,635.6376,0.07142857142857142,0,0,High-Value Champions
JF-15490,Jeremy Farry,Consumer,West,122,11,1082.918,98.4470909090909,36,2.4,-18.06730000000001,0.14666666666666667,0,0,High-Value Champions
JF-15565,Jill Fjeld,Consumer,Central,55,8,4198.332,524.7915,67,4.1875,1073.2088,0.17500000000000002,0,0,High-Value Champions
JG-15115,Jack Garza,Consumer,West,759,3,2358.676,786.2253333333333,20,2.857142857142857,684.1911,0.24285714285714288,1,1,Low-Activity / At-Risk Customers
JG-15160,James Galang,Consumer,West,2,11,6366.392,578.762909090909,70,3.888888888888889,1415.6664,0.1111111111111111,0,0,High-Value Champions
JG-15310,Jason Gross,Corporate,East,3,6,2240.58,373.43,46,4.181818181818182,3.7976000000000063,0.2545454545454545,0,0,High-Value Champions
JG-15805,John Grady,Corporate,East,224,6,1507.018,251.16966666666667,46,5.111111111111111,206.1019,0.06666666666666668,0,1,High-Value Champions
JH-15430,Jennifer Halladay,Consumer,South,6,4,309.281,77.32025,29,4.142857142857143,-24.077100000000005,0.31428571428571433,1,1,Low-Activity / At-Risk Customers
JH-15820,John Huston,Consumer,East,175,6,528.91,88.15166666666666,29,3.625,26.082199999999997,0.15000000000000002,1,0,Low-Activity / At-Risk Customers
JH-15910,Jonathan Howell,Consumer,West,42,7,959.477,137.06814285714285,35,3.888888888888889,-13.554499999999996,0.14444444444444446,1,0,Low-Activity / At-Risk Customers
JH-15985,Joseph Holt,Consumer,Central,30,6,7954.9980000000005,1325.833,64,4.571428571428571,-644.6982,0.08571428571428573,0,0,High-Value Champions
JH-16180,Justin Hirsh,Consumer,West,405,4,2256.3940000000002,564.0985000000001,28,5.6,-96.95300000000002,0.22000000000000003,1,1,Low-Activity / At-Risk Customers
JJ-15445,Jennifer Jackson,Consumer,West,484,5,709.178,141.8356,25,4.166666666666667,200.5558,0.06666666666666667,1,1,Low-Activity / At-Risk Customers
JJ-15760,Joel Jenkins,Home Office,South,754,2,195.0,97.5,11,3.6666666666666665,34.449200000000005,0.06666666666666667,1,1,Low-Activity / At-Risk Customers
JK-15205,Jamie Kunitz,Consumer,West,62,5,4427.142,885.4284,67,5.153846153846154,1219.983,0.13076923076923078,0,0,High-Value Champions
JK-15325,Jason Klamczynski,Corporate,Central,288,3,383.812,127.93733333333334,15,3.75,55.32769999999999,0.1,1,1,Low-Activity / At-Risk Customers
JK-15370,Jay Kimmel,Consumer,West,45,8,2709.632,338.704,72,4.235294117647059,330.2838,0.12352941176470589,0,0,High-Value Champions
JK-15625,Jim Karlsson,Consumer,West,62,7,3760.028,537.1468571428571,44,3.6666666666666665,750.9485,0.11666666666666668,0,0,High-Value Champions
JK-15640,Jim Kriz,Home Office,East,181,9,4760.434,528.9371111111111,41,3.4166666666666665,1172.5303,0.10000000000000002,0,0,High-Value Champions
JK-15730,Joe Kamberova,Consumer,South,85,10,4867.2,486.71999999999997,88,4.4,55.0483,0.3325,0,0,High-Value Champions
JK-16090,Juliana Krohn,Consumer,Central,29,3,3747.668,1249.2226666666668,43,4.777777777777778,586.6625,0.19999999999999998,0,0,High-Value Champions
JK-16120,Julie Kriz,Home Office,Central,118,10,2932.484,293.2484,49,2.8823529411764706,122.6566,0.20588235294117646,0,0,High-Value Champions
JL-15130,Jack Lebron,Consumer,Central,9,6,1214.956,202.49266666666665,42,3.5,-207.79559999999998,0.26666666666666666,1,0,Low-Activity / At-Risk Customers
JL-15175,James Lanier,Home Office,South,7,5,1571.523,314.3046,29,4.142857142857143,209.2817,0.21428571428571427,0,0,High-Value Champions
JL-15235,Janet Lee,Consumer,Central,120,5,2203.7,440.73999999999995,39,3.9,54.51740000000002,0.22000000000000003,0,0,High-Value Champions
JL-15505,Jeremy Lonsdale,Consumer,East,50,6,3173.874,528.9789999999999,56,3.2941176470588234,591.7163,0.07058823529411766,0,0,High-Value Champions
JL-15835,John Lee,Consumer,West,22,11,9799.923,890.9020909090909,143,4.205882352941177,228.907,0.08823529411764706,0,0,High-Value Champions
JL-15850,John Lucas,Consumer,East,615,6,2725.256,454.2093333333333,38,3.4545454545454546,779.9046,0.23636363636363636,1,1,Low-Activity / At-Risk Customers
JM-15250,Janet Martin,Consumer,South,38,6,3159.1220000000003,526.5203333333334,91,4.7894736842105265,19.82350000000004,0.2894736842105263,0,0,High-Value Champions
JM-15265,Janet Molinari,Corporate,East,38,5,1804.146,360.8292,52,4.0,502.6143,0.13846153846153847,0,0,High-Value Champions
JM-15535,Jessica Myrick,Consumer,East,103,7,1733.443,247.6347142857143,46,4.6,356.5395,0.09,0,0,High-Value Champions
JM-15580,Jill Matthias,Consumer,South,1,5,303.948,60.78959999999999,26,3.7142857142857144,113.1204,0.1142857142857143,1,1,Low-Activity / At-Risk Customers
JM-15655,Jim Mitchum,Corporate,East,9,5,864.947,172.9894,41,3.4166666666666665,117.20400000000001,0.15833333333333335,1,0,Low-Activity / At-Risk Customers
JM-15865,John Murray,Consumer,East,110,7,7625.076000000001,1089.2965714285715,50,3.8461538461538463,1574.6163999999999,0.1846153846153846,0,0,High-Value Champions
JM-16195,Justin MacKendrick,Consumer,West,58,10,2833.9260000000004,283.3926,74,3.8947368421052633,754.1144,0.06315789473684212,0,0,High-Value Champions
JO-15145,Jack O'Briant,Corporate,East,58,9,3254.949,361.661,59,4.538461538461538,581.4045,0.07307692307692308,0,0,High-Value Champions
JO-15280,Jas O'Carroll,Consumer,West,93,6,1934.272,322.3786666666667,36,3.272727272727273,202.13619999999997,0.17272727272727273,0,0,High-Value Champions
JO-15550,Jesus Ocampo,Home Office,East,216,5,1090.838,218.1676,42,3.8181818181818183,167.6709,0.23636363636363636,1,0,Low-Activity / At-Risk Customers
JP-15460,Jennifer Patt,Corporate,East,38,7,1669.135,238.44785714285715,54,3.6,429.7465,0.14,0,0,High-Value Champions
JP-15520,Jeremy Pistek,Consumer,West,9,7,3635.594,519.3705714285715,63,3.9375,757.1802,0.059375000000000004,0,0,High-Value Champions
JP-16135,Julie Prescott,Home Office,South,103,9,1707.71,189.74555555555557,47,3.6153846153846154,309.7116,0.15384615384615385,0,0,High-Value Champions
JR-15670,Jim Radford,Consumer,East,594,2,1156.658,578.329,14,4.666666666666667,-785.1645,0.3,1,1,Low-Activity / At-Risk Customers
JR-15700,Jocasta Rupert,Consumer,South,69,1,863.88,863.88,3,3.0,107.985,0.2,1,0,Low-Activity / At-Risk Customers
JR-16210,Justin Ritter,Corporate,East,34,5,2201.686,440.33720000000005,41,4.1,452.37300000000005,0.22000000000000003,0,0,High-Value Champions
JS-15595,Jill Stevenson,Corporate,West,120,4,1417.654,354.4135,35,4.375,-175.54899999999998,0.3125,1,0,Low-Activity / At-Risk Customers
JS-15685,Jim Sink,Corporate,West,43,4,1131.0639999999999,282.76599999999996,42,3.8181818181818183,-54.8692,0.20909090909090908,1,0,Low-Activity / At-Risk Customers
JS-15880,John Stevenson,Consumer,West,535,5,3868.02,773.604,43,4.777777777777778,564.9798000000001,0.14666666666666667,0,1,High-Value Champions
JS-15940,Joni Sundaresam,Home Office,Central,464,5,469.169,93.8338,37,4.625,-327.9336,0.3375,1,1,Low-Activity / At-Risk Customers
JS-16030,Joy Smith,Consumer,Central,29,6,2516.494,419.4156666666667,70,3.888888888888889,-311.25749999999994,0.18333333333333332,0,0,High-Value Champions
JW-15220,Jane Waco,Corporate,West,43,6,7721.714,1286.9523333333334,66,4.714285714285714,2173.7093999999997,0.07142857142857142,0,0,High-Value Champions
JW-15955,Joni Wasserman,Consumer,West,6,7,1244.086,177.72657142857142,41,3.727272727272727,-29.575899999999987,0.08181818181818182,0,0,High-Value Champions
JW-16075,Julia West,Consumer,East,462,4,1428.731,357.18275,38,5.428571428571429,154.06369999999998,0.32857142857142857,1,1,Low-Activity / At-Risk Customers
KA-16525,Kelly Andreada,Consumer,West,37,7,1519.506,217.07228571428573,57,5.181818181818182,234.9194,0.05454545454545456,0,0,High-Value Champions
KB-16240,Karen Bern,Corporate,West,5,7,3152.6150000000002,450.37357142857144,34,3.4,763.9076,0.15,0,0,High-Value Champions
KB-16315,Karl Braun,Consumer,Central,297,9,1569.464,174.3848888888889,62,2.8181818181818183,49.71929999999999,0.19545454545454544,0,0,High-Value Champions
KB-16405,Katrina Bavinger,Home Office,West,118,3,908.821,302.94033333333334,25,2.7777777777777777,274.297,0.044444444444444446,1,0,Low-Activity / At-Risk Customers
KB-16585,Ken Black,Corporate,Central,231,12,2744.742,228.72850000000003,102,4.434782608695652,579.3551,0.10869565217391304,0,0,High-Value Champions
KB-16600,Ken Brennan,Corporate,Central,2,7,983.922,140.56028571428573,29,3.2222222222222223,293.55240000000003,0.2666666666666667,1,0,Low-Activity / At-Risk Customers
KC-16255,Karen Carlisle,Corporate,West,408,6,2120.954,353.49233333333336,40,4.0,846.1217,0.02,0,1,High-Value Champions
KC-16540,Kelly Collister,Consumer,West,98,4,3908.262,977.0655,28,5.6,709.4219,0.2,0,0,High-Value Champions
KC-16675,Kimberly Carter,Corporate,West,58,4,1146.05,286.5125,40,5.714285714285714,156.7797,0.08571428571428573,1,0,Low-Activity / At-Risk Customers
KD-16270,Karen Daniels,Consumer,South,485,5,8282.358,1656.4716,64,4.0,1107.6952000000003,0.1875,0,1,High-Value Champions
KD-16345,Katherine Ducich,Consumer,West,42,6,1888.964,314.82733333333334,36,3.6,328.5942,0.13,0,0,High-Value Champions
KD-16495,Keith Dawkins,Corporate,East,113,12,8181.256,681.7713333333334,84,3.0,3038.6254,0.08750000000000001,0,0,High-Value Champions
KD-16615,Ken Dana,Corporate,West,290,5,2243.5099999999998,448.70199999999994,56,4.3076923076923075,539.7219,0.1076923076923077,0,1,High-Value Champions
KE-16420,Katrina Edelman,Corporate,South,27,8,1686.7312,210.8414,67,4.466666666666667,397.87989999999996,0.21466666666666667,0,0,High-Value Champions
KF-16285,Karen Ferguson,Home Office,West,98,7,10604.266,1514.895142857143,67,3.7222222222222223,1660.1386,0.03333333333333334,0,0,High-Value Champions
KH-16330,Katharine Harms,Corporate,South,41,8,3312.864,414.108,70,3.888888888888889,454.7871,0.1388888888888889,0,0,High-Value Champions
KH-16360,Katherine Hughes,Consumer,East,2,6,3100.612,516.7686666666667,40,2.857142857142857,528.2051,0.15,0,0,High-Value Champions
KH-16510,Keith Herrera,Consumer,West,23,7,5952.859,850.4084285714287,91,3.9565217391304346,656.1162,0.10869565217391304,0,0,High-Value Champions
KH-16630,Ken Heidel,Corporate,Central,59,9,3918.9660000000003,435.4406666666667,84,4.9411764705882355,727.3786,0.10588235294117647,0,0,High-Value Champions
KH-16690,Kristen Hastings,Corporate,West,3,7,5990.799,855.8284285714286,69,4.6,1227.5091,0.12666666666666665,0,0,High-Value Champions
KL-16555,Kelly Lampkin,Corporate,West,17,8,5016.488,627.061,84,3.8181818181818183,-182.78130000000002,0.29545454545454547,0,0,High-Value Champions
KL-16645,Ken Lonsdale,Consumer,Central,48,12,14175.229000000001,1181.2690833333334,113,3.896551724137931,806.855,0.19999999999999998,0,0,High-Value Champions
KM-16225,Kalyca Meade,Corporate,East,15,6,2260.958,376.82633333333337,72,3.789473684210526,635.1057000000001,0.021052631578947368,0,0,High-Value Champions
KM-16375,Katherine Murray,Home Office,South,57,8,5620.186,702.52325,69,3.45,973.7901999999999,0.13999999999999999,0,0,High-Value Champions
KM-16660,Khloe Miller,Consumer,South,16,5,453.538,90.7076,30,3.3333333333333335,91.1391,0.044444444444444446,1,0,Low-Activity / At-Risk Customers
KM-16720,Kunst Miller,Consumer,West,29,8,4909.472,613.684,98,3.5,745.7685,0.08928571428571429,0,0,High-Value Champions
KN-16390,Katherine Nockton,Corporate,West,20,9,2617.272,290.808,56,3.2941176470588234,-151.1518,0.21764705882352942,0,0,High-Value Champions
KN-16450,Kean Nguyen,Corporate,South,53,5,2171.962,434.3924,49,6.125,114.3083,0.28125,0,0,High-Value Champions
KN-16705,Kristina Nunn,Home Office,West,99,8,2280.58,285.0725,55,3.6666666666666665,329.76250000000005,0.12000000000000001,0,0,High-Value Champions
KS-16300,Karen Seio,Corporate,West,296,3,88.472,29.490666666666666,10,2.5,0.11099999999999888,0.275,1,1,Low-Activity / At-Risk Customers
KT-16465,Kean Takahito,Consumer,West,392,7,3057.1,436.7285714285714,45,3.2142857142857144,254.0032,0.2285714285714286,0,1,High-Value Champions
KT-16480,Kean Thornton,Consumer,East,101,10,4642.088400000001,464.20884000000007,37,2.8461538461538463,194.0671,0.14769230769230768,0,0,High-Value Champions
KW-16435,Katrina Willman,Consumer,East,97,5,4416.5199999999995,883.3039999999999,42,4.2,1756.135,0.11000000000000001,0,0,High-Value Champions
KW-16570,Kelly Williams,Consumer,South,772,4,449.096,112.274,22,4.4,107.92699999999999,0.04,1,1,Low-Activity / At-Risk Customers
LA-16780,Laura Armstrong,Corporate,Central,155,11,8673.222,788.4747272727273,105,4.038461538461538,2059.1199,0.11538461538461539,0,0,High-Value Champions
LB-16735,Larry Blacks,Consumer,Central,49,3,50.188,16.729333333333333,12,4.0,18.6507,0.26666666666666666,1,1,Low-Activity / At-Risk Customers
LB-16795,Laurel Beltran,Home Office,Central,153,8,4985.676,623.2095,76,3.1666666666666665,-52.19099999999998,0.23750000000000002,0,0,High-Value Champions
LC-16870,Lena Cacioppo,Consumer,West,28,8,2580.7039999999997,322.58799999999997,113,3.7666666666666666,-188.25110000000004,0.24000000000000002,0,0,High-Value Champions
LC-16885,Lena Creighton,Consumer,West,17,12,7663.126,638.5938333333334,93,4.043478260869565,1288.3469,0.1565217391304348,0,0,High-Value Champions
LC-16930,Linda Cazamias,Corporate,Central,42,8,4492.946,561.61825,52,3.7142857142857144,288.26599999999996,0.17142857142857143,0,0,High-Value Champions
LC-16960,Lindsay Castell,Home Office,South,437,4,3246.626,811.6565,30,4.285714285714286,299.48019999999997,0.2857142857142857,0,1,High-Value Champions
LC-17050,Liz Carlisle,Consumer,West,55,5,2095.064,419.01279999999997,43,4.777777777777778,86.77799999999999,0.27222222222222225,0,0,High-Value Champions
LC-17140,Logan Currie,Consumer,Central,14,9,2633.582,292.6202222222222,62,3.263157894736842,231.12520000000004,0.18421052631578946,0,0,High-Value Champions
LD-16855,Lela Donovan,Corporate,Central,553,1,5.304,5.304,3,3.0,0.4641,0.2,1,1,Low-Activity / At-Risk Customers
LD-17005,Lisa DeCherney,Consumer,West,415,4,1961.934,490.4835,25,3.5714285714285716,557.1714,0.028571428571428574,1,1,Low-Activity / At-Risk Customers
LE-16810,Laurel Elliston,Consumer,West,22,6,1469.45,244.90833333333333,32,3.5555555555555554,161.76489999999998,0.2555555555555556,0,0,High-Value Champions
LF-17185,Luke Foster,Consumer,South,23,7,3930.5089999999996,561.5012857142857,69,4.3125,-3583.977,0.31875,0,0,High-Value Champions
LH-16750,Larry Hughes,Consumer,South,152,3,287.426,95.80866666666667,12,4.0,12.627699999999999,0.3666666666666667,1,1,Low-Activity / At-Risk Customers
LH-16900,Lena Hernandez,Consumer,East,22,9,2295.332,255.03688888888888,64,4.266666666666667,526.0727,0.12666666666666665,0,0,High-Value Champions
LH-17020,Lisa Hazard,Consumer,East,240,4,318.239,79.55975,34,5.666666666666667,-242.73989999999998,0.4666666666666666,1,1,Low-Activity / At-Risk Customers
LH-17155,Logan Haushalter,Consumer,West,386,9,1739.689,193.2987777777778,44,2.3157894736842106,316.5202,0.07894736842105263,0,1,High-Value Champions
LL-16840,Lauren Leatherbury,Consumer,East,250,6,2741.2039999999997,456.8673333333333,50,4.166666666666667,560.0078,0.016666666666666666,0,1,High-Value Champions
LM-17065,Liz MacKendrick,Consumer,East,392,5,1346.774,269.35479999999995,32,4.571428571428571,-44.87799999999999,0.05714285714285715,1,1,Low-Activity / At-Risk Customers
LO-17170,Lori Olson,Corporate,West,3,5,644.35,128.87,34,3.7777777777777777,150.1712,0.25555555555555554,1,0,Low-Activity / At-Risk Customers
LP-17080,Liz Pelletier,Consumer,West,41,4,756.606,189.1515,39,4.333333333333333,110.7813,0.1111111111111111,1,0,Low-Activity / At-Risk Customers
LP-17095,Liz Preis,Consumer,South,10,7,3653.399,521.9141428571428,52,3.466666666666667,338.44539999999995,0.18666666666666665,0,0,High-Value Champions
LR-16915,Lena Radford,Consumer,West,27,6,5142.892,857.1486666666666,64,4.0,535.4764,0.17500000000000002,0,0,High-Value Champions
LR-17035,Lisa Ryan,Corporate,East,133,5,1879.306,375.8612,44,3.6666666666666665,-382.8079,0.27499999999999997,0,0,High-Value Champions
LS-16945,Linda Southworth,Corporate,East,179,6,2845.27,474.21166666666664,51,3.642857142857143,-318.77369999999996,0.3071428571428571,0,0,High-Value Champions
LS-16975,Lindsay Shagiari,Home Office,West,21,9,2988.674,332.0748888888889,63,2.8636363636363638,262.63669999999996,0.2818181818181818,0,0,High-Value Champions
LS-17200,Luke Schmidt,Corporate,Central,97,6,1010.2560000000001,168.376,54,3.857142857142857,244.197,0.2,1,0,Low-Activity / At-Risk Customers
LS-17230,Lycoris Saunders,Consumer,East,778,3,368.88000000000005,122.96000000000002,16,2.6666666666666665,39.1952,0.11666666666666665,1,1,Low-Activity / At-Risk Customers
LS-17245,Lynn Smith,Consumer,Central,35,6,1008.1360000000001,168.02266666666668,47,3.9166666666666665,348.3584,0.08333333333333333,0,0,High-Value Champions
LT-16765,Larry Tron,Consumer,West,27,3,329.876,109.95866666666666,8,2.6666666666666665,59.036,0.13333333333333333,1,1,Low-Activity / At-Risk Customers
LT-17110,Liz Thompson,Consumer,West,35,8,2936.252,367.0315,63,4.5,320.973,0.24642857142857144,0,0,High-Value Champions
LW-16825,Laurel Workman,Corporate,South,89,5,2238.061,447.61220000000003,50,3.3333333333333335,32.5767,0.20666666666666667,0,0,High-Value Champions
LW-16990,Lindsay Williams,Corporate,West,34,6,3230.308,538.3846666666667,38,3.4545454545454546,662.8339000000001,0.10909090909090911,0,0,High-Value Champions
LW-17125,Liz Willingham,Consumer,East,206,3,1259.04,419.68,15,3.0,192.6312,0.0,1,0,Low-Activity / At-Risk Customers
LW-17215,Luke Weiss,Consumer,West,22,7,5420.514,774.3591428571428,59,3.933333333333333,837.2411,0.16666666666666666,0,0,High-Value Champions
MA-17560,Matt Abelman,Home Office,Central,65,11,4299.161,390.8328181818182,117,3.4411764705882355,1240.2266,0.09411764705882353,0,0,High-Value Champions
MA-17995,Michelle Arnett,Home Office,East,187,6,2453.284,408.8806666666667,42,3.5,280.7822,0.041666666666666664,0,1,High-Value Champions
MB-17305,Maria Bertelson,Consumer,East,49,10,1548.702,154.8702,63,3.3157894736842106,212.425,0.17368421052631577,0,0,High-Value Champions
MB-18085,Mick Brown,Consumer,East,45,7,1428.231,204.033,39,3.9,117.8057,0.2,0,0,High-Value Champions
MC-17275,Marc Crier,Consumer,South,77,8,2725.982,340.74775,54,4.153846153846154,461.0014,0.13076923076923078,0,0,High-Value Champions
MC-17425,Mark Cousins,Corporate,South,400,5,4432.138,886.4276,48,4.8,1802.3903,0.12,0,0,High-Value Champions
MC-17575,Matt Collins,Consumer,East,28,8,1303.893,162.986625,40,3.6363636363636362,210.7493,0.29090909090909095,0,0,High-Value Champions
MC-17590,Matt Collister,Corporate,East,52,6,2426.067,404.3445,47,2.764705882352941,288.98409999999996,0.17058823529411765,0,0,High-Value Champions
MC-17605,Matt Connell,Corporate,Central,113,8,2258.192,282.274,60,3.3333333333333335,195.4486,0.2222222222222222,0,0,High-Value Champions
MC-17635,Matthew Clasen,Corporate,Central,190,4,795.154,198.7885,33,4.125,-247.94350000000003,0.17500000000000002,1,0,Low-Activity / At-Risk Customers
MC-17845,Michael Chen,Consumer,South,2,7,3805.714,543.6734285714285,45,3.2142857142857144,698.4174,0.09999999999999999,0,0,High-Value Champions
MC-18100,Mick Crebagga,Consumer,Central,42,10,2218.98,221.898,73,3.8421052631578947,-64.1668,0.26842105263157895,0,0,High-Value Champions
MC-18130,Mike Caudle,Corporate,South,370,5,1581.9979999999998,316.39959999999996,34,3.090909090909091,121.7565,0.05454545454545456,1,1,Low-Activity / At-Risk Customers
MD-17350,Maribeth Dona,Consumer,South,118,7,3766.382,538.0545714285714,64,3.764705882352941,-241.94999999999996,0.32941176470588235,0,0,High-Value Champions
MD-17860,Michael Dominguez,Corporate,Central,37,5,1204.91,240.98200000000003,45,5.625,-4.040300000000002,0.2875,1,0,Low-Activity / At-Risk Customers
ME-17320,Maria Etezadi,Home Office,South,43,10,10663.728000000001,1066.3728,82,3.727272727272727,1859.4695,0.1318181818181818,0,0,High-Value Champions
ME-17725,Max Engle,Consumer,West,29,8,1908.4532,238.55665,46,3.5384615384615383,77.81280000000001,0.2246153846153846,0,0,High-Value Champions
ME-18010,Michelle Ellison,Corporate,West,93,4,1256.944,314.236,15,2.5,107.3604,0.16666666666666666,1,0,Low-Activity / At-Risk Customers
MF-17665,Maureen Fritzler,Corporate,East,422,5,937.039,187.4078,36,4.5,-341.52650000000006,0.13749999999999998,1,1,Low-Activity / At-Risk Customers
MF-18250,Monica Federle,Corporate,West,8,5,1758.3,351.65999999999997,38,3.1666666666666665,456.86080000000004,0.06666666666666667,0,0,High-Value Champions
MG-17650,Matthew Grinstein,Home Office,East,30,7,3785.276,540.7537142857143,57,4.071428571428571,341.898,0.1285714285714286,0,0,High-Value Champions
MG-17680,Maureen Gastineau,Home Office,East,93,4,2350.188,587.547,25,2.5,25.888599999999972,0.225,0,0,High-Value Champions
MG-17695,Maureen Gnade,Consumer,East,556,3,1342.282,447.4273333333333,23,3.2857142857142856,-398.79319999999996,0.2571428571428572,1,1,Low-Activity / At-Risk Customers
MG-17875,Michael Grace,Home Office,East,117,5,1242.8329999999999,248.56659999999997,23,3.2857142857142856,-470.7684,0.24285714285714288,1,0,Low-Activity / At-Risk Customers
MG-17890,Michael Granlund,Home Office,East,100,9,776.384,86.26488888888889,35,2.6923076923076925,171.7372,0.11923076923076924,1,0,Low-Activity / At-Risk Customers
MG-18145,Mike Gockenbach,Consumer,East,85,4,3061.543,765.38575,42,5.25,-93.603,0.1875,0,0,High-Value Champions
MG-18205,Mitch Gastineau,Corporate,South,265,1,16.739,16.739,8,4.0,-1.2453,0.44999999999999996,1,1,Low-Activity / At-Risk Customers
MH-17290,Marc Harrigan,Home Office,West,120,6,2394.025,399.00416666666666,55,4.230769230769231,28.761200000000038,0.18846153846153849,0,0,High-Value Champions
MH-17440,Mark Haberlin,Corporate,East,377,4,400.016,100.004,25,2.7777777777777777,61.428599999999996,0.07777777777777778,1,1,Low-Activity / At-Risk Customers
MH-17455,Mark Hamilton,Consumer,South,86,8,2456.1820000000002,307.02275000000003,45,4.090909090909091,484.77330000000006,0.16363636363636364,0,0,High-Value Champions
MH-17620,Matt Hagelstein,Corporate,West,156,4,1252.8,313.2,19,3.1666666666666665,122.3612,0.23333333333333336,1,0,Low-Activity / At-Risk Customers
MH-17785,Maya Herman,Corporate,East,99,7,2203.7780000000002,314.82542857142863,42,3.8181818181818183,238.5614,0.07272727272727274,0,0,High-Value Champions
MH-18025,Michelle Huthwaite,Consumer,West,50,5,2984.948,596.9896,31,3.1,476.9032,0.13,0,0,High-Value Champions
MH-18115,Mick Hernandez,Home Office,East,6,9,5503.093,611.4547777777777,79,3.590909090909091,170.9746,0.16818181818181818,0,0,High-Value Champions
MJ-17740,Max Jones,Consumer,West,23,7,6320.746,902.9637142857143,50,3.3333333333333335,1054.5529000000001,0.21333333333333335,0,0,High-Value Champions
MK-17905,Michael Kennedy,Corporate,East,29,8,2302.368,287.796,73,4.294117647058823,-405.3559,0.3,0,0,High-Value Champions
MK-18160,Mike Kennedy,Consumer,South,241,4,1031.602,257.9005,43,3.909090909090909,227.83380000000002,0.0818181818181818,1,0,Low-Activity / At-Risk Customers
ML-17395,Marina Lichtenstein,Corporate,West,70,9,2722.843,302.5381111111111,72,3.6,684.9162,0.17250000000000001,0,0,High-Value Champions
ML-17410,Maris LaWare,Consumer,East,55,6,2921.5,486.9166666666667,51,3.4,-76.17550000000003,0.16666666666666666,0,0,High-Value Champions
ML-17755,Max Ludwig,Home Office,South,30,7,2071.9139999999998,295.9877142857143,53,4.076923076923077,409.51120000000003,0.1076923076923077,0,0,High-Value Champions
ML-18040,Michelle Lonsdale,Corporate,West,80,3,742.082,247.36066666666667,18,4.5,138.71620000000001,0.25,1,0,Low-Activity / At-Risk Customers
ML-18265,Muhammed Lee,Consumer,West,101,2,162.232,81.116,7,2.3333333333333335,42.6648,0.06666666666666667,1,1,Low-Activity / At-Risk Customers
MM-17260,Magdelene Morse,Consumer,East,169,4,1314.023,328.50575,17,2.8333333333333335,178.402,0.13333333333333333,1,0,Low-Activity / At-Risk Customers
MM-17920,Michael Moore,Consumer,West,8,11,3794.0800000000004,344.91636363636366,68,4.25,82.12499999999997,0.18125,0,0,High-Value Champions
MM-18055,Michelle Moray,Consumer,West,62,8,2749.881,343.735125,73,3.8421052631578947,-520.3443,0.21052631578947367,0,0,High-Value Champions
MM-18280,Muhammed MacIntyre,Corporate,Central,86,9,775.414,86.1571111111111,32,2.6666666666666665,58.8916,0.14166666666666666,1,0,Low-Activity / At-Risk Customers
MN-17935,Michael Nguyen,Consumer,Central,35,6,2477.946,412.991,36,3.6,290.8227,0.26,0,0,High-Value Champions
MO-17500,Mary O'Rourke,Consumer,East,73,4,922.487,230.62175,15,3.0,59.357699999999994,0.22000000000000003,1,0,Low-Activity / At-Risk Customers
MO-17800,Meg O'Connel,Home Office,East,105,8,1687.0269999999998,210.87837499999998,49,4.454545454545454,169.34369999999998,0.16363636363636364,0,0,High-Value Champions
MO-17950,Michael Oakman,Consumer,Central,181,2,154.288,77.144,14,3.5,-82.0074,0.35000000000000003,1,1,Low-Activity / At-Risk Customers
MP-17470,Mark Packer,Home Office,East,720,7,3206.132,458.01885714285714,77,5.5,600.2873,0.12142857142857144,0,1,High-Value Champions
MP-17965,Michael Paige,Corporate,East,73,9,3983.6420000000003,442.6268888888889,62,3.1,638.1563,0.255,0,0,High-Value Champions
MP-18175,Mike Pelletier,Home Office,West,17,9,5087.92,565.3244444444445,78,4.105263157894737,226.4529,0.15526315789473685,0,0,High-Value Champions
MR-17545,Mathew Reese,Home Office,East,126,4,639.178,159.7945,29,4.833333333333333,162.9363,0.20000000000000004,1,0,Low-Activity / At-Risk Customers
MS-17365,Maribeth Schnelling,Consumer,Central,274,10,7443.6900000000005,744.369,105,4.375,844.9354999999998,0.16041666666666668,0,0,High-Value Champions
MS-17530,MaryBeth Skach,Consumer,West,435,4,475.65599999999995,118.91399999999999,21,3.0,84.0268,0.15714285714285717,1,1,Low-Activity / At-Risk Customers
MS-17710,Maurice Satty,Consumer,West,414,6,1613.402,268.9003333333333,48,3.2,247.4348,0.22,1,1,Low-Activity / At-Risk Customers
MS-17770,Maxwell Schwartz,Consumer,East,122,9,3144.678,349.40866666666665,73,3.8421052631578947,280.85839999999996,0.09999999999999999,0,0,High-Value Champions
MS-17830,Melanie Seite,Consumer,Central,453,4,370.348,92.587,14,2.8,19.431199999999997,0.18,1,1,Low-Activity / At-Risk Customers
MS-17980,Michael Stewart,Corporate,Central,27,6,855.116,142.51933333333332,49,4.454545454545454,55.226,0.17272727272727273,1,0,Low-Activity / At-Risk Customers
MT-17815,Meg Tillman,Consumer,West,50,6,2890.139,481.68983333333335,31,3.1,509.0068,0.12999999999999998,0,0,High-Value Champions
MT-18070,Michelle Tran,Home Office,West,204,4,1319.4498,329.86245,44,4.0,-23.676300000000005,0.2427272727272727,1,0,Low-Activity / At-Risk Customers
MV-17485,Mark Van Huff,Consumer,South,28,9,1560.05,173.33888888888887,52,3.466666666666667,189.0258,0.24000000000000002,0,0,High-Value Champions
MV-18190,Mike Vittorini,Consumer,East,20,7,1734.574,247.79628571428572,37,3.3636363636363638,273.8582,0.08636363636363636,0,0,High-Value Champions
MW-18220,Mitch Webber,Consumer,East,18,7,5341.900000000001,763.1285714285715,51,3.642857142857143,1238.422,0.07857142857142858,0,0,High-Value Champions
MW-18235,Mitch Willingham,Corporate,South,45,2,5253.876,2626.938,13,4.333333333333333,1665.516,0.06666666666666667,0,0,High-Value Champions
MY-17380,Maribeth Yedwab,Corporate,West,30,7,2254.285,322.0407142857143,49,3.769230769230769,319.1211,0.3076923076923077,0,0,High-Value Champions
MY-18295,Muhammed Yedwab,Corporate,Central,72,11,4152.696,377.5178181818182,89,4.238095238095238,-371.7111,0.2438095238095238,0,0,High-Value Champions
MZ-17335,Maria Zettner,Home Office,West,31,4,593.606,148.4015,11,1.8333333333333333,85.01910000000001,0.06666666666666667,1,0,Low-Activity / At-Risk Customers
MZ-17515,Mary Zewe,Corporate,West,283,6,2564.906,427.4843333333333,39,3.9,787.7503,0.27999999999999997,0,1,High-Value Champions
NB-18580,Nicole Brennan,Corporate,East,1166,2,273.87199999999996,136.93599999999998,7,3.5,24.788800000000002,0.1,1,1,Low-Activity / At-Risk Customers
NB-18655,Nona Balk,Corporate,Central,20,9,1972.599,219.17766666666665,64,3.764705882352941,117.6429,0.1735294117647059,0,0,High-Value Champions
NC-18340,Nat Carroll,Consumer,Central,225,5,2461.404,492.2808,54,3.176470588235294,580.3075,0.0411764705882353,0,1,High-Value Champions
NC-18415,Nathan Cano,Consumer,South,42,6,2218.9900000000002,369.8316666666667,38,2.7142857142857144,-2204.8072,0.2642857142857143,0,0,High-Value Champions
NC-18535,Nick Crebassa,Corporate,Central,7,7,8241.739,1177.3912857142857,64,4.266666666666667,1314.758,0.13666666666666666,0,0,High-Value Champions
NC-18625,Noah Childs,Corporate,West,205,5,1821.742,364.34839999999997,29,3.2222222222222223,-359.02099999999996,0.24444444444444446,1,0,Low-Activity / At-Risk Customers
ND-18370,Natalie DeCherney,Consumer,South,28,9,4326.139,480.6821111111111,63,3.5,353.64549999999997,0.21111111111111114,0,0,High-Value Champions
ND-18460,Neil Ducich,Corporate,South,184,6,2893.455,482.2425,36,4.5,443.33680000000004,0.0875,0,0,High-Value Champions
NF-18385,Natalie Fritzler,Consumer,South,80,7,8322.826,1188.9751428571428,52,3.7142857142857144,-1695.9714,0.25,0,0,High-Value Champions
NF-18475,Neil Französisch,Home Office,Central,526,4,377.16200000000003,94.29050000000001,13,3.25,85.92779999999999,0.25,1,1,Low-Activity / At-Risk Customers
NF-18595,Nicole Fjeld,Home Office,East,115,7,2031.472,290.2102857142857,55,4.583333333333333,388.2131,0.11666666666666668,0,0,High-Value Champions
NG-18355,Nat Gilpin,Corporate,East,49,5,1869.58,373.916,45,2.8125,313.63349999999997,0.08750000000000001,0,0,High-Value Champions
NG-18430,Nathan Gelder,Consumer,East,49,5,1395.9379999999999,279.1876,41,4.555555555555555,217.0893,0.1111111111111111,0,0,High-Value Champions
NH-18610,Nicole Hansen,Corporate,Central,190,7,2673.29,381.8985714285714,52,4.7272727272727275,760.1666,0.05454545454545456,0,1,High-Value Champions
NK-18490,Neil Knudson,Home Office,West,71,7,572.048,81.72114285714285,51,4.636363636363637,121.2177,0.1272727272727273,1,0,Low-Activity / At-Risk Customers
NL-18310,Nancy Lomonaco,Home Office,West,59,4,1418.0900000000001,354.52250000000004,44,4.4,343.6381,0.06000000000000001,0,0,High-Value Champions
NM-18445,Nathan Mautz,Home Office,East,161,7,6459.344,922.7634285714286,44,3.142857142857143,2751.6848999999997,0.042857142857142864,0,0,High-Value Champions
NM-18520,Neoma Murray,Consumer,West,245,10,2161.979,216.19789999999998,60,4.0,788.9525000000001,0.26,0,0,High-Value Champions
NP-18325,Naresj Patel,Consumer,South,26,6,5529.62,921.6033333333334,77,3.6666666666666665,1208.8890000000001,0.05714285714285715,0,0,High-Value Champions
NP-18670,Nora Paige,Consumer,Central,59,5,3908.402,781.6804,46,4.6,514.6002,0.02,0,0,High-Value Champions
NP-18685,Nora Pelletier,Home Office,East,407,6,1228.698,204.78300000000002,23,3.2857142857142856,514.5017,0.18571428571428572,1,1,Low-Activity / At-Risk Customers
NP-18700,Nora Preis,Consumer,West,139,7,7903.1825,1129.0260714285714,63,4.846153846153846,631.2282,0.19615384615384618,0,0,High-Value Champions
NR-18550,Nick Radford,Consumer,Central,211,5,2367.277,473.4554,37,2.8461538461538463,-25.148799999999966,0.22307692307692306,0,0,High-Value Champions
NS-18505,Neola Schneider,Consumer,Central,7,4,2575.863,643.96575,52,3.466666666666667,-12.303999999999997,0.20666666666666667,0,0,High-Value Champions
NS-18640,Noel Staavos,Corporate,Central,175,13,2964.823,228.0633076923077,113,4.346153846153846,-234.7714,0.21538461538461537,0,0,High-Value Champions
NW-18400,Natalie Webber,Consumer,West,173,7,7234.014,1033.4305714285715,78,3.5454545454545454,1023.123,0.21363636363636365,0,0,High-Value Champions
NZ-18565,Nick Zandusky,Home Office,East,86,9,2488.31,276.4788888888889,77,3.85,402.4236,0.175,0,0,High-Value Champions
ON-18715,Odella Nelson,Corporate,Central,411,9,1567.52,174.1688888888889,58,3.8666666666666667,-5.88900000000001,0.16,1,1,Low-Activity / At-Risk Customers
OT-18730,Olvera Toch,Consumer,West,66,5,3818.624,763.7248,51,5.1,-925.1203,0.15999999999999998,0,0,High-Value Champions
PA-19060,Pete Armstrong,Home Office,Central,104,6,729.408,121.568,27,3.857142857142857,225.8588,0.1857142857142857,1,0,Low-Activity / At-Risk Customers
PB-18805,Patrick Bzostek,Home Office,West,26,3,740.356,246.78533333333334,54,5.4,229.2257,0.12000000000000002,1,0,Low-Activity / At-Risk Customers
PB-19105,Peter Bühler,Consumer,Central,58,4,688.324,172.081,18,3.6,218.15970000000002,0.12000000000000002,1,0,Low-Activity / At-Risk Customers
PB-19150,Philip Brown,Consumer,West,98,8,1456.95,182.11875,54,4.909090909090909,280.6606,0.1272727272727273,0,0,High-Value Champions
PB-19210,Phillip Breyer,Corporate,Central,689,2,132.738,66.369,10,5.0,21.897000000000002,0.1,1,1,Low-Activity / At-Risk Customers
PC-18745,Pamela Coakley,Corporate,West,3,4,1832.064,458.016,22,4.4,272.685,0.22000000000000003,0,0,High-Value Champions
PC-19000,Pauline Chand,Home Office,West,883,2,1061.488,530.744,18,6.0,-184.3364,0.13333333333333333,1,1,Low-Activity / At-Risk Customers
PF-19120,Peter Fuller,Consumer,West,836,4,9062.864,2265.716,75,3.9473684210526314,-614.2943000000001,0.12105263157894738,0,1,High-Value Champions
PF-19165,Philip Fox,Consumer,Central,197,6,2770.0,461.6666666666667,34,3.4,196.87389999999996,0.05,0,1,High-Value Champions
PF-19225,Phillip Flathmann,Consumer,West,115,5,2206.1279999999997,441.22559999999993,32,3.2,591.3118000000001,0.06000000000000001,0,0,High-Value Champions
PG-18820,Patrick Gardner,Consumer,West,37,13,3086.907,237.45438461538464,83,3.1923076923076925,137.46130000000002,0.16923076923076924,0,0,High-Value Champions
PG-18895,Paul Gonzalez,Consumer,Central,58,9,1987.164,220.796,61,3.588235294117647,334.5163,0.09411764705882353,0,0,High-Value Champions
PH-18790,Patricia Hirasaki,Home Office,South,71,1,729.648,729.648,6,3.0,47.8878,0.2,1,0,Low-Activity / At-Risk Customers
PJ-18835,Patrick Jones,Corporate,South,40,8,1220.09,152.51125,46,3.5384615384615383,442.1355,0.07692307692307693,0,0,High-Value Champions
PJ-19015,Pauline Johnson,Consumer,West,135,7,1824.2340000000002,260.60485714285716,25,2.5,682.9979000000001,0.08,0,0,High-Value Champions
PK-18910,Paul Knutson,Home Office,East,484,2,1441.152,720.576,14,4.666666666666667,-798.705,0.3666666666666667,1,1,Low-Activity / At-Risk Customers
PK-19075,Pete Kriz,Consumer,Central,10,12,8646.934,720.5778333333333,107,4.28,2038.2676000000001,0.07600000000000001,0,0,High-Value Champions
PL-18925,Paul Lucas,Home Office,Central,16,5,239.481,47.8962,29,3.625,-0.7527000000000026,0.25,1,1,Low-Activity / At-Risk Customers
PM-18940,Paul MacIntyre,Consumer,Central,387,3,1405.402,468.46733333333333,16,4.0,157.8768,0.15,1,1,Low-Activity / At-Risk Customers
PM-19135,Peter McVee,Home Office,Central,52,4,4115.662,1028.9155,36,5.142857142857143,526.7537,0.1285714285714286,0,0,High-Value Champions
PN-18775,Parhena Norris,Home Office,East,31,8,1467.152,183.394,47,3.6153846153846154,192.0396,0.12307692307692308,0,0,High-Value Champions
PO-18850,Patrick O'Brill,Consumer,East,5,11,7473.8282,679.4389272727273,91,4.136363636363637,38.47569999999996,0.21,0,0,High-Value Champions
PO-18865,Patrick O'Donnell,Consumer,Central,1,7,2493.214,356.1734285714286,54,4.153846153846154,437.8533,0.04615384615384616,0,0,High-Value Champions
PO-19180,Philisse Overcash,Home Office,Central,161,9,4893.043,543.6714444444444,65,3.611111111111111,1155.4331,0.10555555555555557,0,0,High-Value Champions
PO-19195,Phillina Ober,Home Office,Central,87,5,1056.858,211.3716,32,3.2,-49.70089999999999,0.19,1,0,Low-Activity / At-Risk Customers
PP-18955,Paul Prost,Home Office,South,98,10,7252.608,725.2608,138,4.0588235294117645,1495.0854,0.1088235294117647,0,0,High-Value Champions
PR-18880,Patrick Ryan,Consumer,West,37,5,1840.178,368.03560000000004,43,3.5833333333333335,247.6226,0.11666666666666668,0,0,High-Value Champions
PS-18760,Pamela Stobb,Consumer,West,108,6,2181.479,363.5798333333333,75,3.5714285714285716,-134.441,0.22380952380952382,0,0,High-Value Champions
PS-18970,Paul Stevenson,Home Office,Central,70,8,1278.639,159.829875,52,4.0,198.5099,0.05384615384615384,0,0,High-Value Champions
PS-19045,Penelope Sewall,Home Office,South,237,7,6843.634,977.662,47,3.6153846153846154,1742.7296999999999,0.0846153846153846,0,0,High-Value Champions
PT-19090,Pete Takahito,Consumer,Central,72,4,160.572,40.143,19,2.7142857142857144,-20.0508,0.37142857142857144,1,1,Low-Activity / At-Risk Customers
PV-18985,Paul Van Hugh,Home Office,West,90,5,2876.046,575.2092,52,4.0,434.52840000000003,0.08461538461538462,0,0,High-Value Champions
PW-19030,Pauline Webber,Corporate,South,47,10,3454.916,345.4916,48,3.6923076923076925,803.8169,0.038461538461538464,0,0,High-Value Champions
PW-19240,Pierre Wener,Consumer,West,465,7,3922.4150000000004,560.345,39,3.25,1290.354,0.1708333333333333,0,1,High-Value Champions
QJ-19255,Quincy Jones,Corporate,Central,26,9,6108.338,678.7042222222221,61,4.6923076923076925,1203.6768,0.12307692307692308,0,0,High-Value Champions
RA-19285,Ralph Arnett,Consumer,East,6,9,2617.906,290.8784444444444,58,3.411764705882353,546.0882,0.1647058823529412,0,0,High-Value Champions
RA-19885,Ruben Ausman,Corporate,West,44,7,3832.314,547.4734285714286,53,3.533333333333333,1292.8656,0.04000000000000001,0,0,High-Value Champions
RA-19915,Russell Applegate,Consumer,Central,13,9,4793.543,532.6158888888889,75,3.409090909090909,304.8673,0.27954545454545454,0,0,High-Value Champions
RA-19945,Ryan Akin,Consumer,West,62,5,1686.9225,337.3845,27,3.0,-445.695,0.31666666666666665,1,0,Low-Activity / At-Risk Customers
RB-19330,Randy Bradley,Consumer,East,69,2,1008.1959999999999,504.09799999999996,16,2.6666666666666665,-164.40619999999998,0.3166666666666667,1,0,Low-Activity / At-Risk Customers
RB-19360,Raymond Buch,Consumer,East,97,6,15117.339,2519.5565,71,3.9444444444444446,6976.0959,0.09444444444444444,0,0,High-Value Champions
RB-19435,Richard Bierner,Consumer,Central,20,8,2663.0860000000002,332.88575000000003,66,4.125,477.23990000000003,0.1625,0,0,High-Value Champions
RB-19465,Rick Bensley,Home Office,Central,10,12,4715.466,392.95550000000003,85,3.6956521739130435,640.5466,0.13478260869565217,0,0,High-Value Champions
RB-19570,Rob Beeghly,Consumer,Central,26,5,528.546,105.70920000000001,35,3.888888888888889,76.8879,0.16666666666666666,1,1,Low-Activity / At-Risk Customers
RB-19645,Robert Barroso,Corporate,West,649,5,221.084,44.2168,29,4.142857142857143,72.679,0.14285714285714285,1,1,Low-Activity / At-Risk Customers
RB-19705,Roger Barcio,Home Office,West,55,4,2067.45,516.8625,22,3.142857142857143,243.07549999999998,0.1571428571428571,0,0,High-Value Champions
RB-19795,Ross Baird,Home Office,South,33,8,5633.316000000001,704.1645000000001,92,5.111111111111111,-461.73319999999995,0.25,0,0,High-Value Champions
RC-19825,Roy Collins,Consumer,Central,370,6,966.409,161.06816666666666,29,2.9,63.991400000000006,0.11000000000000001,1,1,Low-Activity / At-Risk Customers
RC-19960,Ryan Crowe,Consumer,East,111,6,885.752,147.62533333333332,44,4.0,10.563300000000002,0.17272727272727273,1,0,Low-Activity / At-Risk Customers
RD-19480,Rick Duston,Consumer,West,73,8,4272.93,534.11625,60,4.0,480.594,0.10666666666666667,0,0,High-Value Champions
RD-19585,Rob Dowd,Consumer,South,181,10,2912.8940000000002,291.2894,73,3.8421052631578947,734.5158,0.03157894736842106,0,0,High-Value Champions
RD-19660,Robert Dilbeck,Home Office,Central,115,5,2786.632,557.3264,23,4.6,835.772,0.08,0,0,High-Value Champions
RD-19720,Roger Demir,Consumer,South,22,10,1419.737,141.9737,78,3.9,207.3304,0.1575,0,0,High-Value Champions
RD-19810,Ross DeVincentis,Home Office,West,15,8,1137.616,142.202,63,3.9375,318.4625,0.1875,0,0,High-Value Champions
RD-19900,Ruben Dartt,Consumer,West,115,9,3133.924,348.21377777777775,85,4.0476190476190474,455.5292,0.05714285714285715,0,0,High-Value Champions
RD-19930,Russell D'Ascenzo,Consumer,Central,43,4,970.9420000000001,242.73550000000003,33,3.3,35.05740000000001,0.31,1,0,Low-Activity / At-Risk Customers
RE-19405,Ricardo Emerson,Consumer,East,1098,1,48.36,48.36,5,5.0,6.045,0.2,1,1,Low-Activity / At-Risk Customers
RE-19450,Richard Eichhorn,Consumer,Central,303,5,876.696,175.3392,47,5.222222222222222,209.2294,0.13333333333333333,1,0,Low-Activity / At-Risk Customers
RF-19345,Randy Ferguson,Corporate,East,391,8,3309.15,413.64375,67,4.1875,633.7072000000001,0.1375,0,0,High-Value Champions
RF-19735,Roland Fjeld,Consumer,Central,90,7,2341.2960000000003,334.4708571428572,53,3.7857142857142856,711.6168,0.014285714285714287,0,0,High-Value Champions
RF-19840,Roy Französisch,Consumer,East,7,8,945.222,118.15275,45,4.090909090909091,280.0261,0.0818181818181818,0,0,High-Value Champions
RH-19495,Rick Hansen,Consumer,Central,33,5,3621.3759999999997,724.2751999999999,38,4.75,563.7877,0.1,0,0,High-Value Champions
RH-19510,Rick Huthwaite,Home Office,East,468,6,6979.18,1163.1966666666667,43,3.5833333333333335,1289.4535,0.03333333333333333,0,1,High-Value Champions
RH-19555,Ritsa Hightower,Consumer,South,520,2,740.382,370.191,11,3.6666666666666665,0.30570000000000164,0.5333333333333333,1,1,Low-Activity / At-Risk Customers
RH-19600,Rob Haberlin,Consumer,South,535,3,2085.7400000000002,695.2466666666668,43,3.909090909090909,172.6261,0.10909090909090909,1,1,Low-Activity / At-Risk Customers
RK-19300,Ralph Kennedy,Consumer,East,120,3,1460.192,486.73066666666665,29,3.625,269.688,0.07500000000000001,1,0,Low-Activity / At-Risk Customers
RL-19615,Rob Lucas,Consumer,South,122,8,6234.91,779.36375,101,4.208333333333333,488.14840000000004,0.21875,0,0,High-Value Champions
RM-19375,Raymond Messe,Consumer,Central,346,6,1453.474,242.24566666666666,29,3.2222222222222223,392.1499,0.044444444444444446,1,1,Low-Activity / At-Risk Customers
RM-19675,Robert Marley,Home Office,South,7,5,5979.0960000000005,1195.8192000000001,39,3.5454545454545454,1902.5438000000001,0.045454545454545456,0,0,High-Value Champions
RM-19750,Roland Murray,Consumer,East,300,1,98.35,98.35,4,2.0,28.6879,0.0,1,1,Low-Activity / At-Risk Customers
RO-19780,Rose O'Brian,Consumer,South,36,7,3815.478,545.0682857142857,48,4.0,-1262.5716000000002,0.2916666666666667,0,0,High-Value Champions
RP-19270,Rachel Payne,Corporate,West,497,4,954.6452,238.6613,47,3.9166666666666665,59.538399999999996,0.19333333333333336,1,1,Low-Activity / At-Risk Customers
RP-19390,Resi Pölking,Consumer,East,34,12,5153.084,429.42366666666663,88,3.52,465.25030000000015,0.14800000000000002,0,0,High-Value Champions
RP-19855,Roy Phan,Corporate,Central,29,8,2170.716,271.3395,61,4.066666666666666,594.5868,0.13333333333333333,0,0,High-Value Champions
RR-19315,Ralph Ritter,Consumer,West,20,2,615.932,307.966,7,1.75,-73.835,0.27499999999999997,1,0,Low-Activity / At-Risk Customers
RR-19525,Rick Reed,Corporate,East,171,6,3302.2619999999997,550.377,36,3.6,721.6826,0.06000000000000001,0,0,High-Value Champions
RS-19420,Ricardo Sperren,Corporate,West,77,5,3221.29,644.258,29,3.2222222222222223,633.4513999999999,0.0,0,0,High-Value Champions
RS-19765,Roland Schwarz,Corporate,East,37,8,4159.7699999999995,519.9712499999999,54,3.857142857142857,1206.3851,0.1142857142857143,0,0,High-Value Champions
RS-19870,Roy Skaria,Home Office,Central,20,2,22.328,11.164,10,3.3333333333333335,9.5838,0.06666666666666667,1,1,Low-Activity / At-Risk Customers
RW-19540,Rick Wilson,Corporate,West,121,7,7397.401,1056.7715714285714,89,3.869565217391304,1586.6273,0.13478260869565217,0,0,High-Value Champions
RW-19630,Rob Williams,Corporate,Central,90,9,3279.746,364.41622222222225,53,3.3125,698.8325,0.1375,0,0,High-Value Champions
RW-19690,Robert Waldorf,Consumer,South,80,5,3495.646,699.1292000000001,61,4.066666666666666,707.5503,0.07333333333333333,0,0,High-Value Champions
SA-20830,Sue Ann Reed,Consumer,Central,64,10,4767.3415,476.73415000000006,75,3.5714285714285716,610.1496000000001,0.19285714285714284,0,0,High-Value Champions
SB-20170,Sarah Bern,Consumer,East,202,3,1348.02,449.34,24,3.4285714285714284,157.6658,0.18571428571428572,1,0,Low-Activity / At-Risk Customers
SB-20185,Sarah Brown,Consumer,East,189,6,6410.996,1068.4993333333334,45,3.75,885.4623999999999,0.1416666666666667,0,0,High-Value Champions
SB-20290,Sean Braxton,Corporate,Central,48,7,8057.891,1151.1272857142856,84,4.9411764705882355,-2082.7451,0.24117647058823527,0,0,High-Value Champions
SC-20020,Sam Craven,Consumer,Central,782,5,3362.9636,672.59272,62,3.6470588235294117,-317.0508,0.21882352941176472,1,1,Low-Activity / At-Risk Customers
SC-20050,Sample Company A,Home Office,East,41,9,4624.572,513.8413333333333,61,4.066666666666666,1011.7443,0.18666666666666668,0,0,High-Value Champions
SC-20095,Sanjit Chand,Consumer,West,350,9,14142.333999999999,1571.3704444444443,87,3.9545454545454546,5757.411899999999,0.06363636363636364,0,0,High-Value Champions
SC-20230,Scot Coram,Corporate,Central,150,4,4371.9580000000005,1092.9895000000001,49,4.454545454545454,440.14099999999996,0.10909090909090911,0,0,High-Value Champions
SC-20260,Scott Cohen,Corporate,West,188,8,3729.7929999999997,466.22412499999996,63,3.5,671.0033999999999,0.19722222222222222,0,0,High-Value Champions
SC-20305,Sean Christensen,Consumer,Central,30,7,3979.065,568.4378571428572,64,5.333333333333333,229.1617,0.21666666666666667,0,0,High-Value Champions
SC-20380,Shahid Collister,Consumer,West,31,9,5992.536,665.8373333333334,80,4.0,236.66149999999996,0.19,0,0,High-Value Champions
SC-20440,Shaun Chance,Corporate,West,37,7,1874.998,267.85685714285717,44,4.4,379.5611,0.27999999999999997,0,0,High-Value Champions
SC-20575,Sonia Cooley,Consumer,Central,93,5,902.7280000000001,180.5456,30,4.285714285714286,100.2253,0.34285714285714286,1,0,Low-Activity / At-Risk Customers
SC-20680,Steve Carroll,Home Office,South,127,6,1254.64,209.10666666666668,26,3.25,370.1578,0.0,0,0,High-Value Champions
SC-20695,Steve Chapman,Corporate,South,90,10,2576.408,257.6408,66,4.714285714285714,611.8291,0.15714285714285717,0,0,High-Value Champions
SC-20725,Steven Cartwright,Consumer,East,188,11,5226.21,475.11,133,5.115384615384615,1276.6513,0.15000000000000002,0,0,High-Value Champions
SC-20770,Stewart Carmichael,Corporate,South,42,7,4492.657,641.8081428571429,75,3.5714285714285716,-671.1874,0.30476190476190473,0,0,High-Value Champions
SC-20800,Stuart Calhoun,Consumer,Central,31,4,279.25600000000003,69.81400000000001,11,2.2,51.8252,0.12000000000000002,1,1,Low-Activity / At-Risk Customers
SC-20845,Sung Chung,Consumer,Central,132,2,280.632,140.316,13,3.25,31.1757,0.2,1,1,Low-Activity / At-Risk Customers
SD-20485,Shirley Daniels,Home Office,East,201,9,6121.114,680.1237777777777,82,3.9047619047619047,1985.1671999999999,0.10476190476190476,0,0,High-Value Champions
SE-20110,Sanjit Engle,Consumer,East,10,11,12209.438000000002,1109.9489090909092,78,4.105263157894737,2650.6769,0.1105263157894737,0,0,High-Value Champions
SF-20065,Sandra Flanagan,Consumer,East,60,7,763.5459999999999,109.07799999999999,35,3.888888888888889,228.1623,0.1,1,0,Low-Activity / At-Risk Customers
SF-20200,Sarah Foster,Consumer,West,60,9,3422.7859999999996,380.3095555555555,74,4.933333333333334,286.9046,0.12666666666666665,0,0,High-Value Champions
SF-20965,Sylvia Foulston,Corporate,Central,49,9,3336.535,370.7261111111111,66,3.8823529411764706,539.9352,0.2705882352941177,0,0,High-Value Champions
SG-20080,Sandra Glassco,Consumer,Central,9,3,3406.5809999999997,1135.5269999999998,30,2.727272727272727,570.438,0.06818181818181818,0,0,High-Value Champions
SG-20470,Sheri Gordon,Consumer,East,184,8,1884.798,235.59975,62,4.428571428571429,-119.0105,0.15,0,0,High-Value Champions
SG-20605,Speros Goranitis,Consumer,East,109,6,3124.832,520.8053333333334,49,3.769230769230769,463.269,0.09230769230769233,0,0,High-Value Champions
SG-20890,Susan Gilcrest,Corporate,Central,227,3,47.946,15.982,17,3.4,-3.7073,0.4,1,1,Low-Activity / At-Risk Customers
SH-19975,Sally Hughsby,Corporate,West,30,13,3406.8395,262.0645769230769,113,3.896551724137931,558.4739999999999,0.13620689655172413,0,0,High-Value Champions
SH-20395,Shahid Hopkins,Consumer,South,24,10,2180.718,218.0718,45,3.0,-144.5229,0.23333333333333334,0,0,High-Value Champions
SH-20635,Stefanie Holloman,Corporate,South,766,2,2096.392,1048.196,16,8.0,260.6258,0.2,1,1,Low-Activity / At-Risk Customers
SJ-20125,Sanjit Jacobs,Home Office,East,96,12,3949.656,329.138,104,4.333333333333333,144.1189,0.23333333333333336,0,0,High-Value Champions
SJ-20215,Sarah Jordon,Consumer,Central,30,6,1341.036,223.506,35,3.5,-23.5137,0.37,1,0,Low-Activity / At-Risk Customers
SJ-20500,Shirley Jackson,Consumer,Central,254,5,1318.776,263.7552,30,4.285714285714286,68.09629999999999,0.14285714285714285,1,0,Low-Activity / At-Risk Customers
SK-19990,Sally Knutson,Consumer,East,9,3,883.409,294.4696666666667,19,3.8,168.7933,0.22000000000000003,1,0,Low-Activity / At-Risk Customers
SL-20155,Sara Luxemburg,Home Office,South,71,7,3053.012,436.14457142857145,30,3.3333333333333335,527.9715,0.17777777777777778,0,0,High-Value Champions
SM-20005,Sally Matthias,Consumer,East,422,4,244.49399999999997,61.12349999999999,26,4.333333333333333,-26.5927,0.26666666666666666,1,1,Low-Activity / At-Risk Customers
SM-20320,Sean Miller,Home Office,South,80,5,25043.05,5008.61,50,3.3333333333333335,-1980.7393,0.24666666666666667,0,0,High-Value Champions
SM-20905,Susan MacKendrick,Consumer,East,607,1,1043.041,1043.041,20,3.3333333333333335,-237.2885,0.2833333333333333,1,1,Low-Activity / At-Risk Customers
SM-20950,Suzanne McNair,Corporate,South,26,12,5563.392,463.616,94,4.2727272727272725,581.5741999999999,0.1272727272727273,0,0,High-Value Champions
SN-20560,Skye Norling,Home Office,West,112,6,1860.418,310.06966666666665,67,4.466666666666667,-716.8565000000001,0.1733333333333333,0,0,High-Value Champions
SN-20710,Steve Nguyen,Home Office,Central,80,7,3127.9592,446.85131428571424,89,4.684210526315789,481.74989999999997,0.1168421052631579,0,0,High-Value Champions
SO-20335,Sean O'Donnell,Consumer,South,30,6,2602.5755,433.76258333333334,52,3.466666666666667,-81.0858,0.1366666666666667,0,0,High-Value Champions
SP-20545,Sibella Parks,Corporate,East,328,6,1306.086,217.681,43,4.3,-118.77570000000001,0.26,1,0,Low-Activity / At-Risk Customers
SP-20620,Stefania Perrino,Corporate,East,48,9,5440.319,604.4798888888889,77,3.2083333333333335,-270.42819999999995,0.25,0,0,High-Value Champions
SP-20650,Stephanie Phelps,Corporate,West,387,9,1872.4360000000001,208.04844444444447,71,4.733333333333333,268.4782,0.15333333333333332,0,1,High-Value Champions
SP-20860,Sung Pak,Corporate,East,80,10,4282.94,428.294,80,3.3333333333333335,566.7226,0.20833333333333334,0,0,High-Value Champions
SP-20920,Susan Pistek,Consumer,West,71,6,3990.689,665.1148333333333,57,4.071428571428571,14.692400000000003,0.2714285714285714,0,0,High-Value Champions
SR-20425,Sharelle Roach,Home Office,West,9,5,3233.481,646.6962000000001,34,3.7777777777777777,-3333.9144,0.36666666666666664,0,0,High-Value Champions
SR-20740,Steven Roelle,Home Office,East,197,8,4345.8859999999995,543.2357499999999,50,4.166666666666667,1990.4243999999999,0.03333333333333333,0,0,High-Value Champions
SS-20140,Saphhira Shifley,Corporate,East,16,8,1324.028,165.5035,86,4.095238095238095,332.3487,0.11428571428571428,0,0,High-Value Champions
SS-20410,Shahid Shariari,Consumer,West,111,6,3056.8070000000002,509.4678333333334,46,3.8333333333333335,-1010.9738,0.25833333333333336,0,0,High-Value Champions
SS-20515,Shirley Schmidt,Home Office,South,492,3,613.4,204.46666666666667,36,6.0,199.93449999999999,0.0,1,1,Low-Activity / At-Risk Customers
SS-20590,Sonia Sunley,Consumer,West,433,6,418.49,69.74833333333333,17,1.8888888888888888,135.5401,0.0,1,1,Low-Activity / At-Risk Customers
SS-20875,Sung Shariari,Consumer,Central,121,5,964.636,192.9272,39,2.6,-75.586,0.24000000000000002,1,0,Low-Activity / At-Risk Customers
ST-20530,Shui Tom,Consumer,East,126,7,433.34000000000003,61.90571428571429,33,2.75,84.4419,0.20000000000000004,1,0,Low-Activity / At-Risk Customers
SU-20665,Stephanie Ulpright,Home Office,South,21,7,2595.364,370.76628571428574,61,3.388888888888889,763.4719,0.13333333333333333,0,0,High-Value Champions
SV-20365,Seth Vernon,Consumer,East,102,10,11470.949999999999,1147.0949999999998,109,3.40625,1199.4242,0.15625,0,0,High-Value Champions
SV-20785,Stewart Visinsky,Consumer,West,321,9,4105.305,456.14500000000004,91,3.64,485.0272,0.184,0,0,High-Value Champions
SV-20815,Stuart Van,Corporate,Central,77,4,1271.0900000000001,317.77250000000004,24,4.0,199.6502,0.19999999999999998,1,0,Low-Activity / At-Risk Customers
SV-20935,Susan Vittorini,Consumer,East,3,8,1903.491,237.936375,66,5.076923076923077,106.8912,0.23076923076923078,0,0,High-Value Champions
SW-20245,Scot Wooten,Consumer,West,82,7,1085.078,155.01114285714286,33,3.3,-19.60620000000001,0.25999999999999995,1,0,Low-Activity / At-Risk Customers
SW-20275,Scott Williamson,Consumer,South,31,6,1966.65,327.77500000000003,28,4.0,332.8725,0.028571428571428574,0,0,High-Value Champions
SW-20350,Sean Wendt,Home Office,Central,163,3,1019.044,339.6813333333333,25,4.166666666666667,95.8383,0.21666666666666667,1,0,Low-Activity / At-Risk Customers
SW-20455,Shaun Weien,Consumer,South,163,7,2921.544,417.3634285714285,18,2.0,793.6548,0.1111111111111111,0,0,High-Value Champions
SW-20755,Steven Ward,Corporate,East,535,2,758.6959999999999,379.34799999999996,27,3.375,68.2416,0.1,1,1,Low-Activity / At-Risk Customers
SZ-20035,Sam Zeldin,Home Office,West,36,11,3625.329,329.57536363636365,69,3.45,366.43030000000005,0.22000000000000003,0,0,High-Value Champions
TA-21385,Tom Ashbrook,Home Office,East,70,4,14595.62,3648.905,36,3.6,4703.7883,0.07999999999999999,0,0,High-Value Champions
TB-21055,Ted Butterfield,Consumer,East,120,5,1467.881,293.57620000000003,66,3.6666666666666665,390.2113,0.05555555555555555,0,0,High-Value Champions
TB-21175,Thomas Boland,Corporate,Central,59,4,3589.296,897.324,36,3.272727272727273,829.1635,0.09090909090909091,0,0,High-Value Champions
TB-21190,Thomas Brumley,Home Office,South,50,4,816.1740000000001,204.04350000000002,23,5.75,179.0038,0.025,1,0,Low-Activity / At-Risk Customers
TB-21250,Tim Brockman,Consumer,East,350,7,1602.376,228.91085714285714,74,3.8947368421052633,260.6155,0.2473684210526316,1,1,Low-Activity / At-Risk Customers
TB-21280,Toby Braunhardt,Consumer,East,584,6,2198.45,366.4083333333333,35,3.1818181818181817,490.9567,0.1,1,1,Low-Activity / At-Risk Customers
TB-21355,Todd Boyes,Corporate,East,147,5,834.328,166.8656,44,3.3846153846153846,268.967,0.06153846153846154,1,0,Low-Activity / At-Risk Customers
TB-21400,Tom Boeckenhauer,Consumer,West,203,7,9133.99,1304.8557142857142,55,3.235294117647059,2798.3689,0.07058823529411766,0,0,High-Value Champions
TB-21520,Tracy Blumstein,Consumer,East,108,9,4737.486,526.3873333333333,85,4.25,-1603.0451,0.265,0,0,High-Value Champions
TB-21595,Troy Blackwell,Consumer,Central,286,5,1387.559,277.5118,29,4.142857142857143,-136.4091,0.2714285714285714,1,0,Low-Activity / At-Risk Customers
TB-21625,Trudy Brown,Consumer,Central,31,9,2797.668,310.85200000000003,60,4.0,379.882,0.14,0,0,High-Value Champions
TC-20980,Tamara Chand,Corporate,West,400,5,19052.218,3810.4436,42,3.5,8981.323900000001,0.11666666666666665,0,0,High-Value Champions
TC-21145,Theresa Coyne,Corporate,East,107,1,1038.26,1038.26,17,4.25,265.5332,0.0,1,0,Low-Activity / At-Risk Customers
TC-21295,Toby Carlisle,Consumer,West,28,8,4266.812,533.3515,63,3.9375,606.3727,0.13125,0,0,High-Value Champions
TC-21475,Tony Chapman,Home Office,South,154,9,1244.976,138.33066666666667,45,4.090909090909091,119.104,0.2636363636363636,0,0,High-Value Champions
TC-21535,Tracy Collins,Home Office,South,5,7,742.5580000000001,106.0797142857143,28,2.8,217.933,0.11000000000000001,1,0,Low-Activity / At-Risk Customers
TD-20995,Tamara Dahlen,Consumer,East,38,9,1434.5480000000002,159.39422222222225,67,4.1875,88.1897,0.24375000000000002,0,0,High-Value Champions
TG-21310,Toby Gnade,Consumer,West,338,5,3058.372,611.6744,30,3.3333333333333335,682.1704,0.2111111111111111,0,1,High-Value Champions
TG-21640,Trudy Glocke,Consumer,West,115,4,2074.661,518.66525,50,5.0,365.7205,0.13,0,0,High-Value Champions
TH-21100,Thea Hendricks,Consumer,West,345,5,2422.824,484.5648,29,4.142857142857143,-135.2125,0.17142857142857146,0,1,High-Value Champions
TH-21115,Thea Hudgings,Corporate,East,59,4,2942.772,735.693,29,3.2222222222222223,-252.5539,0.23333333333333334,0,0,High-Value Champions
TH-21235,Tiffany House,Corporate,Central,118,8,1022.201,127.775125,40,3.076923076923077,92.729,0.2076923076923077,1,0,Low-Activity / At-Risk Customers
TH-21550,Tracy Hopkins,Home Office,East,73,7,4234.0960000000005,604.8708571428572,44,3.3846153846153846,-571.9678,0.06923076923076922,0,0,High-Value Champions
TM-21010,Tamara Manning,Consumer,West,104,8,2955.2259999999997,369.40324999999996,67,3.526315789473684,573.3013,0.05263157894736842,0,0,High-Value Champions
TM-21490,Tony Molinari,Consumer,Central,131,3,1094.6779999999999,364.8926666666666,12,3.0,292.52099999999996,0.05,1,0,Low-Activity / At-Risk Customers
TN-21040,Tanja Norvell,Home Office,West,91,7,3130.221,447.17442857142856,48,4.0,-692.0452,0.19999999999999998,0,0,High-Value Champions
TP-21130,Theone Pippenger,Consumer,East,9,9,4454.0560000000005,494.8951111111112,55,3.4375,1129.1261,0.08750000000000001,0,0,High-Value Champions
TP-21415,Tom Prescott,Consumer,West,105,5,5329.0048,1065.80096,39,3.9,-1087.3898,0.462,0,0,High-Value Champions
TP-21565,Tracy Poddar,Corporate,West,351,4,1936.6399999999999,484.15999999999997,48,4.8,139.22869999999995,0.24,1,1,Low-Activity / At-Risk Customers
TR-21325,Toby Ritter,Consumer,East,194,5,675.9419999999999,135.18839999999997,22,3.142857142857143,220.36440000000002,0.028571428571428574,1,0,Low-Activity / At-Risk Customers
TS-21085,Thais Sissman,Consumer,West,358,2,4.833,2.4165,4,2.0,-3.3156,0.7,1,1,Low-Activity / At-Risk Customers
TS-21160,Theresa Swint,Corporate,East,505,6,2163.6240000000003,360.60400000000004,60,3.5294117647058822,260.87440000000004,0.22352941176470587,1,1,Low-Activity / At-Risk Customers
TS-21205,Thomas Seio,Corporate,East,199,7,5371.09,767.2985714285714,67,3.526315789473684,862.8877,0.15789473684210525,0,0,High-Value Champions
TS-21340,Toby Swindell,Consumer,Central,227,5,974.7819999999999,194.95639999999997,51,4.25,-184.97889999999998,0.2833333333333333,1,0,Low-Activity / At-Risk Customers
TS-21370,Todd Sumrall,Corporate,East,37,6,11891.751,1981.9585,59,3.933333333333333,2371.7144000000003,0.11666666666666667,0,0,High-Value Champions
TS-21430,Tom Stivers,Corporate,West,173,5,2054.14,410.828,31,4.428571428571429,48.70169999999999,0.15714285714285717,0,0,High-Value Champions
TS-21505,Tony Sayre,Consumer,South,12,6,2243.274,373.87899999999996,54,3.857142857142857,11.377899999999983,0.19285714285714287,0,0,High-Value Champions
TS-21610,Troy Staebel,Consumer,West,56,7,2820.424,402.9177142857143,44,4.0,-294.6981,0.3727272727272727,0,0,High-Value Champions
TS-21655,Trudy Schmidt,Consumer,Central,239,5,3368.094,673.6188,52,3.7142857142857144,220.91629999999998,0.19285714285714287,0,1,High-Value Champions
TT-21070,Ted Trevino,Consumer,West,32,7,4915.602,702.2288571428571,66,4.714285714285714,751.9567,0.1142857142857143,0,0,High-Value Champions
TT-21220,Thomas Thornton,Consumer,Central,184,8,1427.0439999999999,178.38049999999998,55,3.6666666666666665,278.7371,0.21333333333333335,0,0,High-Value Champions
TT-21265,Tim Taslimi,Corporate,West,407,3,439.5,146.5,8,2.6666666666666665,93.9162,0.0,1,1,Low-Activity / At-Risk Customers
TT-21460,Tonja Turnell,Home Office,Central,13,7,5364.808,766.4011428571429,48,3.4285714285714284,1124.4999,0.1285714285714286,0,0,High-Value Champions
TW-21025,Tamara Willingham,Home Office,West,65,7,5278.826,754.118,57,4.75,737.3905,0.10000000000000002,0,0,High-Value Champions
TZ-21580,Tracy Zic,Consumer,West,36,4,1707.286,426.8215,30,3.3333333333333335,224.8887,0.08888888888888889,0,0,High-Value Champions
VB-21745,Victoria Brennan,Corporate,South,55,6,2005.596,334.266,37,3.7,371.2398,0.16999999999999998,0,0,High-Value Champions
VD-21670,Valerie Dominguez,Consumer,South,582,6,6442.254,1073.709,71,4.4375,1617.7874000000002,0.07500000000000001,0,1,High-Value Champions
VF-21715,Vicky Freymann,Home Office,Central,14,5,847.944,169.5888,35,3.1818181818181817,-96.27799999999999,0.06363636363636363,1,0,Low-Activity / At-Risk Customers
VG-21790,Vivek Gonzalez,Consumer,West,155,6,846.01,141.00166666666667,32,4.0,143.6268,0.07500000000000001,1,0,Low-Activity / At-Risk Customers
VG-21805,Vivek Grady,Corporate,South,287,5,427.372,85.4744,16,2.6666666666666665,-52.333,0.10000000000000002,1,1,Low-Activity / At-Risk Customers
VM-21685,Valerie Mitchum,Home Office,East,55,7,2454.866,350.69514285714286,37,3.0833333333333335,513.5269,0.10000000000000002,0,0,High-Value Champions
VM-21835,Vivian Mathis,Consumer,East,118,5,380.69,76.138,25,3.125,116.6373,0.11249999999999999,1,1,Low-Activity / At-Risk Customers
VP-21730,Victor Preis,Home Office,West,31,3,993.9019999999999,331.30066666666664,18,3.6,205.3888,0.04,1,0,Low-Activity / At-Risk Customers
VP-21760,Victoria Pisteka,Corporate,West,76,7,3360.526,480.07514285714285,65,4.642857142857143,-1018.7768,0.17142857142857143,0,0,High-Value Champions
VS-21820,Vivek Sundaresam,Consumer,West,222,4,1055.981,263.99525,38,4.75,-262.8093,0.475,1,0,Low-Activity / At-Risk Customers
VT-21700,Valerie Takahito,Home Office,East,1001,2,1736.596,868.298,42,4.666666666666667,-224.08889999999997,0.3333333333333333,1,1,Low-Activity / At-Risk Customers
VW-21775,Victoria Wilson,Corporate,East,29,10,6134.0380000000005,613.4038,77,4.277777777777778,-874.6645,0.1611111111111111,0,0,High-Value Champions
WB-21850,William Brown,Consumer,East,21,11,6160.102,560.0092727272727,146,3.945945945945946,714.3311,0.2054054054054054,0,0,High-Value Champions
XP-21865,Xylona Preis,Consumer,West,44,11,2374.658,215.878,100,3.5714285714285716,621.23,0.04642857142857143,0,0,High-Value Champions
YC-21895,Yoseph Carroll,Corporate,West,5,5,5454.35,1090.8700000000001,31,3.875,1305.629,0.07500000000000001,0,0,High-Value Champions
YS-21880,Yana Sorensen,Corporate,South,10,8,6720.4439999999995,840.0554999999999,58,4.833333333333333,1778.2923,0.05000000000000001,0,0,High-Value Champions
ZC-21910,Zuschuss Carroll,Consumer,West,55,13,8025.707,617.362076923077,105,3.3870967741935485,-1032.1490000000001,0.25483870967741934,0,0,High-Value Champions
ZD-21925,Zuschuss Donatelli,Consumer,West,203,5,1493.944,298.7888,32,3.5555555555555554,249.1307,0.1111111111111111,1,0,Low-Activity / At-Risk Customers
