date,d,id,item_id,dept_id,cat_id,store_id,state_id,units_sold,sell_price,day_of_month,day_of_week,week_of_year,is_weekend,is_event,snap_active,price_change,lag_28,lag_56,lag_84,rolling_mean_7_28,rolling_mean_28_28
2011-04-23,d_85,FOODS_3_090_CA_3_validation,FOODS_3_090,FOODS_3,FOODS,CA_3,CA,0,1.25,23,5,16,1,0,0,0.0,0.0,0.0,108.0,0.0,0.0
2011-04-24,d_86,FOODS_3_090_CA_3_validation,FOODS_3_090,FOODS_3,FOODS,CA_3,CA,0,1.25,24,6,16,1,1,0,0.0,0.0,0.0,132.0,0.0,0.0
2011-04-25,d_87,FOODS_3_090_CA_3_validation,FOODS_3_090,FOODS_3,FOODS,CA_3,CA,0,1.25,25,0,17,0,0,0,0.0,0.0,0.0,102.0,0.0,0.0
2011-04-26,d_88,FOODS_3_090_CA_3_validation,FOODS_3_090,FOODS_3,FOODS,CA_3,CA,0,1.25,26,1,17,0,1,0,0.0,0.0,0.0,120.0,0.0,0.0
2011-04-27,d_89,FOODS_3_090_CA_3_validation,FOODS_3_090,FOODS_3,FOODS,CA_3,CA,0,1.25,27,2,17,0,0,0,0.0,0.0,0.0,106.0,0.0,0.0
2011-04-28,d_90,FOODS_3_090_CA_3_validation,FOODS_3_090,FOODS_3,FOODS,CA_3,CA,0,1.25,28,3,17,0,0,0,0.0,0.0,0.0,123.0,0.0,0.0
2011-04-29,d_91,FOODS_3_090_CA_3_validation,FOODS_3_090,FOODS_3,FOODS,CA_3,CA,0,1.25,29,4,17,0,0,0,0.0,0.0,0.0,279.0,0.0,0.0
2011-04-30,d_92,FOODS_3_090_CA_3_validation,FOODS_3_090,FOODS_3,FOODS,CA_3,CA,0,1.25,30,5,17,1,0,0,0.0,0.0,0.0,175.0,0.0,0.0
2011-05-01,d_93,FOODS_3_090_CA_3_validation,FOODS_3_090,FOODS_3,FOODS,CA_3,CA,0,1.25,1,6,17,1,0,1,0.0,0.0,0.0,186.0,0.0,0.0
2011-05-02,d_94,FOODS_3_090_CA_3_validation,FOODS_3_090,FOODS_3,FOODS,CA_3,CA,0,1.25,2,0,18,0,0,1,0.0,0.0,0.0,120.0,0.0,0.0
2011-05-03,d_95,FOODS_3_090_CA_3_validation,FOODS_3_090,FOODS_3,FOODS,CA_3,CA,0,1.25,3,1,18,0,0,1,0.0,0.0,0.0,0.0,0.0,0.0
2011-05-04,d_96,FOODS_3_090_CA_3_validation,FOODS_3_090,FOODS_3,FOODS,CA_3,CA,0,1.25,4,2,18,0,0,1,0.0,0.0,0.0,0.0,0.0,0.0
2011-05-05,d_97,FOODS_3_090_CA_3_validation,FOODS_3_090,FOODS_3,FOODS,CA_3,CA,0,1.25,5,3,18,0,1,1,0.0,0.0,0.0,0.0,0.0,0.0
2011-05-06,d_98,FOODS_3_090_CA_3_validation,FOODS_3_090,FOODS_3,FOODS,CA_3,CA,0,1.25,6,4,18,0,0,1,0.0,0.0,0.0,0.0,0.0,0.0
2011-05-07,d_99,FOODS_3_090_CA_3_validation,FOODS_3_090,FOODS_3,FOODS,CA_3,CA,0,1.25,7,5,18,1,0,1,0.0,0.0,0.0,0.0,0.0,0.0
2011-05-08,d_100,FOODS_3_090_CA_3_validation,FOODS_3_090,FOODS_3,FOODS,CA_3,CA,0,1.25,8,6,18,1,1,1,0.0,0.0,0.0,0.0,0.0,0.0
2011-05-09,d_101,FOODS_3_090_CA_3_validation,FOODS_3_090,FOODS_3,FOODS,CA_3,CA,0,1.25,9,0,19,0,0,1,0.0,0.0,0.0,0.0,0.0,0.0
2011-05-10,d_102,FOODS_3_090_CA_3_validation,FOODS_3_090,FOODS_3,FOODS,CA_3,CA,0,1.25,10,1,19,0,0,1,0.0,0.0,0.0,0.0,0.0,0.0
2011-05-11,d_103,FOODS_3_090_CA_3_validation,FOODS_3_090,FOODS_3,FOODS,CA_3,CA,0,1.25,11,2,19,0,0,0,0.0,0.0,0.0,0.0,0.0,0.0
2011-05-12,d_104,FOODS_3_090_CA_3_validation,FOODS_3_090,FOODS_3,FOODS,CA_3,CA,0,1.25,12,3,19,0,0,0,0.0,0.0,0.0,0.0,0.0,0.0
2011-05-13,d_105,FOODS_3_090_CA_3_validation,FOODS_3_090,FOODS_3,FOODS,CA_3,CA,0,1.25,13,4,19,0,0,0,0.0,0.0,0.0,0.0,0.0,0.0
2011-05-14,d_106,FOODS_3_090_CA_3_validation,FOODS_3_090,FOODS_3,FOODS,CA_3,CA,0,1.25,14,5,19,1,0,0,0.0,0.0,0.0,0.0,0.0,0.0
2011-05-15,d_107,FOODS_3_090_CA_3_validation,FOODS_3_090,FOODS_3,FOODS,CA_3,CA,0,1.25,15,6,19,1,0,0,0.0,0.0,0.0,0.0,0.0,0.0
2011-05-16,d_108,FOODS_3_090_CA_3_validation,FOODS_3_090,FOODS_3,FOODS,CA_3,CA,0,1.25,16,0,20,0,0,0,0.0,0.0,0.0,0.0,0.0,0.0
2011-05-17,d_109,FOODS_3_090_CA_3_validation,FOODS_3_090,FOODS_3,FOODS,CA_3,CA,0,1.25,17,1,20,0,0,0,0.0,0.0,0.0,0.0,0.0,0.0
2011-05-18,d_110,FOODS_3_090_CA_3_validation,FOODS_3_090,FOODS_3,FOODS,CA_3,CA,0,1.25,18,2,20,0,0,0,0.0,0.0,0.0,0.0,0.0,0.0
2011-05-19,d_111,FOODS_3_090_CA_3_validation,FOODS_3_090,FOODS_3,FOODS,CA_3,CA,0,1.25,19,3,20,0,0,0,0.0,0.0,0.0,0.0,0.0,0.0
2011-05-20,d_112,FOODS_3_090_CA_3_validation,FOODS_3_090,FOODS_3,FOODS,CA_3,CA,0,1.25,20,4,20,0,0,0,0.0,0.0,0.0,0.0,0.0,0.0
2011-05-21,d_113,FOODS_3_090_CA_3_validation,FOODS_3_090,FOODS_3,FOODS,CA_3,CA,0,1.25,21,5,20,1,0,0,0.0,0.0,0.0,0.0,0.0,0.0
2011-05-22,d_114,FOODS_3_090_CA_3_validation,FOODS_3_090,FOODS_3,FOODS,CA_3,CA,0,1.25,22,6,20,1,0,0,0.0,0.0,0.0,0.0,0.0,0.0
2011-05-23,d_115,FOODS_3_090_CA_3_validation,FOODS_3_090,FOODS_3,FOODS,CA_3,CA,0,1.25,23,0,21,0,0,0,0.0,0.0,0.0,0.0,0.0,0.0
2011-05-24,d_116,FOODS_3_090_CA_3_validation,FOODS_3_090,FOODS_3,FOODS,CA_3,CA,0,1.25,24,1,21,0,0,0,0.0,0.0,0.0,0.0,0.0,0.0
2011-05-25,d_117,FOODS_3_090_CA_3_validation,FOODS_3_090,FOODS_3,FOODS,CA_3,CA,0,1.25,25,2,21,0,0,0,0.0,0.0,0.0,0.0,0.0,0.0
2011-05-26,d_118,FOODS_3_090_CA_3_validation,FOODS_3_090,FOODS_3,FOODS,CA_3,CA,0,1.25,26,3,21,0,0,0,0.0,0.0,0.0,0.0,0.0,0.0
2011-05-27,d_119,FOODS_3_090_CA_3_validation,FOODS_3_090,FOODS_3,FOODS,CA_3,CA,0,1.25,27,4,21,0,0,0,0.0,0.0,0.0,0.0,0.0,0.0
2011-05-28,d_120,FOODS_3_090_CA_3_validation,FOODS_3_090,FOODS_3,FOODS,CA_3,CA,0,1.25,28,5,21,1,0,0,0.0,0.0,0.0,0.0,0.0,0.0
2011-05-29,d_121,FOODS_3_090_CA_3_validation,FOODS_3_090,FOODS_3,FOODS,CA_3,CA,0,1.25,29,6,21,1,0,0,0.0,0.0,0.0,0.0,0.0,0.0
2011-05-30,d_122,FOODS_3_090_CA_3_validation,FOODS_3_090,FOODS_3,FOODS,CA_3,CA,0,1.25,30,0,22,0,1,0,0.0,0.0,0.0,0.0,0.0,0.0
2011-05-31,d_123,FOODS_3_090_CA_3_validation,FOODS_3_090,FOODS_3,FOODS,CA_3,CA,0,1.25,31,1,22,0,1,0,0.0,0.0,0.0,0.0,0.0,0.0
2011-06-01,d_124,FOODS_3_090_CA_3_validation,FOODS_3_090,FOODS_3,FOODS,CA_3,CA,0,1.25,1,2,22,0,0,1,0.0,0.0,0.0,0.0,0.0,0.0
2011-06-02,d_125,FOODS_3_090_CA_3_validation,FOODS_3_090,FOODS_3,FOODS,CA_3,CA,0,1.25,2,3,22,0,0,1,0.0,0.0,0.0,0.0,0.0,0.0
2011-06-03,d_126,FOODS_3_090_CA_3_validation,FOODS_3_090,FOODS_3,FOODS,CA_3,CA,0,1.25,3,4,22,0,0,1,0.0,0.0,0.0,0.0,0.0,0.0
2011-06-04,d_127,FOODS_3_090_CA_3_validation,FOODS_3_090,FOODS_3,FOODS,CA_3,CA,0,1.25,4,5,22,1,0,1,0.0,0.0,0.0,0.0,0.0,0.0
2011-06-05,d_128,FOODS_3_090_CA_3_validation,FOODS_3_090,FOODS_3,FOODS,CA_3,CA,0,1.25,5,6,22,1,0,1,0.0,0.0,0.0,0.0,0.0,0.0
2011-06-06,d_129,FOODS_3_090_CA_3_validation,FOODS_3_090,FOODS_3,FOODS,CA_3,CA,0,1.25,6,0,23,0,0,1,0.0,0.0,0.0,0.0,0.0,0.0
2011-06-07,d_130,FOODS_3_090_CA_3_validation,FOODS_3_090,FOODS_3,FOODS,CA_3,CA,0,1.25,7,1,23,0,0,1,0.0,0.0,0.0,0.0,0.0,0.0
2011-06-08,d_131,FOODS_3_090_CA_3_validation,FOODS_3_090,FOODS_3,FOODS,CA_3,CA,0,1.25,8,2,23,0,0,1,0.0,0.0,0.0,0.0,0.0,0.0
2011-06-09,d_132,FOODS_3_090_CA_3_validation,FOODS_3_090,FOODS_3,FOODS,CA_3,CA,0,1.25,9,3,23,0,0,1,0.0,0.0,0.0,0.0,0.0,0.0
2011-06-10,d_133,FOODS_3_090_CA_3_validation,FOODS_3_090,FOODS_3,FOODS,CA_3,CA,0,1.25,10,4,23,0,0,1,0.0,0.0,0.0,0.0,0.0,0.0
2011-06-11,d_134,FOODS_3_090_CA_3_validation,FOODS_3_090,FOODS_3,FOODS,CA_3,CA,0,1.25,11,5,23,1,0,0,0.0,0.0,0.0,0.0,0.0,0.0
2011-06-12,d_135,FOODS_3_090_CA_3_validation,FOODS_3_090,FOODS_3,FOODS,CA_3,CA,0,1.25,12,6,23,1,1,0,0.0,0.0,0.0,0.0,0.0,0.0
2011-06-13,d_136,FOODS_3_090_CA_3_validation,FOODS_3_090,FOODS_3,FOODS,CA_3,CA,0,1.25,13,0,24,0,0,0,0.0,0.0,0.0,0.0,0.0,0.0
2011-06-14,d_137,FOODS_3_090_CA_3_validation,FOODS_3_090,FOODS_3,FOODS,CA_3,CA,0,1.25,14,1,24,0,0,0,0.0,0.0,0.0,0.0,0.0,0.0
2011-06-15,d_138,FOODS_3_090_CA_3_validation,FOODS_3_090,FOODS_3,FOODS,CA_3,CA,0,1.25,15,2,24,0,0,0,0.0,0.0,0.0,0.0,0.0,0.0
2011-06-16,d_139,FOODS_3_090_CA_3_validation,FOODS_3_090,FOODS_3,FOODS,CA_3,CA,0,1.25,16,3,24,0,0,0,0.0,0.0,0.0,0.0,0.0,0.0
2011-06-17,d_140,FOODS_3_090_CA_3_validation,FOODS_3_090,FOODS_3,FOODS,CA_3,CA,0,1.25,17,4,24,0,0,0,0.0,0.0,0.0,0.0,0.0,0.0
2011-06-18,d_141,FOODS_3_090_CA_3_validation,FOODS_3_090,FOODS_3,FOODS,CA_3,CA,0,1.25,18,5,24,1,0,0,0.0,0.0,0.0,0.0,0.0,0.0
2011-06-19,d_142,FOODS_3_090_CA_3_validation,FOODS_3_090,FOODS_3,FOODS,CA_3,CA,0,1.25,19,6,24,1,1,0,0.0,0.0,0.0,0.0,0.0,0.0
2011-06-20,d_143,FOODS_3_090_CA_3_validation,FOODS_3_090,FOODS_3,FOODS,CA_3,CA,0,1.25,20,0,25,0,0,0,0.0,0.0,0.0,0.0,0.0,0.0
2011-06-21,d_144,FOODS_3_090_CA_3_validation,FOODS_3_090,FOODS_3,FOODS,CA_3,CA,0,1.25,21,1,25,0,0,0,0.0,0.0,0.0,0.0,0.0,0.0
2011-06-22,d_145,FOODS_3_090_CA_3_validation,FOODS_3_090,FOODS_3,FOODS,CA_3,CA,0,1.25,22,2,25,0,0,0,0.0,0.0,0.0,0.0,0.0,0.0
2011-06-23,d_146,FOODS_3_090_CA_3_validation,FOODS_3_090,FOODS_3,FOODS,CA_3,CA,0,1.25,23,3,25,0,0,0,0.0,0.0,0.0,0.0,0.0,0.0
2011-06-24,d_147,FOODS_3_090_CA_3_validation,FOODS_3_090,FOODS_3,FOODS,CA_3,CA,0,1.25,24,4,25,0,0,0,0.0,0.0,0.0,0.0,0.0,0.0
2011-06-25,d_148,FOODS_3_090_CA_3_validation,FOODS_3_090,FOODS_3,FOODS,CA_3,CA,0,1.25,25,5,25,1,0,0,0.0,0.0,0.0,0.0,0.0,0.0
2011-06-26,d_149,FOODS_3_090_CA_3_validation,FOODS_3_090,FOODS_3,FOODS,CA_3,CA,0,1.25,26,6,25,1,0,0,0.0,0.0,0.0,0.0,0.0,0.0
2011-06-27,d_150,FOODS_3_090_CA_3_validation,FOODS_3_090,FOODS_3,FOODS,CA_3,CA,0,1.25,27,0,26,0,0,0,0.0,0.0,0.0,0.0,0.0,0.0
2011-06-28,d_151,FOODS_3_090_CA_3_validation,FOODS_3_090,FOODS_3,FOODS,CA_3,CA,0,1.25,28,1,26,0,0,0,0.0,0.0,0.0,0.0,0.0,0.0
2011-06-29,d_152,FOODS_3_090_CA_3_validation,FOODS_3_090,FOODS_3,FOODS,CA_3,CA,0,1.25,29,2,26,0,0,0,0.0,0.0,0.0,0.0,0.0,0.0
2011-06-30,d_153,FOODS_3_090_CA_3_validation,FOODS_3_090,FOODS_3,FOODS,CA_3,CA,0,1.25,30,3,26,0,0,0,0.0,0.0,0.0,0.0,0.0,0.0
2011-07-01,d_154,FOODS_3_090_CA_3_validation,FOODS_3_090,FOODS_3,FOODS,CA_3,CA,0,1.25,1,4,26,0,0,1,0.0,0.0,0.0,0.0,0.0,0.0
2011-07-02,d_155,FOODS_3_090_CA_3_validation,FOODS_3_090,FOODS_3,FOODS,CA_3,CA,0,1.25,2,5,26,1,0,1,0.0,0.0,0.0,0.0,0.0,0.0
2011-07-03,d_156,FOODS_3_090_CA_3_validation,FOODS_3_090,FOODS_3,FOODS,CA_3,CA,0,1.25,3,6,26,1,0,1,0.0,0.0,0.0,0.0,0.0,0.0
2011-07-04,d_157,FOODS_3_090_CA_3_validation,FOODS_3_090,FOODS_3,FOODS,CA_3,CA,0,1.25,4,0,27,0,1,1,0.0,0.0,0.0,0.0,0.0,0.0
2011-07-05,d_158,FOODS_3_090_CA_3_validation,FOODS_3_090,FOODS_3,FOODS,CA_3,CA,0,1.25,5,1,27,0,0,1,0.0,0.0,0.0,0.0,0.0,0.0
2011-07-06,d_159,FOODS_3_090_CA_3_validation,FOODS_3_090,FOODS_3,FOODS,CA_3,CA,0,1.25,6,2,27,0,0,1,0.0,0.0,0.0,0.0,0.0,0.0
2011-07-07,d_160,FOODS_3_090_CA_3_validation,FOODS_3_090,FOODS_3,FOODS,CA_3,CA,0,1.25,7,3,27,0,0,1,0.0,0.0,0.0,0.0,0.0,0.0
2011-07-08,d_161,FOODS_3_090_CA_3_validation,FOODS_3_090,FOODS_3,FOODS,CA_3,CA,0,1.25,8,4,27,0,0,1,0.0,0.0,0.0,0.0,0.0,0.0
2011-07-09,d_162,FOODS_3_090_CA_3_validation,FOODS_3_090,FOODS_3,FOODS,CA_3,CA,0,1.25,9,5,27,1,0,1,0.0,0.0,0.0,0.0,0.0,0.0
2011-07-10,d_163,FOODS_3_090_CA_3_validation,FOODS_3_090,FOODS_3,FOODS,CA_3,CA,0,1.25,10,6,27,1,0,1,0.0,0.0,0.0,0.0,0.0,0.0
2011-07-11,d_164,FOODS_3_090_CA_3_validation,FOODS_3_090,FOODS_3,FOODS,CA_3,CA,0,1.25,11,0,28,0,0,0,0.0,0.0,0.0,0.0,0.0,0.0
2011-07-12,d_165,FOODS_3_090_CA_3_validation,FOODS_3_090,FOODS_3,FOODS,CA_3,CA,0,1.25,12,1,28,0,0,0,0.0,0.0,0.0,0.0,0.0,0.0
2011-07-13,d_166,FOODS_3_090_CA_3_validation,FOODS_3_090,FOODS_3,FOODS,CA_3,CA,0,1.25,13,2,28,0,0,0,0.0,0.0,0.0,0.0,0.0,0.0
2011-07-14,d_167,FOODS_3_090_CA_3_validation,FOODS_3_090,FOODS_3,FOODS,CA_3,CA,0,1.25,14,3,28,0,0,0,0.0,0.0,0.0,0.0,0.0,0.0
2011-07-15,d_168,FOODS_3_090_CA_3_validation,FOODS_3_090,FOODS_3,FOODS,CA_3,CA,0,1.25,15,4,28,0,0,0,0.0,0.0,0.0,0.0,0.0,0.0
2011-07-16,d_169,FOODS_3_090_CA_3_validation,FOODS_3_090,FOODS_3,FOODS,CA_3,CA,0,1.25,16,5,28,1,0,0,0.0,0.0,0.0,0.0,0.0,0.0
2011-07-17,d_170,FOODS_3_090_CA_3_validation,FOODS_3_090,FOODS_3,FOODS,CA_3,CA,0,1.25,17,6,28,1,0,0,0.0,0.0,0.0,0.0,0.0,0.0
2011-07-18,d_171,FOODS_3_090_CA_3_validation,FOODS_3_090,FOODS_3,FOODS,CA_3,CA,0,1.25,18,0,29,0,0,0,0.0,0.0,0.0,0.0,0.0,0.0
2011-07-19,d_172,FOODS_3_090_CA_3_validation,FOODS_3_090,FOODS_3,FOODS,CA_3,CA,0,1.25,19,1,29,0,0,0,0.0,0.0,0.0,0.0,0.0,0.0
2011-07-20,d_173,FOODS_3_090_CA_3_validation,FOODS_3_090,FOODS_3,FOODS,CA_3,CA,0,1.25,20,2,29,0,0,0,0.0,0.0,0.0,0.0,0.0,0.0
2011-07-21,d_174,FOODS_3_090_CA_3_validation,FOODS_3_090,FOODS_3,FOODS,CA_3,CA,0,1.25,21,3,29,0,0,0,0.0,0.0,0.0,0.0,0.0,0.0
2011-07-22,d_175,FOODS_3_090_CA_3_validation,FOODS_3_090,FOODS_3,FOODS,CA_3,CA,0,1.25,22,4,29,0,0,0,0.0,0.0,0.0,0.0,0.0,0.0
2011-07-23,d_176,FOODS_3_090_CA_3_validation,FOODS_3_090,FOODS_3,FOODS,CA_3,CA,0,1.25,23,5,29,1,0,0,0.0,0.0,0.0,0.0,0.0,0.0
2011-07-24,d_177,FOODS_3_090_CA_3_validation,FOODS_3_090,FOODS_3,FOODS,CA_3,CA,0,1.25,24,6,29,1,0,0,0.0,0.0,0.0,0.0,0.0,0.0
2011-07-25,d_178,FOODS_3_090_CA_3_validation,FOODS_3_090,FOODS_3,FOODS,CA_3,CA,0,1.25,25,0,30,0,0,0,0.0,0.0,0.0,0.0,0.0,0.0
2011-07-26,d_179,FOODS_3_090_CA_3_validation,FOODS_3_090,FOODS_3,FOODS,CA_3,CA,0,1.25,26,1,30,0,0,0,0.0,0.0,0.0,0.0,0.0,0.0
2011-07-27,d_180,FOODS_3_090_CA_3_validation,FOODS_3_090,FOODS_3,FOODS,CA_3,CA,0,1.25,27,2,30,0,0,0,0.0,0.0,0.0,0.0,0.0,0.0
2011-07-28,d_181,FOODS_3_090_CA_3_validation,FOODS_3_090,FOODS_3,FOODS,CA_3,CA,0,1.25,28,3,30,0,0,0,0.0,0.0,0.0,0.0,0.0,0.0
2011-07-29,d_182,FOODS_3_090_CA_3_validation,FOODS_3_090,FOODS_3,FOODS,CA_3,CA,0,1.25,29,4,30,0,0,0,0.0,0.0,0.0,0.0,0.0,0.0
2011-07-30,d_183,FOODS_3_090_CA_3_validation,FOODS_3_090,FOODS_3,FOODS,CA_3,CA,0,1.25,30,5,30,1,0,0,0.0,0.0,0.0,0.0,0.0,0.0
2011-07-31,d_184,FOODS_3_090_CA_3_validation,FOODS_3_090,FOODS_3,FOODS,CA_3,CA,0,1.25,31,6,30,1,0,0,0.0,0.0,0.0,0.0,0.0,0.0
2011-08-01,d_185,FOODS_3_090_CA_3_validation,FOODS_3_090,FOODS_3,FOODS,CA_3,CA,0,1.25,1,0,31,0,1,1,0.0,0.0,0.0,0.0,0.0,0.0
2011-08-02,d_186,FOODS_3_090_CA_3_validation,FOODS_3_090,FOODS_3,FOODS,CA_3,CA,0,1.25,2,1,31,0,0,1,0.0,0.0,0.0,0.0,0.0,0.0
2011-08-03,d_187,FOODS_3_090_CA_3_validation,FOODS_3_090,FOODS_3,FOODS,CA_3,CA,0,1.25,3,2,31,0,0,1,0.0,0.0,0.0,0.0,0.0,0.0
2011-08-04,d_188,FOODS_3_090_CA_3_validation,FOODS_3_090,FOODS_3,FOODS,CA_3,CA,0,1.25,4,3,31,0,0,1,0.0,0.0,0.0,0.0,0.0,0.0
2011-08-05,d_189,FOODS_3_090_CA_3_validation,FOODS_3_090,FOODS_3,FOODS,CA_3,CA,0,1.25,5,4,31,0,0,1,0.0,0.0,0.0,0.0,0.0,0.0
2011-08-06,d_190,FOODS_3_090_CA_3_validation,FOODS_3_090,FOODS_3,FOODS,CA_3,CA,0,1.25,6,5,31,1,0,1,0.0,0.0,0.0,0.0,0.0,0.0
2011-08-07,d_191,FOODS_3_090_CA_3_validation,FOODS_3_090,FOODS_3,FOODS,CA_3,CA,0,1.25,7,6,31,1,0,1,0.0,0.0,0.0,0.0,0.0,0.0
2011-08-08,d_192,FOODS_3_090_CA_3_validation,FOODS_3_090,FOODS_3,FOODS,CA_3,CA,0,1.25,8,0,32,0,0,1,0.0,0.0,0.0,0.0,0.0,0.0
2011-08-09,d_193,FOODS_3_090_CA_3_validation,FOODS_3_090,FOODS_3,FOODS,CA_3,CA,0,1.25,9,1,32,0,0,1,0.0,0.0,0.0,0.0,0.0,0.0
2011-08-10,d_194,FOODS_3_090_CA_3_validation,FOODS_3_090,FOODS_3,FOODS,CA_3,CA,0,1.25,10,2,32,0,0,1,0.0,0.0,0.0,0.0,0.0,0.0
2011-08-11,d_195,FOODS_3_090_CA_3_validation,FOODS_3_090,FOODS_3,FOODS,CA_3,CA,0,1.25,11,3,32,0,0,0,0.0,0.0,0.0,0.0,0.0,0.0
2011-08-12,d_196,FOODS_3_090_CA_3_validation,FOODS_3_090,FOODS_3,FOODS,CA_3,CA,0,1.25,12,4,32,0,0,0,0.0,0.0,0.0,0.0,0.0,0.0
2011-08-13,d_197,FOODS_3_090_CA_3_validation,FOODS_3_090,FOODS_3,FOODS,CA_3,CA,0,1.25,13,5,32,1,0,0,0.0,0.0,0.0,0.0,0.0,0.0
2011-08-14,d_198,FOODS_3_090_CA_3_validation,FOODS_3_090,FOODS_3,FOODS,CA_3,CA,0,1.25,14,6,32,1,0,0,0.0,0.0,0.0,0.0,0.0,0.0
2011-08-15,d_199,FOODS_3_090_CA_3_validation,FOODS_3_090,FOODS_3,FOODS,CA_3,CA,0,1.25,15,0,33,0,0,0,0.0,0.0,0.0,0.0,0.0,0.0
2011-08-16,d_200,FOODS_3_090_CA_3_validation,FOODS_3_090,FOODS_3,FOODS,CA_3,CA,0,1.25,16,1,33,0,0,0,0.0,0.0,0.0,0.0,0.0,0.0
2011-08-17,d_201,FOODS_3_090_CA_3_validation,FOODS_3_090,FOODS_3,FOODS,CA_3,CA,0,1.25,17,2,33,0,0,0,0.0,0.0,0.0,0.0,0.0,0.0
2011-08-18,d_202,FOODS_3_090_CA_3_validation,FOODS_3_090,FOODS_3,FOODS,CA_3,CA,0,1.25,18,3,33,0,0,0,0.0,0.0,0.0,0.0,0.0,0.0
2011-08-19,d_203,FOODS_3_090_CA_3_validation,FOODS_3_090,FOODS_3,FOODS,CA_3,CA,0,1.25,19,4,33,0,0,0,0.0,0.0,0.0,0.0,0.0,0.0
2011-08-20,d_204,FOODS_3_090_CA_3_validation,FOODS_3_090,FOODS_3,FOODS,CA_3,CA,0,1.25,20,5,33,1,0,0,0.0,0.0,0.0,0.0,0.0,0.0
2011-08-21,d_205,FOODS_3_090_CA_3_validation,FOODS_3_090,FOODS_3,FOODS,CA_3,CA,0,1.25,21,6,33,1,0,0,0.0,0.0,0.0,0.0,0.0,0.0
2011-08-22,d_206,FOODS_3_090_CA_3_validation,FOODS_3_090,FOODS_3,FOODS,CA_3,CA,0,1.25,22,0,34,0,0,0,0.0,0.0,0.0,0.0,0.0,0.0
2011-08-23,d_207,FOODS_3_090_CA_3_validation,FOODS_3_090,FOODS_3,FOODS,CA_3,CA,0,1.25,23,1,34,0,0,0,0.0,0.0,0.0,0.0,0.0,0.0
2011-08-24,d_208,FOODS_3_090_CA_3_validation,FOODS_3_090,FOODS_3,FOODS,CA_3,CA,0,1.25,24,2,34,0,0,0,0.0,0.0,0.0,0.0,0.0,0.0
2011-08-25,d_209,FOODS_3_090_CA_3_validation,FOODS_3_090,FOODS_3,FOODS,CA_3,CA,0,1.25,25,3,34,0,0,0,0.0,0.0,0.0,0.0,0.0,0.0
2011-08-26,d_210,FOODS_3_090_CA_3_validation,FOODS_3_090,FOODS_3,FOODS,CA_3,CA,0,1.25,26,4,34,0,0,0,0.0,0.0,0.0,0.0,0.0,0.0
2011-08-27,d_211,FOODS_3_090_CA_3_validation,FOODS_3_090,FOODS_3,FOODS,CA_3,CA,0,1.25,27,5,34,1,0,0,0.0,0.0,0.0,0.0,0.0,0.0
2011-08-28,d_212,FOODS_3_090_CA_3_validation,FOODS_3_090,FOODS_3,FOODS,CA_3,CA,0,1.25,28,6,34,1,0,0,0.0,0.0,0.0,0.0,0.0,0.0
2011-08-29,d_213,FOODS_3_090_CA_3_validation,FOODS_3_090,FOODS_3,FOODS,CA_3,CA,0,1.25,29,0,35,0,0,0,0.0,0.0,0.0,0.0,0.0,0.0
2011-08-30,d_214,FOODS_3_090_CA_3_validation,FOODS_3_090,FOODS_3,FOODS,CA_3,CA,0,1.25,30,1,35,0,0,0,0.0,0.0,0.0,0.0,0.0,0.0
2011-08-31,d_215,FOODS_3_090_CA_3_validation,FOODS_3_090,FOODS_3,FOODS,CA_3,CA,0,1.25,31,2,35,0,1,0,0.0,0.0,0.0,0.0,0.0,0.0
2011-09-01,d_216,FOODS_3_090_CA_3_validation,FOODS_3_090,FOODS_3,FOODS,CA_3,CA,0,1.25,1,3,35,0,0,1,0.0,0.0,0.0,0.0,0.0,0.0
2011-09-02,d_217,FOODS_3_090_CA_3_validation,FOODS_3_090,FOODS_3,FOODS,CA_3,CA,0,1.25,2,4,35,0,0,1,0.0,0.0,0.0,0.0,0.0,0.0
2011-09-03,d_218,FOODS_3_090_CA_3_validation,FOODS_3_090,FOODS_3,FOODS,CA_3,CA,0,1.25,3,5,35,1,0,1,0.0,0.0,0.0,0.0,0.0,0.0
2011-09-04,d_219,FOODS_3_090_CA_3_validation,FOODS_3_090,FOODS_3,FOODS,CA_3,CA,0,1.25,4,6,35,1,0,1,0.0,0.0,0.0,0.0,0.0,0.0
2011-09-05,d_220,FOODS_3_090_CA_3_validation,FOODS_3_090,FOODS_3,FOODS,CA_3,CA,0,1.25,5,0,36,0,1,1,0.0,0.0,0.0,0.0,0.0,0.0
2011-09-06,d_221,FOODS_3_090_CA_3_validation,FOODS_3_090,FOODS_3,FOODS,CA_3,CA,0,1.25,6,1,36,0,0,1,0.0,0.0,0.0,0.0,0.0,0.0
2011-09-07,d_222,FOODS_3_090_CA_3_validation,FOODS_3_090,FOODS_3,FOODS,CA_3,CA,0,1.25,7,2,36,0,0,1,0.0,0.0,0.0,0.0,0.0,0.0
2011-09-08,d_223,FOODS_3_090_CA_3_validation,FOODS_3_090,FOODS_3,FOODS,CA_3,CA,0,1.25,8,3,36,0,0,1,0.0,0.0,0.0,0.0,0.0,0.0
2011-09-09,d_224,FOODS_3_090_CA_3_validation,FOODS_3_090,FOODS_3,FOODS,CA_3,CA,0,1.25,9,4,36,0,0,1,0.0,0.0,0.0,0.0,0.0,0.0
2011-09-10,d_225,FOODS_3_090_CA_3_validation,FOODS_3_090,FOODS_3,FOODS,CA_3,CA,0,1.25,10,5,36,1,0,1,0.0,0.0,0.0,0.0,0.0,0.0
2011-09-11,d_226,FOODS_3_090_CA_3_validation,FOODS_3_090,FOODS_3,FOODS,CA_3,CA,0,1.25,11,6,36,1,0,0,0.0,0.0,0.0,0.0,0.0,0.0
2011-09-12,d_227,FOODS_3_090_CA_3_validation,FOODS_3_090,FOODS_3,FOODS,CA_3,CA,0,1.25,12,0,37,0,0,0,0.0,0.0,0.0,0.0,0.0,0.0
2011-09-13,d_228,FOODS_3_090_CA_3_validation,FOODS_3_090,FOODS_3,FOODS,CA_3,CA,0,1.25,13,1,37,0,0,0,0.0,0.0,0.0,0.0,0.0,0.0
2011-09-14,d_229,FOODS_3_090_CA_3_validation,FOODS_3_090,FOODS_3,FOODS,CA_3,CA,0,1.25,14,2,37,0,0,0,0.0,0.0,0.0,0.0,0.0,0.0
2011-09-15,d_230,FOODS_3_090_CA_3_validation,FOODS_3_090,FOODS_3,FOODS,CA_3,CA,0,1.25,15,3,37,0,0,0,0.0,0.0,0.0,0.0,0.0,0.0
2011-09-16,d_231,FOODS_3_090_CA_3_validation,FOODS_3_090,FOODS_3,FOODS,CA_3,CA,0,1.25,16,4,37,0,0,0,0.0,0.0,0.0,0.0,0.0,0.0
2011-09-17,d_232,FOODS_3_090_CA_3_validation,FOODS_3_090,FOODS_3,FOODS,CA_3,CA,0,1.25,17,5,37,1,0,0,0.0,0.0,0.0,0.0,0.0,0.0
2011-09-18,d_233,FOODS_3_090_CA_3_validation,FOODS_3_090,FOODS_3,FOODS,CA_3,CA,0,1.25,18,6,37,1,0,0,0.0,0.0,0.0,0.0,0.0,0.0
2011-09-19,d_234,FOODS_3_090_CA_3_validation,FOODS_3_090,FOODS_3,FOODS,CA_3,CA,0,1.25,19,0,38,0,0,0,0.0,0.0,0.0,0.0,0.0,0.0
2011-09-20,d_235,FOODS_3_090_CA_3_validation,FOODS_3_090,FOODS_3,FOODS,CA_3,CA,0,1.25,20,1,38,0,0,0,0.0,0.0,0.0,0.0,0.0,0.0
2011-09-21,d_236,FOODS_3_090_CA_3_validation,FOODS_3_090,FOODS_3,FOODS,CA_3,CA,0,1.25,21,2,38,0,0,0,0.0,0.0,0.0,0.0,0.0,0.0
2011-09-22,d_237,FOODS_3_090_CA_3_validation,FOODS_3_090,FOODS_3,FOODS,CA_3,CA,0,1.25,22,3,38,0,0,0,0.0,0.0,0.0,0.0,0.0,0.0
2011-09-23,d_238,FOODS_3_090_CA_3_validation,FOODS_3_090,FOODS_3,FOODS,CA_3,CA,0,1.25,23,4,38,0,0,0,0.0,0.0,0.0,0.0,0.0,0.0
2011-09-24,d_239,FOODS_3_090_CA_3_validation,FOODS_3_090,FOODS_3,FOODS,CA_3,CA,0,1.28,24,5,38,1,0,0,0.02400000000000002,0.0,0.0,0.0,0.0,0.0
2011-09-25,d_240,FOODS_3_090_CA_3_validation,FOODS_3_090,FOODS_3,FOODS,CA_3,CA,420,1.28,25,6,38,1,0,0,0.0,0.0,0.0,0.0,0.0,0.0
2011-09-26,d_241,FOODS_3_090_CA_3_validation,FOODS_3_090,FOODS_3,FOODS,CA_3,CA,280,1.28,26,0,39,0,0,0,0.0,0.0,0.0,0.0,0.0,0.0
2011-09-27,d_242,FOODS_3_090_CA_3_validation,FOODS_3_090,FOODS_3,FOODS,CA_3,CA,273,1.28,27,1,39,0,0,0,0.0,0.0,0.0,0.0,0.0,0.0
2011-09-28,d_243,FOODS_3_090_CA_3_validation,FOODS_3_090,FOODS_3,FOODS,CA_3,CA,254,1.28,28,2,39,0,0,0,0.0,0.0,0.0,0.0,0.0,0.0
2011-09-29,d_244,FOODS_3_090_CA_3_validation,FOODS_3_090,FOODS_3,FOODS,CA_3,CA,240,1.28,29,3,39,0,0,0,0.0,0.0,0.0,0.0,0.0,0.0
2011-09-30,d_245,FOODS_3_090_CA_3_validation,FOODS_3_090,FOODS_3,FOODS,CA_3,CA,336,1.28,30,4,39,0,0,0,0.0,0.0,0.0,0.0,0.0,0.0
2011-10-01,d_246,FOODS_3_090_CA_3_validation,FOODS_3_090,FOODS_3,FOODS,CA_3,CA,478,1.28,1,5,39,1,0,1,0.0,0.0,0.0,0.0,0.0,0.0
2011-10-02,d_247,FOODS_3_090_CA_3_validation,FOODS_3_090,FOODS_3,FOODS,CA_3,CA,359,1.28,2,6,39,1,0,1,0.0,0.0,0.0,0.0,0.0,0.0
2011-10-03,d_248,FOODS_3_090_CA_3_validation,FOODS_3_090,FOODS_3,FOODS,CA_3,CA,234,1.28,3,0,40,0,0,1,0.0,0.0,0.0,0.0,0.0,0.0
2011-10-04,d_249,FOODS_3_090_CA_3_validation,FOODS_3_090,FOODS_3,FOODS,CA_3,CA,180,1.28,4,1,40,0,0,1,0.0,0.0,0.0,0.0,0.0,0.0
2011-10-05,d_250,FOODS_3_090_CA_3_validation,FOODS_3_090,FOODS_3,FOODS,CA_3,CA,170,1.28,5,2,40,0,0,1,0.0,0.0,0.0,0.0,0.0,0.0
2011-10-06,d_251,FOODS_3_090_CA_3_validation,FOODS_3_090,FOODS_3,FOODS,CA_3,CA,249,1.28,6,3,40,0,0,1,0.0,0.0,0.0,0.0,0.0,0.0
2011-10-07,d_252,FOODS_3_090_CA_3_validation,FOODS_3_090,FOODS_3,FOODS,CA_3,CA,254,1.28,7,4,40,0,0,1,0.0,0.0,0.0,0.0,0.0,0.0
2011-10-08,d_253,FOODS_3_090_CA_3_validation,FOODS_3_090,FOODS_3,FOODS,CA_3,CA,460,1.28,8,5,40,1,0,1,0.0,0.0,0.0,0.0,0.0,0.0
2011-10-09,d_254,FOODS_3_090_CA_3_validation,FOODS_3_090,FOODS_3,FOODS,CA_3,CA,170,1.28,9,6,40,1,0,1,0.0,0.0,0.0,0.0,0.0,0.0
2011-10-10,d_255,FOODS_3_090_CA_3_validation,FOODS_3_090,FOODS_3,FOODS,CA_3,CA,229,1.28,10,0,41,0,1,1,0.0,0.0,0.0,0.0,0.0,0.0
2011-10-11,d_256,FOODS_3_090_CA_3_validation,FOODS_3_090,FOODS_3,FOODS,CA_3,CA,225,1.28,11,1,41,0,0,0,0.0,0.0,0.0,0.0,0.0,0.0
2011-10-12,d_257,FOODS_3_090_CA_3_validation,FOODS_3_090,FOODS_3,FOODS,CA_3,CA,152,1.28,12,2,41,0,0,0,0.0,0.0,0.0,0.0,0.0,0.0
2011-10-13,d_258,FOODS_3_090_CA_3_validation,FOODS_3_090,FOODS_3,FOODS,CA_3,CA,248,1.28,13,3,41,0,0,0,0.0,0.0,0.0,0.0,0.0,0.0
2011-10-14,d_259,FOODS_3_090_CA_3_validation,FOODS_3_090,FOODS_3,FOODS,CA_3,CA,245,1.28,14,4,41,0,0,0,0.0,0.0,0.0,0.0,0.0,0.0
2011-10-15,d_260,FOODS_3_090_CA_3_validation,FOODS_3_090,FOODS_3,FOODS,CA_3,CA,303,1.28,15,5,41,1,0,0,0.0,0.0,0.0,0.0,0.0,0.0
2011-10-16,d_261,FOODS_3_090_CA_3_validation,FOODS_3_090,FOODS_3,FOODS,CA_3,CA,336,1.28,16,6,41,1,0,0,0.0,0.0,0.0,0.0,0.0,0.0
2011-10-17,d_262,FOODS_3_090_CA_3_validation,FOODS_3_090,FOODS_3,FOODS,CA_3,CA,206,1.28,17,0,42,0,0,0,0.0,0.0,0.0,0.0,0.0,0.0
2011-10-18,d_263,FOODS_3_090_CA_3_validation,FOODS_3_090,FOODS_3,FOODS,CA_3,CA,266,1.28,18,1,42,0,0,0,0.0,0.0,0.0,0.0,0.0,0.0
2011-10-19,d_264,FOODS_3_090_CA_3_validation,FOODS_3_090,FOODS_3,FOODS,CA_3,CA,219,1.28,19,2,42,0,0,0,0.0,0.0,0.0,0.0,0.0,0.0
2011-10-20,d_265,FOODS_3_090_CA_3_validation,FOODS_3_090,FOODS_3,FOODS,CA_3,CA,249,1.28,20,3,42,0,0,0,0.0,0.0,0.0,0.0,0.0,0.0
2011-10-21,d_266,FOODS_3_090_CA_3_validation,FOODS_3_090,FOODS_3,FOODS,CA_3,CA,267,1.28,21,4,42,0,0,0,0.0,0.0,0.0,0.0,0.0,0.0
2011-10-22,d_267,FOODS_3_090_CA_3_validation,FOODS_3_090,FOODS_3,FOODS,CA_3,CA,371,1.28,22,5,42,1,0,0,0.0,0.0,0.0,0.0,0.0,0.0
2011-10-23,d_268,FOODS_3_090_CA_3_validation,FOODS_3_090,FOODS_3,FOODS,CA_3,CA,263,1.28,23,6,42,1,0,0,0.0,420.0,0.0,0.0,60.0,15.0
2011-10-24,d_269,FOODS_3_090_CA_3_validation,FOODS_3_090,FOODS_3,FOODS,CA_3,CA,189,1.28,24,0,43,0,0,0,0.0,280.0,0.0,0.0,100.0,25.0
2011-10-25,d_270,FOODS_3_090_CA_3_validation,FOODS_3_090,FOODS_3,FOODS,CA_3,CA,218,1.28,25,1,43,0,0,0,0.0,273.0,0.0,0.0,139.0,34.75
2011-10-26,d_271,FOODS_3_090_CA_3_validation,FOODS_3_090,FOODS_3,FOODS,CA_3,CA,163,1.28,26,2,43,0,0,0,0.0,254.0,0.0,0.0,175.28571428571428,43.82142857142857
2011-10-27,d_272,FOODS_3_090_CA_3_validation,FOODS_3_090,FOODS_3,FOODS,CA_3,CA,212,1.28,27,3,43,0,0,0,0.0,240.0,0.0,0.0,209.57142857142858,52.392857142857146
2011-10-28,d_273,FOODS_3_090_CA_3_validation,FOODS_3_090,FOODS_3,FOODS,CA_3,CA,250,1.28,28,4,43,0,0,0,0.0,336.0,0.0,0.0,257.57142857142856,64.39285714285714
2011-10-29,d_274,FOODS_3_090_CA_3_validation,FOODS_3_090,FOODS_3,FOODS,CA_3,CA,302,1.28,29,5,43,1,0,0,0.0,478.0,0.0,0.0,325.85714285714283,81.46428571428571
2011-10-30,d_275,FOODS_3_090_CA_3_validation,FOODS_3_090,FOODS_3,FOODS,CA_3,CA,299,1.28,30,6,43,1,0,0,0.0,359.0,0.0,0.0,317.14285714285717,94.28571428571429
2011-10-31,d_276,FOODS_3_090_CA_3_validation,FOODS_3_090,FOODS_3,FOODS,CA_3,CA,187,1.28,31,0,44,0,1,0,0.0,234.0,0.0,0.0,310.57142857142856,102.64285714285714
2011-11-01,d_277,FOODS_3_090_CA_3_validation,FOODS_3_090,FOODS_3,FOODS,CA_3,CA,187,1.28,1,1,44,0,0,1,0.0,180.0,0.0,0.0,297.2857142857143,109.07142857142857
2011-11-02,d_278,FOODS_3_090_CA_3_validation,FOODS_3_090,FOODS_3,FOODS,CA_3,CA,168,1.28,2,2,44,0,0,1,0.0,170.0,0.0,0.0,285.2857142857143,115.14285714285714
2011-11-03,d_279,FOODS_3_090_CA_3_validation,FOODS_3_090,FOODS_3,FOODS,CA_3,CA,289,1.28,3,3,44,0,0,1,0.0,249.0,0.0,0.0,286.57142857142856,124.03571428571429
2011-11-04,d_280,FOODS_3_090_CA_3_validation,FOODS_3_090,FOODS_3,FOODS,CA_3,CA,188,1.28,4,4,44,0,0,1,0.0,254.0,0.0,0.0,274.85714285714283,133.10714285714286
2011-11-05,d_281,FOODS_3_090_CA_3_validation,FOODS_3_090,FOODS_3,FOODS,CA_3,CA,329,1.28,5,5,44,1,0,1,0.0,460.0,0.0,0.0,272.2857142857143,149.53571428571428
2011-11-06,d_282,FOODS_3_090_CA_3_validation,FOODS_3_090,FOODS_3,FOODS,CA_3,CA,224,1.28,6,6,44,1,0,1,0.0,170.0,0.0,0.0,245.28571428571428,155.60714285714286
2011-11-07,d_283,FOODS_3_090_CA_3_validation,FOODS_3_090,FOODS_3,FOODS,CA_3,CA,183,1.28,7,0,45,0,1,1,0.0,229.0,0.0,0.0,244.57142857142858,163.78571428571428
2011-11-08,d_284,FOODS_3_090_CA_3_validation,FOODS_3_090,FOODS_3,FOODS,CA_3,CA,175,1.28,8,1,45,0,0,1,0.0,225.0,0.0,0.0,251.0,171.82142857142858
2011-11-09,d_285,FOODS_3_090_CA_3_validation,FOODS_3_090,FOODS_3,FOODS,CA_3,CA,161,1.28,9,2,45,0,0,1,0.0,152.0,0.0,0.0,248.42857142857142,177.25
2011-11-10,d_286,FOODS_3_090_CA_3_validation,FOODS_3_090,FOODS_3,FOODS,CA_3,CA,210,1.28,10,3,45,0,0,1,0.0,248.0,0.0,0.0,248.28571428571428,186.10714285714286
2011-11-11,d_287,FOODS_3_090_CA_3_validation,FOODS_3_090,FOODS_3,FOODS,CA_3,CA,324,1.28,11,4,45,0,1,0,0.0,245.0,0.0,0.0,247.0,194.85714285714286
2011-11-12,d_288,FOODS_3_090_CA_3_validation,FOODS_3_090,FOODS_3,FOODS,CA_3,CA,413,1.28,12,5,45,1,0,0,0.0,303.0,0.0,0.0,224.57142857142858,205.67857142857142
2011-11-13,d_289,FOODS_3_090_CA_3_validation,FOODS_3_090,FOODS_3,FOODS,CA_3,CA,347,1.28,13,6,45,1,0,0,0.0,336.0,0.0,0.0,248.28571428571428,217.67857142857142
2011-11-14,d_290,FOODS_3_090_CA_3_validation,FOODS_3_090,FOODS_3,FOODS,CA_3,CA,280,1.28,14,0,46,0,0,0,0.0,206.0,0.0,0.0,245.0,225.03571428571428
2011-11-15,d_291,FOODS_3_090_CA_3_validation,FOODS_3_090,FOODS_3,FOODS,CA_3,CA,186,1.28,15,1,46,0,0,0,0.0,266.0,0.0,0.0,250.85714285714286,234.53571428571428
2011-11-16,d_292,FOODS_3_090_CA_3_validation,FOODS_3_090,FOODS_3,FOODS,CA_3,CA,144,1.28,16,2,46,0,0,0,0.0,219.0,0.0,0.0,260.42857142857144,242.35714285714286
2011-11-17,d_293,FOODS_3_090_CA_3_validation,FOODS_3_090,FOODS_3,FOODS,CA_3,CA,229,1.28,17,3,46,0,0,0,0.0,249.0,0.0,0.0,260.57142857142856,251.25
2011-11-18,d_294,FOODS_3_090_CA_3_validation,FOODS_3_090,FOODS_3,FOODS,CA_3,CA,377,1.28,18,4,46,0,0,0,0.0,267.0,0.0,0.0,263.7142857142857,260.7857142857143
2011-11-19,d_295,FOODS_3_090_CA_3_validation,FOODS_3_090,FOODS_3,FOODS,CA_3,CA,495,1.28,19,5,46,1,0,0,0.0,371.0,0.0,0.0,273.42857142857144,274.0357142857143
2011-11-20,d_296,FOODS_3_090_CA_3_validation,FOODS_3_090,FOODS_3,FOODS,CA_3,CA,132,1.28,20,6,46,1,0,0,0.0,263.0,420.0,0.0,263.0,268.42857142857144
2011-11-21,d_297,FOODS_3_090_CA_3_validation,FOODS_3_090,FOODS_3,FOODS,CA_3,CA,248,1.28,21,0,47,0,0,0,0.0,189.0,280.0,0.0,260.57142857142856,265.17857142857144
2011-11-22,d_298,FOODS_3_090_CA_3_validation,FOODS_3_090,FOODS_3,FOODS,CA_3,CA,315,1.28,22,1,47,0,0,0,0.0,218.0,273.0,0.0,253.71428571428572,263.2142857142857
2011-11-23,d_299,FOODS_3_090_CA_3_validation,FOODS_3_090,FOODS_3,FOODS,CA_3,CA,561,1.28,23,2,47,0,0,0,0.0,163.0,254.0,0.0,245.71428571428572,259.9642857142857
2011-11-24,d_300,FOODS_3_090_CA_3_validation,FOODS_3_090,FOODS_3,FOODS,CA_3,CA,166,1.28,24,3,47,0,1,0,0.0,212.0,240.0,0.0,240.42857142857142,258.9642857142857
2011-11-25,d_301,FOODS_3_090_CA_3_validation,FOODS_3_090,FOODS_3,FOODS,CA_3,CA,134,1.28,25,4,47,0,0,0,0.0,250.0,336.0,0.0,238.0,255.89285714285714
2011-11-26,d_302,FOODS_3_090_CA_3_validation,FOODS_3_090,FOODS_3,FOODS,CA_3,CA,204,1.28,26,5,47,1,0,0,0.0,302.0,478.0,0.0,228.14285714285714,249.60714285714286
2011-11-27,d_303,FOODS_3_090_CA_3_validation,FOODS_3_090,FOODS_3,FOODS,CA_3,CA,237,1.28,27,6,47,1,0,0,0.0,299.0,359.0,0.0,233.28571428571428,247.46428571428572
2011-11-28,d_304,FOODS_3_090_CA_3_validation,FOODS_3_090,FOODS_3,FOODS,CA_3,CA,124,1.28,28,0,48,0,0,0,0.0,187.0,234.0,0.0,233.0,245.78571428571428
2011-11-29,d_305,FOODS_3_090_CA_3_validation,FOODS_3_090,FOODS_3,FOODS,CA_3,CA,163,1.28,29,1,48,0,0,0,0.0,187.0,180.0,0.0,228.57142857142858,246.03571428571428
2011-11-30,d_306,FOODS_3_090_CA_3_validation,FOODS_3_090,FOODS_3,FOODS,CA_3,CA,185,1.28,30,2,48,0,0,0,0.0,168.0,170.0,0.0,229.28571428571428,245.96428571428572
2011-12-01,d_307,FOODS_3_090_CA_3_validation,FOODS_3_090,FOODS_3,FOODS,CA_3,CA,246,1.28,1,3,48,0,0,1,0.0,289.0,249.0,0.0,240.28571428571428,247.39285714285714
2011-12-02,d_308,FOODS_3_090_CA_3_validation,FOODS_3_090,FOODS_3,FOODS,CA_3,CA,214,1.28,2,4,48,0,0,1,0.0,188.0,254.0,0.0,231.42857142857142,245.03571428571428
2011-12-03,d_309,FOODS_3_090_CA_3_validation,FOODS_3_090,FOODS_3,FOODS,CA_3,CA,282,1.28,3,5,48,1,0,1,0.0,329.0,460.0,0.0,235.28571428571428,240.35714285714286
2011-12-04,d_310,FOODS_3_090_CA_3_validation,FOODS_3_090,FOODS_3,FOODS,CA_3,CA,377,1.28,4,6,48,1,0,1,0.0,224.0,170.0,0.0,224.57142857142858,242.28571428571428
2011-12-05,d_311,FOODS_3_090_CA_3_validation,FOODS_3_090,FOODS_3,FOODS,CA_3,CA,343,1.28,5,0,49,0,0,1,0.0,183.0,229.0,0.0,224.0,240.64285714285714
2011-12-06,d_312,FOODS_3_090_CA_3_validation,FOODS_3_090,FOODS_3,FOODS,CA_3,CA,261,1.28,6,1,49,0,0,1,0.0,175.0,225.0,0.0,222.28571428571428,238.85714285714286
2011-12-07,d_313,FOODS_3_090_CA_3_validation,FOODS_3_090,FOODS_3,FOODS,CA_3,CA,230,1.28,7,2,49,0,0,1,0.0,161.0,152.0,0.0,221.28571428571428,239.17857142857142
2011-12-08,d_314,FOODS_3_090_CA_3_validation,FOODS_3_090,FOODS_3,FOODS,CA_3,CA,206,1.28,8,3,49,0,0,1,0.0,210.0,248.0,0.0,210.0,237.82142857142858
2011-12-09,d_315,FOODS_3_090_CA_3_validation,FOODS_3_090,FOODS_3,FOODS,CA_3,CA,304,1.28,9,4,49,0,0,1,0.0,324.0,245.0,0.0,229.42857142857142,240.64285714285714
2011-12-10,d_316,FOODS_3_090_CA_3_validation,FOODS_3_090,FOODS_3,FOODS,CA_3,CA,382,1.28,10,5,49,1,0,1,0.0,413.0,303.0,0.0,241.42857142857142,244.57142857142858
2011-12-11,d_317,FOODS_3_090_CA_3_validation,FOODS_3_090,FOODS_3,FOODS,CA_3,CA,286,1.28,11,6,49,1,0,0,0.0,347.0,336.0,0.0,259.0,244.96428571428572
2011-12-12,d_318,FOODS_3_090_CA_3_validation,FOODS_3_090,FOODS_3,FOODS,CA_3,CA,246,1.28,12,0,50,0,0,0,0.0,280.0,206.0,0.0,272.85714285714283,247.60714285714286
2011-12-13,d_319,FOODS_3_090_CA_3_validation,FOODS_3_090,FOODS_3,FOODS,CA_3,CA,260,1.28,13,1,50,0,0,0,0.0,186.0,266.0,0.0,274.42857142857144,244.75
2011-12-14,d_320,FOODS_3_090_CA_3_validation,FOODS_3_090,FOODS_3,FOODS,CA_3,CA,199,1.28,14,2,50,0,0,0,0.0,144.0,219.0,0.0,272.0,242.07142857142858
2011-12-15,d_321,FOODS_3_090_CA_3_validation,FOODS_3_090,FOODS_3,FOODS,CA_3,CA,304,1.28,15,3,50,0,0,0,0.0,229.0,249.0,0.0,274.7142857142857,241.35714285714286
2011-12-16,d_322,FOODS_3_090_CA_3_validation,FOODS_3_090,FOODS_3,FOODS,CA_3,CA,377,1.28,16,4,50,0,0,0,0.0,377.0,267.0,0.0,282.2857142857143,245.28571428571428
2011-12-17,d_323,FOODS_3_090_CA_3_validation,FOODS_3_090,FOODS_3,FOODS,CA_3,CA,341,1.28,17,5,50,1,0,0,0.0,495.0,371.0,0.0,294.0,249.71428571428572
2011-12-18,d_324,FOODS_3_090_CA_3_validation,FOODS_3_090,FOODS_3,FOODS,CA_3,CA,289,1.28,18,6,50,1,0,0,0.0,132.0,263.0,420.0,263.2857142857143,245.03571428571428
2011-12-19,d_325,FOODS_3_090_CA_3_validation,FOODS_3_090,FOODS_3,FOODS,CA_3,CA,307,1.28,19,0,51,0,0,0,0.0,248.0,189.0,280.0,258.7142857142857,247.14285714285714
2011-12-20,d_326,FOODS_3_090_CA_3_validation,FOODS_3_090,FOODS_3,FOODS,CA_3,CA,300,1.28,20,1,51,0,0,0,0.0,315.0,218.0,273.0,277.14285714285717,250.60714285714286
2011-12-21,d_327,FOODS_3_090_CA_3_validation,FOODS_3_090,FOODS_3,FOODS,CA_3,CA,264,1.28,21,2,51,0,0,0,0.0,561.0,163.0,254.0,336.7142857142857,264.82142857142856
2011-12-22,d_328,FOODS_3_090_CA_3_validation,FOODS_3_090,FOODS_3,FOODS,CA_3,CA,289,1.28,22,3,51,0,0,0,0.0,166.0,212.0,240.0,327.7142857142857,263.17857142857144
2011-12-23,d_329,FOODS_3_090_CA_3_validation,FOODS_3_090,FOODS_3,FOODS,CA_3,CA,633,1.28,23,4,51,0,0,0,0.0,134.0,250.0,336.0,293.0,259.0357142857143
2011-12-24,d_330,FOODS_3_090_CA_3_validation,FOODS_3_090,FOODS_3,FOODS,CA_3,CA,619,1.28,24,5,51,1,0,0,0.0,204.0,302.0,478.0,251.42857142857142,255.53571428571428
2011-12-25,d_331,FOODS_3_090_CA_3_validation,FOODS_3_090,FOODS_3,FOODS,CA_3,CA,0,1.28,25,6,51,1,1,0,0.0,237.0,299.0,359.0,266.42857142857144,253.32142857142858
2011-12-26,d_332,FOODS_3_090_CA_3_validation,FOODS_3_090,FOODS_3,FOODS,CA_3,CA,233,1.28,26,0,52,0,0,0,0.0,124.0,187.0,234.0,248.71428571428572,251.07142857142858
2011-12-27,d_333,FOODS_3_090_CA_3_validation,FOODS_3_090,FOODS_3,FOODS,CA_3,CA,181,1.28,27,1,52,0,0,0,0.0,163.0,187.0,180.0,227.0,250.21428571428572
2011-12-28,d_334,FOODS_3_090_CA_3_validation,FOODS_3_090,FOODS_3,FOODS,CA_3,CA,352,1.28,28,2,52,0,1,0,0.0,185.0,168.0,170.0,173.28571428571428,250.82142857142858
2011-12-29,d_335,FOODS_3_090_CA_3_validation,FOODS_3_090,FOODS_3,FOODS,CA_3,CA,278,1.28,29,3,52,0,0,0,0.0,246.0,289.0,249.0,184.71428571428572,249.28571428571428
2011-12-30,d_336,FOODS_3_090_CA_3_validation,FOODS_3_090,FOODS_3,FOODS,CA_3,CA,585,1.28,30,4,52,0,0,0,0.0,214.0,188.0,254.0,196.14285714285714,250.21428571428572
2011-12-31,d_337,FOODS_3_090_CA_3_validation,FOODS_3_090,FOODS_3,FOODS,CA_3,CA,693,1.28,31,5,52,1,0,0,0.0,282.0,329.0,460.0,207.28571428571428,248.53571428571428
2012-01-01,d_338,FOODS_3_090_CA_3_validation,FOODS_3_090,FOODS_3,FOODS,CA_3,CA,246,1.28,1,6,52,1,1,1,0.0,377.0,224.0,170.0,227.28571428571428,254.0
2012-01-02,d_339,FOODS_3_090_CA_3_validation,FOODS_3_090,FOODS_3,FOODS,CA_3,CA,359,1.28,2,0,1,0,0,1,0.0,343.0,183.0,229.0,258.57142857142856,259.7142857142857
2012-01-03,d_340,FOODS_3_090_CA_3_validation,FOODS_3_090,FOODS_3,FOODS,CA_3,CA,194,1.28,3,1,1,0,0,1,0.0,261.0,175.0,225.0,272.57142857142856,262.7857142857143
2012-01-04,d_341,FOODS_3_090_CA_3_validation,FOODS_3_090,FOODS_3,FOODS,CA_3,CA,169,1.28,4,2,1,0,0,1,0.0,230.0,161.0,152.0,279.0,265.25
2012-01-05,d_342,FOODS_3_090_CA_3_validation,FOODS_3_090,FOODS_3,FOODS,CA_3,CA,220,1.28,5,3,1,0,0,1,0.0,206.0,210.0,248.0,273.2857142857143,265.10714285714283
2012-01-06,d_343,FOODS_3_090_CA_3_validation,FOODS_3_090,FOODS_3,FOODS,CA_3,CA,194,1.28,6,4,1,0,0,1,0.0,304.0,324.0,245.0,286.14285714285717,264.39285714285717
2012-01-07,d_344,FOODS_3_090_CA_3_validation,FOODS_3_090,FOODS_3,FOODS,CA_3,CA,301,1.28,7,5,1,1,1,1,0.0,382.0,413.0,303.0,300.42857142857144,263.2857142857143
2012-01-08,d_345,FOODS_3_090_CA_3_validation,FOODS_3_090,FOODS_3,FOODS,CA_3,CA,315,1.28,8,6,1,1,0,1,0.0,286.0,347.0,336.0,287.42857142857144,261.10714285714283
2012-01-09,d_346,FOODS_3_090_CA_3_validation,FOODS_3_090,FOODS_3,FOODS,CA_3,CA,196,1.28,9,0,2,0,0,1,0.0,246.0,280.0,206.0,273.57142857142856,259.89285714285717
2012-01-10,d_347,FOODS_3_090_CA_3_validation,FOODS_3_090,FOODS_3,FOODS,CA_3,CA,177,1.28,10,1,2,0,0,1,0.0,260.0,186.0,266.0,273.42857142857144,262.5357142857143
2012-01-11,d_348,FOODS_3_090_CA_3_validation,FOODS_3_090,FOODS_3,FOODS,CA_3,CA,151,1.28,11,2,2,0,0,0,0.0,199.0,144.0,219.0,269.0,264.5
2012-01-12,d_349,FOODS_3_090_CA_3_validation,FOODS_3_090,FOODS_3,FOODS,CA_3,CA,169,1.28,12,3,2,0,0,0,0.0,304.0,229.0,249.0,283.0,267.17857142857144
2012-01-13,d_350,FOODS_3_090_CA_3_validation,FOODS_3_090,FOODS_3,FOODS,CA_3,CA,247,1.28,13,4,2,0,0,0,0.0,377.0,377.0,267.0,293.42857142857144,267.17857142857144
2012-01-14,d_351,FOODS_3_090_CA_3_validation,FOODS_3_090,FOODS_3,FOODS,CA_3,CA,328,1.28,14,5,2,1,0,0,0.0,341.0,495.0,371.0,287.57142857142856,261.67857142857144
2012-01-15,d_352,FOODS_3_090_CA_3_validation,FOODS_3_090,FOODS_3,FOODS,CA_3,CA,259,1.28,15,6,2,1,0,0,0.0,289.0,132.0,263.0,288.0,267.2857142857143
2012-01-16,d_353,FOODS_3_090_CA_3_validation,FOODS_3_090,FOODS_3,FOODS,CA_3,CA,217,1.28,16,0,3,0,1,0,0.0,307.0,248.0,189.0,296.7142857142857,269.39285714285717
2012-01-17,d_354,FOODS_3_090_CA_3_validation,FOODS_3_090,FOODS_3,FOODS,CA_3,CA,195,1.28,17,1,3,0,0,0,0.0,300.0,315.0,218.0,302.42857142857144,268.85714285714283
2012-01-18,d_355,FOODS_3_090_CA_3_validation,FOODS_3_090,FOODS_3,FOODS,CA_3,CA,151,1.28,18,2,3,0,0,0,0.0,264.0,561.0,163.0,311.7142857142857,258.25
2012-01-19,d_356,FOODS_3_090_CA_3_validation,FOODS_3_090,FOODS_3,FOODS,CA_3,CA,171,1.28,19,3,3,0,0,0,0.0,289.0,166.0,212.0,309.57142857142856,262.64285714285717
2012-01-20,d_357,FOODS_3_090_CA_3_validation,FOODS_3_090,FOODS_3,FOODS,CA_3,CA,189,1.28,20,4,3,0,0,0,0.0,633.0,134.0,250.0,346.14285714285717,280.4642857142857
2012-01-21,d_358,FOODS_3_090_CA_3_validation,FOODS_3_090,FOODS_3,FOODS,CA_3,CA,449,1.28,21,5,3,1,0,0,0.0,619.0,204.0,302.0,385.85714285714283,295.2857142857143
2012-01-22,d_359,FOODS_3_090_CA_3_validation,FOODS_3_090,FOODS_3,FOODS,CA_3,CA,314,1.28,22,6,3,1,0,0,0.0,0.0,237.0,299.0,344.57142857142856,286.82142857142856
2012-01-23,d_360,FOODS_3_090_CA_3_validation,FOODS_3_090,FOODS_3,FOODS,CA_3,CA,275,1.28,23,0,4,0,0,0,0.0,233.0,124.0,187.0,334.0,290.7142857142857
2012-01-24,d_361,FOODS_3_090_CA_3_validation,FOODS_3_090,FOODS_3,FOODS,CA_3,CA,316,1.28,24,1,4,0,0,0,0.0,181.0,163.0,187.0,317.0,291.35714285714283
2012-01-25,d_362,FOODS_3_090_CA_3_validation,FOODS_3_090,FOODS_3,FOODS,CA_3,CA,210,1.28,25,2,4,0,0,0,0.0,352.0,185.0,168.0,329.57142857142856,297.32142857142856
2012-01-26,d_363,FOODS_3_090_CA_3_validation,FOODS_3_090,FOODS_3,FOODS,CA_3,CA,267,1.28,26,3,4,0,0,0,0.0,278.0,246.0,289.0,328.0,298.4642857142857
2012-01-27,d_364,FOODS_3_090_CA_3_validation,FOODS_3_090,FOODS_3,FOODS,CA_3,CA,312,1.28,27,4,4,0,0,0,0.0,585.0,214.0,188.0,321.14285714285717,311.7142857142857
2012-01-28,d_365,FOODS_3_090_CA_3_validation,FOODS_3_090,FOODS_3,FOODS,CA_3,CA,337,1.28,28,5,4,1,0,0,0.0,693.0,282.0,329.0,331.7142857142857,326.39285714285717
2012-01-29,d_366,FOODS_3_090_CA_3_validation,FOODS_3_090,FOODS_3,FOODS,CA_3,CA,263,1.28,29,6,4,1,0,0,0.0,246.0,377.0,224.0,366.85714285714283,321.7142857142857
2012-01-30,d_367,FOODS_3_090_CA_3_validation,FOODS_3_090,FOODS_3,FOODS,CA_3,CA,257,1.28,30,0,5,0,0,0,0.0,359.0,343.0,183.0,384.85714285714283,322.2857142857143
2012-01-31,d_368,FOODS_3_090_CA_3_validation,FOODS_3_090,FOODS_3,FOODS,CA_3,CA,261,1.28,31,1,5,0,0,0,0.0,194.0,261.0,175.0,386.7142857142857,319.89285714285717
2012-02-01,d_369,FOODS_3_090_CA_3_validation,FOODS_3_090,FOODS_3,FOODS,CA_3,CA,206,1.28,1,2,5,0,0,1,0.0,169.0,230.0,161.0,360.57142857142856,317.7142857142857
2012-02-02,d_370,FOODS_3_090_CA_3_validation,FOODS_3_090,FOODS_3,FOODS,CA_3,CA,236,1.28,2,3,5,0,0,1,0.0,220.0,206.0,210.0,352.2857142857143,318.2142857142857
2012-02-03,d_371,FOODS_3_090_CA_3_validation,FOODS_3_090,FOODS_3,FOODS,CA_3,CA,322,1.28,3,4,5,0,0,1,0.0,194.0,304.0,324.0,296.42857142857144,314.2857142857143
2012-02-04,d_372,FOODS_3_090_CA_3_validation,FOODS_3_090,FOODS_3,FOODS,CA_3,CA,498,1.28,4,5,5,1,0,1,0.0,301.0,382.0,413.0,240.42857142857142,311.39285714285717
2012-02-05,d_373,FOODS_3_090_CA_3_validation,FOODS_3_090,FOODS_3,FOODS,CA_3,CA,297,1.28,5,6,5,1,1,1,0.0,315.0,286.0,347.0,250.28571428571428,312.42857142857144
2012-02-06,d_374,FOODS_3_090_CA_3_validation,FOODS_3_090,FOODS_3,FOODS,CA_3,CA,249,1.28,6,0,6,0,0,1,0.0,196.0,246.0,280.0,227.0,310.64285714285717
2012-02-07,d_375,FOODS_3_090_CA_3_validation,FOODS_3_090,FOODS_3,FOODS,CA_3,CA,235,1.28,7,1,6,0,0,1,0.0,177.0,260.0,186.0,224.57142857142858,307.67857142857144
2012-02-08,d_376,FOODS_3_090_CA_3_validation,FOODS_3_090,FOODS_3,FOODS,CA_3,CA,196,1.28,8,2,6,0,0,1,0.0,151.0,199.0,144.0,222.0,305.9642857142857
2012-02-09,d_377,FOODS_3_090_CA_3_validation,FOODS_3_090,FOODS_3,FOODS,CA_3,CA,208,1.28,9,3,6,0,0,1,0.0,169.0,304.0,229.0,214.71428571428572,301.14285714285717
2012-02-10,d_378,FOODS_3_090_CA_3_validation,FOODS_3_090,FOODS_3,FOODS,CA_3,CA,357,1.28,10,4,6,0,0,1,0.0,247.0,377.0,377.0,222.28571428571428,296.5
2012-02-11,d_379,FOODS_3_090_CA_3_validation,FOODS_3_090,FOODS_3,FOODS,CA_3,CA,422,1.28,11,5,6,1,0,0,0.0,328.0,341.0,495.0,226.14285714285714,296.0357142857143
2012-02-12,d_380,FOODS_3_090_CA_3_validation,FOODS_3_090,FOODS_3,FOODS,CA_3,CA,349,1.28,12,6,6,1,0,0,0.0,259.0,289.0,132.0,218.14285714285714,294.9642857142857
2012-02-13,d_381,FOODS_3_090_CA_3_validation,FOODS_3_090,FOODS_3,FOODS,CA_3,CA,243,1.28,13,0,7,0,0,0,0.0,217.0,307.0,248.0,221.14285714285714,291.75
2012-02-14,d_382,FOODS_3_090_CA_3_validation,FOODS_3_090,FOODS_3,FOODS,CA_3,CA,179,1.28,14,1,7,0,1,0,0.0,195.0,300.0,315.0,223.71428571428572,288.0
2012-02-15,d_383,FOODS_3_090_CA_3_validation,FOODS_3_090,FOODS_3,FOODS,CA_3,CA,252,1.28,15,2,7,0,0,0,0.0,151.0,264.0,561.0,223.71428571428572,283.9642857142857
2012-02-16,d_384,FOODS_3_090_CA_3_validation,FOODS_3_090,FOODS_3,FOODS,CA_3,CA,212,1.28,16,3,7,0,0,0,0.0,171.0,289.0,166.0,224.0,279.75
2012-02-17,d_385,FOODS_3_090_CA_3_validation,FOODS_3_090,FOODS_3,FOODS,CA_3,CA,151,1.28,17,4,7,0,0,0,0.0,189.0,633.0,134.0,215.71428571428572,263.89285714285717
2012-02-18,d_386,FOODS_3_090_CA_3_validation,FOODS_3_090,FOODS_3,FOODS,CA_3,CA,268,1.44,18,5,7,1,0,0,0.125,449.0,619.0,204.0,233.0,257.82142857142856
2012-02-19,d_387,FOODS_3_090_CA_3_validation,FOODS_3_090,FOODS_3,FOODS,CA_3,CA,199,1.44,19,6,7,1,0,0,0.0,314.0,0.0,237.0,240.85714285714286,269.0357142857143
2012-02-20,d_388,FOODS_3_090_CA_3_validation,FOODS_3_090,FOODS_3,FOODS,CA_3,CA,198,1.44,20,0,8,0,1,0,0.0,275.0,233.0,124.0,249.14285714285714,270.5357142857143
2012-02-21,d_389,FOODS_3_090_CA_3_validation,FOODS_3_090,FOODS_3,FOODS,CA_3,CA,210,1.44,21,1,8,0,0,0,0.0,316.0,181.0,163.0,266.42857142857144,275.35714285714283
2012-02-22,d_390,FOODS_3_090_CA_3_validation,FOODS_3_090,FOODS_3,FOODS,CA_3,CA,134,1.44,22,2,8,0,1,0,0.0,210.0,352.0,185.0,274.85714285714283,270.2857142857143
2012-02-23,d_391,FOODS_3_090_CA_3_validation,FOODS_3_090,FOODS_3,FOODS,CA_3,CA,144,1.44,23,3,8,0,0,0,0.0,267.0,278.0,246.0,288.57142857142856,269.89285714285717
2012-02-24,d_392,FOODS_3_090_CA_3_validation,FOODS_3_090,FOODS_3,FOODS,CA_3,CA,237,1.44,24,4,8,0,0,0,0.0,312.0,585.0,214.0,306.14285714285717,260.14285714285717
2012-02-25,d_393,FOODS_3_090_CA_3_validation,FOODS_3_090,FOODS_3,FOODS,CA_3,CA,216,1.44,25,5,8,1,0,0,0.0,337.0,693.0,282.0,290.14285714285717,247.42857142857142
2012-02-26,d_394,FOODS_3_090_CA_3_validation,FOODS_3_090,FOODS_3,FOODS,CA_3,CA,205,1.44,26,6,8,1,0,0,0.0,263.0,246.0,377.0,282.85714285714283,248.03571428571428
2012-02-27,d_395,FOODS_3_090_CA_3_validation,FOODS_3_090,FOODS_3,FOODS,CA_3,CA,179,1.44,27,0,9,0,0,0,0.0,257.0,359.0,343.0,280.2857142857143,244.39285714285714
2012-02-28,d_396,FOODS_3_090_CA_3_validation,FOODS_3_090,FOODS_3,FOODS,CA_3,CA,83,1.44,28,1,9,0,0,0,0.0,261.0,194.0,261.0,272.42857142857144,246.78571428571428
2012-02-29,d_397,FOODS_3_090_CA_3_validation,FOODS_3_090,FOODS_3,FOODS,CA_3,CA,128,1.44,29,2,9,0,1,0,0.0,206.0,169.0,230.0,271.85714285714283,248.10714285714286
2012-03-01,d_398,FOODS_3_090_CA_3_validation,FOODS_3_090,FOODS_3,FOODS,CA_3,CA,142,1.44,1,3,9,0,0,1,0.0,236.0,220.0,206.0,267.42857142857144,248.67857142857142
2012-03-02,d_399,FOODS_3_090_CA_3_validation,FOODS_3_090,FOODS_3,FOODS,CA_3,CA,256,1.44,2,4,9,0,0,1,0.0,322.0,194.0,304.0,268.85714285714283,253.25
2012-03-03,d_400,FOODS_3_090_CA_3_validation,FOODS_3_090,FOODS_3,FOODS,CA_3,CA,263,1.44,3,5,9,1,0,1,0.0,498.0,301.0,382.0,291.85714285714283,260.2857142857143
2012-03-04,d_401,FOODS_3_090_CA_3_validation,FOODS_3_090,FOODS_3,FOODS,CA_3,CA,218,1.44,4,6,9,1,0,1,0.0,297.0,315.0,286.0,296.7142857142857,259.64285714285717
2012-03-05,d_402,FOODS_3_090_CA_3_validation,FOODS_3_090,FOODS_3,FOODS,CA_3,CA,140,1.44,5,0,10,0,0,1,0.0,249.0,196.0,246.0,295.57142857142856,261.5357142857143
2012-03-06,d_403,FOODS_3_090_CA_3_validation,FOODS_3_090,FOODS_3,FOODS,CA_3,CA,183,1.44,6,1,10,0,0,1,0.0,235.0,177.0,260.0,291.85714285714283,263.60714285714283
2012-03-07,d_404,FOODS_3_090_CA_3_validation,FOODS_3_090,FOODS_3,FOODS,CA_3,CA,130,1.44,7,2,10,0,0,1,0.0,196.0,151.0,199.0,290.42857142857144,265.2142857142857
2012-03-08,d_405,FOODS_3_090_CA_3_validation,FOODS_3_090,FOODS_3,FOODS,CA_3,CA,169,1.44,8,3,10,0,1,1,0.0,208.0,169.0,304.0,286.42857142857144,266.60714285714283
2012-03-09,d_406,FOODS_3_090_CA_3_validation,FOODS_3_090,FOODS_3,FOODS,CA_3,CA,228,1.44,9,4,10,0,0,1,0.0,357.0,247.0,377.0,291.42857142857144,270.5357142857143
2012-03-10,d_407,FOODS_3_090_CA_3_validation,FOODS_3_090,FOODS_3,FOODS,CA_3,CA,203,1.44,10,5,10,1,0,1,0.0,422.0,328.0,341.0,280.57142857142856,273.89285714285717
2012-03-11,d_408,FOODS_3_090_CA_3_validation,FOODS_3_090,FOODS_3,FOODS,CA_3,CA,160,1.44,11,6,10,1,0,0,0.0,349.0,259.0,289.0,288.0,277.10714285714283
2012-03-12,d_409,FOODS_3_090_CA_3_validation,FOODS_3_090,FOODS_3,FOODS,CA_3,CA,200,1.44,12,0,11,0,0,0,0.0,243.0,217.0,307.0,287.14285714285717,278.0357142857143
2012-03-13,d_410,FOODS_3_090_CA_3_validation,FOODS_3_090,FOODS_3,FOODS,CA_3,CA,96,1.44,13,1,11,0,0,0,0.0,179.0,195.0,300.0,279.14285714285717,277.4642857142857
2012-03-14,d_411,FOODS_3_090_CA_3_validation,FOODS_3_090,FOODS_3,FOODS,CA_3,CA,116,1.44,14,2,11,0,0,0,0.0,252.0,151.0,264.0,287.14285714285717,281.07142857142856
2012-03-15,d_412,FOODS_3_090_CA_3_validation,FOODS_3_090,FOODS_3,FOODS,CA_3,CA,125,1.44,15,3,11,0,0,0,0.0,212.0,171.0,289.0,287.7142857142857,282.5357142857143
2012-03-16,d_413,FOODS_3_090_CA_3_validation,FOODS_3_090,FOODS_3,FOODS,CA_3,CA,146,1.44,16,4,11,0,0,0,0.0,151.0,189.0,633.0,258.2857142857143,281.17857142857144
2012-03-17,d_414,FOODS_3_090_CA_3_validation,FOODS_3_090,FOODS_3,FOODS,CA_3,CA,241,1.44,17,5,11,1,1,0,0.0,268.0,449.0,619.0,236.28571428571428,274.7142857142857
2012-03-18,d_415,FOODS_3_090_CA_3_validation,FOODS_3_090,FOODS_3,FOODS,CA_3,CA,157,1.44,18,6,11,1,0,0,0.0,199.0,314.0,0.0,214.85714285714286,270.60714285714283
2012-03-19,d_416,FOODS_3_090_CA_3_validation,FOODS_3_090,FOODS_3,FOODS,CA_3,CA,130,1.44,19,0,12,0,0,0,0.0,198.0,275.0,233.0,208.42857142857142,267.85714285714283
2012-03-20,d_417,FOODS_3_090_CA_3_validation,FOODS_3_090,FOODS_3,FOODS,CA_3,CA,128,1.44,20,1,12,0,0,0,0.0,210.0,316.0,181.0,212.85714285714286,264.07142857142856
2012-03-21,d_418,FOODS_3_090_CA_3_validation,FOODS_3_090,FOODS_3,FOODS,CA_3,CA,101,1.44,21,2,12,0,0,0,0.0,134.0,210.0,352.0,196.0,261.35714285714283
2012-03-22,d_419,FOODS_3_090_CA_3_validation,FOODS_3_090,FOODS_3,FOODS,CA_3,CA,120,1.44,22,3,12,0,0,0,0.0,144.0,267.0,278.0,186.28571428571428,256.9642857142857
2012-03-23,d_420,FOODS_3_090_CA_3_validation,FOODS_3_090,FOODS_3,FOODS,CA_3,CA,174,1.44,23,4,12,0,0,0,0.0,237.0,312.0,585.0,198.57142857142858,254.28571428571428
2012-03-24,d_421,FOODS_3_090_CA_3_validation,FOODS_3_090,FOODS_3,FOODS,CA_3,CA,197,1.44,24,5,12,1,0,0,0.0,216.0,337.0,693.0,191.14285714285714,249.96428571428572
2012-03-25,d_422,FOODS_3_090_CA_3_validation,FOODS_3_090,FOODS_3,FOODS,CA_3,CA,188,1.44,25,6,12,1,0,0,0.0,205.0,263.0,246.0,192.0,247.89285714285714
2012-03-26,d_423,FOODS_3_090_CA_3_validation,FOODS_3_090,FOODS_3,FOODS,CA_3,CA,114,1.44,26,0,13,0,0,0,0.0,179.0,257.0,359.0,189.28571428571428,245.10714285714286
2012-03-27,d_424,FOODS_3_090_CA_3_validation,FOODS_3_090,FOODS_3,FOODS,CA_3,CA,66,1.44,27,1,13,0,0,0,0.0,83.0,261.0,194.0,171.14285714285714,238.75
2012-03-28,d_425,FOODS_3_090_CA_3_validation,FOODS_3_090,FOODS_3,FOODS,CA_3,CA,147,1.44,28,2,13,0,0,0,0.0,128.0,206.0,169.0,170.28571428571428,235.96428571428572
2012-03-29,d_426,FOODS_3_090_CA_3_validation,FOODS_3_090,FOODS_3,FOODS,CA_3,CA,191,1.44,29,3,13,0,0,0,0.0,142.0,236.0,220.0,170.0,232.60714285714286
2012-03-30,d_427,FOODS_3_090_CA_3_validation,FOODS_3_090,FOODS_3,FOODS,CA_3,CA,149,1.44,30,4,13,0,0,0,0.0,256.0,322.0,194.0,172.71428571428572,230.25
2012-03-31,d_428,FOODS_3_090_CA_3_validation,FOODS_3_090,FOODS_3,FOODS,CA_3,CA,174,1.44,31,5,13,1,0,0,0.0,263.0,498.0,301.0,179.42857142857142,221.85714285714286
2012-04-01,d_429,FOODS_3_090_CA_3_validation,FOODS_3_090,FOODS_3,FOODS,CA_3,CA,147,1.44,1,6,13,1,0,1,0.0,218.0,297.0,315.0,181.28571428571428,219.03571428571428
2012-04-02,d_430,FOODS_3_090_CA_3_validation,FOODS_3_090,FOODS_3,FOODS,CA_3,CA,144,1.44,2,0,14,0,0,1,0.0,140.0,249.0,196.0,175.71428571428572,215.14285714285714
2012-04-03,d_431,FOODS_3_090_CA_3_validation,FOODS_3_090,FOODS_3,FOODS,CA_3,CA,115,1.44,3,1,14,0,0,1,0.0,183.0,235.0,177.0,190.0,213.28571428571428
2012-04-04,d_432,FOODS_3_090_CA_3_validation,FOODS_3_090,FOODS_3,FOODS,CA_3,CA,112,1.44,4,2,14,0,0,1,0.0,130.0,196.0,151.0,190.28571428571428,210.92857142857142
2012-04-05,d_433,FOODS_3_090_CA_3_validation,FOODS_3_090,FOODS_3,FOODS,CA_3,CA,156,1.44,5,3,14,0,0,1,0.0,169.0,208.0,169.0,194.14285714285714,209.53571428571428
2012-04-06,d_434,FOODS_3_090_CA_3_validation,FOODS_3_090,FOODS_3,FOODS,CA_3,CA,184,1.44,6,4,14,0,0,1,0.0,228.0,357.0,247.0,190.14285714285714,204.92857142857142
2012-04-07,d_435,FOODS_3_090_CA_3_validation,FOODS_3_090,FOODS_3,FOODS,CA_3,CA,271,1.44,7,5,14,1,0,1,0.0,203.0,422.0,328.0,181.57142857142858,197.10714285714286
2012-04-08,d_436,FOODS_3_090_CA_3_validation,FOODS_3_090,FOODS_3,FOODS,CA_3,CA,242,1.44,8,6,14,1,1,1,0.0,160.0,349.0,259.0,173.28571428571428,190.35714285714286
2012-04-09,d_437,FOODS_3_090_CA_3_validation,FOODS_3_090,FOODS_3,FOODS,CA_3,CA,111,1.44,9,0,15,0,0,1,0.0,200.0,243.0,217.0,181.85714285714286,188.82142857142858
2012-04-10,d_438,FOODS_3_090_CA_3_validation,FOODS_3_090,FOODS_3,FOODS,CA_3,CA,146,1.44,10,1,15,0,0,1,0.0,96.0,179.0,195.0,169.42857142857142,185.85714285714286
2012-04-11,d_439,FOODS_3_090_CA_3_validation,FOODS_3_090,FOODS_3,FOODS,CA_3,CA,162,1.44,11,2,15,0,0,0,0.0,116.0,252.0,151.0,167.42857142857142,181.0
2012-04-12,d_440,FOODS_3_090_CA_3_validation,FOODS_3_090,FOODS_3,FOODS,CA_3,CA,143,1.44,12,3,15,0,0,0,0.0,125.0,212.0,171.0,161.14285714285714,177.89285714285714
2012-04-13,d_441,FOODS_3_090_CA_3_validation,FOODS_3_090,FOODS_3,FOODS,CA_3,CA,146,1.44,13,4,15,0,0,0,0.0,146.0,151.0,189.0,149.42857142857142,177.71428571428572
2012-04-14,d_442,FOODS_3_090_CA_3_validation,FOODS_3_090,FOODS_3,FOODS,CA_3,CA,176,1.44,14,5,15,1,1,0,0.0,241.0,268.0,449.0,154.85714285714286,176.75
2012-04-15,d_443,FOODS_3_090_CA_3_validation,FOODS_3_090,FOODS_3,FOODS,CA_3,CA,164,1.44,15,6,15,1,1,0,0.0,157.0,199.0,314.0,154.42857142857142,175.25
2012-04-16,d_444,FOODS_3_090_CA_3_validation,FOODS_3_090,FOODS_3,FOODS,CA_3,CA,113,1.44,16,0,16,0,0,0,0.0,130.0,198.0,275.0,144.42857142857142,172.82142857142858
2012-04-17,d_445,FOODS_3_090_CA_3_validation,FOODS_3_090,FOODS_3,FOODS,CA_3,CA,81,1.44,17,1,16,0,0,0,0.0,128.0,210.0,316.0,149.0,169.89285714285714
2012-04-18,d_446,FOODS_3_090_CA_3_validation,FOODS_3_090,FOODS_3,FOODS,CA_3,CA,126,1.44,18,2,16,0,0,0,0.0,101.0,134.0,210.0,146.85714285714286,168.71428571428572
2012-04-19,d_447,FOODS_3_090_CA_3_validation,FOODS_3_090,FOODS_3,FOODS,CA_3,CA,163,1.44,19,3,16,0,0,0,0.0,120.0,144.0,267.0,146.14285714285714,167.85714285714286
2012-04-20,d_448,FOODS_3_090_CA_3_validation,FOODS_3_090,FOODS_3,FOODS,CA_3,CA,199,1.44,20,4,16,0,0,0,0.0,174.0,237.0,312.0,150.14285714285714,165.60714285714286
2012-04-21,d_449,FOODS_3_090_CA_3_validation,FOODS_3_090,FOODS_3,FOODS,CA_3,CA,150,1.44,21,5,16,1,0,0,0.0,197.0,216.0,337.0,143.85714285714286,164.92857142857142
2012-04-22,d_450,FOODS_3_090_CA_3_validation,FOODS_3_090,FOODS_3,FOODS,CA_3,CA,242,1.44,22,6,16,1,0,0,0.0,188.0,205.0,263.0,148.28571428571428,164.32142857142858
2012-04-23,d_451,FOODS_3_090_CA_3_validation,FOODS_3_090,FOODS_3,FOODS,CA_3,CA,82,1.44,23,0,17,0,0,0,0.0,114.0,179.0,257.0,146.0,162.0
2012-04-24,d_452,FOODS_3_090_CA_3_validation,FOODS_3_090,FOODS_3,FOODS,CA_3,CA,98,1.44,24,1,17,0,0,0,0.0,66.0,83.0,261.0,137.14285714285714,161.39285714285714
2012-04-25,d_453,FOODS_3_090_CA_3_validation,FOODS_3_090,FOODS_3,FOODS,CA_3,CA,78,1.44,25,2,17,0,0,0,0.0,147.0,128.0,206.0,143.71428571428572,162.07142857142858
2012-04-26,d_454,FOODS_3_090_CA_3_validation,FOODS_3_090,FOODS_3,FOODS,CA_3,CA,104,1.44,26,3,17,0,0,0,0.0,191.0,142.0,236.0,153.85714285714286,163.82142857142858
2012-04-27,d_455,FOODS_3_090_CA_3_validation,FOODS_3_090,FOODS_3,FOODS,CA_3,CA,157,1.44,27,4,17,0,0,0,0.0,149.0,256.0,322.0,150.28571428571428,160.0
2012-04-28,d_456,FOODS_3_090_CA_3_validation,FOODS_3_090,FOODS_3,FOODS,CA_3,CA,149,1.44,28,5,17,1,0,0,0.0,174.0,263.0,498.0,147.0,156.82142857142858
2012-04-29,d_457,FOODS_3_090_CA_3_validation,FOODS_3_090,FOODS_3,FOODS,CA_3,CA,115,1.44,29,6,17,1,0,0,0.0,147.0,218.0,297.0,141.14285714285714,154.28571428571428
2012-04-30,d_458,FOODS_3_090_CA_3_validation,FOODS_3_090,FOODS_3,FOODS,CA_3,CA,80,1.44,30,0,18,0,0,0,0.0,144.0,140.0,249.0,145.42857142857142,154.42857142857142
2012-05-01,d_459,FOODS_3_090_CA_3_validation,FOODS_3_090,FOODS_3,FOODS,CA_3,CA,155,1.44,1,1,18,0,0,1,0.0,115.0,183.0,235.0,152.42857142857142,152.0
2012-05-02,d_460,FOODS_3_090_CA_3_validation,FOODS_3_090,FOODS_3,FOODS,CA_3,CA,78,1.44,2,2,18,0,0,1,0.0,112.0,130.0,196.0,147.42857142857142,151.35714285714286
2012-05-03,d_461,FOODS_3_090_CA_3_validation,FOODS_3_090,FOODS_3,FOODS,CA_3,CA,105,1.44,3,3,18,0,0,1,0.0,156.0,169.0,208.0,142.42857142857142,150.89285714285714
2012-05-04,d_462,FOODS_3_090_CA_3_validation,FOODS_3_090,FOODS_3,FOODS,CA_3,CA,109,1.44,4,4,18,0,0,1,0.0,184.0,228.0,357.0,147.42857142857142,149.32142857142858
2012-05-05,d_463,FOODS_3_090_CA_3_validation,FOODS_3_090,FOODS_3,FOODS,CA_3,CA,252,1.44,5,5,18,1,1,1,0.0,271.0,203.0,422.0,161.28571428571428,151.75
2012-05-06,d_464,FOODS_3_090_CA_3_validation,FOODS_3_090,FOODS_3,FOODS,CA_3,CA,122,1.44,6,6,18,1,0,1,0.0,242.0,160.0,349.0,174.85714285714286,154.67857142857142
2012-05-07,d_465,FOODS_3_090_CA_3_validation,FOODS_3_090,FOODS_3,FOODS,CA_3,CA,114,1.44,7,0,19,0,0,1,0.0,111.0,200.0,243.0,170.14285714285714,151.5
2012-05-08,d_466,FOODS_3_090_CA_3_validation,FOODS_3_090,FOODS_3,FOODS,CA_3,CA,169,1.44,8,1,19,0,0,1,0.0,146.0,96.0,179.0,174.57142857142858,153.28571428571428
2012-05-09,d_467,FOODS_3_090_CA_3_validation,FOODS_3_090,FOODS_3,FOODS,CA_3,CA,68,1.44,9,2,19,0,0,1,0.0,162.0,116.0,252.0,181.71428571428572,154.92857142857142
2012-05-10,d_468,FOODS_3_090_CA_3_validation,FOODS_3_090,FOODS_3,FOODS,CA_3,CA,123,1.44,10,3,19,0,0,1,0.0,143.0,125.0,212.0,179.85714285714286,155.57142857142858
2012-05-11,d_469,FOODS_3_090_CA_3_validation,FOODS_3_090,FOODS_3,FOODS,CA_3,CA,183,1.44,11,4,19,0,0,0,0.0,146.0,146.0,151.0,174.42857142857142,155.57142857142858
2012-05-12,d_470,FOODS_3_090_CA_3_validation,FOODS_3_090,FOODS_3,FOODS,CA_3,CA,229,1.44,12,5,19,1,0,0,0.0,176.0,241.0,268.0,160.85714285714286,153.25
2012-05-13,d_471,FOODS_3_090_CA_3_validation,FOODS_3_090,FOODS_3,FOODS,CA_3,CA,153,1.44,13,6,19,1,1,0,0.0,164.0,157.0,199.0,149.71428571428572,153.5
2012-05-14,d_472,FOODS_3_090_CA_3_validation,FOODS_3_090,FOODS_3,FOODS,CA_3,CA,89,1.44,14,0,20,0,0,0,0.0,113.0,130.0,198.0,150.0,152.89285714285714
2012-05-15,d_473,FOODS_3_090_CA_3_validation,FOODS_3_090,FOODS_3,FOODS,CA_3,CA,119,1.44,15,1,20,0,0,0,0.0,81.0,128.0,210.0,140.71428571428572,151.21428571428572
2012-05-16,d_474,FOODS_3_090_CA_3_validation,FOODS_3_090,FOODS_3,FOODS,CA_3,CA,106,1.44,16,2,20,0,0,0,0.0,126.0,101.0,134.0,135.57142857142858,152.10714285714286
2012-05-17,d_475,FOODS_3_090_CA_3_validation,FOODS_3_090,FOODS_3,FOODS,CA_3,CA,102,1.44,17,3,20,0,0,0,0.0,163.0,120.0,144.0,138.42857142857142,153.64285714285714
2012-05-18,d_476,FOODS_3_090_CA_3_validation,FOODS_3_090,FOODS_3,FOODS,CA_3,CA,155,1.44,18,4,20,0,0,0,0.0,199.0,174.0,237.0,146.0,154.53571428571428
2012-05-19,d_477,FOODS_3_090_CA_3_validation,FOODS_3_090,FOODS_3,FOODS,CA_3,CA,204,1.44,19,5,20,1,0,0,0.0,150.0,197.0,216.0,142.28571428571428,152.85714285714286
2012-05-20,d_478,FOODS_3_090_CA_3_validation,FOODS_3_090,FOODS_3,FOODS,CA_3,CA,137,1.44,20,6,20,1,0,0,0.0,242.0,188.0,205.0,153.42857142857142,154.78571428571428
2012-05-21,d_479,FOODS_3_090_CA_3_validation,FOODS_3_090,FOODS_3,FOODS,CA_3,CA,100,1.44,21,0,21,0,0,0,0.0,82.0,114.0,179.0,149.0,153.64285714285714
2012-05-22,d_480,FOODS_3_090_CA_3_validation,FOODS_3_090,FOODS_3,FOODS,CA_3,CA,112,1.44,22,1,21,0,0,0,0.0,98.0,66.0,83.0,151.42857142857142,154.78571428571428
2012-05-23,d_481,FOODS_3_090_CA_3_validation,FOODS_3_090,FOODS_3,FOODS,CA_3,CA,118,1.44,23,2,21,0,0,0,0.0,78.0,147.0,128.0,144.57142857142858,152.32142857142858
2012-05-24,d_482,FOODS_3_090_CA_3_validation,FOODS_3_090,FOODS_3,FOODS,CA_3,CA,146,1.44,24,3,21,0,0,0,0.0,104.0,191.0,142.0,136.14285714285714,149.21428571428572
2012-05-25,d_483,FOODS_3_090_CA_3_validation,FOODS_3_090,FOODS_3,FOODS,CA_3,CA,169,1.44,25,4,21,0,0,0,0.0,157.0,149.0,256.0,130.14285714285714,149.5
2012-05-26,d_484,FOODS_3_090_CA_3_validation,FOODS_3_090,FOODS_3,FOODS,CA_3,CA,182,1.44,26,5,21,1,0,0,0.0,149.0,174.0,263.0,130.0,148.60714285714286
2012-05-27,d_485,FOODS_3_090_CA_3_validation,FOODS_3_090,FOODS_3,FOODS,CA_3,CA,118,1.44,27,6,21,1,0,0,0.0,115.0,147.0,218.0,111.85714285714286,147.46428571428572
2012-05-28,d_486,FOODS_3_090_CA_3_validation,FOODS_3_090,FOODS_3,FOODS,CA_3,CA,129,1.44,28,0,22,0,1,0,0.0,80.0,144.0,140.0,111.57142857142857,145.17857142857142
2012-05-29,d_487,FOODS_3_090_CA_3_validation,FOODS_3_090,FOODS_3,FOODS,CA_3,CA,79,1.44,29,1,22,0,0,0,0.0,155.0,115.0,183.0,119.71428571428571,146.60714285714286
2012-05-30,d_488,FOODS_3_090_CA_3_validation,FOODS_3_090,FOODS_3,FOODS,CA_3,CA,81,1.44,30,2,22,0,0,0,0.0,78.0,112.0,130.0,119.71428571428571,145.39285714285714
2012-05-31,d_489,FOODS_3_090_CA_3_validation,FOODS_3_090,FOODS_3,FOODS,CA_3,CA,155,1.44,31,3,22,0,0,0,0.0,105.0,156.0,169.0,119.85714285714286,143.57142857142858
2012-06-01,d_490,FOODS_3_090_CA_3_validation,FOODS_3_090,FOODS_3,FOODS,CA_3,CA,175,1.44,1,4,22,0,0,1,0.0,109.0,184.0,228.0,113.0,140.89285714285714
2012-06-02,d_491,FOODS_3_090_CA_3_validation,FOODS_3_090,FOODS_3,FOODS,CA_3,CA,143,1.44,2,5,22,1,0,1,0.0,252.0,271.0,203.0,127.71428571428571,140.21428571428572
2012-06-03,d_492,FOODS_3_090_CA_3_validation,FOODS_3_090,FOODS_3,FOODS,CA_3,CA,147,1.44,3,6,22,1,0,1,0.0,122.0,242.0,160.0,128.71428571428572,135.92857142857142
2012-06-04,d_493,FOODS_3_090_CA_3_validation,FOODS_3_090,FOODS_3,FOODS,CA_3,CA,91,1.44,4,0,23,0,0,1,0.0,114.0,111.0,200.0,133.57142857142858,136.03571428571428
2012-06-05,d_494,FOODS_3_090_CA_3_validation,FOODS_3_090,FOODS_3,FOODS,CA_3,CA,150,1.44,5,1,23,0,0,1,0.0,169.0,146.0,96.0,135.57142857142858,136.85714285714286
2012-06-06,d_495,FOODS_3_090_CA_3_validation,FOODS_3_090,FOODS_3,FOODS,CA_3,CA,172,1.44,6,2,23,0,0,1,0.0,68.0,162.0,116.0,134.14285714285714,133.5
2012-06-07,d_496,FOODS_3_090_CA_3_validation,FOODS_3_090,FOODS_3,FOODS,CA_3,CA,155,1.44,7,3,23,0,0,1,0.0,123.0,143.0,125.0,136.71428571428572,132.78571428571428
2012-06-08,d_497,FOODS_3_090_CA_3_validation,FOODS_3_090,FOODS_3,FOODS,CA_3,CA,161,1.44,8,4,23,0,0,1,0.0,183.0,146.0,146.0,147.28571428571428,134.10714285714286
2012-06-09,d_498,FOODS_3_090_CA_3_validation,FOODS_3_090,FOODS_3,FOODS,CA_3,CA,276,1.44,9,5,23,1,0,1,0.0,229.0,176.0,241.0,144.0,136.0
2012-06-10,d_499,FOODS_3_090_CA_3_validation,FOODS_3_090,FOODS_3,FOODS,CA_3,CA,238,1.44,10,6,23,1,0,1,0.0,153.0,164.0,157.0,148.42857142857142,135.60714285714286
2012-06-11,d_500,FOODS_3_090_CA_3_validation,FOODS_3_090,FOODS_3,FOODS,CA_3,CA,172,1.44,11,0,24,0,0,0,0.0,89.0,113.0,130.0,144.85714285714286,134.75
2012-06-12,d_501,FOODS_3_090_CA_3_validation,FOODS_3_090,FOODS_3,FOODS,CA_3,CA,106,1.44,12,1,24,0,1,0,0.0,119.0,81.0,128.0,137.71428571428572,136.10714285714286
2012-06-13,d_502,FOODS_3_090_CA_3_validation,FOODS_3_090,FOODS_3,FOODS,CA_3,CA,116,1.44,13,2,24,0,0,0,0.0,106.0,126.0,101.0,143.14285714285714,135.39285714285714
2012-06-14,d_503,FOODS_3_090_CA_3_validation,FOODS_3_090,FOODS_3,FOODS,CA_3,CA,185,1.44,14,3,24,0,0,0,0.0,102.0,163.0,120.0,140.14285714285714,133.21428571428572
2012-06-15,d_504,FOODS_3_090_CA_3_validation,FOODS_3_090,FOODS_3,FOODS,CA_3,CA,247,1.44,15,4,24,0,0,0,0.0,155.0,199.0,174.0,136.14285714285714,131.64285714285714
2012-06-16,d_505,FOODS_3_090_CA_3_validation,FOODS_3_090,FOODS_3,FOODS,CA_3,CA,188,1.44,16,5,24,1,0,0,0.0,204.0,150.0,197.0,132.57142857142858,133.57142857142858
2012-06-17,d_506,FOODS_3_090_CA_3_validation,FOODS_3_090,FOODS_3,FOODS,CA_3,CA,212,1.44,17,6,24,1,1,0,0.0,137.0,242.0,188.0,130.28571428571428,129.82142857142858
2012-06-18,d_507,FOODS_3_090_CA_3_validation,FOODS_3_090,FOODS_3,FOODS,CA_3,CA,167,1.44,18,0,25,0,0,0,0.0,100.0,82.0,114.0,131.85714285714286,130.46428571428572
2012-06-19,d_508,FOODS_3_090_CA_3_validation,FOODS_3_090,FOODS_3,FOODS,CA_3,CA,156,1.44,19,1,25,0,0,0,0.0,112.0,98.0,66.0,130.85714285714286,130.96428571428572
2012-06-20,d_509,FOODS_3_090_CA_3_validation,FOODS_3_090,FOODS_3,FOODS,CA_3,CA,51,1.44,20,2,25,0,0,0,0.0,118.0,78.0,147.0,132.57142857142858,132.39285714285714
2012-06-21,d_510,FOODS_3_090_CA_3_validation,FOODS_3_090,FOODS_3,FOODS,CA_3,CA,0,1.44,21,3,25,0,1,0,0.0,146.0,104.0,191.0,138.85714285714286,133.89285714285714
2012-06-22,d_511,FOODS_3_090_CA_3_validation,FOODS_3_090,FOODS_3,FOODS,CA_3,CA,0,1.44,22,4,25,0,0,0,0.0,169.0,157.0,149.0,140.85714285714286,134.32142857142858
2012-06-23,d_512,FOODS_3_090_CA_3_validation,FOODS_3_090,FOODS_3,FOODS,CA_3,CA,268,1.28,23,5,25,1,0,0,-0.11111111111111105,182.0,149.0,174.0,137.71428571428572,135.5
2012-06-24,d_513,FOODS_3_090_CA_3_validation,FOODS_3_090,FOODS_3,FOODS,CA_3,CA,295,1.28,24,6,25,1,0,0,0.0,118.0,115.0,147.0,135.0,135.60714285714286
2012-06-25,d_514,FOODS_3_090_CA_3_validation,FOODS_3_090,FOODS_3,FOODS,CA_3,CA,141,1.28,25,0,26,0,0,0,0.0,129.0,80.0,144.0,139.14285714285714,137.35714285714286
2012-06-26,d_515,FOODS_3_090_CA_3_validation,FOODS_3_090,FOODS_3,FOODS,CA_3,CA,170,1.28,26,1,26,0,0,0,0.0,79.0,155.0,115.0,134.42857142857142,134.64285714285714
2012-06-27,d_516,FOODS_3_090_CA_3_validation,FOODS_3_090,FOODS_3,FOODS,CA_3,CA,192,1.28,27,2,26,0,0,0,0.0,81.0,78.0,112.0,129.14285714285714,134.75
2012-06-28,d_517,FOODS_3_090_CA_3_validation,FOODS_3_090,FOODS_3,FOODS,CA_3,CA,238,1.28,28,3,26,0,0,0,0.0,155.0,105.0,156.0,130.42857142857142,136.53571428571428
2012-06-29,d_518,FOODS_3_090_CA_3_validation,FOODS_3_090,FOODS_3,FOODS,CA_3,CA,236,1.28,29,4,26,0,0,0,0.0,175.0,109.0,184.0,131.28571428571428,138.89285714285714
2012-06-30,d_519,FOODS_3_090_CA_3_validation,FOODS_3_090,FOODS_3,FOODS,CA_3,CA,247,1.28,30,5,26,1,0,0,0.0,143.0,252.0,271.0,125.71428571428571,135.0
2012-07-01,d_520,FOODS_3_090_CA_3_validation,FOODS_3_090,FOODS_3,FOODS,CA_3,CA,220,1.28,1,6,26,1,0,1,0.0,147.0,122.0,242.0,129.85714285714286,135.89285714285714
2012-07-02,d_521,FOODS_3_090_CA_3_validation,FOODS_3_090,FOODS_3,FOODS,CA_3,CA,240,1.28,2,0,27,0,0,1,0.0,91.0,114.0,111.0,124.42857142857143,135.07142857142858
2012-07-03,d_522,FOODS_3_090_CA_3_validation,FOODS_3_090,FOODS_3,FOODS,CA_3,CA,346,1.28,3,1,27,0,0,1,0.0,150.0,169.0,146.0,134.57142857142858,134.39285714285714
2012-07-04,d_523,FOODS_3_090_CA_3_validation,FOODS_3_090,FOODS_3,FOODS,CA_3,CA,383,1.28,4,2,27,0,1,1,0.0,172.0,68.0,162.0,147.57142857142858,138.10714285714286
2012-07-05,d_524,FOODS_3_090_CA_3_validation,FOODS_3_090,FOODS_3,FOODS,CA_3,CA,150,1.28,5,3,27,0,0,1,0.0,155.0,123.0,143.0,147.57142857142858,139.25
2012-07-06,d_525,FOODS_3_090_CA_3_validation,FOODS_3_090,FOODS_3,FOODS,CA_3,CA,386,1.28,6,4,27,0,0,1,0.0,161.0,183.0,146.0,145.57142857142858,138.46428571428572
2012-07-07,d_526,FOODS_3_090_CA_3_validation,FOODS_3_090,FOODS_3,FOODS,CA_3,CA,357,1.28,7,5,27,1,0,1,0.0,276.0,229.0,176.0,164.57142857142858,140.14285714285714
2012-07-08,d_527,FOODS_3_090_CA_3_validation,FOODS_3_090,FOODS_3,FOODS,CA_3,CA,215,1.28,8,6,27,1,0,1,0.0,238.0,153.0,164.0,177.57142857142858,143.17857142857142
2012-07-09,d_528,FOODS_3_090_CA_3_validation,FOODS_3_090,FOODS_3,FOODS,CA_3,CA,186,1.28,9,0,28,0,0,1,0.0,172.0,89.0,113.0,189.14285714285714,146.14285714285714
2012-07-10,d_529,FOODS_3_090_CA_3_validation,FOODS_3_090,FOODS_3,FOODS,CA_3,CA,243,1.28,10,1,28,0,0,1,0.0,106.0,119.0,81.0,182.85714285714286,145.67857142857142
2012-07-11,d_530,FOODS_3_090_CA_3_validation,FOODS_3_090,FOODS_3,FOODS,CA_3,CA,205,1.28,11,2,28,0,0,0,0.0,116.0,106.0,126.0,174.85714285714286,146.03571428571428
2012-07-12,d_531,FOODS_3_090_CA_3_validation,FOODS_3_090,FOODS_3,FOODS,CA_3,CA,298,1.28,12,3,28,0,0,0,0.0,185.0,102.0,163.0,179.14285714285714,149.0
2012-07-13,d_532,FOODS_3_090_CA_3_validation,FOODS_3_090,FOODS_3,FOODS,CA_3,CA,240,1.28,13,4,28,0,0,0,0.0,247.0,155.0,199.0,191.42857142857142,152.28571428571428
2012-07-14,d_533,FOODS_3_090_CA_3_validation,FOODS_3_090,FOODS_3,FOODS,CA_3,CA,260,1.28,14,5,28,1,0,0,0.0,188.0,204.0,150.0,178.85714285714286,151.71428571428572
2012-07-15,d_534,FOODS_3_090_CA_3_validation,FOODS_3_090,FOODS_3,FOODS,CA_3,CA,303,1.28,15,6,28,1,0,0,0.0,212.0,137.0,242.0,175.14285714285714,154.39285714285714
2012-07-16,d_535,FOODS_3_090_CA_3_validation,FOODS_3_090,FOODS_3,FOODS,CA_3,CA,188,1.28,16,0,29,0,0,0,0.0,167.0,100.0,82.0,174.42857142857142,156.78571428571428
2012-07-17,d_536,FOODS_3_090_CA_3_validation,FOODS_3_090,FOODS_3,FOODS,CA_3,CA,244,1.28,17,1,29,0,0,0,0.0,156.0,112.0,98.0,181.57142857142858,158.35714285714286
2012-07-18,d_537,FOODS_3_090_CA_3_validation,FOODS_3_090,FOODS_3,FOODS,CA_3,CA,194,1.28,18,2,29,0,0,0,0.0,51.0,118.0,78.0,172.28571428571428,155.96428571428572
2012-07-19,d_538,FOODS_3_090_CA_3_validation,FOODS_3_090,FOODS_3,FOODS,CA_3,CA,222,1.28,19,3,29,0,0,0,0.0,0.0,146.0,104.0,145.85714285714286,150.75
2012-07-20,d_539,FOODS_3_090_CA_3_validation,FOODS_3_090,FOODS_3,FOODS,CA_3,CA,321,1.28,20,4,29,0,1,0,0.0,0.0,169.0,157.0,110.57142857142857,144.71428571428572
2012-07-21,d_540,FOODS_3_090_CA_3_validation,FOODS_3_090,FOODS_3,FOODS,CA_3,CA,328,1.28,21,5,29,1,0,0,0.0,268.0,182.0,149.0,122.0,147.78571428571428
2012-07-22,d_541,FOODS_3_090_CA_3_validation,FOODS_3_090,FOODS_3,FOODS,CA_3,CA,363,1.28,22,6,29,1,0,0,0.0,295.0,118.0,115.0,133.85714285714286,154.10714285714286
2012-07-23,d_542,FOODS_3_090_CA_3_validation,FOODS_3_090,FOODS_3,FOODS,CA_3,CA,206,1.28,23,0,30,0,0,0,0.0,141.0,129.0,80.0,130.14285714285714,154.53571428571428
2012-07-24,d_543,FOODS_3_090_CA_3_validation,FOODS_3_090,FOODS_3,FOODS,CA_3,CA,196,1.28,24,1,30,0,0,0,0.0,170.0,79.0,155.0,132.14285714285714,157.78571428571428
2012-07-25,d_544,FOODS_3_090_CA_3_validation,FOODS_3_090,FOODS_3,FOODS,CA_3,CA,207,1.28,25,2,30,0,0,0,0.0,192.0,81.0,78.0,152.28571428571428,161.75
2012-07-26,d_545,FOODS_3_090_CA_3_validation,FOODS_3_090,FOODS_3,FOODS,CA_3,CA,213,1.28,26,3,30,0,0,0,0.0,238.0,155.0,105.0,186.28571428571428,164.71428571428572
2012-07-27,d_546,FOODS_3_090_CA_3_validation,FOODS_3_090,FOODS_3,FOODS,CA_3,CA,281,1.28,27,4,30,0,0,0,0.0,236.0,175.0,109.0,220.0,166.89285714285714
2012-07-28,d_547,FOODS_3_090_CA_3_validation,FOODS_3_090,FOODS_3,FOODS,CA_3,CA,240,1.28,28,5,30,1,0,0,0.0,247.0,143.0,252.0,217.0,170.60714285714286
2012-07-29,d_548,FOODS_3_090_CA_3_validation,FOODS_3_090,FOODS_3,FOODS,CA_3,CA,333,1.28,29,6,30,1,0,0,0.0,220.0,147.0,122.0,206.28571428571428,173.21428571428572
2012-07-30,d_549,FOODS_3_090_CA_3_validation,FOODS_3_090,FOODS_3,FOODS,CA_3,CA,283,1.28,30,0,31,0,0,0,0.0,240.0,91.0,114.0,220.42857142857142,178.53571428571428
2012-07-31,d_550,FOODS_3_090_CA_3_validation,FOODS_3_090,FOODS_3,FOODS,CA_3,CA,203,1.28,31,1,31,0,0,0,0.0,346.0,150.0,169.0,245.57142857142858,185.53571428571428
2012-08-01,d_551,FOODS_3_090_CA_3_validation,FOODS_3_090,FOODS_3,FOODS,CA_3,CA,135,1.28,1,2,31,0,0,1,0.0,383.0,172.0,68.0,272.85714285714283,193.07142857142858
2012-08-02,d_552,FOODS_3_090_CA_3_validation,FOODS_3_090,FOODS_3,FOODS,CA_3,CA,253,1.28,2,3,31,0,0,1,0.0,150.0,155.0,123.0,260.2857142857143,192.89285714285714
2012-08-03,d_553,FOODS_3_090_CA_3_validation,FOODS_3_090,FOODS_3,FOODS,CA_3,CA,298,1.28,3,4,31,0,0,1,0.0,386.0,161.0,183.0,281.7142857142857,200.92857142857142
2012-08-04,d_554,FOODS_3_090_CA_3_validation,FOODS_3_090,FOODS_3,FOODS,CA_3,CA,281,1.28,4,5,31,1,0,1,0.0,357.0,276.0,229.0,297.42857142857144,203.82142857142858
2012-08-05,d_555,FOODS_3_090_CA_3_validation,FOODS_3_090,FOODS_3,FOODS,CA_3,CA,261,1.28,5,6,31,1,0,1,0.0,215.0,238.0,153.0,296.7142857142857,203.0
2012-08-06,d_556,FOODS_3_090_CA_3_validation,FOODS_3_090,FOODS_3,FOODS,CA_3,CA,192,1.28,6,0,32,0,0,1,0.0,186.0,172.0,89.0,289.0,203.5
2012-08-07,d_557,FOODS_3_090_CA_3_validation,FOODS_3_090,FOODS_3,FOODS,CA_3,CA,143,1.28,7,1,32,0,0,1,0.0,243.0,106.0,119.0,274.2857142857143,208.39285714285714
2012-08-08,d_558,FOODS_3_090_CA_3_validation,FOODS_3_090,FOODS_3,FOODS,CA_3,CA,147,1.28,8,2,32,0,0,1,0.0,205.0,116.0,106.0,248.85714285714286,211.57142857142858
2012-08-09,d_559,FOODS_3_090_CA_3_validation,FOODS_3_090,FOODS_3,FOODS,CA_3,CA,270,1.28,9,3,32,0,0,1,0.0,298.0,185.0,102.0,270.0,215.60714285714286
2012-08-10,d_560,FOODS_3_090_CA_3_validation,FOODS_3_090,FOODS_3,FOODS,CA_3,CA,243,1.28,10,4,32,0,0,1,0.0,240.0,247.0,155.0,249.14285714285714,215.35714285714286
2012-08-11,d_561,FOODS_3_090_CA_3_validation,FOODS_3_090,FOODS_3,FOODS,CA_3,CA,300,1.28,11,5,32,1,0,0,0.0,260.0,188.0,204.0,235.28571428571428,217.92857142857142
2012-08-12,d_562,FOODS_3_090_CA_3_validation,FOODS_3_090,FOODS_3,FOODS,CA_3,CA,239,1.28,12,6,32,1,0,0,0.0,303.0,212.0,137.0,247.85714285714286,221.17857142857142
2012-08-13,d_563,FOODS_3_090_CA_3_validation,FOODS_3_090,FOODS_3,FOODS,CA_3,CA,197,1.28,13,0,33,0,0,0,0.0,188.0,167.0,100.0,248.14285714285714,221.92857142857142
2012-08-14,d_564,FOODS_3_090_CA_3_validation,FOODS_3_090,FOODS_3,FOODS,CA_3,CA,181,1.28,14,1,33,0,0,0,0.0,244.0,156.0,112.0,248.28571428571428,225.07142857142858
2012-08-15,d_565,FOODS_3_090_CA_3_validation,FOODS_3_090,FOODS_3,FOODS,CA_3,CA,201,1.28,15,2,33,0,0,0,0.0,194.0,51.0,118.0,246.71428571428572,230.17857142857142
2012-08-16,d_566,FOODS_3_090_CA_3_validation,FOODS_3_090,FOODS_3,FOODS,CA_3,CA,220,1.28,16,3,33,0,0,0,0.0,222.0,0.0,146.0,235.85714285714286,238.10714285714286
2012-08-17,d_567,FOODS_3_090_CA_3_validation,FOODS_3_090,FOODS_3,FOODS,CA_3,CA,224,1.28,17,4,33,0,0,0,0.0,321.0,0.0,169.0,247.42857142857142,249.57142857142858
2012-08-18,d_568,FOODS_3_090_CA_3_validation,FOODS_3_090,FOODS_3,FOODS,CA_3,CA,297,1.28,18,5,33,1,0,0,0.0,328.0,268.0,182.0,257.14285714285717,251.71428571428572
2012-08-19,d_569,FOODS_3_090_CA_3_validation,FOODS_3_090,FOODS_3,FOODS,CA_3,CA,246,1.28,19,6,33,1,1,0,0.0,363.0,295.0,118.0,265.7142857142857,254.14285714285714
2012-08-20,d_570,FOODS_3_090_CA_3_validation,FOODS_3_090,FOODS_3,FOODS,CA_3,CA,254,1.28,20,0,34,0,0,0,0.0,206.0,141.0,129.0,268.2857142857143,256.4642857142857
2012-08-21,d_571,FOODS_3_090_CA_3_validation,FOODS_3_090,FOODS_3,FOODS,CA_3,CA,130,1.28,21,1,34,0,0,0,0.0,196.0,170.0,79.0,261.42857142857144,257.39285714285717
2012-08-22,d_572,FOODS_3_090_CA_3_validation,FOODS_3_090,FOODS_3,FOODS,CA_3,CA,265,1.28,22,2,34,0,0,0,0.0,207.0,192.0,81.0,263.2857142857143,257.92857142857144
2012-08-23,d_573,FOODS_3_090_CA_3_validation,FOODS_3_090,FOODS_3,FOODS,CA_3,CA,246,1.28,23,3,34,0,0,0,0.0,213.0,238.0,155.0,262.0,257.0357142857143
2012-08-24,d_574,FOODS_3_090_CA_3_validation,FOODS_3_090,FOODS_3,FOODS,CA_3,CA,243,1.28,24,4,34,0,0,0,0.0,281.0,236.0,175.0,256.2857142857143,258.64285714285717
2012-08-25,d_575,FOODS_3_090_CA_3_validation,FOODS_3_090,FOODS_3,FOODS,CA_3,CA,320,1.28,25,5,34,1,0,0,0.0,240.0,247.0,143.0,243.71428571428572,258.39285714285717
2012-08-26,d_576,FOODS_3_090_CA_3_validation,FOODS_3_090,FOODS_3,FOODS,CA_3,CA,236,1.28,26,6,34,1,0,0,0.0,333.0,220.0,147.0,239.42857142857142,262.42857142857144
2012-08-27,d_577,FOODS_3_090_CA_3_validation,FOODS_3_090,FOODS_3,FOODS,CA_3,CA,160,1.28,27,0,35,0,0,0,0.0,283.0,240.0,91.0,250.42857142857142,263.9642857142857
2012-08-28,d_578,FOODS_3_090_CA_3_validation,FOODS_3_090,FOODS_3,FOODS,CA_3,CA,176,1.28,28,1,35,0,0,0,0.0,203.0,346.0,150.0,251.42857142857142,258.85714285714283
2012-08-29,d_579,FOODS_3_090_CA_3_validation,FOODS_3_090,FOODS_3,FOODS,CA_3,CA,203,1.28,29,2,35,0,0,0,0.0,135.0,383.0,172.0,241.14285714285714,250.0
2012-08-30,d_580,FOODS_3_090_CA_3_validation,FOODS_3_090,FOODS_3,FOODS,CA_3,CA,138,1.28,30,3,35,0,0,0,0.0,253.0,150.0,155.0,246.85714285714286,253.67857142857142
2012-08-31,d_581,FOODS_3_090_CA_3_validation,FOODS_3_090,FOODS_3,FOODS,CA_3,CA,182,1.28,31,4,35,0,0,0,0.0,298.0,386.0,161.0,249.28571428571428,250.53571428571428
2012-09-01,d_582,FOODS_3_090_CA_3_validation,FOODS_3_090,FOODS_3,FOODS,CA_3,CA,291,1.28,1,5,35,1,0,1,0.0,281.0,357.0,276.0,255.14285714285714,247.82142857142858
2012-09-02,d_583,FOODS_3_090_CA_3_validation,FOODS_3_090,FOODS_3,FOODS,CA_3,CA,197,1.28,2,6,35,1,0,1,0.0,261.0,215.0,238.0,244.85714285714286,249.46428571428572
2012-09-03,d_584,FOODS_3_090_CA_3_validation,FOODS_3_090,FOODS_3,FOODS,CA_3,CA,319,1.28,3,0,36,0,1,1,0.0,192.0,186.0,172.0,231.85714285714286,249.67857142857142
2012-09-04,d_585,FOODS_3_090_CA_3_validation,FOODS_3_090,FOODS_3,FOODS,CA_3,CA,159,1.28,4,1,36,0,0,1,0.0,143.0,243.0,106.0,223.28571428571428,246.10714285714286
2012-09-05,d_586,FOODS_3_090_CA_3_validation,FOODS_3_090,FOODS_3,FOODS,CA_3,CA,142,1.28,5,2,36,0,0,1,0.0,147.0,205.0,116.0,225.0,244.03571428571428
2012-09-06,d_587,FOODS_3_090_CA_3_validation,FOODS_3_090,FOODS_3,FOODS,CA_3,CA,173,1.28,6,3,36,0,0,1,0.0,270.0,298.0,185.0,227.42857142857142,243.03571428571428
2012-09-07,d_588,FOODS_3_090_CA_3_validation,FOODS_3_090,FOODS_3,FOODS,CA_3,CA,273,1.28,7,4,36,0,0,1,0.0,243.0,240.0,247.0,219.57142857142858,243.14285714285714
2012-09-08,d_589,FOODS_3_090_CA_3_validation,FOODS_3_090,FOODS_3,FOODS,CA_3,CA,272,1.28,8,5,36,1,0,1,0.0,300.0,260.0,188.0,222.28571428571428,244.57142857142858
2012-09-09,d_590,FOODS_3_090_CA_3_validation,FOODS_3_090,FOODS_3,FOODS,CA_3,CA,282,1.28,9,6,36,1,0,1,0.0,239.0,303.0,212.0,219.14285714285714,242.28571428571428
2012-09-10,d_591,FOODS_3_090_CA_3_validation,FOODS_3_090,FOODS_3,FOODS,CA_3,CA,272,1.28,10,0,37,0,0,1,0.0,197.0,188.0,167.0,219.85714285714286,242.60714285714286
2012-09-11,d_592,FOODS_3_090_CA_3_validation,FOODS_3_090,FOODS_3,FOODS,CA_3,CA,260,1.28,11,1,37,0,0,0,0.0,181.0,244.0,156.0,225.28571428571428,240.35714285714286
2012-09-12,d_593,FOODS_3_090_CA_3_validation,FOODS_3_090,FOODS_3,FOODS,CA_3,CA,295,1.28,12,2,37,0,0,0,0.0,201.0,194.0,51.0,233.0,240.60714285714286
2012-09-13,d_594,FOODS_3_090_CA_3_validation,FOODS_3_090,FOODS_3,FOODS,CA_3,CA,200,1.28,13,3,37,0,0,0,0.0,220.0,222.0,0.0,225.85714285714286,240.53571428571428
2012-09-14,d_595,FOODS_3_090_CA_3_validation,FOODS_3_090,FOODS_3,FOODS,CA_3,CA,238,1.28,14,4,37,0,0,0,0.0,224.0,321.0,0.0,223.14285714285714,237.07142857142858
2012-09-15,d_596,FOODS_3_090_CA_3_validation,FOODS_3_090,FOODS_3,FOODS,CA_3,CA,225,1.28,15,5,37,1,0,0,0.0,297.0,328.0,268.0,222.71428571428572,235.96428571428572
2012-09-16,d_597,FOODS_3_090_CA_3_validation,FOODS_3_090,FOODS_3,FOODS,CA_3,CA,299,1.28,16,6,37,1,0,0,0.0,246.0,363.0,295.0,223.71428571428572,231.78571428571428
2012-09-17,d_598,FOODS_3_090_CA_3_validation,FOODS_3_090,FOODS_3,FOODS,CA_3,CA,283,1.28,17,0,38,0,0,0,0.0,254.0,206.0,141.0,231.85714285714286,233.5
2012-09-18,d_599,FOODS_3_090_CA_3_validation,FOODS_3_090,FOODS_3,FOODS,CA_3,CA,234,1.28,18,1,38,0,0,0,0.0,130.0,196.0,170.0,224.57142857142858,231.14285714285714
2012-09-19,d_600,FOODS_3_090_CA_3_validation,FOODS_3_090,FOODS_3,FOODS,CA_3,CA,193,1.28,19,2,38,0,0,0,0.0,265.0,207.0,192.0,233.71428571428572,233.21428571428572
2012-09-20,d_601,FOODS_3_090_CA_3_validation,FOODS_3_090,FOODS_3,FOODS,CA_3,CA,210,1.28,20,3,38,0,0,0,0.0,246.0,213.0,238.0,237.42857142857142,234.39285714285714
2012-09-21,d_602,FOODS_3_090_CA_3_validation,FOODS_3_090,FOODS_3,FOODS,CA_3,CA,346,1.28,21,4,38,0,0,0,0.0,243.0,281.0,236.0,240.14285714285714,233.03571428571428
2012-09-22,d_603,FOODS_3_090_CA_3_validation,FOODS_3_090,FOODS_3,FOODS,CA_3,CA,321,1.28,22,5,38,1,0,0,0.0,320.0,240.0,247.0,243.42857142857142,235.89285714285714
2012-09-23,d_604,FOODS_3_090_CA_3_validation,FOODS_3_090,FOODS_3,FOODS,CA_3,CA,198,1.28,23,6,38,1,0,0,0.0,236.0,333.0,220.0,242.0,232.42857142857142
2012-09-24,d_605,FOODS_3_090_CA_3_validation,FOODS_3_090,FOODS_3,FOODS,CA_3,CA,258,1.28,24,0,39,0,0,0,0.0,160.0,283.0,240.0,228.57142857142858,228.03571428571428
2012-09-25,d_606,FOODS_3_090_CA_3_validation,FOODS_3_090,FOODS_3,FOODS,CA_3,CA,193,1.28,25,1,39,0,0,0,0.0,176.0,203.0,346.0,235.14285714285714,227.07142857142858
2012-09-26,d_607,FOODS_3_090_CA_3_validation,FOODS_3_090,FOODS_3,FOODS,CA_3,CA,254,1.28,26,2,39,0,0,0,0.0,203.0,135.0,383.0,226.28571428571428,229.5
2012-09-27,d_608,FOODS_3_090_CA_3_validation,FOODS_3_090,FOODS_3,FOODS,CA_3,CA,275,1.28,27,3,39,0,0,0,0.0,138.0,253.0,150.0,210.85714285714286,225.39285714285714
2012-09-28,d_609,FOODS_3_090_CA_3_validation,FOODS_3_090,FOODS_3,FOODS,CA_3,CA,313,1.28,28,4,39,0,0,0,0.0,182.0,298.0,386.0,202.14285714285714,221.25
2012-09-29,d_610,FOODS_3_090_CA_3_validation,FOODS_3_090,FOODS_3,FOODS,CA_3,CA,411,1.28,29,5,39,1,0,0,0.0,291.0,281.0,357.0,198.0,221.60714285714286
2012-09-30,d_611,FOODS_3_090_CA_3_validation,FOODS_3_090,FOODS_3,FOODS,CA_3,CA,296,1.28,30,6,39,1,0,0,0.0,197.0,261.0,215.0,192.42857142857142,219.32142857142858
2012-10-01,d_612,FOODS_3_090_CA_3_validation,FOODS_3_090,FOODS_3,FOODS,CA_3,CA,162,1.28,1,0,40,0,0,1,0.0,319.0,192.0,186.0,215.14285714285714,223.85714285714286
2012-10-02,d_613,FOODS_3_090_CA_3_validation,FOODS_3_090,FOODS_3,FOODS,CA_3,CA,173,1.28,2,1,40,0,0,1,0.0,159.0,143.0,243.0,212.71428571428572,224.42857142857142
2012-10-03,d_614,FOODS_3_090_CA_3_validation,FOODS_3_090,FOODS_3,FOODS,CA_3,CA,80,1.28,3,2,40,0,0,1,0.0,142.0,147.0,205.0,204.0,224.25
2012-10-04,d_615,FOODS_3_090_CA_3_validation,FOODS_3_090,FOODS_3,FOODS,CA_3,CA,8,1.28,4,3,40,0,0,1,0.0,173.0,270.0,298.0,209.0,220.78571428571428
2012-10-05,d_616,FOODS_3_090_CA_3_validation,FOODS_3_090,FOODS_3,FOODS,CA_3,CA,0,1.28,5,4,40,0,0,1,0.0,273.0,243.0,240.0,222.0,221.85714285714286
2012-10-06,d_617,FOODS_3_090_CA_3_validation,FOODS_3_090,FOODS_3,FOODS,CA_3,CA,282,1.38,6,5,40,1,0,1,0.078125,272.0,300.0,260.0,219.28571428571428,220.85714285714286
2012-10-07,d_618,FOODS_3_090_CA_3_validation,FOODS_3_090,FOODS_3,FOODS,CA_3,CA,328,1.38,7,6,40,1,0,1,0.0,282.0,239.0,303.0,231.42857142857142,222.39285714285714
2012-10-08,d_619,FOODS_3_090_CA_3_validation,FOODS_3_090,FOODS_3,FOODS,CA_3,CA,303,1.38,8,0,41,0,1,1,0.0,272.0,197.0,188.0,224.71428571428572,225.07142857142858
2012-10-09,d_620,FOODS_3_090_CA_3_validation,FOODS_3_090,FOODS_3,FOODS,CA_3,CA,224,1.38,9,1,41,0,0,1,0.0,260.0,181.0,244.0,239.14285714285714,227.89285714285714
2012-10-10,d_621,FOODS_3_090_CA_3_validation,FOODS_3_090,FOODS_3,FOODS,CA_3,CA,248,1.38,10,2,41,0,0,1,0.0,295.0,201.0,194.0,261.0,231.25
2012-10-11,d_622,FOODS_3_090_CA_3_validation,FOODS_3_090,FOODS_3,FOODS,CA_3,CA,237,1.38,11,3,41,0,0,0,0.0,200.0,220.0,222.0,264.85714285714283,230.53571428571428
2012-10-12,d_623,FOODS_3_090_CA_3_validation,FOODS_3_090,FOODS_3,FOODS,CA_3,CA,289,1.38,12,4,41,0,0,0,0.0,238.0,224.0,321.0,259.85714285714283,231.03571428571428
2012-10-13,d_624,FOODS_3_090_CA_3_validation,FOODS_3_090,FOODS_3,FOODS,CA_3,CA,337,1.38,13,5,41,1,0,0,0.0,225.0,297.0,328.0,253.14285714285714,228.46428571428572
2012-10-14,d_625,FOODS_3_090_CA_3_validation,FOODS_3_090,FOODS_3,FOODS,CA_3,CA,328,1.38,14,6,41,1,0,0,0.0,299.0,246.0,363.0,255.57142857142858,230.35714285714286
2012-10-15,d_626,FOODS_3_090_CA_3_validation,FOODS_3_090,FOODS_3,FOODS,CA_3,CA,147,1.38,15,0,42,0,0,0,0.0,283.0,254.0,206.0,257.14285714285717,231.39285714285714
2012-10-16,d_627,FOODS_3_090_CA_3_validation,FOODS_3_090,FOODS_3,FOODS,CA_3,CA,184,1.38,16,1,42,0,0,0,0.0,234.0,130.0,196.0,253.42857142857142,235.10714285714286
2012-10-17,d_628,FOODS_3_090_CA_3_validation,FOODS_3_090,FOODS_3,FOODS,CA_3,CA,220,1.38,17,2,42,0,0,0,0.0,193.0,265.0,207.0,238.85714285714286,232.53571428571428
2012-10-18,d_629,FOODS_3_090_CA_3_validation,FOODS_3_090,FOODS_3,FOODS,CA_3,CA,214,1.38,18,3,42,0,0,0,0.0,210.0,246.0,213.0,240.28571428571428,231.25
2012-10-19,d_630,FOODS_3_090_CA_3_validation,FOODS_3_090,FOODS_3,FOODS,CA_3,CA,342,1.38,19,4,42,0,0,0,0.0,346.0,243.0,281.0,255.71428571428572,234.92857142857142
2012-10-20,d_631,FOODS_3_090_CA_3_validation,FOODS_3_090,FOODS_3,FOODS,CA_3,CA,323,1.38,20,5,42,1,0,0,0.0,321.0,320.0,240.0,269.42857142857144,234.96428571428572
2012-10-21,d_632,FOODS_3_090_CA_3_validation,FOODS_3_090,FOODS_3,FOODS,CA_3,CA,253,1.38,21,6,42,1,0,0,0.0,198.0,236.0,333.0,255.0,233.60714285714286
2012-10-22,d_633,FOODS_3_090_CA_3_validation,FOODS_3_090,FOODS_3,FOODS,CA_3,CA,200,1.38,22,0,43,0,0,0,0.0,258.0,160.0,283.0,251.42857142857142,237.10714285714286
2012-10-23,d_634,FOODS_3_090_CA_3_validation,FOODS_3_090,FOODS_3,FOODS,CA_3,CA,80,1.38,23,1,43,0,0,0,0.0,193.0,176.0,203.0,245.57142857142858,237.71428571428572
2012-10-24,d_635,FOODS_3_090_CA_3_validation,FOODS_3_090,FOODS_3,FOODS,CA_3,CA,0,1.38,24,2,43,0,0,0,0.0,254.0,203.0,135.0,254.28571428571428,239.53571428571428
2012-10-25,d_636,FOODS_3_090_CA_3_validation,FOODS_3_090,FOODS_3,FOODS,CA_3,CA,0,1.38,25,3,43,0,0,0,0.0,275.0,138.0,253.0,263.57142857142856,244.42857142857142
2012-10-26,d_637,FOODS_3_090_CA_3_validation,FOODS_3_090,FOODS_3,FOODS,CA_3,CA,0,1.38,26,4,43,0,1,0,0.0,313.0,182.0,298.0,258.85714285714283,249.10714285714286
2012-10-27,d_638,FOODS_3_090_CA_3_validation,FOODS_3_090,FOODS_3,FOODS,CA_3,CA,279,1.25,27,5,43,1,0,0,-0.09420289855072461,411.0,291.0,281.0,271.7142857142857,253.39285714285714
2012-10-28,d_639,FOODS_3_090_CA_3_validation,FOODS_3_090,FOODS_3,FOODS,CA_3,CA,177,1.25,28,6,43,1,0,0,0.0,296.0,197.0,261.0,285.7142857142857,256.92857142857144
2012-10-29,d_640,FOODS_3_090_CA_3_validation,FOODS_3_090,FOODS_3,FOODS,CA_3,CA,127,1.25,29,0,44,0,0,0,0.0,162.0,319.0,192.0,272.0,251.32142857142858
2012-10-30,d_641,FOODS_3_090_CA_3_validation,FOODS_3_090,FOODS_3,FOODS,CA_3,CA,194,1.25,30,1,44,0,0,0,0.0,173.0,159.0,143.0,269.14285714285717,251.82142857142858
2012-10-31,d_642,FOODS_3_090_CA_3_validation,FOODS_3_090,FOODS_3,FOODS,CA_3,CA,132,1.25,31,2,44,0,1,0,0.0,80.0,142.0,147.0,244.28571428571428,249.60714285714286
2012-11-01,d_643,FOODS_3_090_CA_3_validation,FOODS_3_090,FOODS_3,FOODS,CA_3,CA,181,1.25,1,3,44,0,0,1,0.0,8.0,173.0,270.0,206.14285714285714,243.71428571428572
2012-11-02,d_644,FOODS_3_090_CA_3_validation,FOODS_3_090,FOODS_3,FOODS,CA_3,CA,214,1.25,2,4,44,0,0,1,0.0,0.0,273.0,243.0,161.42857142857142,233.96428571428572
2012-11-03,d_645,FOODS_3_090_CA_3_validation,FOODS_3_090,FOODS_3,FOODS,CA_3,CA,264,1.25,3,5,44,1,0,1,0.0,282.0,272.0,300.0,143.0,234.32142857142858
2012-11-04,d_646,FOODS_3_090_CA_3_validation,FOODS_3_090,FOODS_3,FOODS,CA_3,CA,259,1.25,4,6,44,1,0,1,0.0,328.0,282.0,239.0,147.57142857142858,235.96428571428572
2012-11-05,d_647,FOODS_3_090_CA_3_validation,FOODS_3_090,FOODS_3,FOODS,CA_3,CA,165,1.25,5,0,45,0,0,1,0.0,303.0,272.0,197.0,167.71428571428572,237.07142857142858
2012-11-06,d_648,FOODS_3_090_CA_3_validation,FOODS_3_090,FOODS_3,FOODS,CA_3,CA,173,1.25,6,1,45,0,0,1,0.0,224.0,260.0,181.0,175.0,235.78571428571428
2012-11-07,d_649,FOODS_3_090_CA_3_validation,FOODS_3_090,FOODS_3,FOODS,CA_3,CA,205,1.25,7,2,45,0,0,1,0.0,248.0,295.0,201.0,199.0,234.10714285714286
2012-11-08,d_650,FOODS_3_090_CA_3_validation,FOODS_3_090,FOODS_3,FOODS,CA_3,CA,168,1.25,8,3,45,0,0,1,0.0,237.0,200.0,220.0,231.71428571428572,235.42857142857142
2012-11-09,d_651,FOODS_3_090_CA_3_validation,FOODS_3_090,FOODS_3,FOODS,CA_3,CA,226,1.25,9,4,45,0,0,1,0.0,289.0,238.0,224.0,273.0,237.25
2012-11-10,d_652,FOODS_3_090_CA_3_validation,FOODS_3_090,FOODS_3,FOODS,CA_3,CA,287,1.25,10,5,45,1,0,1,0.0,337.0,225.0,297.0,280.85714285714283,241.25
2012-11-11,d_653,FOODS_3_090_CA_3_validation,FOODS_3_090,FOODS_3,FOODS,CA_3,CA,262,1.25,11,6,45,1,1,0,0.0,328.0,299.0,246.0,280.85714285714283,242.28571428571428
2012-11-12,d_654,FOODS_3_090_CA_3_validation,FOODS_3_090,FOODS_3,FOODS,CA_3,CA,178,1.25,12,0,46,0,0,0,0.0,147.0,283.0,254.0,258.57142857142856,237.42857142857142
2012-11-13,d_655,FOODS_3_090_CA_3_validation,FOODS_3_090,FOODS_3,FOODS,CA_3,CA,119,1.25,13,1,46,0,0,0,0.0,184.0,234.0,130.0,252.85714285714286,235.64285714285714
2012-11-14,d_656,FOODS_3_090_CA_3_validation,FOODS_3_090,FOODS_3,FOODS,CA_3,CA,143,1.25,14,2,46,0,0,0,0.0,220.0,193.0,265.0,248.85714285714286,236.60714285714286
2012-11-15,d_657,FOODS_3_090_CA_3_validation,FOODS_3_090,FOODS_3,FOODS,CA_3,CA,152,1.25,15,3,46,0,0,0,0.0,214.0,210.0,246.0,245.57142857142858,236.75
2012-11-16,d_658,FOODS_3_090_CA_3_validation,FOODS_3_090,FOODS_3,FOODS,CA_3,CA,212,1.25,16,4,46,0,0,0,0.0,342.0,346.0,243.0,253.14285714285714,236.60714285714286
2012-11-17,d_659,FOODS_3_090_CA_3_validation,FOODS_3_090,FOODS_3,FOODS,CA_3,CA,202,1.25,17,5,46,1,0,0,0.0,323.0,321.0,320.0,251.14285714285714,236.67857142857142
2012-11-18,d_660,FOODS_3_090_CA_3_validation,FOODS_3_090,FOODS_3,FOODS,CA_3,CA,224,1.25,18,6,46,1,0,0,0.0,253.0,198.0,236.0,240.42857142857142,238.64285714285714
2012-11-19,d_661,FOODS_3_090_CA_3_validation,FOODS_3_090,FOODS_3,FOODS,CA_3,CA,187,1.25,19,0,47,0,0,0,0.0,200.0,258.0,160.0,248.0,236.57142857142858
2012-11-20,d_662,FOODS_3_090_CA_3_validation,FOODS_3_090,FOODS_3,FOODS,CA_3,CA,243,1.25,20,1,47,0,0,0,0.0,80.0,193.0,176.0,233.14285714285714,232.53571428571428
2012-11-21,d_663,FOODS_3_090_CA_3_validation,FOODS_3_090,FOODS_3,FOODS,CA_3,CA,308,1.25,21,2,47,0,0,0,0.0,0.0,254.0,203.0,201.71428571428572,223.46428571428572
2012-11-22,d_664,FOODS_3_090_CA_3_validation,FOODS_3_090,FOODS_3,FOODS,CA_3,CA,361,1.25,22,3,47,0,1,0,0.0,0.0,275.0,138.0,171.14285714285714,213.64285714285714
2012-11-23,d_665,FOODS_3_090_CA_3_validation,FOODS_3_090,FOODS_3,FOODS,CA_3,CA,0,1.25,23,4,47,0,0,0,0.0,0.0,313.0,182.0,122.28571428571429,202.46428571428572
2012-11-24,d_666,FOODS_3_090_CA_3_validation,FOODS_3_090,FOODS_3,FOODS,CA_3,CA,207,1.25,24,5,47,1,0,0,0.0,279.0,411.0,291.0,116.0,197.75
2012-11-25,d_667,FOODS_3_090_CA_3_validation,FOODS_3_090,FOODS_3,FOODS,CA_3,CA,164,1.25,25,6,47,1,0,0,0.0,177.0,296.0,197.0,105.14285714285714,193.5
2012-11-26,d_668,FOODS_3_090_CA_3_validation,FOODS_3_090,FOODS_3,FOODS,CA_3,CA,113,1.25,26,0,48,0,0,0,0.0,127.0,162.0,319.0,94.71428571428571,192.25
2012-11-27,d_669,FOODS_3_090_CA_3_validation,FOODS_3_090,FOODS_3,FOODS,CA_3,CA,106,1.25,27,1,48,0,0,0,0.0,194.0,173.0,159.0,111.0,193.0
2012-11-28,d_670,FOODS_3_090_CA_3_validation,FOODS_3_090,FOODS_3,FOODS,CA_3,CA,168,1.25,28,2,48,0,0,0,0.0,132.0,80.0,142.0,129.85714285714286,194.85714285714286
2012-11-29,d_671,FOODS_3_090_CA_3_validation,FOODS_3_090,FOODS_3,FOODS,CA_3,CA,165,1.25,29,3,48,0,0,0,0.0,181.0,8.0,173.0,155.71428571428572,201.03571428571428
2012-11-30,d_672,FOODS_3_090_CA_3_validation,FOODS_3_090,FOODS_3,FOODS,CA_3,CA,188,1.25,30,4,48,0,0,0,0.0,214.0,0.0,273.0,186.28571428571428,208.67857142857142
2012-12-01,d_673,FOODS_3_090_CA_3_validation,FOODS_3_090,FOODS_3,FOODS,CA_3,CA,316,1.25,1,5,48,1,0,1,0.0,264.0,282.0,272.0,184.14285714285714,208.03571428571428
2012-12-02,d_674,FOODS_3_090_CA_3_validation,FOODS_3_090,FOODS_3,FOODS,CA_3,CA,237,1.25,2,6,48,1,0,1,0.0,259.0,328.0,282.0,195.85714285714286,205.57142857142858
2012-12-03,d_675,FOODS_3_090_CA_3_validation,FOODS_3_090,FOODS_3,FOODS,CA_3,CA,184,1.25,3,0,49,0,0,1,0.0,165.0,303.0,272.0,201.28571428571428,200.64285714285714
2012-12-04,d_676,FOODS_3_090_CA_3_validation,FOODS_3_090,FOODS_3,FOODS,CA_3,CA,212,1.25,4,1,49,0,0,1,0.0,173.0,224.0,260.0,198.28571428571428,198.82142857142858
2012-12-05,d_677,FOODS_3_090_CA_3_validation,FOODS_3_090,FOODS_3,FOODS,CA_3,CA,226,1.25,5,2,49,0,0,1,0.0,205.0,248.0,295.0,208.71428571428572,197.28571428571428
2012-12-06,d_678,FOODS_3_090_CA_3_validation,FOODS_3_090,FOODS_3,FOODS,CA_3,CA,164,1.25,6,3,49,0,0,1,0.0,168.0,237.0,200.0,206.85714285714286,194.82142857142858
2012-12-07,d_679,FOODS_3_090_CA_3_validation,FOODS_3_090,FOODS_3,FOODS,CA_3,CA,320,1.25,7,4,49,0,0,1,0.0,226.0,289.0,238.0,208.57142857142858,192.57142857142858
2012-12-08,d_680,FOODS_3_090_CA_3_validation,FOODS_3_090,FOODS_3,FOODS,CA_3,CA,249,1.25,8,5,49,1,0,1,0.0,287.0,337.0,225.0,211.85714285714286,190.78571428571428
2012-12-09,d_681,FOODS_3_090_CA_3_validation,FOODS_3_090,FOODS_3,FOODS,CA_3,CA,221,1.25,9,6,49,1,0,1,0.0,262.0,328.0,299.0,212.28571428571428,188.42857142857142
2012-12-10,d_682,FOODS_3_090_CA_3_validation,FOODS_3_090,FOODS_3,FOODS,CA_3,CA,224,1.25,10,0,50,0,0,1,0.0,178.0,147.0,283.0,214.14285714285714,189.53571428571428
2012-12-11,d_683,FOODS_3_090_CA_3_validation,FOODS_3_090,FOODS_3,FOODS,CA_3,CA,167,1.25,11,1,50,0,0,0,0.0,119.0,184.0,234.0,206.42857142857142,187.21428571428572
2012-12-12,d_684,FOODS_3_090_CA_3_validation,FOODS_3_090,FOODS_3,FOODS,CA_3,CA,173,1.25,12,2,50,0,0,0,0.0,143.0,220.0,193.0,197.57142857142858,184.46428571428572
2012-12-13,d_685,FOODS_3_090_CA_3_validation,FOODS_3_090,FOODS_3,FOODS,CA_3,CA,196,1.25,13,3,50,0,0,0,0.0,152.0,214.0,210.0,195.28571428571428,182.25
2012-12-14,d_686,FOODS_3_090_CA_3_validation,FOODS_3_090,FOODS_3,FOODS,CA_3,CA,190,1.25,14,4,50,0,0,0,0.0,212.0,342.0,346.0,193.28571428571428,177.60714285714286
2012-12-15,d_687,FOODS_3_090_CA_3_validation,FOODS_3_090,FOODS_3,FOODS,CA_3,CA,269,1.25,15,5,50,1,0,0,0.0,202.0,323.0,321.0,181.14285714285714,173.28571428571428
2012-12-16,d_688,FOODS_3_090_CA_3_validation,FOODS_3_090,FOODS_3,FOODS,CA_3,CA,218,1.25,16,6,50,1,1,0,0.0,224.0,253.0,198.0,175.71428571428572,172.25
2012-12-17,d_689,FOODS_3_090_CA_3_validation,FOODS_3_090,FOODS_3,FOODS,CA_3,CA,183,1.25,17,0,51,0,0,0,0.0,187.0,200.0,258.0,177.0,171.78571428571428
2012-12-18,d_690,FOODS_3_090_CA_3_validation,FOODS_3_090,FOODS_3,FOODS,CA_3,CA,162,1.25,18,1,51,0,0,0,0.0,243.0,80.0,193.0,194.71428571428572,177.60714285714286
2012-12-19,d_691,FOODS_3_090_CA_3_validation,FOODS_3_090,FOODS_3,FOODS,CA_3,CA,165,1.25,19,2,51,0,0,0,0.0,308.0,0.0,254.0,218.28571428571428,188.60714285714286
2012-12-20,d_692,FOODS_3_090_CA_3_validation,FOODS_3_090,FOODS_3,FOODS,CA_3,CA,164,1.25,20,3,51,0,0,0,0.0,361.0,0.0,275.0,248.14285714285714,201.5
2012-12-21,d_693,FOODS_3_090_CA_3_validation,FOODS_3_090,FOODS_3,FOODS,CA_3,CA,189,1.25,21,4,51,0,0,0,0.0,0.0,0.0,313.0,217.85714285714286,201.5
2012-12-22,d_694,FOODS_3_090_CA_3_validation,FOODS_3_090,FOODS_3,FOODS,CA_3,CA,290,1.25,22,5,51,1,0,0,0.0,207.0,279.0,411.0,218.57142857142858,198.92857142857142
2012-12-23,d_695,FOODS_3_090_CA_3_validation,FOODS_3_090,FOODS_3,FOODS,CA_3,CA,396,1.25,23,6,51,1,0,0,0.0,164.0,177.0,296.0,210.0,198.46428571428572
2012-12-24,d_696,FOODS_3_090_CA_3_validation,FOODS_3_090,FOODS_3,FOODS,CA_3,CA,546,1.25,24,0,52,0,0,0,0.0,113.0,127.0,162.0,199.42857142857142,197.96428571428572
2012-12-25,d_697,FOODS_3_090_CA_3_validation,FOODS_3_090,FOODS_3,FOODS,CA_3,CA,0,1.25,25,1,52,0,1,0,0.0,106.0,194.0,173.0,179.85714285714286,194.82142857142858
2012-12-26,d_698,FOODS_3_090_CA_3_validation,FOODS_3_090,FOODS_3,FOODS,CA_3,CA,219,1.25,26,2,52,0,0,0,0.0,168.0,132.0,80.0,159.85714285714286,196.10714285714286
2012-12-27,d_699,FOODS_3_090_CA_3_validation,FOODS_3_090,FOODS_3,FOODS,CA_3,CA,191,1.25,27,3,52,0,0,0,0.0,165.0,181.0,8.0,131.85714285714286,195.53571428571428
2012-12-28,d_700,FOODS_3_090_CA_3_validation,FOODS_3_090,FOODS_3,FOODS,CA_3,CA,215,1.25,28,4,52,0,0,0,0.0,188.0,214.0,0.0,158.71428571428572,194.60714285714286
2012-12-29,d_701,FOODS_3_090_CA_3_validation,FOODS_3_090,FOODS_3,FOODS,CA_3,CA,258,1.25,29,5,52,1,0,0,0.0,316.0,264.0,282.0,174.28571428571428,196.46428571428572
2012-12-30,d_702,FOODS_3_090_CA_3_validation,FOODS_3_090,FOODS_3,FOODS,CA_3,CA,366,1.25,30,6,52,1,0,0,0.0,237.0,259.0,328.0,184.71428571428572,195.67857142857142
2012-12-31,d_703,FOODS_3_090_CA_3_validation,FOODS_3_090,FOODS_3,FOODS,CA_3,CA,485,1.25,31,0,1,0,0,0,0.0,184.0,165.0,303.0,194.85714285714286,196.35714285714286
2013-01-01,d_704,FOODS_3_090_CA_3_validation,FOODS_3_090,FOODS_3,FOODS,CA_3,CA,0,1.25,1,1,1,0,1,1,0.0,212.0,173.0,224.0,210.0,197.75
2013-01-02,d_705,FOODS_3_090_CA_3_validation,FOODS_3_090,FOODS_3,FOODS,CA_3,CA,224,1.25,2,2,1,0,0,1,0.0,226.0,205.0,248.0,218.28571428571428,198.5
2013-01-03,d_706,FOODS_3_090_CA_3_validation,FOODS_3_090,FOODS_3,FOODS,CA_3,CA,241,1.25,3,3,1,0,0,1,0.0,164.0,168.0,237.0,218.14285714285714,198.35714285714286
2013-01-04,d_707,FOODS_3_090_CA_3_validation,FOODS_3_090,FOODS_3,FOODS,CA_3,CA,232,1.25,4,4,1,0,0,1,0.0,320.0,226.0,289.0,237.0,201.71428571428572
2013-01-05,d_708,FOODS_3_090_CA_3_validation,FOODS_3_090,FOODS_3,FOODS,CA_3,CA,301,1.25,5,5,1,1,0,1,0.0,249.0,287.0,337.0,227.42857142857142,200.35714285714286
2013-01-06,d_709,FOODS_3_090_CA_3_validation,FOODS_3_090,FOODS_3,FOODS,CA_3,CA,270,1.25,6,6,1,1,0,1,0.0,221.0,262.0,328.0,225.14285714285714,198.89285714285714
2013-01-07,d_710,FOODS_3_090_CA_3_validation,FOODS_3_090,FOODS_3,FOODS,CA_3,CA,188,1.25,7,0,2,0,1,1,0.0,224.0,178.0,147.0,230.85714285714286,200.53571428571428
2013-01-08,d_711,FOODS_3_090_CA_3_validation,FOODS_3_090,FOODS_3,FOODS,CA_3,CA,215,1.25,8,1,2,0,0,1,0.0,167.0,119.0,184.0,224.42857142857142,202.25
2013-01-09,d_712,FOODS_3_090_CA_3_validation,FOODS_3_090,FOODS_3,FOODS,CA_3,CA,197,1.25,9,2,2,0,0,1,0.0,173.0,143.0,220.0,216.85714285714286,203.32142857142858
2013-01-10,d_713,FOODS_3_090_CA_3_validation,FOODS_3_090,FOODS_3,FOODS,CA_3,CA,245,1.25,10,3,2,0,0,1,0.0,196.0,152.0,214.0,221.42857142857142,204.89285714285714
2013-01-11,d_714,FOODS_3_090_CA_3_validation,FOODS_3_090,FOODS_3,FOODS,CA_3,CA,214,1.25,11,4,2,0,0,0,0.0,190.0,212.0,342.0,202.85714285714286,204.10714285714286
2013-01-12,d_715,FOODS_3_090_CA_3_validation,FOODS_3_090,FOODS_3,FOODS,CA_3,CA,351,1.25,12,5,2,1,0,0,0.0,269.0,202.0,323.0,205.71428571428572,206.5
2013-01-13,d_716,FOODS_3_090_CA_3_validation,FOODS_3_090,FOODS_3,FOODS,CA_3,CA,281,1.25,13,6,2,1,0,0,0.0,218.0,224.0,253.0,205.28571428571428,206.28571428571428
2013-01-14,d_717,FOODS_3_090_CA_3_validation,FOODS_3_090,FOODS_3,FOODS,CA_3,CA,206,1.25,14,0,3,0,0,0,0.0,183.0,187.0,200.0,199.42857142857142,206.14285714285714
2013-01-15,d_718,FOODS_3_090_CA_3_validation,FOODS_3_090,FOODS_3,FOODS,CA_3,CA,158,1.25,15,1,3,0,0,0,0.0,162.0,243.0,80.0,198.71428571428572,203.25
2013-01-16,d_719,FOODS_3_090_CA_3_validation,FOODS_3_090,FOODS_3,FOODS,CA_3,CA,191,1.25,16,2,3,0,0,0,0.0,165.0,308.0,0.0,197.57142857142858,198.14285714285714
2013-01-17,d_720,FOODS_3_090_CA_3_validation,FOODS_3_090,FOODS_3,FOODS,CA_3,CA,170,1.25,17,3,3,0,0,0,0.0,164.0,361.0,0.0,193.0,191.10714285714286
2013-01-18,d_721,FOODS_3_090_CA_3_validation,FOODS_3_090,FOODS_3,FOODS,CA_3,CA,224,1.25,18,4,3,0,0,0,0.0,189.0,0.0,0.0,192.85714285714286,197.85714285714286
2013-01-19,d_722,FOODS_3_090_CA_3_validation,FOODS_3_090,FOODS_3,FOODS,CA_3,CA,362,1.25,19,5,3,1,0,0,0.0,290.0,207.0,279.0,195.85714285714286,200.82142857142858
2013-01-20,d_723,FOODS_3_090_CA_3_validation,FOODS_3_090,FOODS_3,FOODS,CA_3,CA,255,1.25,20,6,3,1,0,0,0.0,396.0,164.0,177.0,221.28571428571428,209.10714285714286
2013-01-21,d_724,FOODS_3_090_CA_3_validation,FOODS_3_090,FOODS_3,FOODS,CA_3,CA,237,1.25,21,0,4,0,1,0,0.0,546.0,113.0,127.0,273.14285714285717,224.57142857142858
2013-01-22,d_725,FOODS_3_090_CA_3_validation,FOODS_3_090,FOODS_3,FOODS,CA_3,CA,63,1.25,22,1,4,0,0,0,0.0,0.0,106.0,194.0,250.0,220.78571428571428
2013-01-23,d_726,FOODS_3_090_CA_3_validation,FOODS_3_090,FOODS_3,FOODS,CA_3,CA,0,1.25,23,2,4,0,0,0,0.0,219.0,168.0,132.0,257.7142857142857,222.60714285714286
2013-01-24,d_727,FOODS_3_090_CA_3_validation,FOODS_3_090,FOODS_3,FOODS,CA_3,CA,0,1.25,24,3,4,0,0,0,0.0,191.0,165.0,181.0,261.57142857142856,223.53571428571428
2013-01-25,d_728,FOODS_3_090_CA_3_validation,FOODS_3_090,FOODS_3,FOODS,CA_3,CA,0,1.25,25,4,4,0,0,0,0.0,215.0,188.0,214.0,265.2857142857143,224.5
2013-01-26,d_729,FOODS_3_090_CA_3_validation,FOODS_3_090,FOODS_3,FOODS,CA_3,CA,208,1.38,26,5,4,1,0,0,0.10399999999999987,258.0,316.0,264.0,260.7142857142857,222.42857142857142
2013-01-27,d_730,FOODS_3_090_CA_3_validation,FOODS_3_090,FOODS_3,FOODS,CA_3,CA,208,1.38,27,6,4,1,0,0,0.0,366.0,237.0,259.0,256.42857142857144,227.03571428571428
2013-01-28,d_731,FOODS_3_090_CA_3_validation,FOODS_3_090,FOODS_3,FOODS,CA_3,CA,127,1.38,28,0,5,0,0,0,0.0,485.0,184.0,165.0,247.71428571428572,237.78571428571428
2013-01-29,d_732,FOODS_3_090_CA_3_validation,FOODS_3_090,FOODS_3,FOODS,CA_3,CA,148,1.38,29,1,5,0,0,0,0.0,0.0,212.0,173.0,247.71428571428572,230.21428571428572
2013-01-30,d_733,FOODS_3_090_CA_3_validation,FOODS_3_090,FOODS_3,FOODS,CA_3,CA,109,1.38,30,2,5,0,0,0,0.0,224.0,226.0,205.0,248.42857142857142,230.14285714285714
2013-01-31,d_734,FOODS_3_090_CA_3_validation,FOODS_3_090,FOODS_3,FOODS,CA_3,CA,136,1.38,31,3,5,0,0,0,0.0,241.0,164.0,168.0,255.57142857142858,232.89285714285714
2013-02-01,d_735,FOODS_3_090_CA_3_validation,FOODS_3_090,FOODS_3,FOODS,CA_3,CA,257,1.38,1,4,5,0,0,1,0.0,232.0,320.0,226.0,258.0,229.75
2013-02-02,d_736,FOODS_3_090_CA_3_validation,FOODS_3_090,FOODS_3,FOODS,CA_3,CA,268,1.38,2,5,5,1,0,1,0.0,301.0,249.0,287.0,264.14285714285717,231.60714285714286
2013-02-03,d_737,FOODS_3_090_CA_3_validation,FOODS_3_090,FOODS_3,FOODS,CA_3,CA,300,1.38,3,6,5,1,1,1,0.0,270.0,221.0,262.0,250.42857142857142,233.35714285714286
2013-02-04,d_738,FOODS_3_090_CA_3_validation,FOODS_3_090,FOODS_3,FOODS,CA_3,CA,118,1.38,4,0,6,0,0,1,0.0,188.0,224.0,178.0,208.0,232.07142857142858
2013-02-05,d_739,FOODS_3_090_CA_3_validation,FOODS_3_090,FOODS_3,FOODS,CA_3,CA,88,1.38,5,1,6,0,0,1,0.0,215.0,167.0,119.0,238.71428571428572,233.78571428571428
2013-02-06,d_740,FOODS_3_090_CA_3_validation,FOODS_3_090,FOODS_3,FOODS,CA_3,CA,93,1.38,6,2,6,0,0,1,0.0,197.0,173.0,143.0,234.85714285714286,234.64285714285714
2013-02-07,d_741,FOODS_3_090_CA_3_validation,FOODS_3_090,FOODS_3,FOODS,CA_3,CA,148,1.38,7,3,6,0,0,1,0.0,245.0,196.0,152.0,235.42857142857142,236.39285714285714
2013-02-08,d_742,FOODS_3_090_CA_3_validation,FOODS_3_090,FOODS_3,FOODS,CA_3,CA,188,1.38,8,4,6,0,0,1,0.0,214.0,190.0,212.0,232.85714285714286,237.25
2013-02-09,d_743,FOODS_3_090_CA_3_validation,FOODS_3_090,FOODS_3,FOODS,CA_3,CA,167,1.38,9,5,6,1,0,1,0.0,351.0,269.0,202.0,240.0,240.17857142857142
2013-02-10,d_744,FOODS_3_090_CA_3_validation,FOODS_3_090,FOODS_3,FOODS,CA_3,CA,105,1.38,10,6,6,1,0,1,0.0,281.0,218.0,224.0,241.57142857142858,242.42857142857142
2013-02-11,d_745,FOODS_3_090_CA_3_validation,FOODS_3_090,FOODS_3,FOODS,CA_3,CA,172,1.38,11,0,7,0,0,0,0.0,206.0,183.0,187.0,244.14285714285714,243.25
2013-02-12,d_746,FOODS_3_090_CA_3_validation,FOODS_3_090,FOODS_3,FOODS,CA_3,CA,93,1.38,12,1,7,0,0,0,0.0,158.0,162.0,243.0,236.0,243.10714285714286
2013-02-13,d_747,FOODS_3_090_CA_3_validation,FOODS_3_090,FOODS_3,FOODS,CA_3,CA,173,1.38,13,2,7,0,1,0,0.0,191.0,165.0,308.0,235.14285714285714,244.03571428571428
2013-02-14,d_748,FOODS_3_090_CA_3_validation,FOODS_3_090,FOODS_3,FOODS,CA_3,CA,105,1.38,14,3,7,0,1,0,0.0,170.0,164.0,361.0,224.42857142857142,244.25
2013-02-15,d_749,FOODS_3_090_CA_3_validation,FOODS_3_090,FOODS_3,FOODS,CA_3,CA,177,1.38,15,4,7,0,0,0,0.0,224.0,189.0,0.0,225.85714285714286,245.5
2013-02-16,d_750,FOODS_3_090_CA_3_validation,FOODS_3_090,FOODS_3,FOODS,CA_3,CA,189,1.38,16,5,7,1,0,0,0.0,362.0,290.0,207.0,227.42857142857142,248.07142857142858
2013-02-17,d_751,FOODS_3_090_CA_3_validation,FOODS_3_090,FOODS_3,FOODS,CA_3,CA,174,1.38,17,6,7,1,0,0,0.0,255.0,396.0,164.0,223.71428571428572,243.03571428571428
2013-02-18,d_752,FOODS_3_090_CA_3_validation,FOODS_3_090,FOODS_3,FOODS,CA_3,CA,117,1.38,18,0,8,0,1,0,0.0,237.0,546.0,113.0,228.14285714285714,232.0
2013-02-19,d_753,FOODS_3_090_CA_3_validation,FOODS_3_090,FOODS_3,FOODS,CA_3,CA,109,1.38,19,1,8,0,0,0,0.0,63.0,0.0,106.0,214.57142857142858,234.25
2013-02-20,d_754,FOODS_3_090_CA_3_validation,FOODS_3_090,FOODS_3,FOODS,CA_3,CA,125,1.38,20,2,8,0,1,0,0.0,0.0,219.0,168.0,187.28571428571428,226.42857142857142
2013-02-21,d_755,FOODS_3_090_CA_3_validation,FOODS_3_090,FOODS_3,FOODS,CA_3,CA,130,1.38,21,3,8,0,0,0,0.0,0.0,191.0,165.0,163.0,219.60714285714286
2013-02-22,d_756,FOODS_3_090_CA_3_validation,FOODS_3_090,FOODS_3,FOODS,CA_3,CA,181,1.38,22,4,8,0,0,0,0.0,0.0,215.0,188.0,131.0,211.92857142857142
2013-02-23,d_757,FOODS_3_090_CA_3_validation,FOODS_3_090,FOODS_3,FOODS,CA_3,CA,169,1.38,23,5,8,1,0,0,0.0,208.0,258.0,316.0,109.0,210.14285714285714
2013-02-24,d_758,FOODS_3_090_CA_3_validation,FOODS_3_090,FOODS_3,FOODS,CA_3,CA,157,1.38,24,6,8,1,1,0,0.0,208.0,366.0,237.0,102.28571428571429,204.5
2013-02-25,d_759,FOODS_3_090_CA_3_validation,FOODS_3_090,FOODS_3,FOODS,CA_3,CA,113,1.38,25,0,9,0,0,0,0.0,127.0,485.0,184.0,86.57142857142857,191.71428571428572
2013-02-26,d_760,FOODS_3_090_CA_3_validation,FOODS_3_090,FOODS_3,FOODS,CA_3,CA,120,1.38,26,1,9,0,0,0,0.0,148.0,0.0,212.0,98.71428571428571,197.0
2013-02-27,d_761,FOODS_3_090_CA_3_validation,FOODS_3_090,FOODS_3,FOODS,CA_3,CA,88,1.38,27,2,9,0,0,0,0.0,109.0,224.0,226.0,114.28571428571429,192.89285714285714
2013-02-28,d_762,FOODS_3_090_CA_3_validation,FOODS_3_090,FOODS_3,FOODS,CA_3,CA,117,1.38,28,3,9,0,0,0,0.0,136.0,241.0,164.0,133.71428571428572,189.14285714285714
2013-03-01,d_763,FOODS_3_090_CA_3_validation,FOODS_3_090,FOODS_3,FOODS,CA_3,CA,150,1.38,1,4,9,0,0,1,0.0,257.0,232.0,320.0,170.42857142857142,190.03571428571428
2013-03-02,d_764,FOODS_3_090_CA_3_validation,FOODS_3_090,FOODS_3,FOODS,CA_3,CA,188,1.38,2,5,9,1,0,1,0.0,268.0,301.0,249.0,179.0,188.85714285714286
2013-03-03,d_765,FOODS_3_090_CA_3_validation,FOODS_3_090,FOODS_3,FOODS,CA_3,CA,125,1.38,3,6,9,1,0,1,0.0,300.0,270.0,221.0,192.14285714285714,189.92857142857142
2013-03-04,d_766,FOODS_3_090_CA_3_validation,FOODS_3_090,FOODS_3,FOODS,CA_3,CA,114,1.38,4,0,10,0,0,1,0.0,118.0,188.0,224.0,190.85714285714286,187.42857142857142
2013-03-05,d_767,FOODS_3_090_CA_3_validation,FOODS_3_090,FOODS_3,FOODS,CA_3,CA,131,1.38,5,1,10,0,0,1,0.0,88.0,215.0,167.0,182.28571428571428,182.89285714285714
2013-03-06,d_768,FOODS_3_090_CA_3_validation,FOODS_3_090,FOODS_3,FOODS,CA_3,CA,130,1.38,6,2,10,0,0,1,0.0,93.0,197.0,173.0,180.0,179.17857142857142
2013-03-07,d_769,FOODS_3_090_CA_3_validation,FOODS_3_090,FOODS_3,FOODS,CA_3,CA,154,1.38,7,3,10,0,0,1,0.0,148.0,245.0,196.0,181.71428571428572,175.71428571428572
2013-03-08,d_770,FOODS_3_090_CA_3_validation,FOODS_3_090,FOODS_3,FOODS,CA_3,CA,182,1.38,8,4,10,0,0,1,0.0,188.0,214.0,190.0,171.85714285714286,174.78571428571428
2013-03-09,d_771,FOODS_3_090_CA_3_validation,FOODS_3_090,FOODS_3,FOODS,CA_3,CA,193,1.38,9,5,10,1,0,1,0.0,167.0,351.0,269.0,157.42857142857142,168.21428571428572
2013-03-10,d_772,FOODS_3_090_CA_3_validation,FOODS_3_090,FOODS_3,FOODS,CA_3,CA,177,1.38,10,6,10,1,0,1,0.0,105.0,281.0,218.0,129.57142857142858,161.92857142857142
2013-03-11,d_773,FOODS_3_090_CA_3_validation,FOODS_3_090,FOODS_3,FOODS,CA_3,CA,147,1.38,11,0,11,0,0,0,0.0,172.0,206.0,183.0,137.28571428571428,160.71428571428572
2013-03-12,d_774,FOODS_3_090_CA_3_validation,FOODS_3_090,FOODS_3,FOODS,CA_3,CA,114,1.38,12,1,11,0,0,0,0.0,93.0,158.0,162.0,138.0,158.39285714285714
2013-03-13,d_775,FOODS_3_090_CA_3_validation,FOODS_3_090,FOODS_3,FOODS,CA_3,CA,154,1.38,13,2,11,0,0,0,0.0,173.0,191.0,165.0,149.42857142857142,157.75
2013-03-14,d_776,FOODS_3_090_CA_3_validation,FOODS_3_090,FOODS_3,FOODS,CA_3,CA,177,1.38,14,3,11,0,0,0,0.0,105.0,170.0,164.0,143.28571428571428,155.42857142857142
2013-03-15,d_777,FOODS_3_090_CA_3_validation,FOODS_3_090,FOODS_3,FOODS,CA_3,CA,192,1.38,15,4,11,0,0,0,0.0,177.0,224.0,189.0,141.71428571428572,153.75
2013-03-16,d_778,FOODS_3_090_CA_3_validation,FOODS_3_090,FOODS_3,FOODS,CA_3,CA,278,1.38,16,5,11,1,0,0,0.0,189.0,362.0,290.0,144.85714285714286,147.57142857142858
2013-03-17,d_779,FOODS_3_090_CA_3_validation,FOODS_3_090,FOODS_3,FOODS,CA_3,CA,180,1.38,17,6,11,1,1,0,0.0,174.0,255.0,396.0,154.71428571428572,144.67857142857142
2013-03-18,d_780,FOODS_3_090_CA_3_validation,FOODS_3_090,FOODS_3,FOODS,CA_3,CA,147,1.38,18,0,12,0,0,0,0.0,117.0,237.0,546.0,146.85714285714286,140.39285714285714
2013-03-19,d_781,FOODS_3_090_CA_3_validation,FOODS_3_090,FOODS_3,FOODS,CA_3,CA,122,1.38,19,1,12,0,0,0,0.0,109.0,63.0,0.0,149.14285714285714,142.03571428571428
2013-03-20,d_782,FOODS_3_090_CA_3_validation,FOODS_3_090,FOODS_3,FOODS,CA_3,CA,129,1.38,20,2,12,0,0,0,0.0,125.0,0.0,219.0,142.28571428571428,146.5
2013-03-21,d_783,FOODS_3_090_CA_3_validation,FOODS_3_090,FOODS_3,FOODS,CA_3,CA,85,1.38,21,3,12,0,0,0,0.0,130.0,0.0,191.0,145.85714285714286,151.14285714285714
2013-03-22,d_784,FOODS_3_090_CA_3_validation,FOODS_3_090,FOODS_3,FOODS,CA_3,CA,198,1.38,22,4,12,0,0,0,0.0,181.0,0.0,215.0,146.42857142857142,157.60714285714286
2013-03-23,d_785,FOODS_3_090_CA_3_validation,FOODS_3_090,FOODS_3,FOODS,CA_3,CA,219,1.38,23,5,12,1,0,0,0.0,169.0,208.0,258.0,143.57142857142858,156.21428571428572
2013-03-24,d_786,FOODS_3_090_CA_3_validation,FOODS_3_090,FOODS_3,FOODS,CA_3,CA,129,1.38,24,6,12,1,0,0,0.0,157.0,208.0,366.0,141.14285714285714,154.39285714285714
2013-03-25,d_787,FOODS_3_090_CA_3_validation,FOODS_3_090,FOODS_3,FOODS,CA_3,CA,147,1.38,25,0,13,0,0,0,0.0,113.0,127.0,485.0,140.57142857142858,153.89285714285714
2013-03-26,d_788,FOODS_3_090_CA_3_validation,FOODS_3_090,FOODS_3,FOODS,CA_3,CA,134,1.38,26,1,13,0,0,0,0.0,120.0,148.0,0.0,142.14285714285714,152.89285714285714
2013-03-27,d_789,FOODS_3_090_CA_3_validation,FOODS_3_090,FOODS_3,FOODS,CA_3,CA,153,1.38,27,2,13,0,0,0,0.0,88.0,109.0,224.0,136.85714285714286,152.14285714285714
2013-03-28,d_790,FOODS_3_090_CA_3_validation,FOODS_3_090,FOODS_3,FOODS,CA_3,CA,171,1.38,28,3,13,0,0,0,0.0,117.0,136.0,241.0,135.0,151.46428571428572
2013-03-29,d_791,FOODS_3_090_CA_3_validation,FOODS_3_090,FOODS_3,FOODS,CA_3,CA,233,1.38,29,4,13,0,0,0,0.0,150.0,257.0,232.0,130.57142857142858,147.64285714285714
2013-03-30,d_792,FOODS_3_090_CA_3_validation,FOODS_3_090,FOODS_3,FOODS,CA_3,CA,261,1.38,30,5,13,1,0,0,0.0,188.0,268.0,301.0,133.28571428571428,144.78571428571428
2013-03-31,d_793,FOODS_3_090_CA_3_validation,FOODS_3_090,FOODS_3,FOODS,CA_3,CA,144,1.38,31,6,13,1,1,0,0.0,125.0,300.0,270.0,128.71428571428572,138.53571428571428
2013-04-01,d_794,FOODS_3_090_CA_3_validation,FOODS_3_090,FOODS_3,FOODS,CA_3,CA,136,1.38,1,0,14,0,0,1,0.0,114.0,118.0,188.0,128.85714285714286,138.39285714285714
2013-04-02,d_795,FOODS_3_090_CA_3_validation,FOODS_3_090,FOODS_3,FOODS,CA_3,CA,101,1.38,2,1,14,0,1,1,0.0,131.0,88.0,215.0,130.42857142857142,139.92857142857142
2013-04-03,d_796,FOODS_3_090_CA_3_validation,FOODS_3_090,FOODS_3,FOODS,CA_3,CA,129,1.38,3,2,14,0,0,1,0.0,130.0,93.0,197.0,136.42857142857142,141.25
2013-04-04,d_797,FOODS_3_090_CA_3_validation,FOODS_3_090,FOODS_3,FOODS,CA_3,CA,137,1.38,4,3,14,0,0,1,0.0,154.0,148.0,245.0,141.71428571428572,141.46428571428572
2013-04-05,d_798,FOODS_3_090_CA_3_validation,FOODS_3_090,FOODS_3,FOODS,CA_3,CA,212,1.38,5,4,14,0,0,1,0.0,182.0,188.0,214.0,146.28571428571428,141.25
2013-04-06,d_799,FOODS_3_090_CA_3_validation,FOODS_3_090,FOODS_3,FOODS,CA_3,CA,249,1.38,6,5,14,1,0,1,0.0,193.0,167.0,351.0,147.0,142.17857142857142
2013-04-07,d_800,FOODS_3_090_CA_3_validation,FOODS_3_090,FOODS_3,FOODS,CA_3,CA,193,1.38,7,6,14,1,0,1,0.0,177.0,105.0,281.0,154.42857142857142,144.75
2013-04-08,d_801,FOODS_3_090_CA_3_validation,FOODS_3_090,FOODS_3,FOODS,CA_3,CA,138,1.38,8,0,15,0,0,1,0.0,147.0,172.0,206.0,159.14285714285714,143.85714285714286
2013-04-09,d_802,FOODS_3_090_CA_3_validation,FOODS_3_090,FOODS_3,FOODS,CA_3,CA,115,1.38,9,1,15,0,0,1,0.0,114.0,93.0,158.0,156.71428571428572,144.60714285714286
2013-04-10,d_803,FOODS_3_090_CA_3_validation,FOODS_3_090,FOODS_3,FOODS,CA_3,CA,142,1.38,10,2,15,0,0,1,0.0,154.0,173.0,191.0,160.14285714285714,143.92857142857142
2013-04-11,d_804,FOODS_3_090_CA_3_validation,FOODS_3_090,FOODS_3,FOODS,CA_3,CA,232,1.38,11,3,15,0,0,0,0.0,177.0,105.0,170.0,163.42857142857142,146.5
2013-04-12,d_805,FOODS_3_090_CA_3_validation,FOODS_3_090,FOODS_3,FOODS,CA_3,CA,193,1.38,12,4,15,0,0,0,0.0,192.0,177.0,224.0,164.85714285714286,147.03571428571428
2013-04-13,d_806,FOODS_3_090_CA_3_validation,FOODS_3_090,FOODS_3,FOODS,CA_3,CA,192,1.38,13,5,15,1,0,0,0.0,278.0,189.0,362.0,177.0,150.21428571428572
2013-04-14,d_807,FOODS_3_090_CA_3_validation,FOODS_3_090,FOODS_3,FOODS,CA_3,CA,146,1.38,14,6,15,1,0,0,0.0,180.0,174.0,255.0,177.42857142857142,150.42857142857142
2013-04-15,d_808,FOODS_3_090_CA_3_validation,FOODS_3_090,FOODS_3,FOODS,CA_3,CA,137,1.38,15,0,16,0,0,0,0.0,147.0,117.0,237.0,177.42857142857142,151.5
2013-04-16,d_809,FOODS_3_090_CA_3_validation,FOODS_3_090,FOODS_3,FOODS,CA_3,CA,156,1.38,16,1,16,0,0,0,0.0,122.0,109.0,63.0,178.57142857142858,151.96428571428572
2013-04-17,d_810,FOODS_3_090_CA_3_validation,FOODS_3_090,FOODS_3,FOODS,CA_3,CA,145,1.38,17,2,16,0,0,0,0.0,129.0,125.0,0.0,175.0,152.10714285714286
2013-04-18,d_811,FOODS_3_090_CA_3_validation,FOODS_3_090,FOODS_3,FOODS,CA_3,CA,147,1.38,18,3,16,0,0,0,0.0,85.0,130.0,0.0,161.85714285714286,150.5
2013-04-19,d_812,FOODS_3_090_CA_3_validation,FOODS_3_090,FOODS_3,FOODS,CA_3,CA,156,1.38,19,4,16,0,0,0,0.0,198.0,181.0,0.0,162.71428571428572,151.10714285714286
2013-04-20,d_813,FOODS_3_090_CA_3_validation,FOODS_3_090,FOODS_3,FOODS,CA_3,CA,187,1.38,20,5,16,1,0,0,0.0,219.0,169.0,208.0,154.28571428571428,152.89285714285714
2013-04-21,d_814,FOODS_3_090_CA_3_validation,FOODS_3_090,FOODS_3,FOODS,CA_3,CA,174,1.38,21,6,16,1,0,0,0.0,129.0,157.0,208.0,147.0,151.89285714285714
2013-04-22,d_815,FOODS_3_090_CA_3_validation,FOODS_3_090,FOODS_3,FOODS,CA_3,CA,155,1.38,22,0,17,0,0,0,0.0,147.0,113.0,127.0,147.0,153.10714285714286
2013-04-23,d_816,FOODS_3_090_CA_3_validation,FOODS_3_090,FOODS_3,FOODS,CA_3,CA,108,1.38,23,1,17,0,0,0,0.0,134.0,120.0,148.0,148.71428571428572,153.60714285714286
2013-04-24,d_817,FOODS_3_090_CA_3_validation,FOODS_3_090,FOODS_3,FOODS,CA_3,CA,132,1.38,24,2,17,0,0,0,0.0,153.0,88.0,109.0,152.14285714285714,155.92857142857142
2013-04-25,d_818,FOODS_3_090_CA_3_validation,FOODS_3_090,FOODS_3,FOODS,CA_3,CA,160,1.38,25,3,17,0,0,0,0.0,171.0,117.0,136.0,164.42857142857142,157.85714285714286
2013-04-26,d_819,FOODS_3_090_CA_3_validation,FOODS_3_090,FOODS_3,FOODS,CA_3,CA,157,1.38,26,4,17,0,0,0,0.0,233.0,150.0,257.0,169.42857142857142,160.82142857142858
2013-04-27,d_820,FOODS_3_090_CA_3_validation,FOODS_3_090,FOODS_3,FOODS,CA_3,CA,276,1.38,27,5,17,1,0,0,0.0,261.0,188.0,268.0,175.42857142857142,163.42857142857142
2013-04-28,d_821,FOODS_3_090_CA_3_validation,FOODS_3_090,FOODS_3,FOODS,CA_3,CA,146,1.38,28,6,17,1,0,0,0.0,144.0,125.0,300.0,177.57142857142858,164.10714285714286
2013-04-29,d_822,FOODS_3_090_CA_3_validation,FOODS_3_090,FOODS_3,FOODS,CA_3,CA,114,1.38,29,0,18,0,0,0,0.0,136.0,114.0,118.0,176.0,164.89285714285714
2013-04-30,d_823,FOODS_3_090_CA_3_validation,FOODS_3_090,FOODS_3,FOODS,CA_3,CA,126,1.38,30,1,18,0,0,0,0.0,101.0,131.0,88.0,171.28571428571428,163.82142857142858
2013-05-01,d_824,FOODS_3_090_CA_3_validation,FOODS_3_090,FOODS_3,FOODS,CA_3,CA,194,1.38,1,2,18,0,0,1,0.0,129.0,130.0,93.0,167.85714285714286,163.78571428571428
2013-05-02,d_825,FOODS_3_090_CA_3_validation,FOODS_3_090,FOODS_3,FOODS,CA_3,CA,173,1.38,2,3,18,0,0,1,0.0,137.0,154.0,148.0,163.0,163.17857142857142
2013-05-03,d_826,FOODS_3_090_CA_3_validation,FOODS_3_090,FOODS_3,FOODS,CA_3,CA,173,1.38,3,4,18,0,0,1,0.0,212.0,182.0,188.0,160.0,164.25
2013-05-04,d_827,FOODS_3_090_CA_3_validation,FOODS_3_090,FOODS_3,FOODS,CA_3,CA,266,1.38,4,5,18,1,0,1,0.0,249.0,193.0,167.0,158.28571428571428,166.25
2013-05-05,d_828,FOODS_3_090_CA_3_validation,FOODS_3_090,FOODS_3,FOODS,CA_3,CA,175,1.38,5,6,18,1,1,1,0.0,193.0,177.0,105.0,165.28571428571428,166.82142857142858
2013-05-06,d_829,FOODS_3_090_CA_3_validation,FOODS_3_090,FOODS_3,FOODS,CA_3,CA,143,1.38,6,0,19,0,0,1,0.0,138.0,147.0,172.0,165.57142857142858,166.5
2013-05-07,d_830,FOODS_3_090_CA_3_validation,FOODS_3_090,FOODS_3,FOODS,CA_3,CA,140,1.38,7,1,19,0,0,1,0.0,115.0,114.0,93.0,167.57142857142858,166.53571428571428
2013-05-08,d_831,FOODS_3_090_CA_3_validation,FOODS_3_090,FOODS_3,FOODS,CA_3,CA,126,1.38,8,2,19,0,0,1,0.0,142.0,154.0,173.0,169.42857142857142,166.10714285714286
2013-05-09,d_832,FOODS_3_090_CA_3_validation,FOODS_3_090,FOODS_3,FOODS,CA_3,CA,171,1.38,9,3,19,0,0,1,0.0,232.0,177.0,105.0,183.0,168.07142857142858
2013-05-10,d_833,FOODS_3_090_CA_3_validation,FOODS_3_090,FOODS_3,FOODS,CA_3,CA,187,1.38,10,4,19,0,0,1,0.0,193.0,192.0,177.0,180.28571428571428,168.10714285714286
2013-05-11,d_834,FOODS_3_090_CA_3_validation,FOODS_3_090,FOODS_3,FOODS,CA_3,CA,256,1.38,11,5,19,1,0,0,0.0,192.0,278.0,189.0,172.14285714285714,165.03571428571428
2013-05-12,d_835,FOODS_3_090_CA_3_validation,FOODS_3_090,FOODS_3,FOODS,CA_3,CA,215,1.38,12,6,19,1,1,0,0.0,146.0,180.0,174.0,165.42857142857142,163.82142857142858
2013-05-13,d_836,FOODS_3_090_CA_3_validation,FOODS_3_090,FOODS_3,FOODS,CA_3,CA,130,1.38,13,0,20,0,0,0,0.0,137.0,147.0,117.0,165.28571428571428,163.46428571428572
2013-05-14,d_837,FOODS_3_090_CA_3_validation,FOODS_3_090,FOODS_3,FOODS,CA_3,CA,146,1.38,14,1,20,0,0,0,0.0,156.0,122.0,109.0,171.14285714285714,164.67857142857142
2013-05-15,d_838,FOODS_3_090_CA_3_validation,FOODS_3_090,FOODS_3,FOODS,CA_3,CA,134,1.38,15,2,20,0,0,0,0.0,145.0,129.0,125.0,171.57142857142858,165.25
2013-05-16,d_839,FOODS_3_090_CA_3_validation,FOODS_3_090,FOODS_3,FOODS,CA_3,CA,157,1.38,16,3,20,0,0,0,0.0,147.0,85.0,130.0,159.42857142857142,167.46428571428572
2013-05-17,d_840,FOODS_3_090_CA_3_validation,FOODS_3_090,FOODS_3,FOODS,CA_3,CA,196,1.38,17,4,20,0,0,0,0.0,156.0,198.0,181.0,154.14285714285714,165.96428571428572
2013-05-18,d_841,FOODS_3_090_CA_3_validation,FOODS_3_090,FOODS_3,FOODS,CA_3,CA,198,1.38,18,5,20,1,0,0,0.0,187.0,219.0,169.0,153.42857142857142,164.82142857142858
2013-05-19,d_842,FOODS_3_090_CA_3_validation,FOODS_3_090,FOODS_3,FOODS,CA_3,CA,150,1.38,19,6,20,1,0,0,0.0,174.0,129.0,157.0,157.42857142857142,166.42857142857142
2013-05-20,d_843,FOODS_3_090_CA_3_validation,FOODS_3_090,FOODS_3,FOODS,CA_3,CA,148,1.38,20,0,21,0,0,0,0.0,155.0,147.0,113.0,160.0,166.71428571428572
2013-05-21,d_844,FOODS_3_090_CA_3_validation,FOODS_3_090,FOODS_3,FOODS,CA_3,CA,131,1.38,21,1,21,0,0,0,0.0,108.0,134.0,120.0,153.14285714285714,165.78571428571428
2013-05-22,d_845,FOODS_3_090_CA_3_validation,FOODS_3_090,FOODS_3,FOODS,CA_3,CA,129,1.38,22,2,21,0,0,0,0.0,132.0,153.0,88.0,151.28571428571428,165.03571428571428
2013-05-23,d_846,FOODS_3_090_CA_3_validation,FOODS_3_090,FOODS_3,FOODS,CA_3,CA,163,1.38,23,3,21,0,0,0,0.0,160.0,171.0,117.0,153.14285714285714,164.64285714285714
2013-05-24,d_847,FOODS_3_090_CA_3_validation,FOODS_3_090,FOODS_3,FOODS,CA_3,CA,179,1.38,24,4,21,0,0,0,0.0,157.0,233.0,150.0,153.28571428571428,161.92857142857142
2013-05-25,d_848,FOODS_3_090_CA_3_validation,FOODS_3_090,FOODS_3,FOODS,CA_3,CA,191,1.38,25,5,21,1,0,0,0.0,276.0,261.0,188.0,166.0,162.46428571428572
2013-05-26,d_849,FOODS_3_090_CA_3_validation,FOODS_3_090,FOODS_3,FOODS,CA_3,CA,143,1.38,26,6,21,1,0,0,0.0,146.0,144.0,125.0,162.0,162.53571428571428
2013-05-27,d_850,FOODS_3_090_CA_3_validation,FOODS_3_090,FOODS_3,FOODS,CA_3,CA,152,1.38,27,0,22,0,1,0,0.0,114.0,136.0,114.0,156.14285714285714,161.75
2013-05-28,d_851,FOODS_3_090_CA_3_validation,FOODS_3_090,FOODS_3,FOODS,CA_3,CA,157,1.38,28,1,22,0,0,0,0.0,126.0,101.0,131.0,158.71428571428572,162.64285714285714
2013-05-29,d_852,FOODS_3_090_CA_3_validation,FOODS_3_090,FOODS_3,FOODS,CA_3,CA,80,1.38,29,2,22,0,0,0,0.0,194.0,129.0,130.0,167.57142857142858,164.96428571428572
2013-05-30,d_853,FOODS_3_090_CA_3_validation,FOODS_3_090,FOODS_3,FOODS,CA_3,CA,124,1.38,30,3,22,0,0,0,0.0,173.0,137.0,154.0,169.42857142857142,166.25
2013-05-31,d_854,FOODS_3_090_CA_3_validation,FOODS_3_090,FOODS_3,FOODS,CA_3,CA,168,1.38,31,4,22,0,0,0,0.0,173.0,212.0,182.0,171.71428571428572,164.85714285714286
2013-06-01,d_855,FOODS_3_090_CA_3_validation,FOODS_3_090,FOODS_3,FOODS,CA_3,CA,228,1.38,1,5,22,1,0,1,0.0,266.0,249.0,193.0,170.28571428571428,165.46428571428572
2013-06-02,d_856,FOODS_3_090_CA_3_validation,FOODS_3_090,FOODS_3,FOODS,CA_3,CA,211,1.38,2,6,22,1,0,1,0.0,175.0,193.0,177.0,174.42857142857142,164.82142857142858
2013-06-03,d_857,FOODS_3_090_CA_3_validation,FOODS_3_090,FOODS_3,FOODS,CA_3,CA,195,1.38,3,0,23,0,0,1,0.0,143.0,138.0,147.0,178.57142857142858,165.0
2013-06-04,d_858,FOODS_3_090_CA_3_validation,FOODS_3_090,FOODS_3,FOODS,CA_3,CA,122,1.38,4,1,23,0,0,1,0.0,140.0,115.0,114.0,180.57142857142858,165.89285714285714
2013-06-05,d_859,FOODS_3_090_CA_3_validation,FOODS_3_090,FOODS_3,FOODS,CA_3,CA,119,1.38,5,2,23,0,0,1,0.0,126.0,142.0,154.0,170.85714285714286,165.32142857142858
2013-06-06,d_860,FOODS_3_090_CA_3_validation,FOODS_3_090,FOODS_3,FOODS,CA_3,CA,182,1.38,6,3,23,0,1,1,0.0,171.0,232.0,177.0,170.57142857142858,163.14285714285714
2013-06-07,d_861,FOODS_3_090_CA_3_validation,FOODS_3_090,FOODS_3,FOODS,CA_3,CA,192,1.38,7,4,23,0,0,1,0.0,187.0,193.0,192.0,172.57142857142858,162.92857142857142
2013-06-08,d_862,FOODS_3_090_CA_3_validation,FOODS_3_090,FOODS_3,FOODS,CA_3,CA,203,1.38,8,5,23,1,0,1,0.0,256.0,192.0,278.0,171.14285714285714,165.21428571428572
2013-06-09,d_863,FOODS_3_090_CA_3_validation,FOODS_3_090,FOODS_3,FOODS,CA_3,CA,177,1.38,9,6,23,1,0,1,0.0,215.0,146.0,180.0,176.85714285714286,167.67857142857142
2013-06-10,d_864,FOODS_3_090_CA_3_validation,FOODS_3_090,FOODS_3,FOODS,CA_3,CA,160,1.38,10,0,24,0,0,1,0.0,130.0,137.0,147.0,175.0,167.42857142857142
2013-06-11,d_865,FOODS_3_090_CA_3_validation,FOODS_3_090,FOODS_3,FOODS,CA_3,CA,159,1.38,11,1,24,0,0,0,0.0,146.0,156.0,122.0,175.85714285714286,167.07142857142858
2013-06-12,d_866,FOODS_3_090_CA_3_validation,FOODS_3_090,FOODS_3,FOODS,CA_3,CA,107,1.38,12,2,24,0,0,0,0.0,134.0,145.0,129.0,177.0,166.67857142857142
2013-06-13,d_867,FOODS_3_090_CA_3_validation,FOODS_3_090,FOODS_3,FOODS,CA_3,CA,154,1.38,13,3,24,0,0,0,0.0,157.0,147.0,85.0,175.0,167.03571428571428
2013-06-14,d_868,FOODS_3_090_CA_3_validation,FOODS_3_090,FOODS_3,FOODS,CA_3,CA,264,1.38,14,4,24,0,0,0,0.0,196.0,156.0,198.0,176.28571428571428,168.46428571428572
2013-06-15,d_869,FOODS_3_090_CA_3_validation,FOODS_3_090,FOODS_3,FOODS,CA_3,CA,278,1.38,15,5,24,1,0,0,0.0,198.0,187.0,219.0,168.0,168.85714285714286
2013-06-16,d_870,FOODS_3_090_CA_3_validation,FOODS_3_090,FOODS_3,FOODS,CA_3,CA,213,1.38,16,6,24,1,1,0,0.0,150.0,174.0,129.0,158.71428571428572,168.0
2013-06-17,d_871,FOODS_3_090_CA_3_validation,FOODS_3_090,FOODS_3,FOODS,CA_3,CA,249,1.38,17,0,25,0,0,0,0.0,148.0,155.0,147.0,161.28571428571428,167.75
2013-06-18,d_872,FOODS_3_090_CA_3_validation,FOODS_3_090,FOODS_3,FOODS,CA_3,CA,145,1.38,18,1,25,0,0,0,0.0,131.0,108.0,134.0,159.14285714285714,168.57142857142858
2013-06-19,d_873,FOODS_3_090_CA_3_validation,FOODS_3_090,FOODS_3,FOODS,CA_3,CA,101,1.38,19,2,25,0,0,0,0.0,129.0,132.0,153.0,158.42857142857142,168.46428571428572
2013-06-20,d_874,FOODS_3_090_CA_3_validation,FOODS_3_090,FOODS_3,FOODS,CA_3,CA,189,1.38,20,3,25,0,1,0,0.0,163.0,160.0,171.0,159.28571428571428,168.57142857142858
2013-06-21,d_875,FOODS_3_090_CA_3_validation,FOODS_3_090,FOODS_3,FOODS,CA_3,CA,252,1.38,21,4,25,0,0,0,0.0,179.0,157.0,233.0,156.85714285714286,169.35714285714286
2013-06-22,d_876,FOODS_3_090_CA_3_validation,FOODS_3_090,FOODS_3,FOODS,CA_3,CA,227,1.38,22,5,25,1,0,0,0.0,191.0,276.0,261.0,155.85714285714286,166.32142857142858
2013-06-23,d_877,FOODS_3_090_CA_3_validation,FOODS_3_090,FOODS_3,FOODS,CA_3,CA,225,1.38,23,6,25,1,0,0,0.0,143.0,146.0,144.0,154.85714285714286,166.21428571428572
2013-06-24,d_878,FOODS_3_090_CA_3_validation,FOODS_3_090,FOODS_3,FOODS,CA_3,CA,131,1.38,24,0,26,0,0,0,0.0,152.0,114.0,136.0,155.42857142857142,167.57142857142858
2013-06-25,d_879,FOODS_3_090_CA_3_validation,FOODS_3_090,FOODS_3,FOODS,CA_3,CA,145,1.38,25,1,26,0,0,0,0.0,157.0,126.0,101.0,159.14285714285714,168.67857142857142
2013-06-26,d_880,FOODS_3_090_CA_3_validation,FOODS_3_090,FOODS_3,FOODS,CA_3,CA,169,1.38,26,2,26,0,0,0,0.0,80.0,194.0,129.0,152.14285714285714,164.60714285714286
2013-06-27,d_881,FOODS_3_090_CA_3_validation,FOODS_3_090,FOODS_3,FOODS,CA_3,CA,176,1.38,27,3,26,0,0,0,0.0,124.0,173.0,137.0,146.57142857142858,162.85714285714286
2013-06-28,d_882,FOODS_3_090_CA_3_validation,FOODS_3_090,FOODS_3,FOODS,CA_3,CA,231,1.38,28,4,26,0,0,0,0.0,168.0,173.0,212.0,145.0,162.67857142857142
2013-06-29,d_883,FOODS_3_090_CA_3_validation,FOODS_3_090,FOODS_3,FOODS,CA_3,CA,324,1.38,29,5,26,1,0,0,0.0,228.0,266.0,249.0,150.28571428571428,161.32142857142858
2013-06-30,d_884,FOODS_3_090_CA_3_validation,FOODS_3_090,FOODS_3,FOODS,CA_3,CA,202,1.38,30,6,26,1,0,0,0.0,211.0,175.0,193.0,160.0,162.60714285714286
2013-07-01,d_885,FOODS_3_090_CA_3_validation,FOODS_3_090,FOODS_3,FOODS,CA_3,CA,225,1.38,1,0,27,0,0,1,0.0,195.0,143.0,138.0,166.14285714285714,164.46428571428572
2013-07-02,d_886,FOODS_3_090_CA_3_validation,FOODS_3_090,FOODS_3,FOODS,CA_3,CA,203,1.38,2,1,27,0,0,1,0.0,122.0,140.0,115.0,161.14285714285714,163.82142857142858
2013-07-03,d_887,FOODS_3_090_CA_3_validation,FOODS_3_090,FOODS_3,FOODS,CA_3,CA,325,1.38,3,2,27,0,0,1,0.0,119.0,126.0,142.0,166.71428571428572,163.57142857142858
2013-07-04,d_888,FOODS_3_090_CA_3_validation,FOODS_3_090,FOODS_3,FOODS,CA_3,CA,294,1.38,4,3,27,0,1,1,0.0,182.0,171.0,232.0,175.0,163.96428571428572
2013-07-05,d_889,FOODS_3_090_CA_3_validation,FOODS_3_090,FOODS_3,FOODS,CA_3,CA,210,1.38,5,4,27,0,0,1,0.0,192.0,187.0,193.0,178.42857142857142,164.14285714285714
2013-07-06,d_890,FOODS_3_090_CA_3_validation,FOODS_3_090,FOODS_3,FOODS,CA_3,CA,214,1.38,6,5,27,1,0,1,0.0,203.0,256.0,192.0,174.85714285714286,162.25
2013-07-07,d_891,FOODS_3_090_CA_3_validation,FOODS_3_090,FOODS_3,FOODS,CA_3,CA,204,1.38,7,6,27,1,0,1,0.0,177.0,215.0,146.0,170.0,160.89285714285714
2013-07-08,d_892,FOODS_3_090_CA_3_validation,FOODS_3_090,FOODS_3,FOODS,CA_3,CA,115,1.38,8,0,28,0,0,1,0.0,160.0,130.0,137.0,165.0,161.96428571428572
2013-07-09,d_893,FOODS_3_090_CA_3_validation,FOODS_3_090,FOODS_3,FOODS,CA_3,CA,125,1.38,9,1,28,0,1,1,0.0,159.0,146.0,156.0,170.28571428571428,162.42857142857142
2013-07-10,d_894,FOODS_3_090_CA_3_validation,FOODS_3_090,FOODS_3,FOODS,CA_3,CA,207,1.38,10,2,28,0,0,1,0.0,107.0,134.0,145.0,168.57142857142858,161.46428571428572
2013-07-11,d_895,FOODS_3_090_CA_3_validation,FOODS_3_090,FOODS_3,FOODS,CA_3,CA,144,1.38,11,3,28,0,0,0,0.0,154.0,157.0,147.0,164.57142857142858,161.35714285714286
2013-07-12,d_896,FOODS_3_090_CA_3_validation,FOODS_3_090,FOODS_3,FOODS,CA_3,CA,202,1.38,12,4,28,0,0,0,0.0,264.0,196.0,156.0,174.85714285714286,163.78571428571428
2013-07-13,d_897,FOODS_3_090_CA_3_validation,FOODS_3_090,FOODS_3,FOODS,CA_3,CA,212,1.38,13,5,28,1,0,0,0.0,278.0,198.0,187.0,185.57142857142858,166.64285714285714
2013-07-14,d_898,FOODS_3_090_CA_3_validation,FOODS_3_090,FOODS_3,FOODS,CA_3,CA,173,1.38,14,6,28,1,0,0,0.0,213.0,150.0,174.0,190.71428571428572,168.89285714285714
2013-07-15,d_899,FOODS_3_090_CA_3_validation,FOODS_3_090,FOODS_3,FOODS,CA_3,CA,184,1.38,15,0,29,0,0,0,0.0,249.0,148.0,155.0,203.42857142857142,172.5
2013-07-16,d_900,FOODS_3_090_CA_3_validation,FOODS_3_090,FOODS_3,FOODS,CA_3,CA,102,1.38,16,1,29,0,0,0,0.0,145.0,131.0,108.0,201.42857142857142,173.0
2013-07-17,d_901,FOODS_3_090_CA_3_validation,FOODS_3_090,FOODS_3,FOODS,CA_3,CA,120,1.38,17,2,29,0,0,0,0.0,101.0,129.0,132.0,200.57142857142858,172.0
2013-07-18,d_902,FOODS_3_090_CA_3_validation,FOODS_3_090,FOODS_3,FOODS,CA_3,CA,143,1.38,18,3,29,0,0,0,0.0,189.0,163.0,160.0,205.57142857142858,172.92857142857142
2013-07-19,d_903,FOODS_3_090_CA_3_validation,FOODS_3_090,FOODS_3,FOODS,CA_3,CA,122,1.38,19,4,29,0,0,0,0.0,252.0,179.0,157.0,203.85714285714286,175.53571428571428
2013-07-20,d_904,FOODS_3_090_CA_3_validation,FOODS_3_090,FOODS_3,FOODS,CA_3,CA,252,1.38,20,5,29,1,0,0,0.0,227.0,191.0,276.0,196.57142857142858,176.82142857142858
2013-07-21,d_905,FOODS_3_090_CA_3_validation,FOODS_3_090,FOODS_3,FOODS,CA_3,CA,193,1.38,21,6,29,1,0,0,0.0,225.0,143.0,146.0,198.28571428571428,179.75
2013-07-22,d_906,FOODS_3_090_CA_3_validation,FOODS_3_090,FOODS_3,FOODS,CA_3,CA,125,1.38,22,0,30,0,0,0,0.0,131.0,152.0,114.0,181.42857142857142,179.0
2013-07-23,d_907,FOODS_3_090_CA_3_validation,FOODS_3_090,FOODS_3,FOODS,CA_3,CA,126,1.38,23,1,30,0,0,0,0.0,145.0,157.0,126.0,181.42857142857142,178.57142857142858
2013-07-24,d_908,FOODS_3_090_CA_3_validation,FOODS_3_090,FOODS_3,FOODS,CA_3,CA,91,1.38,24,2,30,0,0,0,0.0,169.0,80.0,194.0,191.14285714285714,181.75
2013-07-25,d_909,FOODS_3_090_CA_3_validation,FOODS_3_090,FOODS_3,FOODS,CA_3,CA,185,1.38,25,3,30,0,0,0,0.0,176.0,124.0,173.0,189.28571428571428,183.60714285714286
2013-07-26,d_910,FOODS_3_090_CA_3_validation,FOODS_3_090,FOODS_3,FOODS,CA_3,CA,230,1.38,26,4,30,0,0,0,0.0,231.0,168.0,173.0,186.28571428571428,185.85714285714286
2013-07-27,d_911,FOODS_3_090_CA_3_validation,FOODS_3_090,FOODS_3,FOODS,CA_3,CA,227,1.38,27,5,30,1,0,0,0.0,324.0,228.0,266.0,200.14285714285714,189.28571428571428
2013-07-28,d_912,FOODS_3_090_CA_3_validation,FOODS_3_090,FOODS_3,FOODS,CA_3,CA,118,1.38,28,6,30,1,0,0,0.0,202.0,211.0,175.0,196.85714285714286,188.96428571428572
2013-07-29,d_913,FOODS_3_090_CA_3_validation,FOODS_3_090,FOODS_3,FOODS,CA_3,CA,88,1.38,29,0,31,0,0,0,0.0,225.0,195.0,143.0,210.28571428571428,190.03571428571428
2013-07-30,d_914,FOODS_3_090_CA_3_validation,FOODS_3_090,FOODS_3,FOODS,CA_3,CA,155,1.38,30,1,31,0,0,0,0.0,203.0,122.0,140.0,218.57142857142858,192.92857142857142
2013-07-31,d_915,FOODS_3_090_CA_3_validation,FOODS_3_090,FOODS_3,FOODS,CA_3,CA,93,1.38,31,2,31,0,0,0,0.0,325.0,119.0,126.0,240.85714285714286,200.28571428571428
2013-08-01,d_916,FOODS_3_090_CA_3_validation,FOODS_3_090,FOODS_3,FOODS,CA_3,CA,173,1.38,1,3,31,0,0,1,0.0,294.0,182.0,171.0,257.7142857142857,204.28571428571428
2013-08-02,d_917,FOODS_3_090_CA_3_validation,FOODS_3_090,FOODS_3,FOODS,CA_3,CA,139,1.38,2,4,31,0,0,1,0.0,210.0,192.0,187.0,254.71428571428572,204.92857142857142
2013-08-03,d_918,FOODS_3_090_CA_3_validation,FOODS_3_090,FOODS_3,FOODS,CA_3,CA,217,1.38,3,5,31,1,0,1,0.0,214.0,203.0,256.0,239.0,205.32142857142858
2013-08-04,d_919,FOODS_3_090_CA_3_validation,FOODS_3_090,FOODS_3,FOODS,CA_3,CA,171,1.38,4,6,31,1,0,1,0.0,204.0,177.0,215.0,239.28571428571428,206.28571428571428
2013-08-05,d_920,FOODS_3_090_CA_3_validation,FOODS_3_090,FOODS_3,FOODS,CA_3,CA,136,1.38,5,0,32,0,0,1,0.0,115.0,160.0,130.0,223.57142857142858,204.67857142857142
2013-08-06,d_921,FOODS_3_090_CA_3_validation,FOODS_3_090,FOODS_3,FOODS,CA_3,CA,143,1.38,6,1,32,0,0,1,0.0,125.0,159.0,146.0,212.42857142857142,203.46428571428572
2013-08-07,d_922,FOODS_3_090_CA_3_validation,FOODS_3_090,FOODS_3,FOODS,CA_3,CA,115,1.38,7,2,32,0,0,1,0.0,207.0,107.0,134.0,195.57142857142858,207.03571428571428
2013-08-08,d_923,FOODS_3_090_CA_3_validation,FOODS_3_090,FOODS_3,FOODS,CA_3,CA,115,1.38,8,3,32,0,1,1,0.0,144.0,154.0,157.0,174.14285714285714,206.67857142857142
2013-08-09,d_924,FOODS_3_090_CA_3_validation,FOODS_3_090,FOODS_3,FOODS,CA_3,CA,219,1.38,9,4,32,0,0,1,0.0,202.0,264.0,196.0,173.0,204.46428571428572
2013-08-10,d_925,FOODS_3_090_CA_3_validation,FOODS_3_090,FOODS_3,FOODS,CA_3,CA,226,1.38,10,5,32,1,0,1,0.0,212.0,278.0,198.0,172.71428571428572,202.10714285714286
2013-08-11,d_926,FOODS_3_090_CA_3_validation,FOODS_3_090,FOODS_3,FOODS,CA_3,CA,198,1.38,11,6,32,1,0,0,0.0,173.0,213.0,150.0,168.28571428571428,200.67857142857142
2013-08-12,d_927,FOODS_3_090_CA_3_validation,FOODS_3_090,FOODS_3,FOODS,CA_3,CA,136,1.38,12,0,33,0,0,0,0.0,184.0,249.0,148.0,178.14285714285714,198.35714285714286
2013-08-13,d_928,FOODS_3_090_CA_3_validation,FOODS_3_090,FOODS_3,FOODS,CA_3,CA,113,1.38,13,1,33,0,0,0,0.0,102.0,145.0,131.0,174.85714285714286,196.82142857142858
2013-08-14,d_929,FOODS_3_090_CA_3_validation,FOODS_3_090,FOODS_3,FOODS,CA_3,CA,100,1.38,14,2,33,0,0,0,0.0,120.0,101.0,129.0,162.42857142857142,197.5
2013-08-15,d_930,FOODS_3_090_CA_3_validation,FOODS_3_090,FOODS_3,FOODS,CA_3,CA,172,1.38,15,3,33,0,0,0,0.0,143.0,189.0,163.0,162.28571428571428,195.85714285714286
2013-08-16,d_931,FOODS_3_090_CA_3_validation,FOODS_3_090,FOODS_3,FOODS,CA_3,CA,182,1.38,16,4,33,0,0,0,0.0,122.0,252.0,179.0,150.85714285714286,191.21428571428572
2013-08-17,d_932,FOODS_3_090_CA_3_validation,FOODS_3_090,FOODS_3,FOODS,CA_3,CA,0,1.0,17,5,33,1,0,0,-0.2753623188405796,252.0,227.0,191.0,156.57142857142858,192.10714285714286
2013-08-18,d_933,FOODS_3_090_CA_3_validation,FOODS_3_090,FOODS_3,FOODS,CA_3,CA,3,1.0,18,6,33,1,0,0,0.0,193.0,225.0,143.0,159.42857142857142,190.96428571428572
2013-08-19,d_934,FOODS_3_090_CA_3_validation,FOODS_3_090,FOODS_3,FOODS,CA_3,CA,91,1.0,19,0,34,0,0,0,0.0,125.0,131.0,152.0,151.0,190.75
2013-08-20,d_935,FOODS_3_090_CA_3_validation,FOODS_3_090,FOODS_3,FOODS,CA_3,CA,165,1.0,20,1,34,0,0,0,0.0,126.0,145.0,157.0,154.42857142857142,190.07142857142858
2013-08-21,d_936,FOODS_3_090_CA_3_validation,FOODS_3_090,FOODS_3,FOODS,CA_3,CA,217,1.0,21,2,34,0,0,0,0.0,91.0,169.0,80.0,150.28571428571428,187.28571428571428
2013-08-22,d_937,FOODS_3_090_CA_3_validation,FOODS_3_090,FOODS_3,FOODS,CA_3,CA,216,1.0,22,3,34,0,0,0,0.0,185.0,176.0,124.0,156.28571428571428,187.60714285714286
2013-08-23,d_938,FOODS_3_090_CA_3_validation,FOODS_3_090,FOODS_3,FOODS,CA_3,CA,709,1.0,23,4,34,0,0,0,0.0,230.0,231.0,168.0,171.71428571428572,187.57142857142858
2013-08-24,d_939,FOODS_3_090_CA_3_validation,FOODS_3_090,FOODS_3,FOODS,CA_3,CA,544,1.0,24,5,34,1,0,0,0.0,227.0,324.0,228.0,168.14285714285714,184.10714285714286
2013-08-25,d_940,FOODS_3_090_CA_3_validation,FOODS_3_090,FOODS_3,FOODS,CA_3,CA,381,1.0,25,6,34,1,0,0,0.0,118.0,202.0,211.0,157.42857142857142,181.10714285714286
2013-08-26,d_941,FOODS_3_090_CA_3_validation,FOODS_3_090,FOODS_3,FOODS,CA_3,CA,272,1.0,26,0,35,0,0,0,0.0,88.0,225.0,195.0,152.14285714285714,176.21428571428572
2013-08-27,d_942,FOODS_3_090_CA_3_validation,FOODS_3_090,FOODS_3,FOODS,CA_3,CA,337,1.0,27,1,35,0,0,0,0.0,155.0,203.0,122.0,156.28571428571428,174.5
2013-08-28,d_943,FOODS_3_090_CA_3_validation,FOODS_3_090,FOODS_3,FOODS,CA_3,CA,384,1.0,28,2,35,0,0,0,0.0,93.0,325.0,119.0,156.57142857142858,166.21428571428572
2013-08-29,d_944,FOODS_3_090_CA_3_validation,FOODS_3_090,FOODS_3,FOODS,CA_3,CA,489,1.0,29,3,35,0,0,0,0.0,173.0,294.0,182.0,154.85714285714286,161.89285714285714
2013-08-30,d_945,FOODS_3_090_CA_3_validation,FOODS_3_090,FOODS_3,FOODS,CA_3,CA,504,1.0,30,4,35,0,0,0,0.0,139.0,210.0,192.0,141.85714285714286,159.35714285714286
2013-08-31,d_946,FOODS_3_090_CA_3_validation,FOODS_3_090,FOODS_3,FOODS,CA_3,CA,532,1.0,31,5,35,1,0,0,0.0,217.0,214.0,203.0,140.42857142857142,159.46428571428572
2013-09-01,d_947,FOODS_3_090_CA_3_validation,FOODS_3_090,FOODS_3,FOODS,CA_3,CA,498,1.0,1,6,35,1,0,1,0.0,171.0,204.0,177.0,148.0,158.28571428571428
2013-09-02,d_948,FOODS_3_090_CA_3_validation,FOODS_3_090,FOODS_3,FOODS,CA_3,CA,469,1.0,2,0,36,0,1,1,0.0,136.0,115.0,160.0,154.85714285714286,159.03571428571428
2013-09-03,d_949,FOODS_3_090_CA_3_validation,FOODS_3_090,FOODS_3,FOODS,CA_3,CA,250,1.0,3,1,36,0,0,1,0.0,143.0,125.0,159.0,153.14285714285714,159.67857142857142
2013-09-04,d_950,FOODS_3_090_CA_3_validation,FOODS_3_090,FOODS_3,FOODS,CA_3,CA,239,1.0,4,2,36,0,0,1,0.0,115.0,207.0,107.0,156.28571428571428,156.39285714285714
2013-09-05,d_951,FOODS_3_090_CA_3_validation,FOODS_3_090,FOODS_3,FOODS,CA_3,CA,300,1.0,5,3,36,0,0,1,0.0,115.0,144.0,154.0,148.0,155.35714285714286
2013-09-06,d_952,FOODS_3_090_CA_3_validation,FOODS_3_090,FOODS_3,FOODS,CA_3,CA,340,1.0,6,4,36,0,0,1,0.0,219.0,202.0,264.0,159.42857142857142,155.96428571428572
2013-09-07,d_953,FOODS_3_090_CA_3_validation,FOODS_3_090,FOODS_3,FOODS,CA_3,CA,439,1.0,7,5,36,1,0,1,0.0,226.0,212.0,278.0,160.71428571428572,156.46428571428572
2013-09-08,d_954,FOODS_3_090_CA_3_validation,FOODS_3_090,FOODS_3,FOODS,CA_3,CA,357,1.0,8,6,36,1,0,1,0.0,198.0,173.0,213.0,164.57142857142858,157.35714285714286
2013-09-09,d_955,FOODS_3_090_CA_3_validation,FOODS_3_090,FOODS_3,FOODS,CA_3,CA,310,1.0,9,0,37,0,0,1,0.0,136.0,184.0,249.0,164.57142857142858,155.64285714285714
2013-09-10,d_956,FOODS_3_090_CA_3_validation,FOODS_3_090,FOODS_3,FOODS,CA_3,CA,491,1.0,10,1,37,0,0,1,0.0,113.0,102.0,145.0,160.28571428571428,156.03571428571428
2013-09-11,d_957,FOODS_3_090_CA_3_validation,FOODS_3_090,FOODS_3,FOODS,CA_3,CA,620,1.0,11,2,37,0,0,0,0.0,100.0,120.0,101.0,158.14285714285714,155.32142857142858
2013-09-12,d_958,FOODS_3_090_CA_3_validation,FOODS_3_090,FOODS_3,FOODS,CA_3,CA,613,1.0,12,3,37,0,0,0,0.0,172.0,143.0,189.0,166.28571428571428,156.35714285714286
2013-09-13,d_959,FOODS_3_090_CA_3_validation,FOODS_3_090,FOODS_3,FOODS,CA_3,CA,709,1.0,13,4,37,0,0,0,0.0,182.0,122.0,252.0,161.0,158.5
2013-09-14,d_960,FOODS_3_090_CA_3_validation,FOODS_3_090,FOODS_3,FOODS,CA_3,CA,763,1.0,14,5,37,1,0,0,0.0,0.0,252.0,227.0,128.71428571428572,149.5
2013-09-15,d_961,FOODS_3_090_CA_3_validation,FOODS_3_090,FOODS_3,FOODS,CA_3,CA,470,1.0,15,6,37,1,0,0,0.0,3.0,193.0,225.0,100.85714285714286,142.71428571428572
2013-09-16,d_962,FOODS_3_090_CA_3_validation,FOODS_3_090,FOODS_3,FOODS,CA_3,CA,554,1.0,16,0,38,0,0,0,0.0,91.0,125.0,131.0,94.42857142857143,141.5
2013-09-17,d_963,FOODS_3_090_CA_3_validation,FOODS_3_090,FOODS_3,FOODS,CA_3,CA,305,1.0,17,1,38,0,0,0,0.0,165.0,126.0,145.0,101.85714285714286,142.89285714285714
2013-09-18,d_964,FOODS_3_090_CA_3_validation,FOODS_3_090,FOODS_3,FOODS,CA_3,CA,290,1.0,18,2,38,0,0,0,0.0,217.0,91.0,169.0,118.57142857142857,147.39285714285714
2013-09-19,d_965,FOODS_3_090_CA_3_validation,FOODS_3_090,FOODS_3,FOODS,CA_3,CA,228,1.0,19,3,38,0,0,0,0.0,216.0,185.0,176.0,124.85714285714286,148.5
2013-09-20,d_966,FOODS_3_090_CA_3_validation,FOODS_3_090,FOODS_3,FOODS,CA_3,CA,335,1.0,20,4,38,0,0,0,0.0,709.0,230.0,231.0,200.14285714285714,165.60714285714286
2013-09-21,d_967,FOODS_3_090_CA_3_validation,FOODS_3_090,FOODS_3,FOODS,CA_3,CA,303,1.0,21,5,38,1,0,0,0.0,544.0,227.0,324.0,277.85714285714283,176.92857142857142
2013-09-22,d_968,FOODS_3_090_CA_3_validation,FOODS_3_090,FOODS_3,FOODS,CA_3,CA,289,1.0,22,6,38,1,0,0,0.0,381.0,118.0,202.0,331.85714285714283,186.32142857142858
2013-09-23,d_969,FOODS_3_090_CA_3_validation,FOODS_3_090,FOODS_3,FOODS,CA_3,CA,235,1.0,23,0,39,0,0,0,0.0,272.0,88.0,225.0,357.7142857142857,192.89285714285714
2013-09-24,d_970,FOODS_3_090_CA_3_validation,FOODS_3_090,FOODS_3,FOODS,CA_3,CA,310,1.0,24,1,39,0,0,0,0.0,337.0,155.0,203.0,382.2857142857143,199.39285714285714
2013-09-25,d_971,FOODS_3_090_CA_3_validation,FOODS_3_090,FOODS_3,FOODS,CA_3,CA,260,1.0,25,2,39,0,0,0,0.0,384.0,93.0,325.0,406.14285714285717,209.78571428571428
2013-09-26,d_972,FOODS_3_090_CA_3_validation,FOODS_3_090,FOODS_3,FOODS,CA_3,CA,331,1.0,26,3,39,0,0,0,0.0,489.0,173.0,294.0,445.14285714285717,221.07142857142858
2013-09-27,d_973,FOODS_3_090_CA_3_validation,FOODS_3_090,FOODS_3,FOODS,CA_3,CA,362,1.0,27,4,39,0,0,0,0.0,504.0,139.0,210.0,415.85714285714283,234.10714285714286
2013-09-28,d_974,FOODS_3_090_CA_3_validation,FOODS_3_090,FOODS_3,FOODS,CA_3,CA,0,1.38,28,5,39,1,0,0,0.3799999999999999,532.0,217.0,214.0,414.14285714285717,245.35714285714286
2013-09-29,d_975,FOODS_3_090_CA_3_validation,FOODS_3_090,FOODS_3,FOODS,CA_3,CA,0,1.38,29,6,39,1,0,0,0.0,498.0,171.0,204.0,430.85714285714283,257.0357142857143
2013-09-30,d_976,FOODS_3_090_CA_3_validation,FOODS_3_090,FOODS_3,FOODS,CA_3,CA,151,1.38,30,0,40,0,0,0,0.0,469.0,136.0,115.0,459.0,268.92857142857144
2013-10-01,d_977,FOODS_3_090_CA_3_validation,FOODS_3_090,FOODS_3,FOODS,CA_3,CA,137,1.38,1,1,40,0,0,1,0.0,250.0,143.0,125.0,446.57142857142856,272.75
2013-10-02,d_978,FOODS_3_090_CA_3_validation,FOODS_3_090,FOODS_3,FOODS,CA_3,CA,169,1.38,2,2,40,0,0,1,0.0,239.0,115.0,207.0,425.85714285714283,277.17857142857144
2013-10-03,d_979,FOODS_3_090_CA_3_validation,FOODS_3_090,FOODS_3,FOODS,CA_3,CA,98,1.38,3,3,40,0,0,1,0.0,300.0,115.0,144.0,398.85714285714283,283.7857142857143
2013-10-04,d_980,FOODS_3_090_CA_3_validation,FOODS_3_090,FOODS_3,FOODS,CA_3,CA,244,1.38,4,4,40,0,0,1,0.0,340.0,219.0,202.0,375.42857142857144,288.10714285714283
2013-10-05,d_981,FOODS_3_090_CA_3_validation,FOODS_3_090,FOODS_3,FOODS,CA_3,CA,292,1.38,5,5,40,1,0,1,0.0,439.0,226.0,212.0,362.14285714285717,295.7142857142857
2013-10-06,d_982,FOODS_3_090_CA_3_validation,FOODS_3_090,FOODS_3,FOODS,CA_3,CA,196,1.38,6,6,40,1,0,1,0.0,357.0,198.0,173.0,342.0,301.39285714285717
2013-10-07,d_983,FOODS_3_090_CA_3_validation,FOODS_3_090,FOODS_3,FOODS,CA_3,CA,155,1.38,7,0,41,0,0,1,0.0,310.0,136.0,184.0,319.2857142857143,307.60714285714283
2013-10-08,d_984,FOODS_3_090_CA_3_validation,FOODS_3_090,FOODS_3,FOODS,CA_3,CA,151,1.38,8,1,41,0,0,1,0.0,491.0,113.0,102.0,353.7142857142857,321.10714285714283
2013-10-09,d_985,FOODS_3_090_CA_3_validation,FOODS_3_090,FOODS_3,FOODS,CA_3,CA,120,1.38,9,2,41,0,0,1,0.0,620.0,100.0,120.0,408.14285714285717,339.67857142857144
2013-10-10,d_986,FOODS_3_090_CA_3_validation,FOODS_3_090,FOODS_3,FOODS,CA_3,CA,135,1.38,10,3,41,0,0,1,0.0,613.0,172.0,143.0,452.85714285714283,355.42857142857144
2013-10-11,d_987,FOODS_3_090_CA_3_validation,FOODS_3_090,FOODS_3,FOODS,CA_3,CA,154,1.38,11,4,41,0,0,0,0.0,709.0,182.0,122.0,505.57142857142856,374.25
2013-10-12,d_988,FOODS_3_090_CA_3_validation,FOODS_3_090,FOODS_3,FOODS,CA_3,CA,216,1.38,12,5,41,1,0,0,0.0,763.0,0.0,252.0,551.8571428571429,401.5
2013-10-13,d_989,FOODS_3_090_CA_3_validation,FOODS_3_090,FOODS_3,FOODS,CA_3,CA,235,1.38,13,6,41,1,0,0,0.0,470.0,3.0,193.0,568.0,418.17857142857144
2013-10-14,d_990,FOODS_3_090_CA_3_validation,FOODS_3_090,FOODS_3,FOODS,CA_3,CA,134,1.38,14,0,42,0,1,0,0.0,554.0,91.0,125.0,602.8571428571429,434.7142857142857
2013-10-15,d_991,FOODS_3_090_CA_3_validation,FOODS_3_090,FOODS_3,FOODS,CA_3,CA,129,1.38,15,1,42,0,1,0,0.0,305.0,165.0,126.0,576.2857142857143,439.7142857142857
2013-10-16,d_992,FOODS_3_090_CA_3_validation,FOODS_3_090,FOODS_3,FOODS,CA_3,CA,113,1.38,16,2,42,0,0,0,0.0,290.0,217.0,91.0,529.1428571428571,442.32142857142856
2013-10-17,d_993,FOODS_3_090_CA_3_validation,FOODS_3_090,FOODS_3,FOODS,CA_3,CA,149,1.38,17,3,42,0,0,0,0.0,228.0,216.0,185.0,474.14285714285717,442.75
2013-10-18,d_994,FOODS_3_090_CA_3_validation,FOODS_3_090,FOODS_3,FOODS,CA_3,CA,192,1.38,18,4,42,0,0,0,0.0,335.0,709.0,230.0,420.7142857142857,429.39285714285717
2013-10-19,d_995,FOODS_3_090_CA_3_validation,FOODS_3_090,FOODS_3,FOODS,CA_3,CA,184,1.38,19,5,42,1,0,0,0.0,303.0,544.0,227.0,355.0,420.7857142857143
2013-10-20,d_996,FOODS_3_090_CA_3_validation,FOODS_3_090,FOODS_3,FOODS,CA_3,CA,219,1.38,20,6,42,1,0,0,0.0,289.0,381.0,118.0,329.14285714285717,417.5
2013-10-21,d_997,FOODS_3_090_CA_3_validation,FOODS_3_090,FOODS_3,FOODS,CA_3,CA,99,1.38,21,0,43,0,0,0,0.0,235.0,272.0,88.0,283.57142857142856,416.17857142857144
2013-10-22,d_998,FOODS_3_090_CA_3_validation,FOODS_3_090,FOODS_3,FOODS,CA_3,CA,101,1.38,22,1,43,0,0,0,0.0,310.0,337.0,155.0,284.2857142857143,415.2142857142857
2013-10-23,d_999,FOODS_3_090_CA_3_validation,FOODS_3_090,FOODS_3,FOODS,CA_3,CA,132,1.38,23,2,43,0,0,0,0.0,260.0,384.0,93.0,280.0,410.7857142857143
2013-10-24,d_1000,FOODS_3_090_CA_3_validation,FOODS_3_090,FOODS_3,FOODS,CA_3,CA,104,1.38,24,3,43,0,0,0,0.0,331.0,489.0,173.0,294.7142857142857,405.14285714285717
2013-10-25,d_1001,FOODS_3_090_CA_3_validation,FOODS_3_090,FOODS_3,FOODS,CA_3,CA,165,1.38,25,4,43,0,0,0,0.0,362.0,504.0,139.0,298.57142857142856,400.07142857142856
2013-10-26,d_1002,FOODS_3_090_CA_3_validation,FOODS_3_090,FOODS_3,FOODS,CA_3,CA,165,1.38,26,5,43,1,0,0,0.0,0.0,532.0,217.0,255.28571428571428,381.07142857142856
2013-10-27,d_1003,FOODS_3_090_CA_3_validation,FOODS_3_090,FOODS_3,FOODS,CA_3,CA,133,1.38,27,6,43,1,0,0,0.0,0.0,498.0,171.0,214.0,363.2857142857143
2013-10-28,d_1004,FOODS_3_090_CA_3_validation,FOODS_3_090,FOODS_3,FOODS,CA_3,CA,268,1.38,28,0,44,0,0,0,0.0,151.0,469.0,136.0,202.0,351.92857142857144
2013-10-29,d_1005,FOODS_3_090_CA_3_validation,FOODS_3_090,FOODS_3,FOODS,CA_3,CA,86,1.38,29,1,44,0,0,0,0.0,137.0,250.0,143.0,177.28571428571428,347.89285714285717
2013-10-30,d_1006,FOODS_3_090_CA_3_validation,FOODS_3_090,FOODS_3,FOODS,CA_3,CA,107,1.38,30,2,44,0,0,0,0.0,169.0,239.0,115.0,164.28571428571428,345.39285714285717
2013-10-31,d_1007,FOODS_3_090_CA_3_validation,FOODS_3_090,FOODS_3,FOODS,CA_3,CA,103,1.38,31,3,44,0,1,0,0.0,98.0,300.0,115.0,131.0,338.17857142857144
2013-11-01,d_1008,FOODS_3_090_CA_3_validation,FOODS_3_090,FOODS_3,FOODS,CA_3,CA,165,1.38,1,4,44,0,0,1,0.0,244.0,340.0,219.0,114.14285714285714,334.75
2013-11-02,d_1009,FOODS_3_090_CA_3_validation,FOODS_3_090,FOODS_3,FOODS,CA_3,CA,210,1.38,2,5,44,1,0,1,0.0,292.0,439.0,226.0,155.85714285714286,329.5
2013-11-03,d_1010,FOODS_3_090_CA_3_validation,FOODS_3_090,FOODS_3,FOODS,CA_3,CA,159,1.38,3,6,44,1,0,1,0.0,196.0,357.0,198.0,183.85714285714286,323.75
2013-11-04,d_1011,FOODS_3_090_CA_3_validation,FOODS_3_090,FOODS_3,FOODS,CA_3,CA,115,1.38,4,0,45,0,0,1,0.0,155.0,310.0,136.0,184.42857142857142,318.2142857142857
2013-11-05,d_1012,FOODS_3_090_CA_3_validation,FOODS_3_090,FOODS_3,FOODS,CA_3,CA,105,1.38,5,1,45,0,0,1,0.0,151.0,491.0,113.0,186.42857142857142,306.07142857142856
2013-11-06,d_1013,FOODS_3_090_CA_3_validation,FOODS_3_090,FOODS_3,FOODS,CA_3,CA,111,1.38,6,2,45,0,0,1,0.0,120.0,620.0,100.0,179.42857142857142,288.2142857142857
2013-11-07,d_1014,FOODS_3_090_CA_3_validation,FOODS_3_090,FOODS_3,FOODS,CA_3,CA,164,1.38,7,3,45,0,0,1,0.0,135.0,613.0,172.0,184.71428571428572,271.14285714285717
2013-11-08,d_1015,FOODS_3_090_CA_3_validation,FOODS_3_090,FOODS_3,FOODS,CA_3,CA,166,1.38,8,4,45,0,0,1,0.0,154.0,709.0,182.0,171.85714285714286,251.32142857142858
2013-11-09,d_1016,FOODS_3_090_CA_3_validation,FOODS_3_090,FOODS_3,FOODS,CA_3,CA,0,1.0,9,5,45,1,0,1,-0.2753623188405796,216.0,763.0,0.0,161.0,231.78571428571428
2013-11-10,d_1017,FOODS_3_090_CA_3_validation,FOODS_3_090,FOODS_3,FOODS,CA_3,CA,0,1.0,10,6,45,1,0,1,0.0,235.0,470.0,3.0,166.57142857142858,223.39285714285714
2013-11-11,d_1018,FOODS_3_090_CA_3_validation,FOODS_3_090,FOODS_3,FOODS,CA_3,CA,391,1.0,11,0,46,0,1,0,0.0,134.0,554.0,91.0,163.57142857142858,208.39285714285714
2013-11-12,d_1019,FOODS_3_090_CA_3_validation,FOODS_3_090,FOODS_3,FOODS,CA_3,CA,257,1.0,12,1,46,0,0,0,0.0,129.0,305.0,165.0,160.42857142857142,202.10714285714286
2013-11-13,d_1020,FOODS_3_090_CA_3_validation,FOODS_3_090,FOODS_3,FOODS,CA_3,CA,0,1.0,13,2,46,0,0,0,0.0,113.0,290.0,217.0,159.42857142857142,195.78571428571428
2013-11-14,d_1021,FOODS_3_090_CA_3_validation,FOODS_3_090,FOODS_3,FOODS,CA_3,CA,0,1.0,14,3,46,0,0,0,0.0,149.0,228.0,216.0,161.42857142857142,192.96428571428572
2013-11-15,d_1022,FOODS_3_090_CA_3_validation,FOODS_3_090,FOODS_3,FOODS,CA_3,CA,0,1.0,15,4,46,0,0,0,0.0,192.0,335.0,709.0,166.85714285714286,187.85714285714286
2013-11-16,d_1023,FOODS_3_090_CA_3_validation,FOODS_3_090,FOODS_3,FOODS,CA_3,CA,5,1.0,16,5,46,1,0,0,0.0,184.0,303.0,544.0,162.28571428571428,183.60714285714286
2013-11-17,d_1024,FOODS_3_090_CA_3_validation,FOODS_3_090,FOODS_3,FOODS,CA_3,CA,2,1.0,17,6,46,1,0,0,0.0,219.0,289.0,381.0,160.0,181.10714285714286
2013-11-18,d_1025,FOODS_3_090_CA_3_validation,FOODS_3_090,FOODS_3,FOODS,CA_3,CA,0,1.0,18,0,47,0,0,0,0.0,99.0,235.0,272.0,155.0,176.25
2013-11-19,d_1026,FOODS_3_090_CA_3_validation,FOODS_3_090,FOODS_3,FOODS,CA_3,CA,6,1.0,19,1,47,0,0,0,0.0,101.0,310.0,337.0,151.0,168.78571428571428
2013-11-20,d_1027,FOODS_3_090_CA_3_validation,FOODS_3_090,FOODS_3,FOODS,CA_3,CA,3,1.0,20,2,47,0,0,0,0.0,132.0,260.0,384.0,153.71428571428572,164.21428571428572
2013-11-21,d_1028,FOODS_3_090_CA_3_validation,FOODS_3_090,FOODS_3,FOODS,CA_3,CA,1,1.0,21,3,47,0,0,0,0.0,104.0,331.0,489.0,147.28571428571428,156.10714285714286
2013-11-22,d_1029,FOODS_3_090_CA_3_validation,FOODS_3_090,FOODS_3,FOODS,CA_3,CA,14,1.0,22,4,47,0,0,0,0.0,165.0,362.0,504.0,143.42857142857142,149.07142857142858
2013-11-23,d_1030,FOODS_3_090_CA_3_validation,FOODS_3_090,FOODS_3,FOODS,CA_3,CA,6,1.0,23,5,47,1,0,0,0.0,165.0,0.0,532.0,140.71428571428572,154.96428571428572
2013-11-24,d_1031,FOODS_3_090_CA_3_validation,FOODS_3_090,FOODS_3,FOODS,CA_3,CA,2,1.0,24,6,47,1,0,0,0.0,133.0,0.0,498.0,128.42857142857142,159.71428571428572
2013-11-25,d_1032,FOODS_3_090_CA_3_validation,FOODS_3_090,FOODS_3,FOODS,CA_3,CA,2,1.0,25,0,48,0,0,0,0.0,268.0,151.0,469.0,152.57142857142858,163.89285714285714
2013-11-26,d_1033,FOODS_3_090_CA_3_validation,FOODS_3_090,FOODS_3,FOODS,CA_3,CA,4,1.0,26,1,48,0,0,0,0.0,86.0,137.0,250.0,150.42857142857142,162.07142857142858
2013-11-27,d_1034,FOODS_3_090_CA_3_validation,FOODS_3_090,FOODS_3,FOODS,CA_3,CA,9,1.0,27,2,48,0,0,0,0.0,107.0,169.0,239.0,146.85714285714286,159.85714285714286
2013-11-28,d_1035,FOODS_3_090_CA_3_validation,FOODS_3_090,FOODS_3,FOODS,CA_3,CA,1,1.0,28,3,48,0,1,0,0.0,103.0,98.0,300.0,146.71428571428572,160.03571428571428
2013-11-29,d_1036,FOODS_3_090_CA_3_validation,FOODS_3_090,FOODS_3,FOODS,CA_3,CA,0,1.0,29,4,48,0,0,0,0.0,165.0,244.0,340.0,146.71428571428572,157.21428571428572
2013-11-30,d_1037,FOODS_3_090_CA_3_validation,FOODS_3_090,FOODS_3,FOODS,CA_3,CA,0,1.0,30,5,48,1,0,0,0.0,210.0,292.0,439.0,153.14285714285714,154.28571428571428
2013-12-01,d_1038,FOODS_3_090_CA_3_validation,FOODS_3_090,FOODS_3,FOODS,CA_3,CA,0,1.0,1,6,48,1,0,1,0.0,159.0,196.0,357.0,156.85714285714286,152.96428571428572
2013-12-02,d_1039,FOODS_3_090_CA_3_validation,FOODS_3_090,FOODS_3,FOODS,CA_3,CA,461,1.0,2,0,49,0,0,1,0.0,115.0,155.0,310.0,135.0,151.53571428571428
2013-12-03,d_1040,FOODS_3_090_CA_3_validation,FOODS_3_090,FOODS_3,FOODS,CA_3,CA,317,1.0,3,1,49,0,0,1,0.0,105.0,151.0,491.0,137.71428571428572,149.89285714285714
2013-12-04,d_1041,FOODS_3_090_CA_3_validation,FOODS_3_090,FOODS_3,FOODS,CA_3,CA,328,1.0,4,2,49,0,0,1,0.0,111.0,120.0,620.0,138.28571428571428,149.57142857142858
2013-12-05,d_1042,FOODS_3_090_CA_3_validation,FOODS_3_090,FOODS_3,FOODS,CA_3,CA,258,1.0,5,3,49,0,1,1,0.0,164.0,135.0,613.0,147.0,150.60714285714286
2013-12-06,d_1043,FOODS_3_090_CA_3_validation,FOODS_3_090,FOODS_3,FOODS,CA_3,CA,275,1.0,6,4,49,0,0,1,0.0,166.0,154.0,709.0,147.14285714285714,151.03571428571428
2013-12-07,d_1044,FOODS_3_090_CA_3_validation,FOODS_3_090,FOODS_3,FOODS,CA_3,CA,374,1.0,7,5,49,1,0,1,0.0,0.0,216.0,763.0,117.14285714285714,143.32142857142858
2013-12-08,d_1045,FOODS_3_090_CA_3_validation,FOODS_3_090,FOODS_3,FOODS,CA_3,CA,7,1.0,8,6,49,1,0,1,0.0,0.0,235.0,470.0,94.42857142857143,134.92857142857142
2013-12-09,d_1046,FOODS_3_090_CA_3_validation,FOODS_3_090,FOODS_3,FOODS,CA_3,CA,1,1.0,9,0,50,0,0,1,0.0,391.0,134.0,554.0,133.85714285714286,144.10714285714286
2013-12-10,d_1047,FOODS_3_090_CA_3_validation,FOODS_3_090,FOODS_3,FOODS,CA_3,CA,1,1.0,10,1,50,0,0,1,0.0,257.0,129.0,305.0,155.57142857142858,148.67857142857142
2013-12-11,d_1048,FOODS_3_090_CA_3_validation,FOODS_3_090,FOODS_3,FOODS,CA_3,CA,2,1.0,11,2,50,0,0,0,0.0,0.0,113.0,290.0,139.71428571428572,144.64285714285714
2013-12-12,d_1049,FOODS_3_090_CA_3_validation,FOODS_3_090,FOODS_3,FOODS,CA_3,CA,0,1.0,12,3,50,0,0,0,0.0,0.0,149.0,228.0,116.28571428571429,139.32142857142858
2013-12-13,d_1050,FOODS_3_090_CA_3_validation,FOODS_3_090,FOODS_3,FOODS,CA_3,CA,7,1.0,13,4,50,0,0,0,0.0,0.0,192.0,335.0,92.57142857142857,132.46428571428572
2013-12-14,d_1051,FOODS_3_090_CA_3_validation,FOODS_3_090,FOODS_3,FOODS,CA_3,CA,2,1.0,14,5,50,1,0,0,0.0,5.0,184.0,303.0,93.28571428571429,126.07142857142857
2013-12-15,d_1052,FOODS_3_090_CA_3_validation,FOODS_3_090,FOODS_3,FOODS,CA_3,CA,0,1.0,15,6,50,1,0,0,0.0,2.0,219.0,289.0,93.57142857142857,118.32142857142857
2013-12-16,d_1053,FOODS_3_090_CA_3_validation,FOODS_3_090,FOODS_3,FOODS,CA_3,CA,5,1.0,16,0,51,0,0,0,0.0,0.0,99.0,235.0,37.714285714285715,114.78571428571429
2013-12-17,d_1054,FOODS_3_090_CA_3_validation,FOODS_3_090,FOODS_3,FOODS,CA_3,CA,10,1.0,17,1,51,0,0,0,0.0,6.0,101.0,310.0,1.8571428571428572,111.39285714285714
2013-12-18,d_1055,FOODS_3_090_CA_3_validation,FOODS_3_090,FOODS_3,FOODS,CA_3,CA,0,1.0,18,2,51,0,0,0,0.0,3.0,132.0,260.0,2.2857142857142856,106.78571428571429
2013-12-19,d_1056,FOODS_3_090_CA_3_validation,FOODS_3_090,FOODS_3,FOODS,CA_3,CA,2,1.0,19,3,51,0,0,0,0.0,1.0,104.0,331.0,2.4285714285714284,103.10714285714286
2013-12-20,d_1057,FOODS_3_090_CA_3_validation,FOODS_3_090,FOODS_3,FOODS,CA_3,CA,1,1.0,20,4,51,0,0,0,0.0,14.0,165.0,362.0,4.428571428571429,97.71428571428571
2013-12-21,d_1058,FOODS_3_090_CA_3_validation,FOODS_3_090,FOODS_3,FOODS,CA_3,CA,0,1.38,21,5,51,1,0,0,0.3799999999999999,6.0,165.0,0.0,4.571428571428571,92.03571428571429
2013-12-22,d_1059,FOODS_3_090_CA_3_validation,FOODS_3_090,FOODS_3,FOODS,CA_3,CA,0,1.38,22,6,51,1,0,0,0.0,2.0,133.0,0.0,4.571428571428571,87.35714285714286
2013-12-23,d_1060,FOODS_3_090_CA_3_validation,FOODS_3_090,FOODS_3,FOODS,CA_3,CA,0,1.38,23,0,52,0,0,0,0.0,2.0,268.0,151.0,4.857142857142857,77.85714285714286
2013-12-24,d_1061,FOODS_3_090_CA_3_validation,FOODS_3_090,FOODS_3,FOODS,CA_3,CA,0,1.38,24,1,52,0,0,0,0.0,4.0,86.0,137.0,4.571428571428571,74.92857142857143
2013-12-25,d_1062,FOODS_3_090_CA_3_validation,FOODS_3_090,FOODS_3,FOODS,CA_3,CA,0,1.38,25,2,52,0,1,0,0.0,9.0,107.0,169.0,5.428571428571429,71.42857142857143
2013-12-26,d_1063,FOODS_3_090_CA_3_validation,FOODS_3_090,FOODS_3,FOODS,CA_3,CA,179,1.38,26,3,52,0,0,0,0.0,1.0,103.0,98.0,5.428571428571429,67.78571428571429
2013-12-27,d_1064,FOODS_3_090_CA_3_validation,FOODS_3_090,FOODS_3,FOODS,CA_3,CA,205,1.38,27,4,52,0,0,0,0.0,0.0,165.0,244.0,3.4285714285714284,61.892857142857146
2013-12-28,d_1065,FOODS_3_090_CA_3_validation,FOODS_3_090,FOODS_3,FOODS,CA_3,CA,205,1.38,28,5,52,1,0,0,0.0,0.0,210.0,292.0,2.5714285714285716,54.392857142857146
2013-12-29,d_1066,FOODS_3_090_CA_3_validation,FOODS_3_090,FOODS_3,FOODS,CA_3,CA,177,1.38,29,6,52,1,0,0,0.0,0.0,159.0,196.0,2.2857142857142856,48.714285714285715
2013-12-30,d_1067,FOODS_3_090_CA_3_validation,FOODS_3_090,FOODS_3,FOODS,CA_3,CA,261,1.38,30,0,1,0,0,0,0.0,461.0,115.0,155.0,67.85714285714286,61.07142857142857
2013-12-31,d_1068,FOODS_3_090_CA_3_validation,FOODS_3_090,FOODS_3,FOODS,CA_3,CA,446,1.38,31,1,1,0,0,0,0.0,317.0,105.0,151.0,112.57142857142857,68.64285714285714
2014-01-01,d_1069,FOODS_3_090_CA_3_validation,FOODS_3_090,FOODS_3,FOODS,CA_3,CA,90,1.38,1,2,1,0,1,1,0.0,328.0,111.0,120.0,158.14285714285714,76.39285714285714
2014-01-02,d_1070,FOODS_3_090_CA_3_validation,FOODS_3_090,FOODS_3,FOODS,CA_3,CA,110,1.38,2,3,1,0,0,1,0.0,258.0,164.0,135.0,194.85714285714286,79.75
2014-01-03,d_1071,FOODS_3_090_CA_3_validation,FOODS_3_090,FOODS_3,FOODS,CA_3,CA,201,1.38,3,4,1,0,0,1,0.0,275.0,166.0,154.0,234.14285714285714,83.64285714285714
2014-01-04,d_1072,FOODS_3_090_CA_3_validation,FOODS_3_090,FOODS_3,FOODS,CA_3,CA,202,1.38,4,5,1,1,0,1,0.0,374.0,0.0,216.0,287.57142857142856,97.0
2014-01-05,d_1073,FOODS_3_090_CA_3_validation,FOODS_3_090,FOODS_3,FOODS,CA_3,CA,206,1.38,5,6,1,1,0,1,0.0,7.0,0.0,235.0,288.57142857142856,97.25
2014-01-06,d_1074,FOODS_3_090_CA_3_validation,FOODS_3_090,FOODS_3,FOODS,CA_3,CA,55,1.38,6,0,2,0,0,1,0.0,1.0,391.0,134.0,222.85714285714286,83.32142857142857
2014-01-07,d_1075,FOODS_3_090_CA_3_validation,FOODS_3_090,FOODS_3,FOODS,CA_3,CA,0,1.38,7,1,2,0,1,1,0.0,1.0,257.0,129.0,177.71428571428572,74.17857142857143
2014-01-08,d_1076,FOODS_3_090_CA_3_validation,FOODS_3_090,FOODS_3,FOODS,CA_3,CA,0,1.38,8,2,2,0,0,1,0.0,2.0,0.0,113.0,131.14285714285714,74.25
2014-01-09,d_1077,FOODS_3_090_CA_3_validation,FOODS_3_090,FOODS_3,FOODS,CA_3,CA,0,1.38,9,3,2,0,0,1,0.0,0.0,0.0,149.0,94.28571428571429,74.25
2014-01-10,d_1078,FOODS_3_090_CA_3_validation,FOODS_3_090,FOODS_3,FOODS,CA_3,CA,0,1.38,10,4,2,0,0,1,0.0,7.0,0.0,192.0,56.0,74.5
2014-01-11,d_1079,FOODS_3_090_CA_3_validation,FOODS_3_090,FOODS_3,FOODS,CA_3,CA,168,1.44,11,5,2,1,0,0,0.04347826086956519,2.0,5.0,184.0,2.857142857142857,74.39285714285714
2014-01-12,d_1080,FOODS_3_090_CA_3_validation,FOODS_3_090,FOODS_3,FOODS,CA_3,CA,121,1.44,12,6,2,1,0,0,0.0,0.0,2.0,219.0,1.8571428571428572,74.32142857142857
2014-01-13,d_1081,FOODS_3_090_CA_3_validation,FOODS_3_090,FOODS_3,FOODS,CA_3,CA,85,1.44,13,0,3,0,0,0,0.0,5.0,0.0,99.0,2.4285714285714284,74.5
2014-01-14,d_1082,FOODS_3_090_CA_3_validation,FOODS_3_090,FOODS_3,FOODS,CA_3,CA,95,1.44,14,1,3,0,0,0,0.0,10.0,6.0,101.0,3.7142857142857144,74.64285714285714
2014-01-15,d_1083,FOODS_3_090_CA_3_validation,FOODS_3_090,FOODS_3,FOODS,CA_3,CA,126,1.44,15,2,3,0,0,0,0.0,0.0,3.0,132.0,3.4285714285714284,74.53571428571429
2014-01-16,d_1084,FOODS_3_090_CA_3_validation,FOODS_3_090,FOODS_3,FOODS,CA_3,CA,118,1.44,16,3,3,0,0,0,0.0,2.0,1.0,104.0,3.7142857142857144,74.57142857142857
2014-01-17,d_1085,FOODS_3_090_CA_3_validation,FOODS_3_090,FOODS_3,FOODS,CA_3,CA,211,1.44,17,4,3,0,0,0,0.0,1.0,14.0,165.0,2.857142857142857,74.10714285714286
2014-01-18,d_1086,FOODS_3_090_CA_3_validation,FOODS_3_090,FOODS_3,FOODS,CA_3,CA,211,1.44,18,5,3,1,0,0,0.0,0.0,6.0,165.0,2.5714285714285716,73.89285714285714
2014-01-19,d_1087,FOODS_3_090_CA_3_validation,FOODS_3_090,FOODS_3,FOODS,CA_3,CA,149,1.44,19,6,3,1,0,0,0.0,0.0,2.0,133.0,2.5714285714285716,73.82142857142857
2014-01-20,d_1088,FOODS_3_090_CA_3_validation,FOODS_3_090,FOODS_3,FOODS,CA_3,CA,47,1.44,20,0,4,0,1,0,0.0,0.0,2.0,268.0,1.8571428571428572,73.75
2014-01-21,d_1089,FOODS_3_090_CA_3_validation,FOODS_3_090,FOODS_3,FOODS,CA_3,CA,73,1.44,21,1,4,0,0,0,0.0,0.0,4.0,86.0,0.42857142857142855,73.60714285714286
2014-01-22,d_1090,FOODS_3_090_CA_3_validation,FOODS_3_090,FOODS_3,FOODS,CA_3,CA,112,1.44,22,2,4,0,0,0,0.0,0.0,9.0,107.0,0.42857142857142855,73.28571428571429
2014-01-23,d_1091,FOODS_3_090_CA_3_validation,FOODS_3_090,FOODS_3,FOODS,CA_3,CA,109,1.44,23,3,4,0,0,0,0.0,179.0,1.0,103.0,25.714285714285715,79.64285714285714
2014-01-24,d_1092,FOODS_3_090_CA_3_validation,FOODS_3_090,FOODS_3,FOODS,CA_3,CA,159,1.44,24,4,4,0,0,0,0.0,205.0,0.0,165.0,54.857142857142854,86.96428571428571
2014-01-25,d_1093,FOODS_3_090_CA_3_validation,FOODS_3_090,FOODS_3,FOODS,CA_3,CA,175,1.44,25,5,4,1,0,0,0.0,205.0,0.0,210.0,84.14285714285714,94.28571428571429
2014-01-26,d_1094,FOODS_3_090_CA_3_validation,FOODS_3_090,FOODS_3,FOODS,CA_3,CA,168,1.44,26,6,4,1,0,0,0.0,177.0,0.0,159.0,109.42857142857143,100.60714285714286
2014-01-27,d_1095,FOODS_3_090_CA_3_validation,FOODS_3_090,FOODS_3,FOODS,CA_3,CA,119,1.44,27,0,5,0,0,0,0.0,261.0,461.0,115.0,146.71428571428572,93.46428571428571
2014-01-28,d_1096,FOODS_3_090_CA_3_validation,FOODS_3_090,FOODS_3,FOODS,CA_3,CA,63,1.44,28,1,5,0,0,0,0.0,446.0,317.0,105.0,210.42857142857142,98.07142857142857
2014-01-29,d_1097,FOODS_3_090_CA_3_validation,FOODS_3_090,FOODS_3,FOODS,CA_3,CA,71,1.44,29,2,5,0,0,0,0.0,90.0,328.0,111.0,223.28571428571428,89.57142857142857
2014-01-30,d_1098,FOODS_3_090_CA_3_validation,FOODS_3_090,FOODS_3,FOODS,CA_3,CA,116,1.44,30,3,5,0,0,0,0.0,110.0,258.0,164.0,213.42857142857142,84.28571428571429
2014-01-31,d_1099,FOODS_3_090_CA_3_validation,FOODS_3_090,FOODS_3,FOODS,CA_3,CA,128,1.44,31,4,5,0,0,0,0.0,201.0,275.0,166.0,212.85714285714286,81.64285714285714
2014-02-01,d_1100,FOODS_3_090_CA_3_validation,FOODS_3_090,FOODS_3,FOODS,CA_3,CA,137,1.44,1,5,5,1,0,1,0.0,202.0,374.0,0.0,212.42857142857142,75.5
2014-02-02,d_1101,FOODS_3_090_CA_3_validation,FOODS_3_090,FOODS_3,FOODS,CA_3,CA,221,1.44,2,6,5,1,1,1,0.0,206.0,7.0,0.0,216.57142857142858,82.60714285714286
2014-02-03,d_1102,FOODS_3_090_CA_3_validation,FOODS_3_090,FOODS_3,FOODS,CA_3,CA,147,1.44,3,0,6,0,0,1,0.0,55.0,1.0,391.0,187.14285714285714,84.53571428571429
2014-02-04,d_1103,FOODS_3_090_CA_3_validation,FOODS_3_090,FOODS_3,FOODS,CA_3,CA,127,1.44,4,1,6,0,0,1,0.0,0.0,1.0,257.0,123.42857142857143,84.5
2014-02-05,d_1104,FOODS_3_090_CA_3_validation,FOODS_3_090,FOODS_3,FOODS,CA_3,CA,90,1.44,5,2,6,0,0,1,0.0,0.0,2.0,0.0,110.57142857142857,84.42857142857143
2014-02-06,d_1105,FOODS_3_090_CA_3_validation,FOODS_3_090,FOODS_3,FOODS,CA_3,CA,111,1.44,6,3,6,0,0,1,0.0,0.0,0.0,0.0,94.85714285714286,84.42857142857143
2014-02-07,d_1106,FOODS_3_090_CA_3_validation,FOODS_3_090,FOODS_3,FOODS,CA_3,CA,1,1.44,7,4,6,0,0,1,0.0,0.0,7.0,0.0,66.14285714285714,84.17857142857143
2014-02-08,d_1107,FOODS_3_090_CA_3_validation,FOODS_3_090,FOODS_3,FOODS,CA_3,CA,3,1.0,8,5,6,1,0,1,-0.3055555555555556,168.0,2.0,5.0,61.285714285714285,90.10714285714286
2014-02-09,d_1108,FOODS_3_090_CA_3_validation,FOODS_3_090,FOODS_3,FOODS,CA_3,CA,0,1.0,9,6,6,1,0,1,0.0,121.0,0.0,2.0,49.142857142857146,94.42857142857143
2014-02-10,d_1109,FOODS_3_090_CA_3_validation,FOODS_3_090,FOODS_3,FOODS,CA_3,CA,0,1.0,10,0,7,0,0,1,0.0,85.0,5.0,0.0,53.42857142857143,97.28571428571429
2014-02-11,d_1110,FOODS_3_090_CA_3_validation,FOODS_3_090,FOODS_3,FOODS,CA_3,CA,0,1.0,11,1,7,0,0,0,0.0,95.0,10.0,6.0,67.0,100.32142857142857
2014-02-12,d_1111,FOODS_3_090_CA_3_validation,FOODS_3_090,FOODS_3,FOODS,CA_3,CA,0,1.0,12,2,7,0,0,0,0.0,126.0,0.0,3.0,85.0,104.82142857142857
2014-02-13,d_1112,FOODS_3_090_CA_3_validation,FOODS_3_090,FOODS_3,FOODS,CA_3,CA,7,1.0,13,3,7,0,0,0,0.0,118.0,2.0,1.0,101.85714285714286,108.96428571428571
2014-02-14,d_1113,FOODS_3_090_CA_3_validation,FOODS_3_090,FOODS_3,FOODS,CA_3,CA,3,1.0,14,4,7,0,1,0,0.0,211.0,1.0,14.0,132.0,116.46428571428571
2014-02-15,d_1114,FOODS_3_090_CA_3_validation,FOODS_3_090,FOODS_3,FOODS,CA_3,CA,7,1.0,15,5,7,1,0,0,0.0,211.0,0.0,6.0,138.14285714285714,124.0
2014-02-16,d_1115,FOODS_3_090_CA_3_validation,FOODS_3_090,FOODS_3,FOODS,CA_3,CA,2,1.0,16,6,7,1,0,0,0.0,149.0,0.0,2.0,142.14285714285714,129.32142857142858
2014-02-17,d_1116,FOODS_3_090_CA_3_validation,FOODS_3_090,FOODS_3,FOODS,CA_3,CA,4,1.0,17,0,8,0,1,0,0.0,47.0,0.0,2.0,136.71428571428572,131.0
2014-02-18,d_1117,FOODS_3_090_CA_3_validation,FOODS_3_090,FOODS_3,FOODS,CA_3,CA,4,1.0,18,1,8,0,0,0,0.0,73.0,0.0,4.0,133.57142857142858,133.60714285714286
2014-02-19,d_1118,FOODS_3_090_CA_3_validation,FOODS_3_090,FOODS_3,FOODS,CA_3,CA,1,1.0,19,2,8,0,0,0,0.0,112.0,0.0,9.0,131.57142857142858,137.60714285714286
2014-02-20,d_1119,FOODS_3_090_CA_3_validation,FOODS_3_090,FOODS_3,FOODS,CA_3,CA,10,1.0,20,3,8,0,0,0,0.0,109.0,179.0,1.0,130.28571428571428,135.10714285714286
2014-02-21,d_1120,FOODS_3_090_CA_3_validation,FOODS_3_090,FOODS_3,FOODS,CA_3,CA,3,1.0,21,4,8,0,0,0,0.0,159.0,205.0,0.0,122.85714285714286,133.46428571428572
2014-02-22,d_1121,FOODS_3_090_CA_3_validation,FOODS_3_090,FOODS_3,FOODS,CA_3,CA,4,1.0,22,5,8,1,0,0,0.0,175.0,205.0,0.0,117.71428571428571,132.39285714285714
2014-02-23,d_1122,FOODS_3_090_CA_3_validation,FOODS_3_090,FOODS_3,FOODS,CA_3,CA,5,1.0,23,6,8,1,0,0,0.0,168.0,177.0,0.0,120.42857142857143,132.07142857142858
2014-02-24,d_1123,FOODS_3_090_CA_3_validation,FOODS_3_090,FOODS_3,FOODS,CA_3,CA,0,1.0,24,0,9,0,0,0,0.0,119.0,261.0,461.0,130.71428571428572,127.0
2014-02-25,d_1124,FOODS_3_090_CA_3_validation,FOODS_3_090,FOODS_3,FOODS,CA_3,CA,21,1.0,25,1,9,0,0,0,0.0,63.0,446.0,317.0,129.28571428571428,113.32142857142857
2014-02-26,d_1125,FOODS_3_090_CA_3_validation,FOODS_3_090,FOODS_3,FOODS,CA_3,CA,5,1.0,26,2,9,0,0,0,0.0,71.0,90.0,328.0,123.42857142857143,112.64285714285714
2014-02-27,d_1126,FOODS_3_090_CA_3_validation,FOODS_3_090,FOODS_3,FOODS,CA_3,CA,3,1.0,27,3,9,0,0,0,0.0,116.0,110.0,258.0,124.42857142857143,112.85714285714286
2014-02-28,d_1127,FOODS_3_090_CA_3_validation,FOODS_3_090,FOODS_3,FOODS,CA_3,CA,3,1.0,28,4,9,0,0,0,0.0,128.0,201.0,275.0,120.0,110.25
2014-03-01,d_1128,FOODS_3_090_CA_3_validation,FOODS_3_090,FOODS_3,FOODS,CA_3,CA,7,1.0,1,5,9,1,0,1,0.0,137.0,202.0,374.0,114.57142857142857,107.92857142857143
2014-03-02,d_1129,FOODS_3_090_CA_3_validation,FOODS_3_090,FOODS_3,FOODS,CA_3,CA,2,1.0,2,6,9,1,0,1,0.0,221.0,206.0,7.0,122.14285714285714,108.46428571428571
2014-03-03,d_1130,FOODS_3_090_CA_3_validation,FOODS_3_090,FOODS_3,FOODS,CA_3,CA,2,1.0,3,0,10,0,0,1,0.0,147.0,55.0,1.0,126.14285714285714,111.75
2014-03-04,d_1131,FOODS_3_090_CA_3_validation,FOODS_3_090,FOODS_3,FOODS,CA_3,CA,12,1.0,4,1,10,0,0,1,0.0,127.0,0.0,1.0,135.28571428571428,116.28571428571429
2014-03-05,d_1132,FOODS_3_090_CA_3_validation,FOODS_3_090,FOODS_3,FOODS,CA_3,CA,0,1.0,5,2,10,0,1,1,0.0,90.0,0.0,2.0,138.0,119.5
2014-03-06,d_1133,FOODS_3_090_CA_3_validation,FOODS_3_090,FOODS_3,FOODS,CA_3,CA,0,1.0,6,3,10,0,0,1,0.0,111.0,0.0,0.0,137.28571428571428,123.46428571428571
2014-03-07,d_1134,FOODS_3_090_CA_3_validation,FOODS_3_090,FOODS_3,FOODS,CA_3,CA,5,1.0,7,4,10,0,0,1,0.0,1.0,0.0,7.0,119.14285714285714,123.5
2014-03-08,d_1135,FOODS_3_090_CA_3_validation,FOODS_3_090,FOODS_3,FOODS,CA_3,CA,0,1.44,8,5,10,1,0,1,0.43999999999999995,3.0,168.0,2.0,100.0,117.60714285714286
2014-03-09,d_1136,FOODS_3_090_CA_3_validation,FOODS_3_090,FOODS_3,FOODS,CA_3,CA,376,1.44,9,6,10,1,0,1,0.0,0.0,121.0,0.0,68.42857142857143,113.28571428571429
2014-03-10,d_1137,FOODS_3_090_CA_3_validation,FOODS_3_090,FOODS_3,FOODS,CA_3,CA,200,1.44,10,0,11,0,0,1,0.0,0.0,85.0,5.0,47.42857142857143,110.25
2014-03-11,d_1138,FOODS_3_090_CA_3_validation,FOODS_3_090,FOODS_3,FOODS,CA_3,CA,114,1.44,11,1,11,0,0,0,0.0,0.0,95.0,10.0,29.285714285714285,106.85714285714286
2014-03-12,d_1139,FOODS_3_090_CA_3_validation,FOODS_3_090,FOODS_3,FOODS,CA_3,CA,112,1.44,12,2,11,0,1,0,0.0,0.0,126.0,0.0,16.428571428571427,102.35714285714286
2014-03-13,d_1140,FOODS_3_090_CA_3_validation,FOODS_3_090,FOODS_3,FOODS,CA_3,CA,121,1.44,13,3,11,0,0,0,0.0,7.0,118.0,2.0,1.5714285714285714,98.39285714285714
2014-03-14,d_1141,FOODS_3_090_CA_3_validation,FOODS_3_090,FOODS_3,FOODS,CA_3,CA,116,1.44,14,4,11,0,0,0,0.0,3.0,211.0,1.0,1.8571428571428572,90.96428571428571
2014-03-15,d_1142,FOODS_3_090_CA_3_validation,FOODS_3_090,FOODS_3,FOODS,CA_3,CA,154,1.44,15,5,11,1,0,0,0.0,7.0,211.0,0.0,2.4285714285714284,83.67857142857143
2014-03-16,d_1143,FOODS_3_090_CA_3_validation,FOODS_3_090,FOODS_3,FOODS,CA_3,CA,188,1.44,16,6,11,1,1,0,0.0,2.0,149.0,0.0,2.7142857142857144,78.42857142857143
2014-03-17,d_1144,FOODS_3_090_CA_3_validation,FOODS_3_090,FOODS_3,FOODS,CA_3,CA,121,1.44,17,0,12,0,1,0,0.0,4.0,47.0,0.0,3.2857142857142856,76.89285714285714
2014-03-18,d_1145,FOODS_3_090_CA_3_validation,FOODS_3_090,FOODS_3,FOODS,CA_3,CA,88,1.44,18,1,12,0,0,0,0.0,4.0,73.0,0.0,3.857142857142857,74.42857142857143
2014-03-19,d_1146,FOODS_3_090_CA_3_validation,FOODS_3_090,FOODS_3,FOODS,CA_3,CA,87,1.44,19,2,12,0,0,0,0.0,1.0,112.0,0.0,4.0,70.46428571428571
2014-03-20,d_1147,FOODS_3_090_CA_3_validation,FOODS_3_090,FOODS_3,FOODS,CA_3,CA,127,1.44,20,3,12,0,0,0,0.0,10.0,109.0,179.0,4.428571428571429,66.92857142857143
2014-03-21,d_1148,FOODS_3_090_CA_3_validation,FOODS_3_090,FOODS_3,FOODS,CA_3,CA,160,1.44,21,4,12,0,0,0,0.0,3.0,159.0,205.0,4.428571428571429,61.357142857142854
2014-03-22,d_1149,FOODS_3_090_CA_3_validation,FOODS_3_090,FOODS_3,FOODS,CA_3,CA,195,1.44,22,5,12,1,0,0,0.0,4.0,175.0,205.0,4.0,55.25
2014-03-23,d_1150,FOODS_3_090_CA_3_validation,FOODS_3_090,FOODS_3,FOODS,CA_3,CA,150,1.44,23,6,12,1,0,0,0.0,5.0,168.0,177.0,4.428571428571429,49.42857142857143
2014-03-24,d_1151,FOODS_3_090_CA_3_validation,FOODS_3_090,FOODS_3,FOODS,CA_3,CA,106,1.44,24,0,13,0,0,0,0.0,0.0,119.0,261.0,3.857142857142857,45.17857142857143
2014-03-25,d_1152,FOODS_3_090_CA_3_validation,FOODS_3_090,FOODS_3,FOODS,CA_3,CA,54,1.44,25,1,13,0,0,0,0.0,21.0,63.0,446.0,6.285714285714286,43.67857142857143
2014-03-26,d_1153,FOODS_3_090_CA_3_validation,FOODS_3_090,FOODS_3,FOODS,CA_3,CA,93,1.44,26,2,13,0,0,0,0.0,5.0,71.0,90.0,6.857142857142857,41.32142857142857
2014-03-27,d_1154,FOODS_3_090_CA_3_validation,FOODS_3_090,FOODS_3,FOODS,CA_3,CA,81,1.44,27,3,13,0,0,0,0.0,3.0,116.0,110.0,5.857142857142857,37.285714285714285
2014-03-28,d_1155,FOODS_3_090_CA_3_validation,FOODS_3_090,FOODS_3,FOODS,CA_3,CA,125,1.44,28,4,13,0,0,0,0.0,3.0,128.0,201.0,5.857142857142857,32.82142857142857
2014-03-29,d_1156,FOODS_3_090_CA_3_validation,FOODS_3_090,FOODS_3,FOODS,CA_3,CA,159,1.44,29,5,13,1,0,0,0.0,7.0,137.0,202.0,6.285714285714286,28.178571428571427
2014-03-30,d_1157,FOODS_3_090_CA_3_validation,FOODS_3_090,FOODS_3,FOODS,CA_3,CA,145,1.44,30,6,13,1,0,0,0.0,2.0,221.0,206.0,5.857142857142857,20.357142857142858
2014-03-31,d_1158,FOODS_3_090_CA_3_validation,FOODS_3_090,FOODS_3,FOODS,CA_3,CA,78,1.44,31,0,14,0,0,0,0.0,2.0,147.0,55.0,6.142857142857143,15.178571428571429
2014-04-01,d_1159,FOODS_3_090_CA_3_validation,FOODS_3_090,FOODS_3,FOODS,CA_3,CA,86,1.44,1,1,14,0,0,1,0.0,12.0,127.0,0.0,4.857142857142857,11.071428571428571
2014-04-02,d_1160,FOODS_3_090_CA_3_validation,FOODS_3_090,FOODS_3,FOODS,CA_3,CA,106,1.44,2,2,14,0,0,1,0.0,0.0,90.0,0.0,4.142857142857143,7.857142857142857
2014-04-03,d_1161,FOODS_3_090_CA_3_validation,FOODS_3_090,FOODS_3,FOODS,CA_3,CA,112,1.44,3,3,14,0,0,1,0.0,0.0,111.0,0.0,3.7142857142857144,3.892857142857143
2014-04-04,d_1162,FOODS_3_090_CA_3_validation,FOODS_3_090,FOODS_3,FOODS,CA_3,CA,177,1.44,4,4,14,0,0,1,0.0,5.0,1.0,0.0,4.0,4.035714285714286
2014-04-05,d_1163,FOODS_3_090_CA_3_validation,FOODS_3_090,FOODS_3,FOODS,CA_3,CA,217,1.44,5,5,14,1,0,1,0.0,0.0,3.0,168.0,3.0,3.9285714285714284
2014-04-06,d_1164,FOODS_3_090_CA_3_validation,FOODS_3_090,FOODS_3,FOODS,CA_3,CA,116,1.44,6,6,14,1,0,1,0.0,376.0,0.0,121.0,56.42857142857143,17.357142857142858
2014-04-07,d_1165,FOODS_3_090_CA_3_validation,FOODS_3_090,FOODS_3,FOODS,CA_3,CA,98,1.44,7,0,15,0,0,1,0.0,200.0,0.0,85.0,84.71428571428571,24.5
2014-04-08,d_1166,FOODS_3_090_CA_3_validation,FOODS_3_090,FOODS_3,FOODS,CA_3,CA,168,1.44,8,1,15,0,0,1,0.0,114.0,0.0,95.0,99.28571428571429,28.571428571428573
2014-04-09,d_1167,FOODS_3_090_CA_3_validation,FOODS_3_090,FOODS_3,FOODS,CA_3,CA,142,1.44,9,2,15,0,0,1,0.0,112.0,0.0,126.0,115.28571428571429,32.57142857142857
2014-04-10,d_1168,FOODS_3_090_CA_3_validation,FOODS_3_090,FOODS_3,FOODS,CA_3,CA,140,1.44,10,3,15,0,0,1,0.0,121.0,7.0,118.0,132.57142857142858,36.642857142857146
2014-04-11,d_1169,FOODS_3_090_CA_3_validation,FOODS_3_090,FOODS_3,FOODS,CA_3,CA,162,1.44,11,4,15,0,0,0,0.0,116.0,3.0,211.0,148.42857142857142,40.67857142857143
2014-04-12,d_1170,FOODS_3_090_CA_3_validation,FOODS_3_090,FOODS_3,FOODS,CA_3,CA,200,1.44,12,5,15,1,0,0,0.0,154.0,7.0,211.0,170.42857142857142,45.92857142857143
2014-04-13,d_1171,FOODS_3_090_CA_3_validation,FOODS_3_090,FOODS_3,FOODS,CA_3,CA,136,1.44,13,6,15,1,0,0,0.0,188.0,2.0,149.0,143.57142857142858,52.57142857142857
2014-04-14,d_1172,FOODS_3_090_CA_3_validation,FOODS_3_090,FOODS_3,FOODS,CA_3,CA,75,1.44,14,0,16,0,0,0,0.0,121.0,4.0,47.0,132.28571428571428,56.75
2014-04-15,d_1173,FOODS_3_090_CA_3_validation,FOODS_3_090,FOODS_3,FOODS,CA_3,CA,120,1.44,15,1,16,0,0,0,0.0,88.0,4.0,73.0,128.57142857142858,59.75
2014-04-16,d_1174,FOODS_3_090_CA_3_validation,FOODS_3_090,FOODS_3,FOODS,CA_3,CA,118,1.44,16,2,16,0,0,0,0.0,87.0,1.0,112.0,125.0,62.82142857142857
2014-04-17,d_1175,FOODS_3_090_CA_3_validation,FOODS_3_090,FOODS_3,FOODS,CA_3,CA,93,1.44,17,3,16,0,0,0,0.0,127.0,10.0,109.0,125.85714285714286,67.0
2014-04-18,d_1176,FOODS_3_090_CA_3_validation,FOODS_3_090,FOODS_3,FOODS,CA_3,CA,120,1.44,18,4,16,0,0,0,0.0,160.0,3.0,159.0,132.14285714285714,72.60714285714286
2014-04-19,d_1177,FOODS_3_090_CA_3_validation,FOODS_3_090,FOODS_3,FOODS,CA_3,CA,243,1.44,19,5,16,1,0,0,0.0,195.0,4.0,175.0,138.0,79.42857142857143
2014-04-20,d_1178,FOODS_3_090_CA_3_validation,FOODS_3_090,FOODS_3,FOODS,CA_3,CA,245,1.44,20,6,16,1,1,0,0.0,150.0,5.0,168.0,132.57142857142858,84.60714285714286
2014-04-21,d_1179,FOODS_3_090_CA_3_validation,FOODS_3_090,FOODS_3,FOODS,CA_3,CA,80,1.44,21,0,17,0,0,0,0.0,106.0,0.0,119.0,130.42857142857142,88.39285714285714
2014-04-22,d_1180,FOODS_3_090_CA_3_validation,FOODS_3_090,FOODS_3,FOODS,CA_3,CA,84,1.44,22,1,17,0,1,0,0.0,54.0,21.0,63.0,125.57142857142857,89.57142857142857
2014-04-23,d_1181,FOODS_3_090_CA_3_validation,FOODS_3_090,FOODS_3,FOODS,CA_3,CA,130,1.44,23,2,17,0,0,0,0.0,93.0,5.0,71.0,126.42857142857143,92.71428571428571
2014-04-24,d_1182,FOODS_3_090_CA_3_validation,FOODS_3_090,FOODS_3,FOODS,CA_3,CA,120,1.44,24,3,17,0,0,0,0.0,81.0,3.0,116.0,119.85714285714286,95.5
2014-04-25,d_1183,FOODS_3_090_CA_3_validation,FOODS_3_090,FOODS_3,FOODS,CA_3,CA,94,1.44,25,4,17,0,0,0,0.0,125.0,3.0,128.0,114.85714285714286,99.85714285714286
2014-04-26,d_1184,FOODS_3_090_CA_3_validation,FOODS_3_090,FOODS_3,FOODS,CA_3,CA,216,1.44,26,5,17,1,0,0,0.0,159.0,7.0,137.0,109.71428571428571,105.28571428571429
2014-04-27,d_1185,FOODS_3_090_CA_3_validation,FOODS_3_090,FOODS_3,FOODS,CA_3,CA,153,1.44,27,6,17,1,0,0,0.0,145.0,2.0,221.0,109.0,110.39285714285714
2014-04-28,d_1186,FOODS_3_090_CA_3_validation,FOODS_3_090,FOODS_3,FOODS,CA_3,CA,176,1.44,28,0,18,0,0,0,0.0,78.0,2.0,147.0,105.0,113.10714285714286
2014-04-29,d_1187,FOODS_3_090_CA_3_validation,FOODS_3_090,FOODS_3,FOODS,CA_3,CA,86,1.44,29,1,18,0,0,0,0.0,86.0,12.0,127.0,109.57142857142857,115.75
2014-04-30,d_1188,FOODS_3_090_CA_3_validation,FOODS_3_090,FOODS_3,FOODS,CA_3,CA,134,1.44,30,2,18,0,0,0,0.0,106.0,0.0,90.0,111.42857142857143,119.53571428571429
2014-05-01,d_1189,FOODS_3_090_CA_3_validation,FOODS_3_090,FOODS_3,FOODS,CA_3,CA,141,1.44,1,3,18,0,0,1,0.0,112.0,0.0,111.0,115.85714285714286,123.53571428571429
2014-05-02,d_1190,FOODS_3_090_CA_3_validation,FOODS_3_090,FOODS_3,FOODS,CA_3,CA,205,1.44,2,4,18,0,0,1,0.0,177.0,5.0,1.0,123.28571428571429,129.67857142857142
2014-05-03,d_1191,FOODS_3_090_CA_3_validation,FOODS_3_090,FOODS_3,FOODS,CA_3,CA,160,1.44,3,5,18,1,0,1,0.0,217.0,0.0,3.0,131.57142857142858,137.42857142857142
2014-05-04,d_1192,FOODS_3_090_CA_3_validation,FOODS_3_090,FOODS_3,FOODS,CA_3,CA,114,1.44,4,6,18,1,0,1,0.0,116.0,376.0,0.0,127.42857142857143,128.14285714285714
2014-05-05,d_1193,FOODS_3_090_CA_3_validation,FOODS_3_090,FOODS_3,FOODS,CA_3,CA,143,1.44,5,0,19,0,1,1,0.0,98.0,200.0,0.0,130.28571428571428,124.5
2014-05-06,d_1194,FOODS_3_090_CA_3_validation,FOODS_3_090,FOODS_3,FOODS,CA_3,CA,92,1.44,6,1,19,0,0,1,0.0,168.0,114.0,0.0,142.0,126.42857142857143
2014-05-07,d_1195,FOODS_3_090_CA_3_validation,FOODS_3_090,FOODS_3,FOODS,CA_3,CA,69,1.44,7,2,19,0,0,1,0.0,142.0,112.0,0.0,147.14285714285714,127.5
2014-05-08,d_1196,FOODS_3_090_CA_3_validation,FOODS_3_090,FOODS_3,FOODS,CA_3,CA,112,1.44,8,3,19,0,0,1,0.0,140.0,121.0,7.0,151.14285714285714,128.17857142857142
2014-05-09,d_1197,FOODS_3_090_CA_3_validation,FOODS_3_090,FOODS_3,FOODS,CA_3,CA,192,1.44,9,4,19,0,0,1,0.0,162.0,116.0,3.0,149.0,129.82142857142858
2014-05-10,d_1198,FOODS_3_090_CA_3_validation,FOODS_3_090,FOODS_3,FOODS,CA_3,CA,226,1.44,10,5,19,1,0,1,0.0,200.0,154.0,7.0,146.57142857142858,131.46428571428572
2014-05-11,d_1199,FOODS_3_090_CA_3_validation,FOODS_3_090,FOODS_3,FOODS,CA_3,CA,162,1.44,11,6,19,1,1,0,0.0,136.0,188.0,2.0,149.42857142857142,129.60714285714286
2014-05-12,d_1200,FOODS_3_090_CA_3_validation,FOODS_3_090,FOODS_3,FOODS,CA_3,CA,123,1.44,12,0,20,0,0,0,0.0,75.0,121.0,4.0,146.14285714285714,127.96428571428571
2014-05-13,d_1201,FOODS_3_090_CA_3_validation,FOODS_3_090,FOODS_3,FOODS,CA_3,CA,2,1.44,13,1,20,0,0,0,0.0,120.0,88.0,4.0,139.28571428571428,129.10714285714286
2014-05-14,d_1202,FOODS_3_090_CA_3_validation,FOODS_3_090,FOODS_3,FOODS,CA_3,CA,0,1.44,14,2,20,0,0,0,0.0,118.0,87.0,1.0,135.85714285714286,130.21428571428572
2014-05-15,d_1203,FOODS_3_090_CA_3_validation,FOODS_3_090,FOODS_3,FOODS,CA_3,CA,0,1.44,15,3,20,0,0,0,0.0,93.0,127.0,10.0,129.14285714285714,129.0
2014-05-16,d_1204,FOODS_3_090_CA_3_validation,FOODS_3_090,FOODS_3,FOODS,CA_3,CA,0,1.44,16,4,20,0,0,0,0.0,120.0,160.0,3.0,123.14285714285714,127.57142857142857
2014-05-17,d_1205,FOODS_3_090_CA_3_validation,FOODS_3_090,FOODS_3,FOODS,CA_3,CA,28,1.0,17,5,20,1,0,0,-0.3055555555555556,243.0,195.0,4.0,129.28571428571428,129.28571428571428
2014-05-18,d_1206,FOODS_3_090_CA_3_validation,FOODS_3_090,FOODS_3,FOODS,CA_3,CA,2,1.0,18,6,20,1,0,0,0.0,245.0,150.0,5.0,144.85714285714286,132.67857142857142
2014-05-19,d_1207,FOODS_3_090_CA_3_validation,FOODS_3_090,FOODS_3,FOODS,CA_3,CA,8,1.0,19,0,21,0,0,0,0.0,80.0,106.0,0.0,145.57142857142858,131.75
2014-05-20,d_1208,FOODS_3_090_CA_3_validation,FOODS_3_090,FOODS_3,FOODS,CA_3,CA,0,1.0,20,1,21,0,0,0,0.0,84.0,54.0,21.0,140.42857142857142,132.82142857142858
2014-05-21,d_1209,FOODS_3_090_CA_3_validation,FOODS_3_090,FOODS_3,FOODS,CA_3,CA,0,1.0,21,2,21,0,0,0,0.0,130.0,93.0,5.0,142.14285714285714,134.14285714285714
2014-05-22,d_1210,FOODS_3_090_CA_3_validation,FOODS_3_090,FOODS_3,FOODS,CA_3,CA,2,1.0,22,3,21,0,0,0,0.0,120.0,81.0,3.0,146.0,135.53571428571428
2014-05-23,d_1211,FOODS_3_090_CA_3_validation,FOODS_3_090,FOODS_3,FOODS,CA_3,CA,9,1.0,23,4,21,0,0,0,0.0,94.0,125.0,3.0,142.28571428571428,134.42857142857142
2014-05-24,d_1212,FOODS_3_090_CA_3_validation,FOODS_3_090,FOODS_3,FOODS,CA_3,CA,3,1.0,24,5,21,1,0,0,0.0,216.0,159.0,7.0,138.42857142857142,136.46428571428572
2014-05-25,d_1213,FOODS_3_090_CA_3_validation,FOODS_3_090,FOODS_3,FOODS,CA_3,CA,43,1.0,25,6,21,1,0,0,0.0,153.0,145.0,2.0,125.28571428571429,136.75
2014-05-26,d_1214,FOODS_3_090_CA_3_validation,FOODS_3_090,FOODS_3,FOODS,CA_3,CA,0,1.0,26,0,22,0,1,0,0.0,176.0,78.0,2.0,139.0,140.25
2014-05-27,d_1215,FOODS_3_090_CA_3_validation,FOODS_3_090,FOODS_3,FOODS,CA_3,CA,3,1.0,27,1,22,0,0,0,0.0,86.0,86.0,12.0,139.28571428571428,140.25
2014-05-28,d_1216,FOODS_3_090_CA_3_validation,FOODS_3_090,FOODS_3,FOODS,CA_3,CA,5,1.0,28,2,22,0,0,0,0.0,134.0,106.0,0.0,139.85714285714286,141.25
2014-05-29,d_1217,FOODS_3_090_CA_3_validation,FOODS_3_090,FOODS_3,FOODS,CA_3,CA,9,1.0,29,3,22,0,0,0,0.0,141.0,112.0,0.0,142.85714285714286,142.28571428571428
2014-05-30,d_1218,FOODS_3_090_CA_3_validation,FOODS_3_090,FOODS_3,FOODS,CA_3,CA,5,1.0,30,4,22,0,0,0,0.0,205.0,177.0,5.0,158.71428571428572,143.28571428571428
2014-05-31,d_1219,FOODS_3_090_CA_3_validation,FOODS_3_090,FOODS_3,FOODS,CA_3,CA,3,1.0,31,5,22,1,0,0,0.0,160.0,217.0,0.0,150.71428571428572,141.25
2014-06-01,d_1220,FOODS_3_090_CA_3_validation,FOODS_3_090,FOODS_3,FOODS,CA_3,CA,2,1.0,1,6,22,1,0,1,0.0,114.0,116.0,376.0,145.14285714285714,141.17857142857142
2014-06-02,d_1221,FOODS_3_090_CA_3_validation,FOODS_3_090,FOODS_3,FOODS,CA_3,CA,5,1.0,2,0,23,0,0,1,0.0,143.0,98.0,200.0,140.42857142857142,142.78571428571428
2014-06-03,d_1222,FOODS_3_090_CA_3_validation,FOODS_3_090,FOODS_3,FOODS,CA_3,CA,2,1.0,3,1,23,0,0,1,0.0,92.0,168.0,114.0,141.28571428571428,140.07142857142858
2014-06-04,d_1223,FOODS_3_090_CA_3_validation,FOODS_3_090,FOODS_3,FOODS,CA_3,CA,0,1.0,4,2,23,0,0,1,0.0,69.0,142.0,112.0,132.0,137.46428571428572
2014-06-05,d_1224,FOODS_3_090_CA_3_validation,FOODS_3_090,FOODS_3,FOODS,CA_3,CA,2,1.0,5,3,23,0,1,1,0.0,112.0,140.0,121.0,127.85714285714286,136.46428571428572
2014-06-06,d_1225,FOODS_3_090_CA_3_validation,FOODS_3_090,FOODS_3,FOODS,CA_3,CA,4,1.0,6,4,23,0,0,1,0.0,192.0,162.0,116.0,126.0,137.53571428571428
2014-06-07,d_1226,FOODS_3_090_CA_3_validation,FOODS_3_090,FOODS_3,FOODS,CA_3,CA,0,1.44,7,5,23,1,0,1,0.43999999999999995,226.0,200.0,154.0,135.42857142857142,138.46428571428572
2014-06-08,d_1227,FOODS_3_090_CA_3_validation,FOODS_3_090,FOODS_3,FOODS,CA_3,CA,0,1.44,8,6,23,1,0,1,0.0,162.0,136.0,188.0,142.28571428571428,139.39285714285714
2014-06-09,d_1228,FOODS_3_090_CA_3_validation,FOODS_3_090,FOODS_3,FOODS,CA_3,CA,0,1.44,9,0,24,0,0,1,0.0,123.0,75.0,121.0,139.42857142857142,141.10714285714286
2014-06-10,d_1229,FOODS_3_090_CA_3_validation,FOODS_3_090,FOODS_3,FOODS,CA_3,CA,0,1.44,10,1,24,0,0,1,0.0,2.0,120.0,88.0,126.57142857142857,136.89285714285714
2014-06-11,d_1230,FOODS_3_090_CA_3_validation,FOODS_3_090,FOODS_3,FOODS,CA_3,CA,147,1.44,11,2,24,0,0,0,0.0,0.0,118.0,87.0,116.71428571428571,132.67857142857142
2014-06-12,d_1231,FOODS_3_090_CA_3_validation,FOODS_3_090,FOODS_3,FOODS,CA_3,CA,184,1.44,12,3,24,0,0,0,0.0,0.0,93.0,127.0,100.71428571428571,129.35714285714286
2014-06-13,d_1232,FOODS_3_090_CA_3_validation,FOODS_3_090,FOODS_3,FOODS,CA_3,CA,203,1.44,13,4,24,0,0,0,0.0,0.0,120.0,160.0,73.28571428571429,125.07142857142857
2014-06-14,d_1233,FOODS_3_090_CA_3_validation,FOODS_3_090,FOODS_3,FOODS,CA_3,CA,203,1.44,14,5,24,1,0,0,0.0,28.0,243.0,195.0,45.0,117.39285714285714
2014-06-15,d_1234,FOODS_3_090_CA_3_validation,FOODS_3_090,FOODS_3,FOODS,CA_3,CA,168,1.44,15,6,24,1,1,0,0.0,2.0,245.0,150.0,22.142857142857142,108.71428571428571
2014-06-16,d_1235,FOODS_3_090_CA_3_validation,FOODS_3_090,FOODS_3,FOODS,CA_3,CA,103,1.44,16,0,25,0,0,0,0.0,8.0,80.0,106.0,5.714285714285714,106.14285714285714
2014-06-17,d_1236,FOODS_3_090_CA_3_validation,FOODS_3_090,FOODS_3,FOODS,CA_3,CA,110,1.44,17,1,25,0,0,0,0.0,0.0,84.0,54.0,5.428571428571429,103.14285714285714
2014-06-18,d_1237,FOODS_3_090_CA_3_validation,FOODS_3_090,FOODS_3,FOODS,CA_3,CA,102,1.44,18,2,25,0,0,0,0.0,0.0,130.0,93.0,5.428571428571429,98.5
2014-06-19,d_1238,FOODS_3_090_CA_3_validation,FOODS_3_090,FOODS_3,FOODS,CA_3,CA,110,1.44,19,3,25,0,0,0,0.0,2.0,120.0,81.0,5.714285714285714,94.28571428571429
2014-06-20,d_1239,FOODS_3_090_CA_3_validation,FOODS_3_090,FOODS_3,FOODS,CA_3,CA,169,1.44,20,4,25,0,0,0,0.0,9.0,94.0,125.0,7.0,91.25
2014-06-21,d_1240,FOODS_3_090_CA_3_validation,FOODS_3_090,FOODS_3,FOODS,CA_3,CA,245,1.44,21,5,25,1,0,0,0.0,3.0,216.0,159.0,3.4285714285714284,83.64285714285714
2014-06-22,d_1241,FOODS_3_090_CA_3_validation,FOODS_3_090,FOODS_3,FOODS,CA_3,CA,126,1.44,22,6,25,1,0,0,0.0,43.0,153.0,145.0,9.285714285714286,79.71428571428571
2014-06-23,d_1242,FOODS_3_090_CA_3_validation,FOODS_3_090,FOODS_3,FOODS,CA_3,CA,120,1.44,23,0,26,0,0,0,0.0,0.0,176.0,78.0,8.142857142857142,73.42857142857143
2014-06-24,d_1243,FOODS_3_090_CA_3_validation,FOODS_3_090,FOODS_3,FOODS,CA_3,CA,103,1.44,24,1,26,0,0,0,0.0,3.0,86.0,86.0,8.571428571428571,70.46428571428571
2014-06-25,d_1244,FOODS_3_090_CA_3_validation,FOODS_3_090,FOODS_3,FOODS,CA_3,CA,79,1.44,25,2,26,0,0,0,0.0,5.0,134.0,106.0,9.285714285714286,65.85714285714286
2014-06-26,d_1245,FOODS_3_090_CA_3_validation,FOODS_3_090,FOODS_3,FOODS,CA_3,CA,149,1.44,26,3,26,0,0,0,0.0,9.0,141.0,112.0,10.285714285714286,61.142857142857146
2014-06-27,d_1246,FOODS_3_090_CA_3_validation,FOODS_3_090,FOODS_3,FOODS,CA_3,CA,150,1.44,27,4,26,0,0,0,0.0,5.0,205.0,177.0,9.714285714285714,54.0
2014-06-28,d_1247,FOODS_3_090_CA_3_validation,FOODS_3_090,FOODS_3,FOODS,CA_3,CA,195,1.44,28,5,26,1,0,0,0.0,3.0,160.0,217.0,9.714285714285714,48.392857142857146
2014-06-29,d_1248,FOODS_3_090_CA_3_validation,FOODS_3_090,FOODS_3,FOODS,CA_3,CA,109,1.44,29,6,26,1,1,0,0.0,2.0,114.0,116.0,3.857142857142857,44.392857142857146
2014-06-30,d_1249,FOODS_3_090_CA_3_validation,FOODS_3_090,FOODS_3,FOODS,CA_3,CA,88,1.44,30,0,27,0,0,0,0.0,5.0,143.0,98.0,4.571428571428571,39.464285714285715
2014-07-01,d_1250,FOODS_3_090_CA_3_validation,FOODS_3_090,FOODS_3,FOODS,CA_3,CA,144,1.44,1,1,27,0,0,1,0.0,2.0,92.0,168.0,4.428571428571429,36.25
2014-07-02,d_1251,FOODS_3_090_CA_3_validation,FOODS_3_090,FOODS_3,FOODS,CA_3,CA,106,1.44,2,2,27,0,0,1,0.0,0.0,69.0,142.0,3.7142857142857144,33.785714285714285
2014-07-03,d_1252,FOODS_3_090_CA_3_validation,FOODS_3_090,FOODS_3,FOODS,CA_3,CA,207,1.44,3,3,27,0,0,1,0.0,2.0,112.0,140.0,2.7142857142857144,29.857142857142858
2014-07-04,d_1253,FOODS_3_090_CA_3_validation,FOODS_3_090,FOODS_3,FOODS,CA_3,CA,229,1.44,4,4,27,0,1,1,0.0,4.0,192.0,162.0,2.5714285714285716,23.142857142857142
2014-07-05,d_1254,FOODS_3_090_CA_3_validation,FOODS_3_090,FOODS_3,FOODS,CA_3,CA,138,1.44,5,5,27,1,0,1,0.0,0.0,226.0,200.0,2.142857142857143,15.071428571428571
2014-07-06,d_1255,FOODS_3_090_CA_3_validation,FOODS_3_090,FOODS_3,FOODS,CA_3,CA,157,1.44,6,6,27,1,0,1,0.0,0.0,162.0,136.0,1.8571428571428572,9.285714285714286
2014-07-07,d_1256,FOODS_3_090_CA_3_validation,FOODS_3_090,FOODS_3,FOODS,CA_3,CA,107,1.44,7,0,28,0,0,1,0.0,0.0,123.0,75.0,1.1428571428571428,4.892857142857143
2014-07-08,d_1257,FOODS_3_090_CA_3_validation,FOODS_3_090,FOODS_3,FOODS,CA_3,CA,123,1.44,8,1,28,0,0,1,0.0,0.0,2.0,120.0,0.8571428571428571,4.821428571428571
2014-07-09,d_1258,FOODS_3_090_CA_3_validation,FOODS_3_090,FOODS_3,FOODS,CA_3,CA,132,1.44,9,2,28,0,0,1,0.0,147.0,0.0,118.0,21.857142857142858,10.071428571428571
2014-07-10,d_1259,FOODS_3_090_CA_3_validation,FOODS_3_090,FOODS_3,FOODS,CA_3,CA,165,1.44,10,3,28,0,0,1,0.0,184.0,0.0,93.0,47.857142857142854,16.642857142857142
2014-07-11,d_1260,FOODS_3_090_CA_3_validation,FOODS_3_090,FOODS_3,FOODS,CA_3,CA,165,1.44,11,4,28,0,0,0,0.0,203.0,0.0,120.0,76.28571428571429,23.892857142857142
2014-07-12,d_1261,FOODS_3_090_CA_3_validation,FOODS_3_090,FOODS_3,FOODS,CA_3,CA,181,1.44,12,5,28,1,0,0,0.0,203.0,28.0,243.0,105.28571428571429,30.142857142857142
2014-07-13,d_1262,FOODS_3_090_CA_3_validation,FOODS_3_090,FOODS_3,FOODS,CA_3,CA,134,1.44,13,6,28,1,0,0,0.0,168.0,2.0,245.0,129.28571428571428,36.07142857142857
2014-07-14,d_1263,FOODS_3_090_CA_3_validation,FOODS_3_090,FOODS_3,FOODS,CA_3,CA,103,1.44,14,0,29,0,0,0,0.0,103.0,8.0,80.0,144.0,39.464285714285715
2014-07-15,d_1264,FOODS_3_090_CA_3_validation,FOODS_3_090,FOODS_3,FOODS,CA_3,CA,129,1.44,15,1,29,0,0,0,0.0,110.0,0.0,84.0,159.71428571428572,43.392857142857146
2014-07-16,d_1265,FOODS_3_090_CA_3_validation,FOODS_3_090,FOODS_3,FOODS,CA_3,CA,111,1.44,16,2,29,0,0,0,0.0,102.0,0.0,130.0,153.28571428571428,47.035714285714285
2014-07-17,d_1266,FOODS_3_090_CA_3_validation,FOODS_3_090,FOODS_3,FOODS,CA_3,CA,113,1.44,17,3,29,0,0,0,0.0,110.0,2.0,120.0,142.71428571428572,50.892857142857146
2014-07-18,d_1267,FOODS_3_090_CA_3_validation,FOODS_3_090,FOODS_3,FOODS,CA_3,CA,226,1.44,18,4,29,0,0,0,0.0,169.0,9.0,94.0,137.85714285714286,56.607142857142854
2014-07-19,d_1268,FOODS_3_090_CA_3_validation,FOODS_3_090,FOODS_3,FOODS,CA_3,CA,276,1.44,19,5,29,1,0,0,0.0,245.0,3.0,216.0,143.85714285714286,65.25
2014-07-20,d_1269,FOODS_3_090_CA_3_validation,FOODS_3_090,FOODS_3,FOODS,CA_3,CA,115,1.44,20,6,29,1,0,0,0.0,126.0,43.0,153.0,137.85714285714286,68.21428571428571
2014-07-21,d_1270,FOODS_3_090_CA_3_validation,FOODS_3_090,FOODS_3,FOODS,CA_3,CA,114,1.44,21,0,30,0,0,0,0.0,120.0,0.0,176.0,140.28571428571428,72.5
2014-07-22,d_1271,FOODS_3_090_CA_3_validation,FOODS_3_090,FOODS_3,FOODS,CA_3,CA,106,1.44,22,1,30,0,0,0,0.0,103.0,3.0,86.0,139.28571428571428,76.07142857142857
2014-07-23,d_1272,FOODS_3_090_CA_3_validation,FOODS_3_090,FOODS_3,FOODS,CA_3,CA,76,1.44,23,2,30,0,0,0,0.0,79.0,5.0,134.0,136.0,78.71428571428571
2014-07-24,d_1273,FOODS_3_090_CA_3_validation,FOODS_3_090,FOODS_3,FOODS,CA_3,CA,114,1.44,24,3,30,0,0,0,0.0,149.0,9.0,141.0,141.57142857142858,83.71428571428571
2014-07-25,d_1274,FOODS_3_090_CA_3_validation,FOODS_3_090,FOODS_3,FOODS,CA_3,CA,172,1.44,25,4,30,0,0,0,0.0,150.0,5.0,205.0,138.85714285714286,88.89285714285714
2014-07-26,d_1275,FOODS_3_090_CA_3_validation,FOODS_3_090,FOODS_3,FOODS,CA_3,CA,165,1.44,26,5,30,1,0,0,0.0,195.0,3.0,160.0,131.71428571428572,95.75
2014-07-27,d_1276,FOODS_3_090_CA_3_validation,FOODS_3_090,FOODS_3,FOODS,CA_3,CA,152,1.44,27,6,30,1,0,0,0.0,109.0,2.0,114.0,129.28571428571428,99.57142857142857
2014-07-28,d_1277,FOODS_3_090_CA_3_validation,FOODS_3_090,FOODS_3,FOODS,CA_3,CA,106,1.44,28,0,31,0,0,0,0.0,88.0,5.0,143.0,124.71428571428571,102.53571428571429
2014-07-29,d_1278,FOODS_3_090_CA_3_validation,FOODS_3_090,FOODS_3,FOODS,CA_3,CA,98,1.44,29,1,31,0,1,0,0.0,144.0,2.0,92.0,130.57142857142858,107.60714285714286
2014-07-30,d_1279,FOODS_3_090_CA_3_validation,FOODS_3_090,FOODS_3,FOODS,CA_3,CA,120,1.44,30,2,31,0,0,0,0.0,106.0,0.0,69.0,134.42857142857142,111.39285714285714
2014-07-31,d_1280,FOODS_3_090_CA_3_validation,FOODS_3_090,FOODS_3,FOODS,CA_3,CA,119,1.44,31,3,31,0,0,0,0.0,207.0,2.0,112.0,142.71428571428572,118.71428571428571
2014-08-01,d_1281,FOODS_3_090_CA_3_validation,FOODS_3_090,FOODS_3,FOODS,CA_3,CA,182,1.44,1,4,31,0,0,1,0.0,229.0,4.0,192.0,154.0,126.75
2014-08-02,d_1282,FOODS_3_090_CA_3_validation,FOODS_3_090,FOODS_3,FOODS,CA_3,CA,174,1.44,2,5,31,1,0,1,0.0,138.0,0.0,226.0,145.85714285714286,131.67857142857142
2014-08-03,d_1283,FOODS_3_090_CA_3_validation,FOODS_3_090,FOODS_3,FOODS,CA_3,CA,164,1.44,3,6,31,1,0,1,0.0,157.0,0.0,162.0,152.71428571428572,137.28571428571428
2014-08-04,d_1284,FOODS_3_090_CA_3_validation,FOODS_3_090,FOODS_3,FOODS,CA_3,CA,91,1.44,4,0,32,0,0,1,0.0,107.0,0.0,123.0,155.42857142857142,141.10714285714286
2014-08-05,d_1285,FOODS_3_090_CA_3_validation,FOODS_3_090,FOODS_3,FOODS,CA_3,CA,152,1.44,5,1,32,0,0,1,0.0,123.0,0.0,2.0,152.42857142857142,145.5
2014-08-06,d_1286,FOODS_3_090_CA_3_validation,FOODS_3_090,FOODS_3,FOODS,CA_3,CA,76,1.44,6,2,32,0,0,1,0.0,132.0,147.0,0.0,156.14285714285714,144.96428571428572
2014-08-07,d_1287,FOODS_3_090_CA_3_validation,FOODS_3_090,FOODS_3,FOODS,CA_3,CA,94,1.44,7,3,32,0,0,1,0.0,165.0,184.0,0.0,150.14285714285714,144.28571428571428
2014-08-08,d_1288,FOODS_3_090_CA_3_validation,FOODS_3_090,FOODS_3,FOODS,CA_3,CA,206,1.44,8,4,32,0,0,1,0.0,165.0,203.0,0.0,141.0,142.92857142857142
2014-08-09,d_1289,FOODS_3_090_CA_3_validation,FOODS_3_090,FOODS_3,FOODS,CA_3,CA,174,1.44,9,5,32,1,0,1,0.0,181.0,203.0,28.0,147.14285714285714,142.14285714285714
2014-08-10,d_1290,FOODS_3_090_CA_3_validation,FOODS_3_090,FOODS_3,FOODS,CA_3,CA,112,1.44,10,6,32,1,0,1,0.0,134.0,168.0,2.0,143.85714285714286,140.92857142857142
2014-08-11,d_1291,FOODS_3_090_CA_3_validation,FOODS_3_090,FOODS_3,FOODS,CA_3,CA,96,1.44,11,0,33,0,0,0,0.0,103.0,103.0,8.0,143.28571428571428,140.92857142857142
2014-08-12,d_1292,FOODS_3_090_CA_3_validation,FOODS_3_090,FOODS_3,FOODS,CA_3,CA,99,1.44,12,1,33,0,0,0,0.0,129.0,110.0,0.0,144.14285714285714,141.60714285714286
2014-08-13,d_1293,FOODS_3_090_CA_3_validation,FOODS_3_090,FOODS_3,FOODS,CA_3,CA,96,1.44,13,2,33,0,0,0,0.0,111.0,102.0,0.0,141.14285714285714,141.92857142857142
2014-08-14,d_1294,FOODS_3_090_CA_3_validation,FOODS_3_090,FOODS_3,FOODS,CA_3,CA,115,1.44,14,3,33,0,0,0,0.0,113.0,110.0,2.0,133.71428571428572,142.03571428571428
2014-08-15,d_1295,FOODS_3_090_CA_3_validation,FOODS_3_090,FOODS_3,FOODS,CA_3,CA,185,1.44,15,4,33,0,0,0,0.0,226.0,169.0,9.0,142.42857142857142,144.07142857142858
2014-08-16,d_1296,FOODS_3_090_CA_3_validation,FOODS_3_090,FOODS_3,FOODS,CA_3,CA,143,1.44,16,5,33,1,0,0,0.0,276.0,245.0,3.0,156.0,145.17857142857142
2014-08-17,d_1297,FOODS_3_090_CA_3_validation,FOODS_3_090,FOODS_3,FOODS,CA_3,CA,147,1.44,17,6,33,1,0,0,0.0,115.0,126.0,43.0,153.28571428571428,144.78571428571428
2014-08-18,d_1298,FOODS_3_090_CA_3_validation,FOODS_3_090,FOODS_3,FOODS,CA_3,CA,106,1.44,18,0,34,0,0,0,0.0,114.0,120.0,0.0,154.85714285714286,144.57142857142858
2014-08-19,d_1299,FOODS_3_090_CA_3_validation,FOODS_3_090,FOODS_3,FOODS,CA_3,CA,87,1.44,19,1,34,0,0,0,0.0,106.0,103.0,3.0,151.57142857142858,144.67857142857142
2014-08-20,d_1300,FOODS_3_090_CA_3_validation,FOODS_3_090,FOODS_3,FOODS,CA_3,CA,76,1.44,20,2,34,0,0,0,0.0,76.0,79.0,5.0,146.57142857142858,144.57142857142858
2014-08-21,d_1301,FOODS_3_090_CA_3_validation,FOODS_3_090,FOODS_3,FOODS,CA_3,CA,129,1.44,21,3,34,0,0,0,0.0,114.0,149.0,9.0,146.71428571428572,143.32142857142858
2014-08-22,d_1302,FOODS_3_090_CA_3_validation,FOODS_3_090,FOODS_3,FOODS,CA_3,CA,198,1.44,22,4,34,0,0,0,0.0,172.0,150.0,5.0,139.0,144.10714285714286
2014-08-23,d_1303,FOODS_3_090_CA_3_validation,FOODS_3_090,FOODS_3,FOODS,CA_3,CA,147,1.44,23,5,34,1,0,0,0.0,165.0,195.0,3.0,123.14285714285714,143.03571428571428
2014-08-24,d_1304,FOODS_3_090_CA_3_validation,FOODS_3_090,FOODS_3,FOODS,CA_3,CA,124,1.44,24,6,34,1,0,0,0.0,152.0,109.0,2.0,128.42857142857142,144.57142857142858
2014-08-25,d_1305,FOODS_3_090_CA_3_validation,FOODS_3_090,FOODS_3,FOODS,CA_3,CA,116,1.44,25,0,35,0,0,0,0.0,106.0,88.0,5.0,127.28571428571429,145.21428571428572
2014-08-26,d_1306,FOODS_3_090_CA_3_validation,FOODS_3_090,FOODS_3,FOODS,CA_3,CA,68,1.44,26,1,35,0,0,0,0.0,98.0,144.0,2.0,126.14285714285714,143.57142857142858
2014-08-27,d_1307,FOODS_3_090_CA_3_validation,FOODS_3_090,FOODS_3,FOODS,CA_3,CA,82,1.44,27,2,35,0,0,0,0.0,120.0,106.0,0.0,132.42857142857142,144.07142857142858
2014-08-28,d_1308,FOODS_3_090_CA_3_validation,FOODS_3_090,FOODS_3,FOODS,CA_3,CA,114,1.44,28,3,35,0,0,0,0.0,119.0,207.0,2.0,133.14285714285714,140.92857142857142
2014-08-29,d_1309,FOODS_3_090_CA_3_validation,FOODS_3_090,FOODS_3,FOODS,CA_3,CA,151,1.44,29,4,35,0,0,0,0.0,182.0,229.0,4.0,134.57142857142858,139.25
2014-08-30,d_1310,FOODS_3_090_CA_3_validation,FOODS_3_090,FOODS_3,FOODS,CA_3,CA,216,1.44,30,5,35,1,0,0,0.0,174.0,138.0,0.0,135.85714285714286,140.53571428571428
2014-08-31,d_1311,FOODS_3_090_CA_3_validation,FOODS_3_090,FOODS_3,FOODS,CA_3,CA,104,1.44,31,6,35,1,0,0,0.0,164.0,157.0,0.0,137.57142857142858,140.78571428571428
2014-09-01,d_1312,FOODS_3_090_CA_3_validation,FOODS_3_090,FOODS_3,FOODS,CA_3,CA,141,1.44,1,0,36,0,1,1,0.0,91.0,107.0,0.0,135.42857142857142,140.21428571428572
2014-09-02,d_1313,FOODS_3_090_CA_3_validation,FOODS_3_090,FOODS_3,FOODS,CA_3,CA,135,1.44,2,1,36,0,0,1,0.0,152.0,123.0,0.0,143.14285714285714,141.25
2014-09-03,d_1314,FOODS_3_090_CA_3_validation,FOODS_3_090,FOODS_3,FOODS,CA_3,CA,78,1.44,3,2,36,0,0,1,0.0,76.0,132.0,147.0,136.85714285714286,139.25
2014-09-04,d_1315,FOODS_3_090_CA_3_validation,FOODS_3_090,FOODS_3,FOODS,CA_3,CA,121,1.44,4,3,36,0,0,1,0.0,94.0,165.0,184.0,133.28571428571428,136.71428571428572
2014-09-05,d_1316,FOODS_3_090_CA_3_validation,FOODS_3_090,FOODS_3,FOODS,CA_3,CA,179,1.44,5,4,36,0,0,1,0.0,206.0,165.0,203.0,136.71428571428572,138.17857142857142
2014-09-06,d_1317,FOODS_3_090_CA_3_validation,FOODS_3_090,FOODS_3,FOODS,CA_3,CA,208,1.44,6,5,36,1,0,1,0.0,174.0,181.0,203.0,136.71428571428572,137.92857142857142
2014-09-07,d_1318,FOODS_3_090_CA_3_validation,FOODS_3_090,FOODS_3,FOODS,CA_3,CA,169,1.44,7,6,36,1,0,1,0.0,112.0,134.0,168.0,129.28571428571428,137.14285714285714
2014-09-08,d_1319,FOODS_3_090_CA_3_validation,FOODS_3_090,FOODS_3,FOODS,CA_3,CA,85,1.44,8,0,37,0,0,1,0.0,96.0,103.0,103.0,130.0,136.89285714285714
2014-09-09,d_1320,FOODS_3_090_CA_3_validation,FOODS_3_090,FOODS_3,FOODS,CA_3,CA,87,1.44,9,1,37,0,0,1,0.0,99.0,129.0,110.0,122.42857142857143,135.82142857142858
2014-09-10,d_1321,FOODS_3_090_CA_3_validation,FOODS_3_090,FOODS_3,FOODS,CA_3,CA,107,1.44,10,2,37,0,0,1,0.0,96.0,111.0,102.0,125.28571428571429,135.28571428571428
2014-09-11,d_1322,FOODS_3_090_CA_3_validation,FOODS_3_090,FOODS_3,FOODS,CA_3,CA,146,1.44,11,3,37,0,0,0,0.0,115.0,113.0,110.0,128.28571428571428,135.35714285714286
2014-09-12,d_1323,FOODS_3_090_CA_3_validation,FOODS_3_090,FOODS_3,FOODS,CA_3,CA,268,1.44,12,4,37,0,0,0,0.0,185.0,226.0,169.0,125.28571428571429,133.89285714285714
2014-09-13,d_1324,FOODS_3_090_CA_3_validation,FOODS_3_090,FOODS_3,FOODS,CA_3,CA,234,1.44,13,5,37,1,0,0,0.0,143.0,276.0,245.0,120.85714285714286,129.14285714285714
2014-09-14,d_1325,FOODS_3_090_CA_3_validation,FOODS_3_090,FOODS_3,FOODS,CA_3,CA,83,1.44,14,6,37,1,0,0,0.0,147.0,115.0,126.0,125.85714285714286,130.28571428571428
2014-09-15,d_1326,FOODS_3_090_CA_3_validation,FOODS_3_090,FOODS_3,FOODS,CA_3,CA,117,1.44,15,0,38,0,0,0,0.0,106.0,114.0,120.0,127.28571428571429,130.0
2014-09-16,d_1327,FOODS_3_090_CA_3_validation,FOODS_3_090,FOODS_3,FOODS,CA_3,CA,105,1.44,16,1,38,0,0,0,0.0,87.0,106.0,103.0,125.57142857142857,129.32142857142858
2014-09-17,d_1328,FOODS_3_090_CA_3_validation,FOODS_3_090,FOODS_3,FOODS,CA_3,CA,149,1.44,17,2,38,0,0,0,0.0,76.0,76.0,79.0,122.71428571428571,129.32142857142858
2014-09-18,d_1329,FOODS_3_090_CA_3_validation,FOODS_3_090,FOODS_3,FOODS,CA_3,CA,208,1.44,18,3,38,0,0,0,0.0,129.0,114.0,149.0,124.71428571428571,129.85714285714286
2014-09-19,d_1330,FOODS_3_090_CA_3_validation,FOODS_3_090,FOODS_3,FOODS,CA_3,CA,176,1.44,19,4,38,0,0,0,0.0,198.0,172.0,150.0,126.57142857142857,130.78571428571428
2014-09-20,d_1331,FOODS_3_090_CA_3_validation,FOODS_3_090,FOODS_3,FOODS,CA_3,CA,291,1.44,20,5,38,1,0,0,0.0,147.0,165.0,195.0,127.14285714285714,130.14285714285714
2014-09-21,d_1332,FOODS_3_090_CA_3_validation,FOODS_3_090,FOODS_3,FOODS,CA_3,CA,169,1.44,21,6,38,1,0,0,0.0,124.0,152.0,109.0,123.85714285714286,129.14285714285714
2014-09-22,d_1333,FOODS_3_090_CA_3_validation,FOODS_3_090,FOODS_3,FOODS,CA_3,CA,152,1.44,22,0,39,0,0,0,0.0,116.0,106.0,88.0,125.28571428571429,129.5
2014-09-23,d_1334,FOODS_3_090_CA_3_validation,FOODS_3_090,FOODS_3,FOODS,CA_3,CA,139,1.44,23,1,39,0,0,0,0.0,68.0,98.0,144.0,122.57142857142857,128.42857142857142
2014-09-24,d_1335,FOODS_3_090_CA_3_validation,FOODS_3_090,FOODS_3,FOODS,CA_3,CA,119,1.44,24,2,39,0,0,0,0.0,82.0,120.0,106.0,123.42857142857143,127.07142857142857
2014-09-25,d_1336,FOODS_3_090_CA_3_validation,FOODS_3_090,FOODS_3,FOODS,CA_3,CA,93,1.44,25,3,39,0,0,0,0.0,114.0,119.0,207.0,121.28571428571429,126.89285714285714
2014-09-26,d_1337,FOODS_3_090_CA_3_validation,FOODS_3_090,FOODS_3,FOODS,CA_3,CA,246,1.44,26,4,39,0,0,0,0.0,151.0,182.0,229.0,114.57142857142857,125.78571428571429
2014-09-27,d_1338,FOODS_3_090_CA_3_validation,FOODS_3_090,FOODS_3,FOODS,CA_3,CA,197,1.44,27,5,39,1,0,0,0.0,216.0,174.0,138.0,124.42857142857143,127.28571428571429
2014-09-28,d_1339,FOODS_3_090_CA_3_validation,FOODS_3_090,FOODS_3,FOODS,CA_3,CA,130,1.44,28,6,39,1,0,0,0.0,104.0,164.0,157.0,121.57142857142857,125.14285714285714
2014-09-29,d_1340,FOODS_3_090_CA_3_validation,FOODS_3_090,FOODS_3,FOODS,CA_3,CA,141,1.44,29,0,40,0,0,0,0.0,141.0,91.0,107.0,125.14285714285714,126.92857142857143
2014-09-30,d_1341,FOODS_3_090_CA_3_validation,FOODS_3_090,FOODS_3,FOODS,CA_3,CA,121,1.44,30,1,40,0,0,0,0.0,135.0,152.0,123.0,134.71428571428572,126.32142857142857
2014-10-01,d_1342,FOODS_3_090_CA_3_validation,FOODS_3_090,FOODS_3,FOODS,CA_3,CA,111,1.44,1,2,40,0,0,1,0.0,78.0,76.0,132.0,134.14285714285714,126.39285714285714
2014-10-02,d_1343,FOODS_3_090_CA_3_validation,FOODS_3_090,FOODS_3,FOODS,CA_3,CA,131,1.44,2,3,40,0,0,1,0.0,121.0,94.0,165.0,135.14285714285714,127.35714285714286
2014-10-03,d_1344,FOODS_3_090_CA_3_validation,FOODS_3_090,FOODS_3,FOODS,CA_3,CA,193,1.44,3,4,40,0,0,1,0.0,179.0,206.0,165.0,139.14285714285714,126.39285714285714
2014-10-04,d_1345,FOODS_3_090_CA_3_validation,FOODS_3_090,FOODS_3,FOODS,CA_3,CA,286,1.44,4,5,40,1,1,1,0.0,208.0,174.0,181.0,138.0,127.60714285714286
2014-10-05,d_1346,FOODS_3_090_CA_3_validation,FOODS_3_090,FOODS_3,FOODS,CA_3,CA,233,1.44,5,6,40,1,0,1,0.0,169.0,112.0,134.0,147.28571428571428,129.64285714285714
2014-10-06,d_1347,FOODS_3_090_CA_3_validation,FOODS_3_090,FOODS_3,FOODS,CA_3,CA,102,1.44,6,0,41,0,0,1,0.0,85.0,96.0,103.0,139.28571428571428,129.25
2014-10-07,d_1348,FOODS_3_090_CA_3_validation,FOODS_3_090,FOODS_3,FOODS,CA_3,CA,123,1.44,7,1,41,0,0,1,0.0,87.0,99.0,129.0,132.42857142857142,128.82142857142858
2014-10-08,d_1349,FOODS_3_090_CA_3_validation,FOODS_3_090,FOODS_3,FOODS,CA_3,CA,243,1.44,8,2,41,0,0,1,0.0,107.0,96.0,111.0,136.57142857142858,129.21428571428572
2014-10-09,d_1350,FOODS_3_090_CA_3_validation,FOODS_3_090,FOODS_3,FOODS,CA_3,CA,132,1.44,9,3,41,0,0,1,0.0,146.0,115.0,113.0,140.14285714285714,130.32142857142858
2014-10-10,d_1351,FOODS_3_090_CA_3_validation,FOODS_3_090,FOODS_3,FOODS,CA_3,CA,254,1.44,10,4,41,0,0,1,0.0,268.0,185.0,226.0,152.85714285714286,133.28571428571428
2014-10-11,d_1352,FOODS_3_090_CA_3_validation,FOODS_3_090,FOODS_3,FOODS,CA_3,CA,180,1.44,11,5,41,1,0,0,0.0,234.0,143.0,276.0,156.57142857142858,136.53571428571428
2014-10-12,d_1353,FOODS_3_090_CA_3_validation,FOODS_3_090,FOODS_3,FOODS,CA_3,CA,131,1.44,12,6,41,1,0,0,0.0,83.0,147.0,115.0,144.28571428571428,134.25
2014-10-13,d_1354,FOODS_3_090_CA_3_validation,FOODS_3_090,FOODS_3,FOODS,CA_3,CA,93,1.44,13,0,42,0,1,0,0.0,117.0,106.0,114.0,148.85714285714286,134.64285714285714
2014-10-14,d_1355,FOODS_3_090_CA_3_validation,FOODS_3_090,FOODS_3,FOODS,CA_3,CA,92,1.44,14,1,42,0,0,0,0.0,105.0,87.0,106.0,151.42857142857142,135.28571428571428
2014-10-15,d_1356,FOODS_3_090_CA_3_validation,FOODS_3_090,FOODS_3,FOODS,CA_3,CA,55,1.44,15,2,42,0,0,0,0.0,149.0,76.0,76.0,157.42857142857142,137.89285714285714
2014-10-16,d_1357,FOODS_3_090_CA_3_validation,FOODS_3_090,FOODS_3,FOODS,CA_3,CA,1,1.44,16,3,42,0,0,0,0.0,208.0,129.0,114.0,166.28571428571428,140.71428571428572
2014-10-17,d_1358,FOODS_3_090_CA_3_validation,FOODS_3_090,FOODS_3,FOODS,CA_3,CA,0,1.44,17,4,42,0,0,0,0.0,176.0,198.0,172.0,153.14285714285714,139.92857142857142
2014-10-18,d_1359,FOODS_3_090_CA_3_validation,FOODS_3_090,FOODS_3,FOODS,CA_3,CA,130,1.48,18,5,42,1,0,0,0.0277777777777779,291.0,147.0,165.0,161.28571428571428,145.07142857142858
2014-10-19,d_1360,FOODS_3_090_CA_3_validation,FOODS_3_090,FOODS_3,FOODS,CA_3,CA,181,1.48,19,6,42,1,0,0,0.0,169.0,124.0,152.0,173.57142857142858,146.67857142857142
2014-10-20,d_1361,FOODS_3_090_CA_3_validation,FOODS_3_090,FOODS_3,FOODS,CA_3,CA,116,1.48,20,0,43,0,0,0,0.0,152.0,116.0,106.0,178.57142857142858,147.96428571428572
2014-10-21,d_1362,FOODS_3_090_CA_3_validation,FOODS_3_090,FOODS_3,FOODS,CA_3,CA,125,1.48,21,1,43,0,0,0,0.0,139.0,68.0,98.0,183.42857142857142,150.5
2014-10-22,d_1363,FOODS_3_090_CA_3_validation,FOODS_3_090,FOODS_3,FOODS,CA_3,CA,84,1.48,22,2,43,0,0,0,0.0,119.0,82.0,120.0,179.14285714285714,151.82142857142858
2014-10-23,d_1364,FOODS_3_090_CA_3_validation,FOODS_3_090,FOODS_3,FOODS,CA_3,CA,110,1.48,23,3,43,0,0,0,0.0,93.0,114.0,119.0,162.71428571428572,151.07142857142858
2014-10-24,d_1365,FOODS_3_090_CA_3_validation,FOODS_3_090,FOODS_3,FOODS,CA_3,CA,143,1.48,24,4,43,0,0,0,0.0,246.0,151.0,182.0,172.71428571428572,154.46428571428572
2014-10-25,d_1366,FOODS_3_090_CA_3_validation,FOODS_3_090,FOODS_3,FOODS,CA_3,CA,116,1.48,25,5,43,1,0,0,0.0,197.0,216.0,174.0,159.28571428571428,153.78571428571428
2014-10-26,d_1367,FOODS_3_090_CA_3_validation,FOODS_3_090,FOODS_3,FOODS,CA_3,CA,120,1.48,26,6,43,1,0,0,0.0,130.0,104.0,164.0,153.71428571428572,154.71428571428572
2014-10-27,d_1368,FOODS_3_090_CA_3_validation,FOODS_3_090,FOODS_3,FOODS,CA_3,CA,134,1.48,27,0,44,0,0,0,0.0,141.0,141.0,91.0,152.14285714285714,154.71428571428572
2014-10-28,d_1369,FOODS_3_090_CA_3_validation,FOODS_3_090,FOODS_3,FOODS,CA_3,CA,94,1.48,28,1,44,0,0,0,0.0,121.0,135.0,152.0,149.57142857142858,154.21428571428572
2014-10-29,d_1370,FOODS_3_090_CA_3_validation,FOODS_3_090,FOODS_3,FOODS,CA_3,CA,95,1.48,29,2,44,0,0,0,0.0,111.0,78.0,76.0,148.42857142857142,155.39285714285714
2014-10-30,d_1371,FOODS_3_090_CA_3_validation,FOODS_3_090,FOODS_3,FOODS,CA_3,CA,140,1.48,30,3,44,0,0,0,0.0,131.0,121.0,94.0,153.85714285714286,155.75
2014-10-31,d_1372,FOODS_3_090_CA_3_validation,FOODS_3_090,FOODS_3,FOODS,CA_3,CA,200,1.48,31,4,44,0,1,0,0.0,193.0,179.0,206.0,146.28571428571428,156.25
2014-11-01,d_1373,FOODS_3_090_CA_3_validation,FOODS_3_090,FOODS_3,FOODS,CA_3,CA,186,1.48,1,5,44,1,0,1,0.0,286.0,208.0,174.0,159.0,159.03571428571428
2014-11-02,d_1374,FOODS_3_090_CA_3_validation,FOODS_3_090,FOODS_3,FOODS,CA_3,CA,137,1.48,2,6,44,1,0,1,0.0,233.0,169.0,112.0,173.71428571428572,161.32142857142858
2014-11-03,d_1375,FOODS_3_090_CA_3_validation,FOODS_3_090,FOODS_3,FOODS,CA_3,CA,90,1.48,3,0,45,0,0,1,0.0,102.0,85.0,96.0,168.14285714285714,161.92857142857142
2014-11-04,d_1376,FOODS_3_090_CA_3_validation,FOODS_3_090,FOODS_3,FOODS,CA_3,CA,155,1.48,4,1,45,0,0,1,0.0,123.0,87.0,99.0,168.42857142857142,163.21428571428572
2014-11-05,d_1377,FOODS_3_090_CA_3_validation,FOODS_3_090,FOODS_3,FOODS,CA_3,CA,85,1.48,5,2,45,0,0,1,0.0,243.0,107.0,96.0,187.28571428571428,168.07142857142858
2014-11-06,d_1378,FOODS_3_090_CA_3_validation,FOODS_3_090,FOODS_3,FOODS,CA_3,CA,95,1.48,6,3,45,0,0,1,0.0,132.0,146.0,115.0,187.42857142857142,167.57142857142858
2014-11-07,d_1379,FOODS_3_090_CA_3_validation,FOODS_3_090,FOODS_3,FOODS,CA_3,CA,155,1.48,7,4,45,0,0,1,0.0,254.0,268.0,185.0,196.14285714285714,167.07142857142858
2014-11-08,d_1380,FOODS_3_090_CA_3_validation,FOODS_3_090,FOODS_3,FOODS,CA_3,CA,126,1.48,8,5,45,1,0,1,0.0,180.0,234.0,143.0,181.0,165.14285714285714
2014-11-09,d_1381,FOODS_3_090_CA_3_validation,FOODS_3_090,FOODS_3,FOODS,CA_3,CA,137,1.48,9,6,45,1,0,1,0.0,131.0,83.0,147.0,166.42857142857142,166.85714285714286
2014-11-10,d_1382,FOODS_3_090_CA_3_validation,FOODS_3_090,FOODS_3,FOODS,CA_3,CA,145,1.48,10,0,46,0,0,1,0.0,93.0,117.0,106.0,165.14285714285714,166.0
2014-11-11,d_1383,FOODS_3_090_CA_3_validation,FOODS_3_090,FOODS_3,FOODS,CA_3,CA,99,1.48,11,1,46,0,1,0,0.0,92.0,105.0,87.0,160.71428571428572,165.53571428571428
2014-11-12,d_1384,FOODS_3_090_CA_3_validation,FOODS_3_090,FOODS_3,FOODS,CA_3,CA,72,1.48,12,2,46,0,0,0,0.0,55.0,149.0,76.0,133.85714285714286,162.17857142857142
2014-11-13,d_1385,FOODS_3_090_CA_3_validation,FOODS_3_090,FOODS_3,FOODS,CA_3,CA,148,1.48,13,3,46,0,0,0,0.0,1.0,208.0,129.0,115.14285714285714,154.78571428571428
2014-11-14,d_1386,FOODS_3_090_CA_3_validation,FOODS_3_090,FOODS_3,FOODS,CA_3,CA,178,1.48,14,4,46,0,0,0,0.0,0.0,176.0,198.0,78.85714285714286,148.5
2014-11-15,d_1387,FOODS_3_090_CA_3_validation,FOODS_3_090,FOODS_3,FOODS,CA_3,CA,76,1.48,15,5,46,1,0,0,0.0,130.0,291.0,147.0,71.71428571428571,142.75
2014-11-16,d_1388,FOODS_3_090_CA_3_validation,FOODS_3_090,FOODS_3,FOODS,CA_3,CA,98,1.48,16,6,46,1,0,0,0.0,181.0,169.0,124.0,78.85714285714286,143.17857142857142
2014-11-17,d_1389,FOODS_3_090_CA_3_validation,FOODS_3_090,FOODS_3,FOODS,CA_3,CA,106,1.48,17,0,47,0,0,0,0.0,116.0,152.0,116.0,82.14285714285714,141.89285714285714
2014-11-18,d_1390,FOODS_3_090_CA_3_validation,FOODS_3_090,FOODS_3,FOODS,CA_3,CA,83,1.48,18,1,47,0,0,0,0.0,125.0,139.0,68.0,86.85714285714286,141.39285714285714
2014-11-19,d_1391,FOODS_3_090_CA_3_validation,FOODS_3_090,FOODS_3,FOODS,CA_3,CA,76,1.48,19,2,47,0,0,0,0.0,84.0,119.0,82.0,91.0,140.14285714285714
2014-11-20,d_1392,FOODS_3_090_CA_3_validation,FOODS_3_090,FOODS_3,FOODS,CA_3,CA,85,1.48,20,3,47,0,0,0,0.0,110.0,93.0,114.0,106.57142857142857,140.75
2014-11-21,d_1393,FOODS_3_090_CA_3_validation,FOODS_3_090,FOODS_3,FOODS,CA_3,CA,120,1.48,21,4,47,0,0,0,0.0,143.0,246.0,151.0,127.0,137.07142857142858
2014-11-22,d_1394,FOODS_3_090_CA_3_validation,FOODS_3_090,FOODS_3,FOODS,CA_3,CA,132,1.48,22,5,47,1,0,0,0.0,116.0,197.0,216.0,125.0,134.17857142857142
2014-11-23,d_1395,FOODS_3_090_CA_3_validation,FOODS_3_090,FOODS_3,FOODS,CA_3,CA,126,1.48,23,6,47,1,0,0,0.0,120.0,130.0,104.0,116.28571428571429,133.82142857142858
2014-11-24,d_1396,FOODS_3_090_CA_3_validation,FOODS_3_090,FOODS_3,FOODS,CA_3,CA,104,1.48,24,0,48,0,0,0,0.0,134.0,141.0,141.0,118.85714285714286,133.57142857142858
2014-11-25,d_1397,FOODS_3_090_CA_3_validation,FOODS_3_090,FOODS_3,FOODS,CA_3,CA,148,1.48,25,1,48,0,0,0,0.0,94.0,121.0,135.0,114.42857142857143,132.60714285714286
2014-11-26,d_1398,FOODS_3_090_CA_3_validation,FOODS_3_090,FOODS_3,FOODS,CA_3,CA,287,1.48,26,2,48,0,0,0,0.0,95.0,111.0,78.0,116.0,132.03571428571428
2014-11-27,d_1399,FOODS_3_090_CA_3_validation,FOODS_3_090,FOODS_3,FOODS,CA_3,CA,257,1.48,27,3,48,0,1,0,0.0,140.0,131.0,121.0,120.28571428571429,132.35714285714286
2014-11-28,d_1400,FOODS_3_090_CA_3_validation,FOODS_3_090,FOODS_3,FOODS,CA_3,CA,103,1.48,28,4,48,0,0,0,0.0,200.0,193.0,179.0,128.42857142857142,132.60714285714286
2014-11-29,d_1401,FOODS_3_090_CA_3_validation,FOODS_3_090,FOODS_3,FOODS,CA_3,CA,167,1.48,29,5,48,1,0,0,0.0,186.0,286.0,208.0,138.42857142857142,129.03571428571428
2014-11-30,d_1402,FOODS_3_090_CA_3_validation,FOODS_3_090,FOODS_3,FOODS,CA_3,CA,135,1.48,30,6,48,1,0,0,0.0,137.0,233.0,169.0,140.85714285714286,125.60714285714286
2014-12-01,d_1403,FOODS_3_090_CA_3_validation,FOODS_3_090,FOODS_3,FOODS,CA_3,CA,0,1.48,1,0,49,0,0,1,0.0,90.0,102.0,85.0,134.57142857142858,125.17857142857143
2014-12-02,d_1404,FOODS_3_090_CA_3_validation,FOODS_3_090,FOODS_3,FOODS,CA_3,CA,0,1.48,2,1,49,0,0,1,0.0,155.0,123.0,87.0,143.28571428571428,126.32142857142857
2014-12-03,d_1405,FOODS_3_090_CA_3_validation,FOODS_3_090,FOODS_3,FOODS,CA_3,CA,0,1.48,3,2,49,0,0,1,0.0,85.0,243.0,107.0,141.85714285714286,120.67857142857143
2014-12-04,d_1406,FOODS_3_090_CA_3_validation,FOODS_3_090,FOODS_3,FOODS,CA_3,CA,0,1.48,4,3,49,0,0,1,0.0,95.0,132.0,146.0,135.42857142857142,119.35714285714286
2014-12-05,d_1407,FOODS_3_090_CA_3_validation,FOODS_3_090,FOODS_3,FOODS,CA_3,CA,0,1.48,5,4,49,0,0,1,0.0,155.0,254.0,268.0,129.0,115.82142857142857
2014-12-06,d_1408,FOODS_3_090_CA_3_validation,FOODS_3_090,FOODS_3,FOODS,CA_3,CA,2,1.0,6,5,49,1,0,1,-0.32432432432432434,126.0,180.0,234.0,120.42857142857143,113.89285714285714
2014-12-07,d_1409,FOODS_3_090_CA_3_validation,FOODS_3_090,FOODS_3,FOODS,CA_3,CA,0,1.0,7,6,49,1,0,1,0.0,137.0,131.0,83.0,120.42857142857143,114.10714285714286
2014-12-08,d_1410,FOODS_3_090_CA_3_validation,FOODS_3_090,FOODS_3,FOODS,CA_3,CA,0,1.0,8,0,50,0,0,1,0.0,145.0,93.0,117.0,128.28571428571428,115.96428571428571
2014-12-09,d_1411,FOODS_3_090_CA_3_validation,FOODS_3_090,FOODS_3,FOODS,CA_3,CA,0,1.0,9,1,50,0,0,1,0.0,99.0,92.0,105.0,120.28571428571429,116.21428571428571
2014-12-10,d_1412,FOODS_3_090_CA_3_validation,FOODS_3_090,FOODS_3,FOODS,CA_3,CA,4,1.0,10,2,50,0,0,1,0.0,72.0,55.0,149.0,118.42857142857143,116.82142857142857
2014-12-11,d_1413,FOODS_3_090_CA_3_validation,FOODS_3_090,FOODS_3,FOODS,CA_3,CA,0,1.0,11,3,50,0,0,0,0.0,148.0,1.0,208.0,126.0,122.07142857142857
2014-12-12,d_1414,FOODS_3_090_CA_3_validation,FOODS_3_090,FOODS_3,FOODS,CA_3,CA,0,1.0,12,4,50,0,0,0,0.0,178.0,0.0,176.0,129.28571428571428,128.42857142857142
2014-12-13,d_1415,FOODS_3_090_CA_3_validation,FOODS_3_090,FOODS_3,FOODS,CA_3,CA,24,1.0,13,5,50,1,0,0,0.0,76.0,130.0,291.0,122.14285714285714,126.5
2014-12-14,d_1416,FOODS_3_090_CA_3_validation,FOODS_3_090,FOODS_3,FOODS,CA_3,CA,1,1.0,14,6,50,1,0,0,0.0,98.0,181.0,169.0,116.57142857142857,123.53571428571429
2014-12-15,d_1417,FOODS_3_090_CA_3_validation,FOODS_3_090,FOODS_3,FOODS,CA_3,CA,6,1.0,15,0,51,0,0,0,0.0,106.0,116.0,152.0,111.0,123.17857142857143
2014-12-16,d_1418,FOODS_3_090_CA_3_validation,FOODS_3_090,FOODS_3,FOODS,CA_3,CA,1,1.0,16,1,51,0,0,0,0.0,83.0,125.0,139.0,108.71428571428571,121.67857142857143
2014-12-17,d_1419,FOODS_3_090_CA_3_validation,FOODS_3_090,FOODS_3,FOODS,CA_3,CA,1,1.0,17,2,51,0,0,0,0.0,76.0,84.0,119.0,109.28571428571429,121.39285714285714
2014-12-18,d_1420,FOODS_3_090_CA_3_validation,FOODS_3_090,FOODS_3,FOODS,CA_3,CA,0,1.0,18,3,51,0,0,0,0.0,85.0,110.0,93.0,100.28571428571429,120.5
2014-12-19,d_1421,FOODS_3_090_CA_3_validation,FOODS_3_090,FOODS_3,FOODS,CA_3,CA,0,1.0,19,4,51,0,0,0,0.0,120.0,143.0,246.0,92.0,119.67857142857143
2014-12-20,d_1422,FOODS_3_090_CA_3_validation,FOODS_3_090,FOODS_3,FOODS,CA_3,CA,6,1.0,20,5,51,1,0,0,0.0,132.0,116.0,197.0,100.0,120.25
2014-12-21,d_1423,FOODS_3_090_CA_3_validation,FOODS_3_090,FOODS_3,FOODS,CA_3,CA,2,1.0,21,6,51,1,0,0,0.0,126.0,120.0,130.0,104.0,120.46428571428571
2014-12-22,d_1424,FOODS_3_090_CA_3_validation,FOODS_3_090,FOODS_3,FOODS,CA_3,CA,0,1.0,22,0,52,0,0,0,0.0,104.0,134.0,141.0,103.71428571428571,119.39285714285714
2014-12-23,d_1425,FOODS_3_090_CA_3_validation,FOODS_3_090,FOODS_3,FOODS,CA_3,CA,0,1.0,23,1,52,0,0,0,0.0,148.0,94.0,121.0,113.0,121.32142857142857
2014-12-24,d_1426,FOODS_3_090_CA_3_validation,FOODS_3_090,FOODS_3,FOODS,CA_3,CA,0,1.0,24,2,52,0,1,0,0.0,287.0,95.0,111.0,143.14285714285714,128.17857142857142
2014-12-25,d_1427,FOODS_3_090_CA_3_validation,FOODS_3_090,FOODS_3,FOODS,CA_3,CA,0,1.0,25,3,52,0,1,0,0.0,257.0,140.0,131.0,167.71428571428572,132.35714285714286
2014-12-26,d_1428,FOODS_3_090_CA_3_validation,FOODS_3_090,FOODS_3,FOODS,CA_3,CA,1,1.0,26,4,52,0,0,0,0.0,103.0,200.0,193.0,165.28571428571428,128.89285714285714
2014-12-27,d_1429,FOODS_3_090_CA_3_validation,FOODS_3_090,FOODS_3,FOODS,CA_3,CA,0,1.0,27,5,52,1,0,0,0.0,167.0,186.0,286.0,170.28571428571428,128.21428571428572
2014-12-28,d_1430,FOODS_3_090_CA_3_validation,FOODS_3_090,FOODS_3,FOODS,CA_3,CA,1,1.0,28,6,52,1,0,0,0.0,135.0,137.0,233.0,171.57142857142858,128.14285714285714
2014-12-29,d_1431,FOODS_3_090_CA_3_validation,FOODS_3_090,FOODS_3,FOODS,CA_3,CA,3,1.0,29,0,1,0,0,0,0.0,0.0,90.0,102.0,156.71428571428572,124.92857142857143
2014-12-30,d_1432,FOODS_3_090_CA_3_validation,FOODS_3_090,FOODS_3,FOODS,CA_3,CA,2,1.0,30,1,1,0,0,0,0.0,0.0,155.0,123.0,135.57142857142858,119.39285714285714
2014-12-31,d_1433,FOODS_3_090_CA_3_validation,FOODS_3_090,FOODS_3,FOODS,CA_3,CA,0,1.0,31,2,1,0,0,0,0.0,0.0,85.0,243.0,94.57142857142857,116.35714285714286
2015-01-01,d_1434,FOODS_3_090_CA_3_validation,FOODS_3_090,FOODS_3,FOODS,CA_3,CA,0,1.0,1,3,1,0,1,1,0.0,0.0,95.0,132.0,57.857142857142854,112.96428571428571
2015-01-02,d_1435,FOODS_3_090_CA_3_validation,FOODS_3_090,FOODS_3,FOODS,CA_3,CA,0,1.0,2,4,1,0,0,1,0.0,0.0,155.0,254.0,43.142857142857146,107.42857142857143
2015-01-03,d_1436,FOODS_3_090_CA_3_validation,FOODS_3_090,FOODS_3,FOODS,CA_3,CA,0,1.48,3,5,1,1,0,1,0.48,2.0,126.0,180.0,19.571428571428573,103.0
2015-01-04,d_1437,FOODS_3_090_CA_3_validation,FOODS_3_090,FOODS_3,FOODS,CA_3,CA,0,1.48,4,6,1,1,0,1,0.0,0.0,137.0,131.0,0.2857142857142857,98.10714285714286
2015-01-05,d_1438,FOODS_3_090_CA_3_validation,FOODS_3_090,FOODS_3,FOODS,CA_3,CA,59,1.48,5,0,2,0,0,1,0.0,0.0,145.0,93.0,0.2857142857142857,92.92857142857143
2015-01-06,d_1439,FOODS_3_090_CA_3_validation,FOODS_3_090,FOODS_3,FOODS,CA_3,CA,119,1.48,6,1,2,0,0,1,0.0,0.0,99.0,92.0,0.2857142857142857,89.39285714285714
2015-01-07,d_1440,FOODS_3_090_CA_3_validation,FOODS_3_090,FOODS_3,FOODS,CA_3,CA,43,1.48,7,2,2,0,1,1,0.0,4.0,72.0,55.0,0.8571428571428571,86.96428571428571
2015-01-08,d_1441,FOODS_3_090_CA_3_validation,FOODS_3_090,FOODS_3,FOODS,CA_3,CA,83,1.48,8,3,2,0,0,1,0.0,0.0,148.0,1.0,0.8571428571428571,81.67857142857143
2015-01-09,d_1442,FOODS_3_090_CA_3_validation,FOODS_3_090,FOODS_3,FOODS,CA_3,CA,154,1.48,9,4,2,0,0,1,0.0,0.0,178.0,0.0,0.8571428571428571,75.32142857142857
2015-01-10,d_1443,FOODS_3_090_CA_3_validation,FOODS_3_090,FOODS_3,FOODS,CA_3,CA,171,1.48,10,5,2,1,0,1,0.0,24.0,76.0,130.0,4.0,73.46428571428571
2015-01-11,d_1444,FOODS_3_090_CA_3_validation,FOODS_3_090,FOODS_3,FOODS,CA_3,CA,127,1.48,11,6,2,1,0,0,0.0,1.0,98.0,181.0,4.142857142857143,70.0
2015-01-12,d_1445,FOODS_3_090_CA_3_validation,FOODS_3_090,FOODS_3,FOODS,CA_3,CA,89,1.48,12,0,3,0,0,0,0.0,6.0,106.0,116.0,5.0,66.42857142857143
2015-01-13,d_1446,FOODS_3_090_CA_3_validation,FOODS_3_090,FOODS_3,FOODS,CA_3,CA,103,1.48,13,1,3,0,0,0,0.0,1.0,83.0,125.0,5.142857142857143,63.5
2015-01-14,d_1447,FOODS_3_090_CA_3_validation,FOODS_3_090,FOODS_3,FOODS,CA_3,CA,107,1.48,14,2,3,0,0,0,0.0,1.0,76.0,84.0,4.714285714285714,60.82142857142857
2015-01-15,d_1448,FOODS_3_090_CA_3_validation,FOODS_3_090,FOODS_3,FOODS,CA_3,CA,88,1.48,15,3,3,0,0,0,0.0,0.0,85.0,110.0,4.714285714285714,57.785714285714285
2015-01-16,d_1449,FOODS_3_090_CA_3_validation,FOODS_3_090,FOODS_3,FOODS,CA_3,CA,114,1.48,16,4,3,0,0,0,0.0,0.0,120.0,143.0,4.714285714285714,53.5
2015-01-17,d_1450,FOODS_3_090_CA_3_validation,FOODS_3_090,FOODS_3,FOODS,CA_3,CA,149,1.48,17,5,3,1,0,0,0.0,6.0,132.0,116.0,2.142857142857143,49.0
2015-01-18,d_1451,FOODS_3_090_CA_3_validation,FOODS_3_090,FOODS_3,FOODS,CA_3,CA,145,1.48,18,6,3,1,0,0,0.0,2.0,126.0,120.0,2.2857142857142856,44.57142857142857
2015-01-19,d_1452,FOODS_3_090_CA_3_validation,FOODS_3_090,FOODS_3,FOODS,CA_3,CA,102,1.48,19,0,4,0,1,0,0.0,0.0,104.0,134.0,1.4285714285714286,40.857142857142854
2015-01-20,d_1453,FOODS_3_090_CA_3_validation,FOODS_3_090,FOODS_3,FOODS,CA_3,CA,82,1.48,20,1,4,0,0,0,0.0,0.0,148.0,94.0,1.2857142857142858,35.57142857142857
2015-01-21,d_1454,FOODS_3_090_CA_3_validation,FOODS_3_090,FOODS_3,FOODS,CA_3,CA,105,1.48,21,2,4,0,0,0,0.0,0.0,287.0,95.0,1.1428571428571428,25.321428571428573
2015-01-22,d_1455,FOODS_3_090_CA_3_validation,FOODS_3_090,FOODS_3,FOODS,CA_3,CA,131,1.48,22,3,4,0,0,0,0.0,0.0,257.0,140.0,1.1428571428571428,16.142857142857142
2015-01-23,d_1456,FOODS_3_090_CA_3_validation,FOODS_3_090,FOODS_3,FOODS,CA_3,CA,167,1.48,23,4,4,0,0,0,0.0,1.0,103.0,200.0,1.2857142857142858,12.5
2015-01-24,d_1457,FOODS_3_090_CA_3_validation,FOODS_3_090,FOODS_3,FOODS,CA_3,CA,182,1.48,24,5,4,1,0,0,0.0,0.0,167.0,186.0,0.42857142857142855,6.535714285714286
2015-01-25,d_1458,FOODS_3_090_CA_3_validation,FOODS_3_090,FOODS_3,FOODS,CA_3,CA,111,1.48,25,6,4,1,0,0,0.0,1.0,135.0,137.0,0.2857142857142857,1.75
2015-01-26,d_1459,FOODS_3_090_CA_3_validation,FOODS_3_090,FOODS_3,FOODS,CA_3,CA,76,1.48,26,0,5,0,0,0,0.0,3.0,0.0,90.0,0.7142857142857143,1.8571428571428572
2015-01-27,d_1460,FOODS_3_090_CA_3_validation,FOODS_3_090,FOODS_3,FOODS,CA_3,CA,77,1.48,27,1,5,0,0,0,0.0,2.0,0.0,155.0,1.0,1.9285714285714286
2015-01-28,d_1461,FOODS_3_090_CA_3_validation,FOODS_3_090,FOODS_3,FOODS,CA_3,CA,60,1.48,28,2,5,0,0,0,0.0,0.0,0.0,85.0,1.0,1.9285714285714286
2015-01-29,d_1462,FOODS_3_090_CA_3_validation,FOODS_3_090,FOODS_3,FOODS,CA_3,CA,84,1.48,29,3,5,0,0,0,0.0,0.0,0.0,95.0,1.0,1.9285714285714286
2015-01-30,d_1463,FOODS_3_090_CA_3_validation,FOODS_3_090,FOODS_3,FOODS,CA_3,CA,135,1.48,30,4,5,0,0,0,0.0,0.0,0.0,155.0,0.8571428571428571,1.9285714285714286
2015-01-31,d_1464,FOODS_3_090_CA_3_validation,FOODS_3_090,FOODS_3,FOODS,CA_3,CA,173,1.48,31,5,5,1,0,0,0.0,0.0,2.0,126.0,0.8571428571428571,1.8571428571428572
2015-02-01,d_1465,FOODS_3_090_CA_3_validation,FOODS_3_090,FOODS_3,FOODS,CA_3,CA,194,1.48,1,6,5,1,1,1,0.0,0.0,0.0,137.0,0.7142857142857143,1.8571428571428572
2015-02-02,d_1466,FOODS_3_090_CA_3_validation,FOODS_3_090,FOODS_3,FOODS,CA_3,CA,148,1.48,2,0,6,0,0,1,0.0,59.0,0.0,145.0,8.714285714285714,3.9642857142857144
2015-02-03,d_1467,FOODS_3_090_CA_3_validation,FOODS_3_090,FOODS_3,FOODS,CA_3,CA,57,1.48,3,1,6,0,0,1,0.0,119.0,0.0,99.0,25.428571428571427,8.214285714285714
2015-02-04,d_1468,FOODS_3_090_CA_3_validation,FOODS_3_090,FOODS_3,FOODS,CA_3,CA,91,1.48,4,2,6,0,0,1,0.0,43.0,4.0,72.0,31.571428571428573,9.607142857142858
2015-02-05,d_1469,FOODS_3_090_CA_3_validation,FOODS_3_090,FOODS_3,FOODS,CA_3,CA,140,1.48,5,3,6,0,0,1,0.0,83.0,0.0,148.0,43.42857142857143,12.571428571428571
2015-02-06,d_1470,FOODS_3_090_CA_3_validation,FOODS_3_090,FOODS_3,FOODS,CA_3,CA,132,1.48,6,4,6,0,0,1,0.0,154.0,0.0,178.0,65.42857142857143,18.071428571428573
2015-02-07,d_1471,FOODS_3_090_CA_3_validation,FOODS_3_090,FOODS_3,FOODS,CA_3,CA,213,1.48,7,5,6,1,0,1,0.0,171.0,24.0,76.0,89.85714285714286,23.321428571428573
2015-02-08,d_1472,FOODS_3_090_CA_3_validation,FOODS_3_090,FOODS_3,FOODS,CA_3,CA,173,1.48,8,6,6,1,0,1,0.0,127.0,1.0,98.0,108.0,27.821428571428573
2015-02-09,d_1473,FOODS_3_090_CA_3_validation,FOODS_3_090,FOODS_3,FOODS,CA_3,CA,72,1.48,9,0,7,0,0,1,0.0,89.0,6.0,106.0,112.28571428571429,30.785714285714285
2015-02-10,d_1474,FOODS_3_090_CA_3_validation,FOODS_3_090,FOODS_3,FOODS,CA_3,CA,113,1.48,10,1,7,0,0,1,0.0,103.0,1.0,83.0,110.0,34.42857142857143
2015-02-11,d_1475,FOODS_3_090_CA_3_validation,FOODS_3_090,FOODS_3,FOODS,CA_3,CA,69,1.48,11,2,7,0,0,0,0.0,107.0,1.0,76.0,119.14285714285714,38.214285714285715
2015-02-12,d_1476,FOODS_3_090_CA_3_validation,FOODS_3_090,FOODS_3,FOODS,CA_3,CA,0,1.48,12,3,7,0,0,0,0.0,88.0,0.0,85.0,119.85714285714286,41.357142857142854
2015-02-13,d_1477,FOODS_3_090_CA_3_validation,FOODS_3_090,FOODS_3,FOODS,CA_3,CA,0,1.48,13,4,7,0,0,0,0.0,114.0,0.0,120.0,114.14285714285714,45.42857142857143
2015-02-14,d_1478,FOODS_3_090_CA_3_validation,FOODS_3_090,FOODS_3,FOODS,CA_3,CA,0,1.0,14,5,7,1,1,0,-0.32432432432432434,149.0,6.0,132.0,111.0,50.535714285714285
2015-02-15,d_1479,FOODS_3_090_CA_3_validation,FOODS_3_090,FOODS_3,FOODS,CA_3,CA,2,1.0,15,6,7,1,0,0,0.0,145.0,2.0,126.0,113.57142857142857,55.642857142857146
2015-02-16,d_1480,FOODS_3_090_CA_3_validation,FOODS_3_090,FOODS_3,FOODS,CA_3,CA,3,1.0,16,0,8,0,1,0,0.0,102.0,0.0,104.0,115.42857142857143,59.285714285714285
2015-02-17,d_1481,FOODS_3_090_CA_3_validation,FOODS_3_090,FOODS_3,FOODS,CA_3,CA,2,1.0,17,1,8,0,0,0,0.0,82.0,0.0,148.0,112.42857142857143,62.214285714285715
2015-02-18,d_1482,FOODS_3_090_CA_3_validation,FOODS_3_090,FOODS_3,FOODS,CA_3,CA,5,1.0,18,2,8,0,1,0,0.0,105.0,0.0,287.0,112.14285714285714,65.96428571428571
2015-02-19,d_1483,FOODS_3_090_CA_3_validation,FOODS_3_090,FOODS_3,FOODS,CA_3,CA,0,1.0,19,3,8,0,0,0,0.0,131.0,0.0,257.0,118.28571428571429,70.64285714285714
2015-02-20,d_1484,FOODS_3_090_CA_3_validation,FOODS_3_090,FOODS_3,FOODS,CA_3,CA,0,1.0,20,4,8,0,0,0,0.0,167.0,1.0,103.0,125.85714285714286,76.57142857142857
2015-02-21,d_1485,FOODS_3_090_CA_3_validation,FOODS_3_090,FOODS_3,FOODS,CA_3,CA,6,1.0,21,5,8,1,0,0,0.0,182.0,0.0,167.0,130.57142857142858,83.07142857142857
2015-02-22,d_1486,FOODS_3_090_CA_3_validation,FOODS_3_090,FOODS_3,FOODS,CA_3,CA,0,1.0,22,6,8,1,0,0,0.0,111.0,1.0,135.0,125.71428571428571,87.0
2015-02-23,d_1487,FOODS_3_090_CA_3_validation,FOODS_3_090,FOODS_3,FOODS,CA_3,CA,0,1.0,23,0,9,0,0,0,0.0,76.0,3.0,0.0,122.0,89.60714285714286
2015-02-24,d_1488,FOODS_3_090_CA_3_validation,FOODS_3_090,FOODS_3,FOODS,CA_3,CA,1,1.0,24,1,9,0,0,0,0.0,77.0,2.0,0.0,121.28571428571429,92.28571428571429
2015-02-25,d_1489,FOODS_3_090_CA_3_validation,FOODS_3_090,FOODS_3,FOODS,CA_3,CA,0,1.0,25,2,9,0,1,0,0.0,60.0,0.0,0.0,114.85714285714286,94.42857142857143
2015-02-26,d_1490,FOODS_3_090_CA_3_validation,FOODS_3_090,FOODS_3,FOODS,CA_3,CA,1,1.0,26,3,9,0,0,0,0.0,84.0,0.0,0.0,108.14285714285714,97.42857142857143
2015-02-27,d_1491,FOODS_3_090_CA_3_validation,FOODS_3_090,FOODS_3,FOODS,CA_3,CA,2,1.0,27,4,9,0,0,0,0.0,135.0,0.0,0.0,103.57142857142857,102.25
2015-02-28,d_1492,FOODS_3_090_CA_3_validation,FOODS_3_090,FOODS_3,FOODS,CA_3,CA,0,1.0,28,5,9,1,0,0,0.0,173.0,0.0,2.0,102.28571428571429,108.42857142857143
2015-03-01,d_1493,FOODS_3_090_CA_3_validation,FOODS_3_090,FOODS_3,FOODS,CA_3,CA,2,1.0,1,6,9,1,0,1,0.0,194.0,0.0,0.0,114.14285714285714,115.35714285714286
2015-03-02,d_1494,FOODS_3_090_CA_3_validation,FOODS_3_090,FOODS_3,FOODS,CA_3,CA,2,1.0,2,0,10,0,0,1,0.0,148.0,59.0,0.0,124.42857142857143,118.53571428571429
2015-03-03,d_1495,FOODS_3_090_CA_3_validation,FOODS_3_090,FOODS_3,FOODS,CA_3,CA,2,1.0,3,1,10,0,0,1,0.0,57.0,119.0,0.0,121.57142857142857,116.32142857142857
2015-03-04,d_1496,FOODS_3_090_CA_3_validation,FOODS_3_090,FOODS_3,FOODS,CA_3,CA,2,1.0,4,2,10,0,0,1,0.0,91.0,43.0,4.0,126.0,118.03571428571429
2015-03-05,d_1497,FOODS_3_090_CA_3_validation,FOODS_3_090,FOODS_3,FOODS,CA_3,CA,1,1.0,5,3,10,0,1,1,0.0,140.0,83.0,0.0,134.0,120.07142857142857
2015-03-06,d_1498,FOODS_3_090_CA_3_validation,FOODS_3_090,FOODS_3,FOODS,CA_3,CA,0,1.0,6,4,10,0,0,1,0.0,132.0,154.0,0.0,133.57142857142858,119.28571428571429
2015-03-07,d_1499,FOODS_3_090_CA_3_validation,FOODS_3_090,FOODS_3,FOODS,CA_3,CA,0,1.48,7,5,10,1,0,1,0.48,213.0,171.0,24.0,139.28571428571428,120.78571428571429
2015-03-08,d_1500,FOODS_3_090_CA_3_validation,FOODS_3_090,FOODS_3,FOODS,CA_3,CA,0,1.48,8,6,10,1,0,1,0.0,173.0,127.0,1.0,136.28571428571428,122.42857142857143
2015-03-09,d_1501,FOODS_3_090_CA_3_validation,FOODS_3_090,FOODS_3,FOODS,CA_3,CA,0,1.48,9,0,11,0,0,1,0.0,72.0,89.0,6.0,125.42857142857143,121.82142857142857
2015-03-10,d_1502,FOODS_3_090_CA_3_validation,FOODS_3_090,FOODS_3,FOODS,CA_3,CA,0,1.48,10,1,11,0,0,1,0.0,113.0,103.0,1.0,133.42857142857142,122.17857142857143
2015-03-11,d_1503,FOODS_3_090_CA_3_validation,FOODS_3_090,FOODS_3,FOODS,CA_3,CA,0,1.48,11,2,11,0,0,0,0.0,69.0,107.0,1.0,130.28571428571428,120.82142857142857
2015-03-12,d_1504,FOODS_3_090_CA_3_validation,FOODS_3_090,FOODS_3,FOODS,CA_3,CA,166,1.48,12,3,11,0,0,0,0.0,0.0,88.0,0.0,110.28571428571429,117.67857142857143
2015-03-13,d_1505,FOODS_3_090_CA_3_validation,FOODS_3_090,FOODS_3,FOODS,CA_3,CA,265,1.48,13,4,11,0,0,0,0.0,0.0,114.0,0.0,91.42857142857143,113.60714285714286
2015-03-14,d_1506,FOODS_3_090_CA_3_validation,FOODS_3_090,FOODS_3,FOODS,CA_3,CA,257,1.48,14,5,11,1,0,0,0.0,0.0,149.0,6.0,61.0,108.28571428571429
2015-03-15,d_1507,FOODS_3_090_CA_3_validation,FOODS_3_090,FOODS_3,FOODS,CA_3,CA,189,1.48,15,6,11,1,0,0,0.0,2.0,145.0,2.0,36.57142857142857,103.17857142857143
2015-03-16,d_1508,FOODS_3_090_CA_3_validation,FOODS_3_090,FOODS_3,FOODS,CA_3,CA,74,1.48,16,0,12,0,0,0,0.0,3.0,102.0,0.0,26.714285714285715,99.64285714285714
2015-03-17,d_1509,FOODS_3_090_CA_3_validation,FOODS_3_090,FOODS_3,FOODS,CA_3,CA,85,1.48,17,1,12,0,1,0,0.0,2.0,82.0,0.0,10.857142857142858,96.78571428571429
2015-03-18,d_1510,FOODS_3_090_CA_3_validation,FOODS_3_090,FOODS_3,FOODS,CA_3,CA,74,1.48,18,2,12,0,0,0,0.0,5.0,105.0,0.0,1.7142857142857142,93.21428571428571
2015-03-19,d_1511,FOODS_3_090_CA_3_validation,FOODS_3_090,FOODS_3,FOODS,CA_3,CA,72,1.48,19,3,12,0,0,0,0.0,0.0,131.0,0.0,1.7142857142857142,88.53571428571429
2015-03-20,d_1512,FOODS_3_090_CA_3_validation,FOODS_3_090,FOODS_3,FOODS,CA_3,CA,99,1.48,20,4,12,0,0,0,0.0,0.0,167.0,1.0,1.7142857142857142,82.57142857142857
2015-03-21,d_1513,FOODS_3_090_CA_3_validation,FOODS_3_090,FOODS_3,FOODS,CA_3,CA,115,1.48,21,5,12,1,0,0,0.0,6.0,182.0,0.0,2.5714285714285716,76.28571428571429
2015-03-22,d_1514,FOODS_3_090_CA_3_validation,FOODS_3_090,FOODS_3,FOODS,CA_3,CA,105,1.48,22,6,12,1,0,0,0.0,0.0,111.0,1.0,2.2857142857142856,72.32142857142857
2015-03-23,d_1515,FOODS_3_090_CA_3_validation,FOODS_3_090,FOODS_3,FOODS,CA_3,CA,60,1.48,23,0,13,0,0,0,0.0,0.0,76.0,3.0,1.8571428571428572,69.60714285714286
2015-03-24,d_1516,FOODS_3_090_CA_3_validation,FOODS_3_090,FOODS_3,FOODS,CA_3,CA,62,1.48,24,1,13,0,0,0,0.0,1.0,77.0,2.0,1.7142857142857142,66.89285714285714
2015-03-25,d_1517,FOODS_3_090_CA_3_validation,FOODS_3_090,FOODS_3,FOODS,CA_3,CA,62,1.48,25,2,13,0,0,0,0.0,0.0,60.0,0.0,1.0,64.75
2015-03-26,d_1518,FOODS_3_090_CA_3_validation,FOODS_3_090,FOODS_3,FOODS,CA_3,CA,114,1.48,26,3,13,0,0,0,0.0,1.0,84.0,0.0,1.1428571428571428,61.785714285714285
2015-03-27,d_1519,FOODS_3_090_CA_3_validation,FOODS_3_090,FOODS_3,FOODS,CA_3,CA,111,1.48,27,4,13,0,0,0,0.0,2.0,135.0,0.0,1.4285714285714286,57.035714285714285
2015-03-28,d_1520,FOODS_3_090_CA_3_validation,FOODS_3_090,FOODS_3,FOODS,CA_3,CA,101,1.48,28,5,13,1,0,0,0.0,0.0,173.0,0.0,0.5714285714285714,50.857142857142854
2015-03-29,d_1521,FOODS_3_090_CA_3_validation,FOODS_3_090,FOODS_3,FOODS,CA_3,CA,96,1.48,29,6,13,1,0,0,0.0,2.0,194.0,0.0,0.8571428571428571,44.0
2015-03-30,d_1522,FOODS_3_090_CA_3_validation,FOODS_3_090,FOODS_3,FOODS,CA_3,CA,79,1.48,30,0,14,0,0,0,0.0,2.0,148.0,59.0,1.1428571428571428,38.785714285714285
2015-03-31,d_1523,FOODS_3_090_CA_3_validation,FOODS_3_090,FOODS_3,FOODS,CA_3,CA,70,1.48,31,1,14,0,0,0,0.0,2.0,57.0,119.0,1.2857142857142858,36.82142857142857
2015-04-01,d_1524,FOODS_3_090_CA_3_validation,FOODS_3_090,FOODS_3,FOODS,CA_3,CA,64,1.48,1,2,14,0,0,1,0.0,2.0,91.0,43.0,1.5714285714285714,33.642857142857146
2015-04-02,d_1525,FOODS_3_090_CA_3_validation,FOODS_3_090,FOODS_3,FOODS,CA_3,CA,95,1.48,2,3,14,0,0,1,0.0,1.0,140.0,83.0,1.5714285714285714,28.678571428571427
2015-04-03,d_1526,FOODS_3_090_CA_3_validation,FOODS_3_090,FOODS_3,FOODS,CA_3,CA,141,1.48,3,4,14,0,0,1,0.0,0.0,132.0,154.0,1.2857142857142858,23.964285714285715
2015-04-04,d_1527,FOODS_3_090_CA_3_validation,FOODS_3_090,FOODS_3,FOODS,CA_3,CA,159,1.48,4,5,14,1,0,1,0.0,0.0,213.0,171.0,1.2857142857142858,16.357142857142858
2015-04-05,d_1528,FOODS_3_090_CA_3_validation,FOODS_3_090,FOODS_3,FOODS,CA_3,CA,176,1.48,5,6,14,1,1,1,0.0,0.0,173.0,127.0,1.0,10.178571428571429
2015-04-06,d_1529,FOODS_3_090_CA_3_validation,FOODS_3_090,FOODS_3,FOODS,CA_3,CA,82,1.48,6,0,15,0,0,1,0.0,0.0,72.0,89.0,0.7142857142857143,7.607142857142857
2015-04-07,d_1530,FOODS_3_090_CA_3_validation,FOODS_3_090,FOODS_3,FOODS,CA_3,CA,72,1.48,7,1,15,0,0,1,0.0,0.0,113.0,103.0,0.42857142857142855,3.5714285714285716
2015-04-08,d_1531,FOODS_3_090_CA_3_validation,FOODS_3_090,FOODS_3,FOODS,CA_3,CA,109,1.48,8,2,15,0,0,1,0.0,0.0,69.0,107.0,0.14285714285714285,1.1071428571428572
2015-04-09,d_1532,FOODS_3_090_CA_3_validation,FOODS_3_090,FOODS_3,FOODS,CA_3,CA,89,1.48,9,3,15,0,0,1,0.0,166.0,0.0,88.0,23.714285714285715,7.035714285714286
2015-04-10,d_1533,FOODS_3_090_CA_3_validation,FOODS_3_090,FOODS_3,FOODS,CA_3,CA,128,1.48,10,4,15,0,0,1,0.0,265.0,0.0,114.0,61.57142857142857,16.5
2015-04-11,d_1534,FOODS_3_090_CA_3_validation,FOODS_3_090,FOODS_3,FOODS,CA_3,CA,116,1.48,11,5,15,1,1,0,0.0,257.0,0.0,149.0,98.28571428571429,25.678571428571427
2015-04-12,d_1535,FOODS_3_090_CA_3_validation,FOODS_3_090,FOODS_3,FOODS,CA_3,CA,131,1.48,12,6,15,1,1,0,0.0,189.0,2.0,145.0,125.28571428571429,32.357142857142854
2015-04-13,d_1536,FOODS_3_090_CA_3_validation,FOODS_3_090,FOODS_3,FOODS,CA_3,CA,62,1.48,13,0,16,0,0,0,0.0,74.0,3.0,102.0,135.85714285714286,34.892857142857146
2015-04-14,d_1537,FOODS_3_090_CA_3_validation,FOODS_3_090,FOODS_3,FOODS,CA_3,CA,79,1.48,14,1,16,0,0,0,0.0,85.0,2.0,82.0,148.0,37.857142857142854
2015-04-15,d_1538,FOODS_3_090_CA_3_validation,FOODS_3_090,FOODS_3,FOODS,CA_3,CA,104,1.48,15,2,16,0,0,0,0.0,74.0,5.0,105.0,158.57142857142858,40.32142857142857
2015-04-16,d_1539,FOODS_3_090_CA_3_validation,FOODS_3_090,FOODS_3,FOODS,CA_3,CA,129,1.48,16,3,16,0,0,0,0.0,72.0,0.0,131.0,145.14285714285714,42.892857142857146
2015-04-17,d_1540,FOODS_3_090_CA_3_validation,FOODS_3_090,FOODS_3,FOODS,CA_3,CA,161,1.48,17,4,16,0,0,0,0.0,99.0,0.0,167.0,121.42857142857143,46.42857142857143
2015-04-18,d_1541,FOODS_3_090_CA_3_validation,FOODS_3_090,FOODS_3,FOODS,CA_3,CA,192,1.48,18,5,16,1,0,0,0.0,115.0,6.0,182.0,101.14285714285714,50.32142857142857
2015-04-19,d_1542,FOODS_3_090_CA_3_validation,FOODS_3_090,FOODS_3,FOODS,CA_3,CA,141,1.48,19,6,16,1,0,0,0.0,105.0,0.0,111.0,89.14285714285714,54.07142857142857
2015-04-20,d_1543,FOODS_3_090_CA_3_validation,FOODS_3_090,FOODS_3,FOODS,CA_3,CA,63,1.48,20,0,17,0,0,0,0.0,60.0,0.0,76.0,87.14285714285714,56.214285714285715
2015-04-21,d_1544,FOODS_3_090_CA_3_validation,FOODS_3_090,FOODS_3,FOODS,CA_3,CA,80,1.48,21,1,17,0,0,0,0.0,62.0,1.0,77.0,83.85714285714286,58.392857142857146
2015-04-22,d_1545,FOODS_3_090_CA_3_validation,FOODS_3_090,FOODS_3,FOODS,CA_3,CA,127,1.48,22,2,17,0,0,0,0.0,62.0,0.0,60.0,82.14285714285714,60.607142857142854
2015-04-23,d_1546,FOODS_3_090_CA_3_validation,FOODS_3_090,FOODS_3,FOODS,CA_3,CA,68,1.48,23,3,17,0,0,0,0.0,114.0,1.0,84.0,88.14285714285714,64.64285714285714
2015-04-24,d_1547,FOODS_3_090_CA_3_validation,FOODS_3_090,FOODS_3,FOODS,CA_3,CA,130,1.48,24,4,17,0,0,0,0.0,111.0,2.0,135.0,89.85714285714286,68.53571428571429
2015-04-25,d_1548,FOODS_3_090_CA_3_validation,FOODS_3_090,FOODS_3,FOODS,CA_3,CA,205,1.48,25,5,17,1,0,0,0.0,101.0,0.0,173.0,87.85714285714286,72.14285714285714
2015-04-26,d_1549,FOODS_3_090_CA_3_validation,FOODS_3_090,FOODS_3,FOODS,CA_3,CA,139,1.48,26,6,17,1,0,0,0.0,96.0,2.0,194.0,86.57142857142857,75.5
2015-04-27,d_1550,FOODS_3_090_CA_3_validation,FOODS_3_090,FOODS_3,FOODS,CA_3,CA,113,1.48,27,0,18,0,0,0,0.0,79.0,2.0,148.0,89.28571428571429,78.25
2015-04-28,d_1551,FOODS_3_090_CA_3_validation,FOODS_3_090,FOODS_3,FOODS,CA_3,CA,119,1.48,28,1,18,0,0,0,0.0,70.0,2.0,57.0,90.42857142857143,80.67857142857143
2015-04-29,d_1552,FOODS_3_090_CA_3_validation,FOODS_3_090,FOODS_3,FOODS,CA_3,CA,96,1.48,29,2,18,0,0,0,0.0,64.0,2.0,91.0,90.71428571428571,82.89285714285714
2015-04-30,d_1553,FOODS_3_090_CA_3_validation,FOODS_3_090,FOODS_3,FOODS,CA_3,CA,118,1.48,30,3,18,0,0,0,0.0,95.0,1.0,140.0,88.0,86.25
2015-05-01,d_1554,FOODS_3_090_CA_3_validation,FOODS_3_090,FOODS_3,FOODS,CA_3,CA,183,1.48,1,4,18,0,0,1,0.0,141.0,0.0,132.0,92.28571428571429,91.28571428571429
2015-05-02,d_1555,FOODS_3_090_CA_3_validation,FOODS_3_090,FOODS_3,FOODS,CA_3,CA,241,1.48,2,5,18,1,0,1,0.0,159.0,0.0,213.0,100.57142857142857,96.96428571428571
2015-05-03,d_1556,FOODS_3_090_CA_3_validation,FOODS_3_090,FOODS_3,FOODS,CA_3,CA,136,1.48,3,6,18,1,0,1,0.0,176.0,0.0,173.0,112.0,103.25
2015-05-04,d_1557,FOODS_3_090_CA_3_validation,FOODS_3_090,FOODS_3,FOODS,CA_3,CA,203,1.48,4,0,19,0,0,1,0.0,82.0,0.0,72.0,112.42857142857143,106.17857142857143
2015-05-05,d_1558,FOODS_3_090_CA_3_validation,FOODS_3_090,FOODS_3,FOODS,CA_3,CA,121,1.48,5,1,19,0,1,1,0.0,72.0,0.0,113.0,112.71428571428571,108.75
2015-05-06,d_1559,FOODS_3_090_CA_3_validation,FOODS_3_090,FOODS_3,FOODS,CA_3,CA,108,1.48,6,2,19,0,0,1,0.0,109.0,0.0,69.0,119.14285714285714,112.64285714285714
2015-05-07,d_1560,FOODS_3_090_CA_3_validation,FOODS_3_090,FOODS_3,FOODS,CA_3,CA,104,1.48,7,3,19,0,0,1,0.0,89.0,166.0,0.0,118.28571428571429,109.89285714285714
2015-05-08,d_1561,FOODS_3_090_CA_3_validation,FOODS_3_090,FOODS_3,FOODS,CA_3,CA,180,1.48,8,4,19,0,0,1,0.0,128.0,265.0,0.0,116.42857142857143,105.0
2015-05-09,d_1562,FOODS_3_090_CA_3_validation,FOODS_3_090,FOODS_3,FOODS,CA_3,CA,245,1.48,9,5,19,1,0,1,0.0,116.0,257.0,0.0,110.28571428571429,99.96428571428571
2015-05-10,d_1563,FOODS_3_090_CA_3_validation,FOODS_3_090,FOODS_3,FOODS,CA_3,CA,126,1.48,10,6,19,1,1,1,0.0,131.0,189.0,2.0,103.85714285714286,97.89285714285714
2015-05-11,d_1564,FOODS_3_090_CA_3_validation,FOODS_3_090,FOODS_3,FOODS,CA_3,CA,62,1.48,11,0,20,0,0,0,0.0,62.0,74.0,3.0,101.0,97.46428571428571
2015-05-12,d_1565,FOODS_3_090_CA_3_validation,FOODS_3_090,FOODS_3,FOODS,CA_3,CA,178,1.48,12,1,20,0,0,0,0.0,79.0,85.0,2.0,102.0,97.25
2015-05-13,d_1566,FOODS_3_090_CA_3_validation,FOODS_3_090,FOODS_3,FOODS,CA_3,CA,163,1.48,13,2,20,0,0,0,0.0,104.0,74.0,5.0,101.28571428571429,98.32142857142857
2015-05-14,d_1567,FOODS_3_090_CA_3_validation,FOODS_3_090,FOODS_3,FOODS,CA_3,CA,0,1.48,14,3,20,0,0,0,0.0,129.0,72.0,0.0,107.0,100.35714285714286
2015-05-15,d_1568,FOODS_3_090_CA_3_validation,FOODS_3_090,FOODS_3,FOODS,CA_3,CA,0,1.48,15,4,20,0,0,0,0.0,161.0,99.0,0.0,111.71428571428571,102.57142857142857
2015-05-16,d_1569,FOODS_3_090_CA_3_validation,FOODS_3_090,FOODS_3,FOODS,CA_3,CA,0,1.0,16,5,20,1,0,0,-0.32432432432432434,192.0,115.0,6.0,122.57142857142857,105.32142857142857
2015-05-17,d_1570,FOODS_3_090_CA_3_validation,FOODS_3_090,FOODS_3,FOODS,CA_3,CA,1,1.0,17,6,20,1,0,0,0.0,141.0,105.0,0.0,124.0,106.60714285714286
2015-05-18,d_1571,FOODS_3_090_CA_3_validation,FOODS_3_090,FOODS_3,FOODS,CA_3,CA,0,1.0,18,0,21,0,0,0,0.0,63.0,60.0,0.0,124.14285714285714,106.71428571428571
2015-05-19,d_1572,FOODS_3_090_CA_3_validation,FOODS_3_090,FOODS_3,FOODS,CA_3,CA,3,1.0,19,1,21,0,0,0,0.0,80.0,62.0,1.0,124.28571428571429,107.35714285714286
2015-05-20,d_1573,FOODS_3_090_CA_3_validation,FOODS_3_090,FOODS_3,FOODS,CA_3,CA,0,1.0,20,2,21,0,0,0,0.0,127.0,62.0,0.0,127.57142857142857,109.67857142857143
2015-05-21,d_1574,FOODS_3_090_CA_3_validation,FOODS_3_090,FOODS_3,FOODS,CA_3,CA,4,1.0,21,3,21,0,0,0,0.0,68.0,114.0,1.0,118.85714285714286,108.03571428571429
2015-05-22,d_1575,FOODS_3_090_CA_3_validation,FOODS_3_090,FOODS_3,FOODS,CA_3,CA,1,1.0,22,4,21,0,0,0,0.0,130.0,111.0,2.0,114.42857142857143,108.71428571428571
2015-05-23,d_1576,FOODS_3_090_CA_3_validation,FOODS_3_090,FOODS_3,FOODS,CA_3,CA,0,1.0,23,5,21,1,0,0,0.0,205.0,101.0,0.0,116.28571428571429,112.42857142857143
2015-05-24,d_1577,FOODS_3_090_CA_3_validation,FOODS_3_090,FOODS_3,FOODS,CA_3,CA,3,1.0,24,6,21,1,0,0,0.0,139.0,96.0,2.0,116.0,113.96428571428571
2015-05-25,d_1578,FOODS_3_090_CA_3_validation,FOODS_3_090,FOODS_3,FOODS,CA_3,CA,2,1.0,25,0,22,0,1,0,0.0,113.0,79.0,2.0,123.14285714285714,115.17857142857143
2015-05-26,d_1579,FOODS_3_090_CA_3_validation,FOODS_3_090,FOODS_3,FOODS,CA_3,CA,2,1.0,26,1,22,0,0,0,0.0,119.0,70.0,2.0,128.71428571428572,116.92857142857143
2015-05-27,d_1580,FOODS_3_090_CA_3_validation,FOODS_3_090,FOODS_3,FOODS,CA_3,CA,0,1.0,27,2,22,0,0,0,0.0,96.0,64.0,2.0,124.28571428571429,118.07142857142857
2015-05-28,d_1581,FOODS_3_090_CA_3_validation,FOODS_3_090,FOODS_3,FOODS,CA_3,CA,1,1.0,28,3,22,0,0,0,0.0,118.0,95.0,1.0,131.42857142857142,118.89285714285714
2015-05-29,d_1582,FOODS_3_090_CA_3_validation,FOODS_3_090,FOODS_3,FOODS,CA_3,CA,0,1.0,29,4,22,0,0,0,0.0,183.0,141.0,0.0,139.0,120.39285714285714
2015-05-30,d_1583,FOODS_3_090_CA_3_validation,FOODS_3_090,FOODS_3,FOODS,CA_3,CA,1,1.0,30,5,22,1,0,0,0.0,241.0,159.0,0.0,144.14285714285714,123.32142857142857
2015-05-31,d_1584,FOODS_3_090_CA_3_validation,FOODS_3_090,FOODS_3,FOODS,CA_3,CA,0,1.0,31,6,22,1,0,0,0.0,136.0,176.0,0.0,143.71428571428572,121.89285714285714
2015-06-01,d_1585,FOODS_3_090_CA_3_validation,FOODS_3_090,FOODS_3,FOODS,CA_3,CA,4,1.0,1,0,23,0,0,1,0.0,203.0,82.0,0.0,156.57142857142858,126.21428571428571
2015-06-02,d_1586,FOODS_3_090_CA_3_validation,FOODS_3_090,FOODS_3,FOODS,CA_3,CA,0,1.0,2,1,23,0,0,1,0.0,121.0,72.0,0.0,156.85714285714286,127.96428571428571
2015-06-03,d_1587,FOODS_3_090_CA_3_validation,FOODS_3_090,FOODS_3,FOODS,CA_3,CA,3,1.0,3,2,23,0,0,1,0.0,108.0,109.0,0.0,158.57142857142858,127.92857142857143
2015-06-04,d_1588,FOODS_3_090_CA_3_validation,FOODS_3_090,FOODS_3,FOODS,CA_3,CA,0,1.0,4,3,23,0,1,1,0.0,104.0,89.0,166.0,156.57142857142858,128.46428571428572
2015-06-05,d_1589,FOODS_3_090_CA_3_validation,FOODS_3_090,FOODS_3,FOODS,CA_3,CA,1,1.0,5,4,23,0,0,1,0.0,180.0,128.0,265.0,156.14285714285714,130.32142857142858
2015-06-06,d_1590,FOODS_3_090_CA_3_validation,FOODS_3_090,FOODS_3,FOODS,CA_3,CA,2,1.0,6,5,23,1,0,1,0.0,245.0,116.0,257.0,156.71428571428572,134.92857142857142
2015-06-07,d_1591,FOODS_3_090_CA_3_validation,FOODS_3_090,FOODS_3,FOODS,CA_3,CA,0,1.0,7,6,23,1,0,1,0.0,126.0,131.0,189.0,155.28571428571428,134.75
2015-06-08,d_1592,FOODS_3_090_CA_3_validation,FOODS_3_090,FOODS_3,FOODS,CA_3,CA,0,1.0,8,0,24,0,0,1,0.0,62.0,62.0,74.0,135.14285714285714,134.75
2015-06-09,d_1593,FOODS_3_090_CA_3_validation,FOODS_3_090,FOODS_3,FOODS,CA_3,CA,1,1.0,9,1,24,0,0,1,0.0,178.0,79.0,85.0,143.28571428571428,138.28571428571428
2015-06-10,d_1594,FOODS_3_090_CA_3_validation,FOODS_3_090,FOODS_3,FOODS,CA_3,CA,0,1.0,10,2,24,0,0,1,0.0,163.0,104.0,74.0,151.14285714285714,140.39285714285714
2015-06-11,d_1595,FOODS_3_090_CA_3_validation,FOODS_3_090,FOODS_3,FOODS,CA_3,CA,3,1.0,11,3,24,0,0,0,0.0,0.0,129.0,72.0,136.28571428571428,135.78571428571428
2015-06-12,d_1596,FOODS_3_090_CA_3_validation,FOODS_3_090,FOODS_3,FOODS,CA_3,CA,9,1.0,12,4,24,0,0,0,0.0,0.0,161.0,99.0,110.57142857142857,130.03571428571428
2015-06-13,d_1597,FOODS_3_090_CA_3_validation,FOODS_3_090,FOODS_3,FOODS,CA_3,CA,0,1.48,13,5,24,1,0,0,0.48,0.0,192.0,115.0,75.57142857142857,123.17857142857143
2015-06-14,d_1598,FOODS_3_090_CA_3_validation,FOODS_3_090,FOODS_3,FOODS,CA_3,CA,226,1.48,14,6,24,1,0,0,0.0,1.0,141.0,105.0,57.714285714285715,118.17857142857143
2015-06-15,d_1599,FOODS_3_090_CA_3_validation,FOODS_3_090,FOODS_3,FOODS,CA_3,CA,87,1.48,15,0,25,0,0,0,0.0,0.0,63.0,60.0,48.857142857142854,115.92857142857143
2015-06-16,d_1600,FOODS_3_090_CA_3_validation,FOODS_3_090,FOODS_3,FOODS,CA_3,CA,81,1.48,16,1,25,0,1,0,0.0,3.0,80.0,62.0,23.857142857142858,113.17857142857143
2015-06-17,d_1601,FOODS_3_090_CA_3_validation,FOODS_3_090,FOODS_3,FOODS,CA_3,CA,96,1.48,17,2,25,0,0,0,0.0,0.0,127.0,62.0,0.5714285714285714,108.64285714285714
2015-06-18,d_1602,FOODS_3_090_CA_3_validation,FOODS_3_090,FOODS_3,FOODS,CA_3,CA,134,1.48,18,3,25,0,1,0,0.0,4.0,68.0,114.0,1.1428571428571428,106.35714285714286
2015-06-19,d_1603,FOODS_3_090_CA_3_validation,FOODS_3_090,FOODS_3,FOODS,CA_3,CA,161,1.48,19,4,25,0,0,0,0.0,1.0,130.0,111.0,1.2857142857142858,101.75
2015-06-20,d_1604,FOODS_3_090_CA_3_validation,FOODS_3_090,FOODS_3,FOODS,CA_3,CA,210,1.48,20,5,25,1,0,0,0.0,0.0,205.0,101.0,1.2857142857142858,94.42857142857143
2015-06-21,d_1605,FOODS_3_090_CA_3_validation,FOODS_3_090,FOODS_3,FOODS,CA_3,CA,150,1.48,21,6,25,1,1,0,0.0,3.0,139.0,96.0,1.5714285714285714,89.57142857142857
2015-06-22,d_1606,FOODS_3_090_CA_3_validation,FOODS_3_090,FOODS_3,FOODS,CA_3,CA,109,1.48,22,0,26,0,0,0,0.0,2.0,113.0,79.0,1.8571428571428572,85.60714285714286
2015-06-23,d_1607,FOODS_3_090_CA_3_validation,FOODS_3_090,FOODS_3,FOODS,CA_3,CA,111,1.48,23,1,26,0,0,0,0.0,2.0,119.0,70.0,1.7142857142857142,81.42857142857143
2015-06-24,d_1608,FOODS_3_090_CA_3_validation,FOODS_3_090,FOODS_3,FOODS,CA_3,CA,92,1.48,24,2,26,0,0,0,0.0,0.0,96.0,64.0,1.7142857142857142,78.0
2015-06-25,d_1609,FOODS_3_090_CA_3_validation,FOODS_3_090,FOODS_3,FOODS,CA_3,CA,116,1.48,25,3,26,0,0,0,0.0,1.0,118.0,95.0,1.2857142857142858,73.82142857142857
2015-06-26,d_1610,FOODS_3_090_CA_3_validation,FOODS_3_090,FOODS_3,FOODS,CA_3,CA,155,1.48,26,4,26,0,0,0,0.0,0.0,183.0,141.0,1.1428571428571428,67.28571428571429
2015-06-27,d_1611,FOODS_3_090_CA_3_validation,FOODS_3_090,FOODS_3,FOODS,CA_3,CA,150,1.48,27,5,26,1,0,0,0.0,1.0,241.0,159.0,1.2857142857142858,58.714285714285715
2015-06-28,d_1612,FOODS_3_090_CA_3_validation,FOODS_3_090,FOODS_3,FOODS,CA_3,CA,134,1.48,28,6,26,1,0,0,0.0,0.0,136.0,176.0,0.8571428571428571,53.857142857142854
2015-06-29,d_1613,FOODS_3_090_CA_3_validation,FOODS_3_090,FOODS_3,FOODS,CA_3,CA,71,1.48,29,0,27,0,0,0,0.0,4.0,203.0,82.0,1.1428571428571428,46.75
2015-06-30,d_1614,FOODS_3_090_CA_3_validation,FOODS_3_090,FOODS_3,FOODS,CA_3,CA,64,1.48,30,1,27,0,0,0,0.0,0.0,121.0,72.0,0.8571428571428571,42.42857142857143
2015-07-01,d_1615,FOODS_3_090_CA_3_validation,FOODS_3_090,FOODS_3,FOODS,CA_3,CA,84,1.48,1,2,27,0,0,1,0.0,3.0,108.0,109.0,1.2857142857142858,38.67857142857143
2015-07-02,d_1616,FOODS_3_090_CA_3_validation,FOODS_3_090,FOODS_3,FOODS,CA_3,CA,85,1.48,2,3,27,0,0,1,0.0,0.0,104.0,89.0,1.1428571428571428,34.964285714285715
2015-07-03,d_1617,FOODS_3_090_CA_3_validation,FOODS_3_090,FOODS_3,FOODS,CA_3,CA,241,1.48,3,4,27,0,0,1,0.0,1.0,180.0,128.0,1.2857142857142858,28.571428571428573
2015-07-04,d_1618,FOODS_3_090_CA_3_validation,FOODS_3_090,FOODS_3,FOODS,CA_3,CA,162,1.48,4,5,27,1,1,1,0.0,2.0,245.0,116.0,1.4285714285714286,19.892857142857142
2015-07-05,d_1619,FOODS_3_090_CA_3_validation,FOODS_3_090,FOODS_3,FOODS,CA_3,CA,142,1.48,5,6,27,1,0,1,0.0,0.0,126.0,131.0,1.4285714285714286,15.392857142857142
2015-07-06,d_1620,FOODS_3_090_CA_3_validation,FOODS_3_090,FOODS_3,FOODS,CA_3,CA,97,1.48,6,0,28,0,0,1,0.0,0.0,62.0,62.0,0.8571428571428571,13.178571428571429
2015-07-07,d_1621,FOODS_3_090_CA_3_validation,FOODS_3_090,FOODS_3,FOODS,CA_3,CA,94,1.48,7,1,28,0,0,1,0.0,1.0,178.0,79.0,1.0,6.857142857142857
2015-07-08,d_1622,FOODS_3_090_CA_3_validation,FOODS_3_090,FOODS_3,FOODS,CA_3,CA,189,1.48,8,2,28,0,0,1,0.0,0.0,163.0,104.0,0.5714285714285714,1.0357142857142858
2015-07-09,d_1623,FOODS_3_090_CA_3_validation,FOODS_3_090,FOODS_3,FOODS,CA_3,CA,115,1.48,9,3,28,0,0,1,0.0,3.0,0.0,129.0,1.0,1.1428571428571428
2015-07-10,d_1624,FOODS_3_090_CA_3_validation,FOODS_3_090,FOODS_3,FOODS,CA_3,CA,174,1.48,10,4,28,0,0,1,0.0,9.0,0.0,161.0,2.142857142857143,1.4642857142857142
2015-07-11,d_1625,FOODS_3_090_CA_3_validation,FOODS_3_090,FOODS_3,FOODS,CA_3,CA,147,1.48,11,5,28,1,0,0,0.0,0.0,0.0,192.0,1.8571428571428572,1.4642857142857142
2015-07-12,d_1626,FOODS_3_090_CA_3_validation,FOODS_3_090,FOODS_3,FOODS,CA_3,CA,134,1.48,12,6,28,1,0,0,0.0,226.0,1.0,141.0,34.142857142857146,9.5
2015-07-13,d_1627,FOODS_3_090_CA_3_validation,FOODS_3_090,FOODS_3,FOODS,CA_3,CA,90,1.48,13,0,29,0,0,0,0.0,87.0,0.0,63.0,46.57142857142857,12.607142857142858
2015-07-14,d_1628,FOODS_3_090_CA_3_validation,FOODS_3_090,FOODS_3,FOODS,CA_3,CA,129,1.48,14,1,29,0,0,0,0.0,81.0,3.0,80.0,58.0,15.392857142857142
2015-07-15,d_1629,FOODS_3_090_CA_3_validation,FOODS_3_090,FOODS_3,FOODS,CA_3,CA,106,1.48,15,2,29,0,0,0,0.0,96.0,0.0,127.0,71.71428571428571,18.821428571428573
2015-07-16,d_1630,FOODS_3_090_CA_3_validation,FOODS_3_090,FOODS_3,FOODS,CA_3,CA,108,1.48,16,3,29,0,0,0,0.0,134.0,4.0,68.0,90.42857142857143,23.464285714285715
2015-07-17,d_1631,FOODS_3_090_CA_3_validation,FOODS_3_090,FOODS_3,FOODS,CA_3,CA,164,1.48,17,4,29,0,0,0,0.0,161.0,1.0,130.0,112.14285714285714,29.178571428571427
2015-07-18,d_1632,FOODS_3_090_CA_3_validation,FOODS_3_090,FOODS_3,FOODS,CA_3,CA,234,1.48,18,5,29,1,1,0,0.0,210.0,0.0,205.0,142.14285714285714,36.67857142857143
2015-07-19,d_1633,FOODS_3_090_CA_3_validation,FOODS_3_090,FOODS_3,FOODS,CA_3,CA,136,1.48,19,6,29,1,0,0,0.0,150.0,3.0,139.0,131.28571428571428,41.92857142857143
2015-07-20,d_1634,FOODS_3_090_CA_3_validation,FOODS_3_090,FOODS_3,FOODS,CA_3,CA,128,1.48,20,0,30,0,0,0,0.0,109.0,2.0,113.0,134.42857142857142,45.75
2015-07-21,d_1635,FOODS_3_090_CA_3_validation,FOODS_3_090,FOODS_3,FOODS,CA_3,CA,116,1.48,21,1,30,0,0,0,0.0,111.0,2.0,119.0,138.71428571428572,49.642857142857146
2015-07-22,d_1636,FOODS_3_090_CA_3_validation,FOODS_3_090,FOODS_3,FOODS,CA_3,CA,93,1.48,22,2,30,0,0,0,0.0,92.0,0.0,96.0,138.14285714285714,52.92857142857143
2015-07-23,d_1637,FOODS_3_090_CA_3_validation,FOODS_3_090,FOODS_3,FOODS,CA_3,CA,157,1.48,23,3,30,0,0,0,0.0,116.0,1.0,118.0,135.57142857142858,57.035714285714285
2015-07-24,d_1638,FOODS_3_090_CA_3_validation,FOODS_3_090,FOODS_3,FOODS,CA_3,CA,204,1.48,24,4,30,0,0,0,0.0,155.0,0.0,183.0,134.71428571428572,62.57142857142857
2015-07-25,d_1639,FOODS_3_090_CA_3_validation,FOODS_3_090,FOODS_3,FOODS,CA_3,CA,118,1.48,25,5,30,1,0,0,0.0,150.0,1.0,241.0,126.14285714285714,67.89285714285714
2015-07-26,d_1640,FOODS_3_090_CA_3_validation,FOODS_3_090,FOODS_3,FOODS,CA_3,CA,115,1.48,26,6,30,1,0,0,0.0,134.0,0.0,136.0,123.85714285714286,72.67857142857143
2015-07-27,d_1641,FOODS_3_090_CA_3_validation,FOODS_3_090,FOODS_3,FOODS,CA_3,CA,82,1.48,27,0,31,0,0,0,0.0,71.0,4.0,203.0,118.42857142857143,75.07142857142857
2015-07-28,d_1642,FOODS_3_090_CA_3_validation,FOODS_3_090,FOODS_3,FOODS,CA_3,CA,86,1.48,28,1,31,0,0,0,0.0,64.0,0.0,121.0,111.71428571428571,77.35714285714286
2015-07-29,d_1643,FOODS_3_090_CA_3_validation,FOODS_3_090,FOODS_3,FOODS,CA_3,CA,61,1.48,29,2,31,0,0,0,0.0,84.0,3.0,108.0,110.57142857142857,80.25
2015-07-30,d_1644,FOODS_3_090_CA_3_validation,FOODS_3_090,FOODS_3,FOODS,CA_3,CA,75,1.48,30,3,31,0,0,0,0.0,85.0,0.0,104.0,106.14285714285714,83.28571428571429
2015-07-31,d_1645,FOODS_3_090_CA_3_validation,FOODS_3_090,FOODS_3,FOODS,CA_3,CA,128,1.48,31,4,31,0,0,0,0.0,241.0,1.0,180.0,118.42857142857143,91.85714285714286
2015-08-01,d_1646,FOODS_3_090_CA_3_validation,FOODS_3_090,FOODS_3,FOODS,CA_3,CA,148,1.48,1,5,31,1,0,1,0.0,162.0,2.0,245.0,120.14285714285714,97.57142857142857
2015-08-02,d_1647,FOODS_3_090_CA_3_validation,FOODS_3_090,FOODS_3,FOODS,CA_3,CA,118,1.48,2,6,31,1,0,1,0.0,142.0,0.0,126.0,121.28571428571429,102.64285714285714
2015-08-03,d_1648,FOODS_3_090_CA_3_validation,FOODS_3_090,FOODS_3,FOODS,CA_3,CA,75,1.48,3,0,32,0,0,1,0.0,97.0,0.0,62.0,125.0,106.10714285714286
2015-08-04,d_1649,FOODS_3_090_CA_3_validation,FOODS_3_090,FOODS_3,FOODS,CA_3,CA,69,1.48,4,1,32,0,0,1,0.0,94.0,1.0,178.0,129.28571428571428,109.42857142857143
2015-08-05,d_1650,FOODS_3_090_CA_3_validation,FOODS_3_090,FOODS_3,FOODS,CA_3,CA,104,1.48,5,2,32,0,0,1,0.0,189.0,0.0,163.0,144.28571428571428,116.17857142857143
2015-08-06,d_1651,FOODS_3_090_CA_3_validation,FOODS_3_090,FOODS_3,FOODS,CA_3,CA,100,1.48,6,3,32,0,0,1,0.0,115.0,3.0,0.0,148.57142857142858,120.17857142857143
2015-08-07,d_1652,FOODS_3_090_CA_3_validation,FOODS_3_090,FOODS_3,FOODS,CA_3,CA,130,1.48,7,4,32,0,0,1,0.0,174.0,9.0,0.0,139.0,126.07142857142857
2015-08-08,d_1653,FOODS_3_090_CA_3_validation,FOODS_3_090,FOODS_3,FOODS,CA_3,CA,154,1.48,8,5,32,1,0,1,0.0,147.0,0.0,0.0,136.85714285714286,131.32142857142858
2015-08-09,d_1654,FOODS_3_090_CA_3_validation,FOODS_3_090,FOODS_3,FOODS,CA_3,CA,158,1.48,9,6,32,1,0,1,0.0,134.0,226.0,1.0,135.71428571428572,128.03571428571428
2015-08-10,d_1655,FOODS_3_090_CA_3_validation,FOODS_3_090,FOODS_3,FOODS,CA_3,CA,52,1.48,10,0,33,0,0,1,0.0,90.0,87.0,0.0,134.71428571428572,128.14285714285714
2015-08-11,d_1656,FOODS_3_090_CA_3_validation,FOODS_3_090,FOODS_3,FOODS,CA_3,CA,68,1.48,11,1,33,0,0,0,0.0,129.0,81.0,3.0,139.71428571428572,129.85714285714286
2015-08-12,d_1657,FOODS_3_090_CA_3_validation,FOODS_3_090,FOODS_3,FOODS,CA_3,CA,71,1.48,12,2,33,0,0,0,0.0,106.0,96.0,0.0,127.85714285714286,130.21428571428572
2015-08-13,d_1658,FOODS_3_090_CA_3_validation,FOODS_3_090,FOODS_3,FOODS,CA_3,CA,87,1.48,13,3,33,0,0,0,0.0,108.0,134.0,4.0,126.85714285714286,129.28571428571428
2015-08-14,d_1659,FOODS_3_090_CA_3_validation,FOODS_3_090,FOODS_3,FOODS,CA_3,CA,143,1.48,14,4,33,0,0,0,0.0,164.0,161.0,1.0,125.42857142857143,129.39285714285714
2015-08-15,d_1660,FOODS_3_090_CA_3_validation,FOODS_3_090,FOODS_3,FOODS,CA_3,CA,142,1.48,15,5,33,1,0,0,0.0,234.0,210.0,0.0,137.85714285714286,130.25
2015-08-16,d_1661,FOODS_3_090_CA_3_validation,FOODS_3_090,FOODS_3,FOODS,CA_3,CA,173,1.48,16,6,33,1,0,0,0.0,136.0,150.0,3.0,138.14285714285714,129.75
2015-08-17,d_1662,FOODS_3_090_CA_3_validation,FOODS_3_090,FOODS_3,FOODS,CA_3,CA,141,1.48,17,0,34,0,0,0,0.0,128.0,109.0,2.0,143.57142857142858,130.42857142857142
2015-08-18,d_1663,FOODS_3_090_CA_3_validation,FOODS_3_090,FOODS_3,FOODS,CA_3,CA,111,1.48,18,1,34,0,0,0,0.0,116.0,111.0,2.0,141.71428571428572,130.60714285714286
2015-08-19,d_1664,FOODS_3_090_CA_3_validation,FOODS_3_090,FOODS_3,FOODS,CA_3,CA,300,1.48,19,2,34,0,0,0,0.0,93.0,92.0,0.0,139.85714285714286,130.64285714285714
2015-08-20,d_1665,FOODS_3_090_CA_3_validation,FOODS_3_090,FOODS_3,FOODS,CA_3,CA,120,1.48,20,3,34,0,0,0,0.0,157.0,116.0,1.0,146.85714285714286,132.10714285714286
2015-08-21,d_1666,FOODS_3_090_CA_3_validation,FOODS_3_090,FOODS_3,FOODS,CA_3,CA,154,1.48,21,4,34,0,0,0,0.0,204.0,155.0,0.0,152.57142857142858,133.85714285714286
2015-08-22,d_1667,FOODS_3_090_CA_3_validation,FOODS_3_090,FOODS_3,FOODS,CA_3,CA,135,1.48,22,5,34,1,0,0,0.0,118.0,150.0,1.0,136.0,132.71428571428572
2015-08-23,d_1668,FOODS_3_090_CA_3_validation,FOODS_3_090,FOODS_3,FOODS,CA_3,CA,135,1.48,23,6,34,1,0,0,0.0,115.0,134.0,0.0,133.0,132.03571428571428
2015-08-24,d_1669,FOODS_3_090_CA_3_validation,FOODS_3_090,FOODS_3,FOODS,CA_3,CA,128,1.48,24,0,35,0,0,0,0.0,82.0,71.0,4.0,126.42857142857143,132.42857142857142
2015-08-25,d_1670,FOODS_3_090_CA_3_validation,FOODS_3_090,FOODS_3,FOODS,CA_3,CA,113,1.48,25,1,35,0,0,0,0.0,86.0,64.0,0.0,122.14285714285714,133.21428571428572
2015-08-26,d_1671,FOODS_3_090_CA_3_validation,FOODS_3_090,FOODS_3,FOODS,CA_3,CA,74,1.48,26,2,35,0,0,0,0.0,61.0,84.0,3.0,117.57142857142857,132.39285714285714
2015-08-27,d_1672,FOODS_3_090_CA_3_validation,FOODS_3_090,FOODS_3,FOODS,CA_3,CA,122,1.48,27,3,35,0,0,0,0.0,75.0,85.0,0.0,105.85714285714286,132.03571428571428
2015-08-28,d_1673,FOODS_3_090_CA_3_validation,FOODS_3_090,FOODS_3,FOODS,CA_3,CA,137,1.48,28,4,35,0,0,0,0.0,128.0,241.0,1.0,95.0,128.0
2015-08-29,d_1674,FOODS_3_090_CA_3_validation,FOODS_3_090,FOODS_3,FOODS,CA_3,CA,179,1.48,29,5,35,1,0,0,0.0,148.0,162.0,2.0,99.28571428571429,127.5
2015-08-30,d_1675,FOODS_3_090_CA_3_validation,FOODS_3_090,FOODS_3,FOODS,CA_3,CA,210,1.48,30,6,35,1,0,0,0.0,118.0,142.0,0.0,99.71428571428571,126.64285714285714
2015-08-31,d_1676,FOODS_3_090_CA_3_validation,FOODS_3_090,FOODS_3,FOODS,CA_3,CA,83,1.48,31,0,36,0,0,0,0.0,75.0,97.0,0.0,98.71428571428571,125.85714285714286
2015-09-01,d_1677,FOODS_3_090_CA_3_validation,FOODS_3_090,FOODS_3,FOODS,CA_3,CA,72,1.48,1,1,36,0,0,1,0.0,69.0,94.0,1.0,96.28571428571429,124.96428571428571
2015-09-02,d_1678,FOODS_3_090_CA_3_validation,FOODS_3_090,FOODS_3,FOODS,CA_3,CA,92,1.48,2,2,36,0,0,1,0.0,104.0,189.0,0.0,102.42857142857143,121.92857142857143
2015-09-03,d_1679,FOODS_3_090_CA_3_validation,FOODS_3_090,FOODS_3,FOODS,CA_3,CA,182,1.48,3,3,36,0,0,1,0.0,100.0,115.0,3.0,106.0,121.39285714285714
2015-09-04,d_1680,FOODS_3_090_CA_3_validation,FOODS_3_090,FOODS_3,FOODS,CA_3,CA,129,1.48,4,4,36,0,0,1,0.0,130.0,174.0,9.0,106.28571428571429,119.82142857142857
2015-09-05,d_1681,FOODS_3_090_CA_3_validation,FOODS_3_090,FOODS_3,FOODS,CA_3,CA,169,1.48,5,5,36,1,0,1,0.0,154.0,147.0,0.0,107.14285714285714,120.07142857142857
2015-09-06,d_1682,FOODS_3_090_CA_3_validation,FOODS_3_090,FOODS_3,FOODS,CA_3,CA,166,1.48,6,6,36,1,0,1,0.0,158.0,134.0,226.0,112.85714285714286,120.92857142857143
2015-09-07,d_1683,FOODS_3_090_CA_3_validation,FOODS_3_090,FOODS_3,FOODS,CA_3,CA,186,1.48,7,0,37,0,1,1,0.0,52.0,90.0,87.0,109.57142857142857,119.57142857142857
2015-09-08,d_1684,FOODS_3_090_CA_3_validation,FOODS_3_090,FOODS_3,FOODS,CA_3,CA,129,1.48,8,1,37,0,0,1,0.0,68.0,129.0,81.0,109.42857142857143,117.39285714285714
2015-09-09,d_1685,FOODS_3_090_CA_3_validation,FOODS_3_090,FOODS_3,FOODS,CA_3,CA,96,1.48,9,2,37,0,0,1,0.0,71.0,106.0,96.0,104.71428571428571,116.14285714285714
2015-09-10,d_1686,FOODS_3_090_CA_3_validation,FOODS_3_090,FOODS_3,FOODS,CA_3,CA,136,1.48,10,3,37,0,0,1,0.0,87.0,108.0,134.0,102.85714285714286,115.39285714285714
2015-09-11,d_1687,FOODS_3_090_CA_3_validation,FOODS_3_090,FOODS_3,FOODS,CA_3,CA,155,1.48,11,4,37,0,0,0,0.0,143.0,164.0,161.0,104.71428571428571,114.64285714285714
2015-09-12,d_1688,FOODS_3_090_CA_3_validation,FOODS_3_090,FOODS_3,FOODS,CA_3,CA,178,1.48,12,5,37,1,0,0,0.0,142.0,234.0,210.0,103.0,111.35714285714286
2015-09-13,d_1689,FOODS_3_090_CA_3_validation,FOODS_3_090,FOODS_3,FOODS,CA_3,CA,161,1.48,13,6,37,1,0,0,0.0,173.0,136.0,150.0,105.14285714285714,112.67857142857143
2015-09-14,d_1690,FOODS_3_090_CA_3_validation,FOODS_3_090,FOODS_3,FOODS,CA_3,CA,126,1.48,14,0,38,0,0,0,0.0,141.0,128.0,109.0,117.85714285714286,113.14285714285714
2015-09-15,d_1691,FOODS_3_090_CA_3_validation,FOODS_3_090,FOODS_3,FOODS,CA_3,CA,141,1.48,15,1,38,0,0,0,0.0,111.0,116.0,111.0,124.0,112.96428571428571
2015-09-16,d_1692,FOODS_3_090_CA_3_validation,FOODS_3_090,FOODS_3,FOODS,CA_3,CA,87,1.48,16,2,38,0,0,0,0.0,300.0,93.0,92.0,156.71428571428572,120.35714285714286
2015-09-17,d_1693,FOODS_3_090_CA_3_validation,FOODS_3_090,FOODS_3,FOODS,CA_3,CA,58,1.48,17,3,38,0,0,0,0.0,120.0,157.0,116.0,161.42857142857142,119.03571428571429
2015-09-18,d_1694,FOODS_3_090_CA_3_validation,FOODS_3_090,FOODS_3,FOODS,CA_3,CA,155,1.48,18,4,38,0,0,0,0.0,154.0,204.0,155.0,163.0,117.25
2015-09-19,d_1695,FOODS_3_090_CA_3_validation,FOODS_3_090,FOODS_3,FOODS,CA_3,CA,234,1.48,19,5,38,1,0,0,0.0,135.0,118.0,150.0,162.0,117.85714285714286
2015-09-20,d_1696,FOODS_3_090_CA_3_validation,FOODS_3_090,FOODS_3,FOODS,CA_3,CA,151,1.48,20,6,38,1,0,0,0.0,135.0,115.0,134.0,156.57142857142858,118.57142857142857
2015-09-21,d_1697,FOODS_3_090_CA_3_validation,FOODS_3_090,FOODS_3,FOODS,CA_3,CA,100,1.48,21,0,39,0,0,0,0.0,128.0,82.0,71.0,154.71428571428572,120.21428571428571
2015-09-22,d_1698,FOODS_3_090_CA_3_validation,FOODS_3_090,FOODS_3,FOODS,CA_3,CA,91,1.48,22,1,39,0,0,0,0.0,113.0,86.0,64.0,155.0,121.17857142857143
2015-09-23,d_1699,FOODS_3_090_CA_3_validation,FOODS_3_090,FOODS_3,FOODS,CA_3,CA,89,1.48,23,2,39,0,0,0,0.0,74.0,61.0,84.0,122.71428571428571,121.64285714285714
2015-09-24,d_1700,FOODS_3_090_CA_3_validation,FOODS_3_090,FOODS_3,FOODS,CA_3,CA,83,1.48,24,3,39,0,1,0,0.0,122.0,75.0,85.0,123.0,123.32142857142857
2015-09-25,d_1701,FOODS_3_090_CA_3_validation,FOODS_3_090,FOODS_3,FOODS,CA_3,CA,105,1.48,25,4,39,0,0,0,0.0,137.0,128.0,241.0,120.57142857142857,123.64285714285714
2015-09-26,d_1702,FOODS_3_090_CA_3_validation,FOODS_3_090,FOODS_3,FOODS,CA_3,CA,159,1.48,26,5,39,1,0,0,0.0,179.0,148.0,162.0,126.85714285714286,124.75
2015-09-27,d_1703,FOODS_3_090_CA_3_validation,FOODS_3_090,FOODS_3,FOODS,CA_3,CA,115,1.48,27,6,39,1,0,0,0.0,210.0,118.0,142.0,137.57142857142858,128.03571428571428
2015-09-28,d_1704,FOODS_3_090_CA_3_validation,FOODS_3_090,FOODS_3,FOODS,CA_3,CA,96,1.48,28,0,40,0,0,0,0.0,83.0,75.0,97.0,131.14285714285714,128.32142857142858
2015-09-29,d_1705,FOODS_3_090_CA_3_validation,FOODS_3_090,FOODS_3,FOODS,CA_3,CA,70,1.48,29,1,40,0,0,0,0.0,72.0,69.0,94.0,125.28571428571429,128.42857142857142
2015-09-30,d_1706,FOODS_3_090_CA_3_validation,FOODS_3_090,FOODS_3,FOODS,CA_3,CA,102,1.48,30,2,40,0,0,0,0.0,92.0,104.0,189.0,127.85714285714286,128.0
2015-10-01,d_1707,FOODS_3_090_CA_3_validation,FOODS_3_090,FOODS_3,FOODS,CA_3,CA,75,1.48,1,3,40,0,0,1,0.0,182.0,100.0,115.0,136.42857142857142,130.92857142857142
2015-10-02,d_1708,FOODS_3_090_CA_3_validation,FOODS_3_090,FOODS_3,FOODS,CA_3,CA,134,1.48,2,4,40,0,0,1,0.0,129.0,130.0,174.0,135.28571428571428,130.89285714285714
2015-10-03,d_1709,FOODS_3_090_CA_3_validation,FOODS_3_090,FOODS_3,FOODS,CA_3,CA,123,1.48,3,5,40,1,0,1,0.0,169.0,154.0,147.0,133.85714285714286,131.42857142857142
2015-10-04,d_1710,FOODS_3_090_CA_3_validation,FOODS_3_090,FOODS_3,FOODS,CA_3,CA,86,1.48,4,6,40,1,0,1,0.0,166.0,158.0,134.0,127.57142857142857,131.71428571428572
2015-10-05,d_1711,FOODS_3_090_CA_3_validation,FOODS_3_090,FOODS_3,FOODS,CA_3,CA,141,1.48,5,0,41,0,0,1,0.0,186.0,52.0,90.0,142.28571428571428,136.5
2015-10-06,d_1712,FOODS_3_090_CA_3_validation,FOODS_3_090,FOODS_3,FOODS,CA_3,CA,56,1.48,6,1,41,0,0,1,0.0,129.0,68.0,129.0,150.42857142857142,138.67857142857142
2015-10-07,d_1713,FOODS_3_090_CA_3_validation,FOODS_3_090,FOODS_3,FOODS,CA_3,CA,88,1.48,7,2,41,0,0,1,0.0,96.0,71.0,106.0,151.0,139.57142857142858
2015-10-08,d_1714,FOODS_3_090_CA_3_validation,FOODS_3_090,FOODS_3,FOODS,CA_3,CA,106,1.48,8,3,41,0,0,1,0.0,136.0,87.0,108.0,144.42857142857142,141.32142857142858
2015-10-09,d_1715,FOODS_3_090_CA_3_validation,FOODS_3_090,FOODS_3,FOODS,CA_3,CA,166,1.48,9,4,41,0,0,1,0.0,155.0,143.0,164.0,148.14285714285714,141.75
2015-10-10,d_1716,FOODS_3_090_CA_3_validation,FOODS_3_090,FOODS_3,FOODS,CA_3,CA,147,1.48,10,5,41,1,0,1,0.0,178.0,142.0,234.0,149.42857142857142,143.03571428571428
2015-10-11,d_1717,FOODS_3_090_CA_3_validation,FOODS_3_090,FOODS_3,FOODS,CA_3,CA,97,1.48,11,6,41,1,0,0,0.0,161.0,173.0,136.0,148.71428571428572,142.60714285714286
2015-10-12,d_1718,FOODS_3_090_CA_3_validation,FOODS_3_090,FOODS_3,FOODS,CA_3,CA,101,1.48,12,0,42,0,1,0,0.0,126.0,141.0,128.0,140.14285714285714,142.07142857142858
2015-10-13,d_1719,FOODS_3_090_CA_3_validation,FOODS_3_090,FOODS_3,FOODS,CA_3,CA,81,1.48,13,1,42,0,0,0,0.0,141.0,111.0,116.0,141.85714285714286,143.14285714285714
2015-10-14,d_1720,FOODS_3_090_CA_3_validation,FOODS_3_090,FOODS_3,FOODS,CA_3,CA,98,1.48,14,2,42,0,0,0,0.0,87.0,300.0,93.0,140.57142857142858,135.53571428571428
2015-10-15,d_1721,FOODS_3_090_CA_3_validation,FOODS_3_090,FOODS_3,FOODS,CA_3,CA,74,1.48,15,3,42,0,0,0,0.0,58.0,120.0,157.0,129.42857142857142,133.32142857142858
2015-10-16,d_1722,FOODS_3_090_CA_3_validation,FOODS_3_090,FOODS_3,FOODS,CA_3,CA,37,1.48,16,4,42,0,0,0,0.0,155.0,154.0,204.0,129.42857142857142,133.35714285714286
2015-10-17,d_1723,FOODS_3_090_CA_3_validation,FOODS_3_090,FOODS_3,FOODS,CA_3,CA,141,1.5,17,5,42,1,0,0,0.013513513513513598,234.0,135.0,118.0,137.42857142857142,136.89285714285714
2015-10-18,d_1724,FOODS_3_090_CA_3_validation,FOODS_3_090,FOODS_3,FOODS,CA_3,CA,116,1.5,18,6,42,1,0,0,0.0,151.0,135.0,115.0,136.0,137.46428571428572
2015-10-19,d_1725,FOODS_3_090_CA_3_validation,FOODS_3_090,FOODS_3,FOODS,CA_3,CA,88,1.5,19,0,43,0,0,0,0.0,100.0,128.0,82.0,132.28571428571428,136.46428571428572
2015-10-20,d_1726,FOODS_3_090_CA_3_validation,FOODS_3_090,FOODS_3,FOODS,CA_3,CA,92,1.5,20,1,43,0,0,0,0.0,91.0,113.0,86.0,125.14285714285714,135.67857142857142
2015-10-21,d_1727,FOODS_3_090_CA_3_validation,FOODS_3_090,FOODS_3,FOODS,CA_3,CA,111,1.5,21,2,43,0,0,0,0.0,89.0,74.0,61.0,125.42857142857143,136.21428571428572
2015-10-22,d_1728,FOODS_3_090_CA_3_validation,FOODS_3_090,FOODS_3,FOODS,CA_3,CA,108,1.5,22,3,43,0,0,0,0.0,83.0,122.0,75.0,129.0,134.82142857142858
2015-10-23,d_1729,FOODS_3_090_CA_3_validation,FOODS_3_090,FOODS_3,FOODS,CA_3,CA,137,1.5,23,4,43,0,0,0,0.0,105.0,137.0,128.0,121.85714285714286,133.67857142857142
2015-10-24,d_1730,FOODS_3_090_CA_3_validation,FOODS_3_090,FOODS_3,FOODS,CA_3,CA,151,1.5,24,5,43,1,0,0,0.0,159.0,179.0,148.0,111.14285714285714,132.96428571428572
2015-10-25,d_1731,FOODS_3_090_CA_3_validation,FOODS_3_090,FOODS_3,FOODS,CA_3,CA,131,1.5,25,6,43,1,0,0,0.0,115.0,210.0,118.0,106.0,129.57142857142858
2015-10-26,d_1732,FOODS_3_090_CA_3_validation,FOODS_3_090,FOODS_3,FOODS,CA_3,CA,101,1.5,26,0,44,0,0,0,0.0,96.0,83.0,75.0,105.42857142857143,130.03571428571428
2015-10-27,d_1733,FOODS_3_090_CA_3_validation,FOODS_3_090,FOODS_3,FOODS,CA_3,CA,89,1.5,27,1,44,0,0,0,0.0,70.0,72.0,69.0,102.42857142857143,129.96428571428572
2015-10-28,d_1734,FOODS_3_090_CA_3_validation,FOODS_3_090,FOODS_3,FOODS,CA_3,CA,97,1.5,28,2,44,0,0,0,0.0,102.0,92.0,104.0,104.28571428571429,130.32142857142858
2015-10-29,d_1735,FOODS_3_090_CA_3_validation,FOODS_3_090,FOODS_3,FOODS,CA_3,CA,108,1.5,29,3,44,0,0,0,0.0,75.0,182.0,100.0,103.14285714285714,126.5
2015-10-30,d_1736,FOODS_3_090_CA_3_validation,FOODS_3_090,FOODS_3,FOODS,CA_3,CA,141,1.5,30,4,44,0,0,0,0.0,134.0,129.0,130.0,107.28571428571429,126.67857142857143
2015-10-31,d_1737,FOODS_3_090_CA_3_validation,FOODS_3_090,FOODS_3,FOODS,CA_3,CA,128,1.5,31,5,44,1,1,0,0.0,123.0,169.0,154.0,102.14285714285714,125.03571428571429
2015-11-01,d_1738,FOODS_3_090_CA_3_validation,FOODS_3_090,FOODS_3,FOODS,CA_3,CA,155,1.5,1,6,44,1,0,1,0.0,86.0,166.0,158.0,98.0,122.17857142857143
2015-11-02,d_1739,FOODS_3_090_CA_3_validation,FOODS_3_090,FOODS_3,FOODS,CA_3,CA,58,1.5,2,0,45,0,0,1,0.0,141.0,186.0,52.0,104.42857142857143,120.57142857142857
2015-11-03,d_1740,FOODS_3_090_CA_3_validation,FOODS_3_090,FOODS_3,FOODS,CA_3,CA,60,1.5,3,1,45,0,0,1,0.0,56.0,129.0,68.0,102.42857142857143,117.96428571428571
2015-11-04,d_1741,FOODS_3_090_CA_3_validation,FOODS_3_090,FOODS_3,FOODS,CA_3,CA,62,1.5,4,2,45,0,0,1,0.0,88.0,96.0,71.0,100.42857142857143,117.67857142857143
2015-11-05,d_1742,FOODS_3_090_CA_3_validation,FOODS_3_090,FOODS_3,FOODS,CA_3,CA,119,1.5,5,3,45,0,0,1,0.0,106.0,136.0,87.0,104.85714285714286,116.60714285714286
2015-11-06,d_1743,FOODS_3_090_CA_3_validation,FOODS_3_090,FOODS_3,FOODS,CA_3,CA,162,1.5,6,4,45,0,0,1,0.0,166.0,155.0,143.0,109.42857142857143,117.0
2015-11-07,d_1744,FOODS_3_090_CA_3_validation,FOODS_3_090,FOODS_3,FOODS,CA_3,CA,134,1.5,7,5,45,1,0,1,0.0,147.0,178.0,142.0,112.85714285714286,115.89285714285714
2015-11-08,d_1745,FOODS_3_090_CA_3_validation,FOODS_3_090,FOODS_3,FOODS,CA_3,CA,131,1.5,8,6,45,1,0,1,0.0,97.0,161.0,173.0,114.42857142857143,113.60714285714286
2015-11-09,d_1746,FOODS_3_090_CA_3_validation,FOODS_3_090,FOODS_3,FOODS,CA_3,CA,123,1.5,9,0,46,0,0,1,0.0,101.0,126.0,141.0,108.71428571428571,112.71428571428571
2015-11-10,d_1747,FOODS_3_090_CA_3_validation,FOODS_3_090,FOODS_3,FOODS,CA_3,CA,86,1.5,10,1,46,0,0,1,0.0,81.0,141.0,111.0,112.28571428571429,110.57142857142857
2015-11-11,d_1748,FOODS_3_090_CA_3_validation,FOODS_3_090,FOODS_3,FOODS,CA_3,CA,107,1.5,11,2,46,0,1,0,0.0,98.0,87.0,300.0,113.71428571428571,110.96428571428571
2015-11-12,d_1749,FOODS_3_090_CA_3_validation,FOODS_3_090,FOODS_3,FOODS,CA_3,CA,103,1.5,12,3,46,0,0,0,0.0,74.0,58.0,120.0,109.14285714285714,111.53571428571429
2015-11-13,d_1750,FOODS_3_090_CA_3_validation,FOODS_3_090,FOODS_3,FOODS,CA_3,CA,160,1.5,13,4,46,0,0,0,0.0,37.0,155.0,154.0,90.71428571428571,107.32142857142857
2015-11-14,d_1751,FOODS_3_090_CA_3_validation,FOODS_3_090,FOODS_3,FOODS,CA_3,CA,166,1.5,14,5,46,1,0,0,0.0,141.0,234.0,135.0,89.85714285714286,104.0
2015-11-15,d_1752,FOODS_3_090_CA_3_validation,FOODS_3_090,FOODS_3,FOODS,CA_3,CA,145,1.5,15,6,46,1,0,0,0.0,116.0,151.0,135.0,92.57142857142857,102.75
2015-11-16,d_1753,FOODS_3_090_CA_3_validation,FOODS_3_090,FOODS_3,FOODS,CA_3,CA,94,1.5,16,0,47,0,0,0,0.0,88.0,100.0,128.0,90.71428571428571,102.32142857142857
2015-11-17,d_1754,FOODS_3_090_CA_3_validation,FOODS_3_090,FOODS_3,FOODS,CA_3,CA,59,1.5,17,1,47,0,0,0,0.0,92.0,91.0,113.0,92.28571428571429,102.35714285714286
2015-11-18,d_1755,FOODS_3_090_CA_3_validation,FOODS_3_090,FOODS_3,FOODS,CA_3,CA,100,1.5,18,2,47,0,0,0,0.0,111.0,89.0,74.0,94.14285714285714,103.14285714285714
2015-11-19,d_1756,FOODS_3_090_CA_3_validation,FOODS_3_090,FOODS_3,FOODS,CA_3,CA,67,1.5,19,3,47,0,0,0,0.0,108.0,83.0,122.0,99.0,104.03571428571429
2015-11-20,d_1757,FOODS_3_090_CA_3_validation,FOODS_3_090,FOODS_3,FOODS,CA_3,CA,129,1.5,20,4,47,0,0,0,0.0,137.0,105.0,137.0,113.28571428571429,105.17857142857143
2015-11-21,d_1758,FOODS_3_090_CA_3_validation,FOODS_3_090,FOODS_3,FOODS,CA_3,CA,140,1.5,21,5,47,1,0,0,0.0,151.0,159.0,179.0,114.71428571428571,104.89285714285714
2015-11-22,d_1759,FOODS_3_090_CA_3_validation,FOODS_3_090,FOODS_3,FOODS,CA_3,CA,112,1.5,22,6,47,1,0,0,0.0,131.0,115.0,210.0,116.85714285714286,105.46428571428571
2015-11-23,d_1760,FOODS_3_090_CA_3_validation,FOODS_3_090,FOODS_3,FOODS,CA_3,CA,95,1.5,23,0,48,0,0,0,0.0,101.0,96.0,83.0,118.71428571428571,105.64285714285714
2015-11-24,d_1761,FOODS_3_090_CA_3_validation,FOODS_3_090,FOODS_3,FOODS,CA_3,CA,110,1.5,24,1,48,0,0,0,0.0,89.0,70.0,72.0,118.28571428571429,106.32142857142857
2015-11-25,d_1762,FOODS_3_090_CA_3_validation,FOODS_3_090,FOODS_3,FOODS,CA_3,CA,323,1.5,25,2,48,0,0,0,0.0,97.0,102.0,92.0,116.28571428571429,106.14285714285714
2015-11-26,d_1763,FOODS_3_090_CA_3_validation,FOODS_3_090,FOODS_3,FOODS,CA_3,CA,256,1.5,26,3,48,0,1,0,0.0,108.0,75.0,182.0,116.28571428571429,107.32142857142857
2015-11-27,d_1764,FOODS_3_090_CA_3_validation,FOODS_3_090,FOODS_3,FOODS,CA_3,CA,68,1.5,27,4,48,0,0,0,0.0,141.0,134.0,129.0,116.85714285714286,107.57142857142857
2015-11-28,d_1765,FOODS_3_090_CA_3_validation,FOODS_3_090,FOODS_3,FOODS,CA_3,CA,89,1.5,28,5,48,1,0,0,0.0,128.0,123.0,169.0,113.57142857142857,107.75
2015-11-29,d_1766,FOODS_3_090_CA_3_validation,FOODS_3_090,FOODS_3,FOODS,CA_3,CA,62,1.5,29,6,48,1,0,0,0.0,155.0,86.0,166.0,117.0,110.21428571428571
2015-11-30,d_1767,FOODS_3_090_CA_3_validation,FOODS_3_090,FOODS_3,FOODS,CA_3,CA,61,1.5,30,0,49,0,0,0,0.0,58.0,141.0,186.0,110.85714285714286,107.25
2015-12-01,d_1768,FOODS_3_090_CA_3_validation,FOODS_3_090,FOODS_3,FOODS,CA_3,CA,57,1.5,1,1,49,0,0,1,0.0,60.0,56.0,129.0,106.71428571428571,107.39285714285714
2015-12-02,d_1769,FOODS_3_090_CA_3_validation,FOODS_3_090,FOODS_3,FOODS,CA_3,CA,96,1.5,2,2,49,0,0,1,0.0,62.0,88.0,96.0,101.71428571428571,106.46428571428571
2015-12-03,d_1770,FOODS_3_090_CA_3_validation,FOODS_3_090,FOODS_3,FOODS,CA_3,CA,0,1.5,3,3,49,0,0,1,0.0,119.0,106.0,136.0,103.28571428571429,106.92857142857143
2015-12-04,d_1771,FOODS_3_090_CA_3_validation,FOODS_3_090,FOODS_3,FOODS,CA_3,CA,0,1.5,4,4,49,0,0,1,0.0,162.0,166.0,155.0,106.28571428571429,106.78571428571429
2015-12-05,d_1772,FOODS_3_090_CA_3_validation,FOODS_3_090,FOODS_3,FOODS,CA_3,CA,2,1.0,5,5,49,1,0,1,-0.33333333333333337,134.0,147.0,178.0,107.14285714285714,106.32142857142857
2015-12-06,d_1773,FOODS_3_090_CA_3_validation,FOODS_3_090,FOODS_3,FOODS,CA_3,CA,0,1.0,6,6,49,1,0,1,0.0,131.0,97.0,161.0,103.71428571428571,107.53571428571429
2015-12-07,d_1774,FOODS_3_090_CA_3_validation,FOODS_3_090,FOODS_3,FOODS,CA_3,CA,1,1.0,7,0,50,0,0,1,0.0,123.0,101.0,126.0,113.0,108.32142857142857
2015-12-08,d_1775,FOODS_3_090_CA_3_validation,FOODS_3_090,FOODS_3,FOODS,CA_3,CA,0,1.0,8,1,50,0,0,1,0.0,86.0,81.0,141.0,116.71428571428571,108.5
2015-12-09,d_1776,FOODS_3_090_CA_3_validation,FOODS_3_090,FOODS_3,FOODS,CA_3,CA,0,1.0,9,2,50,0,0,1,0.0,107.0,98.0,87.0,123.14285714285714,108.82142857142857
2015-12-10,d_1777,FOODS_3_090_CA_3_validation,FOODS_3_090,FOODS_3,FOODS,CA_3,CA,9,1.0,10,3,50,0,0,1,0.0,103.0,74.0,58.0,120.85714285714286,109.85714285714286
2015-12-11,d_1778,FOODS_3_090_CA_3_validation,FOODS_3_090,FOODS_3,FOODS,CA_3,CA,1,1.0,11,4,50,0,0,0,0.0,160.0,37.0,155.0,120.57142857142857,114.25
2015-12-12,d_1779,FOODS_3_090_CA_3_validation,FOODS_3_090,FOODS_3,FOODS,CA_3,CA,3,1.0,12,5,50,1,0,0,0.0,166.0,141.0,234.0,125.14285714285714,115.14285714285714
2015-12-13,d_1780,FOODS_3_090_CA_3_validation,FOODS_3_090,FOODS_3,FOODS,CA_3,CA,2,1.0,13,6,50,1,0,0,0.0,145.0,116.0,151.0,127.14285714285714,116.17857142857143
2015-12-14,d_1781,FOODS_3_090_CA_3_validation,FOODS_3_090,FOODS_3,FOODS,CA_3,CA,1,1.0,14,0,51,0,1,0,0.0,94.0,88.0,100.0,123.0,116.39285714285714
2015-12-15,d_1782,FOODS_3_090_CA_3_validation,FOODS_3_090,FOODS_3,FOODS,CA_3,CA,0,1.0,15,1,51,0,0,0,0.0,59.0,92.0,91.0,119.14285714285714,115.21428571428571
2015-12-16,d_1783,FOODS_3_090_CA_3_validation,FOODS_3_090,FOODS_3,FOODS,CA_3,CA,0,1.0,16,2,51,0,0,0,0.0,100.0,111.0,89.0,118.14285714285714,114.82142857142857
2015-12-17,d_1784,FOODS_3_090_CA_3_validation,FOODS_3_090,FOODS_3,FOODS,CA_3,CA,0,1.0,17,3,51,0,0,0,0.0,67.0,108.0,83.0,113.0,113.35714285714286
2015-12-18,d_1785,FOODS_3_090_CA_3_validation,FOODS_3_090,FOODS_3,FOODS,CA_3,CA,1,1.0,18,4,51,0,0,0,0.0,129.0,137.0,105.0,108.57142857142857,113.07142857142857
2015-12-19,d_1786,FOODS_3_090_CA_3_validation,FOODS_3_090,FOODS_3,FOODS,CA_3,CA,0,1.0,19,5,51,1,0,0,0.0,140.0,151.0,159.0,104.85714285714286,112.67857142857143
2015-12-20,d_1787,FOODS_3_090_CA_3_validation,FOODS_3_090,FOODS_3,FOODS,CA_3,CA,6,1.0,20,6,51,1,0,0,0.0,112.0,131.0,115.0,100.14285714285714,112.0
2015-12-21,d_1788,FOODS_3_090_CA_3_validation,FOODS_3_090,FOODS_3,FOODS,CA_3,CA,4,1.0,21,0,52,0,0,0,0.0,95.0,101.0,96.0,100.28571428571429,111.78571428571429
2015-12-22,d_1789,FOODS_3_090_CA_3_validation,FOODS_3_090,FOODS_3,FOODS,CA_3,CA,5,1.0,22,1,52,0,0,0,0.0,110.0,89.0,70.0,107.57142857142857,112.53571428571429
2015-12-23,d_1790,FOODS_3_090_CA_3_validation,FOODS_3_090,FOODS_3,FOODS,CA_3,CA,2,1.0,23,2,52,0,0,0,0.0,323.0,97.0,102.0,139.42857142857142,120.60714285714286
2015-12-24,d_1791,FOODS_3_090_CA_3_validation,FOODS_3_090,FOODS_3,FOODS,CA_3,CA,0,1.0,24,3,52,0,0,0,0.0,256.0,108.0,75.0,166.42857142857142,125.89285714285714
2015-12-25,d_1792,FOODS_3_090_CA_3_validation,FOODS_3_090,FOODS_3,FOODS,CA_3,CA,0,1.0,25,4,52,0,1,0,0.0,68.0,141.0,134.0,157.71428571428572,123.28571428571429
2015-12-26,d_1793,FOODS_3_090_CA_3_validation,FOODS_3_090,FOODS_3,FOODS,CA_3,CA,6,1.0,26,5,52,1,0,0,0.0,89.0,128.0,123.0,150.42857142857142,121.89285714285714
2015-12-27,d_1794,FOODS_3_090_CA_3_validation,FOODS_3_090,FOODS_3,FOODS,CA_3,CA,0,1.0,27,6,52,1,0,0,0.0,62.0,155.0,86.0,143.28571428571428,118.57142857142857
2015-12-28,d_1795,FOODS_3_090_CA_3_validation,FOODS_3_090,FOODS_3,FOODS,CA_3,CA,6,1.0,28,0,53,0,0,0,0.0,61.0,58.0,141.0,138.42857142857142,118.67857142857143
2015-12-29,d_1796,FOODS_3_090_CA_3_validation,FOODS_3_090,FOODS_3,FOODS,CA_3,CA,0,1.0,29,1,53,0,0,0,0.0,57.0,60.0,56.0,130.85714285714286,118.57142857142857
2015-12-30,d_1797,FOODS_3_090_CA_3_validation,FOODS_3_090,FOODS_3,FOODS,CA_3,CA,0,1.0,30,2,53,0,0,0,0.0,96.0,62.0,88.0,98.42857142857143,119.78571428571429
2015-12-31,d_1798,FOODS_3_090_CA_3_validation,FOODS_3_090,FOODS_3,FOODS,CA_3,CA,0,1.0,31,3,53,0,0,0,0.0,0.0,119.0,106.0,61.857142857142854,115.53571428571429
2016-01-01,d_1799,FOODS_3_090_CA_3_validation,FOODS_3_090,FOODS_3,FOODS,CA_3,CA,0,1.0,1,4,53,0,1,1,0.0,0.0,162.0,166.0,52.142857142857146,109.75
2016-01-02,d_1800,FOODS_3_090_CA_3_validation,FOODS_3_090,FOODS_3,FOODS,CA_3,CA,0,1.6,2,5,53,1,0,1,0.6000000000000001,2.0,134.0,147.0,39.714285714285715,105.03571428571429
2016-01-03,d_1801,FOODS_3_090_CA_3_validation,FOODS_3_090,FOODS_3,FOODS,CA_3,CA,0,1.6,3,6,53,1,0,1,0.0,0.0,131.0,97.0,30.857142857142858,100.35714285714286
2016-01-04,d_1802,FOODS_3_090_CA_3_validation,FOODS_3_090,FOODS_3,FOODS,CA_3,CA,0,1.6,4,0,1,0,0,1,0.0,1.0,123.0,101.0,22.285714285714285,96.0
2016-01-05,d_1803,FOODS_3_090_CA_3_validation,FOODS_3_090,FOODS_3,FOODS,CA_3,CA,0,1.6,5,1,1,0,0,1,0.0,0.0,86.0,81.0,14.142857142857142,92.92857142857143
2016-01-06,d_1804,FOODS_3_090_CA_3_validation,FOODS_3_090,FOODS_3,FOODS,CA_3,CA,0,1.6,6,2,1,0,0,1,0.0,0.0,107.0,98.0,0.42857142857142855,89.10714285714286
2016-01-07,d_1805,FOODS_3_090_CA_3_validation,FOODS_3_090,FOODS_3,FOODS,CA_3,CA,139,1.6,7,3,1,0,1,1,0.0,9.0,103.0,74.0,1.7142857142857142,85.75
2016-01-08,d_1806,FOODS_3_090_CA_3_validation,FOODS_3_090,FOODS_3,FOODS,CA_3,CA,111,1.6,8,4,1,0,0,1,0.0,1.0,160.0,37.0,1.8571428571428572,80.07142857142857
2016-01-09,d_1807,FOODS_3_090_CA_3_validation,FOODS_3_090,FOODS_3,FOODS,CA_3,CA,179,1.6,9,5,1,1,0,1,0.0,3.0,166.0,141.0,2.0,74.25
2016-01-10,d_1808,FOODS_3_090_CA_3_validation,FOODS_3_090,FOODS_3,FOODS,CA_3,CA,118,1.6,10,6,1,1,0,1,0.0,2.0,145.0,116.0,2.2857142857142856,69.14285714285714
2016-01-11,d_1809,FOODS_3_090_CA_3_validation,FOODS_3_090,FOODS_3,FOODS,CA_3,CA,68,1.6,11,0,2,0,0,0,0.0,1.0,94.0,88.0,2.2857142857142856,65.82142857142857
2016-01-12,d_1810,FOODS_3_090_CA_3_validation,FOODS_3_090,FOODS_3,FOODS,CA_3,CA,59,1.6,12,1,2,0,0,0,0.0,0.0,59.0,92.0,2.2857142857142856,63.714285714285715
2016-01-13,d_1811,FOODS_3_090_CA_3_validation,FOODS_3_090,FOODS_3,FOODS,CA_3,CA,94,1.6,13,2,2,0,0,0,0.0,0.0,100.0,111.0,2.2857142857142856,60.142857142857146
2016-01-14,d_1812,FOODS_3_090_CA_3_validation,FOODS_3_090,FOODS_3,FOODS,CA_3,CA,53,1.6,14,3,2,0,0,0,0.0,0.0,67.0,108.0,1.0,57.75
2016-01-15,d_1813,FOODS_3_090_CA_3_validation,FOODS_3_090,FOODS_3,FOODS,CA_3,CA,103,1.6,15,4,2,0,0,0,0.0,1.0,129.0,137.0,1.0,53.17857142857143
2016-01-16,d_1814,FOODS_3_090_CA_3_validation,FOODS_3_090,FOODS_3,FOODS,CA_3,CA,117,1.6,16,5,2,1,0,0,0.0,0.0,140.0,151.0,0.5714285714285714,48.17857142857143
2016-01-17,d_1815,FOODS_3_090_CA_3_validation,FOODS_3_090,FOODS_3,FOODS,CA_3,CA,106,1.6,17,6,2,1,0,0,0.0,6.0,112.0,131.0,1.1428571428571428,44.392857142857146
2016-01-18,d_1816,FOODS_3_090_CA_3_validation,FOODS_3_090,FOODS_3,FOODS,CA_3,CA,53,1.6,18,0,3,0,1,0,0.0,4.0,95.0,101.0,1.5714285714285714,41.142857142857146
2016-01-19,d_1817,FOODS_3_090_CA_3_validation,FOODS_3_090,FOODS_3,FOODS,CA_3,CA,73,1.6,19,1,3,0,0,0,0.0,5.0,110.0,89.0,2.2857142857142856,37.392857142857146
2016-01-20,d_1818,FOODS_3_090_CA_3_validation,FOODS_3_090,FOODS_3,FOODS,CA_3,CA,55,1.6,20,2,3,0,0,0,0.0,2.0,323.0,97.0,2.5714285714285716,25.928571428571427
2016-01-21,d_1819,FOODS_3_090_CA_3_validation,FOODS_3_090,FOODS_3,FOODS,CA_3,CA,68,1.6,21,3,3,0,0,0,0.0,0.0,256.0,108.0,2.5714285714285716,16.785714285714285
2016-01-22,d_1820,FOODS_3_090_CA_3_validation,FOODS_3_090,FOODS_3,FOODS,CA_3,CA,94,1.6,22,4,3,0,0,0,0.0,0.0,68.0,141.0,2.4285714285714284,14.357142857142858
2016-01-23,d_1821,FOODS_3_090_CA_3_validation,FOODS_3_090,FOODS_3,FOODS,CA_3,CA,144,1.6,23,5,3,1,0,0,0.0,6.0,89.0,128.0,3.2857142857142856,11.392857142857142
2016-01-24,d_1822,FOODS_3_090_CA_3_validation,FOODS_3_090,FOODS_3,FOODS,CA_3,CA,146,1.6,24,6,3,1,0,0,0.0,0.0,62.0,155.0,2.4285714285714284,9.178571428571429
2016-01-25,d_1823,FOODS_3_090_CA_3_validation,FOODS_3_090,FOODS_3,FOODS,CA_3,CA,87,1.6,25,0,4,0,0,0,0.0,6.0,61.0,58.0,2.7142857142857144,7.214285714285714
2016-01-26,d_1824,FOODS_3_090_CA_3_validation,FOODS_3_090,FOODS_3,FOODS,CA_3,CA,73,1.6,26,1,4,0,0,0,0.0,0.0,57.0,60.0,2.0,5.178571428571429
2016-01-27,d_1825,FOODS_3_090_CA_3_validation,FOODS_3_090,FOODS_3,FOODS,CA_3,CA,62,1.6,27,2,4,0,0,0,0.0,0.0,96.0,62.0,1.7142857142857142,1.75
2016-01-28,d_1826,FOODS_3_090_CA_3_validation,FOODS_3_090,FOODS_3,FOODS,CA_3,CA,64,1.6,28,3,4,0,0,0,0.0,0.0,0.0,119.0,1.7142857142857142,1.75
2016-01-29,d_1827,FOODS_3_090_CA_3_validation,FOODS_3_090,FOODS_3,FOODS,CA_3,CA,102,1.6,29,4,4,0,0,0,0.0,0.0,0.0,162.0,1.7142857142857142,1.75
2016-01-30,d_1828,FOODS_3_090_CA_3_validation,FOODS_3_090,FOODS_3,FOODS,CA_3,CA,113,1.6,30,5,4,1,0,0,0.0,0.0,2.0,134.0,0.8571428571428571,1.6785714285714286
2016-01-31,d_1829,FOODS_3_090_CA_3_validation,FOODS_3_090,FOODS_3,FOODS,CA_3,CA,98,1.6,31,6,4,1,0,0,0.0,0.0,0.0,131.0,0.8571428571428571,1.6785714285714286
2016-02-01,d_1830,FOODS_3_090_CA_3_validation,FOODS_3_090,FOODS_3,FOODS,CA_3,CA,82,1.6,1,0,5,0,0,1,0.0,0.0,1.0,123.0,0.0,1.6428571428571428
2016-02-02,d_1831,FOODS_3_090_CA_3_validation,FOODS_3_090,FOODS_3,FOODS,CA_3,CA,65,1.6,2,1,5,0,0,1,0.0,0.0,0.0,86.0,0.0,1.6428571428571428
2016-02-03,d_1832,FOODS_3_090_CA_3_validation,FOODS_3_090,FOODS_3,FOODS,CA_3,CA,72,1.6,3,2,5,0,0,1,0.0,0.0,0.0,107.0,0.0,1.6428571428571428
2016-02-04,d_1833,FOODS_3_090_CA_3_validation,FOODS_3_090,FOODS_3,FOODS,CA_3,CA,100,1.6,4,3,5,0,0,1,0.0,139.0,9.0,103.0,19.857142857142858,6.285714285714286
2016-02-05,d_1834,FOODS_3_090_CA_3_validation,FOODS_3_090,FOODS_3,FOODS,CA_3,CA,130,1.6,5,4,5,0,0,1,0.0,111.0,1.0,160.0,35.714285714285715,10.214285714285714
2016-02-06,d_1835,FOODS_3_090_CA_3_validation,FOODS_3_090,FOODS_3,FOODS,CA_3,CA,169,1.6,6,5,5,1,0,1,0.0,179.0,3.0,166.0,61.285714285714285,16.5
2016-02-07,d_1836,FOODS_3_090_CA_3_validation,FOODS_3_090,FOODS_3,FOODS,CA_3,CA,147,1.6,7,6,5,1,1,1,0.0,118.0,2.0,145.0,78.14285714285714,20.642857142857142
2016-02-08,d_1837,FOODS_3_090_CA_3_validation,FOODS_3_090,FOODS_3,FOODS,CA_3,CA,65,1.6,8,0,6,0,0,1,0.0,68.0,1.0,94.0,87.85714285714286,23.035714285714285
2016-02-09,d_1838,FOODS_3_090_CA_3_validation,FOODS_3_090,FOODS_3,FOODS,CA_3,CA,55,1.6,9,1,6,0,0,1,0.0,59.0,0.0,59.0,96.28571428571429,25.142857142857142
2016-02-10,d_1839,FOODS_3_090_CA_3_validation,FOODS_3_090,FOODS_3,FOODS,CA_3,CA,88,1.6,10,2,6,0,1,1,0.0,94.0,0.0,100.0,109.71428571428571,28.5
2016-02-11,d_1840,FOODS_3_090_CA_3_validation,FOODS_3_090,FOODS_3,FOODS,CA_3,CA,106,1.6,11,3,6,0,0,0,0.0,53.0,0.0,67.0,97.42857142857143,30.392857142857142
2016-02-12,d_1841,FOODS_3_090_CA_3_validation,FOODS_3_090,FOODS_3,FOODS,CA_3,CA,118,1.6,12,4,6,0,0,0,0.0,103.0,1.0,129.0,96.28571428571429,34.035714285714285
2016-02-13,d_1842,FOODS_3_090_CA_3_validation,FOODS_3_090,FOODS_3,FOODS,CA_3,CA,177,1.6,13,5,6,1,0,0,0.0,117.0,0.0,140.0,87.42857142857143,38.214285714285715
2016-02-14,d_1843,FOODS_3_090_CA_3_validation,FOODS_3_090,FOODS_3,FOODS,CA_3,CA,107,1.6,14,6,6,1,1,0,0.0,106.0,6.0,112.0,85.71428571428571,41.785714285714285
2016-02-15,d_1844,FOODS_3_090_CA_3_validation,FOODS_3_090,FOODS_3,FOODS,CA_3,CA,87,1.6,15,0,7,0,1,0,0.0,53.0,4.0,95.0,83.57142857142857,43.535714285714285
2016-02-16,d_1845,FOODS_3_090_CA_3_validation,FOODS_3_090,FOODS_3,FOODS,CA_3,CA,90,1.6,16,1,7,0,0,0,0.0,73.0,5.0,110.0,85.57142857142857,45.964285714285715
2016-02-17,d_1846,FOODS_3_090_CA_3_validation,FOODS_3_090,FOODS_3,FOODS,CA_3,CA,76,1.6,17,2,7,0,1,0,0.0,55.0,2.0,323.0,80.0,47.857142857142854
2016-02-18,d_1847,FOODS_3_090_CA_3_validation,FOODS_3_090,FOODS_3,FOODS,CA_3,CA,74,1.6,18,3,7,0,0,0,0.0,68.0,0.0,256.0,82.14285714285714,50.285714285714285
2016-02-19,d_1848,FOODS_3_090_CA_3_validation,FOODS_3_090,FOODS_3,FOODS,CA_3,CA,144,1.6,19,4,7,0,0,0,0.0,94.0,0.0,68.0,80.85714285714286,53.642857142857146
2016-02-20,d_1849,FOODS_3_090_CA_3_validation,FOODS_3_090,FOODS_3,FOODS,CA_3,CA,145,1.6,20,5,7,1,0,0,0.0,144.0,6.0,89.0,84.71428571428571,58.57142857142857
2016-02-21,d_1850,FOODS_3_090_CA_3_validation,FOODS_3_090,FOODS_3,FOODS,CA_3,CA,109,1.6,21,6,7,1,0,0,0.0,146.0,0.0,62.0,90.42857142857143,63.785714285714285
2016-02-22,d_1851,FOODS_3_090_CA_3_validation,FOODS_3_090,FOODS_3,FOODS,CA_3,CA,142,1.6,22,0,8,0,0,0,0.0,87.0,6.0,61.0,95.28571428571429,66.67857142857143
2016-02-23,d_1852,FOODS_3_090_CA_3_validation,FOODS_3_090,FOODS_3,FOODS,CA_3,CA,63,1.6,23,1,8,0,0,0,0.0,73.0,0.0,57.0,95.28571428571429,69.28571428571429
2016-02-24,d_1853,FOODS_3_090_CA_3_validation,FOODS_3_090,FOODS_3,FOODS,CA_3,CA,78,1.6,24,2,8,0,0,0,0.0,62.0,0.0,96.0,96.28571428571429,71.5
2016-02-25,d_1854,FOODS_3_090_CA_3_validation,FOODS_3_090,FOODS_3,FOODS,CA_3,CA,105,1.6,25,3,8,0,0,0,0.0,64.0,0.0,0.0,95.71428571428571,73.78571428571429
2016-02-26,d_1855,FOODS_3_090_CA_3_validation,FOODS_3_090,FOODS_3,FOODS,CA_3,CA,156,1.6,26,4,8,0,0,0,0.0,102.0,0.0,0.0,96.85714285714286,77.42857142857143
2016-02-27,d_1856,FOODS_3_090_CA_3_validation,FOODS_3_090,FOODS_3,FOODS,CA_3,CA,170,1.6,27,5,8,1,0,0,0.0,113.0,0.0,2.0,92.42857142857143,81.46428571428571
2016-02-28,d_1857,FOODS_3_090_CA_3_validation,FOODS_3_090,FOODS_3,FOODS,CA_3,CA,122,1.6,28,6,8,1,0,0,0.0,98.0,0.0,0.0,85.57142857142857,84.96428571428571
2016-02-29,d_1858,FOODS_3_090_CA_3_validation,FOODS_3_090,FOODS_3,FOODS,CA_3,CA,62,1.6,29,0,9,0,0,0,0.0,82.0,0.0,1.0,84.85714285714286,87.89285714285714
2016-03-01,d_1859,FOODS_3_090_CA_3_validation,FOODS_3_090,FOODS_3,FOODS,CA_3,CA,128,1.6,1,1,9,0,0,1,0.0,65.0,0.0,0.0,83.71428571428571,90.21428571428571
2016-03-02,d_1860,FOODS_3_090_CA_3_validation,FOODS_3_090,FOODS_3,FOODS,CA_3,CA,103,1.6,2,2,9,0,0,1,0.0,72.0,0.0,0.0,85.14285714285714,92.78571428571429
2016-03-03,d_1861,FOODS_3_090_CA_3_validation,FOODS_3_090,FOODS_3,FOODS,CA_3,CA,80,1.6,3,3,9,0,0,1,0.0,100.0,139.0,9.0,90.28571428571429,91.39285714285714
2016-03-04,d_1862,FOODS_3_090_CA_3_validation,FOODS_3_090,FOODS_3,FOODS,CA_3,CA,109,1.6,4,4,9,0,0,1,0.0,130.0,111.0,1.0,94.28571428571429,92.07142857142857
2016-03-05,d_1863,FOODS_3_090_CA_3_validation,FOODS_3_090,FOODS_3,FOODS,CA_3,CA,125,1.6,5,5,9,1,0,1,0.0,169.0,179.0,3.0,102.28571428571429,91.71428571428571
2016-03-06,d_1864,FOODS_3_090_CA_3_validation,FOODS_3_090,FOODS_3,FOODS,CA_3,CA,112,1.6,6,6,9,1,0,1,0.0,147.0,118.0,2.0,109.28571428571429,92.75
2016-03-07,d_1865,FOODS_3_090_CA_3_validation,FOODS_3_090,FOODS_3,FOODS,CA_3,CA,73,1.6,7,0,10,0,0,1,0.0,65.0,68.0,1.0,106.85714285714286,92.64285714285714
2016-03-08,d_1866,FOODS_3_090_CA_3_validation,FOODS_3_090,FOODS_3,FOODS,CA_3,CA,104,1.6,8,1,10,0,0,1,0.0,55.0,59.0,0.0,105.42857142857143,92.5
2016-03-09,d_1867,FOODS_3_090_CA_3_validation,FOODS_3_090,FOODS_3,FOODS,CA_3,CA,108,1.6,9,2,10,0,0,1,0.0,88.0,94.0,0.0,107.71428571428571,92.28571428571429
2016-03-10,d_1868,FOODS_3_090_CA_3_validation,FOODS_3_090,FOODS_3,FOODS,CA_3,CA,125,1.6,10,3,10,0,0,1,0.0,106.0,53.0,0.0,108.57142857142857,94.17857142857143
2016-03-11,d_1869,FOODS_3_090_CA_3_validation,FOODS_3_090,FOODS_3,FOODS,CA_3,CA,136,1.6,11,4,10,0,0,0,0.0,118.0,103.0,1.0,106.85714285714286,94.71428571428571
2016-03-12,d_1870,FOODS_3_090_CA_3_validation,FOODS_3_090,FOODS_3,FOODS,CA_3,CA,161,1.6,12,5,10,1,0,0,0.0,177.0,117.0,0.0,108.0,96.85714285714286
2016-03-13,d_1871,FOODS_3_090_CA_3_validation,FOODS_3_090,FOODS_3,FOODS,CA_3,CA,111,1.6,13,6,10,1,0,0,0.0,107.0,106.0,6.0,102.28571428571429,96.89285714285714
2016-03-14,d_1872,FOODS_3_090_CA_3_validation,FOODS_3_090,FOODS_3,FOODS,CA_3,CA,74,1.6,14,0,11,0,0,0,0.0,87.0,53.0,4.0,105.42857142857143,98.10714285714286
2016-03-15,d_1873,FOODS_3_090_CA_3_validation,FOODS_3_090,FOODS_3,FOODS,CA_3,CA,75,1.6,15,1,11,0,0,0,0.0,90.0,73.0,5.0,110.42857142857143,98.71428571428571
2016-03-16,d_1874,FOODS_3_090_CA_3_validation,FOODS_3_090,FOODS_3,FOODS,CA_3,CA,69,1.6,16,2,11,0,0,0,0.0,76.0,55.0,2.0,108.71428571428571,99.46428571428571
2016-03-17,d_1875,FOODS_3_090_CA_3_validation,FOODS_3_090,FOODS_3,FOODS,CA_3,CA,87,1.6,17,3,11,0,1,0,0.0,74.0,68.0,0.0,104.14285714285714,99.67857142857143
2016-03-18,d_1876,FOODS_3_090_CA_3_validation,FOODS_3_090,FOODS_3,FOODS,CA_3,CA,98,1.6,18,4,11,0,0,0,0.0,144.0,94.0,0.0,107.85714285714286,101.46428571428571
2016-03-19,d_1877,FOODS_3_090_CA_3_validation,FOODS_3_090,FOODS_3,FOODS,CA_3,CA,182,1.6,19,5,11,1,0,0,0.0,145.0,144.0,6.0,103.28571428571429,101.5
2016-03-20,d_1878,FOODS_3_090_CA_3_validation,FOODS_3_090,FOODS_3,FOODS,CA_3,CA,109,1.6,20,6,11,1,0,0,0.0,109.0,146.0,0.0,103.57142857142857,100.17857142857143
2016-03-21,d_1879,FOODS_3_090_CA_3_validation,FOODS_3_090,FOODS_3,FOODS,CA_3,CA,63,1.6,21,0,12,0,0,0,0.0,142.0,87.0,6.0,111.42857142857143,102.14285714285714
2016-03-22,d_1880,FOODS_3_090_CA_3_validation,FOODS_3_090,FOODS_3,FOODS,CA_3,CA,80,1.6,22,1,12,0,0,0,0.0,63.0,73.0,0.0,107.57142857142857,101.78571428571429
2016-03-23,d_1881,FOODS_3_090_CA_3_validation,FOODS_3_090,FOODS_3,FOODS,CA_3,CA,90,1.6,23,2,12,0,0,0,0.0,78.0,62.0,0.0,107.85714285714286,102.35714285714286
2016-03-24,d_1882,FOODS_3_090_CA_3_validation,FOODS_3_090,FOODS_3,FOODS,CA_3,CA,71,1.6,24,3,12,0,1,0,0.0,105.0,64.0,0.0,112.28571428571429,103.82142857142857
2016-03-25,d_1883,FOODS_3_090_CA_3_validation,FOODS_3_090,FOODS_3,FOODS,CA_3,CA,153,1.6,25,4,12,0,0,0,0.0,156.0,102.0,0.0,114.0,105.75
2016-03-26,d_1884,FOODS_3_090_CA_3_validation,FOODS_3_090,FOODS_3,FOODS,CA_3,CA,218,1.6,26,5,12,1,0,0,0.0,170.0,113.0,0.0,117.57142857142857,107.78571428571429
2016-03-27,d_1885,FOODS_3_090_CA_3_validation,FOODS_3_090,FOODS_3,FOODS,CA_3,CA,212,1.6,27,6,12,1,1,0,0.0,122.0,98.0,0.0,119.42857142857143,108.64285714285714
2016-03-28,d_1886,FOODS_3_090_CA_3_validation,FOODS_3_090,FOODS_3,FOODS,CA_3,CA,61,1.6,28,0,13,0,0,0,0.0,62.0,82.0,0.0,108.0,107.92857142857143
2016-03-29,d_1887,FOODS_3_090_CA_3_validation,FOODS_3_090,FOODS_3,FOODS,CA_3,CA,62,1.6,29,1,13,0,0,0,0.0,128.0,65.0,0.0,117.28571428571429,110.17857142857143
2016-03-30,d_1888,FOODS_3_090_CA_3_validation,FOODS_3_090,FOODS_3,FOODS,CA_3,CA,71,1.6,30,2,13,0,0,0,0.0,103.0,72.0,0.0,120.85714285714286,111.28571428571429
2016-03-31,d_1889,FOODS_3_090_CA_3_validation,FOODS_3_090,FOODS_3,FOODS,CA_3,CA,130,1.6,31,3,13,0,0,0,0.0,80.0,100.0,139.0,117.28571428571429,110.57142857142857
2016-04-01,d_1890,FOODS_3_090_CA_3_validation,FOODS_3_090,FOODS_3,FOODS,CA_3,CA,156,1.6,1,4,13,0,0,1,0.0,109.0,130.0,111.0,110.57142857142857,109.82142857142857
2016-04-02,d_1891,FOODS_3_090_CA_3_validation,FOODS_3_090,FOODS_3,FOODS,CA_3,CA,133,1.6,2,5,13,1,0,1,0.0,125.0,169.0,179.0,104.14285714285714,108.25
2016-04-03,d_1892,FOODS_3_090_CA_3_validation,FOODS_3_090,FOODS_3,FOODS,CA_3,CA,114,1.6,3,6,13,1,0,1,0.0,112.0,147.0,118.0,102.71428571428571,107.0
2016-04-04,d_1893,FOODS_3_090_CA_3_validation,FOODS_3_090,FOODS_3,FOODS,CA_3,CA,80,1.6,4,0,14,0,0,1,0.0,73.0,65.0,68.0,104.28571428571429,107.28571428571429
2016-04-05,d_1894,FOODS_3_090_CA_3_validation,FOODS_3_090,FOODS_3,FOODS,CA_3,CA,75,1.6,5,1,14,0,0,1,0.0,104.0,55.0,59.0,100.85714285714286,109.03571428571429
2016-04-06,d_1895,FOODS_3_090_CA_3_validation,FOODS_3_090,FOODS_3,FOODS,CA_3,CA,113,1.6,6,2,14,0,0,1,0.0,108.0,88.0,94.0,101.57142857142857,109.75
2016-04-07,d_1896,FOODS_3_090_CA_3_validation,FOODS_3_090,FOODS_3,FOODS,CA_3,CA,81,1.6,7,3,14,0,0,1,0.0,125.0,106.0,53.0,108.0,110.42857142857143
2016-04-08,d_1897,FOODS_3_090_CA_3_validation,FOODS_3_090,FOODS_3,FOODS,CA_3,CA,107,1.6,8,4,14,0,0,1,0.0,136.0,118.0,103.0,111.85714285714286,111.07142857142857
2016-04-09,d_1898,FOODS_3_090_CA_3_validation,FOODS_3_090,FOODS_3,FOODS,CA_3,CA,160,1.6,9,5,14,1,0,1,0.0,161.0,177.0,117.0,117.0,110.5
2016-04-10,d_1899,FOODS_3_090_CA_3_validation,FOODS_3_090,FOODS_3,FOODS,CA_3,CA,124,1.6,10,6,14,1,0,1,0.0,111.0,107.0,106.0,116.85714285714286,110.64285714285714
2016-04-11,d_1900,FOODS_3_090_CA_3_validation,FOODS_3_090,FOODS_3,FOODS,CA_3,CA,107,1.6,11,0,15,0,0,0,0.0,74.0,87.0,53.0,117.0,110.17857142857143
2016-04-12,d_1901,FOODS_3_090_CA_3_validation,FOODS_3_090,FOODS_3,FOODS,CA_3,CA,84,1.6,12,1,15,0,0,0,0.0,75.0,90.0,73.0,112.85714285714286,109.64285714285714
2016-04-13,d_1902,FOODS_3_090_CA_3_validation,FOODS_3_090,FOODS_3,FOODS,CA_3,CA,88,1.6,13,2,15,0,0,0,0.0,69.0,76.0,55.0,107.28571428571429,109.39285714285714
2016-04-14,d_1903,FOODS_3_090_CA_3_validation,FOODS_3_090,FOODS_3,FOODS,CA_3,CA,90,1.6,14,3,15,0,0,0,0.0,87.0,74.0,68.0,101.85714285714286,109.85714285714286
2016-04-15,d_1904,FOODS_3_090_CA_3_validation,FOODS_3_090,FOODS_3,FOODS,CA_3,CA,129,1.6,15,4,15,0,0,0,0.0,98.0,144.0,94.0,96.42857142857143,108.21428571428571
2016-04-16,d_1905,FOODS_3_090_CA_3_validation,FOODS_3_090,FOODS_3,FOODS,CA_3,CA,160,1.6,16,5,15,1,0,0,0.0,182.0,145.0,144.0,99.42857142857143,109.53571428571429
2016-04-17,d_1906,FOODS_3_090_CA_3_validation,FOODS_3_090,FOODS_3,FOODS,CA_3,CA,204,1.6,17,6,15,1,0,0,0.0,109.0,109.0,146.0,99.14285714285714,109.53571428571429
2016-04-18,d_1907,FOODS_3_090_CA_3_validation,FOODS_3_090,FOODS_3,FOODS,CA_3,CA,86,1.6,18,0,16,0,0,0,0.0,63.0,142.0,87.0,97.57142857142857,106.71428571428571
2016-04-19,d_1908,FOODS_3_090_CA_3_validation,FOODS_3_090,FOODS_3,FOODS,CA_3,CA,100,1.6,19,1,16,0,0,0,0.0,80.0,63.0,73.0,98.28571428571429,107.32142857142857
2016-04-20,d_1909,FOODS_3_090_CA_3_validation,FOODS_3_090,FOODS_3,FOODS,CA_3,CA,88,1.6,20,2,16,0,0,0,0.0,90.0,78.0,62.0,101.28571428571429,107.75
2016-04-21,d_1910,FOODS_3_090_CA_3_validation,FOODS_3_090,FOODS_3,FOODS,CA_3,CA,77,1.6,21,3,16,0,0,0,0.0,71.0,105.0,64.0,99.0,106.53571428571429
2016-04-22,d_1911,FOODS_3_090_CA_3_validation,FOODS_3_090,FOODS_3,FOODS,CA_3,CA,141,1.6,22,4,16,0,0,0,0.0,153.0,156.0,102.0,106.85714285714286,106.42857142857143
2016-04-23,d_1912,FOODS_3_090_CA_3_validation,FOODS_3_090,FOODS_3,FOODS,CA_3,CA,139,1.6,23,5,16,1,0,0,0.0,218.0,170.0,113.0,112.0,108.14285714285714
2016-04-24,d_1913,FOODS_3_090_CA_3_validation,FOODS_3_090,FOODS_3,FOODS,CA_3,CA,130,1.6,24,6,16,1,0,0,0.0,212.0,122.0,98.0,126.71428571428571,111.35714285714286
